sym,fecha,per,precio,precio_M,precio_T,precio_corr,dudoso
AACG,2018-08-08,DEV 2015-21,5.699999809265137,5.699999809265137,,5.699999809265137,False
AACG,2019-04-10,DEV 2015-21,2.569999933242798,2.569999933242798,,2.569999933242798,False
AACG,2021-02-04,DEV 2015-21,3.670000076293945,3.670000076293945,,3.670000076293945,False
AAME,2021-02-05,DEV 2015-21,3.75,3.75,,3.75,False
AAME,2021-03-19,DEV 2015-21,5.489999771118164,5.489999771118164,,5.489999771118164,False
AAOI,2016-09-07,DEV 2015-21,21.149999618530277,21.149999618530277,,21.149999618530277,False
AAOI,2022-09-16,VAL 2022-26,3.009999990463257,3.009999990463257,,3.009999990463257,False
ABAT,2020-11-30,DEV 2015-21,0.3869999885559082,5.804999828338623,,,True
ABAT,2023-09-21,VAL 2022-26,11.800000190734863,11.800000190734863,,11.800000190734863,False
ABAT,2024-12-18,VAL 2022-26,1.1699999570846558,1.1699999570846558,1.17,1.17,False
ABAT,2024-12-23,VAL 2022-26,1.5700000524520874,1.5700000524520874,1.57,1.57,False
ABEO,2015-05-05,DEV 2015-21,4.54,4.54,,4.54,False
ABEO,2015-05-06,DEV 2015-21,9.1,9.1,,9.1,False
ABEO,2019-09-03,DEV 2015-21,1.97,1.97,,1.97,False
ABLV,2026-04-17,VAL 2022-26,0.7400000095367432,0.7400000095367432,,0.7400000095367432,False
ABOS,2022-09-28,VAL 2022-26,8.100000381469727,8.100000381469727,,8.100000381469727,False
ABOS,2023-07-17,VAL 2022-26,11.010000228881836,11.010000228881836,,11.010000228881836,False
ABOS,2026-01-26,VAL 2022-26,2.4100000858306885,2.4100000858306885,,2.4100000858306885,False
ABSI,2022-01-07,VAL 2022-26,9.109999656677246,9.109999656677246,,9.109999656677246,False
ABSI,2025-01-08,VAL 2022-26,4.090000152587891,4.090000152587891,4.09,4.09,False
ABSI,2025-05-14,VAL 2022-26,3.609999895095825,3.609999895095825,3.61,3.61,False
ABTC,2019-06-19,DEV 2015-21,20.700000000000006,41400.0,,,True
ABTC,2019-06-20,DEV 2015-21,65.00000000000001,130000.0,,,True
ABTC,2021-03-11,DEV 2015-21,6.260000000000002,12520.0,,,True
ABTC,2021-11-15,DEV 2015-21,3.480000000000001,6960.0,,,True
ABTC,2022-09-14,VAL 2022-26,0.19,380.0,,,True
ABTC,2023-01-12,VAL 2022-26,1.35,135.0,,,True
ABTC,2023-09-11,VAL 2022-26,0.38,38.0,,,True
ABTC,2024-02-09,VAL 2022-26,7.66,38.3,,,True
ABTC,2025-01-10,VAL 2022-26,0.4629999796549479,2.3149998982747397,,,True
ABTC,2025-05-12,VAL 2022-26,2.21,11.05,,,True
ABTC,2025-07-02,VAL 2022-26,1.22,6.1,,,True
ABTC,2025-09-03,VAL 2022-26,9.22000020345052,9.220000203450521,,9.22000020345052,False
ABTS,2020-08-10,DEV 2015-21,2.059999942779541,0.13733332951863605,,,True
ABTS,2020-08-27,DEV 2015-21,3.299999952316284,0.21999999682108562,,,True
ABTS,2026-04-30,VAL 2022-26,1.4700000286102295,1.4700000286102295,,1.4700000286102295,False
ABTS,2026-06-01,VAL 2022-26,1.5800000429153442,1.5800000429153442,1.58,1.58,False
ABUS,2020-05-19,DEV 2015-21,2.690000057220459,2.690000057220459,,2.690000057220459,False
ABUS,2021-12-01,DEV 2015-21,5.150000095367432,5.150000095367432,,5.150000095367432,False
ABVC,2021-09-01,DEV 2015-21,4.05999984741211,4.059999847412109,,4.05999984741211,False
ABVC,2021-11-01,DEV 2015-21,8.25,8.25,,8.25,False
ABVC,2022-06-13,VAL 2022-26,1.1899999618530277,1.1899999618530273,,1.1899999618530277,False
ABVC,2023-01-05,VAL 2022-26,1.2800000190734864,1.2800000190734864,,1.2800000190734864,False
ABVC,2023-07-26,VAL 2022-26,5.190000057220459,5.190000057220459,,5.190000057220459,False
ABVC,2023-08-01,VAL 2022-26,4.300000190734863,4.300000190734863,,4.300000190734863,False
ABVC,2023-10-26,VAL 2022-26,3.309999942779541,3.309999942779541,,3.309999942779541,False
ABVC,2024-01-03,VAL 2022-26,2.1700000762939453,2.1700000762939453,,2.1700000762939453,False
ABVC,2024-03-26,VAL 2022-26,1.4049999713897705,1.4049999713897705,,1.4049999713897705,False
ACB,2025-02-05,VAL 2022-26,4.670000076293945,4.670000076293945,4.6699,4.6699,False
ACCL,2026-01-16,VAL 2022-26,4.329999923706055,4.329999923706055,,4.329999923706055,False
ACCL,2026-02-02,VAL 2022-26,1.590000033378601,1.590000033378601,,1.590000033378601,False
ACCL,2026-06-04,VAL 2022-26,1.840000033378601,1.840000033378601,,1.840000033378601,False
ACCL,2026-06-05,VAL 2022-26,1.6100000143051147,1.6100000143051147,,1.6100000143051147,False
ACET,2018-07-25,DEV 2015-21,19.86000061035156,139.02000427246094,,,True
ACET,2020-04-29,DEV 2015-21,1.5699999673025948,10.989999771118164,,,True
ACET,2020-09-23,DEV 2015-21,12.510000228881836,12.510000228881834,,12.510000228881836,False
ACET,2021-12-06,DEV 2015-21,13.649999618530272,13.649999618530275,,13.649999618530272,False
ACET,2025-05-09,VAL 2022-26,0.5899999737739563,0.5899999737739563,0.5899,0.5899,False
ACH,2020-03-30,DEV 2015-21,7.5,7.5,,7.5,False
ACH,2020-07-21,DEV 2015-21,10.239999771118164,10.239999771118164,,10.239999771118164,False
ACH,2020-09-24,DEV 2015-21,19.190000534057617,19.190000534057617,,19.190000534057617,False
ACH,2023-05-05,VAL 2022-26,18.299999237060547,18.299999237060547,,18.299999237060547,False
ACHR,2021-02-10,DEV 2015-21,15.43000030517578,15.43000030517578,,15.43000030517578,False
ACHV,2016-10-26,DEV 2015-21,0.5400000000000001,5.940000000000001,,,True
ACHV,2017-01-06,DEV 2015-21,0.8000000000000002,8.800000000000002,,,True
ACHV,2018-02-20,DEV 2015-21,2.120000000000001,2.1200000000000006,,2.120000000000001,False
ACHV,2018-06-26,DEV 2015-21,5.520000076293946,5.520000076293946,,5.520000076293946,False
ACHV,2018-07-11,DEV 2015-21,5.300000000000001,5.300000000000001,,5.300000000000001,False
ACHV,2018-09-27,DEV 2015-21,4.170000076293945,4.170000076293945,,4.170000076293945,False
ACHV,2018-10-30,DEV 2015-21,2.8000000000000003,2.8000000000000003,,2.8000000000000003,False
ACHV,2019-02-22,DEV 2015-21,2.779999923706055,2.7799999237060544,,2.779999923706055,False
ACHV,2019-03-15,DEV 2015-21,4.159999847412109,4.159999847412109,,4.159999847412109,False
ACHV,2019-12-09,DEV 2015-21,1.15,1.1500000000000001,,1.15,False
ACHV,2019-12-17,DEV 2015-21,1.0,1.0,,1.0,False
ACHV,2020-07-29,DEV 2015-21,16.0,0.8,,,True
ACHV,2020-07-31,DEV 2015-21,17.209999084472656,17.209999084472656,,17.209999084472656,False
ACHV,2025-10-17,VAL 2022-26,3.9700000286102295,3.9700000286102295,3.97,3.97,False
ACIC,2023-04-20,VAL 2022-26,2.200000047683716,2.200000047683716,,2.200000047683716,False
ACIU,2018-07-19,DEV 2015-21,14.199999809265137,14.199999809265137,,14.199999809265137,False
ACIU,2020-07-16,DEV 2015-21,10.81999969482422,10.81999969482422,,10.81999969482422,False
ACIU,2021-02-11,DEV 2015-21,11.619999885559082,11.619999885559082,,11.619999885559082,False
ACIU,2021-08-31,DEV 2015-21,12.010000228881836,12.010000228881836,,12.010000228881836,False
ACIU,2024-05-13,VAL 2022-26,3.380000114440918,3.380000114440918,,3.380000114440918,False
ACMR,2022-12-13,VAL 2022-26,11.079999923706056,11.079999923706056,,11.079999923706056,False
ACMR,2023-01-03,VAL 2022-26,9.789999961853027,9.789999961853027,,9.789999961853027,False
ACON,2023-04-24,VAL 2022-26,1.2799999568131564,1.2799999568131564,,1.2799999568131564,False
ACON,2023-05-30,VAL 2022-26,1.489999978406578,1.489999978406578,,1.489999978406578,False
ACON,2023-06-08,VAL 2022-26,1.4299999568131565,1.4299999568131563,,1.4299999568131565,False
ACON,2023-12-20,VAL 2022-26,0.4499999999999999,0.44999999999999996,,0.4499999999999999,False
ACON,2024-01-04,VAL 2022-26,4.469999827252625,4.469999827252625,,4.469999827252625,False
ACON,2024-01-08,VAL 2022-26,6.569999827252625,6.569999827252625,,6.569999827252625,False
ACON,2024-01-26,VAL 2022-26,3.15,3.15,,3.15,False
ACON,2025-01-24,VAL 2022-26,23.45000090422453,0.07000000269917772,0.0702,0.0702,False
ACON,2025-03-03,VAL 2022-26,194.6699981689453,7.209999932183159,7.21,7.21,False
ACON,2025-10-13,VAL 2022-26,10.8149995803833,10.8149995803833,10.815,10.815,False
ACON,2026-01-08,VAL 2022-26,8.164999961853027,8.164999961853027,,8.164999961853027,False
ACR,2020-04-06,DEV 2015-21,1.3500000635782876,1.3500000635782876,,1.3500000635782876,False
ACR,2020-04-09,DEV 2015-21,4.0200001398722325,4.0200001398722325,,4.0200001398722325,False
ACRS,2019-09-17,DEV 2015-21,1.899999976158142,1.899999976158142,,1.899999976158142,False
ACRS,2020-01-10,DEV 2015-21,2.2699999809265137,2.2699999809265137,,2.2699999809265137,False
ACRS,2020-06-17,DEV 2015-21,2.150000095367432,2.150000095367432,,2.150000095367432,False
ACRS,2021-01-19,DEV 2015-21,14.050000190734863,14.050000190734863,,14.050000190734863,False
ACRV,2024-04-09,VAL 2022-26,9.970000267028809,9.970000267028809,,9.970000267028809,False
ACXP,2025-06-17,VAL 2022-26,0.9149999618530272,0.9149999618530273,0.9148,0.9148,False
ACXP,2025-10-08,VAL 2022-26,7.170000076293945,7.170000076293945,7.17,7.17,False
AD,2023-08-04,VAL 2022-26,25.649999618530277,25.649999618530277,,25.649999618530277,False
ADBT,2026-09-15,VAL 2022-26,0.1299999952316284,0.1299999952316284,,0.1299999952316284,False
ADBT,2026-09-17,VAL 2022-26,0.1500000059604644,0.1500000059604644,,0.1500000059604644,False
ADEA,2018-12-10,DEV 2015-21,7.750988006591797,7.750988006591797,,7.750988006591797,False
ADEA,2020-11-10,DEV 2015-21,7.46565580368042,7.46565580368042,,7.46565580368042,False
ADEA,2025-12-22,VAL 2022-26,16.200000762939453,16.200000762939453,16.2,16.2,False
ADGM,2026-08-04,VAL 2022-26,0.6010000109672546,0.6010000109672546,,0.6010000109672546,False
ADIL,2018-11-30,DEV 2015-21,3.54,3.54,,3.54,False
ADIL,2018-12-13,DEV 2015-21,2.8800000000000003,2.8800000000000003,,2.8800000000000003,False
ADIL,2021-06-22,DEV 2015-21,3.52,3.52,,3.52,False
ADIL,2023-03-07,VAL 2022-26,0.5900000000000001,0.5900000000000001,,0.5900000000000001,False
ADIL,2024-03-01,VAL 2022-26,3.13,3.13,,3.13,False
ADIL,2024-04-10,VAL 2022-26,2.5500000000000003,2.5500000000000003,,2.5500000000000003,False
ADIL,2024-07-23,VAL 2022-26,1.61,1.61,,1.61,False
ADIL,2025-02-25,VAL 2022-26,0.95,0.9500000000000001,0.9485,0.9485,False
ADIL,2025-06-26,VAL 2022-26,0.34,0.34,0.3388,0.3388,False
ADMA,2019-04-02,DEV 2015-21,6.260000228881836,6.260000228881836,,6.260000228881836,False
ADMA,2021-04-28,DEV 2015-21,2.359999895095825,2.359999895095825,,2.359999895095825,False
ADT,2020-08-03,DEV 2015-21,13.890000343322754,13.890000343322754,,13.890000343322754,False
ADVB,2026-03-04,VAL 2022-26,5.369999885559082,5.369999885559082,,5.369999885559082,False
ADVB,2026-04-07,VAL 2022-26,7.135000228881836,7.135000228881836,7.135,7.135,False
ADVB,2026-07-20,VAL 2022-26,6.710000038146973,6.710000038146973,,6.710000038146973,False
ADXN,2021-01-21,DEV 2015-21,16.613999938964845,16.613999938964845,,16.613999938964845,False
ADXN,2022-07-21,VAL 2022-26,1.5800000190734864,1.5800000190734864,,1.5800000190734864,False
ADXN,2023-05-10,VAL 2022-26,0.9899999618530274,0.9899999618530274,,0.9899999618530274,False
ADXN,2024-08-27,VAL 2022-26,12.0,12.0,,12.0,False
ADXN,2025-09-12,VAL 2022-26,11.020000457763672,11.020000457763672,11.02,11.02,False
ADXN,2026-08-21,VAL 2022-26,5.869999885559082,5.869999885559082,,5.869999885559082,False
AEHL,2018-10-18,DEV 2015-21,2.36,7.080000000000001,,,True
AEHL,2019-12-13,DEV 2015-21,1.34,4.0200000000000005,,,True
AEHL,2020-05-20,DEV 2015-21,1.1,3.3000000000000007,,,True
AEHL,2020-08-18,DEV 2015-21,1.32,3.960000000000001,,,True
AEHL,2021-06-08,DEV 2015-21,3.460000000000001,3.460000000000001,,3.460000000000001,False
AEHL,2021-06-09,DEV 2015-21,6.260000000000002,6.260000000000002,,6.260000000000002,False
AEHL,2021-07-12,DEV 2015-21,4.210000000000001,4.210000000000001,,4.210000000000001,False
AEHL,2024-04-08,VAL 2022-26,1.8800000508626304,1.8800000508626302,,1.8800000508626304,False
AEHL,2025-07-29,VAL 2022-26,5.409999847412109,5.409999847412109,5.41,5.41,False
AEHL,2025-09-10,VAL 2022-26,8.239999771118164,8.239999771118164,8.24,8.24,False
AEHL,2025-12-30,VAL 2022-26,1.7100000381469729,1.7100000381469727,1.71,1.71,False
AEHL,2026-02-26,VAL 2022-26,0.7400000095367432,0.7400000095367432,,0.7400000095367432,False
AEHL,2026-05-08,VAL 2022-26,0.9900000095367432,0.9900000095367432,0.9897,0.9897,False
AEHL,2026-07-23,VAL 2022-26,0.7300000190734863,0.7300000190734862,,0.7300000190734863,False
AEHL,2026-08-31,VAL 2022-26,6.760000228881836,6.760000228881836,6.76,6.76,False
AEHL,2026-09-03,VAL 2022-26,8.050000190734863,8.050000190734863,,8.050000190734863,False
AEHR,2021-07-19,DEV 2015-21,4.929999828338623,4.929999828338623,,4.929999828338623,False
AEHR,2024-12-16,VAL 2022-26,14.050000190734863,14.050000190734863,14.05,14.05,False
AEI,2021-02-16,DEV 2015-21,21.380000305175784,21.380000305175784,,21.380000305175784,False
AEI,2021-03-05,DEV 2015-21,14.75,14.75,,14.75,False
AEI,2021-06-21,DEV 2015-21,7.390000152587891,7.390000152587891,,7.390000152587891,False
AEI,2025-01-02,VAL 2022-26,2.059999942779541,2.059999942779541,2.0601,2.0601,False
AEMD,2017-09-12,DEV 2015-21,3.100000000000001,3.100000000000001,,3.100000000000001,False
AEMD,2018-11-27,DEV 2015-21,1.6300000000000003,1.6300000000000003,,1.6300000000000003,False
AEMD,2019-07-02,DEV 2015-21,0.6000000000000002,0.6000000000000002,,0.6000000000000002,False
AEMD,2020-02-27,DEV 2015-21,2.9700000000000006,2.9700000000000006,,2.9700000000000006,False
AEMD,2020-06-18,DEV 2015-21,3.370000000000001,3.370000000000001,,3.370000000000001,False
AEMD,2020-12-16,DEV 2015-21,2.9100000000000006,2.9100000000000006,,2.9100000000000006,False
AEMD,2021-06-09,DEV 2015-21,10.600000000000003,10.600000000000003,,10.600000000000003,False
AEMD,2021-09-22,DEV 2015-21,4.880000000000001,4.880000000000001,,4.880000000000001,False
AEMD,2022-08-01,VAL 2022-26,1.5400000000000005,1.5400000000000003,,1.5400000000000005,False
AEMD,2023-01-30,VAL 2022-26,0.6000000000000001,0.6000000000000001,,0.6000000000000001,False
AEMD,2023-07-06,VAL 2022-26,0.4200000000000001,0.4200000000000001,,0.4200000000000001,False
AEMD,2024-05-10,VAL 2022-26,1.5600000000000005,1.5600000000000003,,1.5600000000000005,False
AEMD,2024-06-06,VAL 2022-26,0.6900000000000002,0.6900000000000002,,0.6900000000000002,False
AEMD,2024-12-20,VAL 2022-26,0.5800000000000001,0.5800000000000001,0.5835,0.5835,False
AEMD,2025-08-21,VAL 2022-26,1.6400000000000003,1.6400000000000003,1.64,1.64,False
AEMD,2026-08-28,VAL 2022-26,2.9200000762939453,2.9200000762939453,,2.9200000762939453,False
AEMD,2026-09-17,VAL 2022-26,8.479999542236328,8.479999542236328,8.48,8.48,False
AENT,2024-09-20,VAL 2022-26,2.4600000381469727,2.4600000381469727,,2.4600000381469727,False
AENT,2026-09-11,VAL 2022-26,7.269999980926514,7.269999980926514,,7.269999980926514,False
AEON,2023-07-21,VAL 2022-26,11.77000003390842,11.770000033908419,,11.77000003390842,False
AEON,2023-08-30,VAL 2022-26,4.9499999152289496,4.9499999152289496,,4.9499999152289496,False
AEON,2024-07-15,VAL 2022-26,1.829999923706055,1.8299999237060547,,1.829999923706055,False
AEON,2026-09-10,VAL 2022-26,0.2960000038146972,0.2960000038146972,,0.2960000038146972,False
AERT,2023-11-08,VAL 2022-26,3.5999999046325684,3.5999999046325684,,3.5999999046325684,False
AERT,2024-01-12,VAL 2022-26,3.069999933242798,3.069999933242798,,3.069999933242798,False
AERT,2024-12-30,VAL 2022-26,1.0800000429153442,1.0800000429153442,1.08,1.08,False
AERT,2025-08-14,VAL 2022-26,1.0499999523162842,1.0499999523162842,1.05,1.05,False
AERT,2025-09-18,VAL 2022-26,0.8610000014305115,0.8610000014305115,0.8613,0.8613,False
AEYE,2024-03-07,VAL 2022-26,8.399999618530273,8.399999618530273,,8.399999618530273,False
AFJK,2025-12-09,VAL 2022-26,9.68000030517578,9.68000030517578,9.68,9.68,False
AGEN,2018-12-20,DEV 2015-21,2.7999999078750606,2.747791862487793,,2.7999999078750606,False
AGEN,2021-05-18,DEV 2015-21,4.220000065231323,4.141315078735352,,4.220000065231323,False
AGEN,2026-07-13,VAL 2022-26,5.420000076293945,5.420000076293945,5.42,5.42,False
AGIG,2016-05-27,DEV 2015-21,0.29,36.25,,,True
AGIG,2017-08-01,DEV 2015-21,0.6900000000000001,86.25,,,True
AGIG,2018-06-28,DEV 2015-21,0.4,50.0,,,True
AGIG,2020-01-03,DEV 2015-21,0.22,27.5,,,True
AGIG,2020-04-24,DEV 2015-21,0.18,22.5,,,True
AGIG,2020-09-29,DEV 2015-21,3.0500000000000003,30.5,,,True
AGIG,2022-03-07,VAL 2022-26,3.279999923706055,32.79999923706055,,,True
AGIG,2022-05-31,VAL 2022-26,5.0,50.0,,,True
AGIG,2025-06-12,VAL 2022-26,6.730000019073486,6.730000019073486,,6.730000019073486,False
AGIG,2025-06-13,VAL 2022-26,12.859999656677246,12.859999656677246,,12.859999656677246,False
AGIG,2026-03-02,VAL 2022-26,5.300000190734863,5.300000190734863,,5.300000190734863,False
AGL,2026-05-07,VAL 2022-26,43.59000015258789,43.59000015258789,43.59,43.59,False
AGMH,2025-03-06,VAL 2022-26,0.1939999961853027,0.19399999618530273,0.1935,0.1935,False
AGMH,2025-04-23,VAL 2022-26,0.0669999980926513,0.06699999809265136,0.0667,0.0667,False
AGMH,2025-04-25,VAL 2022-26,0.06,0.06,0.0602,0.0602,False
AGMH,2025-04-28,VAL 2022-26,0.0619999980926513,0.061999998092651366,0.0617,0.0617,False
AGMH,2025-09-19,VAL 2022-26,6.989999771118164,6.989999771118164,6.99,6.99,False
AGPU,2016-06-10,DEV 2015-21,0.18,900.0,,,True
AGPU,2016-08-30,DEV 2015-21,0.101,505.0,,,True
AGPU,2016-08-31,DEV 2015-21,0.204,1020.0,,,True
AGPU,2016-11-22,DEV 2015-21,3.0500000000000003,610.0,,,True
AGPU,2017-03-01,DEV 2015-21,2.7900000000000005,558.0,,,True
AGPU,2017-06-15,DEV 2015-21,2.1,420.0,,,True
AGPU,2017-06-30,DEV 2015-21,1.7500000000000002,350.0,,,True
AGPU,2017-11-01,DEV 2015-21,2.26,452.0,,,True
AGPU,2018-01-04,DEV 2015-21,1.1800000000000002,236.0,,,True
AGPU,2018-07-13,DEV 2015-21,1.5300000000000002,306.0,,,True
AGPU,2020-03-12,DEV 2015-21,3.2,64.0,,,True
AGPU,2020-05-06,DEV 2015-21,1.9,38.0,,,True
AGPU,2020-09-23,DEV 2015-21,1.06,21.2,,,True
AGPU,2023-04-13,VAL 2022-26,6.76000010172526,6.76000010172526,,6.76000010172526,False
AGPU,2024-05-28,VAL 2022-26,2.38000005086263,2.38000005086263,,2.38000005086263,False
AGPU,2024-07-25,VAL 2022-26,2.6,2.6,,2.6,False
AGPU,2025-01-06,VAL 2022-26,1.709999974568685,1.7099999745686851,,1.709999974568685,False
AGPU,2025-01-22,VAL 2022-26,1.5800000508626302,1.5800000508626302,,1.5800000508626302,False
AGPU,2025-03-25,VAL 2022-26,2.1,2.1,,2.1,False
AGPU,2025-09-29,VAL 2022-26,32.099998474121094,2.1399998982747395,,,True
AGRZ,2026-09-09,VAL 2022-26,0.4280000030994415,0.021400000154972076,0.4275,0.4275,False
AGX,2024-09-06,VAL 2022-26,89.08999633789062,89.08999633789062,,89.08999633789062,False
AGYS,2026-05-19,VAL 2022-26,91.16000366210938,91.16000366210938,,91.16000366210938,False
AHG,2018-12-10,DEV 2015-21,2.300000031789144,2.3000000317891436,,2.300000031789144,False
AHG,2020-05-28,DEV 2015-21,1.3000000317891438,1.300000031789144,,1.3000000317891438,False
AHG,2020-08-13,DEV 2015-21,2.306999921798706,0.768999973932902,,,True
AHG,2023-08-29,VAL 2022-26,0.6399999856948853,0.6399999856948853,,0.6399999856948853,False
AHMA,2025-12-01,VAL 2022-26,10.550000190734863,10.550000190734863,10.55,10.55,False
AHMA,2026-01-13,VAL 2022-26,11.369999885559082,11.369999885559082,11.37,11.37,False
AHMA,2026-03-23,VAL 2022-26,6.239999771118164,6.239999771118164,,6.239999771118164,False
AHMA,2026-05-06,VAL 2022-26,1.7599999904632568,1.7599999904632568,1.76,1.76,False
AHMA,2026-06-09,VAL 2022-26,2.799999952316284,2.799999952316284,2.8002,2.8002,False
AHMA,2026-06-15,VAL 2022-26,1.850000023841858,1.850000023841858,,1.850000023841858,False
AHMA,2026-06-16,VAL 2022-26,3.005000114440918,3.005000114440918,3.005,3.005,False
AHT,2020-11-09,DEV 2015-21,1.8000000000000005,1.8000000000000003,,1.8000000000000005,False
AHT,2025-12-10,VAL 2022-26,3.829999923706055,3.829999923706055,3.83,3.83,False
AIB,2026-04-06,VAL 2022-26,1.649999976158142,1.649999976158142,,1.649999976158142,False
AIFA,2020-06-01,DEV 2015-21,3.520000139872233,3.520000139872233,,3.520000139872233,False
AIFA,2020-06-18,DEV 2015-21,3.259999910990397,3.259999910990397,,3.259999910990397,False
AIFA,2020-08-19,DEV 2015-21,1.7300000190734863,1.7300000190734863,,1.7300000190734863,False
AIFA,2021-01-19,DEV 2015-21,1.909000078837077,1.9090000788370765,,1.909000078837077,False
AIFA,2021-03-04,DEV 2015-21,3.059000015258789,3.059000015258788,,3.059000015258789,False
AIFA,2025-09-12,VAL 2022-26,1.670000076293945,1.6700000762939453,,1.670000076293945,False
AIFA,2026-02-19,VAL 2022-26,0.3880000114440918,0.3880000114440918,,0.3880000114440918,False
AIFA,2026-04-15,VAL 2022-26,0.5180000066757202,0.5180000066757202,,0.5180000066757202,False
AIFA,2026-05-22,VAL 2022-26,0.7909999688466389,0.7909999688466389,,0.7909999688466389,False
AIFA,2026-08-10,VAL 2022-26,2.430000066757202,2.430000066757202,,2.430000066757202,False
AIFC,2017-08-21,DEV 2015-21,0.8899999618530274,4.449999809265137,,,True
AIFC,2018-11-23,DEV 2015-21,0.8800000190734864,4.400000095367432,,,True
AIFC,2019-04-25,DEV 2015-21,8.010000228881836,8.010000228881836,,8.010000228881836,False
AIFC,2019-08-29,DEV 2015-21,5.0,5.0,,5.0,False
AIFC,2019-11-25,DEV 2015-21,6.800000190734863,6.800000190734863,,6.800000190734863,False
AIFC,2020-02-06,DEV 2015-21,6.380000114440918,6.380000114440918,,6.380000114440918,False
AIFC,2020-06-18,DEV 2015-21,5.139999866485596,5.139999866485596,,5.139999866485596,False
AIFC,2020-07-21,DEV 2015-21,5.650000095367432,5.650000095367432,,5.650000095367432,False
AIFC,2020-12-30,DEV 2015-21,6.590000152587891,6.590000152587891,,6.590000152587891,False
AIFC,2021-01-28,DEV 2015-21,22.299999237060547,22.299999237060547,,22.299999237060547,False
AIFC,2021-02-25,DEV 2015-21,11.770000457763672,11.770000457763672,,11.770000457763672,False
AIFC,2022-05-31,VAL 2022-26,4.619999885559082,4.619999885559082,,4.619999885559082,False
AIFC,2022-06-07,VAL 2022-26,3.549999952316284,3.549999952316284,,3.549999952316284,False
AIFC,2023-11-09,VAL 2022-26,0.4000000059604645,0.4000000059604645,,0.4000000059604645,False
AIFF,2023-08-02,VAL 2022-26,0.7,21.0,,,True
AIFF,2023-11-16,VAL 2022-26,2.7100000381469727,8.130000114440918,,,True
AIFF,2024-03-18,VAL 2022-26,4.0,12.0,,,True
AIFF,2024-10-16,VAL 2022-26,5.769999980926514,5.769999980926514,5.77,5.77,False
AIFF,2025-01-14,VAL 2022-26,4.489999771118164,4.489999771118164,4.49,4.49,False
AIFF,2025-05-05,VAL 2022-26,4.21999979019165,4.21999979019165,4.225,4.225,False
AIFF,2025-06-20,VAL 2022-26,3.680000066757202,3.680000066757202,3.68,3.68,False
AIFF,2026-03-04,VAL 2022-26,1.2200000286102295,1.2200000286102295,1.215,1.215,False
AIFF,2026-09-25,VAL 2022-26,1.7100000381469729,1.7100000381469729,,1.7100000381469729,False
AIFU,2025-05-06,VAL 2022-26,4.800000000000001,0.24000000000000005,0.2351,0.2351,False
AII,2026-08-12,VAL 2022-26,24.559999465942383,24.559999465942383,,24.559999465942383,False
AIIO,2026-01-23,VAL 2022-26,0.3269999980926514,0.3269999980926514,,0.3269999980926514,False
AIIO,2026-05-08,VAL 2022-26,0.9769999980926514,0.9769999980926514,0.9771,0.9771,False
AIM,2017-07-10,DEV 2015-21,0.6400000118186256,62.137731506347656,,,True
AIM,2019-04-30,DEV 2015-21,0.2699999897904829,26.214354003906248,,,True
AIM,2019-09-19,DEV 2015-21,3.3599999905395506,326.2230834655761,,,True
AIM,2019-09-24,DEV 2015-21,2.299999969177246,223.3074654846191,,,True
AIM,2020-02-11,DEV 2015-21,1.149999984588623,111.65373274230954,,,True
AIM,2020-02-12,DEV 2015-21,1.3199999850463866,128.15906741333006,,,True
AIM,2020-02-27,DEV 2015-21,1.8299999864196776,177.67507142639158,,,True
AIM,2020-02-28,DEV 2015-21,2.3399999877929685,227.1910754394531,,,True
AIM,2020-03-09,DEV 2015-21,3.4999998983764646,339.8157030334472,,,True
AIM,2020-05-14,DEV 2015-21,3.2299998513793944,313.60134347534176,,,True
AIM,2020-12-21,DEV 2015-21,2.400000015716553,233.01649037170404,,,True
AIM,2025-07-28,VAL 2022-26,18.979999944686888,18.42772060585022,18.98,18.98,False
AIM,2026-02-05,VAL 2022-26,1.668282985687256,1.668282985687256,1.72,1.72,False
AIM,2026-03-18,VAL 2022-26,1.4500000476837158,1.4500000476837158,1.45,1.45,False
AIM,2026-08-31,VAL 2022-26,0.3700000047683716,0.3700000047683716,,0.3700000047683716,False
AIMD,2022-09-30,VAL 2022-26,2.0200000000000005,2.0200000000000005,,2.0200000000000005,False
AIMD,2023-03-14,VAL 2022-26,1.2100000000000002,1.2100000000000002,,1.2100000000000002,False
AIMD,2023-07-14,VAL 2022-26,1.1100000000000003,1.1100000000000003,,1.1100000000000003,False
AIMD,2024-01-05,VAL 2022-26,4.045000076293945,4.045000076293945,,4.045000076293945,False
AIMD,2024-03-04,VAL 2022-26,1.5399999618530271,1.5399999618530273,,1.5399999618530271,False
AIMD,2024-03-08,VAL 2022-26,2.8000000000000003,2.8000000000000003,,2.8000000000000003,False
AIMD,2024-06-14,VAL 2022-26,1.1,1.1,,1.1,False
AIMD,2024-08-12,VAL 2022-26,0.6420000076293946,0.6420000076293946,,0.6420000076293946,False
AIMD,2025-01-10,VAL 2022-26,0.7519999980926514,0.7519999980926514,0.752,0.752,False
AIMD,2025-08-06,VAL 2022-26,3.065000057220459,3.065000057220459,3.065,3.065,False
AIOS,2024-07-12,VAL 2022-26,8.9,8.9,,8.9,False
AIOS,2026-02-20,VAL 2022-26,0.6300000190734864,0.6300000190734865,,0.6300000190734864,False
AIOS,2026-05-01,VAL 2022-26,12.140000343322754,12.140000343322754,,12.140000343322754,False
AIOT,2023-10-10,VAL 2022-26,2.400000095367432,2.400000095367432,,2.400000095367432,False
AIP,2025-08-05,VAL 2022-26,14.279999732971191,14.279999732971191,14.28,14.28,False
AIRE,2023-11-06,VAL 2022-26,11.64,11.64,,11.64,False
AIRE,2023-11-14,VAL 2022-26,11.2,11.200000000000001,,11.2,False
AIRE,2024-04-25,VAL 2022-26,1.67,1.67,,1.67,False
AIRE,2024-05-07,VAL 2022-26,1.255,1.2550000000000001,,1.255,False
AIRE,2024-12-26,VAL 2022-26,1.92,1.92,1.92,1.92,False
AIRE,2025-07-21,VAL 2022-26,0.2689999961853027,0.26899999618530274,0.2685,0.2685,False
AIRE,2025-09-11,VAL 2022-26,0.87,0.87,0.8699,0.8699,False
AIRE,2025-10-22,VAL 2022-26,1.11,1.11,1.11,1.11,False
AIRE,2025-12-23,VAL 2022-26,0.5840000152587891,0.5840000152587892,0.5838,0.5838,False
AIRI,2020-10-30,DEV 2015-21,1.3699999809265138,1.3699999809265138,,1.3699999809265138,False
AIRI,2024-08-22,VAL 2022-26,6.170000076293945,6.170000076293945,,6.170000076293945,False
AIRS,2022-08-12,VAL 2022-26,10.890000343322754,10.890000343322754,,10.890000343322754,False
AIRS,2023-05-12,VAL 2022-26,6.070000171661377,6.070000171661377,,6.070000171661377,False
AIRS,2025-05-02,VAL 2022-26,2.859999895095825,2.859999895095825,2.86,2.86,False
AIRS,2026-03-16,VAL 2022-26,2.865000009536743,2.865000009536743,2.865,2.865,False
AISP,2024-03-05,VAL 2022-26,3.299999952316284,3.299999952316284,,3.299999952316284,False
AISP,2024-08-15,VAL 2022-26,3.164999961853028,3.164999961853028,,3.164999961853028,False
AIXC,2020-01-03,DEV 2015-21,0.255,3187.5,,,True
AIXC,2020-01-21,DEV 2015-21,0.3,3750.0,,,True
AIXC,2020-02-28,DEV 2015-21,0.7100000000000001,8875.0,,,True
AIXC,2020-07-01,DEV 2015-21,6.45,3225.0,,,True
AIXC,2021-11-23,DEV 2015-21,1.92,960.0,,,True
AIXC,2023-01-10,VAL 2022-26,1.53,76.5,,,True
AIXC,2023-03-21,VAL 2022-26,1.2,60.0,,,True
AIXC,2024-07-05,VAL 2022-26,0.3709999847412109,18.549999237060547,,,True
AIXC,2024-07-12,VAL 2022-26,0.2989999961853027,14.949999809265137,,,True
AIXC,2025-07-16,VAL 2022-26,5.429999828338623,5.429999828338623,,5.429999828338623,False
AIXC,2025-09-22,VAL 2022-26,8.300000190734863,8.300000190734863,,8.300000190734863,False
AIXC,2025-10-24,VAL 2022-26,5.789999961853027,5.789999961853027,,5.789999961853027,False
AIXC,2026-08-18,VAL 2022-26,0.859000027179718,0.859000027179718,,0.859000027179718,False
AIXI,2025-01-27,VAL 2022-26,0.8685714176722935,0.8685714176722935,6.08,6.08,False
AIXI,2026-04-06,VAL 2022-26,0.0385714292526245,0.03857142925262451,0.2701,0.2701,False
AIXI,2026-08-25,VAL 2022-26,0.2085714340209961,0.20857143402099612,1.46,1.46,False
AKA,2023-04-19,VAL 2022-26,0.5400000015894572,0.5400000015894572,,0.5400000015894572,False
AKA,2025-05-14,VAL 2022-26,10.65999984741211,10.65999984741211,10.66,10.66,False
AKA,2025-10-14,VAL 2022-26,14.5,14.5,14.5,14.5,False
AKAN,2022-07-12,VAL 2022-26,1.0300000106250005,1.0310310416666668,,1.0300000106250005,False
AKAN,2023-01-20,VAL 2022-26,0.20599999171875,0.2062061979166667,,0.20599999171875,False
AKAN,2023-01-27,VAL 2022-26,0.3429999900000001,0.3433433333333334,,0.3429999900000001,False
AKAN,2023-05-03,VAL 2022-26,2.3599999640625,2.362362326388889,,2.3599999640625,False
AKAN,2024-03-28,VAL 2022-26,0.25000001015625,0.2502502604166667,,0.25000001015625,False
AKAN,2024-05-01,VAL 2022-26,5.59999986328125,0.14014013671875,,,True
AKAN,2024-05-17,VAL 2022-26,12.680000015625,0.3173173177083333,,,True
AKAN,2024-05-24,VAL 2022-26,5.170000171875,5.175175347222222,,5.170000171875,False
AKAN,2024-08-02,VAL 2022-26,1.7700000380859375,1.7717718098958335,,1.7700000380859375,False
AKAN,2024-10-18,VAL 2022-26,1.359999966796875,1.3613613281249994,1.36,1.36,False
AKAN,2025-10-17,VAL 2022-26,2.749999932861328,2.752752685546875,2.75,2.75,False
AKAN,2025-12-05,VAL 2022-26,1.2100000144958496,1.2112112257215712,1.21,1.21,False
AKAN,2025-12-12,VAL 2022-26,1.1300000198364255,1.1311311509874133,1.13,1.13,False
AKAN,2026-06-12,VAL 2022-26,20.8700008392334,20.8700008392334,,20.8700008392334,False
AKAN,2026-07-24,VAL 2022-26,10.0,10.0,,10.0,False
AKAN,2026-08-14,VAL 2022-26,7.809999942779541,7.809999942779541,7.81,7.81,False
AKBA,2015-09-09,DEV 2015-21,12.970000267028809,12.970000267028809,,12.970000267028809,False
AKBA,2016-12-20,DEV 2015-21,10.600000381469728,10.600000381469728,,10.600000381469728,False
AKBA,2017-04-26,DEV 2015-21,11.9399995803833,11.9399995803833,,11.9399995803833,False
AKBA,2019-03-12,DEV 2015-21,9.0,9.0,,9.0,False
AKBA,2022-06-29,VAL 2022-26,0.4600000083446502,0.4600000083446502,,0.4600000083446502,False
AKBA,2022-07-01,VAL 2022-26,0.4939999878406524,0.4939999878406524,,0.4939999878406524,False
AKTX,2015-08-18,DEV 2015-21,1.1400000000000003,1.1400000000000003,,1.1400000000000003,False
AKTX,2017-03-31,DEV 2015-21,9.2,9.200000000000001,,9.2,False
AKTX,2019-04-23,DEV 2015-21,4.5600000000000005,4.5600000000000005,,4.5600000000000005,False
AKTX,2019-08-14,DEV 2015-21,2.5300000000000007,2.5300000000000007,,2.5300000000000007,False
AKTX,2019-12-02,DEV 2015-21,2.640000000000001,2.6400000000000006,,2.640000000000001,False
AKTX,2020-01-10,DEV 2015-21,2.2000000000000006,2.2000000000000006,,2.2000000000000006,False
AKTX,2026-05-22,VAL 2022-26,9.920000076293944,9.920000076293944,9.92,9.92,False
ALAR,2018-12-04,DEV 2015-21,6.800000000000002,6.800000000000002,,6.800000000000002,False
ALAR,2018-12-06,DEV 2015-21,6.1800000000000015,6.1800000000000015,,6.1800000000000015,False
ALAR,2018-12-26,DEV 2015-21,4.3500000000000005,4.3500000000000005,,4.3500000000000005,False
ALAR,2018-12-31,DEV 2015-21,3.940000000000001,3.940000000000001,,3.940000000000001,False
ALAR,2019-03-14,DEV 2015-21,3.0000000000000004,3.0000000000000004,,3.0000000000000004,False
ALAR,2019-08-29,DEV 2015-21,1.2400000000000002,1.2400000000000002,,1.2400000000000002,False
ALAR,2019-10-03,DEV 2015-21,14.6,0.7300000000000001,,,True
ALAR,2019-11-27,DEV 2015-21,10.05,10.05,,10.05,False
ALAR,2020-03-10,DEV 2015-21,1.5399999618530271,1.5399999618530273,,1.5399999618530271,False
ALAR,2020-04-01,DEV 2015-21,2.320000076293945,2.3200000762939452,,2.320000076293945,False
ALAR,2020-04-20,DEV 2015-21,2.029999923706055,2.029999923706055,,2.029999923706055,False
ALAR,2020-05-20,DEV 2015-21,1.7100000381469729,1.7100000381469727,,1.7100000381469729,False
ALAR,2021-04-08,DEV 2015-21,1.670000076293945,1.6700000762939453,,1.670000076293945,False
ALAR,2022-01-06,VAL 2022-26,0.9300000190734864,0.9300000190734864,,0.9300000190734864,False
ALAR,2023-05-30,VAL 2022-26,3.940000057220459,3.940000057220459,,3.940000057220459,False
ALAR,2025-06-09,VAL 2022-26,9.920000076293944,9.920000076293944,9.92,9.92,False
ALDX,2016-02-29,DEV 2015-21,5.150000095367432,5.150000095367432,,5.150000095367432,False
ALDX,2016-08-09,DEV 2015-21,7.21999979019165,7.21999979019165,,7.21999979019165,False
ALDX,2017-09-12,DEV 2015-21,6.900000095367432,6.900000095367432,,6.900000095367432,False
ALDX,2018-09-26,DEV 2015-21,12.350000381469728,12.350000381469728,,12.350000381469728,False
ALDX,2019-03-26,DEV 2015-21,12.199999809265137,12.199999809265137,,12.199999809265137,False
ALDX,2020-05-20,DEV 2015-21,4.610000133514404,4.610000133514404,,4.610000133514404,False
ALEC,2021-07-02,DEV 2015-21,31.790000915527344,31.790000915527344,,31.790000915527344,False
ALLO,2026-04-13,VAL 2022-26,4.090000152587891,4.090000152587891,4.09,4.09,False
ALLR,2022-12-30,VAL 2022-26,0.44,0.44000000000000006,,0.44,False
ALLR,2023-01-23,VAL 2022-26,0.445,0.44500000000000006,,0.445,False
ALLR,2023-03-20,VAL 2022-26,5.530000000000001,0.15800000000000003,,,True
ALLR,2023-04-18,VAL 2022-26,1.4900000000000002,1.4900000000000002,,1.4900000000000002,False
ALLR,2023-07-31,VAL 2022-26,3.29,3.29,,3.29,False
ALLR,2023-12-05,VAL 2022-26,1.0,1.0,,1.0,False
ALLR,2024-04-12,VAL 2022-26,2.8899998982747395,2.8899998982747395,,2.8899998982747395,False
ALLR,2024-05-02,VAL 2022-26,3.03999989827474,3.03999989827474,,3.03999989827474,False
ALLR,2024-07-24,VAL 2022-26,0.2100000063578287,0.21000000635782878,,0.2100000063578287,False
ALLR,2025-08-26,VAL 2022-26,1.9800000190734863,1.9800000190734863,1.98,1.98,False
ALMS,2025-03-25,VAL 2022-26,5.699999809265137,5.699999809265137,5.7,5.7,False
ALMS,2026-01-06,VAL 2022-26,22.200000762939453,22.200000762939453,22.2,22.2,False
ALMU,2026-04-13,VAL 2022-26,14.029999732971191,14.029999732971191,,14.029999732971191,False
ALOY,2022-04-01,VAL 2022-26,3.4100000858306885,13.640000343322754,,,True
ALOY,2023-04-17,VAL 2022-26,8.739999771118164,8.739999771118164,,8.739999771118164,False
ALOY,2025-01-22,VAL 2022-26,3.3299999237060547,3.3299999237060547,,3.3299999237060547,False
ALP,2024-08-23,VAL 2022-26,0.085,0.085,,0.085,False
ALP,2024-09-18,VAL 2022-26,0.2528000068664551,0.2528000068664551,,0.2528000068664551,False
ALP,2024-12-17,VAL 2022-26,0.1807999992370605,0.18079999923706055,,0.1807999992370605,False
ALP,2025-03-28,VAL 2022-26,0.2389999961853027,0.23899999618530274,,0.2389999961853027,False
ALP,2025-10-08,VAL 2022-26,0.265,0.265,,0.265,False
ALP,2026-01-13,VAL 2022-26,0.0364000010490417,0.03640000104904175,,0.0364000010490417,False
ALP,2026-01-20,VAL 2022-26,0.0191400003433227,0.019140000343322753,,0.0191400003433227,False
ALP,2026-04-22,VAL 2022-26,0.0068400001525878,0.00684000015258789,,0.0068400001525878,False
ALP,2026-05-14,VAL 2022-26,0.0083999997377395,0.008399999737739562,0.4202,0.4202,False
ALT,2019-03-07,DEV 2015-21,3.7799999713897705,3.7799999713897705,,3.7799999713897705,False
ALT,2019-03-19,DEV 2015-21,3.990000009536743,3.990000009536743,,3.990000009536743,False
ALT,2020-02-28,DEV 2015-21,4.179999828338623,4.179999828338623,,4.179999828338623,False
ALT,2020-05-14,DEV 2015-21,5.099999904632568,5.099999904632568,,5.099999904632568,False
ALT,2023-12-01,VAL 2022-26,5.739999771118164,5.739999771118164,,5.739999771118164,False
ALTI,2022-11-17,VAL 2022-26,10.949999809265137,10.949999809265137,,10.949999809265137,False
ALTO,2019-09-06,DEV 2015-21,1.0,1.0,,1.0,False
ALTO,2025-11-06,VAL 2022-26,1.5299999713897705,1.5299999713897705,1.53,1.53,False
ALTO,2026-03-05,VAL 2022-26,3.549999952316284,3.549999952316284,,3.549999952316284,False
ALXO,2021-07-06,DEV 2015-21,67.5,67.5,,67.5,False
ALXO,2023-10-03,VAL 2022-26,8.09000015258789,8.09000015258789,,8.09000015258789,False
ALZN,2024-08-19,VAL 2022-26,7.03000005086263,7.03000005086263,,7.03000005086263,False
ALZN,2025-05-29,VAL 2022-26,7.760000228881836,7.760000228881836,7.76,7.76,False
AMBO,2020-06-11,DEV 2015-21,2.6700000762939453,2.6700000762939453,,2.6700000762939453,False
AMBO,2020-08-03,DEV 2015-21,2.85,2.85,,2.85,False
AMBO,2020-09-28,DEV 2015-21,2.3100000381469727,2.3100000381469727,,2.3100000381469727,False
AMBO,2021-04-19,DEV 2015-21,2.5200000762939454,2.5200000762939454,,2.5200000762939454,False
AMBO,2023-05-02,VAL 2022-26,0.3880000114440918,0.3880000114440918,,0.3880000114440918,False
AMBO,2024-02-16,VAL 2022-26,3.0,0.30000000000000004,,,True
AMBO,2024-12-27,VAL 2022-26,3.117000102996826,3.117000102996826,3.1171,3.1171,False
AMBO,2025-10-09,VAL 2022-26,5.210000038146973,5.210000038146973,5.21,5.21,False
AMBR,2023-11-24,VAL 2022-26,3.799999952316284,3.799999952316284,,3.799999952316284,False
AMBR,2025-11-26,VAL 2022-26,2.700000047683716,2.700000047683716,2.7,2.7,False
AMCI,2025-09-19,VAL 2022-26,23.809999465942383,23.809999465942383,,23.809999465942383,False
AMCI,2025-10-21,VAL 2022-26,13.0,13.0,,13.0,False
AMCI,2025-12-09,VAL 2022-26,10.40999984741211,10.40999984741211,,10.40999984741211,False
AMCI,2025-12-15,VAL 2022-26,3.619999885559082,3.619999885559082,3.62,3.62,False
AMCX,2025-08-08,VAL 2022-26,7.380000114440918,7.380000114440918,7.38,7.38,False
AMIX,2024-07-03,VAL 2022-26,1.27999994187128,1.27999994187128,,1.27999994187128,False
AMIX,2024-07-15,VAL 2022-26,0.94499998546782,0.94499998546782,,0.94499998546782,False
AMIX,2024-10-28,VAL 2022-26,19.21999976748512,19.219999767485117,19.22,19.22,False
AMIX,2024-10-31,VAL 2022-26,15.49000040690104,15.490000406901041,15.49,15.49,False
AMIX,2024-12-30,VAL 2022-26,4.56000010172526,4.560000101725261,4.56,4.56,False
AMIX,2025-07-21,VAL 2022-26,1.92999994187128,1.92999994187128,1.93,1.93,False
AMIX,2025-11-17,VAL 2022-26,1.185000010899135,1.1850000108991352,1.185,1.185,False
AMIX,2025-12-30,VAL 2022-26,0.8650000435965401,0.8650000435965401,0.8651,0.8651,False
AMIX,2026-07-29,VAL 2022-26,4.315000057220459,4.315000057220459,4.315,4.315,False
AMKR,2019-10-29,DEV 2015-21,13.460000038146973,13.460000038146973,,13.460000038146973,False
AMKR,2020-02-11,DEV 2015-21,13.920000076293944,13.920000076293944,,13.920000076293944,False
AMLX,2022-06-03,VAL 2022-26,13.300000190734863,13.300000190734863,,13.300000190734863,False
AMOD,2025-01-30,VAL 2022-26,2.729999923706055,2.729999923706055,2.73,2.73,False
AMOD,2025-07-23,VAL 2022-26,1.9799999237060548,1.9799999237060548,1.98,1.98,False
AMOD,2026-01-07,VAL 2022-26,0.6679999828338623,0.6679999828338623,,0.6679999828338623,False
AMPG,2024-12-11,VAL 2022-26,1.7599999904632568,1.7599999904632568,1.76,1.76,False
AMPL,2025-02-20,VAL 2022-26,14.600000381469728,14.600000381469728,14.6,14.6,False
AMPY,2020-09-29,DEV 2015-21,1.0299999713897705,1.0299999713897705,,1.0299999713897705,False
AMRC,2025-08-05,VAL 2022-26,21.649999618530277,21.649999618530277,21.65,21.65,False
AMRC,2026-08-04,VAL 2022-26,31.93000030517578,31.93000030517578,,31.93000030517578,False
AMRN,2015-02-26,DEV 2015-21,1.7000000000000002,1.7000000000000002,,1.7000000000000002,False
AMRN,2018-09-24,DEV 2015-21,10.440000152587892,10.440000152587892,,10.440000152587892,False
AMRX,2019-12-12,DEV 2015-21,4.690000057220459,4.690000057220459,,4.690000057220459,False
AMS,2020-06-17,DEV 2015-21,2.940000057220459,2.940000057220459,,2.940000057220459,False
AMS,2021-05-06,DEV 2015-21,4.71999979019165,4.71999979019165,,4.71999979019165,False
AMS,2024-08-22,VAL 2022-26,4.0,4.0,,4.0,False
AMSC,2015-12-17,DEV 2015-21,5.21999979019165,5.21999979019165,,5.21999979019165,False
AMSC,2023-08-01,VAL 2022-26,16.0,16.0,,16.0,False
AMSC,2024-01-25,VAL 2022-26,12.56999969482422,12.56999969482422,,12.56999969482422,False
AMST,2021-06-11,DEV 2015-21,4.179999987284342,4.179999987284342,,4.179999987284342,False
AMST,2023-02-14,VAL 2022-26,8.772000312805176,0.7310000260670979,,,True
AMST,2024-04-24,VAL 2022-26,3.799999952316284,3.799999952316284,,3.799999952316284,False
AMST,2025-02-27,VAL 2022-26,3.0199999809265137,3.0199999809265137,3.02,3.02,False
AMST,2025-05-16,VAL 2022-26,3.849999904632568,3.849999904632568,3.8499,3.8499,False
AMST,2025-09-11,VAL 2022-26,4.119999885559082,4.119999885559082,4.12,4.12,False
AMST,2026-05-19,VAL 2022-26,2.4200000762939453,2.4200000762939453,2.42,2.42,False
AMTD,2022-07-28,VAL 2022-26,2.0,2.0,,2.0,False
AMTD,2022-08-02,VAL 2022-26,10.74000040690104,10.740000406901041,,10.74000040690104,False
AMTX,2019-05-06,DEV 2015-21,1.5299999713897705,1.5299999713897705,,1.5299999713897705,False
AMTX,2020-03-20,DEV 2015-21,0.8999999761581421,0.8999999761581421,,0.8999999761581421,False
AMTX,2020-05-01,DEV 2015-21,0.75,0.75,,0.75,False
AMTX,2020-08-12,DEV 2015-21,3.150000095367432,3.150000095367432,,3.150000095367432,False
AMTX,2020-12-22,DEV 2015-21,3.880000114440918,3.880000114440918,,3.880000114440918,False
AMTX,2021-01-25,DEV 2015-21,7.119999885559082,7.119999885559082,,7.119999885559082,False
AMZE,2023-07-13,VAL 2022-26,0.6699999933657439,0.6699999933657439,,0.6699999933657439,False
AMZE,2025-11-12,VAL 2022-26,0.8399999737739563,0.8399999737739563,0.8399,0.8399,False
AMZE,2025-11-14,VAL 2022-26,0.5400000214576721,0.5400000214576721,0.54,0.54,False
AMZE,2025-11-26,VAL 2022-26,0.4600000083446502,0.46000000834465027,0.4599,0.4599,False
ANAB,2017-10-10,DEV 2015-21,53.20999717712402,35.473331451416016,,,True
ANDE,2016-05-18,DEV 2015-21,32.709999084472656,32.709999084472656,,32.709999084472656,False
ANGH,2022-02-04,VAL 2022-26,17.913999938964846,17.913999938964846,,17.913999938964846,False
ANGH,2022-02-07,VAL 2022-26,17.1,17.1,,17.1,False
ANGH,2023-05-02,VAL 2022-26,1.1199999809265138,1.1199999809265138,,1.1199999809265138,False
ANGH,2023-11-21,VAL 2022-26,2.1399999618530274,2.139999961853028,,2.1399999618530274,False
ANGH,2025-07-28,VAL 2022-26,0.6099999904632569,0.6099999904632569,0.6098,0.6098,False
ANGH,2025-12-31,VAL 2022-26,4.090000152587891,4.090000152587891,4.09,4.09,False
ANGI,2015-02-18,DEV 2015-21,6.6000000000000005,6.6000000000000005,,6.6000000000000005,False
ANGI,2017-05-02,DEV 2015-21,9.130000305175782,9.13000030517578,,9.130000305175782,False
ANGI,2019-11-07,DEV 2015-21,7.8699996948242195,7.8699996948242195,,7.8699996948242195,False
ANGI,2025-05-07,VAL 2022-26,14.989999771118164,14.989999771118164,14.99,14.99,False
ANGO,2025-01-08,VAL 2022-26,11.760000228881836,11.760000228881836,11.76,11.76,False
ANGX,2025-10-02,VAL 2022-26,9.760000228881836,9.760000228881836,9.76,9.76,False
ANIP,2023-05-08,VAL 2022-26,48.470001220703125,48.470001220703125,,48.470001220703125,False
ANIX,2017-06-26,DEV 2015-21,0.8999999761581421,0.8999999761581421,,0.8999999761581421,False
ANIX,2017-11-14,DEV 2015-21,3.200000047683716,3.200000047683716,,3.200000047683716,False
ANIX,2020-05-04,DEV 2015-21,2.25,2.25,,2.25,False
ANIX,2021-03-12,DEV 2015-21,6.710000038146973,6.710000038146973,,6.710000038146973,False
ANIX,2025-06-09,VAL 2022-26,3.430000066757202,3.430000066757202,3.43,3.43,False
ANL,2024-04-08,VAL 2022-26,11.06999969482422,11.06999969482422,,11.06999969482422,False
ANL,2025-12-29,VAL 2022-26,2.0,2.0,2.0,2.0,False
ANL,2026-01-30,VAL 2022-26,9.119999885559082,9.119999885559082,,9.119999885559082,False
ANNX,2023-12-21,VAL 2022-26,3.5999999046325684,3.5999999046325684,,3.5999999046325684,False
ANNX,2024-06-04,VAL 2022-26,6.03000020980835,6.03000020980835,,6.03000020980835,False
ANNX,2025-03-17,VAL 2022-26,3.150000095367432,3.150000095367432,3.15,3.15,False
ANPA,2026-01-09,VAL 2022-26,49.72999954223633,49.72999954223633,49.73,49.73,False
ANRO,2025-03-03,VAL 2022-26,3.5,3.5,3.5,3.5,False
ANVS,2020-07-07,DEV 2015-21,9.149999618530272,9.149999618530272,,9.149999618530272,False
ANVS,2021-02-04,DEV 2015-21,22.75,22.75,,22.75,False
ANVS,2021-05-21,DEV 2015-21,36.90999984741211,36.90999984741211,,36.90999984741211,False
AOUT,2026-09-04,VAL 2022-26,12.760000228881836,12.760000228881836,,12.760000228881836,False
AP,2024-07-10,VAL 2022-26,1.0700000524520874,1.0700000524520874,,1.0700000524520874,False
APEI,2025-03-07,VAL 2022-26,23.799999237060547,23.799999237060547,23.8,23.8,False
API,2024-10-02,VAL 2022-26,6.03000020980835,6.03000020980835,6.03,6.03,False
APLD,2022-07-19,VAL 2022-26,1.3600000143051147,1.3600000143051147,,1.3600000143051147,False
APLD,2023-05-16,VAL 2022-26,4.860000133514404,4.860000133514404,,4.860000133514404,False
APLD,2024-09-05,VAL 2022-26,4.989999771118164,4.989999771118164,,4.989999771118164,False
APLM,2023-03-22,VAL 2022-26,10.95,10.950000000000001,,10.95,False
APLM,2023-03-30,VAL 2022-26,18.6,18.6,,18.6,False
APLM,2023-05-01,VAL 2022-26,6.2,6.2,,6.2,False
APLM,2023-06-02,VAL 2022-26,5.9,5.9,,5.9,False
APLM,2023-10-27,VAL 2022-26,1.28,1.28,,1.28,False
APLM,2023-11-16,VAL 2022-26,1.77,1.77,,1.77,False
APLM,2024-08-13,VAL 2022-26,0.2839999961853027,0.28399999618530275,,0.2839999961853027,False
APLM,2024-11-18,VAL 2022-26,18.399999618530277,0.18399999618530277,0.1841,0.1841,False
APOG,2025-06-27,VAL 2022-26,48.86000061035156,48.86000061035156,48.86,48.86,False
APPS,2025-02-06,VAL 2022-26,3.200000047683716,3.200000047683716,3.2,3.2,False
APPS,2025-11-05,VAL 2022-26,7.980000019073486,7.980000019073486,7.975,7.975,False
APPS,2026-05-27,VAL 2022-26,6.489999771118164,6.489999771118164,,6.489999771118164,False
APRE,2021-06-16,DEV 2015-21,7.30999984741211,7.30999984741211,,7.30999984741211,False
APRE,2022-07-08,VAL 2022-26,1.0,1.0,,1.0,False
APT,2020-01-21,DEV 2015-21,4.25,4.25,,4.25,False
APT,2020-01-27,DEV 2015-21,7.800000190734863,7.800000190734863,,7.800000190734863,False
APT,2021-11-26,DEV 2015-21,6.5,6.5,,6.5,False
APUS,2026-09-24,VAL 2022-26,6.989999771118164,6.989999771118164,6.99,6.99,False
APVO,2017-09-01,DEV 2015-21,2.419999951249951,2.419999951249951,,2.419999951249951,False
APVO,2017-10-05,DEV 2015-21,2.8,2.8,,2.8,False
APVO,2020-06-25,DEV 2015-21,9.010000341250342,9.010000341250342,,9.010000341250342,False
APVO,2020-11-03,DEV 2015-21,8.000000000000002,8.000000000000002,,8.000000000000002,False
APVO,2021-11-23,DEV 2015-21,9.510000341250342,9.510000341250342,,9.510000341250342,False
APVO,2022-12-12,VAL 2022-26,6.880000170625172,6.880000170625172,,6.880000170625172,False
APVO,2024-07-17,VAL 2022-26,0.4199999926684497,0.4199999926684497,,0.4199999926684497,False
APVO,2024-10-22,VAL 2022-26,0.3,0.3,0.3,0.3,False
APVO,2025-04-21,VAL 2022-26,1.1200000339084202,1.1200000339084204,1.12,1.12,False
APVO,2025-06-18,VAL 2022-26,6.159999847412109,6.1599998474121085,6.16,6.16,False
APVO,2025-09-16,VAL 2022-26,2.1999999152289496,2.199999915228949,2.2,2.2,False
APVO,2025-09-18,VAL 2022-26,2.51000001695421,2.51000001695421,2.51,2.51,False
APWC,2026-06-18,VAL 2022-26,1.919999957084656,1.919999957084656,,1.919999957084656,False
APYX,2020-06-23,DEV 2015-21,6.010000228881836,6.010000228881836,,6.010000228881836,False
APYX,2021-01-14,DEV 2015-21,9.399999618530272,9.399999618530272,,9.399999618530272,False
AQB,2024-12-24,VAL 2022-26,0.699999988079071,0.699999988079071,0.7001,0.7001,False
AQB,2025-08-28,VAL 2022-26,1.100000023841858,1.100000023841858,1.1,1.1,False
AQB,2025-09-18,VAL 2022-26,1.4700000286102295,1.4700000286102295,1.47,1.47,False
AQMS,2017-02-09,DEV 2015-21,13.800000000000002,13.800000000000002,,13.800000000000002,False
AQMS,2018-02-12,DEV 2015-21,2.0400000000000005,2.0400000000000005,,2.0400000000000005,False
AQMS,2019-12-27,DEV 2015-21,0.6300000000000001,0.6300000000000001,,0.6300000000000001,False
AQMS,2020-06-09,DEV 2015-21,1.13,1.1300000000000001,,1.13,False
AQMS,2020-12-28,DEV 2015-21,3.2600000000000007,3.2600000000000007,,3.2600000000000007,False
AQMS,2025-09-24,VAL 2022-26,5.400000095367432,5.400000095367432,5.4,5.4,False
ARAI,2026-04-09,VAL 2022-26,0.9959999918937684,0.9959999918937684,,0.9959999918937684,False
ARAY,2018-10-31,DEV 2015-21,4.25,4.25,,4.25,False
ARAY,2024-08-15,VAL 2022-26,1.7699999809265137,1.7699999809265137,,1.7699999809265137,False
ARBB,2023-07-14,VAL 2022-26,4.739999898274739,4.739999898274739,,4.739999898274739,False
ARBB,2023-12-26,VAL 2022-26,2.25,2.25,,2.25,False
ARBB,2024-02-13,VAL 2022-26,3.81000010172526,3.8100001017252603,,3.81000010172526,False
ARBB,2024-10-25,VAL 2022-26,0.4100000063578288,0.4100000063578288,0.4102,0.4102,False
ARBB,2024-11-06,VAL 2022-26,0.731000010172526,0.731000010172526,0.7311,0.7311,False
ARBB,2025-02-28,VAL 2022-26,0.628000005086263,0.6280000050862629,0.6284,0.6284,False
ARBB,2025-03-05,VAL 2022-26,0.8870000203450521,0.887000020345052,0.8869,0.8869,False
ARBB,2025-04-15,VAL 2022-26,0.9299999872843424,0.9299999872843424,0.9297,0.9297,False
ARBB,2025-09-22,VAL 2022-26,8.25,8.25,8.25,8.25,False
ARBE,2023-02-21,VAL 2022-26,6.53000020980835,6.53000020980835,,6.53000020980835,False
ARBE,2024-12-27,VAL 2022-26,2.200000047683716,2.200000047683716,2.2,2.2,False
ARBE,2025-01-06,VAL 2022-26,4.5,4.5,4.5,4.5,False
ARBE,2025-09-22,VAL 2022-26,2.200000047683716,2.200000047683716,2.2,2.2,False
ARBE,2026-09-08,VAL 2022-26,0.8259999752044678,0.8259999752044678,,0.8259999752044678,False
ARBK,2022-12-28,VAL 2022-26,0.6769999751338251,0.6769999751338251,,0.6769999751338251,False
ARBK,2025-07-01,VAL 2022-26,0.2309999995761447,0.23099999957614478,0.2305,0.2305,False
ARBK,2025-10-06,VAL 2022-26,0.662000020345052,0.662000020345052,0.6621,0.6621,False
ARCT,2017-10-19,DEV 2015-21,1.7199999945504325,12.039999961853027,,,True
ARCT,2019-06-19,DEV 2015-21,8.0,8.0,,8.0,False
ARCT,2022-11-02,VAL 2022-26,23.1299991607666,23.1299991607666,,23.1299991607666,False
ARCT,2023-03-29,VAL 2022-26,19.299999237060547,19.299999237060547,,19.299999237060547,False
ARDX,2017-10-12,DEV 2015-21,7.949999809265137,7.949999809265137,,7.949999809265137,False
ARDX,2021-12-01,DEV 2015-21,1.399999976158142,1.399999976158142,,1.399999976158142,False
ARDX,2022-04-25,VAL 2022-26,1.0299999713897705,1.0299999713897705,,1.0299999713897705,False
ARDX,2022-11-17,VAL 2022-26,1.9700000286102293,1.9700000286102293,,1.9700000286102293,False
ARDX,2025-10-31,VAL 2022-26,6.429999828338623,6.429999828338623,6.43,6.43,False
AREC,2020-10-07,DEV 2015-21,3.0899999141693115,3.0899999141693115,,3.0899999141693115,False
AREC,2020-11-24,DEV 2015-21,2.240000009536743,2.240000009536743,,2.240000009536743,False
AREC,2021-02-02,DEV 2015-21,3.400000095367432,3.400000095367432,,3.400000095367432,False
AREC,2021-03-17,DEV 2015-21,5.190000057220459,5.190000057220459,,5.190000057220459,False
AREC,2021-06-07,DEV 2015-21,4.139999866485596,4.139999866485596,,4.139999866485596,False
AREC,2025-04-14,VAL 2022-26,0.6000000238418579,0.6000000238418579,0.5995,0.5995,False
ARGX,2017-12-11,DEV 2015-21,41.61000061035156,41.61000061035156,,41.61000061035156,False
ARGX,2020-05-26,DEV 2015-21,201.13999938964844,201.13999938964844,,201.13999938964844,False
ARHS,2022-03-30,VAL 2022-26,8.680000305175781,8.680000305175781,,8.680000305175781,False
ARHS,2022-08-11,VAL 2022-26,8.350000381469727,8.350000381469727,,8.350000381469727,False
ARHS,2026-02-26,VAL 2022-26,10.550000190734863,10.550000190734863,,10.550000190734863,False
ARKO,2019-09-11,DEV 2015-21,16.200000762939453,16.200000762939453,,16.200000762939453,False
ARKR,2020-11-09,DEV 2015-21,12.510000228881836,12.510000228881836,,12.510000228881836,False
ARLO,2021-02-24,DEV 2015-21,8.319999694824219,8.319999694824219,,8.319999694824219,False
ARMP,2017-05-04,DEV 2015-21,2.25,31.5,,,True
ARMP,2018-01-04,DEV 2015-21,1.4000000272478377,19.600000381469727,,,True
ARMP,2019-05-28,DEV 2015-21,4.139999866485596,4.139999866485596,,4.139999866485596,False
ARMP,2020-01-28,DEV 2015-21,3.9800000190734863,3.9800000190734863,,3.9800000190734863,False
ARQ,2020-10-01,DEV 2015-21,5.690000057220459,5.690000057220459,,5.690000057220459,False
ARQQ,2021-09-08,DEV 2015-21,14.01,14.01,,14.01,False
ARQQ,2024-04-29,VAL 2022-26,0.6,0.6,,0.6,False
ARQT,2021-02-01,DEV 2015-21,33.25,33.25,,33.25,False
ARQT,2023-12-18,VAL 2022-26,3.059999942779541,3.059999942779541,,3.059999942779541,False
ARTL,2020-02-03,DEV 2015-21,3.3700000401877563,3.3700000401877563,,3.3700000401877563,False
ARTL,2020-09-29,DEV 2015-21,1.2600000200938783,1.2600000200938783,,1.2600000200938783,False
ARTL,2020-11-20,DEV 2015-21,0.7149999799061212,0.7149999799061212,,0.7149999799061212,False
ARTL,2021-02-02,DEV 2015-21,1.7200000401877569,1.7200000401877567,,1.7200000401877569,False
ARTL,2021-02-12,DEV 2015-21,2.879999959812242,2.879999959812242,,2.879999959812242,False
ARTL,2021-11-01,DEV 2015-21,1.1700000401877568,1.1700000401877568,,1.1700000401877568,False
ARTL,2021-11-04,DEV 2015-21,1.2600000200938783,1.2600000200938783,,1.2600000200938783,False
ARTL,2022-04-13,VAL 2022-26,0.5800000100469391,0.5800000100469391,,0.5800000100469391,False
ARTL,2022-08-16,VAL 2022-26,5.83000013563368,5.83000013563368,,5.83000013563368,False
ARTL,2025-04-14,VAL 2022-26,1.0600000075352043,1.0600000075352045,1.06,1.06,False
ARTL,2025-06-30,VAL 2022-26,20.5,20.5,20.5,20.5,False
ARTL,2025-07-07,VAL 2022-26,21.55999981915509,21.55999981915509,21.56,21.56,False
ARTL,2026-03-18,VAL 2022-26,6.1200002034505205,6.1200002034505205,,6.1200002034505205,False
ARTL,2026-05-26,VAL 2022-26,1.910000059339735,1.910000059339735,1.91,1.91,False
ARTV,2025-10-17,VAL 2022-26,5.590000152587891,5.590000152587891,5.59,5.59,False
ARTV,2025-12-15,VAL 2022-26,4.090000152587891,4.090000152587891,4.09,4.09,False
ARTW,2019-02-19,DEV 2015-21,3.4800000190734863,3.4800000190734863,,3.4800000190734863,False
ARTW,2024-12-30,VAL 2022-26,3.299999952316284,3.299999952316284,3.3,3.3,False
ARVN,2020-12-14,DEV 2015-21,68.63999938964844,68.63999938964844,,68.63999938964844,False
ARWR,2015-09-24,DEV 2015-21,9.010000228881836,9.010000228881836,,9.010000228881836,False
ASBP,2025-05-28,VAL 2022-26,0.3910000085830689,0.013033333619435629,0.3913,0.3913,False
ASBP,2025-08-18,VAL 2022-26,0.6880000114440918,0.02293333371480306,0.6883,0.6883,False
ASBP,2025-10-02,VAL 2022-26,0.397000002861023,0.013233333428700766,0.3969,0.3969,False
ASBP,2025-11-14,VAL 2022-26,0.152999997138977,0.0050999999046325685,0.1528,0.1528,False
ASBP,2025-11-18,VAL 2022-26,0.1110000014305114,0.003700000047683716,0.1105,0.1105,False
ASBP,2026-01-07,VAL 2022-26,6.559999942779541,0.005466666618982951,0.1645,0.1645,False
ASBP,2026-04-27,VAL 2022-26,0.2479999959468841,0.008266666531562803,,,True
ASLE,2025-08-07,VAL 2022-26,7.539999961853027,7.539999961853027,7.54,7.54,False
ASM,2021-02-01,DEV 2015-21,2.7100000381469727,2.7100000381469727,,2.7100000381469727,False
ASMB,2023-10-17,VAL 2022-26,1.449999968210856,1.449999968210856,,1.449999968210856,False
ASND,2017-09-22,DEV 2015-21,40.20000076293945,40.20000076293945,,40.20000076293945,False
ASND,2019-03-04,DEV 2015-21,113.1500015258789,113.1500015258789,,113.1500015258789,False
ASPC,2025-12-10,VAL 2022-26,26.0,26.0,26.0,26.0,False
ASPC,2025-12-26,VAL 2022-26,22.15999984741211,22.15999984741211,22.16,22.16,False
ASPC,2025-12-29,VAL 2022-26,33.220001220703125,33.220001220703125,33.22,33.22,False
ASPI,2022-11-29,VAL 2022-26,2.8499999046325684,2.8499999046325684,,2.8499999046325684,False
ASPI,2024-10-30,VAL 2022-26,8.550000190734863,8.550000190734863,8.55,8.55,False
ASPN,2016-06-22,DEV 2015-21,5.130000114440918,5.130000114440918,,5.130000114440918,False
ASPN,2019-03-13,DEV 2015-21,3.7899999618530273,3.7899999618530273,,3.7899999618530273,False
ASPN,2022-06-30,VAL 2022-26,11.0,11.0,,11.0,False
ASPN,2024-05-02,VAL 2022-26,19.790000915527344,19.790000915527344,,19.790000915527344,False
ASPN,2026-08-06,VAL 2022-26,7.300000190734863,7.300000190734863,,7.300000190734863,False
ASST,2023-06-12,VAL 2022-26,3.0100000000000007,3.0100000000000007,,3.0100000000000007,False
ASST,2024-03-21,VAL 2022-26,0.8100000000000002,0.8100000000000002,,0.8100000000000002,False
ASST,2024-05-31,VAL 2022-26,0.6000000000000001,0.6000000000000001,,0.6000000000000001,False
ASST,2024-07-17,VAL 2022-26,1.9299999237060548,1.9299999237060543,,1.9299999237060548,False
ASST,2024-08-26,VAL 2022-26,1.5199999809265137,1.519999980926514,,1.5199999809265137,False
ASST,2024-11-15,VAL 2022-26,0.7900000095367432,0.7900000095367432,0.7903,0.7903,False
ASST,2024-12-09,VAL 2022-26,0.7119999885559083,0.7119999885559083,0.7122,0.7122,False
ASST,2025-01-21,VAL 2022-26,1.1399999618530274,1.1399999618530274,1.14,1.14,False
ASST,2025-01-22,VAL 2022-26,1.2300000190734863,1.2300000190734863,1.23,1.23,False
ASST,2025-05-07,VAL 2022-26,1.7299999237060548,1.7299999237060548,1.73,1.73,False
ASST,2025-08-25,VAL 2022-26,5.420000076293945,5.420000076293945,5.42,5.42,False
ASTC,2016-08-23,DEV 2015-21,1.91,1.9100000000000001,,1.91,False
ASTC,2017-09-27,DEV 2015-21,1.1700000000000002,1.1700000000000002,,1.1700000000000002,False
ASTC,2018-03-27,DEV 2015-21,2.5,2.5,,2.5,False
ASTC,2018-04-04,DEV 2015-21,2.96000010172526,2.96000010172526,,2.96000010172526,False
ASTC,2018-06-19,DEV 2015-21,6.76000010172526,6.76000010172526,,6.76000010172526,False
ASTC,2018-10-10,DEV 2015-21,2.83000005086263,2.83000005086263,,2.83000005086263,False
ASTC,2018-12-12,DEV 2015-21,3.95,3.9499999999999997,,3.95,False
ASTC,2020-03-25,DEV 2015-21,3.63999989827474,3.63999989827474,,3.63999989827474,False
ASTC,2020-03-27,DEV 2015-21,5.65,5.65,,5.65,False
ASTC,2020-10-21,DEV 2015-21,4.87999979654948,4.8799997965494795,,4.87999979654948,False
ASTC,2021-04-07,DEV 2015-21,2.85,2.85,,2.85,False
ASTC,2025-10-03,VAL 2022-26,6.25,6.25,6.25,6.25,False
ASTC,2026-03-30,VAL 2022-26,3.1700000762939453,3.1700000762939453,,3.1700000762939453,False
ASTC,2026-05-27,VAL 2022-26,7.420000076293945,7.420000076293945,7.42,7.42,False
ASTE,2020-08-05,DEV 2015-21,59.900001525878906,59.900001525878906,,59.900001525878906,False
ASTI,2023-04-20,VAL 2022-26,0.365,0.365,,0.365,False
ASTI,2023-08-17,VAL 2022-26,0.084,0.084,,0.084,False
ASTI,2023-09-12,VAL 2022-26,11.85,11.85,,11.85,False
ASTI,2023-10-24,VAL 2022-26,1.49,1.49,,1.49,False
ASTI,2024-02-26,VAL 2022-26,0.8300000000000001,0.8300000000000001,,0.8300000000000001,False
ASTI,2024-05-23,VAL 2022-26,0.21,0.21,,0.21,False
ASTI,2025-06-26,VAL 2022-26,2.869999885559082,2.869999885559082,2.87,2.87,False
ASTS,2022-03-09,VAL 2022-26,8.710000038146973,8.710000038146973,,8.710000038146973,False
ASTS,2024-05-16,VAL 2022-26,3.140000104904175,3.140000104904175,,3.140000104904175,False
ASUR,2019-10-08,DEV 2015-21,8.550000190734863,8.550000190734863,,8.550000190734863,False
ATCH,2024-09-25,VAL 2022-26,0.0066666666666666,0.4,,,True
ATCH,2024-11-07,VAL 2022-26,0.0050166665183173,0.3009999910990397,0.3011,0.3011,False
ATCH,2024-11-18,VAL 2022-26,0.0041499998834398,0.24899999300638834,0.2491,0.2491,False
ATCH,2025-02-24,VAL 2022-26,4.019999980926514,4.019999980926514,4.02,4.02,False
ATCH,2025-08-04,VAL 2022-26,0.2399999946355819,0.2399999946355819,0.24,0.24,False
ATCH,2025-09-15,VAL 2022-26,0.8999999761581421,0.8999999761581421,0.9,0.9,False
ATEC,2016-09-02,DEV 2015-21,4.989999771118164,4.989999771118164,,4.989999771118164,False
ATEC,2019-02-25,DEV 2015-21,1.8899999856948853,1.8899999856948853,,1.8899999856948853,False
ATEC,2024-10-31,VAL 2022-26,6.980000019073486,6.980000019073486,6.975,6.975,False
ATER,2026-04-28,VAL 2022-26,1.100000023841858,1.100000023841858,1.1,1.1,False
ATEX,2025-02-11,VAL 2022-26,35.5,35.5,35.5,35.5,False
ATGL,2025-11-17,VAL 2022-26,11.81999969482422,11.81999969482422,11.82,11.82,False
ATHE,2019-01-02,DEV 2015-21,2.3000000000000003,2.3000000000000003,,2.3000000000000003,False
ATHE,2019-04-29,DEV 2015-21,1.5699999809265135,1.5699999809265137,,1.5699999809265135,False
ATHE,2020-05-21,DEV 2015-21,1.0100000381469727,1.010000038146973,,1.0100000381469727,False
ATHE,2020-06-30,DEV 2015-21,1.4699999809265138,1.4699999809265138,,1.4699999809265138,False
ATHE,2020-07-01,DEV 2015-21,1.4899999618530275,1.4899999618530273,,1.4899999618530275,False
ATHE,2020-08-04,DEV 2015-21,3.8,3.8000000000000003,,3.8,False
ATHE,2020-11-16,DEV 2015-21,2.910000038146973,2.910000038146973,,2.910000038146973,False
ATHE,2021-02-09,DEV 2015-21,2.379999923706055,2.379999923706055,,2.379999923706055,False
ATHE,2021-07-01,DEV 2015-21,2.0600000381469727,2.0600000381469727,,2.0600000381469727,False
ATHE,2021-08-04,DEV 2015-21,1.6799999237060548,1.6799999237060548,,1.6799999237060548,False
ATHE,2022-01-06,VAL 2022-26,1.05,1.05,,1.05,False
ATHE,2023-12-04,VAL 2022-26,4.25,4.25,,4.25,False
ATHE,2025-01-30,VAL 2022-26,5.75,5.75,5.75,5.75,False
ATLC,2018-07-31,DEV 2015-21,2.299999952316284,2.299999952316284,,2.299999952316284,False
ATNM,2015-12-17,DEV 2015-21,2.35,2.35,,2.35,False
ATNM,2017-03-21,DEV 2015-21,1.6800000508626305,1.6800000508626303,,1.6800000508626305,False
ATNM,2019-10-25,DEV 2015-21,0.4100000063578288,0.4100000063578288,,0.4100000063578288,False
ATNM,2020-06-04,DEV 2015-21,0.2799999872843424,0.27999998728434244,,0.2799999872843424,False
ATNM,2020-06-05,DEV 2015-21,0.3600000063578287,0.36000000635782875,,0.3600000063578287,False
ATNM,2020-06-10,DEV 2015-21,0.5700000127156576,0.5700000127156576,,0.5700000127156576,False
ATNM,2020-07-21,DEV 2015-21,0.5700000127156576,0.5700000127156576,,0.5700000127156576,False
ATNM,2022-04-12,VAL 2022-26,6.590000152587891,6.590000152587891,,6.590000152587891,False
ATNM,2025-03-26,VAL 2022-26,1.919999957084656,1.919999957084656,1.92,1.92,False
ATOM,2021-01-05,DEV 2015-21,19.3799991607666,19.3799991607666,,19.3799991607666,False
ATOM,2023-04-27,VAL 2022-26,6.800000190734863,6.800000190734863,,6.800000190734863,False
ATOS,2015-02-26,DEV 2015-21,2.25,2.2499999999999996,,2.25,False
ATOS,2015-09-21,DEV 2015-21,0.9899999999999998,0.9899999999999998,,0.9899999999999998,False
ATOS,2016-02-16,DEV 2015-21,0.4999999999999999,0.4999999999999999,,0.4999999999999999,False
ATOS,2016-02-17,DEV 2015-21,0.6799999999999998,0.6799999999999998,,0.6799999999999998,False
ATOS,2017-10-25,DEV 2015-21,1.4999999999999998,1.4999999999999998,,1.4999999999999998,False
ATOS,2018-01-31,DEV 2015-21,0.7,0.7,,0.7,False
ATOS,2018-04-24,DEV 2015-21,3.8199999491373697,3.8199999491373697,,3.8199999491373697,False
ATOS,2018-12-03,DEV 2015-21,1.5199999491373697,1.5199999491373697,,1.5199999491373697,False
ATOS,2019-01-09,DEV 2015-21,1.740000025431315,1.740000025431315,,1.740000025431315,False
ATOS,2019-02-07,DEV 2015-21,1.8599999745686848,1.859999974568685,,1.8599999745686848,False
ATOS,2019-03-14,DEV 2015-21,4.65,4.65,,4.65,False
ATOS,2019-06-27,DEV 2015-21,2.7600001017252604,2.7600001017252604,,2.7600001017252604,False
ATOS,2020-04-16,DEV 2015-21,3.0,3.0,,3.0,False
ATPC,2024-01-30,VAL 2022-26,0.916,0.916,,0.916,False
ATPC,2024-07-23,VAL 2022-26,0.33,0.33,,0.33,False
ATPC,2024-07-30,VAL 2022-26,0.127,0.127,,0.127,False
ATPC,2024-08-30,VAL 2022-26,2.39,2.39,,2.39,False
ATPC,2024-09-13,VAL 2022-26,2.43,2.43,,2.43,False
ATPC,2025-01-13,VAL 2022-26,2.19,2.19,2.19,2.19,False
ATPC,2025-02-24,VAL 2022-26,1.49,1.49,1.49,1.49,False
ATPC,2025-04-03,VAL 2022-26,2.05,2.05,2.0501,2.0501,False
ATPC,2025-12-11,VAL 2022-26,0.1189999961853027,0.11899999618530274,0.1192,0.1192,False
ATPC,2025-12-17,VAL 2022-26,0.1530000019073486,0.15300000190734864,0.1533,0.1533,False
ATPC,2026-01-15,VAL 2022-26,0.1189999961853027,0.11899999618530274,0.119,0.119,False
ATPC,2026-03-10,VAL 2022-26,4.099999904632568,4.099999904632568,4.1,4.1,False
ATPC,2026-03-12,VAL 2022-26,5.199999809265137,5.199999809265137,,5.199999809265137,False
ATPC,2026-05-21,VAL 2022-26,3.3299999237060547,3.3299999237060547,3.33,3.33,False
ATPC,2026-05-28,VAL 2022-26,5.769999980926514,5.769999980926514,5.77,5.77,False
ATPC,2026-07-16,VAL 2022-26,3.4100000858306885,3.4100000858306885,,3.4100000858306885,False
ATRA,2024-09-04,VAL 2022-26,8.180000305175781,8.180000305175781,,8.180000305175781,False
ATRA,2026-05-07,VAL 2022-26,7.849999904632568,7.849999904632568,7.85,7.85,False
ATRC,2016-10-28,DEV 2015-21,18.75,18.75,,18.75,False
ATTT,2026-09-10,VAL 2022-26,4.050000190734863,4.050000190734863,,4.050000190734863,False
ATXG,2022-08-31,VAL 2022-26,270.0,27.0,,,True
ATXG,2023-04-28,VAL 2022-26,9.1,0.91,,,True
ATXG,2025-05-15,VAL 2022-26,1.6699999491373698,1.6699999491373698,1.67,1.67,False
ATXG,2025-07-02,VAL 2022-26,0.9739999771118164,0.9739999771118164,0.9737,0.9737,False
ATXG,2026-02-06,VAL 2022-26,0.4259999910990397,0.4259999910990397,,0.4259999910990397,False
ATXG,2026-02-10,VAL 2022-26,0.6299999872843425,0.6299999872843425,,0.6299999872843425,False
ATXG,2026-03-17,VAL 2022-26,6.239999771118164,0.4159999847412109,0.4164,0.4164,False
ATYR,2017-02-28,DEV 2015-21,4.149999891008649,58.09999847412109,,,True
ATYR,2020-01-06,DEV 2015-21,7.25,7.25,,7.25,False
ATYR,2021-02-08,DEV 2015-21,6.659999847412109,6.659999847412109,,6.659999847412109,False
AUC,2020-01-29,DEV 2015-21,2.400000042385525,43.20000076293945,,,True
AUC,2020-04-22,DEV 2015-21,3.6000001695421004,64.80000305175781,,,True
AUC,2020-06-11,DEV 2015-21,2.5999999576144748,46.79999923706055,,,True
AUC,2021-02-22,DEV 2015-21,1.9499999152289496,35.099998474121094,,,True
AUC,2021-08-30,DEV 2015-21,3.0,54.0,,,True
AUC,2023-09-07,VAL 2022-26,1.5599999957614474,28.07999992370605,,,True
AUC,2025-07-11,VAL 2022-26,0.5989999771118164,10.781999588012695,,,True
AUID,2025-11-20,VAL 2022-26,2.0799999237060547,2.0799999237060547,2.08,2.08,False
AUID,2026-01-15,VAL 2022-26,1.9299999475479128,1.9299999475479128,1.93,1.93,False
AUPH,2016-10-06,DEV 2015-21,5.21999979019165,5.21999979019165,,5.21999979019165,False
AUPH,2017-03-02,DEV 2015-21,5.949999809265137,5.949999809265137,,5.949999809265137,False
AUPH,2019-12-05,DEV 2015-21,16.700000762939453,16.700000762939453,,16.700000762939453,False
AUPH,2023-01-03,VAL 2022-26,5.639999866485596,5.639999866485596,,5.639999866485596,False
AURE,2024-08-26,VAL 2022-26,1.5100000381469727,1.510000038146973,,1.5100000381469727,False
AURE,2024-10-21,VAL 2022-26,1.0699999809265135,1.0699999809265137,,1.0699999809265135,False
AURE,2024-11-11,VAL 2022-26,1.1199999809265138,1.1199999809265138,,1.1199999809265138,False
AURE,2024-12-24,VAL 2022-26,1.4699999809265138,1.4699999809265138,,1.4699999809265138,False
AURE,2025-10-10,VAL 2022-26,1.4,1.4000000000000001,,1.4,False
AUST,2024-10-21,VAL 2022-26,3.0199999809265137,3.0199999809265137,3.02,3.02,False
AUTL,2021-08-02,DEV 2015-21,6.53000020980835,6.53000020980835,,6.53000020980835,False
AUTL,2021-11-08,DEV 2015-21,7.230000019073486,7.230000019073486,,7.230000019073486,False
AUUD,2021-06-29,DEV 2015-21,7.619999765625001,7.671398133116883,,7.619999765625001,False
AUUD,2023-04-13,VAL 2022-26,0.9799999873621325,0.9866102762127578,,0.9799999873621325,False
AUUD,2023-06-12,VAL 2022-26,0.6679999856387868,0.6725057743267762,,0.6679999856387868,False
AUUD,2024-03-11,VAL 2022-26,3.6900001023236446,3.714889864415226,,3.6900001023236446,False
AUUD,2024-04-08,VAL 2022-26,4.110000172334559,4.137722915870894,,4.110000172334559,False
AUUD,2024-08-20,VAL 2022-26,1.6100000368006089,1.6208597974434804,,1.6100000368006089,False
AUUD,2024-09-03,VAL 2022-26,1.460000044878791,1.469848026657396,,1.460000044878791,False
AUUD,2024-12-24,VAL 2022-26,0.5769999820484835,0.5808919581682104,0.5773,0.5773,False
AUUD,2025-02-19,VAL 2022-26,0.617999969033634,0.6221684979700332,0.6182,0.6182,False
AUUD,2025-08-11,VAL 2022-26,3.5100000743865967,3.5336757015872307,3.51,3.51,False
AUUD,2025-08-20,VAL 2022-26,2.7800000953674315,2.7987517319716413,2.78,2.78,False
AUUD,2026-02-18,VAL 2022-26,1.4299999437332154,1.4396455690458223,1.43,1.43,False
AUUD,2026-04-23,VAL 2022-26,6.849999904632568,6.849999904632568,6.85,6.85,False
AUUD,2026-08-10,VAL 2022-26,1.4299999475479126,1.4299999475479126,1.43,1.43,False
AVAH,2025-03-13,VAL 2022-26,5.349999904632568,5.349999904632568,5.35,5.35,False
AVAH,2025-05-08,VAL 2022-26,6.079999923706055,6.079999923706055,6.08,6.08,False
AVAH,2025-08-07,VAL 2022-26,5.320000171661377,5.320000171661377,5.32,5.32,False
AVAT,2026-09-21,VAL 2022-26,1.399999976158142,1.399999976158142,,1.399999976158142,False
AVAV,2017-12-06,DEV 2015-21,52.52000045776367,52.52000045776367,,52.52000045776367,False
AVD,2024-03-15,VAL 2022-26,13.300000190734863,13.300000190734863,,13.300000190734863,False
AVIR,2023-05-22,VAL 2022-26,4.690000057220459,4.690000057220459,,4.690000057220459,False
AVNW,2020-05-13,DEV 2015-21,11.5,11.5,,11.5,False
AVNW,2021-02-04,DEV 2015-21,50.0,50.0,,50.0,False
AVNW,2025-02-05,VAL 2022-26,25.0,25.0,25.0,25.0,False
AVO,2024-09-10,VAL 2022-26,13.0,13.0,,13.0,False
AVPT,2020-11-27,DEV 2015-21,14.460000038146973,14.460000038146973,,14.460000038146973,False
AVTX,2016-10-21,DEV 2015-21,4.39000006781684,4.39000006781684,,4.39000006781684,False
AVTX,2017-08-14,DEV 2015-21,0.680000008477105,0.680000008477105,,0.680000008477105,False
AVTX,2023-09-12,VAL 2022-26,0.1399999936421712,0.13999999364217122,,0.1399999936421712,False
AVTX,2023-09-13,VAL 2022-26,0.2140000025431315,0.2140000025431315,,0.2140000025431315,False
AVTX,2023-09-14,VAL 2022-26,0.2829999923706054,0.28299999237060547,,0.2829999923706054,False
AVTX,2023-09-22,VAL 2022-26,0.1399999936421712,0.13999999364217122,,0.1399999936421712,False
AVTX,2023-09-26,VAL 2022-26,0.2100000063578287,0.21000000635782878,,0.2100000063578287,False
AVTX,2024-03-28,VAL 2022-26,18.700000762939453,18.700000762939453,,18.700000762939453,False
AVTX,2025-09-29,VAL 2022-26,13.300000190734863,13.300000190734863,13.3,13.3,False
AVTX,2026-05-06,VAL 2022-26,22.799999237060547,22.799999237060547,,22.799999237060547,False
AVX,2021-08-02,DEV 2015-21,4.0,20000.0,,,True
AVX,2022-02-15,VAL 2022-26,1.89,9450.0,,,True
AVX,2022-03-10,VAL 2022-26,2.13,10650.0,,,True
AVX,2023-08-01,VAL 2022-26,0.172,860.0,,,True
AVX,2023-08-07,VAL 2022-26,0.199,995.0,,,True
AVX,2023-09-15,VAL 2022-26,0.16,800.0,,,True
AVX,2023-11-30,VAL 2022-26,1.77,177.0,,,True
AVX,2024-02-20,VAL 2022-26,0.57,57.0,,,True
AVX,2024-05-17,VAL 2022-26,0.155,15.5,,,True
AVX,2024-05-21,VAL 2022-26,0.1830000022605613,18.300000226056135,,,True
AVX,2024-06-10,VAL 2022-26,0.12,12.0,,,True
AVX,2024-06-17,VAL 2022-26,0.0999999999999999,10.0,,,True
AVX,2024-07-12,VAL 2022-26,0.1069999977394386,10.699999773943865,,,True
AVX,2024-08-28,VAL 2022-26,0.0819999977394386,8.199999773943865,,,True
AVX,2024-11-13,VAL 2022-26,0.0590000011302806,5.900000113028066,,,True
AVX,2025-04-23,VAL 2022-26,2.01000001695421,2.01000001695421,,2.01000001695421,False
AVX,2025-09-22,VAL 2022-26,7.25,7.25,,7.25,False
AVXL,2016-09-28,DEV 2015-21,4.050000190734863,4.050000190734863,,4.050000190734863,False
AVXL,2018-07-03,DEV 2015-21,3.2100000381469727,3.2100000381469727,,3.2100000381469727,False
AVXL,2020-10-15,DEV 2015-21,5.21999979019165,5.21999979019165,,5.21999979019165,False
AVXL,2020-12-15,DEV 2015-21,6.25,6.25,,6.25,False
AVXL,2021-02-04,DEV 2015-21,19.940000534057617,19.940000534057617,,19.940000534057617,False
AVXL,2022-12-02,VAL 2022-26,12.56999969482422,12.56999969482422,,12.56999969482422,False
AWX,2018-07-30,DEV 2015-21,16.969999313354492,16.969999313354492,,16.969999313354492,False
AWX,2018-08-10,DEV 2015-21,4.599999904632568,4.599999904632568,,4.599999904632568,False
AWX,2018-11-09,DEV 2015-21,4.769999980926514,4.769999980926514,,4.769999980926514,False
AWX,2021-01-28,DEV 2015-21,3.849999904632568,3.849999904632568,,3.849999904632568,False
AXGN,2020-09-16,DEV 2015-21,13.0,13.0,,13.0,False
AXGN,2024-08-08,VAL 2022-26,10.5,10.5,,10.5,False
AXIL,2025-12-11,VAL 2022-26,8.449999809265137,8.449999809265137,8.45,8.45,False
AXSM,2019-01-07,DEV 2015-21,7.070000171661377,7.070000171661377,,7.070000171661377,False
AXSM,2022-06-27,VAL 2022-26,34.619998931884766,34.619998931884766,,34.619998931884766,False
AXTI,2024-02-23,VAL 2022-26,3.1600000858306885,3.1600000858306885,,3.1600000858306885,False
AYTU,2018-02-21,DEV 2015-21,1.6200000000000003,1.6200000000000003,,1.6200000000000003,False
AYTU,2018-05-15,DEV 2015-21,0.5400000000000001,0.5400000000000001,,0.5400000000000001,False
AYTU,2018-06-13,DEV 2015-21,0.5100000000000001,0.5100000000000001,,0.5100000000000001,False
AYTU,2018-11-05,DEV 2015-21,1.5300000000000002,1.5300000000000002,,1.5300000000000002,False
AYTU,2019-01-15,DEV 2015-21,1.15,1.1500000000000001,,1.15,False
AYTU,2019-03-06,DEV 2015-21,1.6000000000000003,1.6000000000000003,,1.6000000000000003,False
AYTU,2020-03-10,DEV 2015-21,1.3000000000000005,1.3000000000000003,,1.3000000000000005,False
AYTU,2025-05-15,VAL 2022-26,1.940000057220459,1.940000057220459,1.94,1.94,False
AZI,2025-11-07,VAL 2022-26,0.152,0.152,0.1524,0.1524,False
AZI,2025-11-19,VAL 2022-26,0.127,0.127,0.1266,0.1266,False
AZI,2025-12-16,VAL 2022-26,2.0,2.0,2.0,2.0,False
AZI,2025-12-19,VAL 2022-26,2.2,2.2,2.2,2.2,False
AZI,2025-12-22,VAL 2022-26,4.175,4.175,4.175,4.175,False
AZI,2026-01-28,VAL 2022-26,2.9200000762939453,2.9200000762939453,,2.9200000762939453,False
AZI,2026-03-09,VAL 2022-26,5.5,0.55,0.5499,0.5499,False
AZI,2026-06-09,VAL 2022-26,2.930000066757202,2.930000066757202,2.93,2.93,False
AZI,2026-08-06,VAL 2022-26,1.2200000286102295,1.2200000286102295,,1.2200000286102295,False
AZIO,2018-05-21,DEV 2015-21,1.4800000000000002,296.0,,,True
AZIO,2019-04-30,DEV 2015-21,0.4100000000000001,82.0,,,True
AZIO,2020-06-10,DEV 2015-21,0.32,64.0,,,True
AZIO,2025-01-29,VAL 2022-26,0.7400000095367432,7.400000095367432,,,True
AZIO,2025-09-15,VAL 2022-26,5.070000171661377,5.070000171661377,,5.070000171661377,False
AZIO,2026-01-06,VAL 2022-26,0.5329999923706055,0.5329999923706055,,0.5329999923706055,False
AZIO,2026-01-12,VAL 2022-26,1.149999976158142,1.149999976158142,,1.149999976158142,False
AZTR,2024-07-23,VAL 2022-26,6.089999771118164,6.096095866985149,,6.089999771118164,False
AZTR,2025-02-04,VAL 2022-26,0.525,0.5255255255255256,0.525,0.525,False
AZTR,2025-06-17,VAL 2022-26,0.3300000071525573,0.3303303374900474,0.33,0.33,False
AZTR,2025-08-22,VAL 2022-26,1.190000057220459,1.190000057220459,1.19,1.19,False
AZTR,2025-08-27,VAL 2022-26,1.2799999713897705,1.2799999713897705,1.28,1.28,False
AZTR,2025-10-20,VAL 2022-26,0.9800000190734864,0.9800000190734864,0.98,0.98,False
AZTR,2026-03-20,VAL 2022-26,0.3310000002384186,0.3310000002384186,0.3309,0.3309,False
AZTR,2026-06-17,VAL 2022-26,0.3199999928474426,0.3199999928474426,0.3199,0.3199,False
AZTR,2026-06-22,VAL 2022-26,0.2300000041723251,0.2300000041723251,,0.2300000041723251,False
BAER,2023-02-24,VAL 2022-26,10.020000457763672,10.020000457763672,,10.020000457763672,False
BAER,2024-10-18,VAL 2022-26,2.859999895095825,2.859999895095825,2.86,2.86,False
BAER,2025-01-10,VAL 2022-26,3.819999933242798,3.819999933242798,3.82,3.82,False
BAK,2023-05-08,VAL 2022-26,11.31999969482422,11.31999969482422,,11.31999969482422,False
BAND,2022-11-02,VAL 2022-26,16.280000686645508,16.280000686645508,,16.280000686645508,False
BAND,2024-02-28,VAL 2022-26,17.709999084472656,17.709999084472656,,17.709999084472656,False
BAND,2024-10-31,VAL 2022-26,22.875,22.875,22.875,22.875,False
BAND,2026-04-30,VAL 2022-26,30.95499992370605,30.95499992370605,,30.95499992370605,False
BAOS,2021-07-13,DEV 2015-21,5.1400000254313145,1.606250007947286,,,True
BAOS,2021-11-02,DEV 2015-21,2.300000031789144,0.7187500099341074,,,True
BAOS,2023-05-05,VAL 2022-26,9.989999771118164,9.989999771118164,,9.989999771118164,False
BAOS,2023-06-08,VAL 2022-26,11.420000076293944,11.420000076293944,,11.420000076293944,False
BAOS,2024-12-24,VAL 2022-26,2.9800000190734863,2.9800000190734863,2.98,2.98,False
BAOS,2025-06-04,VAL 2022-26,4.340000152587891,4.340000152587891,4.34,4.34,False
BAOS,2025-10-09,VAL 2022-26,4.78000020980835,4.78000020980835,4.78,4.78,False
BAOS,2026-08-12,VAL 2022-26,1.090000033378601,1.090000033378601,,1.090000033378601,False
BAOS,2026-09-04,VAL 2022-26,0.3449999988079071,0.3449999988079071,,0.3449999988079071,False
BARK,2022-08-10,VAL 2022-26,2.1399999618530274,2.1399999618530274,,2.1399999618530274,False
BARK,2026-01-12,VAL 2022-26,0.7789999961853028,0.7789999961853029,,0.7789999961853028,False
BATL,2023-12-15,VAL 2022-26,9.56999969482422,9.56999969482422,,9.56999969482422,False
BATL,2024-09-20,VAL 2022-26,6.519999980926514,6.519999980926514,,6.519999980926514,False
BATL,2025-06-16,VAL 2022-26,2.9200000762939453,2.9200000762939453,2.92,2.92,False
BATL,2025-10-23,VAL 2022-26,1.5,1.5,1.5,1.5,False
BATL,2026-01-26,VAL 2022-26,6.53000020980835,6.53000020980835,6.53,6.53,False
BATL,2026-06-01,VAL 2022-26,1.7899999618530271,1.7899999618530271,,1.7899999618530271,False
BATRA,2023-07-19,VAL 2022-26,52.5,52.5,,52.5,False
BB,2024-05-14,VAL 2022-26,3.819999933242798,3.819999933242798,,3.819999933242798,False
BBAI,2022-04-06,VAL 2022-26,14.6899995803833,14.6899995803833,,14.6899995803833,False
BBAI,2022-09-29,VAL 2022-26,1.6100000143051147,1.6100000143051147,,1.6100000143051147,False
BBAI,2023-01-12,VAL 2022-26,3.630000114440918,3.630000114440918,,3.630000114440918,False
BBAI,2024-08-21,VAL 2022-26,1.7899999618530271,1.7899999618530271,,1.7899999618530271,False
BBAR,2015-10-26,DEV 2015-21,22.46999931335449,22.46999931335449,,22.46999931335449,False
BBAR,2025-10-27,VAL 2022-26,14.539999961853027,14.539999961853027,14.54,14.54,False
BBCP,2026-06-05,VAL 2022-26,11.3100004196167,11.3100004196167,,11.3100004196167,False
BBGI,2020-11-03,DEV 2015-21,1.8899999618530277,1.8899999618530274,,1.8899999618530277,False
BBGI,2025-12-10,VAL 2022-26,6.050000190734863,6.050000190734863,6.05,6.05,False
BBGI,2026-04-08,VAL 2022-26,5.25,5.25,5.25,5.25,False
BBLG,2021-11-02,DEV 2015-21,7.049999999999999,7.049999999999999,,7.049999999999999,False
BBLG,2023-11-16,VAL 2022-26,0.8100000222524006,0.8100000222524006,,0.8100000222524006,False
BBLG,2023-12-28,VAL 2022-26,5.9000002543131504,5.9000002543131504,,5.9000002543131504,False
BBLG,2024-07-24,VAL 2022-26,2.149999936421712,2.149999936421712,,2.149999936421712,False
BBLG,2024-08-01,VAL 2022-26,3.659999847412109,3.6599998474121094,,3.659999847412109,False
BBLG,2024-09-16,VAL 2022-26,1.2599999904632568,1.2599999904632568,,1.2599999904632568,False
BBLG,2025-06-27,VAL 2022-26,6.090000152587891,6.090000152587891,6.09,6.09,False
BBLG,2025-09-04,VAL 2022-26,2.75,2.75,2.75,2.75,False
BBW,2023-03-09,VAL 2022-26,24.850000381469727,24.850000381469727,,24.850000381469727,False
BBW,2025-05-29,VAL 2022-26,51.9900016784668,51.9900016784668,51.99,51.99,False
BCDA,2020-06-24,DEV 2015-21,2.78999989827474,2.789999898274739,,2.78999989827474,False
BCDA,2022-02-03,VAL 2022-26,1.959999974568685,1.9599999745686851,,1.959999974568685,False
BCDA,2022-04-12,VAL 2022-26,2.6,2.6,,2.6,False
BCDA,2023-11-14,VAL 2022-26,1.290000025431315,1.290000025431315,,1.290000025431315,False
BCDA,2024-08-29,VAL 2022-26,4.300000190734863,4.300000190734863,,4.300000190734863,False
BCDA,2026-06-05,VAL 2022-26,1.2000000476837158,1.2000000476837158,,1.2000000476837158,False
BCG,2024-05-22,VAL 2022-26,3.380000114440918,3.380000114440918,,3.380000114440918,False
BCG,2024-11-11,VAL 2022-26,2.430000066757202,2.430000066757202,,2.430000066757202,False
BCG,2025-11-14,VAL 2022-26,1.7200000286102295,1.7200000286102295,1.72,1.72,False
BCG,2026-04-01,VAL 2022-26,3.125,3.125,3.125,3.125,False
BCHT,2021-02-01,DEV 2015-21,1.0199999809265137,1.0199999809265137,,1.0199999809265137,False
BCRX,2017-05-25,DEV 2015-21,6.25,6.25,,6.25,False
BCRX,2020-04-13,DEV 2015-21,2.700000047683716,2.700000047683716,,2.700000047683716,False
BCTX,2021-06-02,DEV 2015-21,6.6099998474121096,0.44066665649414066,,,True
BCTX,2024-09-11,VAL 2022-26,1.9299999237060548,0.12866666158040366,,,True
BCTX,2025-02-03,VAL 2022-26,7.240000152587891,7.240000152587891,7.24,7.24,False
BCTX,2025-04-24,VAL 2022-26,9.35,9.35,9.35,9.35,False
BCTX,2026-01-13,VAL 2022-26,11.960000038146973,11.960000038146973,11.96,11.96,False
BCYC,2024-05-23,VAL 2022-26,26.01000022888184,26.01000022888184,,26.01000022888184,False
BDMD,2024-12-31,VAL 2022-26,1.5199999809265137,1.5199999809265137,1.52,1.52,False
BDRX,2019-04-24,DEV 2015-21,3.0100000000000016,3.0100000000000016,,3.0100000000000016,False
BDRX,2019-07-19,DEV 2015-21,2.650000000000001,2.6500000000000012,,2.650000000000001,False
BDRX,2020-01-08,DEV 2015-21,1.1100000000000003,1.1100000000000005,,1.1100000000000003,False
BDRX,2020-07-21,DEV 2015-21,3.080000000000001,3.080000000000001,,3.080000000000001,False
BDRX,2020-10-19,DEV 2015-21,2.490000000000001,2.490000000000001,,2.490000000000001,False
BDRX,2021-06-17,DEV 2015-21,3.4600000000000013,3.4600000000000013,,3.4600000000000013,False
BDRX,2022-06-01,VAL 2022-26,0.8240000000000003,0.8240000000000003,,0.8240000000000003,False
BDRX,2023-03-27,VAL 2022-26,1.61,1.61,,1.61,False
BDRX,2023-03-28,VAL 2022-26,0.6940000000000001,0.6940000000000001,,0.6940000000000001,False
BDRX,2023-06-27,VAL 2022-26,0.078,0.078,,0.078,False
BDRX,2023-11-27,VAL 2022-26,4.82,4.82,,4.82,False
BDRX,2024-02-13,VAL 2022-26,1.98,1.9800000000000002,,1.98,False
BDRX,2024-03-28,VAL 2022-26,1.61,1.61,,1.61,False
BDRX,2024-04-26,VAL 2022-26,1.66,1.6600000000000001,,1.66,False
BDRX,2024-05-21,VAL 2022-26,2.26,2.2600000000000002,,2.26,False
BDRX,2024-07-11,VAL 2022-26,1.61,1.61,,1.61,False
BDRX,2024-10-16,VAL 2022-26,8.480000000000002,8.480000000000002,8.48,8.48,False
BDRX,2025-02-10,VAL 2022-26,8.860000000000001,8.860000000000001,8.86,8.86,False
BDRX,2025-03-10,VAL 2022-26,4.19,4.19,4.19,4.19,False
BDRX,2025-04-04,VAL 2022-26,1.8200000000000005,1.8200000000000003,1.82,1.82,False
BDRX,2025-05-22,VAL 2022-26,1.7000000000000004,1.7000000000000004,1.7,1.7,False
BDRX,2025-06-18,VAL 2022-26,1.13,1.1300000000000001,1.13,1.13,False
BDRX,2025-10-09,VAL 2022-26,9.40999984741211,9.40999984741211,9.41,9.41,False
BDRX,2025-12-08,VAL 2022-26,7.25,7.25,7.25,7.25,False
BDRX,2025-12-10,VAL 2022-26,5.0,5.0,5.0,5.0,False
BDRX,2025-12-16,VAL 2022-26,5.8500000000000005,5.8500000000000005,5.85,5.85,False
BDRX,2026-04-02,VAL 2022-26,4.619999885559082,0.9239999771118165,0.9235,0.9235,False
BDRX,2026-08-25,VAL 2022-26,1.4550000429153442,1.4550000429153442,,1.4550000429153442,False
BDRX,2026-09-11,VAL 2022-26,0.8799999952316284,0.8799999952316284,,0.8799999952316284,False
BDSX,2022-04-12,VAL 2022-26,2.3299999237060547,2.3299999237060542,,2.3299999237060547,False
BDSX,2025-05-21,VAL 2022-26,0.3940000057220459,0.3940000057220459,0.3936,0.3936,False
BDSX,2025-09-04,VAL 2022-26,10.800000190734863,0.5400000095367432,0.5402,0.5402,False
BDSX,2026-01-12,VAL 2022-26,6.994999885559082,6.994999885559082,,6.994999885559082,False
BDTX,2023-06-27,VAL 2022-26,4.170000076293945,4.170000076293945,,4.170000076293945,False
BDTX,2025-01-13,VAL 2022-26,2.390000104904175,2.390000104904175,2.39,2.39,False
BDTX,2025-03-19,VAL 2022-26,2.359999895095825,2.359999895095825,2.36,2.36,False
BEAM,2020-08-06,DEV 2015-21,27.149999618530277,27.149999618530277,,27.149999618530277,False
BEAT,2022-09-15,VAL 2022-26,1.9700000286102293,1.9700000286102293,,1.9700000286102293,False
BEAT,2023-05-30,VAL 2022-26,2.799999952316284,2.799999952316284,,2.799999952316284,False
BEAT,2025-11-28,VAL 2022-26,0.8489999771118164,0.8489999771118164,0.8486,0.8486,False
BEAT,2025-12-10,VAL 2022-26,1.4500000476837158,1.4500000476837158,1.45,1.45,False
BEEM,2023-05-16,VAL 2022-26,12.220000267028809,12.220000267028809,,12.220000267028809,False
BEEM,2026-01-14,VAL 2022-26,2.200000047683716,2.200000047683716,,2.200000047683716,False
BEEM,2026-06-16,VAL 2022-26,1.4700000286102295,1.4700000286102295,,1.4700000286102295,False
BENF,2023-06-08,VAL 2022-26,15.0,15.0,,15.0,False
BENF,2024-03-07,VAL 2022-26,0.15,0.15000000000000002,,0.15,False
BENF,2024-04-12,VAL 2022-26,8.720000267028809,0.10900000333786011,,,True
BENF,2024-09-06,VAL 2022-26,2.380000114440918,2.380000114440918,,2.380000114440918,False
BENF,2024-10-04,VAL 2022-26,2.0799999237060547,2.0799999237060547,2.08,2.08,False
BENF,2024-11-15,VAL 2022-26,1.7699999809265137,1.7699999809265137,1.77,1.77,False
BENF,2025-08-26,VAL 2022-26,0.488999992609024,0.488999992609024,0.489,0.489,False
BENF,2025-09-30,VAL 2022-26,0.6370000243186951,0.6370000243186951,0.6367,0.6367,False
BENF,2026-02-18,VAL 2022-26,4.679999828338623,4.679999828338623,,4.679999828338623,False
BENF,2026-09-16,VAL 2022-26,0.824999988079071,0.824999988079071,,0.824999988079071,False
BENF,2026-09-18,VAL 2022-26,0.7570000290870667,0.7570000290870667,,0.7570000290870667,False
BENF,2026-09-23,VAL 2022-26,2.9200000762939453,2.9200000762939453,2.92,2.92,False
BESS,2026-06-05,VAL 2022-26,4.559999942779541,4.559999942779541,,4.559999942779541,False
BETR,2023-07-25,VAL 2022-26,14.9,14.9,,14.9,False
BFLY,2023-04-04,VAL 2022-26,2.25,2.25,,2.25,False
BFLY,2026-02-26,VAL 2022-26,4.005000114440918,4.005000114440918,,4.005000114440918,False
BFRG,2023-03-03,VAL 2022-26,3.5299999713897705,3.5299999713897705,,3.5299999713897705,False
BFRG,2023-04-04,VAL 2022-26,6.840000152587891,6.840000152587891,,6.840000152587891,False
BFRG,2023-07-25,VAL 2022-26,5.380000114440918,5.380000114440918,,5.380000114440918,False
BFRG,2024-01-17,VAL 2022-26,3.220000028610229,3.220000028610229,,3.220000028610229,False
BFRG,2026-03-30,VAL 2022-26,1.0499999523162842,1.0499999523162842,1.05,1.05,False
BFRG,2026-09-23,VAL 2022-26,0.7820000052452087,0.7820000052452087,,0.7820000052452087,False
BFRI,2021-11-24,DEV 2015-21,5.979999923706055,5.979999923706055,,5.979999923706055,False
BFRI,2024-02-20,VAL 2022-26,1.2699999809265137,1.2699999809265137,,1.2699999809265137,False
BGDE,2024-12-05,VAL 2022-26,0.8899999618530274,17.799999237060547,,,True
BGDE,2025-12-11,VAL 2022-26,8.5,8.5,,8.5,False
BGL,2026-01-23,VAL 2022-26,5.340000152587891,5.340000152587891,,5.340000152587891,False
BGLC,2023-07-21,VAL 2022-26,6.819999694824219,6.819999694824219,,6.819999694824219,False
BGLC,2023-08-23,VAL 2022-26,1.7200000762939454,1.7200000762939454,,1.7200000762939454,False
BGLC,2023-11-24,VAL 2022-26,0.75,0.75,,0.75,False
BGLC,2024-02-13,VAL 2022-26,1.0600000381469727,1.060000038146973,,1.0600000381469727,False
BGLC,2025-04-11,VAL 2022-26,2.930000066757202,2.930000066757202,2.93,2.93,False
BGLC,2025-07-01,VAL 2022-26,10.145000457763672,10.145000457763672,10.145,10.145,False
BGMS,2015-02-27,DEV 2015-21,1.33,4788.0,,,True
BGMS,2015-03-02,DEV 2015-21,1.83,6588.0,,,True
BGMS,2016-08-12,DEV 2015-21,5.78,1734.0,,,True
BGMS,2017-04-03,DEV 2015-21,4.59,1377.0,,,True
BGMS,2017-04-04,DEV 2015-21,7.95,2385.0,,,True
BGMS,2019-03-08,DEV 2015-21,1.05,315.0,,,True
BGMS,2019-05-24,DEV 2015-21,0.8200000000000001,246.0,,,True
BGMS,2020-04-20,DEV 2015-21,9.49,142.35,,,True
BGMS,2024-04-30,VAL 2022-26,1.9300000508626305,1.9300000508626305,,1.9300000508626305,False
BGMS,2025-01-03,VAL 2022-26,0.6900000254313151,0.6900000254313151,,0.6900000254313151,False
BGMS,2025-07-15,VAL 2022-26,4.579999923706055,4.579999923706055,,4.579999923706055,False
BGMS,2026-06-05,VAL 2022-26,2.7300000190734863,2.7300000190734863,2.73,2.73,False
BGSF,2025-06-17,VAL 2022-26,5.599999904632568,5.599999904632568,5.6,5.6,False
BGSF,2025-09-12,VAL 2022-26,7.78000020980835,7.78000020980835,7.78,7.78,False
BHR,2016-06-08,DEV 2015-21,13.590000705718994,13.455446243286133,,13.590000705718994,False
BHR,2020-11-09,DEV 2015-21,3.130000114440918,3.130000114440918,,3.130000114440918,False
BIAF,2023-01-24,VAL 2022-26,1.91,1.91,,1.91,False
BIAF,2025-04-01,VAL 2022-26,0.69,0.69,0.6899,0.6899,False
BIAF,2025-06-26,VAL 2022-26,0.359000006781684,0.35900000678168403,0.3585,0.3585,False
BIAF,2025-09-26,VAL 2022-26,6.179999796549479,6.17999979654948,6.18,6.18,False
BIAF,2026-03-13,VAL 2022-26,1.7949999491373698,1.7949999491373698,1.795,1.795,False
BIAF,2026-08-18,VAL 2022-26,7.980000019073486,0.5320000012715658,,,True
BIAF,2026-09-01,VAL 2022-26,7.71999979019165,7.71999979019165,7.72,7.72,False
BIOA,2025-10-23,VAL 2022-26,8.0,8.0,8.0,8.0,False
BIRD,2026-04-15,VAL 2022-26,6.820000171661377,6.820000171661377,6.82,6.82,False
BIVI,2022-09-07,VAL 2022-26,4.140000000000001,4.140000000000001,,4.140000000000001,False
BIVI,2024-03-01,VAL 2022-26,2.9900000000000007,2.9900000000000007,,2.9900000000000007,False
BIVI,2024-10-21,VAL 2022-26,4.1000000000000005,4.1000000000000005,4.1,4.1,False
BIVI,2026-08-19,VAL 2022-26,1.2999999523162842,1.2999999523162842,,1.2999999523162842,False
BIYA,2025-06-20,VAL 2022-26,1.115,1.115,1.115,1.115,False
BIYA,2025-11-06,VAL 2022-26,0.536,0.536,0.5359,0.5359,False
BIYA,2026-01-16,VAL 2022-26,6.1099998474121096,6.109999847412109,,6.1099998474121096,False
BIYA,2026-04-21,VAL 2022-26,1.1699999809265138,1.1699999809265138,,1.1699999809265138,False
BIYA,2026-04-28,VAL 2022-26,1.3399999618530274,1.3399999618530272,1.34,1.34,False
BIYA,2026-06-30,VAL 2022-26,0.5150000095367432,0.5150000095367432,0.5152,0.5152,False
BIYA,2026-07-17,VAL 2022-26,4.199999809265137,4.199999809265137,,4.199999809265137,False
BJDX,2022-06-09,VAL 2022-26,1.62,1.62,,1.62,False
BJDX,2023-07-28,VAL 2022-26,7.34,7.34,,7.34,False
BJDX,2023-08-03,VAL 2022-26,10.5,10.5,,10.5,False
BJDX,2023-09-20,VAL 2022-26,5.2,5.2,,5.2,False
BJDX,2024-08-02,VAL 2022-26,0.64,0.64,,0.64,False
BJDX,2024-12-05,VAL 2022-26,6.539999961853027,6.539999961853027,6.54,6.54,False
BJDX,2025-04-07,VAL 2022-26,8.25,8.25,8.25,8.25,False
BJDX,2025-06-06,VAL 2022-26,2.1600000858306885,2.1600000858306885,2.16,2.16,False
BJDX,2025-08-11,VAL 2022-26,1.7999999523162842,1.7999999523162842,1.8,1.8,False
BJDX,2025-10-07,VAL 2022-26,1.965000033378601,1.965000033378601,1.965,1.965,False
BJDX,2025-10-09,VAL 2022-26,3.7899999618530273,3.7899999618530273,3.79,3.79,False
BJDX,2026-06-02,VAL 2022-26,6.119999885559082,6.119999885559082,6.12,6.12,False
BJDX,2026-07-07,VAL 2022-26,1.5299999713897705,1.5299999713897705,,1.5299999713897705,False
BJDX,2026-08-05,VAL 2022-26,1.4800000190734863,1.4800000190734863,,1.4800000190734863,False
BJDX,2026-09-08,VAL 2022-26,1.024999976158142,1.024999976158142,,1.024999976158142,False
BJRI,2025-10-31,VAL 2022-26,34.56999969482422,34.56999969482422,34.57,34.57,False
BKKT,2021-01-08,DEV 2015-21,16.27,16.27,,16.27,False
BKKT,2021-10-25,DEV 2015-21,13.86,13.86,,13.86,False
BKKT,2025-05-13,VAL 2022-26,12.630000114440918,12.630000114440918,12.63,12.63,False
BKKT,2025-09-22,VAL 2022-26,14.300000190734863,14.300000190734863,14.3,14.3,False
BKSY,2021-02-18,DEV 2015-21,13.81999969482422,13.81999969482422,,13.81999969482422,False
BKSY,2025-01-28,VAL 2022-26,15.8100004196167,15.8100004196167,15.81,15.81,False
BKTI,2025-08-14,VAL 2022-26,53.5,53.5,53.5,53.5,False
BKYI,2020-03-11,DEV 2015-21,1.33999998304579,1.3399999830457898,,1.33999998304579,False
BKYI,2020-03-27,DEV 2015-21,2.1,2.1,,2.1,False
BKYI,2020-10-08,DEV 2015-21,0.6800000084771051,0.6800000084771051,,0.6800000084771051,False
BKYI,2020-11-23,DEV 2015-21,3.55999993218316,3.55999993218316,,3.55999993218316,False
BKYI,2023-10-27,VAL 2022-26,0.2599999957614475,0.2599999957614475,,0.2599999957614475,False
BKYI,2024-09-10,VAL 2022-26,1.8899999618530277,1.8899999618530279,,1.8899999618530277,False
BKYI,2024-10-29,VAL 2022-26,1.5699999809265135,1.5699999809265137,1.57,1.57,False
BKYI,2025-01-10,VAL 2022-26,1.8100000381469727,1.8100000381469727,1.8096,1.8096,False
BKYI,2025-10-27,VAL 2022-26,1.9,1.9000000000000001,1.9,1.9,False
BKYI,2025-11-07,VAL 2022-26,0.9399999618530274,0.9399999618530273,0.9407,0.9407,False
BKYI,2026-01-28,VAL 2022-26,0.7699999809265137,0.7699999809265137,,0.7699999809265137,False
BLBD,2015-02-19,DEV 2015-21,12.0,12.0,,12.0,False
BLBD,2015-05-19,DEV 2015-21,15.789999961853027,15.789999961853027,,15.789999961853027,False
BLBD,2023-05-12,VAL 2022-26,24.57999992370605,24.57999992370605,,24.57999992370605,False
BLDP,2015-02-11,DEV 2015-21,2.509999990463257,2.509999990463257,,2.509999990463257,False
BLDR,2015-04-13,DEV 2015-21,11.0,11.0,,11.0,False
BLFS,2015-06-03,DEV 2015-21,2.490000009536743,2.490000009536743,,2.490000009536743,False
BLFS,2015-08-31,DEV 2015-21,3.0,3.0,,3.0,False
BLFS,2016-07-11,DEV 2015-21,3.049999952316284,3.049999952316284,,3.049999952316284,False
BLFS,2021-03-23,DEV 2015-21,46.5,46.5,,46.5,False
BLIN,2016-06-08,DEV 2015-21,2.85,2.85,,2.85,False
BLIN,2016-07-07,DEV 2015-21,1.38,1.3800000000000001,,1.38,False
BLIN,2017-12-20,DEV 2015-21,3.28,3.2800000000000002,,3.28,False
BLIN,2018-07-10,DEV 2015-21,2.9,2.9,,2.9,False
BLIN,2018-08-30,DEV 2015-21,1.1,1.1,,1.1,False
BLIN,2019-05-07,DEV 2015-21,9.029999732971191,9.029999732971191,,9.029999732971191,False
BLIN,2019-06-12,DEV 2015-21,3.900000095367432,3.900000095367432,,3.900000095367432,False
BLIN,2020-05-15,DEV 2015-21,2.5899999141693115,2.5899999141693115,,2.5899999141693115,False
BLIN,2021-06-30,DEV 2015-21,4.869999885559082,4.869999885559082,,4.869999885559082,False
BLMN,2026-05-06,VAL 2022-26,7.059999942779541,7.059999942779541,,7.059999942779541,False
BLMN,2026-08-05,VAL 2022-26,12.119999885559082,12.119999885559082,,12.119999885559082,False
BLND,2024-08-09,VAL 2022-26,3.309999942779541,3.309999942779541,,3.309999942779541,False
BLNE,2024-09-05,VAL 2022-26,2.5799999237060547,2.5799999237060547,,2.5799999237060547,False
BLNE,2025-03-26,VAL 2022-26,2.970000028610229,2.970000028610229,2.97,2.97,False
BLNE,2026-01-09,VAL 2022-26,2.119999885559082,2.119999885559082,,2.119999885559082,False
BLNK,2018-05-07,DEV 2015-21,1.950000047683716,1.950000047683716,,1.950000047683716,False
BLNK,2018-05-08,DEV 2015-21,5.429999828338623,5.429999828338623,,5.429999828338623,False
BLNK,2020-06-30,DEV 2015-21,5.909999847412109,5.909999847412109,,5.909999847412109,False
BLRX,2019-02-04,DEV 2015-21,0.8500000000000001,0.8500000000000001,,0.8500000000000001,False
BLRX,2020-10-30,DEV 2015-21,2.279999923706055,2.2799999237060553,,2.279999923706055,False
BLRX,2021-05-04,DEV 2015-21,4.890000152587891,4.8900001525878904,,4.890000152587891,False
BLRX,2025-05-30,VAL 2022-26,5.869999885559082,5.869999885559082,5.87,5.87,False
BLZE,2026-05-05,VAL 2022-26,7.429999828338623,7.429999828338623,7.43,7.43,False
BLZE,2026-06-23,VAL 2022-26,10.3100004196167,10.3100004196167,,10.3100004196167,False
BMA,2015-10-26,DEV 2015-21,55.0,55.0,,55.0,False
BMBL,2026-03-12,VAL 2022-26,3.670000076293945,3.670000076293945,,3.670000076293945,False
BMEA,2023-03-28,VAL 2022-26,23.0,23.0,,23.0,False
BMEA,2023-11-29,VAL 2022-26,12.119999885559082,12.119999885559082,,12.119999885559082,False
BMGL,2025-05-30,VAL 2022-26,1.2799999713897705,1.2799999713897705,1.28,1.28,False
BMGL,2025-07-09,VAL 2022-26,3.1099999745686846,3.1099999745686846,3.11,3.11,False
BMGL,2026-09-14,VAL 2022-26,8.0600004196167,8.0600004196167,8.06,8.06,False
BMM,2026-09-14,VAL 2022-26,6.590000152587891,6.590000152587891,,6.590000152587891,False
BMNR,2025-06-30,VAL 2022-26,15.0,15.0,15.0,15.0,False
BMR,2023-05-25,VAL 2022-26,6.0,6.0,,6.0,False
BMR,2024-02-12,VAL 2022-26,6.070000171661377,6.070000171661377,,6.070000171661377,False
BMR,2024-06-12,VAL 2022-26,6.070000171661377,6.070000171661377,,6.070000171661377,False
BMRA,2018-01-10,DEV 2015-21,5.5,5.5,,5.5,False
BMRA,2020-03-18,DEV 2015-21,6.28000020980835,6.28000020980835,,6.28000020980835,False
BMRA,2020-03-19,DEV 2015-21,19.799999237060547,19.799999237060547,,19.799999237060547,False
BMRA,2020-05-07,DEV 2015-21,8.220000267028809,8.220000267028809,,8.220000267028809,False
BMRA,2021-01-12,DEV 2015-21,6.539999961853027,6.539999961853027,,6.539999961853027,False
BMRA,2021-10-01,DEV 2015-21,6.260000228881836,6.260000228881836,,6.260000228881836,False
BMRA,2022-07-14,VAL 2022-26,3.740000009536743,3.740000009536743,,3.740000009536743,False
BMRA,2022-10-14,VAL 2022-26,5.0,5.0,,5.0,False
BMRA,2023-12-18,VAL 2022-26,1.5099999904632568,1.509999990463257,,1.5099999904632568,False
BMRA,2024-11-29,VAL 2022-26,0.3899999856948852,0.38999998569488525,0.392,0.392,False
BMRA,2025-01-16,VAL 2022-26,1.100000023841858,1.100000023841858,1.1,1.1,False
BMRA,2025-08-14,VAL 2022-26,4.199999809265137,4.199999809265137,4.2,4.2,False
BNAI,2024-03-18,VAL 2022-26,14.45,14.450000000000001,,14.45,False
BNAI,2024-05-29,VAL 2022-26,2.0799999237060547,2.0799999237060547,,2.0799999237060547,False
BNAI,2024-12-31,VAL 2022-26,1.1100000381469728,1.1100000381469728,1.11,1.11,False
BNAI,2025-02-10,VAL 2022-26,0.5400000095367432,0.5400000095367432,0.54,0.54,False
BNAI,2025-06-02,VAL 2022-26,0.4550000190734863,0.45500001907348636,0.4552,0.4552,False
BNAI,2025-10-03,VAL 2022-26,0.496999979019165,0.49699997901916504,0.4972,0.4972,False
BNAI,2025-11-10,VAL 2022-26,0.5869999885559082,0.5869999885559082,0.587,0.587,False
BNAI,2025-12-29,VAL 2022-26,1.7799999713897705,1.7799999713897705,1.78,1.78,False
BNC,2022-06-21,VAL 2022-26,1.25,1.25,,1.25,False
BNC,2025-07-28,VAL 2022-26,51.9900016784668,51.9900016784668,,51.9900016784668,False
BNC,2026-09-08,VAL 2022-26,5.369999885559082,5.369999885559082,5.37,5.37,False
BNED,2023-03-10,VAL 2022-26,2.08,2.08,,2.08,False
BNED,2023-12-07,VAL 2022-26,1.305,1.305,,1.305,False
BNED,2024-05-22,VAL 2022-26,0.931999969482422,0.931999969482422,,0.931999969482422,False
BNED,2025-11-25,VAL 2022-26,8.619999885559082,8.619999885559082,8.62,8.62,False
BNGO,2019-10-16,DEV 2015-21,1.12,1.12,,1.12,False
BNGO,2019-10-18,DEV 2015-21,1.7100000000000002,1.7100000000000002,,1.7100000000000002,False
BNGO,2019-11-07,DEV 2015-21,1.38,1.3800000000000001,,1.38,False
BNGO,2019-12-05,DEV 2015-21,1.1800000000000002,1.1800000000000002,,1.1800000000000002,False
BNGO,2020-03-10,DEV 2015-21,1.09,1.09,,1.09,False
BNGO,2020-03-31,DEV 2015-21,0.5800000000000001,0.5800000000000001,,0.5800000000000001,False
BNGO,2020-07-17,DEV 2015-21,0.66,0.66,,0.66,False
BNGO,2020-07-22,DEV 2015-21,1.0,1.0,,1.0,False
BNGO,2020-12-28,DEV 2015-21,0.88,0.88,,0.88,False
BNGO,2024-12-31,VAL 2022-26,0.3600000063578287,0.36000000635782875,0.36,0.36,False
BNKK,2022-06-17,VAL 2022-26,0.7700000217982701,0.7700000217982701,,0.7700000217982701,False
BNKK,2023-07-10,VAL 2022-26,0.69500002179827,0.69500002179827,,0.69500002179827,False
BNKK,2025-11-20,VAL 2022-26,0.2229999950953892,0.22299999509538923,0.2234,0.2234,False
BNKK,2026-01-15,VAL 2022-26,4.150000095367432,4.150000095367432,,4.150000095367432,False
BNR,2023-01-03,VAL 2022-26,2.860000038146973,2.860000038146973,,2.860000038146973,False
BNTC,2017-01-17,DEV 2015-21,2.65,39.75,,,True
BNTC,2018-07-09,DEV 2015-21,4.25,63.75,,,True
BNTC,2020-04-20,DEV 2015-21,7.490000107709099,7.490000107709099,,7.490000107709099,False
BNTC,2021-03-23,DEV 2015-21,6.900000179515166,6.900000179515165,,6.900000179515166,False
BNTC,2022-10-18,VAL 2022-26,0.2949999921462115,0.29499999214621153,,0.2949999921462115,False
BNTC,2023-06-26,VAL 2022-26,0.2969999874339384,0.2969999874339384,,0.2969999874339384,False
BNTX,2020-03-16,DEV 2015-21,49.36000061035156,49.36000061035156,,49.36000061035156,False
BNTX,2020-03-17,DEV 2015-21,65.0,65.0,,65.0,False
BNTX,2020-03-18,DEV 2015-21,90.38999938964844,90.38999938964844,,90.38999938964844,False
BODI,2024-03-12,VAL 2022-26,10.920000076293944,10.920000076293944,,10.920000076293944,False
BODI,2025-11-11,VAL 2022-26,6.03000020980835,6.03000020980835,6.03,6.03,False
BOF,2024-04-24,VAL 2022-26,1.950000047683716,1.950000047683716,,1.950000047683716,False
BOF,2024-08-28,VAL 2022-26,1.1699999570846558,1.1699999570846558,,1.1699999570846558,False
BOF,2024-08-29,VAL 2022-26,2.2699999809265137,2.2699999809265137,,2.2699999809265137,False
BOF,2025-10-21,VAL 2022-26,2.5450000762939453,2.5450000762939453,2.545,2.545,False
BOLD,2026-04-14,VAL 2022-26,1.4600000381469729,1.4600000381469729,,1.4600000381469729,False
BOLD,2026-06-23,VAL 2022-26,2.400000095367432,2.400000095367432,2.4,2.4,False
BON,2021-08-17,DEV 2015-21,13.11,13.11,,13.11,False
BON,2022-05-05,VAL 2022-26,6.32,6.32,,6.32,False
BON,2025-03-14,VAL 2022-26,1.61,1.61,1.61,1.61,False
BON,2025-04-11,VAL 2022-26,0.1060000038146972,0.10600000381469729,0.1059,0.1059,False
BON,2025-04-29,VAL 2022-26,0.0780000019073486,0.07800000190734864,0.0784,0.0784,False
BON,2025-05-16,VAL 2022-26,2.049999952316284,0.08199999809265136,0.0818,0.0818,False
BON,2025-05-22,VAL 2022-26,1.909999966621399,1.909999966621399,1.91,1.91,False
BON,2025-06-04,VAL 2022-26,2.1619999408721924,2.1619999408721924,2.162,2.162,False
BON,2025-09-09,VAL 2022-26,3.009999990463257,3.009999990463257,3.01,3.01,False
BOOM,2026-05-01,VAL 2022-26,7.5,7.5,,7.5,False
BOOM,2026-07-30,VAL 2022-26,7.0,7.0,,7.0,False
BOOT,2016-02-03,DEV 2015-21,6.829999923706055,6.829999923706055,,6.829999923706055,False
BOOT,2017-11-03,DEV 2015-21,10.529999732971191,10.529999732971191,,10.529999732971191,False
BORR,2020-04-06,DEV 2015-21,0.7260000109672546,0.7260000109672546,,0.7260000109672546,False
BORR,2020-06-05,DEV 2015-21,0.9890000224113464,0.9890000224113464,,0.9890000224113464,False
BORR,2020-08-03,DEV 2015-21,1.1399999856948853,1.1399999856948853,,1.1399999856948853,False
BORR,2021-11-05,DEV 2015-21,1.3300000429153442,1.3300000429153442,,1.3300000429153442,False
BORR,2022-03-02,VAL 2022-26,2.559999942779541,2.559999942779541,,2.559999942779541,False
BOSC,2016-12-15,DEV 2015-21,2.7699999809265137,2.7699999809265137,,2.7699999809265137,False
BOSC,2025-05-29,VAL 2022-26,5.119999885559082,5.119999885559082,5.12,5.12,False
BOXL,2018-05-03,DEV 2015-21,11.499999999999998,11.499999999999998,,11.499999999999998,False
BOXL,2019-03-29,DEV 2015-21,3.469999864366319,3.469999864366319,,3.469999864366319,False
BOXL,2020-03-25,DEV 2015-21,0.7,0.7,,0.7,False
BOXL,2020-07-13,DEV 2015-21,1.28500001695421,1.28500001695421,,1.28500001695421,False
BOXL,2021-08-13,DEV 2015-21,2.42999996609158,2.4299999660915796,,2.42999996609158,False
BOXL,2025-09-22,VAL 2022-26,6.06000010172526,6.060000101725259,6.06,6.06,False
BOXL,2026-01-21,VAL 2022-26,2.1799999872843423,2.1799999872843427,2.18,2.18,False
BOXL,2026-02-04,VAL 2022-26,1.699999968210856,1.699999968210856,,1.699999968210856,False
BOXL,2026-08-12,VAL 2022-26,4.565000057220459,4.565000057220459,4.565,4.565,False
BQ,2024-02-16,VAL 2022-26,0.4,0.4,,0.4,False
BQ,2026-06-10,VAL 2022-26,1.1200000047683716,1.1200000047683716,,1.1200000047683716,False
BRAI,2026-05-26,VAL 2022-26,8.619999885559082,8.619999885559082,,8.619999885559082,False
BRAI,2026-06-17,VAL 2022-26,9.399999618530272,9.399999618530272,,9.399999618530272,False
BRCC,2026-08-04,VAL 2022-26,12.699999809265137,1.2699999809265137,,,True
BRFH,2024-04-25,VAL 2022-26,1.7200000286102295,1.7200000286102295,,1.7200000286102295,False
BRFH,2025-09-18,VAL 2022-26,3.5999999046325684,3.5999999046325684,3.6,3.6,False
BRIA,2025-09-04,VAL 2022-26,4.829999923706055,4.829999923706055,4.83,4.83,False
BRLS,2026-02-09,VAL 2022-26,0.800000011920929,0.800000011920929,,0.800000011920929,False
BRN,2018-07-23,DEV 2015-21,2.2699999809265137,2.2699999809265137,,2.2699999809265137,False
BRN,2020-02-11,DEV 2015-21,1.1299999952316284,1.1299999952316284,,1.1299999952316284,False
BRN,2020-06-23,DEV 2015-21,1.899999976158142,1.899999976158142,,1.899999976158142,False
BRN,2020-09-29,DEV 2015-21,1.0,1.0,,1.0,False
BRN,2022-03-08,VAL 2022-26,6.380000114440918,6.380000114440918,,6.380000114440918,False
BRN,2023-04-03,VAL 2022-26,2.8299999237060547,2.8299999237060547,,2.8299999237060547,False
BRNX,2023-04-10,VAL 2022-26,1.1,11550.0,,,True
BRNX,2023-04-11,VAL 2022-26,1.6500000000000004,17325.0,,,True
BRNX,2024-05-17,VAL 2022-26,3.06,3213.0,,,True
BRNX,2024-06-06,VAL 2022-26,1.33,1396.5,,,True
BRNX,2024-08-30,VAL 2022-26,1.42,1491.0,,,True
BRNX,2024-12-31,VAL 2022-26,1.23,1291.5,,,True
BRNX,2026-07-24,VAL 2022-26,1.0250000158945718,6.150000095367432,,,True
BRTX,2020-08-07,DEV 2015-21,4.4999998807907104e-05,4.4999998807907104e-05,,4.4999998807907104e-05,False
BRTX,2020-08-10,DEV 2015-21,0.000225,0.00022500000000000002,,0.000225,False
BRTX,2020-08-24,DEV 2015-21,0.0003,0.00030000000000000003,,0.0003,False
BRTX,2020-10-26,DEV 2015-21,0.0009699999809265,0.0009699999809265138,,0.0009699999809265,False
BRTX,2021-12-22,DEV 2015-21,0.2960000038146972,0.29600000381469727,,0.2960000038146972,False
BRTX,2023-03-02,VAL 2022-26,0.1870000004768371,0.18700000047683718,,0.1870000004768371,False
BRTX,2024-04-30,VAL 2022-26,0.075,0.07500000000000001,,0.075,False
BRTX,2024-06-13,VAL 2022-26,0.102999997138977,0.10299999713897706,,0.102999997138977,False
BRTX,2026-02-24,VAL 2022-26,0.0129350006580352,0.012935000658035276,,0.0129350006580352,False
BRTX,2026-03-10,VAL 2022-26,0.0150999993085861,0.015099999308586121,,0.0150999993085861,False
BRTX,2026-05-27,VAL 2022-26,0.020160000026226,0.020160000026226046,0.4032,0.4032,False
BSIN,2018-08-22,DEV 2015-21,1.0199999809265137,10.199999809265137,,,True
BSIN,2020-07-22,DEV 2015-21,6.099999904632568,6.099999904632568,,6.099999904632568,False
BSIN,2020-09-29,DEV 2015-21,17.229999542236328,17.229999542236328,,17.229999542236328,False
BSIN,2022-03-08,VAL 2022-26,10.029999732971191,10.029999732971191,,10.029999732971191,False
BSIN,2025-06-13,VAL 2022-26,2.549999952316284,2.549999952316284,,2.549999952316284,False
BSIN,2026-03-02,VAL 2022-26,1.5,1.5,,1.5,False
BSIN,2026-04-27,VAL 2022-26,1.3700000047683716,1.3700000047683716,,1.3700000047683716,False
BTBD,2022-01-24,VAL 2022-26,3.799999952316284,3.799999952316284,,3.799999952316284,False
BTBD,2024-01-09,VAL 2022-26,2.950000047683716,2.950000047683716,,2.950000047683716,False
BTBD,2025-08-04,VAL 2022-26,2.0899999141693115,2.0899999141693115,2.09,2.09,False
BTBD,2025-09-03,VAL 2022-26,3.954999923706055,3.954999923706055,3.955,3.955,False
BTBD,2026-04-06,VAL 2022-26,2.309999942779541,2.309999942779541,,2.309999942779541,False
BTBT,2020-04-17,DEV 2015-21,2.8299999237060547,2.8299999237060547,,2.8299999237060547,False
BTBT,2023-01-17,VAL 2022-26,1.4500000476837158,1.4500000476837158,,1.4500000476837158,False
BTCS,2017-08-14,DEV 2015-21,2.58000005086263,0.5160000101725261,,,True
BTCS,2024-11-13,VAL 2022-26,3.58899998664856,3.58899998664856,3.589,3.589,False
BTCT,2021-02-05,DEV 2015-21,113.7,3.79,,,True
BTCT,2021-05-21,DEV 2015-21,46.2,1.54,,,True
BTCT,2021-08-05,DEV 2015-21,20.4,0.68,,,True
BTCT,2021-10-25,DEV 2015-21,12.0,0.4,,,True
BTCT,2021-10-26,DEV 2015-21,17.400000000000002,0.5800000000000001,,,True
BTCT,2022-04-13,VAL 2022-26,4.800000000000001,0.16,,,True
BTCT,2023-09-29,VAL 2022-26,5.489999771118164,5.489999771118164,,5.489999771118164,False
BTCT,2024-11-12,VAL 2022-26,4.71999979019165,4.71999979019165,4.72,4.72,False
BTCT,2025-01-17,VAL 2022-26,6.079999923706055,6.079999923706055,6.08,6.08,False
BTCT,2025-03-03,VAL 2022-26,5.28000020980835,5.28000020980835,5.28,5.28,False
BTCT,2025-07-09,VAL 2022-26,4.329999923706055,4.329999923706055,4.33,4.33,False
BTCT,2026-06-30,VAL 2022-26,1.1100000143051147,1.1100000143051147,1.11,1.11,False
BTCT,2026-08-20,VAL 2022-26,1.5399999618530271,1.5399999618530271,1.54,1.54,False
BTCT,2026-08-24,VAL 2022-26,1.6299999952316284,1.6299999952316284,,1.6299999952316284,False
BTTC,2025-12-11,VAL 2022-26,8.949999809265137,8.949999809265137,8.95,8.95,False
BTTC,2026-01-20,VAL 2022-26,2.75,2.75,2.75,2.75,False
BTTC,2026-09-21,VAL 2022-26,0.6439999938011169,0.6439999938011169,0.644,0.644,False
BTU,2020-12-28,DEV 2015-21,2.5199999809265137,2.5199999809265137,,2.5199999809265137,False
BULL,2025-04-11,VAL 2022-26,16.0,16.0,,16.0,False
BULL,2025-04-14,VAL 2022-26,27.63999938964844,27.63999938964844,27.64,27.64,False
BURU,2023-04-05,VAL 2022-26,0.14,0.1402805611222445,,0.14,False
BURU,2023-08-08,VAL 2022-26,0.05,0.0501002004008016,,0.05,False
BURU,2024-05-17,VAL 2022-26,0.007,0.007014028056112224,,0.007,False
BURU,2024-05-31,VAL 2022-26,0.00625,0.0062625250501002,,0.00625,False
BURU,2024-08-14,VAL 2022-26,0.05375,0.05385771543086172,,0.05375,False
BURU,2024-09-09,VAL 2022-26,0.0170749998092651,0.01710921824575665,,0.0170749998092651,False
BURU,2024-10-04,VAL 2022-26,0.0135500001907348,0.013577154499734331,0.5415,0.5415,False
BURU,2024-10-08,VAL 2022-26,0.0149249994754791,0.01495490929406726,0.5968,0.5968,False
BURU,2024-10-16,VAL 2022-26,0.0267499995231628,0.026803606736636114,1.07,1.07,False
BURU,2024-12-12,VAL 2022-26,0.01125,0.01127254509018036,0.4499,0.4499,False
BURU,2025-02-21,VAL 2022-26,0.0075,0.00751503006012024,0.3,0.3,False
BURU,2025-03-12,VAL 2022-26,0.0056749999523162,0.005686372697711707,0.227,0.227,False
BURU,2025-05-30,VAL 2022-26,0.0107500004768371,0.01077154356396509,0.43,0.43,False
BURU,2025-09-03,VAL 2022-26,0.0054750001430511,0.005485972087225599,0.2188,0.2188,False
BURU,2025-10-03,VAL 2022-26,0.0072000002861022,0.007214429144391077,0.2883,0.2883,False
BURU,2026-03-04,VAL 2022-26,0.0090000003576278,0.009000000357627868,,0.0090000003576278,False
BVC,2024-10-16,VAL 2022-26,2.25,0.225,,,True
BVC,2024-12-30,VAL 2022-26,0.8999999761581421,0.08999999761581422,,,True
BVC,2025-02-24,VAL 2022-26,2.470000028610229,0.24700000286102292,,,True
BVC,2025-09-09,VAL 2022-26,2.970000028610229,0.2970000028610229,,,True
BVC,2025-11-19,VAL 2022-26,1.0,0.1,,,True
BVFL,2018-08-30,DEV 2015-21,9.798157691955566,9.798157691955566,,9.798157691955566,False
BVS,2023-02-28,VAL 2022-26,1.7699999809265137,1.7699999809265137,,1.7699999809265137,False
BVS,2024-05-07,VAL 2022-26,5.0,5.0,,5.0,False
BVS,2025-03-11,VAL 2022-26,10.9399995803833,10.9399995803833,10.94,10.94,False
BW,2025-06-05,VAL 2022-26,1.0399999618530271,1.0399999618530271,1.04,1.04,False
BW,2025-11-05,VAL 2022-26,4.795000076293945,4.795000076293945,4.795,4.795,False
BWAY,2020-08-24,DEV 2015-21,8.399999618530273,8.399999618530273,,8.399999618530273,False
BWEN,2020-04-28,DEV 2015-21,2.1700000762939453,2.1700000762939453,,2.1700000762939453,False
BWEN,2023-01-11,VAL 2022-26,3.609999895095825,3.609999895095825,,3.609999895095825,False
BWMN,2026-08-10,VAL 2022-26,42.34999847412109,42.34999847412109,42.35,42.35,False
BXBL,2026-07-20,VAL 2022-26,11.519000053405762,11.519000053405762,,11.519000053405762,False
BXC,2020-08-04,DEV 2015-21,17.950000762939453,17.950000762939453,,17.950000762939453,False
BYAH,2026-02-04,VAL 2022-26,5.900000095367432,0.11800000190734863,,,True
BYAH,2026-06-12,VAL 2022-26,2.869999885559082,2.869999885559082,2.87,2.87,False
BYFC,2020-06-17,DEV 2015-21,2.140000104904175,2.140000104904175,,2.140000104904175,False
BYFC,2020-06-19,DEV 2015-21,3.759999990463257,3.7599999904632564,,3.759999990463257,False
BYRN,2020-06-10,DEV 2015-21,1.7100000381469729,1.7100000381469727,,1.7100000381469729,False
BYRN,2020-07-23,DEV 2015-21,1.5,1.5,,1.5,False
BYRN,2021-04-13,DEV 2015-21,16.399999618530273,1.6399999618530274,,,True
BYSI,2021-08-04,DEV 2015-21,28.100000381469727,28.100000381469727,,28.100000381469727,False
BZAI,2025-07-18,VAL 2022-26,5.309999942779541,5.309999942779541,5.31,5.31,False
BZAI,2026-03-25,VAL 2022-26,1.5449999570846558,1.5449999570846558,,1.5449999570846558,False
BZFD,2023-01-26,VAL 2022-26,1.2899999618530271,1.2899999618530273,,1.2899999618530271,False
BZFD,2024-02-22,VAL 2022-26,0.449999988079071,0.44999998807907104,,0.449999988079071,False
BZFD,2024-05-22,VAL 2022-26,3.859999895095825,3.859999895095825,,3.859999895095825,False
BZFD,2026-05-12,VAL 2022-26,1.7000000476837158,1.7000000476837158,1.7,1.7,False
BZH,2026-05-11,VAL 2022-26,25.299999237060547,25.299999237060547,,25.299999237060547,False
BZUN,2022-03-16,VAL 2022-26,7.300000190734863,7.300000190734863,,7.300000190734863,False
CAAS,2016-02-16,DEV 2015-21,4.670000076293945,4.670000076293945,,4.670000076293945,False
CAAS,2020-11-30,DEV 2015-21,7.5,7.5,,7.5,False
CABA,2024-11-29,VAL 2022-26,3.799999952316284,3.799999952316284,3.8,3.8,False
CABA,2024-12-02,VAL 2022-26,5.070000171661377,5.070000171661377,5.07,5.07,False
CADL,2023-12-12,VAL 2022-26,1.350000023841858,1.350000023841858,,1.350000023841858,False
CADL,2024-04-04,VAL 2022-26,2.0299999713897705,2.0299999713897705,,2.0299999713897705,False
CADL,2024-12-11,VAL 2022-26,12.54800033569336,12.54800033569336,12.548,12.548,False
CAI,2025-08-13,VAL 2022-26,39.79999923706055,39.79999923706055,39.8,39.8,False
CALX,2020-10-21,DEV 2015-21,26.040000915527344,26.040000915527344,,26.040000915527344,False
CAMP,2025-09-10,VAL 2022-26,3.069999933242798,3.069999933242798,3.07,3.07,False
CANF,2015-04-27,DEV 2015-21,2.7700000000000005,2.7700000000000005,,2.7700000000000005,False
CANF,2015-09-17,DEV 2015-21,2.3800000000000003,2.3800000000000003,,2.3800000000000003,False
CANF,2015-09-18,DEV 2015-21,4.470000000000001,4.470000000000001,,4.470000000000001,False
CANF,2015-11-23,DEV 2015-21,3.640000000000001,3.6400000000000006,,3.640000000000001,False
CANF,2019-05-20,DEV 2015-21,7.050000000000002,7.050000000000002,,7.050000000000002,False
CANF,2019-09-10,DEV 2015-21,2.9000000000000004,2.9000000000000004,,2.9000000000000004,False
CANF,2019-10-17,DEV 2015-21,3.7000000000000006,3.7000000000000006,,3.7000000000000006,False
CANF,2019-10-31,DEV 2015-21,2.870000000000001,2.8700000000000006,,2.870000000000001,False
CANF,2019-11-29,DEV 2015-21,3.7800000000000007,3.7800000000000007,,3.7800000000000007,False
CANF,2020-01-03,DEV 2015-21,3.790000000000001,3.790000000000001,,3.790000000000001,False
CANF,2020-03-05,DEV 2015-21,2.0700000000000003,2.0700000000000003,,2.0700000000000003,False
CANF,2020-04-13,DEV 2015-21,2.0600000000000005,2.0600000000000005,,2.0600000000000005,False
CANF,2021-03-16,DEV 2015-21,4.160000000000001,4.160000000000001,,4.160000000000001,False
CANF,2021-12-20,DEV 2015-21,2.4000000000000004,2.4000000000000004,,2.4000000000000004,False
CANF,2022-06-29,VAL 2022-26,1.0600000000000005,1.0600000000000003,,1.0600000000000005,False
CANF,2025-11-18,VAL 2022-26,0.55,0.55,0.5493,0.5493,False
CANF,2025-12-26,VAL 2022-26,0.2700000047683716,0.2700000047683716,0.2707,0.2707,False
CANF,2026-03-04,VAL 2022-26,8.65999984741211,8.65999984741211,8.66,8.66,False
CANF,2026-04-30,VAL 2022-26,3.650000095367432,3.650000095367432,,3.650000095367432,False
CANF,2026-07-01,VAL 2022-26,5.019999980926514,5.019999980926514,5.02,5.02,False
CANG,2020-11-24,DEV 2015-21,12.91999969482422,6.45999984741211,,,True
CANG,2021-01-27,DEV 2015-21,11.990000152587893,5.9950000762939455,,,True
CANG,2026-04-20,VAL 2022-26,0.5,0.5,,0.5,False
CANG,2026-06-22,VAL 2022-26,0.2400000095367431,0.24000000953674322,,0.2400000095367431,False
CAPR,2015-06-08,DEV 2015-21,7.519999694824219,7.519999694824219,,7.519999694824219,False
CAPR,2017-07-18,DEV 2015-21,0.9600000381469728,0.9600000381469729,,0.9600000381469728,False
CAPR,2017-07-27,DEV 2015-21,1.4699999809265138,1.4699999809265138,,1.4699999809265138,False
CAPR,2017-11-29,DEV 2015-21,2.45,2.45,,2.45,False
CAPR,2019-01-24,DEV 2015-21,0.7400000095367432,0.7400000095367432,,0.7400000095367432,False
CAPR,2019-07-15,DEV 2015-21,7.150000095367432,7.150000095367432,,7.150000095367432,False
CAPR,2020-03-18,DEV 2015-21,1.4299999475479126,1.4299999475479126,,1.4299999475479126,False
CAPR,2020-04-03,DEV 2015-21,1.25,1.25,,1.25,False
CAPR,2020-04-29,DEV 2015-21,5.179999828338623,5.179999828338623,,5.179999828338623,False
CAPR,2024-09-24,VAL 2022-26,8.430000305175781,8.430000305175781,,8.430000305175781,False
CAPR,2025-12-03,VAL 2022-26,30.0,30.0,30.0,30.0,False
CAPS,2025-05-16,VAL 2022-26,2.759999990463257,2.759999990463257,2.76,2.76,False
CAPS,2025-08-25,VAL 2022-26,1.870000004768372,1.870000004768372,1.87,1.87,False
CAPS,2026-04-16,VAL 2022-26,0.800000011920929,0.800000011920929,,0.800000011920929,False
CAPS,2026-05-20,VAL 2022-26,0.4099999964237213,0.4099999964237213,,0.4099999964237213,False
CAPS,2026-09-23,VAL 2022-26,0.2300000041723251,0.2300000041723251,,0.2300000041723251,False
CAST,2026-04-24,VAL 2022-26,2.289999961853028,2.289999961853028,,2.289999961853028,False
CAST,2026-06-15,VAL 2022-26,4.840000152587891,4.840000152587891,4.84,4.84,False
CATX,2015-05-20,DEV 2015-21,2.1,2.1,,2.1,False
CATX,2018-05-11,DEV 2015-21,0.5099999904632568,0.5099999904632568,,0.5099999904632568,False
CATX,2020-05-13,DEV 2015-21,0.95,0.9500000000000001,,0.95,False
CATX,2021-01-06,DEV 2015-21,1.7399999618530275,1.7399999618530275,,1.7399999618530275,False
CATX,2023-09-18,VAL 2022-26,0.2700000047683716,0.2700000047683716,,0.2700000047683716,False
CBAT,2020-06-08,DEV 2015-21,0.7699999809265137,0.7699999809265137,,0.7699999809265137,False
CBAT,2020-09-24,DEV 2015-21,1.1200000047683716,1.1200000047683716,,1.1200000047683716,False
CBAT,2020-09-25,DEV 2015-21,3.5,3.5,,3.5,False
CBAT,2020-11-13,DEV 2015-21,5.28000020980835,5.28000020980835,,5.28000020980835,False
CBAT,2024-12-27,VAL 2022-26,1.100000023841858,1.100000023841858,1.1,1.1,False
CBIO,2017-05-18,DEV 2015-21,7.83,52.199999999999996,,,True
CBIO,2017-12-12,DEV 2015-21,18.25,121.66666666666667,,,True
CBIO,2024-06-25,VAL 2022-26,0.4,40.0,,,True
CBIO,2024-10-29,VAL 2022-26,0.38,38.0,,,True
CBIO,2025-02-18,VAL 2022-26,0.35,35.0,,,True
CBUS,2021-01-19,DEV 2015-21,7.350000000000001,36.75,,,True
CBUS,2023-01-17,VAL 2022-26,0.4770000076293946,2.385000038146973,,,True
CBUS,2025-10-15,VAL 2022-26,1.7649999856948853,1.7649999856948853,1.765,1.765,False
CCCC,2023-07-05,VAL 2022-26,3.5299999713897705,3.5299999713897705,,3.5299999713897705,False
CCCC,2023-12-12,VAL 2022-26,1.8200000524520876,1.8200000524520876,,1.8200000524520876,False
CCG,2024-02-14,VAL 2022-26,6.559999942779541,0.18742856979370118,,,True
CCG,2024-05-29,VAL 2022-26,1.9600000381469729,0.05600000108991351,,,True
CCHH,2026-01-20,VAL 2022-26,0.6719999790191651,0.6719999790191651,0.6717,0.6717,False
CCHH,2026-02-06,VAL 2022-26,0.6460000038146974,0.6460000038146974,0.6457,0.6457,False
CCHH,2026-02-09,VAL 2022-26,0.7349999904632569,0.7349999904632569,,0.7349999904632569,False
CCHH,2026-06-11,VAL 2022-26,1.0149999618530274,1.0149999618530272,1.015,1.015,False
CCHH,2026-07-07,VAL 2022-26,6.760000228881836,0.6760000228881836,0.6761,0.6761,False
CCLD,2017-05-10,DEV 2015-21,2.5999999046325684,2.5999999046325684,,2.5999999046325684,False
CCLD,2017-06-14,DEV 2015-21,1.8899999856948853,1.8899999856948853,,1.8899999856948853,False
CCLD,2017-10-04,DEV 2015-21,3.900000095367432,3.900000095367432,,3.900000095367432,False
CCLD,2024-05-13,VAL 2022-26,1.5549999475479126,1.5549999475479126,,1.5549999475479126,False
CCLD,2024-11-12,VAL 2022-26,3.359999895095825,3.359999895095825,3.36,3.36,False
CCLD,2025-03-13,VAL 2022-26,2.319999933242798,2.319999933242798,2.32,2.32,False
CCM,2024-06-03,VAL 2022-26,0.65,0.65,,0.65,False
CCM,2024-06-05,VAL 2022-26,2.660000038146973,2.660000038146973,,2.660000038146973,False
CCO,2020-03-26,DEV 2015-21,0.6299999952316284,0.6299999952316284,,0.6299999952316284,False
CCTG,2024-03-14,VAL 2022-26,4.129999923706055,4.1299999237060545,,4.129999923706055,False
CCTG,2024-10-24,VAL 2022-26,2.610000038146973,2.610000038146973,2.61,2.61,False
CCTG,2025-11-05,VAL 2022-26,1.6899999618530277,1.6899999618530275,1.6897,1.6897,False
CCTG,2025-12-29,VAL 2022-26,0.1629999995231628,0.16299999952316285,0.163,0.163,False
CCTG,2026-01-13,VAL 2022-26,1.6699999570846558,0.16699999570846558,,,True
CCXI,2026-06-24,VAL 2022-26,12.640000343322754,12.640000343322754,,12.640000343322754,False
CD,2019-03-05,DEV 2015-21,3.15,7.0,,,True
CD,2019-05-21,DEV 2015-21,2.069999957084656,4.599999904632568,,,True
CD,2021-01-29,DEV 2015-21,4.193999862670899,4.659999847412109,,,True
CD,2022-03-24,VAL 2022-26,2.989999794960022,3.3222219944000244,,,True
CD,2022-11-21,VAL 2022-26,1.479999589920044,1.6444439888000488,,,True
CD,2023-03-28,VAL 2022-26,1.7000000476837158,1.7000000476837158,,1.7000000476837158,False
CDIO,2023-02-28,VAL 2022-26,3.7800000508626304,3.7800000508626304,,3.7800000508626304,False
CDIO,2023-10-12,VAL 2022-26,0.3899999936421712,0.3899999936421712,,0.3899999936421712,False
CDIO,2023-10-31,VAL 2022-26,0.2820000012715657,0.28200000127156577,,0.2820000012715657,False
CDIO,2026-02-19,VAL 2022-26,2.640000104904175,2.640000104904175,,2.640000104904175,False
CDIO,2026-02-20,VAL 2022-26,3.039999961853028,3.039999961853028,,3.039999961853028,False
CDLX,2023-04-04,VAL 2022-26,4.800000000000001,4.800000000000001,,4.800000000000001,False
CDLX,2023-08-02,VAL 2022-26,13.760000610351565,13.760000610351563,,13.760000610351565,False
CDLX,2024-01-29,VAL 2022-26,7.080000305175782,7.080000305175782,,7.080000305175782,False
CDLX,2024-03-15,VAL 2022-26,12.5,12.5,,12.5,False
CDNA,2015-11-18,DEV 2015-21,6.139999866485596,6.139999866485596,,6.139999866485596,False
CDNA,2017-10-05,DEV 2015-21,5.820000171661377,5.820000171661377,,5.820000171661377,False
CDNA,2024-08-01,VAL 2022-26,26.0,26.0,,26.0,False
CDNA,2026-04-16,VAL 2022-26,21.75,21.75,,21.75,False
CDT,2023-10-04,VAL 2022-26,8.040000000000001,0.3216,,,True
CDT,2023-10-30,VAL 2022-26,1.51,0.0604,,,True
CDT,2024-07-16,VAL 2022-26,0.365,0.0146,,,True
CDT,2024-08-08,VAL 2022-26,0.379,0.01516,,,True
CDT,2024-08-14,VAL 2022-26,0.19,0.0076,,,True
CDT,2024-10-11,VAL 2022-26,0.123,0.00492,0.1231,0.1231,False
CDT,2024-10-18,VAL 2022-26,0.136,0.00544,0.1361,0.1361,False
CDT,2024-10-23,VAL 2022-26,0.14,0.0056,0.14,0.14,False
CDT,2024-11-21,VAL 2022-26,0.145,0.0058000000000000005,0.1447,0.1447,False
CDT,2024-12-12,VAL 2022-26,0.108,0.00432,0.1078,0.1078,False
CDT,2025-01-07,VAL 2022-26,11.4,0.00456,0.1136,0.1136,False
CDT,2025-01-08,VAL 2022-26,11.9,0.00476,0.119,0.119,False
CDT,2025-01-10,VAL 2022-26,11.2,0.0044800000000000005,0.1117,0.1117,False
CDT,2025-02-07,VAL 2022-26,2.67,0.1068,2.67,2.67,False
CDT,2025-09-17,VAL 2022-26,1.0,0.04,1.0,1.0,False
CDT,2026-02-20,VAL 2022-26,1.14,0.0456,,,True
CDT,2026-06-18,VAL 2022-26,1.3399999618530274,0.053599998474121086,1.34,1.34,False
CDT,2026-06-22,VAL 2022-26,1.4149999618530271,0.05659999847412109,,,True
CDTG,2026-03-05,VAL 2022-26,0.41,0.41000000000000003,,0.41,False
CDXS,2021-10-01,DEV 2015-21,30.100000381469727,30.100000381469727,,30.100000381469727,False
CDXS,2026-03-12,VAL 2022-26,1.9299999475479128,1.9299999475479128,1.93,1.93,False
CDZI,2017-09-05,DEV 2015-21,12.899999618530272,12.899999618530272,,12.899999618530272,False
CELC,2021-04-09,DEV 2015-21,22.07999992370605,22.07999992370605,,22.07999992370605,False
CELC,2025-07-28,VAL 2022-26,45.959999084472656,45.959999084472656,45.96,45.96,False
CELU,2024-01-18,VAL 2022-26,0.2769999980926513,0.27699999809265136,,0.2769999980926513,False
CELU,2026-08-27,VAL 2022-26,1.1100000143051147,1.1100000143051147,,1.1100000143051147,False
CELZ,2018-03-26,DEV 2015-21,0.0043,0.004300000000000001,,0.0043,False
CELZ,2020-12-31,DEV 2015-21,0.0238,0.0238,,0.0238,False
CELZ,2022-01-03,VAL 2022-26,3.2700000762939454,3.2700000762939454,,3.2700000762939454,False
CELZ,2022-02-18,VAL 2022-26,1.9899999618530275,1.9899999618530277,,1.9899999618530275,False
CELZ,2022-03-23,VAL 2022-26,3.45,3.45,,3.45,False
CELZ,2023-02-08,VAL 2022-26,1.3699999809265138,1.3699999809265138,,1.3699999809265138,False
CELZ,2023-04-12,VAL 2022-26,1.2600000381469727,1.260000038146973,,1.2600000381469727,False
CELZ,2024-03-07,VAL 2022-26,7.96999979019165,7.96999979019165,,7.96999979019165,False
CELZ,2026-06-30,VAL 2022-26,2.609999895095825,2.609999895095825,2.61,2.61,False
CELZ,2026-08-06,VAL 2022-26,1.1399999856948853,1.1399999856948853,1.14,1.14,False
CELZ,2026-08-07,VAL 2022-26,1.4700000286102295,1.4700000286102295,,1.4700000286102295,False
CENN,2019-07-08,DEV 2015-21,0.215,2.1500000000000004,,,True
CENN,2019-12-19,DEV 2015-21,3.41,0.341,,,True
CENN,2020-04-27,DEV 2015-21,1.24,12.4,,,True
CENN,2020-06-09,DEV 2015-21,0.94,9.4,,,True
CENN,2020-08-20,DEV 2015-21,0.458,4.58,,,True
CENN,2020-11-19,DEV 2015-21,0.1787,1.7870000000000001,,,True
CENN,2021-01-05,DEV 2015-21,0.3442,3.442,,,True
CEPU,2025-10-27,VAL 2022-26,12.44499969482422,12.44499969482422,12.445,12.445,False
CERS,2026-05-01,VAL 2022-26,2.690000057220459,2.690000057220459,,2.690000057220459,False
CETX,2019-08-20,DEV 2015-21,2.19,2.19,,2.19,False
CETX,2019-08-22,DEV 2015-21,2.35,2.35,,2.35,False
CETX,2019-10-23,DEV 2015-21,1.6900000000000002,1.6900000000000002,,1.6900000000000002,False
CETX,2020-01-15,DEV 2015-21,1.94,1.9400000000000002,,1.94,False
CETX,2020-01-16,DEV 2015-21,3.2,3.2,,3.2,False
CETX,2020-02-24,DEV 2015-21,1.8,1.8,,1.8,False
CETX,2020-05-13,DEV 2015-21,1.05,1.05,,1.05,False
CETX,2020-06-01,DEV 2015-21,2.51,2.5100000000000002,,2.51,False
CETX,2020-07-13,DEV 2015-21,1.7200000000000002,1.7200000000000002,,1.7200000000000002,False
CETX,2021-03-10,DEV 2015-21,3.12,3.12,,3.12,False
CETX,2021-07-12,DEV 2015-21,2.0,2.0,,2.0,False
CETX,2021-10-27,DEV 2015-21,1.395,1.395,,1.395,False
CETX,2025-12-08,VAL 2022-26,8.130000305175782,8.130000305175782,8.13,8.13,False
CETX,2026-04-07,VAL 2022-26,1.6850000381469727,1.6850000381469727,1.685,1.685,False
CETX,2026-07-02,VAL 2022-26,3.390000104904175,3.390000104904175,,3.390000104904175,False
CETY,2025-11-25,VAL 2022-26,1.7200000286102295,1.7200000286102295,1.72,1.72,False
CGEM,2021-06-04,DEV 2015-21,37.59000015258789,37.59000015258789,,37.59000015258789,False
CGEM,2022-05-12,VAL 2022-26,9.079999923706056,9.079999923706056,,9.079999923706056,False
CGEM,2024-04-16,VAL 2022-26,19.8700008392334,19.8700008392334,,19.8700008392334,False
CGEN,2018-10-11,DEV 2015-21,3.9600000381469727,3.9600000381469727,,3.9600000381469727,False
CGEN,2023-12-19,VAL 2022-26,2.0299999713897705,2.0299999713897705,,2.0299999713897705,False
CGTL,2025-06-12,VAL 2022-26,1.3099999745686848,1.3099999745686852,1.31,1.31,False
CGTL,2025-09-10,VAL 2022-26,0.6920000076293945,0.6920000076293945,0.692,0.692,False
CGTL,2025-11-17,VAL 2022-26,0.9739999771118164,0.9739999771118164,0.9735,0.9735,False
CGTL,2025-12-10,VAL 2022-26,0.9409999847412108,0.9409999847412109,0.9411,0.9411,False
CGTL,2026-01-15,VAL 2022-26,3.3600001017252605,3.3600001017252605,,3.3600001017252605,False
CGTL,2026-08-14,VAL 2022-26,5.03000020980835,5.03000020980835,,5.03000020980835,False
CGTX,2024-12-18,VAL 2022-26,1.149999976158142,1.149999976158142,1.15,1.15,False
CGTX,2025-07-10,VAL 2022-26,0.9850000143051147,0.9850000143051147,0.985,0.985,False
CGTX,2025-08-13,VAL 2022-26,1.3799999952316284,1.3799999952316284,1.38,1.38,False
CHAI,2021-08-31,DEV 2015-21,4.9,2469600.0,,,True
CHAI,2021-12-07,DEV 2015-21,4.7,2368800.0,,,True
CHAI,2022-09-22,VAL 2022-26,0.48,241920.0,,,True
CHAI,2022-11-15,VAL 2022-26,0.249,125496.0,,,True
CHAI,2023-01-04,VAL 2022-26,0.215,108360.0,,,True
CHAI,2023-01-18,VAL 2022-26,0.2799999999999999,141120.0,,,True
CHAI,2023-08-03,VAL 2022-26,5.7,28728.0,,,True
CHAI,2023-08-15,VAL 2022-26,4.31000007750496,21722.400390625,,,True
CHAI,2024-05-22,VAL 2022-26,3.9,2808.0,,,True
CHAI,2024-05-29,VAL 2022-26,2.0,1440.0,,,True
CHAI,2024-06-05,VAL 2022-26,1.95,1404.0,,,True
CHAI,2024-07-18,VAL 2022-26,0.8680000305175781,624.9600219726562,,,True
CHAI,2024-09-06,VAL 2022-26,1.4899999618530275,59.59999847412109,,,True
CHAI,2024-10-21,VAL 2022-26,2.6500000000000004,106.0,,,True
CHAI,2024-12-12,VAL 2022-26,9.100000381469728,36.400001525878906,,,True
CHAI,2025-02-26,VAL 2022-26,6.989999771118164,27.959999084472656,,,True
CHAI,2025-05-09,VAL 2022-26,1.649999976158142,6.599999904632568,,,True
CHAI,2026-06-09,VAL 2022-26,3.569999933242798,3.569999933242798,3.57,3.57,False
CHAI,2026-07-22,VAL 2022-26,0.6169999837875366,0.6169999837875366,0.6173,0.6173,False
CHAI,2026-07-28,VAL 2022-26,0.4909999966621399,0.4909999966621399,,0.4909999966621399,False
CHCI,2020-04-15,DEV 2015-21,3.0899999141693115,3.0899999141693115,,3.0899999141693115,False
CHCI,2020-05-29,DEV 2015-21,2.799999952316284,2.799999952316284,,2.799999952316284,False
CHCI,2020-06-19,DEV 2015-21,3.2100000381469727,3.2100000381469727,,3.2100000381469727,False
CHCI,2020-11-16,DEV 2015-21,3.2300000190734863,3.2300000190734863,,3.2300000190734863,False
CHCI,2021-02-09,DEV 2015-21,13.4399995803833,13.4399995803833,,13.4399995803833,False
CHEF,2015-11-04,DEV 2015-21,20.059999465942383,20.059999465942383,,20.059999465942383,False
CHEF,2020-03-19,DEV 2015-21,6.989999771118164,6.989999771118164,,6.989999771118164,False
CHEF,2020-03-20,DEV 2015-21,5.889999866485596,5.889999866485596,,5.889999866485596,False
CHEF,2020-03-24,DEV 2015-21,8.109999656677246,8.109999656677246,,8.109999656677246,False
CHEF,2020-11-09,DEV 2015-21,17.1299991607666,17.1299991607666,,17.1299991607666,False
CHGA,2019-01-28,DEV 2015-21,6.980000000000001,1047.0,,,True
CHGA,2019-02-11,DEV 2015-21,5.930000000000001,889.5,,,True
CHGA,2020-04-20,DEV 2015-21,1.7500000000000002,262.5,,,True
CHGA,2020-06-08,DEV 2015-21,2.0000000000000004,300.0,,,True
CHGA,2020-08-19,DEV 2015-21,2.0200000000000005,303.0,,,True
CHGA,2021-06-14,DEV 2015-21,1.5100000000000002,226.5,,,True
CHGA,2022-07-28,VAL 2022-26,0.6100000000000001,91.5,,,True
CHGA,2023-03-06,VAL 2022-26,2.74,41.1,,,True
CHGA,2024-08-14,VAL 2022-26,0.8170000203450521,12.25500030517578,,,True
CHGA,2024-10-25,VAL 2022-26,3.75,3.75,,3.75,False
CHGA,2024-11-05,VAL 2022-26,4.1099998474121096,4.1099998474121096,,4.1099998474121096,False
CHGA,2024-12-06,VAL 2022-26,6.320000076293946,6.320000076293946,,6.320000076293946,False
CHGA,2026-02-26,VAL 2022-26,1.2000000000000002,1.2000000000000002,,1.2000000000000002,False
CHGG,2026-03-23,VAL 2022-26,0.5400000214576721,0.5400000214576721,,0.5400000214576721,False
CHNR,2020-06-12,DEV 2015-21,4.80999984741211,4.809999847412111,,4.80999984741211,False
CHNR,2021-01-19,DEV 2015-21,2.260000038146973,2.260000038146973,,2.260000038146973,False
CHNR,2023-07-31,VAL 2022-26,2.619999885559082,2.619999885559082,,2.619999885559082,False
CHNR,2024-02-15,VAL 2022-26,2.609999895095825,2.609999895095825,,2.609999895095825,False
CHNR,2025-10-13,VAL 2022-26,6.480000019073486,6.480000019073486,6.48,6.48,False
CHNR,2026-03-19,VAL 2022-26,5.0,5.0,5.0,5.0,False
CHOW,2026-01-02,VAL 2022-26,1.059999942779541,1.059999942779541,1.06,1.06,False
CHOW,2026-02-12,VAL 2022-26,0.8199999928474426,0.8199999928474426,0.82,0.82,False
CHOW,2026-06-10,VAL 2022-26,0.9160000085830688,0.9160000085830688,0.9158,0.9158,False
CHOW,2026-08-12,VAL 2022-26,0.6359999775886536,0.6359999775886536,0.6356,0.6356,False
CHPT,2026-09-03,VAL 2022-26,6.900000095367432,6.900000095367432,,6.900000095367432,False
CHR,2020-11-17,DEV 2015-21,3.95,3.9499999999999997,,3.95,False
CHR,2021-08-26,DEV 2015-21,2.27,2.27,,2.27,False
CHR,2022-07-11,VAL 2022-26,1.27,1.27,,1.27,False
CHR,2023-04-18,VAL 2022-26,1.11,1.1099999999999999,,1.11,False
CHR,2023-08-16,VAL 2022-26,0.6699999999999999,0.6699999999999999,,0.6699999999999999,False
CHR,2025-10-03,VAL 2022-26,0.1699999999999999,0.16999999999999998,0.1747,0.1747,False
CHR,2025-11-05,VAL 2022-26,0.26,0.26,0.2619,0.2619,False
CHRD,2020-03-10,DEV 2015-21,0.5,0.5,,0.5,False
CHRD,2020-04-23,DEV 2015-21,0.4900000095367431,0.4900000095367431,,0.4900000095367431,False
CHRD,2020-04-24,DEV 2015-21,0.8700000047683716,0.8700000047683716,,0.8700000047683716,False
CHRD,2020-06-05,DEV 2015-21,0.8199999928474426,0.8199999928474426,,0.8199999928474426,False
CHRN,2017-11-10,DEV 2015-21,1.3,292.5,,,True
CHRN,2017-11-13,DEV 2015-21,2.04,459.0,,,True
CHRN,2019-01-30,DEV 2015-21,2.03,456.75,,,True
CHRN,2020-06-25,DEV 2015-21,5.560000101725261,83.4000015258789,,,True
CHRN,2025-01-06,VAL 2022-26,0.9980000178019206,14.970000267028809,,,True
CHRN,2025-05-15,VAL 2022-26,0.634000015258789,9.510000228881836,,,True
CHRN,2025-12-30,VAL 2022-26,8.75,8.75,,8.75,False
CHRN,2026-05-05,VAL 2022-26,14.800000190734863,14.800000190734863,,14.800000190734863,False
CHRS,2023-12-27,VAL 2022-26,3.0,3.0,,3.0,False
CHRS,2024-12-03,VAL 2022-26,2.039999961853028,2.039999961853028,2.04,2.04,False
CHSN,2023-05-10,VAL 2022-26,2.43,2.43,,2.43,False
CHSN,2025-04-07,VAL 2022-26,0.479,0.47900000000000004,0.4794,0.4794,False
CHSN,2026-07-10,VAL 2022-26,1.2799999713897705,1.2799999713897705,,1.2799999713897705,False
CIG,2018-10-08,DEV 2015-21,2.7900001049041747,4.210326307209649,,,True
CIIT,2026-03-09,VAL 2022-26,3.8290000915527354,0.5470000130789621,0.5472,0.5472,False
CIIT,2026-03-16,VAL 2022-26,2.6459999084472656,0.3779999869210379,,,True
CIIT,2026-04-15,VAL 2022-26,1.670000076293945,1.6700000762939453,,1.670000076293945,False
CIIT,2026-06-10,VAL 2022-26,3.2099998474121096,3.2099998474121096,3.21,3.21,False
CIIT,2026-06-17,VAL 2022-26,0.5809999942779541,0.5809999942779541,,0.5809999942779541,False
CIIT,2026-06-23,VAL 2022-26,0.8260000228881836,0.8260000228881836,0.8256,0.8256,False
CING,2023-02-24,VAL 2022-26,1.73000005086263,1.7300000508626303,,1.73000005086263,False
CING,2023-12-27,VAL 2022-26,3.7899999618530273,3.7899999618530273,,3.7899999618530273,False
CING,2023-12-28,VAL 2022-26,10.0,10.0,,10.0,False
CING,2024-05-21,VAL 2022-26,0.9979999860127766,0.9979999860127766,,0.9979999860127766,False
CING,2024-08-15,VAL 2022-26,4.159999847412109,4.159999847412109,,4.159999847412109,False
CIRC,2023-02-07,VAL 2022-26,2.0,80.0,,,True
CIRC,2023-02-10,VAL 2022-26,2.010000038146973,80.4000015258789,,,True
CIRC,2023-05-22,VAL 2022-26,0.4619999885559082,18.479999542236328,,,True
CIRC,2023-05-23,VAL 2022-26,0.4949999809265137,19.799999237060547,,,True
CIRC,2023-09-18,VAL 2022-26,18.600000381469727,18.600000381469727,,18.600000381469727,False
CIRC,2026-06-23,VAL 2022-26,1.1799999475479126,1.1799999475479126,,1.1799999475479126,False
CISO,2023-03-21,VAL 2022-26,0.55,0.55,,0.55,False
CISO,2023-10-10,VAL 2022-26,0.1960000038146972,0.19600000381469726,,0.1960000038146972,False
CISO,2024-02-20,VAL 2022-26,0.1289999961853027,0.12899999618530272,,0.1289999961853027,False
CISO,2024-08-22,VAL 2022-26,0.574999988079071,0.574999988079071,,0.574999988079071,False
CISO,2025-03-17,VAL 2022-26,1.3700000047683716,1.3700000047683716,1.37,1.37,False
CISO,2025-03-27,VAL 2022-26,0.6140000224113464,0.6140000224113464,0.6137,0.6137,False
CISS,2023-10-13,VAL 2022-26,0.516,0.516,,0.516,False
CISS,2023-11-17,VAL 2022-26,0.516,0.516,,0.516,False
CISS,2024-01-25,VAL 2022-26,0.174,0.174,,0.174,False
CISS,2024-01-30,VAL 2022-26,0.178,0.178,,0.178,False
CISS,2024-03-26,VAL 2022-26,0.047,0.047,,0.047,False
CISS,2025-10-07,VAL 2022-26,3.22,3.22,3.22,3.22,False
CISS,2026-01-30,VAL 2022-26,1.82000002179827,1.8200000217982701,,1.82000002179827,False
CISS,2026-02-02,VAL 2022-26,2.50999995640346,2.5099999564034596,,2.50999995640346,False
CISS,2026-02-05,VAL 2022-26,1.9800000871930803,1.9800000871930803,,1.9800000871930803,False
CISS,2026-05-18,VAL 2022-26,4.88499984741211,4.884999847412111,4.885,4.885,False
CISS,2026-07-28,VAL 2022-26,0.1850000023841858,0.1850000023841858,0.1849,0.1849,False
CISS,2026-08-05,VAL 2022-26,5.159999847412109,0.12899999618530275,,,True
CISS,2026-09-21,VAL 2022-26,1.559999942779541,1.559999942779541,,1.559999942779541,False
CJMB,2026-01-15,VAL 2022-26,2.630000114440918,2.630000114440918,2.63,2.63,False
CJMB,2026-07-17,VAL 2022-26,1.2699999809265137,1.2699999809265137,,1.2699999809265137,False
CLAR,2015-03-17,DEV 2015-21,8.479999877929687,8.500691365376342,,8.479999877929687,False
CLDI,2024-06-10,VAL 2022-26,0.2399999936421712,0.23999999364217126,,0.2399999936421712,False
CLDI,2025-07-09,VAL 2022-26,0.893999973932902,0.893999973932902,0.8943,0.8943,False
CLDX,2023-11-06,VAL 2022-26,32.97999954223633,32.97999954223633,,32.97999954223633,False
CLF,2016-03-07,DEV 2015-21,3.509999990463257,3.509999990463257,,3.509999990463257,False
CLFD,2020-07-24,DEV 2015-21,16.84000015258789,16.84000015258789,,16.84000015258789,False
CLFD,2024-05-03,VAL 2022-26,39.900001525878906,39.900001525878906,,39.900001525878906,False
CLGN,2018-10-22,DEV 2015-21,8.730000305175782,8.730000305175782,,8.730000305175782,False
CLGN,2021-12-27,DEV 2015-21,17.400000000000002,17.400000000000002,,17.400000000000002,False
CLGN,2023-08-24,VAL 2022-26,7.880000305175781,7.880000305175781,,7.880000305175781,False
CLIK,2025-05-15,VAL 2022-26,0.9700000127156576,0.9700000127156575,0.97,0.97,False
CLIK,2025-07-14,VAL 2022-26,0.5,0.5,0.5,0.5,False
CLIK,2025-10-27,VAL 2022-26,10.6899995803833,10.6899995803833,10.69,10.69,False
CLIK,2026-03-16,VAL 2022-26,4.179999828338623,4.179999828338623,,4.179999828338623,False
CLIK,2026-04-09,VAL 2022-26,2.5999999046325684,2.5999999046325684,,2.5999999046325684,False
CLIK,2026-04-21,VAL 2022-26,3.369999885559082,3.369999885559082,,3.369999885559082,False
CLIK,2026-05-11,VAL 2022-26,3.289999961853028,3.289999961853028,,3.289999961853028,False
CLIR,2019-10-18,DEV 2015-21,1.35,1.35,,1.35,False
CLIR,2020-06-16,DEV 2015-21,1.5399999618530271,1.5399999618530273,,1.5399999618530271,False
CLIR,2021-11-18,DEV 2015-21,1.85,1.85,,1.85,False
CLLS,2023-11-01,VAL 2022-26,2.7100000381469727,2.7100000381469727,,2.7100000381469727,False
CLLS,2025-10-16,VAL 2022-26,5.199999809265137,5.199999809265137,5.2,5.2,False
CLLS,2026-04-13,VAL 2022-26,4.320000171661377,4.320000171661377,,4.320000171661377,False
CLMT,2019-03-07,DEV 2015-21,3.5999999046325684,3.5999999046325684,,3.5999999046325684,False
CLNE,2017-03-01,DEV 2015-21,3.0199999809265137,3.0199999809265137,,3.0199999809265137,False
CLNE,2018-05-10,DEV 2015-21,2.3299999237060547,2.3299999237060547,,2.3299999237060547,False
CLNN,2021-07-13,DEV 2015-21,17.019999694824218,17.019999694824218,,17.019999694824218,False
CLNN,2023-02-13,VAL 2022-26,1.9,1.9000000000000001,,1.9,False
CLNN,2026-05-04,VAL 2022-26,7.46999979019165,7.46999979019165,,7.46999979019165,False
CLPS,2018-06-15,DEV 2015-21,9.649999618530272,9.649999618530272,,9.649999618530272,False
CLPS,2020-06-12,DEV 2015-21,3.1700000762939453,3.1700000762939453,,3.1700000762939453,False
CLPS,2020-12-08,DEV 2015-21,3.859999895095825,3.859999895095825,,3.859999895095825,False
CLPS,2021-01-22,DEV 2015-21,4.619999885559082,4.619999885559082,,4.619999885559082,False
CLPS,2021-02-17,DEV 2015-21,13.31999969482422,13.31999969482422,,13.31999969482422,False
CLPT,2025-09-24,VAL 2022-26,16.280000686645508,16.280000686645508,16.28,16.28,False
CLPT,2026-06-17,VAL 2022-26,18.149999618530277,18.149999618530277,,18.149999618530277,False
CLRB,2017-08-08,DEV 2015-21,1.95,1.9500000000000002,,1.95,False
CLRB,2018-06-06,DEV 2015-21,1.1700000000000002,1.1700000000000002,,1.1700000000000002,False
CLRB,2018-07-17,DEV 2015-21,11.2,11.200000000000001,,11.2,False
CLRB,2018-09-17,DEV 2015-21,2.6300000000000003,2.6300000000000003,,2.6300000000000003,False
CLRB,2019-03-19,DEV 2015-21,3.6,3.6,,3.6,False
CLRB,2020-05-26,DEV 2015-21,1.7500000000000002,1.7500000000000002,,1.7500000000000002,False
CLRB,2025-06-04,VAL 2022-26,12.899999618530272,0.42999998728434236,0.4258,0.4258,False
CLRB,2026-05-05,VAL 2022-26,4.510000228881836,4.510000228881836,4.51,4.51,False
CLRO,2019-01-25,DEV 2015-21,2.26999994913737,2.26999994913737,,2.26999994913737,False
CLRO,2020-12-10,DEV 2015-21,2.8,2.8,,2.8,False
CLRO,2022-12-09,VAL 2022-26,1.1300000508626302,1.1300000508626302,,1.1300000508626302,False
CLRO,2023-05-09,VAL 2022-26,2.2,2.2,,2.2,False
CLRO,2024-03-12,VAL 2022-26,1.6699999491373698,1.6699999491373698,,1.6699999491373698,False
CLRO,2025-03-03,VAL 2022-26,0.65,0.65,0.645,0.645,False
CLRO,2025-07-01,VAL 2022-26,12.5,12.5,12.5,12.5,False
CLRO,2026-08-06,VAL 2022-26,11.6899995803833,11.6899995803833,11.685,11.685,False
CLS,2023-07-27,VAL 2022-26,20.51000022888184,20.51000022888184,,20.51000022888184,False
CLSK,2020-03-03,DEV 2015-21,3.240000009536743,3.240000009536743,,3.240000009536743,False
CLSK,2020-04-09,DEV 2015-21,3.5,3.5,,3.5,False
CLSK,2020-05-05,DEV 2015-21,1.809999942779541,1.809999942779541,,1.809999942779541,False
CLSK,2020-05-21,DEV 2015-21,2.9800000190734863,2.9800000190734863,,2.9800000190734863,False
CLSK,2020-07-09,DEV 2015-21,3.849999904632568,3.849999904632568,,3.849999904632568,False
CLVT,2026-02-24,VAL 2022-26,2.140000104904175,2.140000104904175,,2.140000104904175,False
CLW,2024-12-20,VAL 2022-26,30.0,30.0,30.0,30.0,False
CLWT,2018-03-28,DEV 2015-21,3.150000095367432,11.81250035762787,,,True
CLWT,2018-05-04,DEV 2015-21,7.050000190734863,26.437500715255737,,,True
CLWT,2018-05-15,DEV 2015-21,4.599999904632568,17.24999964237213,,,True
CLWT,2019-03-28,DEV 2015-21,7.769999980926514,29.137499928474426,,,True
CLWT,2020-06-12,DEV 2015-21,3.2699999809265137,8.174999952316284,,,True
CLWT,2022-08-10,VAL 2022-26,2.2100000381469727,2.2100000381469727,,2.2100000381469727,False
CLWT,2026-06-17,VAL 2022-26,2.4600000381469727,2.4600000381469727,2.46,2.46,False
CLYM,2024-04-11,VAL 2022-26,4.010000228881836,4.010000228881836,,4.010000228881836,False
CLYM,2024-09-25,VAL 2022-26,8.010000228881836,8.010000228881836,,8.010000228881836,False
CMCL,2020-06-23,DEV 2015-21,15.8100004196167,15.8100004196167,,15.8100004196167,False
CMCM,2021-02-05,DEV 2015-21,4.229999923706055,4.229999923706056,,4.229999923706055,False
CMCM,2022-09-02,VAL 2022-26,4.909999847412109,4.909999847412109,,4.909999847412109,False
CMCO,2026-07-30,VAL 2022-26,19.96999931335449,19.96999931335449,,19.96999931335449,False
CMCT,2023-04-17,VAL 2022-26,5.619999984375001,0.562082645496094,,,True
CMCT,2025-01-02,VAL 2022-26,0.29,0.029,0.2947,0.2947,False
CMCT,2025-08-07,VAL 2022-26,8.620000000000001,8.620000000000001,8.62,8.62,False
CMCT,2025-11-12,VAL 2022-26,9.250000000000002,9.250000000000002,9.25,9.25,False
CMCT,2025-12-22,VAL 2022-26,4.500000000000001,4.500000000000001,4.5,4.5,False
CMCT,2026-01-22,VAL 2022-26,4.500000000000001,4.500000000000001,4.5,4.5,False
CMMB,2020-12-15,DEV 2015-21,4.190000057220459,67.04000091552734,,,True
CMMB,2021-06-11,DEV 2015-21,25.0,25.0,,25.0,False
CMMB,2023-01-03,VAL 2022-26,4.809999942779541,4.809999942779541,,4.809999942779541,False
CMMB,2023-02-21,VAL 2022-26,2.430000066757202,2.430000066757202,,2.430000066757202,False
CMMB,2023-11-15,VAL 2022-26,1.0199999809265137,1.0199999809265137,,1.0199999809265137,False
CMND,2022-12-15,VAL 2022-26,3.9,3.9000000000000004,,3.9,False
CMND,2023-04-11,VAL 2022-26,0.6210000000000001,0.6210000000000001,,0.6210000000000001,False
CMND,2023-04-19,VAL 2022-26,0.6970000000000001,0.6970000000000001,,0.6970000000000001,False
CMND,2023-04-26,VAL 2022-26,0.7060000000000001,0.7060000000000001,,0.7060000000000001,False
CMND,2023-05-12,VAL 2022-26,0.7100000000000001,0.7100000000000001,,0.7100000000000001,False
CMND,2023-09-06,VAL 2022-26,0.54,0.54,,0.54,False
CMND,2023-11-30,VAL 2022-26,6.000000000000001,6.000000000000001,,6.000000000000001,False
CMND,2023-12-01,VAL 2022-26,4.23,4.23,,4.23,False
CMND,2023-12-05,VAL 2022-26,5.860000000000001,5.860000000000001,,5.860000000000001,False
CMND,2024-01-10,VAL 2022-26,3.5100000000000007,3.5100000000000007,,3.5100000000000007,False
CMND,2024-02-20,VAL 2022-26,1.6600000000000004,1.6600000000000004,,1.6600000000000004,False
CMND,2024-05-07,VAL 2022-26,1.7500000000000004,1.7500000000000004,,1.7500000000000004,False
CMND,2024-12-24,VAL 2022-26,2.0000000000000004,2.0000000000000004,2.0,2.0,False
CMND,2025-07-03,VAL 2022-26,1.1900000000000002,1.1900000000000002,1.19,1.19,False
CMND,2025-09-19,VAL 2022-26,1.2100000000000002,1.2100000000000002,1.21,1.21,False
CMND,2025-11-13,VAL 2022-26,0.4120000076293946,0.4120000076293946,0.4124,0.4124,False
CMND,2025-11-18,VAL 2022-26,0.3520000076293946,0.3520000076293946,0.3521,0.3521,False
CMND,2026-04-20,VAL 2022-26,1.3300000190734864,1.3300000190734864,1.33,1.33,False
CMND,2026-05-29,VAL 2022-26,3.490000009536743,3.490000009536743,,3.490000009536743,False
CMND,2026-06-05,VAL 2022-26,3.7100000381469727,3.7100000381469727,,3.7100000381469727,False
CMPS,2026-02-17,VAL 2022-26,7.829999923706055,7.829999923706055,,7.829999923706055,False
CMPS,2026-04-20,VAL 2022-26,8.645000457763672,8.645000457763672,,8.645000457763672,False
CMRC,2023-08-04,VAL 2022-26,12.140000343322754,12.140000343322754,,12.140000343322754,False
CMTL,2023-10-13,VAL 2022-26,9.979999542236328,9.979999542236328,,9.979999542236328,False
CMTL,2024-06-18,VAL 2022-26,3.059999942779541,3.059999942779541,,3.059999942779541,False
CNCK,2026-05-12,VAL 2022-26,2.3949999809265137,2.3949999809265137,,2.3949999809265137,False
CNDT,2020-08-07,DEV 2015-21,3.859999895095825,3.859999895095825,,3.859999895095825,False
CNET,2018-01-04,DEV 2015-21,2.839999961853028,2.8399999618530276,,2.839999961853028,False
CNET,2018-04-17,DEV 2015-21,3.909999847412109,3.9099998474121094,,3.909999847412109,False
CNET,2018-08-17,DEV 2015-21,2.4200000762939453,2.4200000762939453,,2.4200000762939453,False
CNET,2018-10-19,DEV 2015-21,3.84000015258789,3.8400001525878906,,3.84000015258789,False
CNET,2019-04-05,DEV 2015-21,2.8200000762939457,2.8200000762939457,,2.8200000762939457,False
CNET,2020-12-09,DEV 2015-21,2.860000038146973,2.860000038146973,,2.860000038146973,False
CNET,2021-01-08,DEV 2015-21,2.689999961853028,2.6899999618530277,,2.689999961853028,False
CNET,2021-02-17,DEV 2015-21,4.590000152587891,4.59000015258789,,4.590000152587891,False
CNET,2022-11-04,VAL 2022-26,1.05,1.05,,1.05,False
CNET,2022-12-07,VAL 2022-26,0.8199999809265137,0.8199999809265137,,0.8199999809265137,False
CNET,2025-06-11,VAL 2022-26,1.6100000143051147,1.6100000143051147,1.61,1.61,False
CNET,2026-09-25,VAL 2022-26,1.7400000095367432,1.7400000095367432,,1.7400000095367432,False
CNEY,2023-12-28,VAL 2022-26,0.065,0.065,,0.065,False
CNEY,2024-05-20,VAL 2022-26,0.8490000152587891,0.8490000152587891,,0.8490000152587891,False
CNEY,2024-09-11,VAL 2022-26,0.6900000000000001,0.6900000000000001,,0.6900000000000001,False
CNEY,2024-12-04,VAL 2022-26,0.79,0.79,0.79,0.79,False
CNEY,2025-02-24,VAL 2022-26,0.3129999923706055,0.3129999923706055,0.313,0.313,False
CNEY,2025-04-24,VAL 2022-26,0.1960000038146972,0.19600000381469726,0.1963,0.1963,False
CNEY,2025-05-02,VAL 2022-26,5.125,0.20500000000000002,0.2053,0.2053,False
CNEY,2025-05-07,VAL 2022-26,6.574999809265137,0.26299999237060545,0.2633,0.2633,False
CNSP,2020-03-24,DEV 2015-21,2.97,2.9699999999999998,,2.97,False
CNSP,2020-04-09,DEV 2015-21,4.65,4.6499999999999995,,4.65,False
CNSP,2020-04-13,DEV 2015-21,4.15,4.1499999999999995,,4.15,False
CNSP,2020-12-17,DEV 2015-21,2.806,2.8059999999999996,,2.806,False
CNSP,2020-12-18,DEV 2015-21,3.68,3.6799999999999997,,3.68,False
CNSP,2021-06-29,DEV 2015-21,2.68,2.6799999999999997,,2.68,False
CNSP,2022-06-23,VAL 2022-26,0.37,0.37,,0.37,False
CNSP,2023-04-06,VAL 2022-26,1.33,1.33,,1.33,False
CNSP,2023-04-17,VAL 2022-26,3.62,3.62,,3.62,False
CNSP,2023-04-20,VAL 2022-26,2.14,2.14,,2.14,False
CNSP,2024-07-03,VAL 2022-26,2.62,2.6199999999999997,,2.62,False
CNSP,2024-10-23,VAL 2022-26,0.323000005086263,0.323000005086263,0.3226,0.3226,False
CNSP,2025-02-14,VAL 2022-26,7.799999872843424,0.1559999974568685,0.1564,0.1564,False
CNSP,2025-05-13,VAL 2022-26,2.440000057220459,2.440000057220459,2.44,2.44,False
CNSP,2026-05-04,VAL 2022-26,9.1899995803833,9.1899995803833,9.19,9.19,False
CNSY,2015-04-06,DEV 2015-21,1.4,157500.0,,,True
CNSY,2015-07-28,DEV 2015-21,0.5,56250.0,,,True
CNSY,2017-04-10,DEV 2015-21,1.82,13650.0,,,True
CNSY,2019-01-31,DEV 2015-21,0.47,352.5,,,True
CNSY,2019-08-16,DEV 2015-21,8.6,129.0,,,True
CNSY,2019-09-23,DEV 2015-21,14.8,222.0,,,True
CNSY,2019-10-15,DEV 2015-21,3.18,47.7,,,True
CNSY,2019-11-15,DEV 2015-21,3.01,45.15,,,True
CNSY,2020-03-30,DEV 2015-21,2.16,32.4,,,True
CNSY,2020-06-10,DEV 2015-21,2.83,42.45,,,True
CNSY,2020-08-07,DEV 2015-21,3.56,53.4,,,True
CNSY,2020-09-15,DEV 2015-21,3.32,49.800000000000004,,,True
CNSY,2022-01-04,VAL 2022-26,2.0,30.0,,,True
CNSY,2022-08-15,VAL 2022-26,0.8099999999999999,12.15,,,True
CNSY,2022-08-18,VAL 2022-26,1.07,16.05,,,True
CNSY,2025-03-06,VAL 2022-26,0.5700000000000001,0.5700000000000001,,0.5700000000000001,False
CNSY,2025-06-02,VAL 2022-26,0.4,0.4,,0.4,False
CNSY,2025-06-25,VAL 2022-26,0.4,0.4,,0.4,False
CNSY,2025-09-25,VAL 2022-26,0.62,0.62,,0.62,False
CNSY,2025-09-29,VAL 2022-26,0.8,0.8,,0.8,False
CNTB,2023-06-02,VAL 2022-26,1.440000057220459,1.440000057220459,,1.440000057220459,False
CNTN,2022-06-13,VAL 2022-26,1.07,401.25,,,True
CNTN,2023-01-31,VAL 2022-26,1.24,465.0,,,True
CNTN,2023-02-10,VAL 2022-26,2.26,847.5,,,True
CNTN,2023-04-27,VAL 2022-26,1.01,378.75,,,True
CNTN,2023-09-26,VAL 2022-26,0.318,119.25,,,True
CNTN,2023-11-07,VAL 2022-26,6.525,97.875,,,True
CNTN,2023-11-27,VAL 2022-26,4.01000010172526,60.150001525878906,,,True
CNTN,2024-10-30,VAL 2022-26,5.710000038146973,5.710000038146973,,5.710000038146973,False
CNTN,2025-08-20,VAL 2022-26,1.4149999618530271,1.4149999618530271,,1.4149999618530271,False
CNTN,2025-11-03,VAL 2022-26,6.760000228881836,6.760000228881836,,6.760000228881836,False
CNTX,2023-01-09,VAL 2022-26,1.1799999475479126,1.1799999475479126,,1.1799999475479126,False
CNTX,2023-01-31,VAL 2022-26,1.2200000286102295,1.2200000286102295,,1.2200000286102295,False
CNTX,2024-05-02,VAL 2022-26,1.7599999904632568,1.7599999904632568,,1.7599999904632568,False
CNTX,2024-10-23,VAL 2022-26,2.490000009536743,2.490000009536743,2.49,2.49,False
CNTX,2025-04-03,VAL 2022-26,0.9020000100135804,0.9020000100135804,0.9016,0.9016,False
CNTY,2020-03-20,DEV 2015-21,1.3300000429153442,1.3300000429153442,,1.3300000429153442,False
CNTY,2020-03-23,DEV 2015-21,1.559999942779541,1.559999942779541,,1.559999942779541,False
CNTY,2020-03-24,DEV 2015-21,2.740000009536743,2.740000009536743,,2.740000009536743,False
CNVS,2016-07-15,DEV 2015-21,1.3,1.3,,1.3,False
CNVS,2020-05-20,DEV 2015-21,0.75,0.75,,0.75,False
CNVS,2020-06-04,DEV 2015-21,4.379999923706055,4.3799999237060545,,4.379999923706055,False
CNVS,2020-12-04,DEV 2015-21,0.7900000095367432,0.7900000095367432,,0.7900000095367432,False
CNVS,2021-03-24,DEV 2015-21,1.8899999618530277,1.8899999618530274,,1.8899999618530277,False
CNVS,2021-07-15,DEV 2015-21,1.3399999618530274,1.3399999618530274,,1.3399999618530274,False
CNVS,2024-02-14,VAL 2022-26,3.180000066757202,3.180000066757202,,3.180000066757202,False
COCH,2025-10-07,VAL 2022-26,1.6100000143051147,1.6100000143051147,1.61,1.61,False
COCP,2020-02-24,DEV 2015-21,0.8000000317891438,0.800000031789144,,0.8000000317891438,False
COCP,2020-02-25,DEV 2015-21,2.390000025431315,2.390000025431315,,2.390000025431315,False
COCP,2020-03-09,DEV 2015-21,1.699999968210856,1.6999999682108564,,1.699999968210856,False
COCP,2020-11-25,DEV 2015-21,1.579999923706055,1.5799999237060547,,1.579999923706055,False
COCP,2021-05-04,DEV 2015-21,1.6499999364217122,1.6499999364217122,,1.6499999364217122,False
COCP,2021-07-29,DEV 2015-21,1.3799999554951985,1.3799999554951985,,1.3799999554951985,False
COCP,2025-09-12,VAL 2022-26,2.450000047683716,2.450000047683716,2.45,2.45,False
COCP,2026-04-02,VAL 2022-26,1.7100000381469729,1.7100000381469729,1.71,1.71,False
CODA,2018-07-16,DEV 2015-21,7.909999847412109,7.909999847412109,,7.909999847412109,False
CODA,2019-06-13,DEV 2015-21,12.119999885559082,12.119999885559082,,12.119999885559082,False
CODX,2018-05-30,DEV 2015-21,4.329999796549479,4.329999796549479,,4.329999796549479,False
CODX,2018-06-05,DEV 2015-21,5.76000010172526,5.76000010172526,,5.76000010172526,False
CODX,2019-01-30,DEV 2015-21,3.23999989827474,3.23999989827474,,3.23999989827474,False
CODX,2019-05-22,DEV 2015-21,1.1300000508626302,1.1300000508626302,,1.1300000508626302,False
CODX,2019-07-11,DEV 2015-21,1.45,1.45,,1.45,False
CODX,2019-07-18,DEV 2015-21,1.8800000508626304,1.8800000508626302,,1.8800000508626304,False
CODX,2020-01-23,DEV 2015-21,2.7600001017252604,2.7600001017252604,,2.7600001017252604,False
CODX,2020-01-27,DEV 2015-21,2.8,2.8,,2.8,False
CODX,2025-08-15,VAL 2022-26,0.3369999885559082,0.3369999885559082,0.3372,0.3372,False
CODX,2025-10-27,VAL 2022-26,0.5939999898274739,0.5939999898274739,0.5941,0.5941,False
CODX,2026-03-20,VAL 2022-26,3.859999895095825,3.859999895095825,,3.859999895095825,False
CODX,2026-05-19,VAL 2022-26,1.950000047683716,1.950000047683716,,1.950000047683716,False
CODX,2026-05-21,VAL 2022-26,3.150000095367432,3.150000095367432,,3.150000095367432,False
COGT,2020-07-06,DEV 2015-21,0.699999988079071,0.699999988079071,,0.699999988079071,False
COGT,2022-06-10,VAL 2022-26,6.599999904632568,6.599999904632568,,6.599999904632568,False
COGT,2024-02-14,VAL 2022-26,8.550000190734863,8.550000190734863,,8.550000190734863,False
COHN,2020-03-05,DEV 2015-21,7.699999809265137,7.699999809265137,,7.699999809265137,False
COHN,2020-06-19,DEV 2015-21,20.75,20.75,,20.75,False
COHN,2021-03-03,DEV 2015-21,39.93000030517578,39.93000030517578,,39.93000030517578,False
COLL,2015-09-14,DEV 2015-21,19.209999084472656,19.209999084472656,,19.209999084472656,False
COMP,2023-05-10,VAL 2022-26,3.539999961853028,3.539999961853028,,3.539999961853028,False
COOK,2023-08-03,VAL 2022-26,5.655,5.655,,5.655,False
COOT,2025-10-15,VAL 2022-26,3.890000104904175,3.890000104904175,3.89,3.89,False
COOT,2026-03-10,VAL 2022-26,0.699999988079071,0.699999988079071,,0.699999988079071,False
COOT,2026-08-31,VAL 2022-26,0.5799999833106995,0.5799999833106995,,0.5799999833106995,False
CORT,2020-11-19,DEV 2015-21,22.450000762939453,22.450000762939453,,22.450000762939453,False
COSM,2022-04-27,VAL 2022-26,2.390000104904175,0.09560000419616699,,,True
COSM,2022-11-18,VAL 2022-26,0.1609999984502792,0.006439999938011169,,,True
COSM,2022-11-23,VAL 2022-26,0.4799999892711639,0.019199999570846556,,,True
COSM,2023-09-12,VAL 2022-26,1.2549999952316284,1.2549999952316284,,1.2549999952316284,False
COSM,2024-06-28,VAL 2022-26,1.2200000286102295,1.2200000286102295,,1.2200000286102295,False
COSM,2026-04-15,VAL 2022-26,0.4160000085830688,0.4160000085830688,,0.4160000085830688,False
COUR,2024-07-26,VAL 2022-26,10.329999923706056,10.329999923706056,,10.329999923706056,False
COUR,2025-07-25,VAL 2022-26,11.550000190734863,11.550000190734863,11.55,11.55,False
CPA,2020-11-09,DEV 2015-21,61.9900016784668,61.9900016784668,,61.9900016784668,False
CPAC,2025-12-16,VAL 2022-26,9.800000190734863,9.800000190734863,9.8,9.8,False
CPHI,2018-01-05,DEV 2015-21,0.7700000000000001,0.7700000000000001,,0.7700000000000001,False
CPHI,2018-10-19,DEV 2015-21,0.6400000000000001,0.6400000000000001,,0.6400000000000001,False
CPHI,2020-02-03,DEV 2015-21,0.7500000000000002,0.7500000000000002,,0.7500000000000002,False
CPHI,2020-03-02,DEV 2015-21,1.0000000000000002,1.0000000000000002,,1.0000000000000002,False
CPHI,2020-04-15,DEV 2015-21,0.7900000000000001,0.7900000000000001,,0.7900000000000001,False
CPHI,2021-03-29,DEV 2015-21,1.5300000000000005,1.5300000000000005,,1.5300000000000005,False
CPHI,2023-08-21,VAL 2022-26,0.28,0.28,,0.28,False
CPHI,2023-10-12,VAL 2022-26,0.2,0.20000000000000004,,0.2,False
CPHI,2023-11-29,VAL 2022-26,0.19,0.19000000000000003,,0.19,False
CPIX,2021-11-30,DEV 2015-21,4.130000114440918,4.130000114440918,,4.130000114440918,False
CPIX,2024-12-10,VAL 2022-26,2.9100000858306885,2.9100000858306885,2.91,2.91,False
CPIX,2026-04-23,VAL 2022-26,5.71999979019165,5.71999979019165,5.715,5.715,False
CPOP,2024-02-16,VAL 2022-26,0.2626666768391927,0.2626666768391927,,0.2626666768391927,False
CPOP,2024-05-09,VAL 2022-26,0.2353333282470703,0.23533332824707032,,0.2353333282470703,False
CPOP,2025-02-27,VAL 2022-26,0.0556666692097981,0.05566666920979818,0.835,0.835,False
CPOP,2025-07-18,VAL 2022-26,0.0587999979654947,0.058799997965494795,0.8818,0.8818,False
CPOP,2025-09-10,VAL 2022-26,0.14,0.14,2.1,2.1,False
CPOP,2026-06-09,VAL 2022-26,0.0280666669209798,0.02806666692097982,,0.0280666669209798,False
CPOP,2026-06-10,VAL 2022-26,0.0339999993642171,0.033999999364217125,,0.0339999993642171,False
CPOP,2026-08-07,VAL 2022-26,0.0308000008265177,0.03080000082651774,,0.0308000008265177,False
CPOP,2026-09-18,VAL 2022-26,4.71999979019165,4.71999979019165,,4.71999979019165,False
CPS,2022-08-05,VAL 2022-26,7.150000095367432,7.150000095367432,,7.150000095367432,False
CPS,2023-11-03,VAL 2022-26,15.739999771118164,15.739999771118164,,15.739999771118164,False
CPSH,2020-01-31,DEV 2015-21,1.7400000095367432,1.7400000095367432,,1.7400000095367432,False
CPSH,2020-05-06,DEV 2015-21,1.8200000524520876,1.8200000524520876,,1.8200000524520876,False
CPSH,2020-11-23,DEV 2015-21,2.930000066757202,2.930000066757202,,2.930000066757202,False
CPSH,2021-05-20,DEV 2015-21,7.269999980926514,7.269999980926514,,7.269999980926514,False
CPSS,2020-10-08,DEV 2015-21,4.909999847412109,4.909999847412109,,4.909999847412109,False
CRBP,2015-08-19,DEV 2015-21,2.8,2.8,,2.8,False
CRBP,2015-10-20,DEV 2015-21,2.2,2.2,,2.2,False
CRBP,2016-11-14,DEV 2015-21,9.85,9.85,,9.85,False
CRBP,2020-12-01,DEV 2015-21,1.5900000254313151,1.5900000254313151,,1.5900000254313151,False
CRBP,2022-03-21,VAL 2022-26,0.4200000127156575,0.4200000127156576,,0.4200000127156575,False
CRBP,2022-10-13,VAL 2022-26,0.1410000006357828,0.14100000063578289,,0.1410000006357828,False
CRBP,2022-11-30,VAL 2022-26,0.1559999942779541,0.1559999942779541,,0.1559999942779541,False
CRBP,2024-01-26,VAL 2022-26,16.809999465942383,16.809999465942383,,16.809999465942383,False
CRBU,2023-07-06,VAL 2022-26,5.599999904632568,5.599999904632568,,5.599999904632568,False
CRBU,2025-11-03,VAL 2022-26,3.400000095367432,3.400000095367432,3.4,3.4,False
CRDF,2017-06-12,DEV 2015-21,1.02000003390842,1.02000003390842,,1.02000003390842,False
CRDF,2017-06-22,DEV 2015-21,1.1900000042385523,1.1900000042385523,,1.1900000042385523,False
CRDF,2017-10-06,DEV 2015-21,1.0399999618530271,1.0399999618530273,,1.0399999618530271,False
CRDF,2017-10-09,DEV 2015-21,1.03000005086263,1.0300000508626301,,1.03000005086263,False
CRDF,2019-03-08,DEV 2015-21,8.899999618530273,8.899999618530273,,8.899999618530273,False
CRDF,2019-04-05,DEV 2015-21,4.78000020980835,4.78000020980835,,4.78000020980835,False
CRDF,2019-04-23,DEV 2015-21,4.159999847412109,4.159999847412109,,4.159999847412109,False
CRDF,2019-10-22,DEV 2015-21,1.6200000047683716,1.6200000047683716,,1.6200000047683716,False
CRDF,2020-04-28,DEV 2015-21,1.4299999475479126,1.4299999475479126,,1.4299999475479126,False
CRDF,2024-12-10,VAL 2022-26,3.5999999046325684,3.5999999046325684,3.6,3.6,False
CRE,2025-09-30,VAL 2022-26,1.1099999745686848,1.109999974568685,1.11,1.11,False
CRE,2026-03-06,VAL 2022-26,3.75,3.75,,3.75,False
CRE,2026-06-01,VAL 2022-26,3.609999895095825,3.609999895095825,,3.609999895095825,False
CRE,2026-06-16,VAL 2022-26,4.210000038146973,4.210000038146973,,4.210000038146973,False
CRE,2026-06-17,VAL 2022-26,4.360000133514404,4.360000133514404,,4.360000133514404,False
CRE,2026-08-26,VAL 2022-26,6.090000152587891,6.090000152587891,6.09,6.09,False
CREX,2021-05-24,DEV 2015-21,1.9100000063578289,1.9100000063578286,,1.9100000063578289,False
CREX,2021-11-15,DEV 2015-21,2.550000031789144,2.5500000317891436,,2.550000031789144,False
CREX,2022-02-01,VAL 2022-26,1.690000057220459,1.690000057220459,,1.690000057220459,False
CREX,2022-03-23,VAL 2022-26,1.130000034968058,1.1300000349680581,,1.130000034968058,False
CRGO,2023-01-26,VAL 2022-26,31.11000061035156,31.11000061035156,,31.11000061035156,False
CRGO,2023-01-27,VAL 2022-26,14.779999732971191,14.779999732971191,,14.779999732971191,False
CRIS,2019-03-25,DEV 2015-21,52.8,2.6400000000000006,,,True
CRIS,2020-06-10,DEV 2015-21,43.8,2.1900000000000004,,,True
CRIS,2020-12-08,DEV 2015-21,109.4,5.470000000000001,,,True
CRIS,2022-06-06,VAL 2022-26,22.8,1.1400000000000001,,,True
CRIS,2022-08-18,VAL 2022-26,34.6,1.7300000000000004,,,True
CRIS,2025-01-02,VAL 2022-26,3.9,3.9000000000000004,3.9,3.9,False
CRK,2018-04-26,DEV 2015-21,7.070000171661377,7.070000171661377,,7.070000171661377,False
CRMD,2018-07-25,DEV 2015-21,0.3799999952316284,0.3799999952316284,,0.3799999952316284,False
CRMD,2018-10-01,DEV 2015-21,1.1699999809265138,1.1699999809265138,,1.1699999809265138,False
CRMD,2025-01-07,VAL 2022-26,10.130000114440918,10.130000114440918,10.13,10.13,False
CRMD,2025-06-23,VAL 2022-26,16.739999771118164,16.739999771118164,16.74,16.74,False
CRMT,2024-12-05,VAL 2022-26,55.41999816894531,55.41999816894531,55.42,55.42,False
CRMT,2026-06-22,VAL 2022-26,3.5299999713897705,3.5299999713897705,,3.5299999713897705,False
CRNC,2024-11-21,VAL 2022-26,3.400000095367432,3.400000095367432,3.4,3.4,False
CRNC,2025-01-03,VAL 2022-26,10.789999961853027,10.789999961853027,10.79,10.79,False
CRNC,2025-11-20,VAL 2022-26,10.479999542236328,10.479999542236328,10.48,10.48,False
CRNT,2021-01-19,DEV 2015-21,6.210000038146973,6.210000038146973,,6.210000038146973,False
CRSR,2026-02-13,VAL 2022-26,6.480000019073486,6.480000019073486,,6.480000019073486,False
CRTO,2018-02-14,DEV 2015-21,29.899999618530277,29.899999618530277,,29.899999618530277,False
CRTO,2020-07-06,DEV 2015-21,14.229999542236328,14.229999542236328,,14.229999542236328,False
CRTO,2021-11-03,DEV 2015-21,39.58000183105469,39.58000183105469,,39.58000183105469,False
CRTO,2024-02-07,VAL 2022-26,32.22999954223633,32.22999954223633,,32.22999954223633,False
CRTO,2025-02-05,VAL 2022-26,46.5,46.5,46.5,46.5,False
CRVO,2017-01-09,DEV 2015-21,2.5,3.75,,,True
CRVO,2017-01-10,DEV 2015-21,7.399999999999999,11.1,,,True
CRVO,2017-02-08,DEV 2015-21,6.199999999999999,9.299999999999999,,,True
CRVO,2017-04-04,DEV 2015-21,4.42,6.63,,,True
CRVO,2017-07-20,DEV 2015-21,2.51,3.7649999999999997,,,True
CRVO,2017-10-17,DEV 2015-21,2.8,4.2,,,True
CRVO,2018-01-09,DEV 2015-21,1.6,2.4,,,True
CRVO,2019-03-08,DEV 2015-21,10.47,15.705,,,True
CRVO,2019-11-20,DEV 2015-21,0.3799999999999999,0.5700000000000001,,,True
CRVO,2019-12-11,DEV 2015-21,0.61,0.915,,,True
CRVO,2020-04-01,DEV 2015-21,0.5499999999999999,0.8250000000000001,,,True
CRVO,2020-04-27,DEV 2015-21,0.6599999999999999,0.99,,,True
CRVO,2020-05-05,DEV 2015-21,0.63,0.9450000000000001,,,True
CRVO,2021-02-16,DEV 2015-21,1.49,2.235,,,True
CRVO,2023-08-17,VAL 2022-26,13.5,13.5,,13.5,False
CRVO,2025-07-28,VAL 2022-26,12.039999961853027,12.039999961853027,12.04,12.04,False
CRVO,2026-06-16,VAL 2022-26,3.3399999141693115,3.3399999141693115,,3.3399999141693115,False
CRVS,2020-07-07,DEV 2015-21,5.039999961853027,5.039999961853027,,5.039999961853027,False
CRVS,2020-10-05,DEV 2015-21,5.710000038146973,5.710000038146973,,5.710000038146973,False
CRVS,2021-09-17,DEV 2015-21,3.7899999618530273,3.7899999618530273,,3.7899999618530273,False
CRVS,2025-05-09,VAL 2022-26,4.21999979019165,4.21999979019165,4.22,4.22,False
CRVS,2026-01-20,VAL 2022-26,13.510000228881836,13.510000228881836,13.51,13.51,False
CSAI,2025-04-01,VAL 2022-26,6.0,6.0,6.0,6.0,False
CSAI,2025-10-15,VAL 2022-26,1.8300000508626304,1.8300000508626302,1.83,1.83,False
CSBR,2018-09-14,DEV 2015-21,10.739999771118164,10.739999771118164,,10.739999771118164,False
CSTL,2023-07-07,VAL 2022-26,20.0,20.0,,20.0,False
CSTL,2024-08-06,VAL 2022-26,26.25,26.25,,26.25,False
CSTL,2025-08-05,VAL 2022-26,19.850000381469727,19.850000381469727,19.85,19.85,False
CTM,2023-06-23,VAL 2022-26,0.5680000185966492,0.5680000185966492,,0.5680000185966492,False
CTM,2023-08-15,VAL 2022-26,0.5879999995231628,0.5879999995231628,,0.5879999995231628,False
CTM,2024-07-22,VAL 2022-26,0.3000000119209289,0.3000000119209289,,0.3000000119209289,False
CTM,2024-11-04,VAL 2022-26,0.181999996304512,0.181999996304512,0.1816,0.1816,False
CTM,2024-12-26,VAL 2022-26,0.8100000023841858,0.8100000023841858,0.81,0.81,False
CTM,2024-12-30,VAL 2022-26,2.220000028610229,2.220000028610229,2.22,2.22,False
CTM,2025-03-03,VAL 2022-26,1.340000033378601,1.340000033378601,1.34,1.34,False
CTM,2025-10-31,VAL 2022-26,1.340000033378601,1.340000033378601,1.34,1.34,False
CTM,2026-06-15,VAL 2022-26,0.9430000185966492,0.9430000185966492,,0.9430000185966492,False
CTMX,2017-03-20,DEV 2015-21,19.600000381469727,19.600000381469727,,19.600000381469727,False
CTMX,2017-10-04,DEV 2015-21,24.34000015258789,24.34000015258789,,24.34000015258789,False
CTMX,2022-11-17,VAL 2022-26,1.4900000095367432,1.4900000095367432,,1.4900000095367432,False
CTMX,2023-01-06,VAL 2022-26,2.9600000381469727,2.9600000381469727,,2.9600000381469727,False
CTMX,2024-05-01,VAL 2022-26,3.25,3.25,,3.25,False
CTMX,2025-05-12,VAL 2022-26,1.899999976158142,1.899999976158142,1.9,1.9,False
CTMX,2026-03-16,VAL 2022-26,6.920000076293945,6.920000076293945,,6.920000076293945,False
CTNT,2024-05-14,VAL 2022-26,3.3000000000000003,0.022000000000000002,,,True
CTNT,2024-08-23,VAL 2022-26,0.2789999961853027,0.001859999974568685,,,True
CTNT,2024-12-03,VAL 2022-26,7.82,0.05213333333333334,7.82,7.82,False
CTNT,2025-06-05,VAL 2022-26,1.81,0.012066666666666667,1.81,1.81,False
CTNT,2026-04-16,VAL 2022-26,62.0,0.0020666666666666667,0.31,0.31,False
CTNT,2026-04-24,VAL 2022-26,9.600000381469728,0.0003200000127156576,,,True
CTNT,2026-06-02,VAL 2022-26,2.559999942779541,0.01706666628519694,,,True
CTNT,2026-06-18,VAL 2022-26,1.919999957084656,0.012799999713897708,,,True
CTNT,2026-09-17,VAL 2022-26,0.0820000022649765,0.00054666668176651,0.0818,0.0818,False
CTOR,2024-08-05,VAL 2022-26,15.729999542236328,15.729999542236328,,15.729999542236328,False
CTOR,2024-12-03,VAL 2022-26,1.2400000095367432,1.2400000095367432,1.24,1.24,False
CTOR,2025-03-31,VAL 2022-26,1.0,1.0,1.0,1.0,False
CTOS,2020-12-03,DEV 2015-21,5.630000114440918,5.630000114440918,,5.630000114440918,False
CTOS,2025-03-05,VAL 2022-26,5.349999904632568,5.349999904632568,5.35,5.35,False
CTRM,2019-03-27,DEV 2015-21,14.050000000000002,14.050000000000002,,14.050000000000002,False
CTRM,2019-06-04,DEV 2015-21,8.980000000000002,8.980000000000002,,8.980000000000002,False
CTRM,2019-09-05,DEV 2015-21,4.240000000000001,4.240000000000001,,4.240000000000001,False
CTRM,2020-03-04,DEV 2015-21,1.3400000000000003,1.3400000000000003,,1.3400000000000003,False
CTRM,2020-11-20,DEV 2015-21,0.1860000038146973,0.1860000038146973,,0.1860000038146973,False
CTRN,2026-03-17,VAL 2022-26,54.040000915527344,54.040000915527344,,54.040000915527344,False
CTSO,2020-01-28,DEV 2015-21,0.2875,0.28750000000000003,,0.2875,False
CTSO,2020-03-25,DEV 2015-21,0.3315000057220459,0.3315000057220459,,0.3315000057220459,False
CTSO,2020-04-13,DEV 2015-21,0.4295000076293945,0.42950000762939455,,0.4295000076293945,False
CTXR,2016-12-08,DEV 2015-21,0.45,0.45,,0.45,False
CTXR,2016-12-09,DEV 2015-21,0.568,0.568,,0.568,False
CTXR,2017-01-11,DEV 2015-21,0.83,0.83,,0.83,False
CTXR,2017-04-06,DEV 2015-21,0.585,0.585,,0.585,False
CTXR,2018-08-09,DEV 2015-21,1.47,1.47,,1.47,False
CTXR,2019-01-08,DEV 2015-21,1.5,1.5,,1.5,False
CTXR,2020-04-01,DEV 2015-21,0.78,0.78,,0.78,False
CTXR,2020-06-26,DEV 2015-21,1.55,1.55,,1.55,False
CTXR,2024-04-18,VAL 2022-26,0.98,0.98,,0.98,False
CTXR,2024-11-25,VAL 2022-26,4.599999904632568,0.18399999618530274,0.184,0.184,False
CUE,2026-05-01,VAL 2022-26,33.75,33.75,33.75,33.75,False
CUPR,2025-09-10,VAL 2022-26,1.830000042915344,1.8300000429153442,1.83,1.83,False
CUPR,2026-04-07,VAL 2022-26,0.4909999966621399,0.4909999966621399,,0.4909999966621399,False
CUPR,2026-06-12,VAL 2022-26,3.259999990463257,3.259999990463257,,3.259999990463257,False
CUPR,2026-06-15,VAL 2022-26,10.949999809265137,10.949999809265137,10.95,10.95,False
CUPR,2026-07-31,VAL 2022-26,3.2799999713897705,3.2799999713897705,,3.2799999713897705,False
CURI,2020-12-21,DEV 2015-21,13.359999656677246,13.359999656677246,,13.359999656677246,False
CURI,2021-01-04,DEV 2015-21,16.819000244140625,16.819000244140625,,16.819000244140625,False
CURI,2024-03-21,VAL 2022-26,0.75,0.75,,0.75,False
CURI,2025-05-07,VAL 2022-26,4.329999923706055,4.329999923706055,4.33,4.33,False
CURI,2026-08-13,VAL 2022-26,3.5799999237060547,3.5799999237060547,,3.5799999237060547,False
CURR,2024-12-19,VAL 2022-26,4.380000114440918,4.380000114440918,4.38,4.38,False
CURR,2025-01-08,VAL 2022-26,2.7100000381469727,2.7100000381469727,2.71,2.71,False
CURR,2025-07-07,VAL 2022-26,1.340000033378601,1.340000033378601,1.34,1.34,False
CURV,2023-12-08,VAL 2022-26,5.25,5.25,,5.25,False
CURV,2024-04-01,VAL 2022-26,5.900000095367432,5.900000095367432,,5.900000095367432,False
CURX,2026-02-26,VAL 2022-26,0.4820000171661377,0.4820000171661377,0.482,0.482,False
CUVL,2018-09-10,DEV 2015-21,13.140000343322754,13.140000343322754,,13.140000343322754,False
CUVL,2019-10-09,DEV 2015-21,27.0,27.0,,27.0,False
CUVL,2020-03-24,DEV 2015-21,11.279999732971191,11.279999732971191,,11.279999732971191,False
CVEO,2019-10-25,DEV 2015-21,1.2899999618530271,1.2899999618530273,,1.2899999618530271,False
CVGI,2026-03-11,VAL 2022-26,1.9800000190734863,1.9800000190734863,,1.9800000190734863,False
CVI,2021-05-06,DEV 2015-21,23.440000534057617,23.440000534057617,,23.440000534057617,False
CVKD,2023-07-12,VAL 2022-26,2.6399998982747395,2.639999898274739,,2.6399998982747395,False
CVM,2017-08-14,DEV 2015-21,3.5,3.5,,3.5,False
CVM,2024-07-26,VAL 2022-26,1.6300000508626302,1.6300000508626302,,1.6300000508626302,False
CVM,2025-07-11,VAL 2022-26,6.260000228881836,6.260000228881836,6.26,6.26,False
CVU,2017-05-09,DEV 2015-21,7.050000190734863,7.050000190734863,,7.050000190734863,False
CVU,2020-06-16,DEV 2015-21,3.690000057220459,3.690000057220459,,3.690000057220459,False
CVU,2021-03-17,DEV 2015-21,6.039999961853027,6.039999961853027,,6.039999961853027,False
CVU,2025-10-30,VAL 2022-26,3.660000085830689,3.660000085830689,3.6597,3.6597,False
CVV,2016-06-23,DEV 2015-21,8.649999618530273,8.649999618530273,,8.649999618530273,False
CWD,2025-08-28,VAL 2022-26,3.1449999809265137,3.1449999809265137,3.145,3.145,False
CWD,2026-05-05,VAL 2022-26,0.9760000109672546,0.9760000109672546,,0.9760000109672546,False
CWD,2026-07-02,VAL 2022-26,1.4600000381469729,1.4600000381469729,1.46,1.46,False
CXAI,2023-04-13,VAL 2022-26,2.75,2.75,,2.75,False
CXAI,2024-04-01,VAL 2022-26,3.78,3.7800000000000002,,3.78,False
CXAI,2024-08-13,VAL 2022-26,2.43,2.43,,2.43,False
CXAI,2025-04-04,VAL 2022-26,1.08,1.08,1.08,1.08,False
CXAI,2026-01-26,VAL 2022-26,0.37,0.37,,0.37,False
CXAI,2026-03-13,VAL 2022-26,0.2670000076293945,0.2670000076293946,,0.2670000076293945,False
CXAI,2026-06-04,VAL 2022-26,0.31,0.31,0.3101,0.3101,False
CXW,2024-11-06,VAL 2022-26,16.959999084472656,16.959999084472656,16.96,16.96,False
CYCU,2025-03-05,VAL 2022-26,0.869000002415975,0.860463656616211,0.8692,0.8692,False
CYCU,2025-04-08,VAL 2022-26,0.6220000038146973,0.6158899841308594,0.6221,0.6221,False
CYCU,2025-08-22,VAL 2022-26,0.3839999874750773,0.3802278854370117,0.3839,0.3839,False
CYCU,2025-11-11,VAL 2022-26,3.200000084400177,3.1685658988952636,3.2,3.2,False
CYD,2024-12-26,VAL 2022-26,12.800000190734863,12.800000190734863,12.8,12.8,False
CYD,2025-02-20,VAL 2022-26,20.200000762939453,20.200000762939453,20.2,20.2,False
CYN,2022-04-21,VAL 2022-26,2.01,2.2110000000000003,,,True
CYN,2023-12-07,VAL 2022-26,0.43,0.43,,0.43,False
CYN,2024-01-23,VAL 2022-26,0.16,0.16,,0.16,False
CYN,2024-01-26,VAL 2022-26,0.273,0.273,,0.273,False
CYN,2024-04-23,VAL 2022-26,0.224,0.224,,0.224,False
CYN,2024-05-16,VAL 2022-26,0.14,0.14,,0.14,False
CYN,2024-06-12,VAL 2022-26,0.123,0.12300000000000001,,0.123,False
CYN,2024-07-11,VAL 2022-26,5.24,5.24,,5.24,False
CYN,2024-11-07,VAL 2022-26,5.6000000000000005,5.6000000000000005,5.6,5.6,False
CYN,2024-12-23,VAL 2022-26,0.6720000203450521,0.672000020345052,0.6718,0.6718,False
CYN,2024-12-30,VAL 2022-26,0.8200000000000001,0.8200000000000001,0.82,0.82,False
CYN,2025-02-05,VAL 2022-26,14.100000381469728,0.09400000254313153,0.0941,0.0941,False
CYN,2025-02-10,VAL 2022-26,13.350000381469728,0.08900000254313153,0.0885,0.0885,False
CYN,2025-06-26,VAL 2022-26,16.399999618530273,16.399999618530273,16.4,16.4,False
CYN,2025-10-14,VAL 2022-26,6.715000152587891,6.715000152587891,6.715,6.715,False
CYN,2026-01-27,VAL 2022-26,2.75,2.75,,2.75,False
CYN,2026-03-11,VAL 2022-26,1.950000047683716,1.950000047683716,,1.950000047683716,False
CYPH,2019-03-18,DEV 2015-21,2.879999923706055,28.799999237060547,,,True
CYPH,2020-01-03,DEV 2015-21,1.4399999618530277,14.399999618530272,,,True
CYPH,2021-09-13,DEV 2015-21,1.8700000762939453,18.700000762939453,,,True
CYPH,2021-09-16,DEV 2015-21,2.4000000000000004,24.0,,,True
CYPH,2025-10-06,VAL 2022-26,0.800000011920929,0.800000011920929,,0.800000011920929,False
CYPH,2025-11-12,VAL 2022-26,0.6050000190734863,0.6050000190734863,,0.6050000190734863,False
CYPH,2026-06-08,VAL 2022-26,0.6340000033378601,0.6340000033378601,,0.6340000033378601,False
CYPH,2026-08-24,VAL 2022-26,1.830000042915344,1.830000042915344,,1.830000042915344,False
CYRX,2025-08-06,VAL 2022-26,8.600000381469727,8.600000381469727,8.6,8.6,False
CYTK,2020-05-11,DEV 2015-21,19.3799991607666,19.3799991607666,,19.3799991607666,False
CYTK,2021-07-19,DEV 2015-21,27.90999984741211,27.90999984741211,,27.90999984741211,False
DAAQ,2026-08-14,VAL 2022-26,10.40999984741211,10.40999984741211,,10.40999984741211,False
DAC,2020-08-04,DEV 2015-21,4.380000114440918,4.380000114440918,,4.380000114440918,False
DAIC,2026-06-09,VAL 2022-26,2.809999942779541,2.809999942779541,,2.809999942779541,False
DAIC,2026-08-24,VAL 2022-26,1.0800000429153442,1.0800000429153442,1.0803,1.0803,False
DAIC,2026-08-25,VAL 2022-26,3.634999990463257,3.634999990463257,3.635,3.635,False
DAKT,2022-12-12,VAL 2022-26,2.390000104904175,2.390000104904175,,2.390000104904175,False
DAO,2022-03-16,VAL 2022-26,7.610000133514404,7.610000133514404,,7.610000133514404,False
DARE,2016-03-23,DEV 2015-21,3.48000005086263,34.8000005086263,,,True
DARE,2016-10-19,DEV 2015-21,1.190000025431315,11.90000025431315,,,True
DARE,2017-03-13,DEV 2015-21,1.990000025431315,19.90000025431315,,,True
DARE,2018-02-12,DEV 2015-21,3.2999998728434243,3.299999872843424,,3.2999998728434243,False
DARE,2018-12-06,DEV 2015-21,1.3100000222524006,1.3100000222524006,,1.3100000222524006,False
DARE,2019-03-18,DEV 2015-21,2.7199999491373696,2.7199999491373696,,2.7199999491373696,False
DARE,2019-11-11,DEV 2015-21,1.0,1.0,,1.0,False
DARE,2020-01-13,DEV 2015-21,1.6000000635782876,1.6000000635782876,,1.6000000635782876,False
DARE,2021-01-20,DEV 2015-21,3.4399998982747397,3.43999989827474,,3.4399998982747397,False
DARE,2021-07-07,DEV 2015-21,2.260000069936116,2.2600000699361162,,2.260000069936116,False
DARE,2025-07-14,VAL 2022-26,7.909999847412109,7.909999847412109,7.91,7.91,False
DARE,2026-04-17,VAL 2022-26,3.2699999809265137,3.2699999809265137,,3.2699999809265137,False
DAVE,2022-07-27,VAL 2022-26,0.8399999737739563,0.8399999737739563,,0.8399999737739563,False
DAVE,2024-03-05,VAL 2022-26,27.3799991607666,27.3799991607666,,27.3799991607666,False
DBGI,2021-09-28,DEV 2015-21,4.780000000000001,4.780000000000001,,4.780000000000001,False
DBGI,2021-10-28,DEV 2015-21,5.330000000000001,5.330000000000001,,5.330000000000001,False
DBGI,2022-01-20,VAL 2022-26,1.6590000000000005,1.6590000000000005,,1.6590000000000005,False
DBGI,2022-10-21,VAL 2022-26,0.11,0.11000000000000003,,0.11,False
DBGI,2023-05-04,VAL 2022-26,0.981,0.9810000000000001,,0.981,False
DBGI,2023-08-30,VAL 2022-26,14.0,14.0,,14.0,False
DBGI,2024-02-13,VAL 2022-26,7.69,7.69,,7.69,False
DBGI,2024-10-15,VAL 2022-26,0.278,0.278,0.2782,0.2782,False
DBGI,2024-11-20,VAL 2022-26,0.152,0.152,0.1515,0.1515,False
DBGI,2026-08-05,VAL 2022-26,30.34000015258789,30.34000015258789,,30.34000015258789,False
DBI,2023-09-07,VAL 2022-26,13.34000015258789,13.34000015258789,,13.34000015258789,False
DBI,2025-12-09,VAL 2022-26,5.960000038146973,5.960000038146973,5.96,5.96,False
DBVT,2018-02-14,DEV 2015-21,26.5,5.300000000000001,,,True
DBVT,2020-11-02,DEV 2015-21,2.5299999713897705,0.5059999942779542,,,True
DBVT,2021-01-15,DEV 2015-21,5.321000099182129,1.0642000198364259,,,True
DBVT,2021-01-19,DEV 2015-21,7.369999885559082,1.4739999771118164,,,True
DBVT,2022-06-08,VAL 2022-26,1.840000033378601,0.36800000667572025,,,True
DBVT,2022-12-23,VAL 2022-26,1.5499999523162842,0.3099999904632569,,,True
DBVT,2024-10-23,VAL 2022-26,1.0099999904632568,0.20199999809265137,1.01,1.01,False
DBVT,2024-10-24,VAL 2022-26,0.8460000157356262,0.16920000314712524,0.846,0.846,False
DBVT,2025-03-28,VAL 2022-26,6.03000020980835,6.03000020980835,6.03,6.03,False
DBVT,2025-12-17,VAL 2022-26,25.299999237060547,25.299999237060547,25.3,25.3,False
DC,2025-02-07,VAL 2022-26,3.059999942779541,3.059999942779541,3.06,3.06,False
DCOY,2018-10-16,DEV 2015-21,1.39,104250.0,,,True
DCOY,2019-01-04,DEV 2015-21,0.5299999999999999,39750.0,,,True
DCOY,2021-02-10,DEV 2015-21,3.45,10350.0,,,True
DCOY,2022-05-12,VAL 2022-26,0.21,630.0,,,True
DCOY,2024-03-25,VAL 2022-26,0.747999996609158,89.75999959309895,,,True
DCOY,2025-01-13,VAL 2022-26,4.449999999999999,66.75,,,True
DCOY,2025-06-17,VAL 2022-26,1.2499999999999998,18.75,,,True
DCOY,2025-07-29,VAL 2022-26,1.5599999321831597,23.399998982747395,,,True
DCOY,2025-11-12,VAL 2022-26,1.3000000317891438,1.300000031789144,,1.3000000317891438,False
DCOY,2026-01-13,VAL 2022-26,1.3500000635782876,1.3500000635782876,1.35,1.35,False
DCOY,2026-06-29,VAL 2022-26,12.0,12.0,12.0,12.0,False
DCOY,2026-09-22,VAL 2022-26,5.150000095367432,5.150000095367432,5.15,5.15,False
DCOY,2026-09-23,VAL 2022-26,4.400000095367432,4.400000095367432,,4.400000095367432,False
DCTH,2023-08-15,VAL 2022-26,5.840000152587891,5.840000152587891,,5.840000152587891,False
DCTH,2025-05-08,VAL 2022-26,14.0,14.0,14.0,14.0,False
DCX,2023-06-05,VAL 2022-26,5.579999999999999,1.04625,,,True
DCX,2023-06-07,VAL 2022-26,5.5,1.03125,,,True
DCX,2025-09-19,VAL 2022-26,0.183000005086263,0.0011437500317891436,,,True
DCX,2025-11-24,VAL 2022-26,2.4600000381469727,0.015375000238418578,,,True
DCX,2026-01-29,VAL 2022-26,3.920000076293945,0.024500000476837158,,,True
DCX,2026-07-30,VAL 2022-26,1.350000023841858,0.008437500149011613,,,True
DCX,2026-09-17,VAL 2022-26,0.3959999978542328,0.002474999986588955,,,True
DDC,2025-05-12,VAL 2022-26,3.069999933242798,3.069999933242798,3.07,3.07,False
DDI,2024-03-08,VAL 2022-26,15.899999618530272,15.899999618530272,,15.899999618530272,False
DDL,2022-03-16,VAL 2022-26,3.3399999141693115,3.3399999141693115,,3.3399999141693115,False
DEFT,2025-05-12,VAL 2022-26,4.900000095367432,4.900000095367432,,4.900000095367432,False
DEFT,2026-04-01,VAL 2022-26,0.7870000004768372,0.7870000004768372,,0.7870000004768372,False
DFDV,2024-07-09,VAL 2022-26,1.019999772310257,8.97599799633026,,,True
DFDV,2025-04-07,VAL 2022-26,14.269996166229248,15.696995782852175,,,True
DFLI,2023-04-17,VAL 2022-26,5.810000271267361,5.810000271267361,,5.810000271267361,False
DFLI,2024-04-16,VAL 2022-26,0.5699999915228949,0.5699999915228949,,0.5699999915228949,False
DFLI,2025-06-20,VAL 2022-26,0.375,0.375,0.3751,0.3751,False
DFLI,2025-07-22,VAL 2022-26,0.4159999847412109,0.41599998474121097,0.4163,0.4163,False
DFLI,2025-09-26,VAL 2022-26,0.4590000152587891,0.4590000152587891,0.4593,0.4593,False
DFLI,2025-09-29,VAL 2022-26,0.6909999847412109,0.6909999847412109,0.6907,0.6907,False
DFLI,2025-10-02,VAL 2022-26,0.7190000057220459,0.7190000057220459,0.7192,0.7192,False
DFNS,2024-03-12,VAL 2022-26,1.68,13.44,,,True
DFNS,2024-09-23,VAL 2022-26,0.292,2.336,,,True
DFNS,2024-10-24,VAL 2022-26,2.68,2.68,,2.68,False
DFNS,2024-12-17,VAL 2022-26,2.23,2.23,,2.23,False
DFNS,2025-06-13,VAL 2022-26,15.38,15.38,,15.38,False
DFNS,2025-08-29,VAL 2022-26,5.44,5.44,,5.44,False
DFNS,2026-06-12,VAL 2022-26,0.338,0.338,,0.338,False
DFNS,2026-07-10,VAL 2022-26,22.5,0.18,,,True
DFNS,2026-07-17,VAL 2022-26,8.125,0.065,,,True
DFNS,2026-07-27,VAL 2022-26,6.960000038146973,6.960000038146973,6.96,6.96,False
DFSC,2024-06-10,VAL 2022-26,0.8170000348772322,171.57000732421875,,,True
DFSC,2024-12-17,VAL 2022-26,1.1899999891008648,24.989999771118164,,,True
DFSC,2025-02-18,VAL 2022-26,0.7840000334240141,16.464000701904297,,,True
DFSC,2025-06-18,VAL 2022-26,9.6899995803833,9.6899995803833,,9.6899995803833,False
DFSC,2025-10-31,VAL 2022-26,5.28000020980835,5.28000020980835,5.28,5.28,False
DFSC,2026-08-13,VAL 2022-26,2.5799999237060547,2.5799999237060547,2.58,2.58,False
DFTX,2020-03-04,DEV 2015-21,0.3689999898274739,5.534999847412109,,,True
DFTX,2020-03-05,DEV 2015-21,0.703000005086263,10.545000076293944,,,True
DFTX,2020-12-14,DEV 2015-21,4.35,65.25,,,True
DFTX,2021-04-23,DEV 2015-21,2.89499994913737,43.42499923706055,,,True
DFTX,2021-04-26,DEV 2015-21,4.23000005086263,63.45000076293945,,,True
DFTX,2021-04-27,DEV 2015-21,5.689999898274739,85.3499984741211,,,True
DFTX,2022-08-18,VAL 2022-26,17.850000381469727,17.850000381469727,,17.850000381469727,False
DFTX,2023-04-14,VAL 2022-26,3.7699999809265137,3.7699999809265137,,3.7699999809265137,False
DFTX,2024-03-07,VAL 2022-26,7.420000076293945,7.420000076293945,,7.420000076293945,False
DGNX,2025-09-22,VAL 2022-26,17.0,17.0,17.0,17.0,False
DGNX,2025-10-09,VAL 2022-26,39.77999877929688,39.779998779296875,39.78,39.78,False
DGNX,2026-01-02,VAL 2022-26,5.010000228881836,5.010000228881836,5.01,5.01,False
DGNX,2026-01-23,VAL 2022-26,1.6799999475479126,1.6799999475479126,,1.6799999475479126,False
DGXX,2021-05-13,DEV 2015-21,1.3200000127156577,3.9600000381469727,,,True
DGXX,2026-05-05,VAL 2022-26,5.340000152587891,5.340000152587891,,5.340000152587891,False
DH,2025-05-09,VAL 2022-26,3.5850000381469727,3.5850000381469727,3.585,3.585,False
DHC,2023-03-02,VAL 2022-26,1.1299999952316284,1.1299999952316284,,1.1299999952316284,False
DHX,2026-02-05,VAL 2022-26,2.1700000762939453,2.1700000762939453,,2.1700000762939453,False
DJT,2021-10-21,DEV 2015-21,12.729999542236328,12.729999542236328,,12.729999542236328,False
DJT,2023-07-21,VAL 2022-26,16.700000762939453,16.700000762939453,,16.700000762939453,False
DKI,2025-10-02,VAL 2022-26,1.2300000190734863,0.0768750011920929,1.23,1.23,False
DKI,2026-02-02,VAL 2022-26,1.1799999475479126,0.07374999672174454,1.18,1.18,False
DKI,2026-08-10,VAL 2022-26,5.190000057220459,5.190000057220459,,5.190000057220459,False
DLO,2025-05-15,VAL 2022-26,12.43000030517578,12.43000030517578,12.43,12.43,False
DLPN,2019-12-04,DEV 2015-21,0.8899999618530274,0.8899999618530274,,0.8899999618530274,False
DLPN,2020-06-04,DEV 2015-21,1.8899999618530277,1.8899999618530279,,1.8899999618530277,False
DLPN,2020-07-13,DEV 2015-21,1.55,1.55,,1.55,False
DLPN,2021-03-23,DEV 2015-21,10.699999809265137,10.699999809265138,,10.699999809265137,False
DLPN,2021-08-02,DEV 2015-21,9.619999885559082,9.619999885559082,,9.619999885559082,False
DLTH,2017-03-22,DEV 2015-21,23.420000076293945,23.420000076293945,,23.420000076293945,False
DLTH,2024-08-29,VAL 2022-26,4.179999828338623,4.179999828338623,,4.179999828338623,False
DLTH,2026-03-19,VAL 2022-26,2.700000047683716,2.700000047683716,,2.700000047683716,False
DLXY,2026-03-04,VAL 2022-26,1.3200000524520874,0.2640000104904175,1.32,1.32,False
DLXY,2026-09-16,VAL 2022-26,1.0199999809265137,0.20399999618530273,1.02,1.02,False
DMAC,2019-06-20,DEV 2015-21,5.099999904632568,5.099999904632568,,5.099999904632568,False
DMAC,2020-05-14,DEV 2015-21,4.75,4.75,,4.75,False
DMRA,2023-09-27,VAL 2022-26,0.7280000305175781,18.200000762939453,,,True
DMRA,2025-09-23,VAL 2022-26,4.590000152587891,4.590000152587891,,4.590000152587891,False
DMRA,2025-11-10,VAL 2022-26,21.440000534057617,21.440000534057617,,21.440000534057617,False
DMRC,2019-05-02,DEV 2015-21,40.0,40.0,,40.0,False
DMRC,2022-11-04,VAL 2022-26,18.399999618530277,18.399999618530277,,18.399999618530277,False
DMRC,2023-05-11,VAL 2022-26,24.899999618530277,24.899999618530277,,24.899999618530277,False
DNLI,2020-08-06,DEV 2015-21,30.43000030517578,30.43000030517578,,30.43000030517578,False
DNN,2021-02-12,DEV 2015-21,1.3300000429153442,1.3300000429153442,,1.3300000429153442,False
DNTH,2022-12-13,VAL 2022-26,23.36000061035156,23.36000061035156,,23.36000061035156,False
DNTH,2023-02-03,VAL 2022-26,13.119999885559082,13.119999885559082,,13.119999885559082,False
DNUT,2025-10-22,VAL 2022-26,4.65500020980835,4.65500020980835,4.655,4.655,False
DNUT,2026-02-26,VAL 2022-26,3.6649999618530273,3.6649999618530273,,3.6649999618530273,False
DOGZ,2020-10-23,DEV 2015-21,2.3899999618530274,2.3899999618530274,,2.3899999618530274,False
DOGZ,2021-02-17,DEV 2015-21,3.7200000762939456,3.7200000762939456,,3.7200000762939456,False
DOGZ,2026-08-12,VAL 2022-26,1.149999976158142,1.149999976158142,,1.149999976158142,False
DOMH,2015-03-20,DEV 2015-21,0.9999999721845974,0.8995970679293388,,,True
DOMH,2015-08-24,DEV 2015-21,0.2999999916553792,0.26987912037880163,,,True
DOMH,2015-08-25,DEV 2015-21,0.5999999833107584,0.5397582407576033,,,True
DOMH,2016-03-07,DEV 2015-21,2.8599999896419748,2.572847676524654,,,True
DOMH,2016-05-24,DEV 2015-21,3.310000038905424,2.9776664126703074,,,True
DOMH,2017-06-29,DEV 2015-21,3.2800000669232534,2.9506785250865053,,,True
DOMH,2017-07-03,DEV 2015-21,3.359999913953893,3.022646154911873,,,True
DOMH,2018-10-11,DEV 2015-21,1.4400000637368593,1.295419871188365,,,True
DOMH,2020-03-09,DEV 2015-21,4.830000035903033,4.830000035903033,,4.830000035903033,False
DOMH,2020-04-14,DEV 2015-21,2.1000000448787914,2.1000000448787914,,2.1000000448787914,False
DOMH,2020-07-20,DEV 2015-21,1.2700000089757582,1.2700000089757582,,1.2700000089757582,False
DOMH,2021-01-06,DEV 2015-21,1.4499999775606045,1.4499999775606045,,1.4499999775606045,False
DOMH,2025-02-10,VAL 2022-26,3.900000095367432,3.900000095367432,3.9,3.9,False
DOMH,2025-02-11,VAL 2022-26,10.43000030517578,10.43000030517578,10.43,10.43,False
DOYU,2024-07-03,VAL 2022-26,16.579999923706055,16.579999923706055,,16.579999923706055,False
DOYU,2025-01-16,VAL 2022-26,16.040000915527344,16.040000915527344,16.04,16.04,False
DPRO,2022-03-22,VAL 2022-26,3.14,3.14,,3.14,False
DPRO,2024-08-12,VAL 2022-26,0.125,0.125,,0.125,False
DPU,2023-08-30,VAL 2022-26,1.65,1031.25,,,True
DPU,2024-08-26,VAL 2022-26,0.312,195.0,,,True
DPU,2024-11-27,VAL 2022-26,0.305,190.625,,,True
DPU,2025-08-28,VAL 2022-26,0.2189999961853027,5.474999904632568,,,True
DPU,2025-09-26,VAL 2022-26,5.0,5.0,,5.0,False
DPU,2025-10-31,VAL 2022-26,3.5999999046325684,3.5999999046325684,,3.5999999046325684,False
DRCT,2022-03-09,VAL 2022-26,2.35,2.35,,2.35,False
DRCT,2022-03-30,VAL 2022-26,4.709999778053977,4.709999778053977,,4.709999778053977,False
DRCT,2022-07-20,VAL 2022-26,2.570000110973011,2.570000110973011,,2.570000110973011,False
DRCT,2022-08-11,VAL 2022-26,3.75,3.75,,3.75,False
DRCT,2023-11-10,VAL 2022-26,3.470000110973011,3.470000110973011,,3.470000110973011,False
DRCT,2025-12-01,VAL 2022-26,0.1790000048550692,0.17900000485506923,0.1794,0.1794,False
DRCT,2025-12-31,VAL 2022-26,0.0830000010403719,0.08300000104037199,0.0828,0.0828,False
DRCT,2026-01-23,VAL 2022-26,5.440000057220459,5.44000005722046,5.44,5.44,False
DRCT,2026-04-28,VAL 2022-26,2.9600000381469727,2.9600000381469727,,2.9600000381469727,False
DRIO,2018-03-26,DEV 2015-21,2.010000038146973,0.10050000190734865,,,True
DRIO,2019-12-03,DEV 2015-21,9.419999694824218,9.41999969482422,,9.419999694824218,False
DRIO,2020-06-11,DEV 2015-21,7.45,7.45,,7.45,False
DRIO,2020-08-05,DEV 2015-21,16.960000610351564,16.960000610351564,,16.960000610351564,False
DRK,2017-01-19,DEV 2015-21,0.46,6440.0,,,True
DRK,2017-06-22,DEV 2015-21,0.2,2800.0,,,True
DRK,2017-06-28,DEV 2015-21,0.25,3500.0,,,True
DRK,2018-09-11,DEV 2015-21,0.325999995640346,182.55999755859372,,,True
DRK,2018-09-26,DEV 2015-21,0.4899999891008649,274.3999938964844,,,True
DRK,2019-11-15,DEV 2015-21,1.0,70.0,,,True
DRK,2021-06-03,DEV 2015-21,2.25,157.5,,,True
DRK,2021-08-06,DEV 2015-21,5.35,374.5,,,True
DRK,2023-12-04,VAL 2022-26,1.0100000381469727,10.100000381469728,,,True
DRK,2026-06-01,VAL 2022-26,3.164999961853028,3.164999961853028,,3.164999961853028,False
DRMA,2022-02-10,VAL 2022-26,1.34,1.34,,1.34,False
DRMA,2022-12-30,VAL 2022-26,0.4920000203450521,0.49200002034505214,,0.4920000203450521,False
DRMA,2023-03-24,VAL 2022-26,2.0700000000000003,2.0700000000000003,,2.0700000000000003,False
DRMA,2023-04-18,VAL 2022-26,3.3200000000000003,3.3200000000000003,,3.3200000000000003,False
DRMA,2023-05-12,VAL 2022-26,3.3000000000000003,3.3000000000000003,,3.3000000000000003,False
DRMA,2024-01-05,VAL 2022-26,0.8609999593098959,0.8609999593098959,,0.8609999593098959,False
DRMA,2024-07-24,VAL 2022-26,2.879999923706055,2.879999923706055,,2.879999923706055,False
DRMA,2024-09-16,VAL 2022-26,2.379999923706055,2.379999923706055,,2.379999923706055,False
DRMA,2025-03-27,VAL 2022-26,2.2,2.2,2.2,2.2,False
DRMA,2025-12-24,VAL 2022-26,2.515000104904175,2.515000104904175,2.515,2.515,False
DRMA,2025-12-30,VAL 2022-26,2.4100000858306885,2.4100000858306885,2.41,2.41,False
DRMA,2026-03-20,VAL 2022-26,1.4900000095367432,1.4900000095367432,,1.4900000095367432,False
DRS,2016-08-23,DEV 2015-21,0.75,1.5,,,True
DSGR,2026-03-16,VAL 2022-26,25.989999771118164,25.989999771118164,,25.989999771118164,False
DSGR,2026-07-16,VAL 2022-26,34.709999084472656,34.709999084472656,,34.709999084472656,False
DSP,2023-08-08,VAL 2022-26,5.579999923706055,5.579999923706055,,5.579999923706055,False
DSS,2017-12-18,DEV 2015-21,1.4899999850463868,1.383472595214844,,,True
DSS,2019-03-05,DEV 2015-21,1.2900000201416018,1.1977716064453126,,,True
DSS,2020-03-12,DEV 2015-21,0.2600000091552734,0.24141133626302086,,,True
DSS,2020-07-09,DEV 2015-21,9.59999995880127,8.913648986816407,,,True
DSS,2020-10-26,DEV 2015-21,5.53999993171692,5.143918228149414,,,True
DSY,2024-06-10,VAL 2022-26,3.9400001525878903,3.9400001525878907,,3.9400001525878903,False
DSY,2026-06-10,VAL 2022-26,9.579999923706056,9.579999923706056,9.58,9.58,False
DSY,2026-08-07,VAL 2022-26,6.03000020980835,6.03000020980835,6.03,6.03,False
DTIL,2025-01-10,VAL 2022-26,6.800000190734863,6.800000190734863,6.8,6.8,False
DTSS,2020-02-12,DEV 2015-21,3.51999994913737,3.51999994913737,,3.51999994913737,False
DTSS,2020-08-03,DEV 2015-21,5.75,5.75,,5.75,False
DTSS,2021-01-14,DEV 2015-21,3.33000005086263,3.33000005086263,,3.33000005086263,False
DTSS,2021-07-14,DEV 2015-21,6.270000203450521,6.27000020345052,,6.270000203450521,False
DTSS,2023-08-17,VAL 2022-26,0.7290000279744466,0.7290000279744466,,0.7290000279744466,False
DTSS,2026-09-17,VAL 2022-26,0.9700000286102296,0.9700000286102296,0.9698,0.9698,False
DTST,2018-04-05,DEV 2015-21,0.1299999952316284,0.00324999988079071,,,True
DTST,2019-10-15,DEV 2015-21,0.2599999904632568,0.00649999976158142,,,True
DTST,2021-02-11,DEV 2015-21,0.4399999976158142,0.010999999940395355,,,True
DTST,2021-07-07,DEV 2015-21,12.600000381469728,12.600000381469728,,12.600000381469728,False
DTST,2022-01-05,VAL 2022-26,3.7799999713897705,3.7799999713897705,,3.7799999713897705,False
DTST,2022-05-16,VAL 2022-26,3.670000076293945,3.670000076293945,,3.670000076293945,False
DTST,2025-07-16,VAL 2022-26,4.539999961853027,4.539999961853027,4.54,4.54,False
DUO,2020-06-10,DEV 2015-21,62.5,62.5,,62.5,False
DUO,2021-10-21,DEV 2015-21,1.28,1.28,,1.28,False
DUO,2022-03-16,VAL 2022-26,0.4309999932183159,0.43099999321831595,,0.4309999932183159,False
DUO,2022-04-29,VAL 2022-26,0.3580000135633681,0.3580000135633681,,0.3580000135633681,False
DUO,2022-11-04,VAL 2022-26,1.3300000508626302,1.3300000508626302,,1.3300000508626302,False
DUO,2023-06-29,VAL 2022-26,1.0699999491373695,1.0699999491373697,,1.0699999491373695,False
DUO,2023-08-03,VAL 2022-26,3.630000114440918,0.24200000762939453,,,True
DUO,2024-03-11,VAL 2022-26,1.1100000143051147,1.1100000143051147,,1.1100000143051147,False
DUO,2024-05-17,VAL 2022-26,1.5199999809265137,1.5199999809265137,,1.5199999809265137,False
DUO,2024-09-26,VAL 2022-26,0.7400000095367432,0.7400000095367432,,0.7400000095367432,False
DUO,2024-09-27,VAL 2022-26,1.5,1.5,,1.5,False
DUO,2024-09-30,VAL 2022-26,1.7699999809265137,1.7699999809265137,,1.7699999809265137,False
DUO,2024-12-09,VAL 2022-26,1.0099999904632568,1.0099999904632568,1.01,1.01,False
DUO,2025-02-12,VAL 2022-26,0.6899999976158142,0.6899999976158142,0.69,0.69,False
DVLT,2020-06-03,DEV 2015-21,3.3800000000000003,343.6333333333333,,,True
DVLT,2020-11-10,DEV 2015-21,3.01,306.01666666666665,,,True
DVLT,2021-07-22,DEV 2015-21,4.96,504.26666666666665,,,True
DVLT,2023-01-20,VAL 2022-26,17.0,17.28333333333333,,17.0,False
DVLT,2023-05-15,VAL 2022-26,2.17,2.2061666666666664,,2.17,False
DVLT,2023-06-14,VAL 2022-26,1.77,1.7994999999999999,,1.77,False
DVLT,2023-10-17,VAL 2022-26,0.32,0.3253333333333333,,0.32,False
DVLT,2023-12-04,VAL 2022-26,0.22,0.22366666666666665,,0.22,False
DVLT,2024-04-04,VAL 2022-26,4.5,0.0305,,,True
DVLT,2024-04-16,VAL 2022-26,2.680000066757202,2.7246667345364886,,2.680000066757202,False
DVLT,2024-09-04,VAL 2022-26,2.380000114440918,2.419666783014933,,2.380000114440918,False
DVLT,2025-02-12,VAL 2022-26,1.5,1.525,,1.5,False
DVLT,2025-09-18,VAL 2022-26,0.5199999809265137,0.5286666472752889,0.5208,0.5208,False
DWSN,2025-06-16,VAL 2022-26,5.5,5.5,5.5,5.5,False
DWTX,2023-04-25,VAL 2022-26,1.2,30.0,,,True
DWTX,2024-10-08,VAL 2022-26,5.0,5.0,,5.0,False
DWTX,2025-01-21,VAL 2022-26,2.5299999713897705,2.5299999713897705,2.53,2.53,False
DWTX,2025-04-21,VAL 2022-26,5.409999847412109,5.409999847412109,5.41,5.41,False
DWTX,2025-09-29,VAL 2022-26,8.489999771118164,8.489999771118164,8.49,8.49,False
DXF,2025-04-17,VAL 2022-26,12.140000343322754,12.140000343322754,12.14,12.14,False
DXF,2025-09-23,VAL 2022-26,6.0,6.0,6.0,6.0,False
DXF,2026-01-02,VAL 2022-26,2.049999952316284,2.049999952316284,,2.049999952316284,False
DXF,2026-05-14,VAL 2022-26,1.2699999809265137,1.2699999809265137,1.27,1.27,False
DXF,2026-07-01,VAL 2022-26,0.800000011920929,0.800000011920929,0.8026,0.8026,False
DXR,2018-03-16,DEV 2015-21,17.549999237060547,17.549999237060547,,17.549999237060547,False
DXR,2018-04-19,DEV 2015-21,10.399999618530272,10.399999618530272,,10.399999618530272,False
DXR,2020-03-02,DEV 2015-21,17.0,17.0,,17.0,False
DXST,2026-03-04,VAL 2022-26,2.924999952316284,0.11699999809265137,,,True
DXST,2026-06-02,VAL 2022-26,2.970000028610229,2.970000028610229,2.97,2.97,False
DXST,2026-07-16,VAL 2022-26,2.619999885559082,2.619999885559082,,2.619999885559082,False
DXST,2026-08-04,VAL 2022-26,2.990000009536743,2.990000009536743,,2.990000009536743,False
DXYZ,2024-11-07,VAL 2022-26,21.670000076293945,21.670000076293945,,21.670000076293945,False
DYAI,2015-11-10,DEV 2015-21,1.2100000381469729,1.2100000381469729,,1.2100000381469729,False
DYAI,2020-03-02,DEV 2015-21,7.989999771118164,7.989999771118164,,7.989999771118164,False
DYAI,2021-03-22,DEV 2015-21,8.140000343322754,8.140000343322754,,8.140000343322754,False
DYN,2024-01-03,VAL 2022-26,18.0,18.0,,18.0,False
DYNC,2025-07-21,VAL 2022-26,14.550000190734863,14.550000190734863,,14.550000190734863,False
DZZ,2025-10-27,VAL 2022-26,4.929999828338623,4.929999828338623,,4.929999828338623,False
DZZ,2026-01-30,VAL 2022-26,4.78000020980835,4.78000020980835,,4.78000020980835,False
EBON,2020-07-14,DEV 2015-21,6.0,6.0,,6.0,False
EBON,2020-08-14,DEV 2015-21,5.810000101725261,5.810000101725261,,5.810000101725261,False
EBON,2020-12-31,DEV 2015-21,5.96000010172526,5.96000010172526,,5.96000010172526,False
EBS,2024-05-02,VAL 2022-26,2.950000047683716,2.950000047683716,,2.950000047683716,False
EBS,2024-11-07,VAL 2022-26,11.43000030517578,11.43000030517578,11.43,11.43,False
ECOR,2020-04-03,DEV 2015-21,1.3,1.3013,,1.3,False
ECOR,2020-07-13,DEV 2015-21,3.1399998982747395,3.1431398981730134,,3.1399998982747395,False
ECOR,2021-03-01,DEV 2015-21,2.8699999491373696,2.872869949086507,,2.8699999491373696,False
EDBL,2023-02-01,VAL 2022-26,13.150000000000002,13.150000000000002,,13.150000000000002,False
EDBL,2023-08-10,VAL 2022-26,1.7700000000000002,1.7700000000000002,,1.7700000000000002,False
EDBL,2023-09-01,VAL 2022-26,1.62,1.62,,1.62,False
EDBL,2024-04-17,VAL 2022-26,6.0200000000000005,6.0200000000000005,,6.0200000000000005,False
EDBL,2024-05-15,VAL 2022-26,7.930000000000001,7.930000000000001,,7.930000000000001,False
EDBL,2024-05-21,VAL 2022-26,5.7,5.7,,5.7,False
EDBL,2024-10-25,VAL 2022-26,0.275,0.275,0.2745,0.2745,False
EDBL,2024-12-23,VAL 2022-26,0.438,0.438,0.4381,0.4381,False
EDBL,2025-02-05,VAL 2022-26,0.272,0.272,0.272,0.272,False
EDBL,2025-05-20,VAL 2022-26,2.4690001085069446,2.4690001085069446,2.4691,2.4691,False
EDBL,2025-05-21,VAL 2022-26,4.57,4.57,4.57,4.57,False
EDBL,2026-04-21,VAL 2022-26,1.31000001695421,1.31000001695421,,1.31000001695421,False
EDBL,2026-05-14,VAL 2022-26,0.490999984741211,0.49099998474121087,,0.490999984741211,False
EDBL,2026-05-15,VAL 2022-26,0.5600000169542101,0.5600000169542101,,0.5600000169542101,False
EDBL,2026-06-30,VAL 2022-26,0.2949999915228949,0.2949999915228949,0.2947,0.2947,False
EDBL,2026-07-08,VAL 2022-26,5.894999980926514,0.13099999957614475,,,True
EDBL,2026-07-27,VAL 2022-26,7.880000114440918,7.880000114440918,7.88,7.88,False
EDN,2025-10-27,VAL 2022-26,25.40999984741211,25.40999984741211,25.405,25.405,False
EDRY,2020-11-12,DEV 2015-21,10.399999618530272,10.399999618530272,,10.399999618530272,False
EDSA,2018-05-24,DEV 2015-21,2.8799999782017296,17.27999986921038,,,True
EDSA,2018-06-21,DEV 2015-21,2.5999999273391,15.599999564034599,,,True
EDSA,2019-03-08,DEV 2015-21,1.75,10.5,,,True
EDSA,2019-05-31,DEV 2015-21,2.1399999346051897,12.839999607631137,,,True
EDSA,2019-06-20,DEV 2015-21,11.7999997820173,11.799999782017299,,11.7999997820173,False
EDSA,2020-06-15,DEV 2015-21,6.97000013078962,6.97000013078962,,6.97000013078962,False
EDSA,2020-07-30,DEV 2015-21,15.18000030517578,15.180000305175783,,15.18000030517578,False
EDSA,2021-01-26,DEV 2015-21,8.91999980381557,8.919999803815568,,8.91999980381557,False
EDSA,2021-09-20,DEV 2015-21,9.4500002179827,9.4500002179827,,9.4500002179827,False
EDSA,2025-02-13,VAL 2022-26,2.990000009536743,2.990000009536743,2.99,2.99,False
EDUC,2025-08-22,VAL 2022-26,1.2599999904632568,1.2599999904632568,,1.2599999904632568,False
EDVA,2022-01-11,VAL 2022-26,1.6200000762939455,259.20001220703125,,,True
EDVA,2024-06-03,VAL 2022-26,0.3039999961853027,48.63999938964844,,,True
EDVA,2025-04-15,VAL 2022-26,1.9299999475479128,7.71999979019165,,,True
EDVA,2025-04-16,VAL 2022-26,3.990000009536743,15.960000038146973,,,True
EDVA,2025-10-22,VAL 2022-26,2.4200000762939453,9.68000030517578,,,True
EDVA,2025-11-21,VAL 2022-26,0.902999997138977,3.611999988555908,,,True
EDVA,2026-06-04,VAL 2022-26,0.3899999856948852,1.559999942779541,,,True
EDVA,2026-07-06,VAL 2022-26,1.1759999990463257,1.1759999990463257,,1.1759999990463257,False
EDVA,2026-07-31,VAL 2022-26,0.4300000071525574,0.4300000071525574,,0.4300000071525574,False
EEIQ,2023-05-24,VAL 2022-26,2.3499999046325684,2.349999904632568,,2.3499999046325684,False
EEIQ,2025-08-22,VAL 2022-26,1.3799999952316284,1.3799999952316282,1.38,1.38,False
EEIQ,2026-03-26,VAL 2022-26,4.789999961853027,4.789999961853027,4.79,4.79,False
EFC,2020-04-08,DEV 2015-21,8.029999732971191,8.029999732971191,,8.029999732971191,False
EFOI,2019-07-30,DEV 2015-21,0.52999997820173,0.52999997820173,,0.52999997820173,False
EFOI,2020-05-13,DEV 2015-21,0.52999997820173,0.52999997820173,,0.52999997820173,False
EFOI,2020-10-14,DEV 2015-21,10.93000030517578,10.930000305175781,,10.93000030517578,False
EFOI,2021-12-08,DEV 2015-21,3.5,3.5,,3.5,False
EFOI,2022-06-03,VAL 2022-26,1.3499999727521623,1.3499999727521623,,1.3499999727521623,False
EFOI,2022-06-08,VAL 2022-26,2.9800000871930803,2.98000008719308,,2.9800000871930803,False
EFOI,2022-10-21,VAL 2022-26,0.6200000217982701,0.6200000217982701,,0.6200000217982701,False
EFOI,2024-02-21,VAL 2022-26,1.7100000381469729,1.7100000381469729,,1.7100000381469729,False
EFOI,2025-02-18,VAL 2022-26,1.950000047683716,1.950000047683716,1.95,1.95,False
EFOI,2026-04-17,VAL 2022-26,5.380000114440918,5.380000114440918,5.38,5.38,False
EFOR,2015-10-29,DEV 2015-21,50.4900016784668,50.4900016784668,,50.4900016784668,False
EGAN,2019-02-08,DEV 2015-21,9.0,9.0,,9.0,False
EGHT,2023-11-02,VAL 2022-26,2.7799999713897705,2.7799999713897705,,2.7799999713897705,False
EGHT,2026-02-04,VAL 2022-26,2.0,2.0,,2.0,False
EGY,2020-11-18,DEV 2015-21,1.3200000524520874,1.3200000524520874,,1.3200000524520874,False
EH,2020-12-08,DEV 2015-21,22.76000022888184,22.76000022888184,,22.76000022888184,False
EH,2023-10-13,VAL 2022-26,25.549999237060547,25.549999237060547,,25.549999237060547,False
EHGO,2024-12-02,VAL 2022-26,4.5,4.5,4.5,4.5,False
EHGO,2026-01-23,VAL 2022-26,0.3000000119209289,0.30000001192092896,,0.3000000119209289,False
EHGO,2026-06-17,VAL 2022-26,4.809999942779541,4.809999942779541,4.81,4.81,False
EHGO,2026-06-22,VAL 2022-26,2.740000009536743,2.740000009536743,2.74,2.74,False
EHGO,2026-08-19,VAL 2022-26,2.720000028610229,2.720000028610229,2.72,2.72,False
EHTH,2015-04-24,DEV 2015-21,14.5,14.5,,14.5,False
EHTH,2016-04-29,DEV 2015-21,11.199999809265137,11.199999809265137,,11.199999809265137,False
EHTH,2024-12-17,VAL 2022-26,7.75,7.75,7.75,7.75,False
EHTH,2025-05-07,VAL 2022-26,5.940000057220459,5.940000057220459,5.94,5.94,False
EHTH,2025-08-06,VAL 2022-26,4.0,4.0,4.0,4.0,False
EJH,2023-07-31,VAL 2022-26,0.16,0.16000000000000003,,0.16,False
EJH,2024-04-05,VAL 2022-26,2.97,2.97,,2.97,False
EJH,2024-06-13,VAL 2022-26,0.7200000000000001,0.7200000000000001,,0.7200000000000001,False
EJH,2025-05-27,VAL 2022-26,6.15,0.12300000000000001,0.1229,0.1229,False
EJH,2026-08-18,VAL 2022-26,1.875,1.875,,1.875,False
ELAB,2024-01-16,VAL 2022-26,3.379999910714285,3.3884710884353733,,3.379999910714285,False
ELAB,2024-02-01,VAL 2022-26,1.0399999888392857,1.0426065051020406,,1.0399999888392857,False
ELAB,2024-08-23,VAL 2022-26,0.2970000055803571,0.2977443664965986,,0.2970000055803571,False
ELAB,2024-08-26,VAL 2022-26,0.3739999972098214,0.3749373405612244,,0.3739999972098214,False
ELAB,2024-10-03,VAL 2022-26,0.156999997907366,0.15739348161139452,0.1571,0.1571,False
ELAB,2024-10-25,VAL 2022-26,0.1640000055803571,0.16441103316326527,0.1637,0.1637,False
ELAB,2024-11-05,VAL 2022-26,4.999999895368304,0.02506265611713435,0.0253,0.0253,False
ELAB,2024-11-14,VAL 2022-26,7.800000313895089,0.039097745934311215,0.0391,0.0391,False
ELAB,2024-12-19,VAL 2022-26,3.1900000697544644,3.197995057397959,3.19,3.19,False
ELAB,2025-01-24,VAL 2022-26,3.960000052315848,3.9699248644770404,3.96,3.96,False
ELAB,2025-04-10,VAL 2022-26,5.237999877929688,5.2511276971726195,5.2381,5.2381,False
ELAB,2025-06-09,VAL 2022-26,2.610000045776367,2.6165413992745536,2.61,2.61,False
ELAB,2025-08-22,VAL 2022-26,2.5100001373291017,2.5162908644903275,2.51,2.51,False
ELAB,2025-10-14,VAL 2022-26,9.690000406901042,9.690000406901042,9.69,9.69,False
ELAB,2026-01-06,VAL 2022-26,9.5,9.5,,9.5,False
ELAB,2026-02-11,VAL 2022-26,2.125,2.125,,2.125,False
ELAB,2026-03-30,VAL 2022-26,4.05999984741211,4.059999847412109,4.06,4.06,False
ELBM,2023-07-25,VAL 2022-26,2.0,2.0,,2.0,False
ELBM,2025-09-12,VAL 2022-26,1.2699999809265137,1.2699999809265137,1.27,1.27,False
ELBM,2025-09-26,VAL 2022-26,1.2799999713897705,1.2799999713897705,1.28,1.28,False
ELBM,2025-10-13,VAL 2022-26,3.299999952316284,3.299999952316284,3.3,3.3,False
ELDN,2016-12-22,DEV 2015-21,1.2899999736267842,11.609999762641056,,,True
ELDN,2018-09-07,DEV 2015-21,4.75,4.75,,4.75,False
ELDN,2020-09-15,DEV 2015-21,1.0700000127156577,1.0700000127156577,,1.0700000127156577,False
ELF,2017-03-09,DEV 2015-21,31.030000686645508,31.030000686645508,,31.030000686645508,False
ELMD,2016-02-10,DEV 2015-21,2.819999933242798,2.819999933242798,,2.819999933242798,False
ELMD,2020-05-11,DEV 2015-21,19.729999542236328,19.729999542236328,,19.729999542236328,False
ELMT,2026-06-01,VAL 2022-26,19.049999237060547,19.049999237060547,,19.049999237060547,False
ELMT,2026-09-14,VAL 2022-26,22.46999931335449,22.46999931335449,,22.46999931335449,False
ELOG,2025-12-24,VAL 2022-26,2.8299999237060547,2.8299999237060547,2.83,2.83,False
ELPW,2025-10-03,VAL 2022-26,0.41,0.41,0.4098,0.4098,False
ELPW,2026-03-05,VAL 2022-26,7.839999728732639,0.09799999660915798,,,True
ELPW,2026-03-09,VAL 2022-26,4.4,0.055,,,True
ELPW,2026-03-10,VAL 2022-26,5.680000135633681,0.071000001695421,,,True
ELPW,2026-03-13,VAL 2022-26,5.15999993218316,5.15999993218316,,5.15999993218316,False
ELPW,2026-04-08,VAL 2022-26,2.72999996609158,2.72999996609158,2.73,2.73,False
ELPW,2026-04-22,VAL 2022-26,2.02999996609158,2.0299999660915797,,2.02999996609158,False
ELPW,2026-04-24,VAL 2022-26,3.90999993218316,3.90999993218316,,3.90999993218316,False
ELPW,2026-06-09,VAL 2022-26,1.32999996609158,1.3299999660915798,1.33,1.33,False
ELPW,2026-08-04,VAL 2022-26,7.065000057220459,0.15700000127156577,0.1574,0.1574,False
ELPW,2026-08-11,VAL 2022-26,5.159999847412109,5.159999847412109,,5.159999847412109,False
ELTK,2017-11-22,DEV 2015-21,5.800000190734863,5.800000190734863,,5.800000190734863,False
ELTK,2019-05-29,DEV 2015-21,2.8399999141693115,2.8399999141693115,,2.8399999141693115,False
ELTK,2020-04-27,DEV 2015-21,5.239999771118164,5.239999771118164,,5.239999771118164,False
ELTK,2023-05-18,VAL 2022-26,4.849999904632568,4.849999904632568,,4.849999904632568,False
ELTX,2023-06-02,VAL 2022-26,14.0,14.0,,14.0,False
ELTX,2024-03-18,VAL 2022-26,6.300000190734863,6.300000190734863,,6.300000190734863,False
ELUT,2023-09-19,VAL 2022-26,1.5,1.5,,1.5,False
ELVA,2021-01-19,DEV 2015-21,1.7799999237060549,1.7799999237060549,,1.7799999237060549,False
ELVA,2023-07-06,VAL 2022-26,4.820000171661377,4.820000171661377,,4.820000171661377,False
ELVA,2026-07-15,VAL 2022-26,12.199999809265137,12.199999809265137,12.2,12.2,False
ELVN,2022-09-07,VAL 2022-26,5.880000114440918,5.880000114440918,,5.880000114440918,False
ELVN,2022-10-14,VAL 2022-26,14.279999732971191,14.279999732971191,,14.279999732971191,False
ELVN,2024-04-11,VAL 2022-26,24.01499938964844,24.01499938964844,,24.01499938964844,False
EMBC,2024-05-09,VAL 2022-26,13.279999732971191,13.279999732971191,,13.279999732971191,False
EMBC,2025-08-08,VAL 2022-26,12.899999618530272,12.899999618530272,12.9,12.9,False
EMPD,2022-08-19,VAL 2022-26,3.04,4377600.0,,,True
EMPD,2023-12-26,VAL 2022-26,0.214,61632.0,,,True
EMPD,2024-01-12,VAL 2022-26,0.136,39168.0,,,True
EMPD,2024-02-29,VAL 2022-26,1.83,11712.0,,,True
EMPD,2024-06-25,VAL 2022-26,5.739999771118164,367.3599853515625,,,True
EMPD,2024-06-26,VAL 2022-26,8.100000381469727,518.4000244140625,,,True
EMPD,2024-07-02,VAL 2022-26,5.960000038146973,381.4400024414063,,,True
EMPD,2024-07-11,VAL 2022-26,6.0920000076293945,389.8880004882813,,,True
EMPD,2025-02-04,VAL 2022-26,5.710000038146973,45.68000030517578,,,True
EMPD,2025-07-17,VAL 2022-26,40.72700119018555,40.72700119018555,,40.72700119018555,False
ENGN,2024-02-14,VAL 2022-26,13.75,13.75,,13.75,False
ENGN,2025-11-11,VAL 2022-26,8.550000190734863,8.550000190734863,8.55,8.55,False
ENGS,2025-07-07,VAL 2022-26,2.2699999809265137,2.2699999809265137,2.27,2.27,False
ENLV,2015-10-27,DEV 2015-21,6.29,6.29,,6.29,False
ENLV,2018-10-18,DEV 2015-21,1.85,1.8499999999999999,,1.85,False
ENLV,2018-11-20,DEV 2015-21,1.48000005086263,1.48000005086263,,1.48000005086263,False
ENLV,2019-02-19,DEV 2015-21,1.740000025431315,1.740000025431315,,1.740000025431315,False
ENLV,2019-11-04,DEV 2015-21,8.45,8.45,,8.45,False
ENLV,2020-02-24,DEV 2015-21,12.7,12.7,,12.7,False
ENLV,2020-10-01,DEV 2015-21,10.50999959309896,10.509999593098959,,10.50999959309896,False
ENLV,2020-12-03,DEV 2015-21,10.659999593098958,10.659999593098958,,10.659999593098958,False
ENLV,2025-11-24,VAL 2022-26,1.59499994913737,1.5949999491373699,1.595,1.595,False
ENPH,2015-12-16,DEV 2015-21,2.900000095367432,2.900000095367432,,2.900000095367432,False
ENPH,2018-06-13,DEV 2015-21,6.099999904632568,6.099999904632568,,6.099999904632568,False
ENPH,2019-05-01,DEV 2015-21,12.300000190734863,12.300000190734863,,12.300000190734863,False
ENRD,2026-08-18,VAL 2022-26,7.71999979019165,7.71999979019165,,7.71999979019165,False
ENSC,2021-08-05,DEV 2015-21,5.61,5.61,,5.61,False
ENSC,2022-10-26,VAL 2022-26,5.05999993218316,0.252999996609158,,,True
ENSC,2023-01-25,VAL 2022-26,0.8270000033908419,0.8270000033908419,,0.8270000033908419,False
ENSC,2023-05-09,VAL 2022-26,6.58999989827474,6.58999989827474,,6.58999989827474,False
ENSC,2024-01-23,VAL 2022-26,1.490000025431315,1.490000025431315,,1.490000025431315,False
ENSC,2024-01-31,VAL 2022-26,1.865000025431315,1.865000025431315,,1.865000025431315,False
ENSC,2024-08-27,VAL 2022-26,0.7700000127156575,0.7700000127156575,,0.7700000127156575,False
ENSC,2024-10-22,VAL 2022-26,0.5229999860127766,0.5229999860127766,0.5232,0.5232,False
ENSC,2025-04-23,VAL 2022-26,4.230000019073486,4.230000019073486,4.23,4.23,False
ENSC,2026-02-27,VAL 2022-26,0.6399999856948853,0.6399999856948853,0.6398,0.6398,False
ENSC,2026-08-04,VAL 2022-26,0.4339999854564667,0.4339999854564667,0.4337,0.4337,False
ENSC,2026-08-06,VAL 2022-26,0.6309999823570251,0.6309999823570251,0.6307,0.6307,False
ENTX,2020-07-23,DEV 2015-21,2.7300000190734863,2.7300000190734863,,2.7300000190734863,False
ENTX,2020-12-10,DEV 2015-21,1.3899999856948853,1.3899999856948853,,1.3899999856948853,False
ENTX,2021-03-11,DEV 2015-21,4.650000095367432,4.650000095367432,,4.650000095367432,False
ENTX,2021-06-23,DEV 2015-21,7.210000038146973,7.210000038146973,,7.210000038146973,False
ENTX,2026-07-27,VAL 2022-26,2.9600000381469727,2.9600000381469727,,2.9600000381469727,False
ENVB,2018-01-10,DEV 2015-21,9.73,583.8,,,True
ENVB,2018-06-05,DEV 2015-21,1.97,118.19999999999999,,,True
ENVB,2018-07-17,DEV 2015-21,2.1,125.99999999999999,,,True
ENVB,2018-10-25,DEV 2015-21,0.589,35.339999999999996,,,True
ENVB,2018-10-31,DEV 2015-21,0.415,24.9,,,True
ENVB,2018-11-15,DEV 2015-21,0.388,23.279999999999998,,,True
ENVB,2019-05-31,DEV 2015-21,0.396,23.759999999999998,,,True
ENVB,2020-06-02,DEV 2015-21,4.35,261.0,,,True
ENVB,2020-11-30,DEV 2015-21,1.779,106.74,,,True
ENVB,2021-03-10,DEV 2015-21,4.99,74.85,,,True
ENVB,2023-05-18,VAL 2022-26,2.15,32.24999999999999,,,True
ENVB,2024-02-29,VAL 2022-26,1.97,29.549999999999997,,,True
ENVB,2024-03-19,VAL 2022-26,1.7,25.499999999999996,,,True
ENVB,2025-01-02,VAL 2022-26,96.75,6.449999999999999,,,True
ENVB,2025-02-26,VAL 2022-26,3.0700000127156573,3.0700000127156573,3.07,3.07,False
ENVB,2025-12-10,VAL 2022-26,11.65999984741211,11.65999984741211,11.66,11.66,False
ENVB,2026-04-20,VAL 2022-26,4.199999809265137,4.199999809265137,4.2,4.2,False
ENVX,2021-02-22,DEV 2015-21,20.0,22.857142857142854,,,True
EOCN,2016-09-20,DEV 2015-21,4.749999999999999,6840.0,,,True
EOCN,2018-06-12,DEV 2015-21,25.34000108506944,36489.6015625,,,True
EOCN,2018-07-12,DEV 2015-21,12.689999728732635,18273.599609375,,,True
EOCN,2023-05-05,VAL 2022-26,5.849999745686849,561.5999755859375,,,True
EOCN,2024-09-17,VAL 2022-26,5.360000133514404,42.880001068115234,,,True
EOCN,2025-03-17,VAL 2022-26,2.180000066757202,17.440000534057617,,,True
EOCN,2025-04-28,VAL 2022-26,2.490000009536743,19.920000076293945,,,True
EOCN,2026-04-09,VAL 2022-26,1.159999966621399,9.279999732971191,,,True
EOCN,2026-08-19,VAL 2022-26,5.380000114440918,5.380000114440918,,5.380000114440918,False
EOLS,2018-05-07,DEV 2015-21,9.43000030517578,9.43000030517578,,9.43000030517578,False
EOLS,2020-12-17,DEV 2015-21,4.75,4.75,,4.75,False
EOLS,2021-02-19,DEV 2015-21,10.609999656677246,10.609999656677246,,10.609999656677246,False
EOLS,2025-01-21,VAL 2022-26,12.979999542236328,12.979999542236328,12.98,12.98,False
EOLS,2026-03-04,VAL 2022-26,5.369999885559082,5.369999885559082,,5.369999885559082,False
EONR,2023-11-28,VAL 2022-26,3.0,3.0,,3.0,False
EONR,2025-01-08,VAL 2022-26,1.2000000476837158,1.2000000476837158,1.2,1.2,False
EONR,2025-01-21,VAL 2022-26,1.5499999523162842,1.5499999523162842,1.55,1.55,False
EONR,2025-06-13,VAL 2022-26,0.5830000042915344,0.5830000042915344,0.5832,0.5832,False
EONR,2026-03-02,VAL 2022-26,0.5699999928474426,0.5699999928474426,,0.5699999928474426,False
EONR,2026-03-03,VAL 2022-26,0.6809999942779541,0.6809999942779541,,0.6809999942779541,False
EONR,2026-03-09,VAL 2022-26,0.9269999861717224,0.9269999861717224,,0.9269999861717224,False
EOSE,2022-03-09,VAL 2022-26,4.28000020980835,4.28000020980835,,4.28000020980835,False
EOSE,2022-07-06,VAL 2022-26,1.5800000429153442,1.5800000429153442,,1.5800000429153442,False
EPOW,2023-05-17,VAL 2022-26,2.8000000000000003,2.8000000000000003,,2.8000000000000003,False
EPOW,2024-06-24,VAL 2022-26,0.7269999694824218,0.7269999694824218,,0.7269999694824218,False
EPOW,2025-09-30,VAL 2022-26,1.42,1.42,1.42,1.42,False
EPSM,2026-06-09,VAL 2022-26,1.5800000429153442,1.5800000429153442,,1.5800000429153442,False
EQ,2020-07-13,DEV 2015-21,9.0,9.0,,9.0,False
EQ,2025-08-11,VAL 2022-26,1.090000033378601,1.090000033378601,1.09,1.09,False
EQS,2020-12-11,DEV 2015-21,1.659999966621399,1.659999966621399,,1.659999966621399,False
ERII,2015-10-20,DEV 2015-21,7.090000152587891,7.090000152587891,,7.090000152587891,False
ERNA,2016-06-20,DEV 2015-21,6.180000000000001,247.2,,,True
ERNA,2018-12-07,DEV 2015-21,2.45,98.0,,,True
ERNA,2020-06-17,DEV 2015-21,5.98,239.2,,,True
ERNA,2020-08-13,DEV 2015-21,2.97,118.8,,,True
ERNA,2020-09-21,DEV 2015-21,2.4,96.0,,,True
ERNA,2021-04-06,DEV 2015-21,8.35,167.0,,,True
ERNA,2024-12-04,VAL 2022-26,0.47,0.47,0.4746,0.4746,False
ERNA,2025-01-14,VAL 2022-26,0.51,0.51,0.51,0.51,False
ERNA,2025-10-29,VAL 2022-26,2.17,2.17,2.17,2.17,False
ERNA,2026-05-06,VAL 2022-26,5.849999904632568,5.849999904632568,,5.849999904632568,False
ERNA,2026-07-15,VAL 2022-26,8.510000228881836,8.510000228881836,,8.510000228881836,False
ESEA,2016-08-02,DEV 2015-21,2.603742837905884,2.603742837905884,,2.603742837905884,False
ESEA,2016-11-15,DEV 2015-21,2.22945499420166,2.22945499420166,,2.22945499420166,False
ESEA,2016-11-16,DEV 2015-21,4.841334342956543,4.841334342956542,,4.841334342956543,False
ESEA,2016-11-17,DEV 2015-21,5.012205123901367,5.012205123901367,,5.012205123901367,False
ESEA,2016-11-23,DEV 2015-21,2.148087978363037,2.148087978363037,,2.148087978363037,False
ESEA,2016-12-21,DEV 2015-21,2.115541219711304,2.1155412197113037,,2.115541219711304,False
ESEA,2018-10-22,DEV 2015-21,1.4483319520950315,1.4483319520950317,,1.4483319520950315,False
ESEA,2020-05-27,DEV 2015-21,3.230268955230713,3.230268955230713,,3.230268955230713,False
ESLA,2023-09-21,VAL 2022-26,15.470000267028809,15.470000267028809,,15.470000267028809,False
ESOA,2022-03-24,VAL 2022-26,4.139999866485596,4.139999866485596,,4.139999866485596,False
ESOA,2023-12-18,VAL 2022-26,4.239999771118164,4.239999771118164,,4.239999771118164,False
ESOA,2026-02-10,VAL 2022-26,12.229999542236328,12.229999542236328,,12.229999542236328,False
ESTA,2024-09-27,VAL 2022-26,49.61000061035156,49.61000061035156,,49.61000061035156,False
ESYN,2023-08-25,VAL 2022-26,10.51999969482422,52.59999847412109,,,True
ESYN,2024-04-04,VAL 2022-26,2.4299999237060548,12.149999618530272,,,True
ESYN,2024-04-23,VAL 2022-26,1.7600000381469727,8.800000190734863,,,True
ESYN,2024-04-29,VAL 2022-26,2.2200000762939456,11.100000381469728,,,True
ESYN,2024-11-27,VAL 2022-26,0.9199999809265136,4.599999904632568,,,True
ESYN,2025-01-27,VAL 2022-26,0.35,1.75,,,True
ESYN,2025-05-14,VAL 2022-26,1.5499999523162842,1.5499999523162842,,1.5499999523162842,False
ESYN,2025-09-02,VAL 2022-26,2.430000066757202,2.430000066757202,,2.430000066757202,False
ESYN,2025-12-08,VAL 2022-26,2.200000047683716,2.200000047683716,,2.200000047683716,False
ESYN,2026-06-10,VAL 2022-26,1.9800000190734863,1.9800000190734863,,1.9800000190734863,False
ETON,2023-08-11,VAL 2022-26,3.3399999141693115,3.3399999141693115,,3.3399999141693115,False
EVAX,2021-11-04,DEV 2015-21,23.290000000000006,23.290000000000006,,23.290000000000006,False
EVAX,2022-05-10,VAL 2022-26,3.1800000000000006,3.1800000000000006,,3.1800000000000006,False
EVAX,2022-09-21,VAL 2022-26,3.2500000000000004,3.2500000000000004,,3.2500000000000004,False
EVAX,2022-12-30,VAL 2022-26,2.1300000000000003,2.1300000000000003,,2.1300000000000003,False
EVAX,2023-06-05,VAL 2022-26,1.8200000000000005,1.8200000000000003,,1.8200000000000005,False
EVAX,2024-01-23,VAL 2022-26,5.550000000000001,5.550000000000001,,5.550000000000001,False
EVAX,2024-01-24,VAL 2022-26,9.330000305175782,9.330000305175782,,9.330000305175782,False
EVAX,2024-12-27,VAL 2022-26,1.2100000381469729,1.2100000381469727,1.21,1.21,False
EVAX,2025-01-24,VAL 2022-26,6.96999979019165,6.96999979019165,6.97,6.97,False
EVAX,2025-02-04,VAL 2022-26,3.930000066757202,3.930000066757202,3.93,3.93,False
EVAX,2025-09-25,VAL 2022-26,4.289999961853027,4.289999961853027,4.29,4.29,False
EVC,2025-11-05,VAL 2022-26,2.509999990463257,2.509999990463257,2.51,2.51,False
EVC,2026-05-06,VAL 2022-26,6.489999771118164,6.489999771118164,6.4897,6.4897,False
EVCM,2023-03-16,VAL 2022-26,11.40999984741211,11.40999984741211,,11.40999984741211,False
EVER,2019-08-06,DEV 2015-21,16.950000762939453,16.950000762939453,,16.950000762939453,False
EVER,2019-11-05,DEV 2015-21,26.920000076293945,26.920000076293945,,26.920000076293945,False
EVER,2025-02-25,VAL 2022-26,26.25,26.25,26.25,26.25,False
EVER,2026-05-05,VAL 2022-26,19.09000015258789,19.09000015258789,,19.09000015258789,False
EVGN,2019-04-03,DEV 2015-21,2.4000000000000004,2.4000000000000004,,2.4000000000000004,False
EVGN,2025-04-21,VAL 2022-26,1.2000000476837158,1.2000000476837158,1.2,1.2,False
EVGN,2025-06-10,VAL 2022-26,2.0799999237060547,2.0799999237060547,2.08,2.08,False
EVGO,2021-01-22,DEV 2015-21,20.75,20.75,,20.75,False
EVGO,2023-11-08,VAL 2022-26,2.7799999713897705,2.7799999713897705,,2.7799999713897705,False
EVGO,2024-10-03,VAL 2022-26,5.070000171661377,5.070000171661377,5.07,5.07,False
EVMN,2026-02-10,VAL 2022-26,29.520000457763672,29.520000457763672,29.52,29.52,False
EVTL,2022-07-15,VAL 2022-26,3.5200000762939454,3.5200000762939454,,3.5200000762939454,False
EWTX,2024-01-19,VAL 2022-26,12.3100004196167,12.3100004196167,,12.3100004196167,False
EWTX,2024-09-19,VAL 2022-26,25.75,25.75,,25.75,False
EXEL,2015-07-20,DEV 2015-21,5.570000171661377,5.570000171661377,,5.570000171661377,False
EXFY,2024-07-09,VAL 2022-26,1.9700000286102293,1.9700000286102293,,1.9700000286102293,False
EXOD,2024-12-26,VAL 2022-26,52.0,52.0,52.0,52.0,False
EXTR,2017-03-30,DEV 2015-21,7.960000038146973,7.960000038146973,,7.960000038146973,False
EYPT,2015-12-22,DEV 2015-21,5.5,5.5,,5.5,False
EYPT,2018-03-29,DEV 2015-21,1.3300000190734864,1.3300000190734864,,1.3300000190734864,False
EYPT,2020-08-20,DEV 2015-21,0.6300000190734864,0.6300000190734864,,0.6300000190734864,False
EYPT,2020-08-21,DEV 2015-21,0.8399999618530274,0.8399999618530274,,0.8399999618530274,False
EYPT,2021-11-15,DEV 2015-21,19.25,19.25,,19.25,False
EYPT,2023-12-04,VAL 2022-26,22.0,22.0,,22.0,False
EZGO,2025-01-02,VAL 2022-26,1.0,1.0,1.0,1.0,False
EZGO,2025-11-03,VAL 2022-26,4.25,0.17,0.17,0.17,False
EZGO,2026-05-06,VAL 2022-26,393.0,2.62,,,True
EZGO,2026-05-11,VAL 2022-26,8.399999618530273,0.05599999745686849,,,True
EZRA,2021-12-21,DEV 2015-21,7.510000000000001,1915.0500000000002,,,True
EZRA,2024-04-04,VAL 2022-26,0.4990000107709099,8.483000183105469,,,True
EZRA,2024-06-18,VAL 2022-26,0.64900001077091,11.033000183105472,,,True
EZRA,2024-06-20,VAL 2022-26,0.525,8.925,,,True
EZRA,2024-12-23,VAL 2022-26,3.84000015258789,3.8400001525878906,,3.84000015258789,False
EZRA,2025-06-17,VAL 2022-26,1.4300000190734865,1.4300000190734865,,1.4300000190734865,False
EZRA,2025-06-18,VAL 2022-26,3.129999923706055,3.1299999237060554,,3.129999923706055,False
EZRA,2025-09-15,VAL 2022-26,1.55,1.55,,1.55,False
EZRA,2025-09-17,VAL 2022-26,0.8449999809265137,0.8449999809265137,,0.8449999809265137,False
EZRA,2025-09-22,VAL 2022-26,0.8880000114440918,0.8880000114440918,,0.8880000114440918,False
EZRA,2026-02-09,VAL 2022-26,0.2210000038146972,0.22100000381469728,,0.2210000038146972,False
EZRA,2026-02-23,VAL 2022-26,0.2210000038146972,0.22100000381469728,,0.2210000038146972,False
EZRA,2026-08-03,VAL 2022-26,3.190000057220459,3.190000057220459,3.19,3.19,False
FA,2026-02-26,VAL 2022-26,11.579999923706056,11.579999923706056,,11.579999923706056,False
FABC,2015-04-09,DEV 2015-21,5.279999796549479,81100.796875,,,True
FABC,2015-09-02,DEV 2015-21,1.6400000254313152,25190.400390625,,,True
FABC,2018-02-20,DEV 2015-21,3.5300000508626304,13555.2001953125,,,True
FABC,2018-04-18,DEV 2015-21,2.46000010172526,9446.400390625,,,True
FABC,2018-07-10,DEV 2015-21,1.5900000254313151,6105.60009765625,,,True
FABC,2018-12-17,DEV 2015-21,0.4299999872843424,1651.199951171875,,,True
FABC,2019-12-20,DEV 2015-21,0.7800000190734864,499.2000122070313,,,True
FABC,2020-05-06,DEV 2015-21,5.199999809265137,665.5999755859375,,,True
FABC,2020-07-06,DEV 2015-21,4.980000019073486,637.4400024414062,,,True
FAC,2026-06-09,VAL 2022-26,20.0,20.0,,20.0,False
FAMI,2020-02-06,DEV 2015-21,1.11,1.1099999999999999,,1.11,False
FAMI,2020-06-18,DEV 2015-21,0.98,0.98,,0.98,False
FAMI,2020-08-14,DEV 2015-21,1.04,1.04,,1.04,False
FAMI,2021-03-15,DEV 2015-21,1.93,1.93,,1.93,False
FAMI,2024-02-13,VAL 2022-26,2.0,2.0,,2.0,False
FAMI,2024-10-23,VAL 2022-26,0.4100000063578287,0.41000000635782874,0.4052,0.4052,False
FAMI,2025-01-15,VAL 2022-26,0.5199999809265137,0.5199999809265137,0.5201,0.5201,False
FAMI,2025-03-07,VAL 2022-26,3.359999895095825,0.2799999912579854,0.28,0.28,False
FATE,2015-05-06,DEV 2015-21,8.720000267028809,8.720000267028809,,8.720000267028809,False
FATE,2019-12-09,DEV 2015-21,17.760000228881836,17.760000228881836,,17.760000228881836,False
FATN,2026-02-03,VAL 2022-26,3.1549999713897705,3.1549999713897705,3.155,3.155,False
FATN,2026-03-26,VAL 2022-26,2.119999885559082,2.119999885559082,,2.119999885559082,False
FATN,2026-04-30,VAL 2022-26,3.4749999046325684,3.4749999046325684,,3.4749999046325684,False
FBGL,2026-09-22,VAL 2022-26,0.6359999775886536,0.06359999775886536,0.6361,0.6361,False
FBIO,2016-12-29,DEV 2015-21,3.1600001017252604,3.1600001017252604,,3.1600001017252604,False
FBIO,2019-01-31,DEV 2015-21,2.26999994913737,2.26999994913737,,2.26999994913737,False
FBIO,2019-04-18,DEV 2015-21,2.2600001017252604,2.2600001017252604,,2.2600001017252604,False
FBIO,2019-08-26,DEV 2015-21,1.95,1.95,,1.95,False
FCEL,2016-05-05,DEV 2015-21,6.699999999999999,6.699999999999999,,6.699999999999999,False
FCEL,2019-06-27,DEV 2015-21,0.2199999968210856,0.21999999682108562,,0.2199999968210856,False
FCEL,2019-07-02,DEV 2015-21,0.3200000127156575,0.3200000127156576,,0.3200000127156575,False
FCEL,2019-07-03,DEV 2015-21,0.8799999872843425,0.8799999872843426,,0.8799999872843425,False
FCEL,2019-09-09,DEV 2015-21,0.5,0.5,,0.5,False
FCEL,2019-11-06,DEV 2015-21,0.5799999872843424,0.5799999872843424,,0.5799999872843424,False
FCEL,2019-12-27,DEV 2015-21,1.4,1.4,,1.4,False
FCHL,2026-03-26,VAL 2022-26,3.0350001017252604,3.03500010172526,3.035,3.035,False
FCHL,2026-04-20,VAL 2022-26,0.4670000076293945,0.46700000762939453,,0.4670000076293945,False
FCHL,2026-04-21,VAL 2022-26,0.3149999936421712,0.31499999364217124,,0.3149999936421712,False
FCHL,2026-05-13,VAL 2022-26,1.8600000143051147,1.8600000143051147,,1.8600000143051147,False
FCUV,2021-09-01,DEV 2015-21,6.219999847412111,6.219999847412111,,6.219999847412111,False
FCUV,2024-08-30,VAL 2022-26,0.330999984741211,0.330999984741211,,0.330999984741211,False
FCUV,2025-01-03,VAL 2022-26,4.540000152587891,0.4540000152587891,0.4544,0.4544,False
FCUV,2026-04-06,VAL 2022-26,7.480000019073486,7.480000019073486,7.48,7.48,False
FCUV,2026-06-25,VAL 2022-26,6.03000020980835,6.03000020980835,,6.03000020980835,False
FCUV,2026-07-31,VAL 2022-26,10.220000267028809,10.220000267028809,10.22,10.22,False
FDMT,2024-02-05,VAL 2022-26,30.049999237060547,30.049999237060547,,30.049999237060547,False
FEAM,2026-08-10,VAL 2022-26,1.950000047683716,1.950000047683716,,1.950000047683716,False
FEDU,2020-06-11,DEV 2015-21,1.5600000381469727,1.5600000381469727,,1.5600000381469727,False
FEDU,2021-03-26,DEV 2015-21,1.7700000762939454,1.7700000762939454,,1.7700000762939454,False
FEDU,2021-09-23,DEV 2015-21,0.8359999656677246,0.8359999656677246,,0.8359999656677246,False
FEIM,2024-07-23,VAL 2022-26,13.149999618530272,13.149999618530272,,13.149999618530272,False
FEIM,2024-12-11,VAL 2022-26,16.3700008392334,16.3700008392334,16.37,16.37,False
FEIM,2026-09-11,VAL 2022-26,82.62000274658203,82.62000274658203,,82.62000274658203,False
FEMY,2023-06-26,VAL 2022-26,0.8199999809265137,0.8199999809265137,,0.8199999809265137,False
FEMY,2023-07-27,VAL 2022-26,0.5900000095367431,0.5900000095367431,,0.5900000095367431,False
FEMY,2023-09-26,VAL 2022-26,1.2199999809265138,1.2199999809265138,,1.2199999809265138,False
FEMY,2023-09-29,VAL 2022-26,1.8799999237060547,1.8799999237060545,,1.8799999237060547,False
FEMY,2025-10-06,VAL 2022-26,0.8899999618530274,0.8899999618530274,0.89,0.89,False
FEMY,2025-11-03,VAL 2022-26,0.8050000190734864,0.8050000190734864,0.8054,0.8054,False
FEMY,2026-08-19,VAL 2022-26,3.0,3.0,,3.0,False
FENG,2019-02-25,DEV 2015-21,5.100000063578287,5.100000063578287,,5.100000063578287,False
FENG,2020-11-19,DEV 2015-21,2.449999968210856,2.449999968210856,,2.449999968210856,False
FENG,2024-05-30,VAL 2022-26,2.2699999809265137,2.2699999809265137,,2.2699999809265137,False
FENG,2024-07-10,VAL 2022-26,3.259999990463257,3.259999990463257,,3.259999990463257,False
FET,2020-04-23,DEV 2015-21,0.2799999952316284,0.27999999523162844,,0.2799999952316284,False
FET,2020-06-08,DEV 2015-21,0.6699999809265137,0.6699999809265136,,0.6699999809265137,False
FF,2026-08-11,VAL 2022-26,6.590000152587891,6.590000152587891,,6.590000152587891,False
FFAI,2021-01-28,DEV 2015-21,15.990000000000004,153504.0,,,True
FFAI,2021-07-22,DEV 2015-21,16.840000000000003,161664.0,,,True
FFAI,2022-12-13,VAL 2022-26,0.5790000000000001,5558.400000000001,,,True
FFAI,2023-01-18,VAL 2022-26,0.5890000000000001,5654.400000000001,,,True
FFAI,2024-03-22,VAL 2022-26,0.172,6.880000000000001,,,True
FFAI,2024-05-14,VAL 2022-26,0.1,4.0,,,True
FFAI,2024-12-30,VAL 2022-26,2.285,2.285,,2.285,False
FGI,2025-05-09,VAL 2022-26,0.6929999828338623,0.6929999828338623,0.6928,0.6928,False
FGI,2025-09-16,VAL 2022-26,10.760000228881836,10.760000228881836,10.76,10.76,False
FGI,2025-10-20,VAL 2022-26,6.050000190734863,6.050000190734863,6.05,6.05,False
FGI,2026-08-13,VAL 2022-26,8.470000267028809,8.470000267028809,8.47,8.47,False
FGL,2025-01-06,VAL 2022-26,2.15,2.15,2.15,2.15,False
FGL,2025-10-13,VAL 2022-26,0.426,0.42600000000000005,0.4261,0.4261,False
FGL,2025-10-29,VAL 2022-26,0.647,0.647,0.6474,0.6474,False
FGL,2026-05-27,VAL 2022-26,2.79,2.79,,2.79,False
FGNX,2020-12-31,DEV 2015-21,5.84,5.84,,5.84,False
FGNX,2025-09-17,VAL 2022-26,8.45999984741211,8.45999984741211,8.46,8.46,False
FHTX,2021-12-13,DEV 2015-21,18.11000061035156,18.11000061035156,,18.11000061035156,False
FIEE,2021-07-14,DEV 2015-21,5.0200000000000005,125.5,,,True
FIEE,2022-07-13,VAL 2022-26,0.45,11.25,,,True
FIEE,2022-12-16,VAL 2022-26,0.26,6.5,,,True
FIEE,2024-01-04,VAL 2022-26,5.110000133514404,5.110000133514404,,5.110000133514404,False
FIEE,2024-06-21,VAL 2022-26,4.199999809265137,4.199999809265137,,4.199999809265137,False
FIEE,2025-06-02,VAL 2022-26,6.300000190734863,6.300000190734863,,6.300000190734863,False
FIEE,2025-07-03,VAL 2022-26,3.680000066757202,3.680000066757202,,3.680000066757202,False
FIEE,2026-02-03,VAL 2022-26,6.199999809265137,6.199999809265137,,6.199999809265137,False
FIGS,2023-11-03,VAL 2022-26,6.75,6.75,,6.75,False
FIRY,2020-09-02,DEV 2015-21,13.65,273.0,,,True
FIRY,2026-07-28,VAL 2022-26,13.96500015258789,13.96500015258789,13.965,13.965,False
FLD,2025-09-23,VAL 2022-26,4.690000057220459,4.690000057220459,4.69,4.69,False
FLD,2026-06-10,VAL 2022-26,1.3550000190734863,1.3550000190734863,1.355,1.355,False
FLGT,2019-11-05,DEV 2015-21,11.5,11.5,,11.5,False
FLGT,2020-03-17,DEV 2015-21,9.0600004196167,9.0600004196167,,9.0600004196167,False
FLGT,2020-08-05,DEV 2015-21,39.18000030517578,39.18000030517578,,39.18000030517578,False
FLNA,2015-05-12,DEV 2015-21,2.5,17.5,,,True
FLNA,2017-03-21,DEV 2015-21,1.0799999918256489,7.559999942779541,,,True
FLNA,2018-01-09,DEV 2015-21,5.599999904632568,5.599999904632568,,5.599999904632568,False
FLNA,2018-10-03,DEV 2015-21,1.2100000381469729,1.2100000381469729,,1.2100000381469729,False
FLNA,2019-12-06,DEV 2015-21,2.1700000762939453,2.1700000762939453,,2.1700000762939453,False
FLNA,2020-09-14,DEV 2015-21,7.150000095367432,7.150000095367432,,7.150000095367432,False
FLNA,2026-09-22,VAL 2022-26,0.9800000190734864,0.9800000190734864,,0.9800000190734864,False
FLNT,2018-01-04,DEV 2015-21,5.700000127156575,5.700000127156575,,5.700000127156575,False
FLNT,2020-01-15,DEV 2015-21,2.979999860127766,2.9799998601277666,,2.979999860127766,False
FLNT,2025-08-27,VAL 2022-26,2.6700000762939453,2.6700000762939453,2.67,2.67,False
FLUT,2020-07-14,DEV 2015-21,137.0,137.0,,137.0,False
FLUX,2020-09-29,DEV 2015-21,7.440000057220459,7.440000057220459,,7.440000057220459,False
FLWS,2025-10-22,VAL 2022-26,6.809999942779541,6.809999942779541,6.81,6.81,False
FLXS,2024-01-12,VAL 2022-26,21.8799991607666,21.8799991607666,,21.8799991607666,False
FLXS,2025-08-19,VAL 2022-26,45.4900016784668,45.4900016784668,45.49,45.49,False
FLYE,2024-12-31,VAL 2022-26,0.9800000000000002,0.9800000000000002,0.98,0.98,False
FLYE,2025-12-30,VAL 2022-26,6.769999980926514,6.769999980926514,6.77,6.77,False
FLYE,2026-02-06,VAL 2022-26,5.929999828338623,5.929999828338623,,5.929999828338623,False
FLYE,2026-09-01,VAL 2022-26,1.7999999523162842,1.7999999523162842,,1.7999999523162842,False
FLYX,2026-01-08,VAL 2022-26,6.079999923706055,6.079999923706055,6.08,6.08,False
FMFC,2025-11-12,VAL 2022-26,0.7820000052452087,0.7820000052452087,0.7819,0.7819,False
FNGR,2022-10-03,VAL 2022-26,4.210000038146973,4.210000038146973,,4.210000038146973,False
FNGR,2026-08-28,VAL 2022-26,0.3019999861717224,0.3019999861717224,0.3022,0.3022,False
FNKO,2019-03-01,DEV 2015-21,24.21999931335449,24.21999931335449,,24.21999931335449,False
FNKO,2022-05-06,VAL 2022-26,20.07999992370605,20.07999992370605,,20.07999992370605,False
FNKO,2026-08-07,VAL 2022-26,6.90500020980835,6.90500020980835,,6.90500020980835,False
FNUC,2022-09-23,VAL 2022-26,2.79000003521259,36.27000045776367,,,True
FNUC,2024-12-18,VAL 2022-26,0.56999998826247,7.409999847412109,,,True
FNUC,2025-03-18,VAL 2022-26,0.5030000026409442,6.539000034332275,,,True
FOCL,2018-06-08,DEV 2015-21,4.0,4.0,,4.0,False
FOFO,2026-06-03,VAL 2022-26,4.860000133514404,4.860000133514404,,4.860000133514404,False
FOSL,2020-11-12,DEV 2015-21,7.170000076293945,7.170000076293945,,7.170000076293945,False
FOSL,2021-11-11,DEV 2015-21,18.190000534057617,18.190000534057617,,18.190000534057617,False
FOXX,2024-08-28,VAL 2022-26,14.34000015258789,14.34000015258789,,14.34000015258789,False
FOXX,2024-12-05,VAL 2022-26,5.409999847412109,5.409999847412109,5.41,5.41,False
FOXX,2026-06-04,VAL 2022-26,5.079999923706055,5.079999923706055,5.08,5.08,False
FRD,2018-06-29,DEV 2015-21,8.0,8.0,,8.0,False
FRD,2021-05-25,DEV 2015-21,13.0,13.0,,13.0,False
FRGT,2019-02-25,DEV 2015-21,8.499999564000001,1.7020423636363642,,,True
FRGT,2019-03-04,DEV 2015-21,24.650000824000003,4.935923272727274,,,True
FRGT,2020-06-18,DEV 2015-21,9.150000444000002,1.8321987272727278,,,True
FRGT,2020-10-12,DEV 2015-21,2.9549999670000004,0.5917100454545456,,,True
FRGT,2020-10-15,DEV 2015-21,4.31499987,0.8640368181818184,,,True
FRGT,2020-11-19,DEV 2015-21,2.7200000330000003,2.7232679545454554,,2.7200000330000003,False
FRGT,2021-08-05,DEV 2015-21,4.239999978000001,4.245094090909092,,4.239999978000001,False
FRGT,2022-03-21,VAL 2022-26,3.150000000000001,3.1500000000000012,,3.150000000000001,False
FRGT,2022-04-01,VAL 2022-26,2.535000000000001,2.535000000000001,,2.535000000000001,False
FRGT,2022-07-26,VAL 2022-26,2.9400000000000013,2.9400000000000013,,2.9400000000000013,False
FRGT,2022-11-14,VAL 2022-26,0.4300000000000001,0.43000000000000016,,0.4300000000000001,False
FRGT,2022-12-29,VAL 2022-26,0.3020000000000001,0.3020000000000001,,0.3020000000000001,False
FRGT,2023-01-30,VAL 2022-26,0.5300000000000002,0.5300000000000002,,0.5300000000000002,False
FRGT,2023-03-30,VAL 2022-26,1.7700000000000002,1.7700000000000002,,1.7700000000000002,False
FRGT,2023-04-05,VAL 2022-26,2.06,2.06,,2.06,False
FRGT,2023-08-14,VAL 2022-26,0.7100000000000001,0.7100000000000001,,0.7100000000000001,False
FRGT,2023-12-14,VAL 2022-26,1.2000000000000002,1.2000000000000002,,1.2000000000000002,False
FRGT,2024-02-26,VAL 2022-26,2.53,2.5300000000000002,,2.53,False
FRGT,2024-04-26,VAL 2022-26,1.12,1.12,,1.12,False
FRGT,2024-06-06,VAL 2022-26,1.02,1.02,,1.02,False
FRGT,2024-09-11,VAL 2022-26,5.150000000000001,0.20600000000000002,,,True
FRGT,2024-09-19,VAL 2022-26,4.050000000000001,0.162,,,True
FRGT,2025-05-02,VAL 2022-26,12.520000000000003,3.130000000000001,3.13,3.13,False
FRGT,2025-09-15,VAL 2022-26,2.0600000000000005,2.0600000000000005,2.06,2.06,False
FRGT,2025-10-28,VAL 2022-26,1.8000000000000005,1.8000000000000003,1.8,1.8,False
FRGT,2025-11-19,VAL 2022-26,0.9859999847412112,0.9859999847412113,0.9861,0.9861,False
FRGT,2026-02-17,VAL 2022-26,1.920000076293945,1.9200000762939458,,1.920000076293945,False
FRGT,2026-08-13,VAL 2022-26,2.940000057220459,2.940000057220459,,2.940000057220459,False
FRMM,2021-03-26,DEV 2015-21,9.87,37506.0,,,True
FRMM,2022-12-19,VAL 2022-26,6.139999871504934,1166.5999755859375,,,True
FRMM,2022-12-27,VAL 2022-26,1.919999935752467,364.7999877929688,,,True
FRMM,2023-08-09,VAL 2022-26,0.9760000128495064,185.44000244140625,,,True
FRMM,2024-05-21,VAL 2022-26,1.8700000762939453,18.700000762939453,,,True
FRMM,2024-12-24,VAL 2022-26,2.660000038146973,26.600000381469727,,,True
FRMM,2025-07-25,VAL 2022-26,2.8000000000000003,28.0,,,True
FRMM,2025-08-12,VAL 2022-26,5.979999923706055,59.79999923706055,,,True
FRMM,2026-04-17,VAL 2022-26,2.990000009536743,2.990000009536743,,2.990000009536743,False
FRSX,2017-08-14,DEV 2015-21,6.25,6.25,,6.25,False
FRSX,2018-06-12,DEV 2015-21,3.72000000968812,3.72000000968812,,3.72000000968812,False
FRSX,2019-06-19,DEV 2015-21,1.4499999757796995,1.4499999757796997,,1.4499999757796995,False
FRSX,2020-06-05,DEV 2015-21,1.8500000484406,1.8500000484405998,,1.8500000484406,False
FRSX,2020-12-04,DEV 2015-21,1.6999999757796995,1.6999999757796997,,1.6999999757796995,False
FRSX,2020-12-11,DEV 2015-21,2.5589999244326638,2.5589999244326633,,2.5589999244326638,False
FRSX,2022-11-16,VAL 2022-26,0.679000006781684,0.679000006781684,,0.679000006781684,False
FRSX,2023-04-24,VAL 2022-26,2.2999999636695496,2.2999999636695496,,2.2999999636695496,False
FRSX,2024-03-22,VAL 2022-26,1.1899999891008648,1.1899999891008648,,1.1899999891008648,False
FRSX,2024-12-19,VAL 2022-26,1.12000002179827,1.12000002179827,1.12,1.12,False
FRSX,2024-12-24,VAL 2022-26,2.24000004359654,2.24000004359654,2.24,2.24,False
FRSX,2025-02-24,VAL 2022-26,1.100000018165225,1.100000018165225,1.1,1.1,False
FRSX,2026-06-08,VAL 2022-26,2.390000104904175,2.390000104904175,,2.390000104904175,False
FRTT,2026-06-24,VAL 2022-26,3.140000104904175,3.140000104904175,3.1403,3.1403,False
FRTT,2026-08-11,VAL 2022-26,1.4299999475479126,1.4299999475479126,,1.4299999475479126,False
FSEA,2026-05-05,VAL 2022-26,16.65999984741211,16.65999984741211,,16.65999984741211,False
FTCI,2022-06-06,VAL 2022-26,4.970000076293946,4.970000076293946,,4.970000076293946,False
FTCI,2024-09-11,VAL 2022-26,0.35,0.35000000000000003,,0.35,False
FTCI,2025-11-12,VAL 2022-26,9.0,9.0,9.0,9.0,False
FTEK,2020-05-08,DEV 2015-21,1.190000057220459,1.190000057220459,,1.190000057220459,False
FTEK,2020-07-07,DEV 2015-21,1.159999966621399,1.159999966621399,,1.159999966621399,False
FTEK,2020-11-11,DEV 2015-21,1.0700000524520874,1.0700000524520874,,1.0700000524520874,False
FTEK,2020-11-23,DEV 2015-21,1.590000033378601,1.590000033378601,,1.590000033378601,False
FTEK,2020-11-24,DEV 2015-21,6.070000171661377,6.070000171661377,,6.070000171661377,False
FTFT,2016-06-22,DEV 2015-21,15.05,3.0100000000000007,,,True
FTFT,2016-11-21,DEV 2015-21,40.25,8.05,,,True
FTFT,2019-04-11,DEV 2015-21,12.0,2.4000000000000004,,,True
FTFT,2019-10-17,DEV 2015-21,5.8500000000000005,1.1700000000000002,,,True
FTFT,2020-07-16,DEV 2015-21,17.05,3.4100000000000006,,,True
FTFT,2021-01-07,DEV 2015-21,11.55,2.3100000000000005,,,True
FTFT,2021-12-30,DEV 2015-21,7.550000000000001,1.5100000000000002,,,True
FTFT,2025-03-03,VAL 2022-26,0.3799999952316284,0.3799999952316284,0.3756,0.3756,False
FTFT,2025-07-11,VAL 2022-26,2.3299999237060547,2.3299999237060547,2.33,2.33,False
FTFT,2026-09-11,VAL 2022-26,2.819999933242798,2.819999933242798,,2.819999933242798,False
FTH,2025-03-28,VAL 2022-26,0.5199999809265137,10.399999618530272,,,True
FTH,2025-10-30,VAL 2022-26,11.399999618530272,11.399999618530272,,11.399999618530272,False
FTH,2026-02-18,VAL 2022-26,28.0,28.0,,28.0,False
FTHM,2026-06-17,VAL 2022-26,1.0549999475479126,1.0549999475479126,1.055,1.055,False
FTHM,2026-09-25,VAL 2022-26,0.6399999856948853,0.6399999856948853,,0.6399999856948853,False
FTK,2019-01-11,DEV 2015-21,2.8599999745686846,2.8599999745686846,,2.8599999745686846,False
FTK,2021-12-28,DEV 2015-21,0.7799999713897705,0.7799999713897705,,0.7799999713897705,False
FTRE,2024-11-08,VAL 2022-26,23.350000381469727,23.350000381469727,23.35,23.35,False
FTRE,2025-05-12,VAL 2022-26,7.889999866485596,7.889999866485596,7.89,7.89,False
FUBO,2023-05-05,VAL 2022-26,1.3599999745686848,1.3599999745686848,,1.3599999745686848,False
FUBO,2025-01-06,VAL 2022-26,3.979999860127767,3.9799998601277666,3.98,3.98,False
FUFU,2024-03-04,VAL 2022-26,12.289999961853027,12.289999961853027,,12.289999961853027,False
FULC,2021-08-10,DEV 2015-21,13.210000038146973,13.210000038146973,,13.210000038146973,False
FULC,2023-08-22,VAL 2022-26,5.28000020980835,5.28000020980835,,5.28000020980835,False
FULC,2025-12-08,VAL 2022-26,12.960000038146973,12.960000038146973,12.96,12.96,False
FUN,2020-11-09,DEV 2015-21,36.18999862670898,36.18999862670898,,36.18999862670898,False
FUSE,2025-10-21,VAL 2022-26,19.239999771118164,19.239999771118164,,19.239999771118164,False
FUSE,2026-02-02,VAL 2022-26,2.289999961853028,2.289999961853028,,2.289999961853028,False
FVN,2026-08-06,VAL 2022-26,14.220000267028809,14.220000267028809,,14.220000267028809,False
FWDI,2015-08-11,DEV 2015-21,0.9199999809265136,9.199999809265137,,,True
FWDI,2015-08-27,DEV 2015-21,2.279999923706055,22.799999237060547,,,True
FWDI,2016-07-06,DEV 2015-21,2.0500000000000003,20.5,,,True
FWDI,2018-01-19,DEV 2015-21,2.6,26.0,,,True
FWDI,2020-08-18,DEV 2015-21,2.1799999237060548,21.799999237060547,,,True
FWDI,2024-10-04,VAL 2022-26,4.800000190734863,4.800000190734863,,4.800000190734863,False
FWDI,2025-09-08,VAL 2022-26,30.5,30.5,,30.5,False
FWDI,2025-09-12,VAL 2022-26,44.59999847412109,44.59999847412109,,44.59999847412109,False
FXHO,2022-03-21,VAL 2022-26,2.7500000000000004,687500.0,,,True
FXHO,2024-04-08,VAL 2022-26,0.3500000000000001,87500.0,,,True
FXHO,2025-10-31,VAL 2022-26,0.055,55.0,,,True
FXHO,2025-11-14,VAL 2022-26,3.900000000000001,39.0,,,True
FXHO,2025-11-17,VAL 2022-26,3.500000000000001,35.0,,,True
FXHO,2026-05-01,VAL 2022-26,2.320000076293945,23.200000762939453,,,True
FXHO,2026-06-11,VAL 2022-26,17.100000381469727,17.100000381469727,,17.100000381469727,False
FXHO,2026-07-06,VAL 2022-26,13.0649995803833,13.0649995803833,13.065,13.065,False
GALT,2021-04-14,DEV 2015-21,2.859999895095825,2.859999895095825,,2.859999895095825,False
GALT,2021-07-09,DEV 2015-21,3.9600000381469727,3.9600000381469727,,3.9600000381469727,False
GAME,2025-07-09,VAL 2022-26,1.870000004768372,1.8700000047683716,1.87,1.87,False
GAME,2025-07-16,VAL 2022-26,2.184999942779541,2.184999942779541,2.185,2.185,False
GAME,2026-04-09,VAL 2022-26,0.4099999964237213,0.4099999964237213,0.4102,0.4102,False
GAUZ,2025-07-11,VAL 2022-26,7.159999847412109,7.159999847412109,7.16,7.16,False
GBR,2017-03-27,DEV 2015-21,2.130000114440918,2.130000114440918,,2.130000114440918,False
GBR,2017-04-04,DEV 2015-21,2.4800000190734863,2.4800000190734863,,2.4800000190734863,False
GBR,2018-06-28,DEV 2015-21,3.049999952316284,3.049999952316284,,3.049999952316284,False
GBR,2018-07-02,DEV 2015-21,5.900000095367432,5.900000095367432,,5.900000095367432,False
GBR,2018-07-03,DEV 2015-21,12.0,12.0,,12.0,False
GBR,2019-09-16,DEV 2015-21,2.240000009536743,2.240000009536743,,2.240000009536743,False
GBR,2020-12-29,DEV 2015-21,2.700000047683716,2.700000047683716,,2.700000047683716,False
GBTG,2026-05-04,VAL 2022-26,9.30500030517578,9.30500030517578,9.305,9.305,False
GCDT,2026-03-19,VAL 2022-26,2.5299999713897705,2.5299999713897705,,2.5299999713897705,False
GCDT,2026-06-10,VAL 2022-26,1.190000057220459,1.190000057220459,1.19,1.19,False
GCL,2025-02-18,VAL 2022-26,4.329999923706055,4.329999923706055,4.33,4.33,False
GCL,2025-05-21,VAL 2022-26,2.680000066757202,2.680000066757202,2.68,2.68,False
GCL,2026-05-20,VAL 2022-26,0.7400000095367432,0.7400000095367432,0.74,0.74,False
GCT,2022-11-07,VAL 2022-26,6.360000133514404,6.360000133514404,,6.360000133514404,False
GCT,2023-05-24,VAL 2022-26,11.010000228881836,11.010000228881836,,11.010000228881836,False
GCT,2026-02-26,VAL 2022-26,42.584999084472656,42.584999084472656,,42.584999084472656,False
GCTK,2023-04-10,VAL 2022-26,1.55,1.55,,1.55,False
GCTK,2025-01-13,VAL 2022-26,0.142,0.14200000000000002,0.1415,0.1415,False
GCTK,2025-01-17,VAL 2022-26,0.092,0.092,0.0915,0.0915,False
GCTK,2025-01-21,VAL 2022-26,0.11,0.11,0.11,0.11,False
GCTK,2025-02-04,VAL 2022-26,1.51,1.51,1.51,1.51,False
GCTK,2025-06-25,VAL 2022-26,14.74500020345052,14.745000203450521,14.745,14.745,False
GCTK,2025-06-27,VAL 2022-26,6.65,6.6499999999999995,6.65,6.65,False
GCTK,2025-07-21,VAL 2022-26,9.709999593098958,9.709999593098958,9.71,9.71,False
GCTK,2025-09-02,VAL 2022-26,5.470000203450521,5.470000203450521,5.47,5.47,False
GCTK,2025-09-12,VAL 2022-26,11.24000040690104,11.240000406901041,11.24,11.24,False
GCTK,2026-03-27,VAL 2022-26,1.3800000508626302,1.3800000508626302,,1.3800000508626302,False
GCTK,2026-04-29,VAL 2022-26,1.0299999872843424,1.0299999872843424,,1.0299999872843424,False
GCTK,2026-05-06,VAL 2022-26,0.9859999974568684,0.9859999974568685,,0.9859999974568684,False
GCTK,2026-07-30,VAL 2022-26,0.4079999923706054,0.40799999237060547,,0.4079999923706054,False
GCTS,2024-03-27,VAL 2022-26,12.56999969482422,12.56999969482422,,12.56999969482422,False
GCTS,2024-04-05,VAL 2022-26,11.029999732971191,11.029999732971191,,11.029999732971191,False
GDC,2020-10-19,DEV 2015-21,3.0,3.0,,3.0,False
GDC,2021-02-09,DEV 2015-21,4.761,4.761,,4.761,False
GDC,2022-10-06,VAL 2022-26,0.39,0.39,,0.39,False
GDC,2022-10-12,VAL 2022-26,0.235,0.23500000000000001,,0.235,False
GDC,2023-02-06,VAL 2022-26,6.0200000000000005,6.0200000000000005,,6.0200000000000005,False
GDC,2023-05-01,VAL 2022-26,4.0,4.0,,4.0,False
GDC,2023-08-28,VAL 2022-26,4.98,4.98,,4.98,False
GDC,2023-09-05,VAL 2022-26,3.98,3.98,,3.98,False
GDC,2023-11-20,VAL 2022-26,4.49,4.49,,4.49,False
GDC,2024-08-21,VAL 2022-26,2.14,2.14,,2.14,False
GDC,2024-08-22,VAL 2022-26,6.2,6.2,,6.2,False
GDC,2025-05-12,VAL 2022-26,3.375,3.375,3.375,3.375,False
GDC,2026-05-06,VAL 2022-26,7.5,7.5,,7.5,False
GDC,2026-05-08,VAL 2022-26,0.23,0.23,0.2301,0.2301,False
GDC,2026-06-15,VAL 2022-26,40.5,0.162,0.1622,0.1622,False
GDC,2026-09-22,VAL 2022-26,1.830000042915344,1.830000042915344,,1.830000042915344,False
GDEV,2021-09-17,DEV 2015-21,11.490000152587893,11.490000152587891,,11.490000152587893,False
GDHG,2024-06-12,VAL 2022-26,0.28,0.28,,0.28,False
GDHG,2024-07-01,VAL 2022-26,0.199,0.199,,0.199,False
GDHG,2024-08-05,VAL 2022-26,0.165,0.165,,0.165,False
GDHG,2024-09-20,VAL 2022-26,3.87,3.8699999999999997,,3.87,False
GDHG,2025-06-30,VAL 2022-26,1.48000005086263,1.48000005086263,1.48,1.48,False
GDHG,2026-06-16,VAL 2022-26,2.289999961853028,2.289999961853028,,2.289999961853028,False
GDOT,2015-06-23,DEV 2015-21,18.81999969482422,18.81999969482422,,18.81999969482422,False
GDOT,2019-10-30,DEV 2015-21,33.0099983215332,33.0099983215332,,33.0099983215332,False
GDOT,2025-05-09,VAL 2022-26,11.170000076293944,11.170000076293944,11.17,11.17,False
GDOT,2025-08-12,VAL 2022-26,11.979999542236328,11.979999542236328,11.98,11.98,False
GDRX,2022-08-09,VAL 2022-26,9.925000190734863,9.925000190734863,,9.925000190734863,False
GDRX,2025-08-18,VAL 2022-26,4.650000095367432,4.650000095367432,4.65,4.65,False
GDTC,2023-07-11,VAL 2022-26,7.420000076293945,7.420000076293945,,7.420000076293945,False
GDTC,2026-02-05,VAL 2022-26,1.034999966621399,1.034999966621399,,1.034999966621399,False
GDYN,2025-02-21,VAL 2022-26,25.32999992370605,25.32999992370605,25.33,25.33,False
GEG,2021-03-02,DEV 2015-21,4.829999923706055,4.829999923706055,,4.829999923706055,False
GEG,2025-09-03,VAL 2022-26,3.2799999713897705,3.2799999713897705,3.28,3.28,False
GELS,2024-12-10,VAL 2022-26,4.5,4.5,4.5,4.5,False
GELS,2025-04-22,VAL 2022-26,3.839999914169312,3.839999914169312,3.84,3.84,False
GELS,2025-11-24,VAL 2022-26,1.1299999952316284,1.1299999952316284,1.13,1.13,False
GELS,2026-01-14,VAL 2022-26,1.2300000190734863,1.2300000190734863,,1.2300000190734863,False
GELS,2026-06-15,VAL 2022-26,1.5,1.5,1.5,1.5,False
GELS,2026-09-03,VAL 2022-26,0.99099999666214,0.99099999666214,,0.99099999666214,False
GEMI,2026-05-15,VAL 2022-26,6.744999885559082,6.744999885559082,,6.744999885559082,False
GENI,2021-04-05,DEV 2015-21,19.1299991607666,19.1299991607666,,19.1299991607666,False
GENK,2025-03-07,VAL 2022-26,6.889999866485596,6.889999866485596,6.89,6.89,False
GEOS,2025-06-23,VAL 2022-26,13.979999542236328,13.979999542236328,13.98,13.98,False
GERN,2023-01-04,VAL 2022-26,3.4100000858306885,3.4100000858306885,,3.4100000858306885,False
GETY,2022-07-29,VAL 2022-26,26.479999542236328,26.479999542236328,,26.479999542236328,False
GETY,2023-04-24,VAL 2022-26,7.880000114440918,7.880000114440918,,7.880000114440918,False
GETY,2025-01-07,VAL 2022-26,3.700000047683716,3.700000047683716,3.7,3.7,False
GETY,2025-10-31,VAL 2022-26,3.059999942779541,3.059999942779541,3.06,3.06,False
GETY,2026-02-23,VAL 2022-26,0.9900000095367432,0.9900000095367432,,0.9900000095367432,False
GETY,2026-06-22,VAL 2022-26,1.399999976158142,1.399999976158142,1.4,1.4,False
GEVO,2015-05-07,DEV 2015-21,3.5600000000000005,3.5600000000000005,,3.5600000000000005,False
GEVO,2015-05-08,DEV 2015-21,6.960000000000002,6.960000000000002,,6.960000000000002,False
GEVO,2016-03-28,DEV 2015-21,0.56,0.56,,0.56,False
GEVO,2016-06-08,DEV 2015-21,1.15,1.1500000000000001,,1.15,False
GEVO,2016-09-07,DEV 2015-21,0.7200000000000002,0.7200000000000002,,0.7200000000000002,False
GEVO,2017-01-17,DEV 2015-21,4.75,4.75,,4.75,False
GEVO,2018-06-18,DEV 2015-21,5.190000057220459,5.190000057220459,,5.190000057220459,False
GEVO,2019-01-18,DEV 2015-21,4.190000057220459,4.190000057220459,,4.190000057220459,False
GEVO,2019-02-27,DEV 2015-21,3.059999942779541,3.059999942779541,,3.059999942779541,False
GEVO,2020-08-20,DEV 2015-21,0.9700000286102296,0.9700000286102296,,0.9700000286102296,False
GEVO,2024-10-17,VAL 2022-26,3.0799999237060547,3.0799999237060547,3.08,3.08,False
GEVO,2025-08-12,VAL 2022-26,1.75,1.75,1.745,1.745,False
GFAI,2021-10-29,DEV 2015-21,3.729999923706055,3.729999923706055,,3.729999923706055,False
GFAI,2022-02-22,VAL 2022-26,0.5010000228881836,0.5010000228881836,,0.5010000228881836,False
GFAI,2022-03-11,VAL 2022-26,0.9460000038146972,0.9460000038146973,,0.9460000038146972,False
GFAI,2022-03-15,VAL 2022-26,1.1600000381469726,1.1600000381469726,,1.1600000381469726,False
GFAI,2022-03-29,VAL 2022-26,1.6399999618530274,1.6399999618530274,,1.6399999618530274,False
GFAI,2022-07-22,VAL 2022-26,0.3569999933242798,0.3569999933242798,,0.3569999933242798,False
GFAI,2022-09-01,VAL 2022-26,0.4449999809265137,0.4449999809265137,,0.4449999809265137,False
GFAI,2023-01-03,VAL 2022-26,0.1570000052452087,0.15700000524520874,,0.1570000052452087,False
GFAI,2023-02-06,VAL 2022-26,22.200000762939453,0.5550000190734864,,,True
GFAI,2025-01-06,VAL 2022-26,2.7799999713897705,2.7799999713897705,2.78,2.78,False
GFAI,2026-02-20,VAL 2022-26,0.5429999828338623,0.5429999828338623,,0.5429999828338623,False
GFAI,2026-06-01,VAL 2022-26,0.6850000023841858,0.6850000023841858,,0.6850000023841858,False
GFUZ,2026-07-13,VAL 2022-26,12.800000190734863,12.800000190734863,,12.800000190734863,False
GGR,2022-04-05,VAL 2022-26,15.98999938964844,15.989999389648439,,15.98999938964844,False
GHRS,2025-02-03,VAL 2022-26,20.0,20.0,20.0,20.0,False
GHRS,2026-01-05,VAL 2022-26,18.81599998474121,18.81599998474121,,18.81599998474121,False
GIBO,2025-07-10,VAL 2022-26,0.053,0.053000000000000005,0.0528,0.0528,False
GIBO,2025-07-28,VAL 2022-26,0.089,0.08900000000000001,0.089,0.089,False
GIBO,2025-09-09,VAL 2022-26,3.54,3.54,3.54,3.54,False
GIGM,2021-03-12,DEV 2015-21,4.28000020980835,4.28000020980835,,4.28000020980835,False
GIII,2017-06-06,DEV 2015-21,25.600000381469727,25.600000381469727,,25.600000381469727,False
GIII,2023-09-07,VAL 2022-26,23.190000534057617,23.190000534057617,,23.190000534057617,False
GIPR,2025-10-03,VAL 2022-26,1.3100000381469727,1.310000038146973,1.31,1.31,False
GIPR,2026-04-09,VAL 2022-26,0.3170000076293945,0.31700000762939456,,0.3170000076293945,False
GIPR,2026-09-03,VAL 2022-26,0.5830000042915344,0.5830000042915344,,0.5830000042915344,False
GIPR,2026-09-18,VAL 2022-26,1.4900000095367432,1.4900000095367432,1.49,1.49,False
GITS,2023-12-14,VAL 2022-26,1.340000033378601,0.06700000166893005,,,True
GITS,2025-05-30,VAL 2022-26,3.0199999809265137,3.0199999809265137,3.02,3.02,False
GITS,2025-07-03,VAL 2022-26,4.119999885559082,4.119999885559082,4.12,4.12,False
GITS,2026-06-23,VAL 2022-26,1.8350000381469729,1.8350000381469729,,1.8350000381469729,False
GKOS,2015-11-11,DEV 2015-21,22.84000015258789,22.84000015258789,,22.84000015258789,False
GKOS,2016-05-04,DEV 2015-21,24.350000381469727,24.350000381469727,,24.350000381469727,False
GKOS,2018-08-29,DEV 2015-21,62.33000183105469,62.33000183105469,,62.33000183105469,False
GLBS,2016-04-29,DEV 2015-21,0.66,0.66,,0.66,False
GLBS,2016-11-15,DEV 2015-21,3.5,3.5,,3.5,False
GLBS,2016-11-16,DEV 2015-21,7.0,7.0,,7.0,False
GLBS,2016-11-17,DEV 2015-21,17.17,17.17,,17.17,False
GLBS,2017-01-19,DEV 2015-21,7.65,7.65,,7.65,False
GLBS,2017-01-20,DEV 2015-21,9.89,9.89,,9.89,False
GLBS,2017-07-07,DEV 2015-21,1.65,1.6500000000000001,,1.65,False
GLBS,2017-11-06,DEV 2015-21,1.24,1.24,,1.24,False
GLBS,2017-11-07,DEV 2015-21,2.17,2.17,,2.17,False
GLBS,2017-12-05,DEV 2015-21,1.54,1.54,,1.54,False
GLBS,2017-12-08,DEV 2015-21,1.9,1.9000000000000001,,1.9,False
GLBS,2018-11-13,DEV 2015-21,10.05,10.05,,10.05,False
GLBS,2019-03-11,DEV 2015-21,8.61,8.61,,8.61,False
GLBS,2020-09-28,DEV 2015-21,0.14,0.14,,0.14,False
GLE,2025-09-10,VAL 2022-26,1.690000057220459,1.690000057220459,1.69,1.69,False
GLE,2026-05-07,VAL 2022-26,0.6919999718666077,0.6919999718666077,0.6915,0.6915,False
GLE,2026-06-10,VAL 2022-26,0.7049999833106995,0.7049999833106995,0.7055,0.7055,False
GLE,2026-08-11,VAL 2022-26,0.675000011920929,0.675000011920929,0.6749,0.6749,False
GLND,2026-04-27,VAL 2022-26,7.989999771118164,7.989999771118164,,7.989999771118164,False
GLND,2026-09-21,VAL 2022-26,3.0199999809265137,3.0199999809265137,3.015,3.015,False
GLNG,2021-01-13,DEV 2015-21,15.09000015258789,15.09000015258789,,15.09000015258789,False
GLSI,2020-12-09,DEV 2015-21,16.06999969482422,16.06999969482422,,16.06999969482422,False
GLSI,2025-12-15,VAL 2022-26,12.93000030517578,12.93000030517578,12.93,12.93,False
GLSI,2026-01-22,VAL 2022-26,27.190000534057617,27.190000534057617,,27.190000534057617,False
GLUE,2024-10-28,VAL 2022-26,6.389999866485596,6.389999866485596,6.39,6.39,False
GLUE,2025-09-15,VAL 2022-26,7.21999979019165,7.21999979019165,7.22,7.22,False
GLUE,2026-01-07,VAL 2022-26,21.90999984741211,21.90999984741211,,21.90999984741211,False
GLXG,2025-04-08,VAL 2022-26,1.6100000381469728,1.6100000381469728,1.61,1.61,False
GLXG,2025-10-01,VAL 2022-26,4.619999885559082,4.619999885559082,4.62,4.62,False
GLXG,2026-06-11,VAL 2022-26,2.549999952316284,2.549999952316284,2.55,2.55,False
GMEX,2025-09-23,VAL 2022-26,13.599999806237598,1.5111110895819553,,,True
GMEX,2025-11-06,VAL 2022-26,3.41000002906436,0.3788888921182622,,,True
GMEX,2025-12-01,VAL 2022-26,1.18499998062376,0.13166666451375109,,,True
GMEX,2025-12-02,VAL 2022-26,1.82000005812872,0.2022222286809689,,,True
GMEX,2026-03-23,VAL 2022-26,1.1699999854678198,0.12999999838531331,,,True
GMEX,2026-05-29,VAL 2022-26,2.2199999491373696,0.2466666610152633,,,True
GMEX,2026-06-09,VAL 2022-26,1.11499998304579,0.12388888700508777,,,True
GMHS,2025-08-11,VAL 2022-26,1.600000023841858,1.600000023841858,1.6,1.6,False
GMHS,2025-08-29,VAL 2022-26,2.5999999046325684,2.5999999046325684,2.6,2.6,False
GMHS,2026-06-08,VAL 2022-26,1.475000023841858,1.475000023841858,1.475,1.475,False
GMM,2024-04-30,VAL 2022-26,1.51,0.10066666666666667,,,True
GMM,2024-07-02,VAL 2022-26,1.06,0.07066666666666667,,,True
GMM,2024-10-28,VAL 2022-26,0.5570000076293945,0.03713333384195963,0.5566,0.5566,False
GMM,2026-06-09,VAL 2022-26,10.649999618530272,0.21299999237060543,0.2132,0.2132,False
GMM,2026-06-12,VAL 2022-26,4.360000133514404,4.360000133514404,4.36,4.36,False
GMM,2026-06-15,VAL 2022-26,4.079999923706055,4.079999923706055,,4.079999923706055,False
GMM,2026-07-10,VAL 2022-26,5.689000129699707,5.689000129699707,5.6888,5.6888,False
GNLN,2022-03-25,VAL 2022-26,0.7930000000000001,0.7930000000000001,,0.7930000000000001,False
GNLN,2022-06-24,VAL 2022-26,0.392,0.39200000000000007,,0.392,False
GNLN,2022-07-20,VAL 2022-26,0.249,0.24900000000000005,,0.249,False
GNLN,2024-08-12,VAL 2022-26,9.51,9.51,,9.51,False
GNLN,2025-05-02,VAL 2022-26,0.011,0.011,,0.011,False
GNLN,2025-05-21,VAL 2022-26,0.009,0.009,0.009,0.009,False
GNLN,2025-06-12,VAL 2022-26,11.25,0.015,0.0151,0.0151,False
GNPX,2018-04-27,DEV 2015-21,14.000000000000002,14.000000000000002,,14.000000000000002,False
GNPX,2019-11-19,DEV 2015-21,0.8,0.8,,0.8,False
GNPX,2020-01-21,DEV 2015-21,1.2000000000000002,1.2000000000000002,,1.2000000000000002,False
GNPX,2020-01-22,DEV 2015-21,1.84,1.84,,1.84,False
GNPX,2020-05-05,DEV 2015-21,3.74,3.74,,3.74,False
GNPX,2024-02-05,VAL 2022-26,7.91,7.91,,7.91,False
GNPX,2024-03-06,VAL 2022-26,5.12,5.12,,5.12,False
GNPX,2024-10-21,VAL 2022-26,0.55,0.55,0.55,0.55,False
GNPX,2025-09-08,VAL 2022-26,0.3079999889026988,0.30799998890269886,0.3083,0.3083,False
GNPX,2025-10-15,VAL 2022-26,24.0,0.48,0.4796,0.4796,False
GNS,2023-01-13,VAL 2022-26,0.55,0.55,,0.55,False
GNS,2023-01-17,VAL 2022-26,0.6000000000000001,0.6000000000000001,,0.6000000000000001,False
GNS,2023-01-19,VAL 2022-26,0.8500000000000001,0.8500000000000001,,0.8500000000000001,False
GNS,2023-08-14,VAL 2022-26,1.4600000381469729,1.4600000381469729,,1.4600000381469729,False
GNS,2023-08-28,VAL 2022-26,1.9700000762939451,1.9700000762939454,,1.9700000762939451,False
GNS,2024-08-12,VAL 2022-26,1.7000000476837158,0.1700000047683716,,,True
GNS,2024-11-13,VAL 2022-26,1.340000033378601,1.340000033378601,1.34,1.34,False
GNS,2025-11-17,VAL 2022-26,1.0499999523162842,1.0499999523162842,1.05,1.05,False
GNTA,2025-10-24,VAL 2022-26,9.970000267028809,9.970000267028809,9.97,9.97,False
GNTA,2026-01-27,VAL 2022-26,1.7000000476837158,1.7000000476837158,,1.7000000476837158,False
GNTA,2026-06-01,VAL 2022-26,1.8350000381469729,1.8350000381469729,1.835,1.835,False
GNW,2016-08-03,DEV 2015-21,3.430000066757202,3.430000066757202,,3.430000066757202,False
GNW,2018-06-11,DEV 2015-21,4.880000114440918,4.880000114440918,,4.880000114440918,False
GNW,2020-08-31,DEV 2015-21,3.309999942779541,3.309999942779541,,3.309999942779541,False
GOGO,2020-06-05,DEV 2015-21,3.809999942779541,3.809999942779541,,3.809999942779541,False
GOGO,2020-09-01,DEV 2015-21,6.204999923706055,6.204999923706055,,6.204999923706055,False
GOGO,2025-05-09,VAL 2022-26,9.520000457763672,9.520000457763672,9.52,9.52,False
GOLD,2020-05-08,DEV 2015-21,17.020000457763672,8.510000228881836,,,True
GOSS,2026-07-27,VAL 2022-26,0.1730000019073486,0.17300000190734866,,0.1730000019073486,False
GOSS,2026-07-28,VAL 2022-26,0.2680000066757202,0.2680000066757202,,0.2680000066757202,False
GOVX,2020-10-26,DEV 2015-21,3.84,3.84,,3.84,False
GOVX,2021-01-11,DEV 2015-21,7.09,7.09,,7.09,False
GOVX,2021-08-20,DEV 2015-21,7.43,7.43,,7.43,False
GOVX,2021-11-16,DEV 2015-21,5.27,5.27,,5.27,False
GOVX,2021-11-26,DEV 2015-21,4.78,4.78,,4.78,False
GOVX,2022-05-23,VAL 2022-26,1.99,1.99,,1.99,False
GOVX,2022-07-25,VAL 2022-26,1.11,1.1099999999999999,,1.11,False
GOVX,2022-10-26,VAL 2022-26,1.06,1.06,,1.06,False
GOVX,2024-06-18,VAL 2022-26,1.36,1.36,,1.36,False
GOVX,2024-06-27,VAL 2022-26,2.43,2.43,,2.43,False
GOVX,2026-05-18,VAL 2022-26,3.0299999713897705,3.0299999713897705,3.03,3.03,False
GP,2023-07-17,VAL 2022-26,4.3599998474121096,4.359999847412109,,4.3599998474121096,False
GP,2026-01-09,VAL 2022-26,1.3700000047683716,1.3700000047683716,1.37,1.37,False
GPCR,2023-09-29,VAL 2022-26,65.08999633789062,65.08999633789062,,65.08999633789062,False
GPGI,2024-03-07,VAL 2022-26,5.989999780654907,4.975082874298096,,,True
GPGI,2024-08-08,VAL 2022-26,9.10000032043457,7.558139801025391,,,True
GPMT,2020-03-26,DEV 2015-21,5.019999980926514,5.019999980926514,,5.019999980926514,False
GPRK,2025-10-30,VAL 2022-26,8.069999694824219,8.069999694824219,8.07,8.07,False
GPRO,2025-07-23,VAL 2022-26,2.315000057220459,2.315000057220459,2.315,2.315,False
GPRO,2026-09-01,VAL 2022-26,1.350000023841858,1.350000023841858,,1.350000023841858,False
GPUS,2019-04-17,DEV 2015-21,0.3321033292653715,0.39364875154150997,,,True
GPUS,2019-05-13,DEV 2015-21,0.2306273012784762,0.2733671758740967,,,True
GPUS,2019-08-19,DEV 2015-21,7.38007364091124,8.747749627971093,,,True
GPUS,2019-08-28,DEV 2015-21,3.874538712892954,4.592568615627527,,,True
GPUS,2020-02-21,DEV 2015-21,2.1033210082255245,2.493108668348843,,,True
GPUS,2020-04-01,DEV 2015-21,1.0147601513325717,1.2028156043173766,,,True
GPUS,2020-04-07,DEV 2015-21,1.1808118031116193,1.399639964852456,,,True
GPUS,2020-06-10,DEV 2015-21,4.35424342757181,5.161172256125864,,,True
GPUS,2020-07-20,DEV 2015-21,4.511070151826287,5.347062124642627,,,True
GPUS,2020-09-04,DEV 2015-21,2.08487089610362,2.4712393795986984,,,True
GPUS,2020-11-23,DEV 2015-21,2.813653152719239,3.335079637078033,,,True
GPUS,2021-05-05,DEV 2015-21,2.952029507779048,3.4990999121311397,,,True
GPUS,2021-07-13,DEV 2015-21,2.6014760920990483,3.083581902310837,,,True
GPUS,2022-03-21,VAL 2022-26,0.848708499553524,1.005991243782297,,,True
GPUS,2023-03-31,VAL 2022-26,0.1199262027702857,0.1421509386914762,,,True
GPUS,2023-04-03,VAL 2022-26,0.1199262027702857,0.1421509386914762,,,True
GPUS,2023-07-12,VAL 2022-26,4.953874742857144,5.871927306878911,,,True
GPUS,2023-09-05,VAL 2022-26,1.2700000000000002,1.5053565273302003,,,True
GPUS,2023-10-09,VAL 2022-26,0.34,0.40300883408840005,,,True
GPUS,2023-10-23,VAL 2022-26,0.19,0.22521081904940002,,,True
GPUS,2023-10-24,VAL 2022-26,0.2,0.23706402005200003,,,True
GPUS,2023-11-29,VAL 2022-26,0.12,0.14223841203120002,,,True
GPUS,2024-02-27,VAL 2022-26,0.76,0.9008432761976,,,True
GPUS,2024-04-19,VAL 2022-26,0.32,0.3793024320832,,,True
GPUS,2024-05-21,VAL 2022-26,0.5,0.5926600501300001,,,True
GPUS,2024-12-06,VAL 2022-26,6.159999847412109,7.3015716367361065,6.16,6.16,False
GPUS,2025-05-05,VAL 2022-26,3.1700000762939453,3.2989155471966174,3.17,3.17,False
GPUS,2025-07-01,VAL 2022-26,2.0200000762939454,2.1021481061966174,2.02,2.02,False
GPUS,2025-09-15,VAL 2022-26,0.7099999904632569,0.7388738014754228,0.7099,0.7099,False
GPUS,2026-04-08,VAL 2022-26,0.1700000047683716,0.17691345276228856,,,True
GPUS,2026-06-15,VAL 2022-26,0.2,0.208133468,,,True
GRCE,2017-11-20,DEV 2015-21,2.4299999872843423,116.63999938964844,,,True
GRCE,2018-09-24,DEV 2015-21,0.9900000095367432,47.52000045776367,,,True
GRCE,2018-10-01,DEV 2015-21,1.5700000127156577,75.36000061035156,,,True
GRCE,2020-12-23,DEV 2015-21,0.3300000031789143,15.84000015258789,,,True
GRCE,2021-01-05,DEV 2015-21,0.5,24.0,,,True
GRCE,2021-05-07,DEV 2015-21,0.5700000127156575,27.36000061035156,,,True
GRCE,2021-06-23,DEV 2015-21,0.6799999872843424,32.63999938964844,,,True
GRCE,2022-12-22,VAL 2022-26,0.5899999936421711,3.539999961853028,,,True
GRDX,2021-01-12,DEV 2015-21,1.12,47040.0,,,True
GRDX,2021-03-16,DEV 2015-21,1.849,77658.0,,,True
GRDX,2021-08-18,DEV 2015-21,0.717,30114.0,,,True
GRDX,2021-11-30,DEV 2015-21,2.72,11424.0,,,True
GRDX,2022-03-31,VAL 2022-26,1.33,5586.0,,,True
GRDX,2022-09-06,VAL 2022-26,3.82000005812872,534.8000081380208,,,True
GRDX,2023-01-25,VAL 2022-26,7.0,140.0,,,True
GRDX,2023-06-13,VAL 2022-26,2.8600001017252605,57.200002034505204,,,True
GRDX,2023-09-14,VAL 2022-26,0.9109999974568684,18.219999949137367,,,True
GRDX,2023-12-27,VAL 2022-26,12.979999542236328,12.979999542236325,,12.979999542236328,False
GRDX,2024-01-03,VAL 2022-26,5.130000114440918,5.130000114440918,,5.130000114440918,False
GRDX,2025-03-03,VAL 2022-26,0.7290000120798746,0.7290000120798746,,0.7290000120798746,False
GRDX,2025-04-04,VAL 2022-26,0.5300000111262003,0.5300000111262003,,0.5300000111262003,False
GRDX,2025-08-11,VAL 2022-26,1.6799999475479126,0.5599999825159708,,,True
GRFS,2024-07-08,VAL 2022-26,8.479999542236328,8.479999542236328,,8.479999542236328,False
GRI,2022-04-22,VAL 2022-26,2.419999923046141,72.59999769138425,,,True
GRI,2022-12-14,VAL 2022-26,0.7600000096192322,22.80000028857697,,,True
GRI,2023-02-13,VAL 2022-26,0.9320000115430788,27.960000346292365,,,True
GRI,2023-08-23,VAL 2022-26,3.599999855711516,3.5999998557115154,,3.599999855711516,False
GRI,2024-10-21,VAL 2022-26,1.669999964096967,1.669999964096967,1.67,1.67,False
GRI,2025-04-01,VAL 2022-26,9.32999965122768,9.329999651227679,9.33,9.33,False
GRI,2025-09-11,VAL 2022-26,2.12000002179827,2.12000002179827,2.12,2.12,False
GRML,2024-04-19,VAL 2022-26,11.26,11.26,,11.26,False
GRML,2024-06-26,VAL 2022-26,4.5,4.5,,4.5,False
GRML,2024-07-09,VAL 2022-26,1.9,1.9000000000000001,,1.9,False
GRML,2024-08-08,VAL 2022-26,1.55,1.55,,1.55,False
GRML,2025-06-09,VAL 2022-26,0.7180000305175781,0.7180000305175781,,0.7180000305175781,False
GRML,2026-08-25,VAL 2022-26,10.300000190734863,10.300000190734863,,10.300000190734863,False
GRML,2026-09-21,VAL 2022-26,7.329999923706055,7.329999923706055,7.33,7.33,False
GRND,2022-11-18,VAL 2022-26,16.899999618530273,16.899999618530273,,16.899999618530273,False
GRND,2023-08-15,VAL 2022-26,5.710000038146973,5.710000038146973,,5.710000038146973,False
GRNQ,2020-05-27,DEV 2015-21,1.7700000000000002,1.7700000000000002,,1.7700000000000002,False
GRNQ,2020-08-18,DEV 2015-21,0.9550000000000002,0.9550000000000002,,0.9550000000000002,False
GRNQ,2020-09-29,DEV 2015-21,1.4800000000000002,1.4800000000000002,,1.4800000000000002,False
GRNQ,2020-10-05,DEV 2015-21,2.4700000000000006,2.4700000000000006,,2.4700000000000006,False
GRNQ,2020-12-28,DEV 2015-21,2.4000000000000004,2.4000000000000004,,2.4000000000000004,False
GRNQ,2021-01-08,DEV 2015-21,3.0100000000000007,3.0100000000000007,,3.0100000000000007,False
GRNQ,2021-08-20,DEV 2015-21,1.3400000000000003,1.3400000000000003,,1.3400000000000003,False
GRNQ,2021-10-25,DEV 2015-21,2.1800000000000006,2.1800000000000006,,2.1800000000000006,False
GRO,2025-07-15,VAL 2022-26,2.039999961853028,2.039999961853028,2.04,2.04,False
GRO,2025-08-21,VAL 2022-26,1.850000023841858,1.850000023841858,1.85,1.85,False
GROV,2022-12-21,VAL 2022-26,0.2470000028610229,0.24700000286102297,,0.2470000028610229,False
GROY,2021-09-09,DEV 2015-21,5.079999923706055,5.079999923706055,,5.079999923706055,False
GRPN,2025-03-12,VAL 2022-26,12.25,12.25,12.25,12.25,False
GRRR,2023-01-03,VAL 2022-26,11.71999969482422,11.71999969482422,,11.71999969482422,False
GRRR,2023-07-07,VAL 2022-26,3.5,3.5,,3.5,False
GRRR,2024-04-04,VAL 2022-26,9.199999809265137,0.9199999809265137,,,True
GRRR,2024-09-12,VAL 2022-26,3.849999904632568,3.849999904632568,,3.849999904632568,False
GRSD,2024-11-14,VAL 2022-26,13.0,13.0,,13.0,False
GRVY,2016-10-28,DEV 2015-21,5.849999904632568,5.849999904632568,,5.849999904632568,False
GRVY,2021-05-14,DEV 2015-21,135.0,135.0,,135.0,False
GRWG,2025-12-12,VAL 2022-26,1.7300000190734863,1.7300000190734863,1.73,1.73,False
GSAT,2016-12-19,DEV 2015-21,1.3199999491373695,1.3199999491373697,,1.3199999491373695,False
GSAT,2016-12-22,DEV 2015-21,1.790000025431315,1.790000025431315,,1.790000025431315,False
GSAT,2021-01-08,DEV 2015-21,0.5700000127156576,0.5700000127156576,,0.5700000127156576,False
GSAT,2021-08-30,DEV 2015-21,2.3899998982747395,2.3899998982747395,,2.3899998982747395,False
GSAT,2023-08-29,VAL 2022-26,1.3099999745686848,1.3099999745686852,,1.3099999745686848,False
GSAT,2024-11-01,VAL 2022-26,1.4300000508626305,1.4300000508626303,1.43,1.43,False
GSIT,2025-10-20,VAL 2022-26,7.5,7.5,7.5,7.5,False
GSIW,2025-07-24,VAL 2022-26,0.2989999961853027,0.29899999618530276,0.2987,0.2987,False
GSIW,2025-07-25,VAL 2022-26,0.1430000019073486,0.14300000190734863,0.143,0.143,False
GSIW,2025-09-22,VAL 2022-26,0.1839999961853027,0.18399999618530274,0.1835,0.1835,False
GSL,2016-11-16,DEV 2015-21,2.059999942779541,2.059999942779541,,2.059999942779541,False
GSL,2016-11-17,DEV 2015-21,3.9600000381469727,3.9600000381469727,,3.9600000381469727,False
GSL,2018-10-30,DEV 2015-21,1.3799999952316284,1.3799999952316284,,1.3799999952316284,False
GSM,2021-02-02,DEV 2015-21,3.440000057220459,3.440000057220459,,3.440000057220459,False
GSUN,2022-11-23,VAL 2022-26,2.4700000762939456,2.4700000762939456,,2.4700000762939456,False
GSUN,2023-04-28,VAL 2022-26,1.6,1.6,,1.6,False
GSUN,2026-07-01,VAL 2022-26,0.4760000109672546,0.4760000109672546,,0.4760000109672546,False
GTBP,2020-12-22,DEV 2015-21,0.0167999997606464,0.016799999760646448,,0.0167999997606464,False
GTBP,2021-03-09,DEV 2015-21,0.236,0.236,,0.236,False
GTBP,2024-05-20,VAL 2022-26,0.3120000076293945,0.31200000762939456,,0.3120000076293945,False
GTBP,2024-12-23,VAL 2022-26,0.1296000003814697,0.12960000038146974,3.24,3.24,False
GTBP,2025-02-25,VAL 2022-26,0.0984000015258789,0.09840000152587891,2.46,2.46,False
GTE,2020-04-24,DEV 2015-21,0.35,0.35000000000000003,,0.35,False
GTE,2020-06-08,DEV 2015-21,0.6300000190734864,0.6300000190734864,,0.6300000190734864,False
GTE,2020-12-08,DEV 2015-21,0.4099999904632568,0.40999999046325686,,0.4099999904632568,False
GTE,2026-08-05,VAL 2022-26,10.329999923706056,10.329999923706056,10.33,10.33,False
GTEC,2019-10-18,DEV 2015-21,10.279999732971191,10.279999732971191,,10.279999732971191,False
GTEC,2020-11-10,DEV 2015-21,3.450000047683716,3.450000047683716,,3.450000047683716,False
GTEC,2021-02-18,DEV 2015-21,22.1299991607666,22.1299991607666,,22.1299991607666,False
GTEC,2021-06-16,DEV 2015-21,10.960000038146973,10.960000038146973,,10.960000038146973,False
GTEC,2021-11-19,DEV 2015-21,8.779999732971191,8.779999732971191,,8.779999732971191,False
GTEC,2024-08-16,VAL 2022-26,1.9900000095367432,1.9900000095367432,,1.9900000095367432,False
GTEC,2025-03-27,VAL 2022-26,2.259999990463257,2.259999990463257,2.26,2.26,False
GTIM,2021-08-11,DEV 2015-21,5.519999980926514,5.519999980926514,,5.519999980926514,False
GTIM,2025-10-23,VAL 2022-26,2.0899999141693115,2.0899999141693115,2.09,2.09,False
GTX,2021-01-11,DEV 2015-21,5.909999847412109,5.909999847412109,,5.909999847412109,False
GURE,2015-01-30,DEV 2015-21,1.4600000000000002,1.4600000000000002,,1.4600000000000002,False
GURE,2021-04-09,DEV 2015-21,5.6000000000000005,5.6000000000000005,,5.6000000000000005,False
GURE,2025-12-05,VAL 2022-26,8.970000267028809,8.970000267028809,8.97,8.97,False
GVH,2024-05-29,VAL 2022-26,2.34,2.34,,2.34,False
GVH,2024-07-09,VAL 2022-26,1.19,1.19,,1.19,False
GVH,2025-06-27,VAL 2022-26,0.2910000038146972,0.29100000381469726,0.2914,0.2914,False
GVH,2025-07-02,VAL 2022-26,17.600000381469727,0.08800000190734864,0.0881,0.0881,False
GVH,2025-07-22,VAL 2022-26,9.00100040435791,9.00100040435791,9.001,9.001,False
GVH,2026-02-17,VAL 2022-26,1.4600000381469729,1.4600000381469729,1.46,1.46,False
GVH,2026-03-27,VAL 2022-26,1.309999942779541,1.309999942779541,,1.309999942779541,False
GWAV,2017-12-29,DEV 2015-21,0.6710000000000002,201.29999999999998,,,True
GWAV,2024-05-09,VAL 2022-26,0.079,0.079,,0.079,False
GWAV,2024-05-15,VAL 2022-26,0.064,0.064,,0.064,False
GWAV,2024-05-20,VAL 2022-26,0.187,0.187,,0.187,False
GWAV,2024-05-23,VAL 2022-26,0.118,0.118,,0.118,False
GWAV,2025-10-14,VAL 2022-26,17.15999984741211,17.15999984741211,17.16,17.16,False
GWH,2021-10-12,DEV 2015-21,15.82999979654948,15.82999979654948,,15.82999979654948,False
GWH,2025-10-10,VAL 2022-26,3.630000114440918,3.630000114440918,3.63,3.63,False
GXAI,2023-04-04,VAL 2022-26,1.6299999554951985,1.6299999554951985,,1.6299999554951985,False
GXAI,2024-01-19,VAL 2022-26,0.3300000031789143,0.33000000317891437,,0.3300000031789143,False
GXAI,2024-02-16,VAL 2022-26,1.199999968210856,1.199999968210856,,1.199999968210856,False
GXAI,2024-03-13,VAL 2022-26,10.59000015258789,10.59000015258789,,10.59000015258789,False
GXAI,2024-11-14,VAL 2022-26,2.0299999713897705,2.0299999713897705,2.03,2.03,False
GXAI,2024-12-06,VAL 2022-26,1.9900000095367432,1.9900000095367432,1.99,1.99,False
GXAI,2025-08-19,VAL 2022-26,1.7100000381469729,1.7100000381469729,1.71,1.71,False
GXAI,2026-01-26,VAL 2022-26,2.0,2.0,2.0,2.0,False
GXAI,2026-02-03,VAL 2022-26,1.7200000286102295,1.7200000286102295,,1.7200000286102295,False
GXAI,2026-03-05,VAL 2022-26,1.995000004768372,1.995000004768372,1.995,1.995,False
GXAI,2026-06-02,VAL 2022-26,2.009999990463257,2.009999990463257,2.01,2.01,False
GXAI,2026-08-13,VAL 2022-26,1.309999942779541,1.309999942779541,1.31,1.31,False
GYRE,2016-12-15,DEV 2015-21,1.12,33.6,,,True
GYRE,2017-03-28,DEV 2015-21,8.010000101725261,240.3000030517578,,,True
GYRE,2019-12-19,DEV 2015-21,6.1100001017252605,183.3000030517578,,,True
GYRE,2022-05-23,VAL 2022-26,0.95,28.5,,,True
GYRE,2023-02-28,VAL 2022-26,0.3399999936421712,5.099999904632568,,,True
GYRO,2025-08-04,VAL 2022-26,11.920000076293944,11.920000076293944,11.92,11.92,False
HAO,2024-10-30,VAL 2022-26,0.2519999980926514,0.010079999923706055,0.252,0.252,False
HAO,2026-07-10,VAL 2022-26,1.6299999237060547,1.6299999237060547,1.63,1.63,False
HBIO,2025-10-30,VAL 2022-26,0.5699999809265137,0.5699999809265137,0.5732,0.5732,False
HBIO,2026-02-10,VAL 2022-26,0.6400000095367432,0.6400000095367432,,0.6400000095367432,False
HCAI,2026-02-03,VAL 2022-26,0.3070000012715657,0.30700000127156574,,0.3070000012715657,False
HCAI,2026-04-07,VAL 2022-26,13.40999984741211,0.446999994913737,0.4473,0.4473,False
HCAI,2026-04-22,VAL 2022-26,8.640000343322754,8.640000343322754,,8.640000343322754,False
HCAI,2026-04-30,VAL 2022-26,11.06999969482422,11.06999969482422,11.07,11.07,False
HCAT,2022-11-09,VAL 2022-26,8.539999961853027,8.539999961853027,,8.539999961853027,False
HCAT,2026-06-04,VAL 2022-26,1.7799999713897705,1.7799999713897705,,1.7799999713897705,False
HCI,2021-03-01,DEV 2015-21,70.5,70.5,,70.5,False
HCSG,2024-02-14,VAL 2022-26,11.899999618530272,11.899999618530272,,11.899999618530272,False
HCSG,2026-04-22,VAL 2022-26,24.0,24.0,,24.0,False
HCTI,2022-06-21,VAL 2022-26,1.4999999999999998,1.4999999999999998,,1.4999999999999998,False
HCTI,2023-07-12,VAL 2022-26,6.219999790829986,6.219999790829986,,6.219999790829986,False
HCTI,2023-07-17,VAL 2022-26,5.480000209170012,5.480000209170012,,5.480000209170012,False
HCTI,2024-02-08,VAL 2022-26,3.529999947707496,3.529999947707496,,3.529999947707496,False
HCTI,2024-05-03,VAL 2022-26,1.6499999999999997,1.6499999999999997,,1.6499999999999997,False
HCTI,2024-10-28,VAL 2022-26,1.0399999738537482,1.0399999738537482,1.04,1.04,False
HCTI,2025-02-18,VAL 2022-26,0.791000002614625,0.791000002614625,0.7909,0.7909,False
HCTI,2025-02-26,VAL 2022-26,0.5410000026146251,0.5410000026146251,0.5405,0.5405,False
HCTI,2025-03-12,VAL 2022-26,0.4400000065365628,0.44000000653656285,0.4398,0.4398,False
HCTI,2025-05-19,VAL 2022-26,0.0140000002451211,0.014000000245121106,0.0139,0.0139,False
HCTI,2025-05-20,VAL 2022-26,0.0109999997548788,0.010999999754878888,0.0111,0.0111,False
HCTI,2025-05-29,VAL 2022-26,0.0119999999182929,0.011999999918292962,0.0119,0.0119,False
HCTI,2025-06-11,VAL 2022-26,0.0099999995914648,0.009999999591464815,0.0101,0.0101,False
HCTI,2025-06-12,VAL 2022-26,0.0329999992646366,0.03299999926463667,0.0332,0.0332,False
HCTI,2025-07-23,VAL 2022-26,0.0270000003268281,0.02700000032682814,0.0271,0.0271,False
HCTI,2025-07-24,VAL 2022-26,0.0339999994280507,0.03399999942805074,0.0344,0.0344,False
HCTI,2025-07-25,VAL 2022-26,0.0740000039219377,0.07400000392193774,0.0739,0.0739,False
HCTI,2026-01-22,VAL 2022-26,0.6030000050862631,0.6030000050862631,0.6029,0.6029,False
HCTI,2026-01-29,VAL 2022-26,0.3960000038146972,0.3960000038146973,,0.3960000038146972,False
HCTI,2026-02-26,VAL 2022-26,8.180000305175781,8.180000305175781,,8.180000305175781,False
HCTI,2026-09-23,VAL 2022-26,1.1100000143051147,1.1100000143051147,,1.1100000143051147,False
HCWB,2021-10-28,DEV 2015-21,4.689999898274739,4.689999898274739,,4.689999898274739,False
HCWB,2024-11-18,VAL 2022-26,0.9109999974568684,0.9109999974568684,0.9105,0.9105,False
HCWB,2025-02-03,VAL 2022-26,0.9790000279744466,0.9790000279744466,0.9786,0.9786,False
HCWB,2025-05-13,VAL 2022-26,15.0,15.0,15.0,15.0,False
HCWB,2025-08-25,VAL 2022-26,5.469999949137369,5.469999949137369,5.47,5.47,False
HCWB,2026-03-16,VAL 2022-26,0.7479999860127766,0.7479999860127766,,0.7479999860127766,False
HCWB,2026-05-15,VAL 2022-26,1.1099999745686848,1.1099999745686848,1.11,1.11,False
HDSN,2016-07-19,DEV 2015-21,5.349999904632568,5.349999904632568,,5.349999904632568,False
HDSN,2017-08-10,DEV 2015-21,9.850000381469728,9.850000381469728,,9.850000381469728,False
HDSN,2018-12-03,DEV 2015-21,1.5499999523162842,1.5499999523162842,,1.5499999523162842,False
HELE,2026-04-23,VAL 2022-26,24.809999465942383,24.809999465942383,,24.809999465942383,False
HEPS,2024-10-18,VAL 2022-26,3.5299999713897705,3.5299999713897705,3.53,3.53,False
HERE,2023-06-01,VAL 2022-26,11.989999771118164,11.989999771118164,,11.989999771118164,False
HERE,2024-03-07,VAL 2022-26,3.7799999713897705,3.7799999713897705,,3.7799999713897705,False
HERE,2025-03-31,VAL 2022-26,4.252999782562256,4.252999782562256,,4.252999782562256,False
HHS,2026-08-14,VAL 2022-26,4.230000019073486,4.230000019073486,4.23,4.23,False
HIHO,2020-08-03,DEV 2015-21,4.210000038146973,4.210000038146973,,4.210000038146973,False
HIHO,2024-10-22,VAL 2022-26,2.569999933242798,2.569999933242798,2.57,2.57,False
HIHO,2025-12-23,VAL 2022-26,1.350000023841858,1.350000023841858,1.35,1.35,False
HIHO,2026-07-21,VAL 2022-26,1.3799999952316284,1.3799999952316284,,1.3799999952316284,False
HIMS,2022-11-08,VAL 2022-26,5.869999885559082,5.869999885559082,,5.869999885559082,False
HIMX,2026-03-12,VAL 2022-26,11.770000457763672,11.770000457763672,,11.770000457763672,False
HIND,2018-12-21,DEV 2015-21,8.25,23925000.0,,,True
HIND,2019-05-22,DEV 2015-21,2.793,8099700.0,,,True
HIND,2019-05-30,DEV 2015-21,4.2,12180000.0,,,True
HIND,2020-12-07,DEV 2015-21,4.710000000000001,1365900.0,,,True
HIND,2021-01-20,DEV 2015-21,9.63,2792700.0,,,True
HIND,2021-03-10,DEV 2015-21,14.37,4167300.0,,,True
HIND,2021-06-28,DEV 2015-21,7.590000000000001,2201100.0,,,True
HIND,2022-12-29,VAL 2022-26,7.7,44660.0,,,True
HIND,2023-01-03,VAL 2022-26,9.66,56028.0,,,True
HIND,2023-02-03,VAL 2022-26,13.14,76212.0,,,True
HIND,2023-10-12,VAL 2022-26,0.51,2958.0,,,True
HIND,2023-10-25,VAL 2022-26,0.29,1682.0,,,True
HIND,2023-12-13,VAL 2022-26,0.4,2320.0,,,True
HIND,2024-05-29,VAL 2022-26,0.4329999831627155,2511.39990234375,,,True
HIND,2024-07-09,VAL 2022-26,0.2680000042093211,1554.4000244140625,,,True
HIND,2025-02-19,VAL 2022-26,1.33,133.0,,,True
HIND,2025-04-01,VAL 2022-26,0.8300000000000001,83.0,,,True
HIND,2025-05-02,VAL 2022-26,13.725000381469728,54.900001525878906,,,True
HIND,2025-06-03,VAL 2022-26,5.71999979019165,22.8799991607666,,,True
HIND,2025-09-17,VAL 2022-26,9.350000381469728,9.350000381469728,9.35,9.35,False
HIPO,2024-03-06,VAL 2022-26,17.979999542236328,17.979999542236328,,17.979999542236328,False
HITI,2021-01-25,DEV 2015-21,0.4890000025431315,0.48900000254313153,,0.4890000025431315,False
HKD,2022-09-15,VAL 2022-26,250.0,250.0,,250.0,False
HKD,2023-01-05,VAL 2022-26,16.959999084472656,16.959999084472656,,16.959999084472656,False
HKD,2024-04-12,VAL 2022-26,3.809999942779541,3.809999942779541,,3.809999942779541,False
HKD,2024-10-03,VAL 2022-26,5.03000020980835,5.03000020980835,5.03,5.03,False
HKD,2025-10-31,VAL 2022-26,2.789999961853028,2.789999961853028,2.79,2.79,False
HKIT,2023-09-07,VAL 2022-26,4.62,4.62,,4.62,False
HKIT,2024-02-08,VAL 2022-26,5.680000000000001,5.680000000000001,,5.680000000000001,False
HKIT,2026-03-27,VAL 2022-26,0.092,0.092,0.0919,0.0919,False
HKIT,2026-03-31,VAL 2022-26,0.1,0.1,0.0996,0.0996,False
HKIT,2026-06-01,VAL 2022-26,3.1950000000000003,3.1950000000000003,3.195,3.195,False
HKPD,2025-05-19,VAL 2022-26,1.2999999523162842,1.2999999523162842,1.3,1.3,False
HLF,2025-02-20,VAL 2022-26,7.230000019073486,7.230000019073486,7.225,7.225,False
HLIO,2025-08-05,VAL 2022-26,44.290000915527344,44.290000915527344,44.29,44.29,False
HLIT,2024-07-30,VAL 2022-26,14.8100004196167,14.8100004196167,,14.8100004196167,False
HLIT,2026-08-13,VAL 2022-26,14.479999542236328,14.479999542236328,,14.479999542236328,False
HLLY,2025-11-07,VAL 2022-26,3.359999895095825,3.359999895095825,3.36,3.36,False
HLP,2023-05-01,VAL 2022-26,7.900000095367432,7.900000095367432,,7.900000095367432,False
HLP,2023-12-15,VAL 2022-26,1.2400000095367432,1.2400000095367432,,1.2400000095367432,False
HNRG,2024-11-13,VAL 2022-26,12.68000030517578,12.68000030517578,12.68,12.68,False
HNST,2024-03-07,VAL 2022-26,4.210000038146973,4.210000038146973,,4.210000038146973,False
HNST,2024-11-13,VAL 2022-26,5.789999961853027,5.789999961853027,5.7899,5.7899,False
HNST,2026-08-06,VAL 2022-26,4.885000228881836,4.885000228881836,,4.885000228881836,False
HODO,2025-10-15,VAL 2022-26,1.2200000286102295,9.760000228881836,,,True
HOLO,2022-09-19,VAL 2022-26,33.56000000000001,33.56000000000001,,33.56000000000001,False
HOLO,2023-01-24,VAL 2022-26,16.260000000000005,16.260000000000005,,16.260000000000005,False
HOLO,2023-04-24,VAL 2022-26,3.210000000000001,3.210000000000001,,3.210000000000001,False
HOLO,2024-02-07,VAL 2022-26,3.7600000000000007,3.7600000000000007,,3.7600000000000007,False
HOLO,2024-04-18,VAL 2022-26,3.2900000000000005,3.2900000000000005,,3.2900000000000005,False
HOLO,2024-08-20,VAL 2022-26,0.535999984741211,0.5359999847412111,,0.535999984741211,False
HOLO,2024-10-01,VAL 2022-26,8.980000305175782,0.44900001525878913,0.4492,0.4492,False
HOLO,2024-12-30,VAL 2022-26,4.50999984741211,4.50999984741211,4.51,4.51,False
HOLO,2025-05-27,VAL 2022-26,6.980000019073486,6.980000019073486,6.98,6.98,False
HOLO,2025-07-11,VAL 2022-26,9.649999618530272,9.649999618530272,9.65,9.65,False
HOLO,2025-09-23,VAL 2022-26,7.079999923706055,7.079999923706055,7.08,7.08,False
HOLO,2026-03-30,VAL 2022-26,2.319999933242798,2.319999933242798,,2.319999933242798,False
HOUR,2023-05-02,VAL 2022-26,4.199999809265137,4.199999809265137,,4.199999809265137,False
HOUR,2024-12-24,VAL 2022-26,2.0999999046325684,2.0999999046325684,2.1,2.1,False
HOUR,2025-09-05,VAL 2022-26,2.9549999237060547,2.9549999237060547,2.955,2.955,False
HOVR,2024-06-10,VAL 2022-26,1.2799999713897705,1.2799999713897705,,1.2799999713897705,False
HOVR,2024-11-11,VAL 2022-26,0.4909999966621399,0.4909999966621399,0.4911,0.4911,False
HOWL,2024-10-21,VAL 2022-26,2.700000047683716,2.700000047683716,2.7,2.7,False
HOWL,2026-08-21,VAL 2022-26,0.9800000190734864,0.9800000190734864,0.98,0.98,False
HPAI,2026-04-01,VAL 2022-26,1.850000023841858,1.850000023841858,,1.850000023841858,False
HPAI,2026-05-11,VAL 2022-26,1.2799999713897705,1.2799999713897705,,1.2799999713897705,False
HPK,2022-04-13,VAL 2022-26,26.51000022888184,26.51000022888184,,26.51000022888184,False
HQI,2019-04-09,DEV 2015-21,5.409999847412109,5.409999847412109,,5.409999847412109,False
HROW,2015-10-23,DEV 2015-21,8.300000190734863,8.300000190734863,,8.300000190734863,False
HROW,2017-08-16,DEV 2015-21,2.490000009536743,2.490000009536743,,2.490000009536743,False
HROW,2018-01-30,DEV 2015-21,2.200000047683716,2.200000047683716,,2.200000047683716,False
HROW,2024-05-14,VAL 2022-26,14.550000190734863,14.550000190734863,,14.550000190734863,False
HROW,2024-08-08,VAL 2022-26,31.479999542236328,31.479999542236328,,31.479999542236328,False
HROW,2025-03-18,VAL 2022-26,28.93000030517578,28.93000030517578,28.93,28.93,False
HRTG,2024-03-12,VAL 2022-26,8.850000381469727,8.850000381469727,,8.850000381469727,False
HRTX,2015-05-29,DEV 2015-21,17.25,17.25,,17.25,False
HRTX,2023-11-15,VAL 2022-26,0.7300000190734863,0.7300000190734863,,0.7300000190734863,False
HRTX,2024-12-04,VAL 2022-26,1.9800000190734863,1.9800000190734863,1.98,1.98,False
HSAI,2024-08-13,VAL 2022-26,4.329999923706055,4.329999923706055,,4.329999923706055,False
HSCS,2023-01-30,VAL 2022-26,1.15,1.1500000000000001,,1.15,False
HSCS,2023-02-03,VAL 2022-26,2.63,2.63,,2.63,False
HSCS,2023-11-08,VAL 2022-26,0.5,0.5,,0.5,False
HSCS,2023-11-15,VAL 2022-26,0.2229999923706054,0.22299999237060547,,0.2229999923706054,False
HSCS,2023-11-22,VAL 2022-26,0.2420000076293945,0.24200000762939453,,0.2420000076293945,False
HSCS,2024-09-24,VAL 2022-26,4.099999904632568,4.099999904632568,,4.099999904632568,False
HSCS,2026-06-23,VAL 2022-26,2.720000028610229,2.720000028610229,2.72,2.72,False
HSDT,2019-12-19,DEV 2015-21,0.6900000000000001,0.6900000000000001,,0.6900000000000001,False
HSDT,2019-12-26,DEV 2015-21,1.3100000000000005,1.3100000000000003,,1.3100000000000005,False
HSDT,2020-05-12,DEV 2015-21,0.7740000000000001,0.7740000000000001,,0.7740000000000001,False
HSDT,2022-06-01,VAL 2022-26,2.29,2.29,,2.29,False
HSDT,2022-08-03,VAL 2022-26,2.0,2.0,,2.0,False
HSDT,2022-08-23,VAL 2022-26,0.667,0.667,,0.667,False
HSDT,2023-09-05,VAL 2022-26,10.7,10.7,,10.7,False
HSDT,2024-02-06,VAL 2022-26,8.84,8.84,,8.84,False
HSDT,2024-03-04,VAL 2022-26,6.66,6.66,,6.66,False
HSDT,2024-04-03,VAL 2022-26,7.04,7.04,,7.04,False
HSDT,2024-05-03,VAL 2022-26,3.59,3.59,,3.59,False
HSDT,2024-10-16,VAL 2022-26,0.4579999999999999,0.45799999999999996,0.4581,0.4581,False
HSDT,2024-12-20,VAL 2022-26,1.03,1.03,1.03,1.03,False
HSDT,2025-01-15,VAL 2022-26,0.87,0.87,0.87,0.87,False
HSDT,2025-01-21,VAL 2022-26,1.24,1.24,1.24,1.24,False
HSDT,2025-06-06,VAL 2022-26,1.39,1.3900000000000001,1.39,1.39,False
HSDT,2025-06-11,VAL 2022-26,1.46,1.46,1.46,1.46,False
HSDT,2025-07-21,VAL 2022-26,13.8100004196167,13.8100004196167,13.81,13.81,False
HSDT,2025-09-15,VAL 2022-26,24.299999237060547,24.299999237060547,24.3,24.3,False
HTCO,2022-12-01,VAL 2022-26,6.65,6.65,,6.65,False
HTCR,2022-10-28,VAL 2022-26,1.8200000762939452,1.8200000762939454,,1.8200000762939452,False
HTCR,2023-04-12,VAL 2022-26,1.8,1.8,,1.8,False
HTCR,2023-05-23,VAL 2022-26,1.9799999237060548,1.9799999237060544,,1.9799999237060548,False
HTOO,2024-02-16,VAL 2022-26,4.11999991280692,4.11999991280692,,4.11999991280692,False
HTOO,2024-12-04,VAL 2022-26,0.4199999945504324,0.41999999455043246,0.42,0.42,False
HTOO,2025-07-22,VAL 2022-26,9.8100004196167,9.8100004196167,9.81,9.81,False
HTOO,2025-07-25,VAL 2022-26,6.75,6.75,6.75,6.75,False
HTT,2022-06-14,VAL 2022-26,0.9509999752044678,0.9509999752044678,,0.9509999752044678,False
HTT,2022-07-18,VAL 2022-26,1.919999957084656,1.919999957084656,,1.919999957084656,False
HTT,2026-05-26,VAL 2022-26,3.049999952316284,3.049999952316284,,3.049999952316284,False
HUBC,2023-02-28,VAL 2022-26,0.2712,0.1932121008,,,True
HUBC,2023-03-03,VAL 2022-26,0.0656,0.06560000000000002,,0.0656,False
HUBC,2023-10-09,VAL 2022-26,0.012,0.012000000000000004,,0.012,False
HUBC,2023-12-01,VAL 2022-26,0.16,0.016000000000000004,,,True
HUBC,2024-01-29,VAL 2022-26,0.0816,0.08160000000000002,,0.0816,False
HUBC,2024-04-05,VAL 2022-26,0.0588,0.05880000000000001,,0.0588,False
HUBC,2024-04-12,VAL 2022-26,0.0564,0.05640000000000001,,0.0564,False
HUBC,2024-04-15,VAL 2022-26,0.068,0.06800000000000002,,0.068,False
HUBC,2025-07-14,VAL 2022-26,0.1256,0.12560000000000002,3.14,3.14,False
HUBC,2026-04-14,VAL 2022-26,0.262,0.005240000000000001,,,True
HUBC,2026-05-19,VAL 2022-26,0.0061599998474121,0.0061599998474121094,,0.0061599998474121,False
HUBC,2026-05-29,VAL 2022-26,0.0155200004577636,0.015520000457763672,0.388,0.388,False
HUCK,2026-03-11,VAL 2022-26,6.199999809265137,6.199999809265137,,6.199999809265137,False
HUCK,2026-07-23,VAL 2022-26,4.284999847412109,4.284999847412109,,4.284999847412109,False
HUDI,2021-07-15,DEV 2015-21,6.019999980926514,6.019999980926514,,6.019999980926514,False
HUDI,2023-04-28,VAL 2022-26,3.4649999141693115,3.4649999141693115,,3.4649999141693115,False
HUDI,2026-08-10,VAL 2022-26,1.0499999523162842,1.0499999523162842,,1.0499999523162842,False
HUIZ,2021-02-19,DEV 2015-21,13.5,13.5,,13.5,False
HUIZ,2022-03-18,VAL 2022-26,1.2300000190734863,1.2300000190734863,,1.2300000190734863,False
HUIZ,2023-05-02,VAL 2022-26,2.0,2.0,,2.0,False
HUIZ,2025-09-12,VAL 2022-26,3.5,3.5,3.5,3.5,False
HUIZ,2026-08-20,VAL 2022-26,3.069999933242798,3.069999933242798,3.07,3.07,False
HUMA,2024-12-20,VAL 2022-26,5.78000020980835,5.78000020980835,5.78,5.78,False
HURA,2017-09-20,DEV 2015-21,1.8,63000.0,,,True
HURA,2017-12-26,DEV 2015-21,1.18,41300.0,,,True
HURA,2022-06-15,VAL 2022-26,0.24,840.0,,,True
HURA,2022-08-03,VAL 2022-26,0.364,1274.0,,,True
HURA,2022-10-19,VAL 2022-26,0.151,528.5,,,True
HURA,2022-11-28,VAL 2022-26,4.65,325.5,,,True
HURA,2023-12-29,VAL 2022-26,0.2889999934605189,20.229999542236328,,,True
HURA,2024-02-20,VAL 2022-26,0.1259999956403459,8.819999694824219,,,True
HURA,2024-03-13,VAL 2022-26,0.1099999972752162,7.699999809265136,,,True
HURA,2024-04-03,VAL 2022-26,0.2159999983651297,15.119999885559082,,,True
HURA,2024-05-30,VAL 2022-26,0.3410000119890485,23.8700008392334,,,True
HURA,2024-09-26,VAL 2022-26,0.2099999972752162,14.699999809265137,,,True
HUT,2020-04-17,DEV 2015-21,0.5900000095367431,0.5900000095367431,,0.5900000095367431,False
HVT,2016-08-02,DEV 2015-21,22.299999237060547,22.299999237060547,,22.299999237060547,False
HXHX,2025-12-22,VAL 2022-26,0.5199999809265137,0.5199999809265137,0.5199,0.5199,False
HYFM,2022-08-15,VAL 2022-26,4.75,4.75,,4.75,False
HYFM,2026-08-03,VAL 2022-26,3.109999895095825,3.109999895095825,3.11,3.11,False
HYFT,2021-07-22,DEV 2015-21,6.829999923706055,6.829999923706055,,6.829999923706055,False
HYFT,2024-03-07,VAL 2022-26,2.009999990463257,2.009999990463257,,2.009999990463257,False
HYFT,2025-01-22,VAL 2022-26,0.7200000286102295,0.7200000286102295,,0.7200000286102295,False
HYLN,2020-06-19,DEV 2015-21,15.93000030517578,15.93000030517578,,15.93000030517578,False
HYLN,2025-05-21,VAL 2022-26,1.7999999523162842,1.7999999523162842,1.8,1.8,False
HYLN,2026-08-12,VAL 2022-26,5.090000152587891,5.090000152587891,,5.090000152587891,False
HYMC,2022-03-08,VAL 2022-26,1.1300000190734865,1.1300000190734865,,1.1300000190734865,False
HYMC,2022-03-10,VAL 2022-26,0.8090000152587891,0.8090000152587891,,0.8090000152587891,False
HYPD,2019-01-30,DEV 2015-21,4.0,320.0,,,True
HYPD,2020-08-11,DEV 2015-21,6.86999969482422,549.5999755859375,,,True
HYPD,2024-12-31,VAL 2022-26,0.225,18.0,,,True
HYPD,2025-05-20,VAL 2022-26,1.7799999713897705,1.7799999713897705,,1.7799999713897705,False
HYPD,2025-06-06,VAL 2022-26,4.289999961853027,4.289999961853027,,4.289999961853027,False
HYPR,2025-03-17,VAL 2022-26,1.3300000429153442,1.3300000429153442,1.33,1.33,False
HZO,2017-10-31,DEV 2015-21,18.5,18.5,,18.5,False
HZO,2020-01-23,DEV 2015-21,22.11000061035156,22.11000061035156,,22.11000061035156,False
HZO,2026-08-10,VAL 2022-26,51.88999938964844,51.88999938964844,,51.88999938964844,False
IA,2024-05-24,VAL 2022-26,6.170000076293945,6.170000076293945,,6.170000076293945,False
IA,2025-05-15,VAL 2022-26,9.079999923706056,9.079999923706056,,9.079999923706056,False
IA,2025-12-18,VAL 2022-26,13.770000457763672,13.770000457763672,,13.770000457763672,False
IAG,2022-12-20,VAL 2022-26,2.2100000381469727,2.2100000381469727,,2.2100000381469727,False
IBEX,2025-09-12,VAL 2022-26,38.93999862670898,38.93999862670898,38.94,38.94,False
IBG,2025-04-02,VAL 2022-26,1.5100000000000002,1.5100000000000002,1.51,1.51,False
IBG,2025-09-23,VAL 2022-26,5.25,1.0500000000000003,1.05,1.05,False
IBG,2025-09-30,VAL 2022-26,4.00999984741211,4.00999984741211,4.01,4.01,False
IBG,2026-03-06,VAL 2022-26,5.269999980926514,5.269999980926514,,5.269999980926514,False
IBIO,2015-02-17,DEV 2015-21,1.2,1.2,,1.2,False
IBIO,2015-08-11,DEV 2015-21,0.8,0.8,,0.8,False
IBIO,2017-07-12,DEV 2015-21,0.51,0.51,,0.51,False
IBIO,2017-07-25,DEV 2015-21,0.34,0.34,,0.34,False
IBIO,2019-08-20,DEV 2015-21,1.14,1.1400000000000001,,1.14,False
IBIO,2019-12-03,DEV 2015-21,0.19,0.19,,0.19,False
IBIO,2019-12-04,DEV 2015-21,0.23,0.23,,0.23,False
IBIO,2020-02-04,DEV 2015-21,0.48,0.48,,0.48,False
IBIO,2020-02-27,DEV 2015-21,0.56,0.56,,0.56,False
IBIO,2020-02-28,DEV 2015-21,1.86,1.86,,1.86,False
IBIO,2020-04-28,DEV 2015-21,1.43,1.43,,1.43,False
IBIO,2020-06-24,DEV 2015-21,1.83,1.83,,1.83,False
IBIO,2020-06-26,DEV 2015-21,2.52,2.52,,2.52,False
IBIO,2021-01-22,DEV 2015-21,1.77,1.77,,1.77,False
IBIO,2021-05-05,DEV 2015-21,1.56,1.56,,1.56,False
IBIO,2021-05-07,DEV 2015-21,1.94,1.94,,1.94,False
IBIO,2023-02-17,VAL 2022-26,1.6299999237060547,1.6299999237060547,,1.6299999237060547,False
IBIO,2024-03-27,VAL 2022-26,2.700000047683716,2.700000047683716,,2.700000047683716,False
IBIO,2025-06-24,VAL 2022-26,0.9800000190734864,0.9800000190734864,0.9792,0.9792,False
IBIO,2025-10-21,VAL 2022-26,1.090000033378601,1.090000033378601,1.085,1.085,False
IBIO,2025-10-23,VAL 2022-26,1.7000000476837158,1.7000000476837158,1.7,1.7,False
IBIO,2025-12-08,VAL 2022-26,1.9299999475479128,1.9299999475479128,1.93,1.93,False
IBO,2025-03-21,VAL 2022-26,3.16,3.169572107765452,3.16,3.16,False
IBO,2025-05-02,VAL 2022-26,0.549999988079071,0.5516660194578338,0.55,0.55,False
IBO,2025-06-23,VAL 2022-26,1.079999997138977,1.0832714769995158,1.08,1.08,False
IBO,2026-03-05,VAL 2022-26,0.7999999895095825,0.8024233078994389,0.8,0.8,False
IBTA,2026-08-04,VAL 2022-26,30.61000061035156,30.61000061035156,,30.61000061035156,False
ICCM,2021-12-27,DEV 2015-21,3.6,3.6,,3.6,False
ICCM,2022-11-08,VAL 2022-26,1.459999974568685,1.459999974568685,,1.459999974568685,False
ICCM,2022-12-20,VAL 2022-26,2.95,2.95,,2.95,False
ICCM,2023-10-02,VAL 2022-26,0.9,0.9,,0.9,False
ICCM,2023-11-28,VAL 2022-26,1.1800000508626305,1.1800000508626303,,1.1800000508626305,False
ICCM,2026-06-17,VAL 2022-26,4.230000019073486,4.230000019073486,4.23,4.23,False
ICON,2024-11-22,VAL 2022-26,2.7500000000000004,2.7500000000000004,2.75,2.75,False
ICON,2025-06-13,VAL 2022-26,2.879999923706055,2.8799999237060545,2.88,2.88,False
ICON,2025-11-25,VAL 2022-26,1.1,1.1,1.1,1.1,False
ICON,2026-01-20,VAL 2022-26,2.700000047683716,2.700000047683716,,2.700000047683716,False
ICU,2022-11-21,VAL 2022-26,6.28,6.28,,6.28,False
ICU,2022-12-29,VAL 2022-26,4.88,4.88,,4.88,False
ICU,2023-05-18,VAL 2022-26,0.88,0.88,,0.88,False
ICU,2023-09-29,VAL 2022-26,0.333,0.333,,0.333,False
ICU,2023-10-02,VAL 2022-26,0.327,0.327,,0.327,False
ICU,2023-10-03,VAL 2022-26,0.596,0.596,,0.596,False
ICU,2023-10-18,VAL 2022-26,0.549,0.549,,0.549,False
ICU,2023-10-19,VAL 2022-26,1.12,1.12,,1.12,False
IDAI,2022-04-28,VAL 2022-26,6.290000152587891,0.4193333435058594,,,True
IDAI,2024-08-07,VAL 2022-26,0.5490000247955322,0.03660000165303548,,,True
IDAI,2024-11-26,VAL 2022-26,0.3610000014305115,0.0240666667620341,0.3609,0.3609,False
IDAI,2024-11-27,VAL 2022-26,0.6970000267028809,0.046466668446858726,0.6974,0.6974,False
IDN,2025-11-13,VAL 2022-26,5.650000095367432,5.650000095367432,5.65,5.65,False
IDT,2020-10-02,DEV 2015-21,8.449999809265137,8.449999809265137,,8.449999809265137,False
IDYA,2020-06-16,DEV 2015-21,14.5600004196167,14.5600004196167,,14.5600004196167,False
IFBD,2022-09-09,VAL 2022-26,2.26,2.2600000000000002,,2.26,False
IFBD,2023-05-25,VAL 2022-26,1.6200000762939455,1.6200000762939455,,1.6200000762939455,False
IFBD,2023-06-12,VAL 2022-26,2.1700000762939453,2.1700000762939453,,2.1700000762939453,False
IFBD,2023-07-28,VAL 2022-26,1.0300000190734864,1.0300000190734864,,1.0300000190734864,False
IFBD,2023-08-31,VAL 2022-26,0.4840000152587891,0.4840000152587891,,0.4840000152587891,False
IFBD,2023-09-26,VAL 2022-26,0.1799999952316284,0.17999999523162843,,0.1799999952316284,False
IFBD,2023-10-19,VAL 2022-26,0.1700000047683716,0.1700000047683716,,0.1700000047683716,False
IFBD,2024-02-15,VAL 2022-26,1.2000000476837158,1.200000047683716,,1.2000000476837158,False
IFBD,2024-02-27,VAL 2022-26,5.889999866485596,5.889999866485596,,5.889999866485596,False
IFBD,2024-03-06,VAL 2022-26,6.559999942779541,6.559999942779541,,6.559999942779541,False
IFBD,2024-11-27,VAL 2022-26,2.3299999237060547,2.3299999237060547,2.33,2.33,False
IFBD,2025-10-21,VAL 2022-26,1.3300000429153442,1.3300000429153442,1.33,1.33,False
IFRX,2020-04-01,DEV 2015-21,6.539999961853027,6.539999961853027,,6.539999961853027,False
IFRX,2021-10-28,DEV 2015-21,4.239999771118164,4.239999771118164,,4.239999771118164,False
IFRX,2022-06-27,VAL 2022-26,0.9900000095367432,0.9900000095367432,,0.9900000095367432,False
IFRX,2023-04-05,VAL 2022-26,5.010000228881836,5.010000228881836,,5.010000228881836,False
IFRX,2025-11-10,VAL 2022-26,1.7699999809265137,1.7699999809265137,1.77,1.77,False
IFRX,2026-05-06,VAL 2022-26,2.549999952316284,2.549999952316284,,2.549999952316284,False
IFS,2020-11-09,DEV 2015-21,25.25,25.25,,25.25,False
IGC,2017-12-26,DEV 2015-21,1.4600000381469729,1.4600000381469729,,1.4600000381469729,False
IGC,2018-08-27,DEV 2015-21,1.1100000143051147,1.1100000143051147,,1.1100000143051147,False
IGC,2018-08-29,DEV 2015-21,1.6699999570846558,1.6699999570846558,,1.6699999570846558,False
IGC,2018-09-21,DEV 2015-21,2.700000047683716,2.700000047683716,,2.700000047683716,False
IGC,2019-02-22,DEV 2015-21,0.699999988079071,0.699999988079071,,0.699999988079071,False
IGC,2019-06-14,DEV 2015-21,1.2999999523162842,1.2999999523162842,,1.2999999523162842,False
IGC,2020-08-12,DEV 2015-21,1.0,1.0,,1.0,False
IGC,2020-11-30,DEV 2015-21,2.470000028610229,2.470000028610229,,2.470000028610229,False
IGC,2021-07-22,DEV 2015-21,3.930000066757202,3.930000066757202,,3.930000066757202,False
IGIC,2021-04-05,DEV 2015-21,10.899999618530272,10.899999618530272,,10.899999618530272,False
IHRT,2024-11-07,VAL 2022-26,2.25,2.25,2.25,2.25,False
IHRT,2025-11-04,VAL 2022-26,3.5799999237060547,3.5799999237060547,3.58,3.58,False
IHT,2018-08-02,DEV 2015-21,2.4800000190734863,2.4800000190734863,,2.4800000190734863,False
IHT,2020-11-18,DEV 2015-21,2.509999990463257,2.509999990463257,,2.509999990463257,False
IHT,2025-09-15,VAL 2022-26,3.0,3.0,3.0,3.0,False
IKT,2024-10-09,VAL 2022-26,1.5199999809265137,1.5199999809265137,1.52,1.52,False
ILAG,2023-02-28,VAL 2022-26,1.5100000381469727,1.510000038146973,,1.5100000381469727,False
ILAG,2023-04-28,VAL 2022-26,1.2699999809265137,1.2699999809265137,,1.2699999809265137,False
ILAG,2023-05-01,VAL 2022-26,1.8399999618530276,1.8399999618530278,,1.8399999618530276,False
ILAG,2024-02-09,VAL 2022-26,0.715999984741211,0.715999984741211,,0.715999984741211,False
ILAG,2024-04-25,VAL 2022-26,0.7300000190734863,0.7300000190734863,,0.7300000190734863,False
ILLR,2023-04-28,VAL 2022-26,2.759999919128418,1.4256197929382326,,,True
ILLR,2023-05-02,VAL 2022-26,2.6100000579833984,1.3481405258178714,,,True
ILLR,2023-08-14,VAL 2022-26,1.1699999877929688,0.6043388366699219,,,True
ILLR,2023-09-08,VAL 2022-26,0.9090000373840332,0.46952481269836427,,,True
ILLR,2024-04-18,VAL 2022-26,1.2700000183105469,0.6559917449951173,,,True
ILLR,2024-04-19,VAL 2022-26,1.479999990081787,0.7644628047943116,,,True
ILLR,2024-04-22,VAL 2022-26,1.5599999221801757,0.805785083770752,,,True
ILLR,2026-06-25,VAL 2022-26,2.6600000858306885,2.6600000858306885,2.66,2.66,False
IMA,2024-12-23,VAL 2022-26,1.899999936421712,22.799999237060547,,,True
IMAX,2020-11-09,DEV 2015-21,14.989999771118164,14.989999771118164,,14.989999771118164,False
IMCC,2024-05-01,VAL 2022-26,1.0799999660915798,1.07999996609158,,1.0799999660915798,False
IMCC,2024-11-27,VAL 2022-26,3.0600001017252603,3.06000010172526,3.06,3.06,False
IMCC,2025-10-23,VAL 2022-26,2.55,2.55,2.55,2.55,False
IMCC,2026-09-18,VAL 2022-26,3.240000009536743,3.240000009536743,3.24,3.24,False
IMDX,2018-07-10,DEV 2015-21,4.5,90.0,,,True
IMDX,2019-01-29,DEV 2015-21,4.090000152587891,81.80000305175781,,,True
IMDX,2020-10-14,DEV 2015-21,1.9600000381469729,39.20000076293945,,,True
IMDX,2020-12-15,DEV 2015-21,3.45,69.0,,,True
IMMP,2015-05-19,DEV 2015-21,0.6699999332427978,0.033500000012139895,,,True
IMMP,2015-05-20,DEV 2015-21,2.1299999713897706,0.10650000921948945,,,True
IMMP,2015-07-07,DEV 2015-21,1.6599998474121094,0.08300000067060553,,,True
IMMP,2015-08-14,DEV 2015-21,1.5099998474121092,0.07549999992060547,,,True
IMMP,2015-12-03,DEV 2015-21,1.3299998760223388,0.06650000045111698,,,True
IMMP,2019-03-22,DEV 2015-21,3.220000028610229,0.16100000143051146,,,True
IMMP,2020-07-15,DEV 2015-21,1.659999966621399,0.08299999833106995,,,True
IMMP,2020-09-18,DEV 2015-21,1.9299999475479128,0.09649999737739565,,,True
IMMP,2020-12-10,DEV 2015-21,7.010000228881836,0.3505000114440918,,,True
IMMP,2021-03-25,DEV 2015-21,3.190000057220459,0.15950000286102295,,,True
IMMP,2026-04-15,VAL 2022-26,1.0099999904632568,0.05049999952316284,1.01,1.01,False
IMMR,2018-01-29,DEV 2015-21,10.9399995803833,10.9399995803833,,10.9399995803833,False
IMMX,2022-01-03,VAL 2022-26,7.050000190734863,7.050000190734863,,7.050000190734863,False
IMMX,2022-05-19,VAL 2022-26,1.590000033378601,1.590000033378601,,1.590000033378601,False
IMMX,2022-05-20,VAL 2022-26,2.490000009536743,2.490000009536743,,2.490000009536743,False
IMMX,2022-06-02,VAL 2022-26,2.430000066757202,2.430000066757202,,2.430000066757202,False
IMMX,2022-12-14,VAL 2022-26,2.0199999809265137,2.0199999809265137,,2.0199999809265137,False
IMNM,2021-02-18,DEV 2015-21,59.209999084472656,59.209999084472656,,59.209999084472656,False
IMNM,2021-07-20,DEV 2015-21,24.25,24.25,,24.25,False
IMNM,2023-01-06,VAL 2022-26,5.730000019073486,5.730000019073486,,5.730000019073486,False
IMNM,2023-06-29,VAL 2022-26,8.880000114440918,8.880000114440918,,8.880000114440918,False
IMNN,2015-04-15,DEV 2015-21,3.400000170510912,3.400000170510912,,3.400000170510912,False
IMNN,2017-01-17,DEV 2015-21,0.6099999786861358,0.6099999786861358,,0.6099999786861358,False
IMNN,2017-06-05,DEV 2015-21,3.899999891493055,3.899999891493055,,3.899999891493055,False
IMNN,2017-06-16,DEV 2015-21,3.310000040690104,3.310000040690104,,3.310000040690104,False
IMNN,2017-07-05,DEV 2015-21,2.6300001491970484,2.6300001491970484,,2.6300001491970484,False
IMNN,2017-10-03,DEV 2015-21,2.0199999254014758,2.0199999254014753,,2.0199999254014758,False
IMNN,2017-11-21,DEV 2015-21,3.75000013563368,3.7500001356336803,,3.75000013563368,False
IMNN,2021-01-21,DEV 2015-21,2.4099999457465278,2.4099999457465273,,2.4099999457465278,False
IMNN,2024-07-30,VAL 2022-26,3.3600000762939453,3.3600000762939457,,3.3600000762939453,False
IMNN,2025-05-23,VAL 2022-26,1.2699998982747396,1.2699998982747396,1.27,1.27,False
IMPP,2022-01-28,VAL 2022-26,2.23000005086263,2.23000005086263,,2.23000005086263,False
IMPP,2022-02-22,VAL 2022-26,0.6859999974568685,0.6859999974568685,,0.6859999974568685,False
IMPP,2022-02-23,VAL 2022-26,1.0299999872843424,1.0299999872843424,,1.0299999872843424,False
IMPP,2023-05-08,VAL 2022-26,3.009999990463257,3.009999990463257,,3.009999990463257,False
IMRN,2018-03-08,DEV 2015-21,13.699999809265137,13.699999809265137,,13.699999809265137,False
IMRN,2019-07-16,DEV 2015-21,6.539999961853027,6.539999961853027,,6.539999961853027,False
IMRN,2019-10-02,DEV 2015-21,3.549999952316284,3.549999952316284,,3.549999952316284,False
IMRN,2020-06-09,DEV 2015-21,10.0,10.0,,10.0,False
IMRN,2020-07-20,DEV 2015-21,10.5,10.5,,10.5,False
IMRN,2022-01-12,VAL 2022-26,4.050000190734863,4.050000190734863,,4.050000190734863,False
IMRN,2022-12-23,VAL 2022-26,2.289999961853028,2.289999961853028,,2.289999961853028,False
IMRN,2023-05-08,VAL 2022-26,2.950000047683716,2.950000047683716,,2.950000047683716,False
IMRN,2024-03-07,VAL 2022-26,3.369999885559082,3.369999885559082,,3.369999885559082,False
IMRN,2026-09-04,VAL 2022-26,1.809999942779541,1.809999942779541,1.81,1.81,False
IMRX,2024-03-04,VAL 2022-26,7.679999828338623,7.679999828338623,,7.679999828338623,False
IMRX,2024-08-01,VAL 2022-26,1.5499999523162842,1.5499999523162842,,1.5499999523162842,False
IMRX,2024-09-13,VAL 2022-26,2.0899999141693115,2.0899999141693115,,2.0899999141693115,False
IMRX,2024-10-15,VAL 2022-26,2.450000047683716,2.450000047683716,2.45,2.45,False
IMRX,2025-01-07,VAL 2022-26,3.740000009536743,3.740000009536743,3.74,3.74,False
IMSR,2026-01-06,VAL 2022-26,8.635000228881836,8.635000228881836,,8.635000228881836,False
IMTE,2018-05-03,DEV 2015-21,32.25,32.25,,32.25,False
IMTE,2020-06-17,DEV 2015-21,8.0,8.0,,8.0,False
IMTE,2020-12-29,DEV 2015-21,5.629999923706055,5.629999923706055,,5.629999923706055,False
IMTE,2021-02-01,DEV 2015-21,6.840000152587891,6.840000152587891,,6.840000152587891,False
IMTE,2025-03-24,VAL 2022-26,1.2599999904632568,1.2599999904632568,1.26,1.26,False
IMTE,2025-11-10,VAL 2022-26,1.0099999904632568,1.0099999904632568,1.01,1.01,False
IMTE,2026-01-21,VAL 2022-26,1.059999942779541,1.059999942779541,,1.059999942779541,False
IMTX,2021-03-17,DEV 2015-21,15.5,15.5,,15.5,False
IMTX,2023-05-02,VAL 2022-26,9.914999961853027,9.914999961853027,,9.914999961853027,False
IMUX,2015-08-31,DEV 2015-21,5.030000000000001,201.20000000000002,,,True
IMUX,2019-04-05,DEV 2015-21,10.440000152587892,10.440000152587892,,10.440000152587892,False
IMUX,2019-04-12,DEV 2015-21,41.6,41.6,,41.6,False
IMUX,2020-04-22,DEV 2015-21,10.65,10.65,,10.65,False
IMUX,2020-08-03,DEV 2015-21,21.91999969482422,21.91999969482422,,21.91999969482422,False
IMUX,2022-10-10,VAL 2022-26,5.279999923706055,5.279999923706055,,5.279999923706055,False
IMUX,2023-10-10,VAL 2022-26,1.9149999618530276,1.9149999618530278,,1.9149999618530276,False
IMUX,2026-02-13,VAL 2022-26,1.1300000190734865,1.1300000190734865,,1.1300000190734865,False
IMVT,2020-08-19,DEV 2015-21,33.31999969482422,33.31999969482422,,33.31999969482422,False
IMXI,2025-08-11,VAL 2022-26,15.21500015258789,15.21500015258789,15.215,15.215,False
IMXI,2026-08-14,VAL 2022-26,14.239999771118164,14.239999771118164,,14.239999771118164,False
INAB,2023-04-24,VAL 2022-26,2.5300000508626304,2.5300000508626304,,2.5300000508626304,False
INAB,2023-12-12,VAL 2022-26,1.575,1.575,,1.575,False
INAB,2025-02-11,VAL 2022-26,0.3990000089009602,0.39900000890096027,0.3986,0.3986,False
INBS,2021-06-11,DEV 2015-21,4.63,4.63,,4.63,False
INBS,2021-07-08,DEV 2015-21,3.84,3.8400000000000003,,3.84,False
INBS,2021-09-01,DEV 2015-21,4.7700000000000005,4.7700000000000005,,4.7700000000000005,False
INBS,2022-03-01,VAL 2022-26,0.6660000101725261,0.6660000101725261,,0.6660000101725261,False
INBS,2023-01-23,VAL 2022-26,1.0,1.0,,1.0,False
INBS,2023-01-24,VAL 2022-26,1.29,1.29,,1.29,False
INBS,2023-11-09,VAL 2022-26,0.3649999936421712,0.3649999936421712,,0.3649999936421712,False
INBS,2023-11-10,VAL 2022-26,0.6430000305175781,0.6430000305175781,,0.6430000305175781,False
INBS,2023-12-19,VAL 2022-26,0.4189999898274739,0.418999989827474,,0.4189999898274739,False
INBS,2024-02-02,VAL 2022-26,4.14000015258789,4.1400001525878904,,4.14000015258789,False
INBS,2024-09-09,VAL 2022-26,2.5500000000000003,2.5500000000000003,,2.5500000000000003,False
INBS,2025-12-31,VAL 2022-26,5.75,5.75,5.75,5.75,False
INBX,2025-10-24,VAL 2022-26,49.130001068115234,49.130001068115234,49.13,49.13,False
INCR,2026-08-24,VAL 2022-26,5.440000057220459,5.440000057220459,,5.440000057220459,False
INDI,2024-11-08,VAL 2022-26,4.639999866485596,4.639999866485596,4.64,4.64,False
INDO,2020-12-30,DEV 2015-21,9.93000030517578,9.93000030517578,,9.93000030517578,False
INDO,2022-07-12,VAL 2022-26,7.760000228881836,7.760000228881836,,7.760000228881836,False
INDO,2023-04-03,VAL 2022-26,6.199999809265137,6.199999809265137,,6.199999809265137,False
INDO,2025-06-13,VAL 2022-26,4.730000019073486,4.730000019073486,4.73,4.73,False
INDO,2026-03-02,VAL 2022-26,8.5,8.5,,8.5,False
INDP,2020-07-22,DEV 2015-21,0.614999989100865,0.614999989100865,,0.614999989100865,False
INDP,2020-12-09,DEV 2015-21,6.759999956403459,6.759999956403459,,6.759999956403459,False
INDP,2021-03-15,DEV 2015-21,7.009999956403459,7.009999956403459,,7.009999956403459,False
INDP,2021-06-22,DEV 2015-21,4.960000174386161,4.960000174386161,,4.960000174386161,False
INDP,2021-09-15,DEV 2015-21,11.849999564034595,11.849999564034597,,11.849999564034595,False
INDP,2025-06-23,VAL 2022-26,15.567999839782717,0.5559999942779541,0.5556,0.5556,False
INDP,2025-12-24,VAL 2022-26,2.9749999046325684,2.9749999046325684,2.975,2.975,False
INDV,2020-07-27,DEV 2015-21,9.149999618530272,9.149999618530272,,9.149999618530272,False
INEO,2025-03-20,VAL 2022-26,1.1200000047683716,1.1200000047683716,,1.1200000047683716,False
INEO,2025-04-28,VAL 2022-26,1.9299999475479128,1.9299999475479128,,1.9299999475479128,False
INEO,2025-05-23,VAL 2022-26,1.2000000476837158,1.2000000476837158,1.2,1.2,False
INEO,2025-06-11,VAL 2022-26,1.6399999856948853,1.6399999856948853,1.64,1.64,False
INEO,2025-06-17,VAL 2022-26,1.3799999952316284,1.3799999952316284,1.38,1.38,False
INGN,2017-11-08,DEV 2015-21,123.7300033569336,123.7300033569336,,123.7300033569336,False
INGN,2018-05-01,DEV 2015-21,171.89999389648438,171.89999389648438,,171.89999389648438,False
INGN,2024-08-07,VAL 2022-26,9.899999618530272,9.899999618530272,,9.899999618530272,False
INGN,2025-02-26,VAL 2022-26,11.9399995803833,11.9399995803833,11.94,11.94,False
INHD,2024-04-29,VAL 2022-26,0.8300000000000001,0.8300000000000001,,0.8300000000000001,False
INHD,2025-05-13,VAL 2022-26,3.3100001017252603,3.3100001017252603,3.31,3.31,False
INHD,2025-07-07,VAL 2022-26,1.4300000508626305,1.4300000508626303,1.43,1.43,False
INHD,2025-11-24,VAL 2022-26,0.9390000025431317,0.9390000025431315,0.9386,0.9386,False
INHD,2025-11-25,VAL 2022-26,0.6209999720255533,0.6209999720255533,0.621,0.621,False
INHD,2025-11-26,VAL 2022-26,0.35,0.35,0.3501,0.3501,False
INHD,2025-12-05,VAL 2022-26,4.247999954223633,0.17699999809265138,0.1765,0.1765,False
INHD,2026-04-29,VAL 2022-26,0.1379999995231628,0.13799999952316286,0.1382,0.1382,False
INHD,2026-08-10,VAL 2022-26,6.28000020980835,6.28000020980835,,6.28000020980835,False
INKT,2025-07-11,VAL 2022-26,21.06999969482422,21.06999969482422,21.07,21.07,False
INKT,2026-03-10,VAL 2022-26,15.710000038146973,15.710000038146973,15.71,15.71,False
INLF,2026-02-03,VAL 2022-26,0.63,0.63,,0.63,False
INLF,2026-06-26,VAL 2022-26,0.0630000019073486,0.06300000190734864,0.063,0.063,False
INLF,2026-06-29,VAL 2022-26,0.0690000009536743,0.06900000095367431,,0.0690000009536743,False
INLF,2026-07-22,VAL 2022-26,3.25,3.25,,3.25,False
INLF,2026-07-28,VAL 2022-26,4.730999946594238,4.730999946594238,,4.730999946594238,False
INLF,2026-09-25,VAL 2022-26,6.25,6.25,6.25,6.25,False
INLX,2022-09-09,VAL 2022-26,11.260000228881836,11.260000228881836,,11.260000228881836,False
INM,2022-09-07,VAL 2022-26,11.4,11.4,,11.4,False
INM,2022-09-09,VAL 2022-26,10.84000015258789,10.84000015258789,,10.84000015258789,False
INM,2022-09-12,VAL 2022-26,15.0,15.0,,15.0,False
INM,2023-01-04,VAL 2022-26,2.8000000000000003,2.8000000000000003,,2.8000000000000003,False
INM,2023-03-13,VAL 2022-26,1.35,1.35,,1.35,False
INM,2023-03-20,VAL 2022-26,1.35,1.35,,1.35,False
INM,2023-10-24,VAL 2022-26,1.7000000000000002,1.7000000000000002,,1.7000000000000002,False
INM,2024-08-20,VAL 2022-26,0.7230000019073487,0.7230000019073487,,0.7230000019073487,False
INM,2025-01-21,VAL 2022-26,7.239999771118164,7.239999771118164,7.24,7.24,False
INM,2025-06-02,VAL 2022-26,5.550000190734863,5.550000190734863,5.55,5.55,False
INM,2025-06-24,VAL 2022-26,4.210000038146973,4.210000038146973,4.21,4.21,False
INM,2026-05-19,VAL 2022-26,1.7899999618530271,1.7899999618530271,1.79,1.79,False
INM,2026-07-22,VAL 2022-26,2.150000095367432,2.150000095367432,,2.150000095367432,False
INMB,2020-07-14,DEV 2015-21,17.59000015258789,17.59000015258789,,17.59000015258789,False
INMB,2025-06-27,VAL 2022-26,9.300000190734863,9.300000190734863,9.3,9.3,False
INO,2015-08-10,DEV 2015-21,8.0,8.0,,8.0,False
INO,2017-05-24,DEV 2015-21,9.65000025431315,9.650000254313149,,9.65000025431315,False
INO,2020-01-27,DEV 2015-21,5.599999745686849,5.599999745686849,,5.599999745686849,False
INOD,2024-05-08,VAL 2022-26,8.649999618530273,8.649999618530273,,8.649999618530273,False
INOD,2024-11-08,VAL 2022-26,30.34000015258789,30.34000015258789,30.335,30.335,False
INSE,2020-04-17,DEV 2015-21,2.8499999046325684,2.8499999046325684,,2.8499999046325684,False
INSE,2020-04-27,DEV 2015-21,3.039999961853028,3.039999961853028,,3.039999961853028,False
INSE,2021-03-11,DEV 2015-21,9.40999984741211,9.40999984741211,,9.40999984741211,False
INSG,2017-06-08,DEV 2015-21,1.25,1.25,,1.25,False
INSG,2023-05-04,VAL 2022-26,0.65,0.65,,0.65,False
INSM,2017-09-05,DEV 2015-21,29.5,29.5,,29.5,False
INSM,2019-01-07,DEV 2015-21,18.75,18.75,,18.75,False
INTS,2023-12-08,VAL 2022-26,8.61,8.61,,8.61,False
INTS,2025-10-30,VAL 2022-26,0.7730000305175782,0.7730000305175782,0.7731,0.7731,False
INTT,2017-03-10,DEV 2015-21,6.150000095367432,6.150000095367432,,6.150000095367432,False
INTZ,2023-10-10,VAL 2022-26,0.4599999904632568,0.45999999046325685,,0.4599999904632568,False
INTZ,2024-04-17,VAL 2022-26,3.3299999237060547,3.3299999237060547,,3.3299999237060547,False
INTZ,2024-12-27,VAL 2022-26,2.0199999809265137,2.0199999809265137,2.02,2.02,False
INTZ,2025-07-29,VAL 2022-26,2.2799999713897705,2.2799999713897705,2.28,2.28,False
INTZ,2026-06-30,VAL 2022-26,0.9200000166893004,0.9200000166893004,,0.9200000166893004,False
INUV,2018-11-05,DEV 2015-21,1.1,1.1,,1.1,False
INUV,2020-05-18,DEV 2015-21,0.4900000095367431,0.49000000953674316,,0.4900000095367431,False
INUV,2020-06-09,DEV 2015-21,0.8199999809265137,0.8199999809265137,,0.8199999809265137,False
INUV,2021-01-19,DEV 2015-21,0.95,0.9500000000000001,,0.95,False
INUV,2021-03-02,DEV 2015-21,1.6299999237060547,1.6299999237060547,,1.6299999237060547,False
INV,2024-10-03,VAL 2022-26,13.5,13.5,,13.5,False
INV,2026-09-21,VAL 2022-26,0.7310000061988831,0.7310000061988831,,0.7310000061988831,False
INVE,2015-04-16,DEV 2015-21,11.989999771118164,11.989999771118164,,11.989999771118164,False
INVZ,2020-12-11,DEV 2015-21,16.239999771118164,16.239999771118164,,16.239999771118164,False
INVZ,2022-08-02,VAL 2022-26,4.860000133514404,4.860000133514404,,4.860000133514404,False
INVZ,2023-12-11,VAL 2022-26,2.190000057220459,2.190000057220459,,2.190000057220459,False
INVZ,2025-01-07,VAL 2022-26,2.7100000381469727,2.7100000381469727,2.71,2.71,False
IONR,2025-10-06,VAL 2022-26,5.974999904632568,5.974999904632568,5.975,5.975,False
IOTR,2026-01-13,VAL 2022-26,3.220000028610229,3.220000028610229,,3.220000028610229,False
IOTR,2026-01-22,VAL 2022-26,6.579999923706055,6.579999923706055,6.58,6.58,False
IOTR,2026-05-28,VAL 2022-26,3.0999999046325684,3.0999999046325684,,3.0999999046325684,False
IOTR,2026-05-29,VAL 2022-26,4.550000190734863,4.550000190734863,4.55,4.55,False
IOTR,2026-07-08,VAL 2022-26,3.5450000762939453,3.5450000762939453,,3.5450000762939453,False
IOVA,2019-05-16,DEV 2015-21,15.0,15.0,,15.0,False
IPDN,2016-05-02,DEV 2015-21,0.0260000006357828,0.026000000635782877,,0.0260000006357828,False
IPDN,2018-05-03,DEV 2015-21,0.1459999974568685,0.1459999974568685,,0.1459999974568685,False
IPDN,2020-06-24,DEV 2015-21,0.0776666641235351,0.07766666412353515,,0.0776666641235351,False
IPDN,2020-11-27,DEV 2015-21,0.0533333333333333,0.05333333333333334,,0.0533333333333333,False
IPDN,2020-12-30,DEV 2015-21,0.0640000025431315,0.06400000254313151,,0.0640000025431315,False
IPDN,2025-04-11,VAL 2022-26,0.0490000009536743,0.049000000953674315,1.47,1.47,False
IPDN,2025-06-30,VAL 2022-26,0.1156666676203409,0.11566666762034096,3.47,3.47,False
IPDN,2025-08-06,VAL 2022-26,0.0759999990463256,0.07599999904632568,2.28,2.28,False
IPDN,2025-08-29,VAL 2022-26,0.1009999990463256,0.10099999904632569,3.03,3.03,False
IPDN,2026-09-10,VAL 2022-26,0.1800000071525573,0.006000000238418577,,,True
IPHA,2020-01-02,DEV 2015-21,8.239999771118164,8.239999771118164,,8.239999771118164,False
IPHA,2021-09-02,DEV 2015-21,5.230000019073486,5.230000019073486,,5.230000019073486,False
IPHA,2022-12-19,VAL 2022-26,2.5799999237060547,2.5799999237060547,,2.5799999237060547,False
IPHA,2024-12-09,VAL 2022-26,1.840000033378601,1.840000033378601,1.84,1.84,False
IPHA,2025-02-18,VAL 2022-26,2.359999895095825,2.359999895095825,2.36,2.36,False
IPHA,2026-05-14,VAL 2022-26,1.7000000476837158,1.7000000476837158,,1.7000000476837158,False
IPHA,2026-08-10,VAL 2022-26,2.109999895095825,2.109999895095825,,2.109999895095825,False
IPM,2021-09-27,DEV 2015-21,5.019999980926514,5.019999980926514,,5.019999980926514,False
IPM,2022-06-10,VAL 2022-26,2.3499999046325684,2.3499999046325684,,2.3499999046325684,False
IPM,2025-09-17,VAL 2022-26,2.5799999237060547,2.5799999237060547,2.58,2.58,False
IPSC,2026-01-08,VAL 2022-26,1.5950000286102295,1.5950000286102295,,1.5950000286102295,False
IPST,2024-12-20,VAL 2022-26,3.0000000000000004,3.0000000000000004,,3.0000000000000004,False
IPST,2025-09-09,VAL 2022-26,0.5329999923706056,0.5329999923706056,,0.5329999923706056,False
IPST,2026-04-07,VAL 2022-26,7.539999961853027,0.3769999980926514,0.3769,0.3769,False
IPST,2026-05-14,VAL 2022-26,7.269999980926514,7.269999980926514,,7.269999980926514,False
IPST,2026-08-17,VAL 2022-26,7.920000076293945,7.920000076293945,7.92,7.92,False
IPW,2022-02-15,VAL 2022-26,2.270000090422453,2.2700000904224535,,2.270000090422453,False
IPW,2024-05-15,VAL 2022-26,1.0699999773943865,1.0699999773943865,,1.0699999773943865,False
IPW,2026-02-02,VAL 2022-26,5.79000006781684,5.79000006781684,,5.79000006781684,False
IPWR,2019-04-17,DEV 2015-21,0.5099999904632568,0.5099999904632568,,0.5099999904632568,False
IPWR,2019-10-16,DEV 2015-21,4.050000190734863,4.050000190734863,,4.050000190734863,False
IPWR,2021-01-21,DEV 2015-21,12.539999961853027,12.539999961853027,,12.539999961853027,False
IPWR,2026-05-27,VAL 2022-26,8.850000381469727,8.850000381469727,,8.850000381469727,False
IPX,2023-06-13,VAL 2022-26,9.119999885559082,9.119999885559082,,9.119999885559082,False
IPX,2025-06-05,VAL 2022-26,29.8700008392334,29.8700008392334,29.87,29.87,False
IQST,2025-05-14,VAL 2022-26,18.260000209808343,18.250304634475707,,18.260000209808343,False
IQST,2026-06-25,VAL 2022-26,1.5,1.5,,1.5,False
IQST,2026-07-16,VAL 2022-26,1.1449999809265137,1.1449999809265137,,1.1449999809265137,False
IRD,2019-04-16,DEV 2015-21,8.84000015258789,35.36000061035156,,,True
IRD,2020-06-18,DEV 2015-21,3.700000047683716,14.800000190734863,,,True
IRD,2021-06-30,DEV 2015-21,6.670000076293945,6.670000076293945,,6.670000076293945,False
IRD,2021-11-24,DEV 2015-21,5.019999980926514,5.019999980926514,,5.019999980926514,False
IRD,2025-06-02,VAL 2022-26,1.690000057220459,1.690000057220459,1.69,1.69,False
IRD,2026-09-09,VAL 2022-26,5.309999942779541,5.309999942779541,,5.309999942779541,False
IRIX,2020-12-29,DEV 2015-21,3.049999952316284,3.049999952316284,,3.049999952316284,False
IRIX,2021-01-12,DEV 2015-21,3.910000085830689,3.910000085830689,,3.910000085830689,False
IRON,2021-12-15,DEV 2015-21,3.2,96.0,,,True
IRON,2024-11-04,VAL 2022-26,57.59000015258789,57.59000015258789,57.59,57.59,False
IRS,2025-10-27,VAL 2022-26,14.619999885559082,14.619999885559082,14.615,14.615,False
IRTC,2021-11-03,DEV 2015-21,100.18000030517578,100.18000030517578,,100.18000030517578,False
IRWD,2025-11-10,VAL 2022-26,2.440000057220459,2.440000057220459,2.44,2.44,False
IRWD,2026-01-02,VAL 2022-26,4.599999904632568,4.599999904632568,,4.599999904632568,False
ISPC,2021-11-22,DEV 2015-21,11.390000000000002,11.390000000000002,,11.390000000000002,False
ISPC,2024-05-23,VAL 2022-26,0.3870000076293946,0.3870000076293946,,0.3870000076293946,False
ISPC,2024-06-06,VAL 2022-26,0.4200000000000001,0.4200000000000001,,0.4200000000000001,False
ISPC,2024-07-11,VAL 2022-26,0.3540000152587891,0.35400001525878916,,0.3540000152587891,False
ISPC,2024-10-21,VAL 2022-26,7.280000305175782,7.280000305175782,7.28,7.28,False
ISPC,2024-12-20,VAL 2022-26,3.6200000762939455,3.6200000762939455,3.62,3.62,False
ISPC,2025-02-24,VAL 2022-26,2.360000038146973,2.3600000381469726,2.36,2.36,False
ISPC,2025-09-05,VAL 2022-26,0.9949999809265138,0.9949999809265138,0.9948,0.9948,False
ISPC,2025-12-31,VAL 2022-26,0.3700000047683716,0.3700000047683716,0.37,0.37,False
ISPC,2026-03-13,VAL 2022-26,0.425,0.42500000000000004,0.4251,0.4251,False
ISPC,2026-04-10,VAL 2022-26,8.039999961853027,0.2009999990463257,0.2011,0.2011,False
ISPC,2026-04-17,VAL 2022-26,6.639999866485596,0.1659999966621399,,,True
ISPC,2026-09-08,VAL 2022-26,1.9049999713897705,1.9049999713897705,,1.9049999713897705,False
ITOC,2026-03-25,VAL 2022-26,0.492000013589859,0.492000013589859,0.4924,0.4924,False
ITP,2020-04-29,DEV 2015-21,0.9300000190734864,0.9300000190734864,,0.9300000190734864,False
ITP,2020-10-29,DEV 2015-21,1.0199999809265137,1.0199999809265137,,1.0199999809265137,False
ITP,2021-05-26,DEV 2015-21,0.5900000095367431,0.5900000095367431,,0.5900000095367431,False
ITP,2022-03-15,VAL 2022-26,0.25,0.25,,0.25,False
ITP,2024-12-31,VAL 2022-26,0.9900000095367432,0.9900000095367432,0.9871,0.9871,False
ITP,2025-10-14,VAL 2022-26,0.3400000035762787,0.3400000035762787,0.3364,0.3364,False
IVA,2023-06-14,VAL 2022-26,4.800000190734863,4.800000190734863,,4.800000190734863,False
IVA,2024-10-14,VAL 2022-26,2.5799999237060547,2.5799999237060547,2.58,2.58,False
IVDA,2022-04-06,VAL 2022-26,3.7100000381469727,3.7100000381469727,,3.7100000381469727,False
IVDA,2022-04-11,VAL 2022-26,3.049999952316284,3.0499999523162846,,3.049999952316284,False
IVDA,2025-10-02,VAL 2022-26,1.7200000286102295,1.7200000286102295,1.72,1.72,False
IVDA,2025-11-21,VAL 2022-26,1.0199999809265137,1.0199999809265137,1.02,1.02,False
IVDA,2026-02-13,VAL 2022-26,0.4099999964237213,0.4099999964237213,,0.4099999964237213,False
IVDA,2026-06-16,VAL 2022-26,0.449999988079071,0.449999988079071,,0.449999988079071,False
IVDA,2026-08-13,VAL 2022-26,0.4699999988079071,0.4699999988079071,,0.4699999988079071,False
IVF,2021-03-09,DEV 2015-21,5.31,1274.4,,,True
IVF,2023-03-20,VAL 2022-26,0.6669999864366319,160.07999674479166,,,True
IVF,2023-06-26,VAL 2022-26,0.26,62.4,,,True
IVF,2023-07-28,VAL 2022-26,4.8,57.6,,,True
IVF,2023-10-23,VAL 2022-26,1.47999996609158,17.759999593098957,,,True
IVF,2023-11-10,VAL 2022-26,1.3,15.6,,,True
IVF,2024-04-17,VAL 2022-26,2.00999993218316,24.119999186197916,,,True
IVF,2024-07-30,VAL 2022-26,1.08999998304579,13.07999979654948,,,True
IVF,2025-04-30,VAL 2022-26,2.1800000508626303,2.1800000508626303,2.18,2.18,False
IVF,2025-07-22,VAL 2022-26,3.659999847412109,3.6599998474121094,3.66,3.66,False
IVF,2026-01-20,VAL 2022-26,3.3450000762939456,3.3450000762939456,3.345,3.345,False
IVF,2026-06-26,VAL 2022-26,1.850000023841858,1.850000023841858,,1.850000023841858,False
IVF,2026-08-17,VAL 2022-26,2.259999990463257,2.259999990463257,2.26,2.26,False
IVT,2021-10-12,DEV 2015-21,23.61000061035156,23.61000061035156,,23.61000061035156,False
IVVD,2021-11-29,DEV 2015-21,33.77000045776367,33.77000045776367,,33.77000045776367,False
IVVD,2022-03-30,VAL 2022-26,5.730000019073486,5.730000019073486,,5.730000019073486,False
IVVD,2023-12-18,VAL 2022-26,2.0199999809265137,2.0199999809265137,,2.0199999809265137,False
IVVD,2025-02-03,VAL 2022-26,0.4440000057220459,0.4440000057220459,0.4442,0.4442,False
IVVD,2025-08-26,VAL 2022-26,0.9449999928474426,0.9449999928474426,0.9452,0.9452,False
IVVD,2025-11-14,VAL 2022-26,2.559999942779541,2.559999942779541,2.56,2.56,False
IXHL,2024-02-28,VAL 2022-26,7.1100001017252605,7.1100001017252605,,7.1100001017252605,False
IXHL,2025-05-14,VAL 2022-26,0.3570000012715657,0.3570000012715657,0.3566,0.3566,False
IXHL,2025-12-03,VAL 2022-26,0.4890000025431315,0.4890000025431314,0.4886,0.4886,False
IZEA,2017-09-25,DEV 2015-21,5.019999980926514,5.019999980926513,,5.019999980926514,False
IZEA,2017-09-26,DEV 2015-21,6.789999961853027,6.789999961853027,,6.789999961853027,False
IZEA,2017-11-08,DEV 2015-21,5.199999809265137,5.199999809265137,,5.199999809265137,False
IZEA,2018-01-16,DEV 2015-21,7.599999904632568,7.599999904632569,,7.599999904632568,False
IZEA,2018-07-12,DEV 2015-21,1.5800000429153442,1.5800000429153442,,1.5800000429153442,False
IZEA,2018-08-17,DEV 2015-21,1.659999966621399,1.659999966621399,,1.659999966621399,False
IZEA,2018-09-11,DEV 2015-21,2.150000095367432,2.1500000953674316,,2.150000095367432,False
IZEA,2018-10-04,DEV 2015-21,2.289999961853028,2.2899999618530273,,2.289999961853028,False
IZEA,2019-01-03,DEV 2015-21,1.2899999618530271,1.2899999618530273,,1.2899999618530271,False
IZEA,2019-08-01,DEV 2015-21,0.5099999904632568,0.509999990463257,,0.5099999904632568,False
IZEA,2019-08-16,DEV 2015-21,0.4699999988079071,0.4699999988079071,,0.4699999988079071,False
IZEA,2020-03-31,DEV 2015-21,0.2949999868869781,0.29499998688697815,,0.2949999868869781,False
IZEA,2020-04-17,DEV 2015-21,0.2399999946355819,0.239999994635582,,0.2399999946355819,False
IZEA,2020-05-04,DEV 2015-21,0.3100000023841858,0.3100000023841858,,0.3100000023841858,False
IZEA,2020-05-06,DEV 2015-21,0.4250000119209289,0.42500001192092896,,0.4250000119209289,False
IZEA,2020-06-09,DEV 2015-21,2.319999933242798,2.319999933242798,,2.319999933242798,False
IZEA,2022-03-31,VAL 2022-26,1.7999999523162842,1.7999999523162842,,1.7999999523162842,False
JAGX,2020-12-01,DEV 2015-21,0.5760000000000001,0.6336,,,True
JAGX,2020-12-23,DEV 2015-21,0.7630000084656084,0.8393000093121693,,,True
JAGX,2023-05-11,VAL 2022-26,0.8899999999999999,0.9789999999999999,,,True
JAGX,2023-10-12,VAL 2022-26,0.4899999999999999,0.5389999999999999,,,True
JAGX,2024-01-26,VAL 2022-26,0.141,0.1551,,,True
JAGX,2024-03-04,VAL 2022-26,0.142,0.15619999999999998,,,True
JAGX,2024-03-20,VAL 2022-26,0.0989999999999999,0.10889999999999998,,,True
JAGX,2024-04-10,VAL 2022-26,0.1249999999999999,0.13749999999999998,,,True
JAGX,2024-04-16,VAL 2022-26,0.15,0.16499999999999998,,,True
JAGX,2026-01-16,VAL 2022-26,1.06,1.1660000000000001,,,True
JAKK,2022-07-28,VAL 2022-26,24.0,24.0,,24.0,False
JANX,2024-02-27,VAL 2022-26,35.790000915527344,35.790000915527344,,35.790000915527344,False
JBDI,2024-09-24,VAL 2022-26,1.4700000286102295,1.4700000286102295,,1.4700000286102295,False
JBDI,2024-10-04,VAL 2022-26,1.1699999570846558,1.1699999570846558,1.17,1.17,False
JBDI,2025-01-08,VAL 2022-26,0.9200000166893004,0.9200000166893005,0.92,0.92,False
JBDI,2025-09-10,VAL 2022-26,2.039999961853028,2.0399999618530273,2.04,2.04,False
JBIO,2024-10-31,VAL 2022-26,2.78000008719308,97.3000030517578,,,True
JCSE,2022-11-25,VAL 2022-26,1.0800000031789143,1.0800000031789143,,1.0800000031789143,False
JCSE,2023-05-17,VAL 2022-26,0.6399999856948853,0.6399999856948853,,0.6399999856948853,False
JCSE,2024-12-02,VAL 2022-26,1.8799999952316284,1.8799999952316284,1.88,1.88,False
JDZG,2024-10-18,VAL 2022-26,2.6,2.6,2.6,2.6,False
JDZG,2024-12-23,VAL 2022-26,0.714,0.714,0.714,0.714,False
JDZG,2025-10-14,VAL 2022-26,2.58,2.58,2.58,2.58,False
JDZG,2026-02-12,VAL 2022-26,1.74,1.74,,1.74,False
JDZG,2026-02-13,VAL 2022-26,2.12,2.12,,2.12,False
JDZG,2026-02-18,VAL 2022-26,0.998,0.998,,0.998,False
JDZG,2026-03-20,VAL 2022-26,2.35,0.094,,,True
JDZG,2026-04-13,VAL 2022-26,2.039999961853028,2.039999961853028,,2.039999961853028,False
JEM,2025-09-03,VAL 2022-26,3.3600001017252605,3.3600001017252605,3.36,3.36,False
JEM,2025-09-09,VAL 2022-26,0.703000005086263,0.703000005086263,0.703,0.703,False
JEM,2025-10-28,VAL 2022-26,0.403000005086263,0.403000005086263,0.4034,0.4034,False
JEM,2026-02-27,VAL 2022-26,0.1300000031789144,0.1300000031789144,,0.1300000031789144,False
JEM,2026-04-08,VAL 2022-26,3.0600001017252603,0.15300000508626302,,,True
JEM,2026-06-30,VAL 2022-26,4.939999898274739,4.93999989827474,4.9399,4.9399,False
JEM,2026-08-25,VAL 2022-26,5.170000076293945,5.170000076293945,,5.170000076293945,False
JF,2019-12-27,DEV 2015-21,2.75,13.75,,,True
JF,2020-06-19,DEV 2015-21,1.5,7.5,,,True
JF,2021-04-12,DEV 2015-21,1.5300000190734864,7.650000095367432,,,True
JF,2022-03-10,VAL 2022-26,0.6699999809265137,3.3499999046325684,,,True
JF,2025-09-08,VAL 2022-26,1.2100000381469729,1.2100000381469729,,1.2100000381469729,False
JFIN,2020-03-23,DEV 2015-21,2.2149999141693115,2.2149999141693115,,2.2149999141693115,False
JFIN,2020-03-24,DEV 2015-21,3.7899999618530273,3.7899999618530273,,3.7899999618530273,False
JFIN,2020-06-10,DEV 2015-21,10.539999961853027,10.539999961853027,,10.539999961853027,False
JFIN,2020-06-12,DEV 2015-21,5.96999979019165,5.96999979019165,,5.96999979019165,False
JFIN,2022-01-03,VAL 2022-26,2.890000104904175,2.890000104904175,,2.890000104904175,False
JFIN,2025-03-04,VAL 2022-26,8.869999885559082,8.869999885559082,8.87,8.87,False
JFU,2020-11-25,DEV 2015-21,2.245000076293945,2.2450000762939455,,2.245000076293945,False
JFU,2021-02-19,DEV 2015-21,3.35,3.35,,3.35,False
JG,2020-11-24,DEV 2015-21,4.6000000000000005,4.6000000000000005,,4.6000000000000005,False
JG,2020-11-27,DEV 2015-21,4.0,4.0,,4.0,False
JG,2020-12-22,DEV 2015-21,6.050000000000001,6.050000000000001,,6.050000000000001,False
JG,2021-02-05,DEV 2015-21,10.96999969482422,10.96999969482422,,10.96999969482422,False
JG,2023-02-08,VAL 2022-26,0.9800000190734864,0.9800000190734863,,0.9800000190734864,False
JG,2023-10-17,VAL 2022-26,0.2,0.2,,0.2,False
JG,2024-11-21,VAL 2022-26,8.90999984741211,8.90999984741211,8.91,8.91,False
JG,2025-01-27,VAL 2022-26,16.43000030517578,16.43000030517578,16.43,16.43,False
JILL,2020-03-04,DEV 2015-21,1.1100000381469728,1.1100000381469728,,1.1100000381469728,False
JILL,2020-06-16,DEV 2015-21,1.0899999618530274,1.0899999618530274,,1.0899999618530274,False
JILL,2020-07-16,DEV 2015-21,1.1300000190734865,1.1300000190734865,,1.1300000190734865,False
JILL,2020-09-01,DEV 2015-21,0.8460000038146973,0.8460000038146973,,0.8460000038146973,False
JILL,2020-10-13,DEV 2015-21,1.1,1.1,,1.1,False
JILL,2021-01-27,DEV 2015-21,5.230000019073486,5.230000019073486,,5.230000019073486,False
JL,2024-02-29,VAL 2022-26,2.629999923706055,2.629999923706055,,2.629999923706055,False
JLHL,2026-07-06,VAL 2022-26,9.15999984741211,9.15999984741211,,9.15999984741211,False
JLHL,2026-07-09,VAL 2022-26,3.7300000190734863,3.7300000190734863,,3.7300000190734863,False
JLHL,2026-09-02,VAL 2022-26,7.099999904632568,7.099999904632568,,7.099999904632568,False
JMIA,2026-05-07,VAL 2022-26,9.135000228881836,9.135000228881836,,9.135000228881836,False
JOB,2020-07-02,DEV 2015-21,1.4900000095367432,1.4900000095367432,,1.4900000095367432,False
JOB,2020-10-15,DEV 2015-21,1.2699999809265137,1.2699999809265137,,1.2699999809265137,False
JRSH,2026-06-15,VAL 2022-26,5.269999980926514,5.269999980926514,5.27,5.27,False
JSPR,2021-09-23,DEV 2015-21,13.639999389648438,13.639999389648438,,13.639999389648438,False
JSPR,2021-10-04,DEV 2015-21,11.65,11.65,,11.65,False
JSPR,2021-10-13,DEV 2015-21,8.70999984741211,8.70999984741211,,8.70999984741211,False
JSPR,2023-01-03,VAL 2022-26,1.5,1.5,,1.5,False
JSPR,2023-01-10,VAL 2022-26,1.9600000381469729,1.9600000381469727,,1.9600000381469729,False
JSPR,2023-01-13,VAL 2022-26,2.039999961853028,2.039999961853028,,2.039999961853028,False
JSPR,2025-12-02,VAL 2022-26,2.140000104904175,2.140000104904175,2.14,2.14,False
JTAI,2024-03-15,VAL 2022-26,1.079999945703125,0.10238907335069444,,,True
JTAI,2024-07-30,VAL 2022-26,0.4299999900390625,0.040766021050347226,,,True
JTAI,2024-10-10,VAL 2022-26,0.1379999956054687,0.013083048502604167,0.1381,0.1381,False
JTAI,2024-10-11,VAL 2022-26,0.1049999979003906,0.009954493543836805,0.1053,0.1053,False
JTAI,2024-11-22,VAL 2022-26,8.040000385437011,0.7622298431396485,8.04,8.04,False
JTAI,2024-12-24,VAL 2022-26,7.560000074157715,0.7167235565185547,7.56,7.56,False
JTAI,2025-02-14,VAL 2022-26,5.829999958190919,0.552711410522461,5.83,5.83,False
JTAI,2025-12-23,VAL 2022-26,1.6599999699783323,0.1573758029937744,1.66,1.66,False
JTAI,2026-01-08,VAL 2022-26,0.7819999538612366,0.07413727283477783,,,True
JTAI,2026-01-14,VAL 2022-26,0.5209999857902528,0.049393248558044445,,,True
JTAI,2026-03-17,VAL 2022-26,0.1299999837112427,0.012324609756469727,,,True
JTAI,2026-04-08,VAL 2022-26,10.355003068685532,0.981702983379364,,,True
JUNS,2026-05-20,VAL 2022-26,0.5129999796549479,0.5129999796549478,0.5133,0.5133,False
JUNS,2026-07-21,VAL 2022-26,0.228000005086263,0.22800000508626303,,0.228000005086263,False
JUNS,2026-08-21,VAL 2022-26,8.25,8.25,8.25,8.25,False
JVA,2026-03-17,VAL 2022-26,3.880000114440918,3.880000114440918,,3.880000114440918,False
JWEL,2026-08-10,VAL 2022-26,3.9700000286102295,3.9700000286102295,3.97,3.97,False
JXG,2017-02-10,DEV 2015-21,5.2,13.0,,,True
JXG,2017-02-13,DEV 2015-21,15.4,38.5,,,True
JXG,2017-11-09,DEV 2015-21,14.000000000000002,35.0,,,True
JXG,2018-08-09,DEV 2015-21,7.86,19.65,,,True
JXG,2019-06-03,DEV 2015-21,3.95,9.875,,,True
JXG,2019-08-27,DEV 2015-21,3.45,8.625,,,True
JXG,2020-06-12,DEV 2015-21,4.44,11.1,,,True
JXG,2023-05-01,VAL 2022-26,7.439999898274739,1.8599999745686848,,,True
JXG,2025-09-23,VAL 2022-26,1.0,1.0,0.9983,0.9983,False
JYD,2024-12-03,VAL 2022-26,0.8200000000000001,0.8200000000000001,0.82,0.82,False
JYD,2025-05-12,VAL 2022-26,0.4979999923706055,0.49799999237060555,0.4983,0.4983,False
JZ,2022-11-04,VAL 2022-26,1.75,1.75,,1.75,False
JZ,2023-04-28,VAL 2022-26,1.26,1.26,,1.26,False
JZ,2023-05-01,VAL 2022-26,1.57,1.57,,1.57,False
JZ,2025-05-08,VAL 2022-26,1.34,1.34,1.34,1.34,False
JZ,2026-06-01,VAL 2022-26,0.968000030517578,0.9680000305175781,,0.968000030517578,False
JZ,2026-08-20,VAL 2022-26,3.619999885559082,3.619999885559082,3.62,3.62,False
JZ,2026-09-10,VAL 2022-26,0.9549999833106996,0.9549999833106996,,0.9549999833106996,False
JZXN,2021-07-14,DEV 2015-21,6.1000000000000005,6.1000000000000005,,6.1000000000000005,False
JZXN,2021-12-07,DEV 2015-21,1.8500000000000003,1.8500000000000003,,1.8500000000000003,False
JZXN,2022-04-26,VAL 2022-26,1.8900000417334404,1.8900000417334404,,1.8900000417334404,False
JZXN,2022-06-23,VAL 2022-26,1.1700000208667205,1.1700000208667203,,1.1700000208667205,False
JZXN,2022-09-09,VAL 2022-26,0.8490000146067042,0.8490000146067042,,0.8490000146067042,False
JZXN,2022-12-13,VAL 2022-26,0.239000004173344,0.23900000417334405,,0.239000004173344,False
JZXN,2023-02-06,VAL 2022-26,0.26999999478332,0.26999999478332,,0.26999999478332,False
JZXN,2023-07-13,VAL 2022-26,5.0,5.0,,5.0,False
JZXN,2023-12-27,VAL 2022-26,0.7800000117375301,0.7800000117375301,,0.7800000117375301,False
JZXN,2025-09-23,VAL 2022-26,1.3800000190734865,1.3800000190734865,1.38,1.38,False
JZXN,2025-09-24,VAL 2022-26,2.2700000762939454,2.270000076293945,2.27,2.27,False
JZXN,2025-10-30,VAL 2022-26,0.3740000009536743,0.37400000095367436,0.3743,0.3743,False
JZXN,2025-12-11,VAL 2022-26,8.300000190734863,8.300000190734863,8.3,8.3,False
JZXN,2025-12-12,VAL 2022-26,7.239999771118164,7.239999771118164,7.24,7.24,False
JZXN,2026-02-10,VAL 2022-26,1.6649999618530271,1.6649999618530271,,1.6649999618530271,False
JZXN,2026-03-04,VAL 2022-26,1.0399999618530271,1.0399999618530271,,1.0399999618530271,False
JZXN,2026-05-11,VAL 2022-26,1.2450000047683716,1.2450000047683716,,1.2450000047683716,False
JZXN,2026-06-09,VAL 2022-26,1.9900000095367432,1.9900000095367432,1.99,1.99,False
JZXN,2026-07-10,VAL 2022-26,1.6200000047683716,1.6200000047683716,,1.6200000047683716,False
JZXN,2026-09-16,VAL 2022-26,1.3300000429153442,1.3300000429153442,,1.3300000429153442,False
KALA,2022-08-31,VAL 2022-26,0.342,0.342,,0.342,False
KALA,2022-11-09,VAL 2022-26,6.4,6.4,,6.4,False
KALA,2022-12-28,VAL 2022-26,6.26,6.26,,6.26,False
KALA,2023-03-06,VAL 2022-26,21.2,21.2,,21.2,False
KALA,2024-06-27,VAL 2022-26,5.8,5.8,,5.8,False
KALA,2025-11-26,VAL 2022-26,0.7969999694824219,0.7969999694824218,0.797,0.797,False
KALA,2025-12-01,VAL 2022-26,1.3,1.3,1.3,1.3,False
KALA,2025-12-04,VAL 2022-26,1.315,1.315,1.315,1.315,False
KALA,2026-03-11,VAL 2022-26,0.4570000076293945,0.4570000076293945,0.4569,0.4569,False
KAPA,2024-11-13,VAL 2022-26,2.550000054495675,2.550000054495675,2.55,2.55,False
KAPA,2025-01-13,VAL 2022-26,1.3000000544956751,1.3000000544956754,1.3,1.3,False
KAPA,2025-07-15,VAL 2022-26,1.680000032697405,1.680000032697405,1.68,1.68,False
KBSX,2025-06-11,VAL 2022-26,1.9700000286102293,1.9700000286102293,1.97,1.97,False
KC,2024-11-20,VAL 2022-26,5.679999828338623,5.679999828338623,5.68,5.68,False
KELYB,2020-08-11,DEV 2015-21,18.0,18.0,,18.0,False
KELYB,2026-02-05,VAL 2022-26,60.0,60.0,60.0,60.0,False
KEQU,2025-06-26,VAL 2022-26,52.0,52.0,52.0,52.0,False
KFRC,2026-04-28,VAL 2022-26,40.0,40.0,,40.0,False
KG,2020-11-16,DEV 2015-21,1.7700000762939454,35.400001525878906,,,True
KG,2025-05-28,VAL 2022-26,29.0,29.0,,29.0,False
KIDZ,2025-05-01,VAL 2022-26,2.41,2.41,2.41,2.41,False
KIDZ,2026-02-11,VAL 2022-26,0.304,0.304,0.3036,0.3036,False
KIDZ,2026-02-25,VAL 2022-26,0.134,0.134,,0.134,False
KIDZ,2026-03-31,VAL 2022-26,3.62,3.62,3.62,3.62,False
KIDZ,2026-05-22,VAL 2022-26,0.441000010172526,0.44100001017252605,,0.441000010172526,False
KIDZ,2026-07-06,VAL 2022-26,1.175,1.175,1.175,1.175,False
KIDZ,2026-07-21,VAL 2022-26,0.9769999821980794,0.9769999821980794,0.977,0.977,False
KIDZ,2026-07-27,VAL 2022-26,0.5100000063578287,0.5100000063578287,,0.5100000063578287,False
KITT,2022-10-05,VAL 2022-26,5.3200000401877565,5.3200000401877565,,5.3200000401877565,False
KITT,2023-06-23,VAL 2022-26,2.390000080375514,2.390000080375514,,2.390000080375514,False
KITT,2024-01-10,VAL 2022-26,0.3999999874413258,0.3999999874413258,,0.3999999874413258,False
KITT,2024-02-28,VAL 2022-26,0.4310000070328574,0.43100000703285746,,0.4310000070328574,False
KITT,2024-05-13,VAL 2022-26,0.1860000076607912,0.1860000076607912,,0.1860000076607912,False
KITT,2024-06-06,VAL 2022-26,0.1969999933439027,0.1969999933439027,,0.1969999933439027,False
KITT,2024-06-11,VAL 2022-26,0.3469999964835712,0.3469999964835712,,0.3469999964835712,False
KITT,2024-08-09,VAL 2022-26,2.610000045211226,2.6100000452112266,,2.610000045211226,False
KITT,2024-12-27,VAL 2022-26,2.20999993218316,2.20999993218316,2.21,2.21,False
KITT,2025-03-06,VAL 2022-26,1.1700000056514033,1.1700000056514035,1.17,1.17,False
KITT,2025-10-27,VAL 2022-26,3.1599998474121094,3.1599998474121094,3.16,3.16,False
KLRS,2022-04-20,VAL 2022-26,6.899999867314878,158.6999969482422,,,True
KLXE,2020-05-04,DEV 2015-21,1.5300000190734864,1.5300000190734864,,1.5300000190734864,False
KMDA,2020-08-24,DEV 2015-21,12.68000030517578,12.68000030517578,,12.68000030517578,False
KN,2016-04-26,DEV 2015-21,16.219999313354492,16.219999313354492,,16.219999313354492,False
KN,2018-04-27,DEV 2015-21,13.899999618530272,13.899999618530272,,13.899999618530272,False
KNDI,2019-02-20,DEV 2015-21,7.349999904632568,7.349999904632568,,7.349999904632568,False
KNRX,2026-02-19,VAL 2022-26,1.25,1.25,,1.25,False
KNSA,2019-11-20,DEV 2015-21,8.979999542236328,8.979999542236328,,8.979999542236328,False
KNSA,2020-03-31,DEV 2015-21,16.739999771118164,16.739999771118164,,16.739999771118164,False
KNTK,2020-11-05,DEV 2015-21,18.270000457763672,18.270000457763672,,18.270000457763672,False
KOD,2026-03-26,VAL 2022-26,35.40999984741211,35.40999984741211,35.41,35.41,False
KODK,2020-07-28,DEV 2015-21,9.630000114440918,9.630000114440918,,9.630000114440918,False
KOPN,2020-05-05,DEV 2015-21,0.75,0.75,,0.75,False
KOPN,2021-01-25,DEV 2015-21,5.5,5.5,,5.5,False
KOPN,2024-02-02,VAL 2022-26,2.369999885559082,2.369999885559082,,2.369999885559082,False
KOPN,2025-01-23,VAL 2022-26,1.919999957084656,1.919999957084656,1.92,1.92,False
KOS,2020-10-05,DEV 2015-21,1.309999942779541,1.309999942779541,,1.309999942779541,False
KOSS,2020-12-29,DEV 2015-21,3.880000114440918,3.880000114440918,,3.880000114440918,False
KOSS,2021-01-26,DEV 2015-21,11.6899995803833,11.6899995803833,,11.6899995803833,False
KOSS,2024-05-13,VAL 2022-26,3.859999895095825,3.859999895095825,,3.859999895095825,False
KOSS,2024-05-14,VAL 2022-26,5.940000057220459,5.940000057220459,,5.940000057220459,False
KOSS,2024-07-03,VAL 2022-26,5.25,5.25,,5.25,False
KPLT,2020-12-18,DEV 2015-21,13.0,13.0,,13.0,False
KPLT,2025-12-12,VAL 2022-26,9.199999809265137,9.199999809265137,9.2,9.2,False
KPRX,2016-03-02,DEV 2015-21,4.739999999999999,4.739999999999999,,4.739999999999999,False
KPRX,2016-11-18,DEV 2015-21,1.82,1.8199999999999998,,1.82,False
KPRX,2016-12-05,DEV 2015-21,2.0,2.0,,2.0,False
KPRX,2017-01-30,DEV 2015-21,1.99,1.99,,1.99,False
KPRX,2017-02-21,DEV 2015-21,2.5,2.5,,2.5,False
KPRX,2018-04-06,DEV 2015-21,0.6509999819155092,0.6509999819155092,,0.6509999819155092,False
KPRX,2018-07-24,DEV 2015-21,0.7799999999999999,0.7799999999999999,,0.7799999999999999,False
KPRX,2018-11-13,DEV 2015-21,0.4649999999999999,0.46499999999999997,,0.4649999999999999,False
KPRX,2019-06-03,DEV 2015-21,0.3929999909577546,0.3929999909577546,,0.3929999909577546,False
KPRX,2019-11-22,DEV 2015-21,8.860000271267362,8.860000271267362,,8.860000271267362,False
KPRX,2020-03-31,DEV 2015-21,6.33000013563368,6.33000013563368,,6.33000013563368,False
KPRX,2020-08-12,DEV 2015-21,5.05999993218316,5.0599999321831595,,5.05999993218316,False
KPRX,2020-12-21,DEV 2015-21,7.689999728732639,7.689999728732639,,7.689999728732639,False
KPRX,2021-07-27,DEV 2015-21,6.389999728732639,6.389999728732639,,6.389999728732639,False
KPRX,2022-08-25,VAL 2022-26,0.230000008477105,0.23000000847710506,,0.230000008477105,False
KPRX,2023-02-07,VAL 2022-26,5.399999830457899,5.399999830457898,,5.399999830457899,False
KPRX,2024-02-01,VAL 2022-26,0.7570000224643283,0.7570000224643283,,0.7570000224643283,False
KPRX,2025-06-03,VAL 2022-26,3.950000047683716,3.950000047683716,3.95,3.95,False
KPTI,2020-03-02,DEV 2015-21,23.51999918619792,23.519999186197918,,23.51999918619792,False
KRKR,2021-02-05,DEV 2015-21,6.6099998474121096,6.6099998474121096,,6.6099998474121096,False
KRKR,2022-08-02,VAL 2022-26,2.0200000762939454,2.0200000762939454,,2.0200000762939454,False
KRKR,2024-06-21,VAL 2022-26,0.5239999771118165,0.5239999771118165,,0.5239999771118165,False
KRNY,2015-05-15,DEV 2015-21,14.640000343322754,14.640000343322754,,14.640000343322754,False
KRRO,2023-07-14,VAL 2022-26,0.5829999923706055,29.149999618530277,,,True
KRRO,2026-01-29,VAL 2022-26,14.800000190734863,14.800000190734863,,14.800000190734863,False
KRSA,2023-03-27,VAL 2022-26,0.52999997820173,74.19999694824219,,,True
KRSA,2024-11-27,VAL 2022-26,2.1500000272478377,15.050000190734863,,,True
KRSA,2024-12-04,VAL 2022-26,5.159999847412109,36.119998931884766,,,True
KRSA,2025-01-31,VAL 2022-26,3.3399998801095143,23.3799991607666,,,True
KRSA,2026-01-06,VAL 2022-26,2.169999940054757,15.1899995803833,,,True
KRSA,2026-04-01,VAL 2022-26,5.419999803815569,37.93999862670898,,,True
KRYS,2018-10-15,DEV 2015-21,20.32999992370605,20.32999992370605,,20.32999992370605,False
KRYS,2019-06-24,DEV 2015-21,37.83000183105469,37.83000183105469,,37.83000183105469,False
KRYS,2021-11-29,DEV 2015-21,91.1999969482422,91.1999969482422,,91.1999969482422,False
KSCP,2025-01-06,VAL 2022-26,17.388999938964844,17.388999938964844,17.3887,17.3887,False
KTTA,2021-11-23,DEV 2015-21,6.3700000762939455,6.3700000762939455,,6.3700000762939455,False
KTTA,2021-12-23,DEV 2015-21,2.0,2.0,,2.0,False
KTTA,2023-12-11,VAL 2022-26,0.8300000190734864,0.8300000190734864,,0.8300000190734864,False
KTTA,2024-09-26,VAL 2022-26,7.090000152587891,7.090000152587891,,7.090000152587891,False
KTTA,2025-02-05,VAL 2022-26,3.630000114440918,3.630000114440918,3.63,3.63,False
KTTA,2025-04-10,VAL 2022-26,1.8600000143051147,1.8600000143051147,1.86,1.86,False
KTTA,2025-05-06,VAL 2022-26,2.2100000381469727,2.2100000381469727,2.21,2.21,False
KTTA,2025-11-24,VAL 2022-26,0.4199999868869781,0.4199999868869781,0.4201,0.4201,False
KTTA,2025-11-28,VAL 2022-26,1.4249999523162842,1.4249999523162842,1.425,1.425,False
KULR,2021-06-17,DEV 2015-21,2.9800000190734863,2.9800000190734863,,2.9800000190734863,False
KULR,2024-03-14,VAL 2022-26,0.2000000029802322,0.20000000298023224,,0.2000000029802322,False
KULR,2024-03-26,VAL 2022-26,0.4300000071525574,0.4300000071525574,,0.4300000071525574,False
KULR,2024-11-25,VAL 2022-26,0.6600000262260437,0.6600000262260437,0.6601,0.6601,False
KURA,2016-08-11,DEV 2015-21,6.519999980926514,6.519999980926514,,6.519999980926514,False
KURA,2017-09-08,DEV 2015-21,9.350000381469728,9.350000381469728,,9.350000381469728,False
KURA,2024-01-24,VAL 2022-26,18.399999618530277,18.399999618530277,,18.399999618530277,False
KUST,2015-03-24,DEV 2015-21,15.160000000000002,181920.00000000003,,,True
KUST,2015-12-10,DEV 2015-21,5.700000000000001,68400.00000000001,,,True
KUST,2016-07-08,DEV 2015-21,5.180000000000001,62160.000000000015,,,True
KUST,2017-07-07,DEV 2015-21,4.800000000000001,57600.000000000015,,,True
KUST,2017-10-20,DEV 2015-21,3.0500000000000003,36600.00000000001,,,True
KUST,2020-02-04,DEV 2015-21,1.7500000000000002,21000.000000000004,,,True
KUST,2020-02-14,DEV 2015-21,1.32,15840.000000000004,,,True
KUST,2020-04-06,DEV 2015-21,0.97,11640.000000000002,,,True
KUST,2020-06-01,DEV 2015-21,2.26,27120.000000000004,,,True
KUST,2020-06-08,DEV 2015-21,3.5900000000000003,43080.00000000001,,,True
KUST,2023-06-02,VAL 2022-26,5.05,3030.0000000000005,,,True
KUST,2024-08-14,VAL 2022-26,1.41,846.0000000000001,,,True
KUST,2025-04-02,VAL 2022-26,0.07,42.00000000000001,,,True
KUST,2025-05-08,VAL 2022-26,7.0,2.1000000000000005,,,True
KUST,2026-01-23,VAL 2022-26,3.490000152587891,0.34900001525878915,3.49,3.49,False
KUST,2026-06-03,VAL 2022-26,2.970000028610229,0.2970000028610229,,,True
KUST,2026-06-25,VAL 2022-26,2.150000095367432,0.21500000953674323,2.145,2.145,False
KUST,2026-07-15,VAL 2022-26,1.4900000095367432,0.14900000095367433,,,True
KUST,2026-07-22,VAL 2022-26,1.1699999570846558,0.11699999570846559,,,True
KUST,2026-07-31,VAL 2022-26,1.7599999904632568,0.17599999904632568,,,True
KWR,2020-11-09,DEV 2015-21,263.2900085449219,263.2900085449219,,263.2900085449219,False
KXIN,2020-10-19,DEV 2015-21,3.3,3.3,,3.3,False
KXIN,2020-11-20,DEV 2015-21,3.65,3.65,,3.65,False
KXIN,2021-08-06,DEV 2015-21,2.08,2.08,,2.08,False
KXIN,2021-12-16,DEV 2015-21,1.52,1.52,,1.52,False
KXIN,2022-03-28,VAL 2022-26,1.63,1.6300000000000001,,1.63,False
KXIN,2023-06-02,VAL 2022-26,0.419,0.419,,0.419,False
KXIN,2024-05-17,VAL 2022-26,0.365,0.365,,0.365,False
KXIN,2024-06-11,VAL 2022-26,0.19,0.19,,0.19,False
KXIN,2024-09-23,VAL 2022-26,0.095,0.095,,0.095,False
KXIN,2024-09-30,VAL 2022-26,0.21,0.21,,0.21,False
KXIN,2024-10-02,VAL 2022-26,12.3,0.205,0.205,0.205,False
KXIN,2024-11-13,VAL 2022-26,5.045,5.045,5.045,5.045,False
KXIN,2025-11-17,VAL 2022-26,0.404000006781684,0.404000006781684,0.4042,0.4042,False
KXIN,2025-12-03,VAL 2022-26,3.98999989827474,3.989999898274739,3.99,3.99,False
KXIN,2026-09-17,VAL 2022-26,1.690000057220459,1.690000057220459,,1.690000057220459,False
KYMR,2022-12-14,VAL 2022-26,34.0099983215332,34.0099983215332,,34.0099983215332,False
KYMR,2025-06-02,VAL 2022-26,40.0,40.0,40.0,40.0,False
KYNB,2017-08-08,DEV 2015-21,50.4,1260.0,,,True
KYNB,2025-02-20,VAL 2022-26,0.8040000152587891,20.100000381469727,,,True
KYTX,2025-12-15,VAL 2022-26,12.199999809265137,12.199999809265137,12.2,12.2,False
KZIA,2015-03-04,DEV 2015-21,3.7200000000000006,3.7200000000000006,,3.7200000000000006,False
KZIA,2015-03-18,DEV 2015-21,4.430000000000001,4.430000000000001,,4.430000000000001,False
KZIA,2015-04-09,DEV 2015-21,5.990000000000001,5.990000000000001,,5.990000000000001,False
KZIA,2020-08-07,DEV 2015-21,7.700000000000001,7.700000000000001,,7.700000000000001,False
KZIA,2022-08-05,VAL 2022-26,2.4400000000000004,2.4400000000000004,,2.4400000000000004,False
KZIA,2022-10-27,VAL 2022-26,1.2600000000000002,1.2600000000000002,,1.2600000000000002,False
KZIA,2024-07-10,VAL 2022-26,0.3,0.30000000000000004,,0.3,False
KZIA,2024-07-11,VAL 2022-26,1.0300000000000002,1.0300000000000002,,1.0300000000000002,False
KZIA,2025-01-30,VAL 2022-26,2.160000038146973,2.160000038146973,2.16,2.16,False
KZIA,2025-06-11,VAL 2022-26,10.5,10.5,10.5,10.5,False
KZIA,2025-11-19,VAL 2022-26,7.71999979019165,7.71999979019165,7.72,7.72,False
LAB,2015-10-30,DEV 2015-21,9.329999923706056,9.329999923706056,,9.329999923706056,False
LABT,2026-07-22,VAL 2022-26,6.489999771118164,6.489999771118164,6.49,6.49,False
LAES,2023-12-28,VAL 2022-26,1.7599999904632568,1.7599999904632568,,1.7599999904632568,False
LAES,2024-12-11,VAL 2022-26,1.0449999570846558,1.0449999570846558,1.045,1.045,False
LAES,2024-12-12,VAL 2022-26,1.7100000381469729,1.7100000381469729,1.71,1.71,False
LAKE,2020-02-28,DEV 2015-21,27.25,27.25,,27.25,False
LAKE,2020-06-10,DEV 2015-21,23.959999084472656,23.959999084472656,,23.959999084472656,False
LANV,2022-12-16,VAL 2022-26,9.739999771118164,9.739999771118164,,9.739999771118164,False
LANV,2024-03-07,VAL 2022-26,2.5199999809265137,2.5199999809265137,,2.5199999809265137,False
LASE,2024-04-09,VAL 2022-26,3.9700000286102295,3.9700000286102295,,3.9700000286102295,False
LASE,2025-08-19,VAL 2022-26,4.599999904632568,4.599999904632568,4.6,4.6,False
LASE,2025-09-18,VAL 2022-26,3.9800000190734863,3.9800000190734863,3.98,3.98,False
LASE,2026-06-02,VAL 2022-26,1.2050000429153442,1.2050000429153442,,1.2050000429153442,False
LASR,2023-05-05,VAL 2022-26,11.470000267028809,11.470000267028809,,11.470000267028809,False
LASR,2025-05-09,VAL 2022-26,11.449999809265137,11.449999809265137,11.45,11.45,False
LASR,2025-08-08,VAL 2022-26,27.0,27.0,27.0,27.0,False
LAWR,2025-09-02,VAL 2022-26,2.450000047683716,2.450000047683716,2.45,2.45,False
LBGJ,2026-03-18,VAL 2022-26,7.8,0.078,0.078,0.078,False
LBGJ,2026-03-19,VAL 2022-26,3.9,0.039,,,True
LBGJ,2026-07-31,VAL 2022-26,0.0279999995231628,0.027999999523162844,0.0282,0.0282,False
LBGJ,2026-08-14,VAL 2022-26,3.7100000381469727,3.7100000381469727,,3.7100000381469727,False
LBGJ,2026-09-11,VAL 2022-26,2.5899999141693115,2.5899999141693115,,2.5899999141693115,False
LBTYB,2026-02-06,VAL 2022-26,29.01000022888184,29.01000022888184,29.01,29.01,False
LCFY,2022-10-04,VAL 2022-26,0.6099999904632569,0.6099999904632569,,0.6099999904632569,False
LCFY,2023-06-22,VAL 2022-26,14.59000015258789,14.59000015258789,,14.59000015258789,False
LCFY,2024-07-17,VAL 2022-26,7.210000038146973,7.210000038146973,,7.210000038146973,False
LCFY,2025-06-27,VAL 2022-26,9.8100004196167,9.8100004196167,9.81,9.81,False
LCFY,2026-01-16,VAL 2022-26,5.809999942779541,5.809999942779541,5.81,5.81,False
LCTX,2019-12-24,DEV 2015-21,0.8600000143051147,0.8600000143051147,,0.8600000143051147,False
LCTX,2021-01-20,DEV 2015-21,3.0299999713897705,3.0299999713897705,,3.0299999713897705,False
LE,2019-09-05,DEV 2015-21,9.93000030517578,9.93000030517578,,9.93000030517578,False
LEDS,2016-07-07,DEV 2015-21,5.050000190734863,5.050000190734863,,5.050000190734863,False
LEDS,2017-11-16,DEV 2015-21,8.550000190734863,8.550000190734863,,8.550000190734863,False
LEDS,2018-04-11,DEV 2015-21,7.079999923706055,7.079999923706055,,7.079999923706055,False
LEDS,2019-08-21,DEV 2015-21,2.700000047683716,2.700000047683716,,2.700000047683716,False
LEDS,2020-01-21,DEV 2015-21,2.450000047683716,2.450000047683716,,2.450000047683716,False
LEDS,2025-01-21,VAL 2022-26,2.220000028610229,2.220000028610229,2.22,2.22,False
LEE,2018-06-26,DEV 2015-21,3.2,3.2,,3.2,False
LEE,2020-01-29,DEV 2015-21,2.370000076293945,2.3700000762939455,,2.370000076293945,False
LEGH,2022-08-04,VAL 2022-26,16.649999618530273,16.649999618530273,,16.649999618530273,False
LESL,2026-05-14,VAL 2022-26,1.840000033378601,1.840000033378601,,1.840000033378601,False
LEU,2016-03-08,DEV 2015-21,1.870000004768372,1.870000004768372,,1.870000004768372,False
LEU,2016-03-22,DEV 2015-21,3.569999933242798,3.569999933242798,,3.569999933242798,False
LEXX,2021-07-21,DEV 2015-21,8.379999796549479,8.37999979654948,,8.379999796549479,False
LFMD,2025-03-11,VAL 2022-26,5.429999828338623,5.429999828338623,5.43,5.43,False
LFMD,2025-04-29,VAL 2022-26,8.029999732971191,8.029999732971191,8.03,8.03,False
LFS,2026-02-17,VAL 2022-26,2.9800000190734863,2.9800000190734863,,2.9800000190734863,False
LFS,2026-05-22,VAL 2022-26,3.549999952316284,3.549999952316284,3.55,3.55,False
LFST,2024-02-28,VAL 2022-26,8.0600004196167,8.0600004196167,,8.0600004196167,False
LFVN,2025-01-08,VAL 2022-26,22.0,22.0,22.0,22.0,False
LFVN,2026-06-02,VAL 2022-26,11.710000038146973,11.710000038146973,,11.710000038146973,False
LFWD,2015-12-17,DEV 2015-21,7.82,195.5,,,True
LFWD,2019-02-13,DEV 2015-21,0.357000005812872,8.9250001453218,,,True
LFWD,2019-04-16,DEV 2015-21,4.099999927339099,4.099999927339099,,4.099999927339099,False
LFWD,2019-06-05,DEV 2015-21,7.929999941871279,7.929999941871279,,7.929999941871279,False
LFWD,2020-10-16,DEV 2015-21,1.3999999818347748,1.3999999818347748,,1.3999999818347748,False
LFWD,2020-10-20,DEV 2015-21,1.5989999316987535,1.5989999316987535,,1.5989999316987535,False
LFWD,2020-12-10,DEV 2015-21,1.437999997820173,1.4379999978201727,,1.437999997820173,False
LFWD,2021-11-05,DEV 2015-21,1.7699999128069197,1.7699999128069195,,1.7699999128069197,False
LFWD,2025-01-06,VAL 2022-26,3.390000025431315,3.390000025431315,3.39,3.39,False
LGCL,2025-01-29,VAL 2022-26,0.755,0.755,0.755,0.755,False
LGCL,2025-06-20,VAL 2022-26,0.8330000000000001,0.8330000000000001,0.833,0.833,False
LGCL,2025-11-03,VAL 2022-26,3.29,3.29,3.29,3.29,False
LGCL,2026-06-29,VAL 2022-26,1.23,1.23,1.23,1.23,False
LGCL,2026-07-23,VAL 2022-26,1.59,1.59,1.59,1.59,False
LGCL,2026-08-26,VAL 2022-26,0.056,0.056,,0.056,False
LGCY,2024-11-15,VAL 2022-26,6.900000095367432,6.900000095367432,6.9,6.9,False
LGHL,2020-07-16,DEV 2015-21,8.400000000000002,8.400000000000002,,8.400000000000002,False
LGHL,2021-01-08,DEV 2015-21,4.990000000000001,4.990000000000001,,4.990000000000001,False
LGHL,2023-04-28,VAL 2022-26,0.387,0.38700000000000007,,0.387,False
LGHL,2023-05-16,VAL 2022-26,0.166,0.16600000000000004,,0.166,False
LGHL,2023-12-06,VAL 2022-26,1.2000000000000004,1.2000000000000004,,1.2000000000000004,False
LGHL,2025-06-18,VAL 2022-26,4.510000166933761,4.510000166933761,4.51,4.51,False
LGHL,2025-08-28,VAL 2022-26,2.380000083466881,2.380000083466881,2.38,2.38,False
LGHL,2025-09-09,VAL 2022-26,2.2400000417334405,2.2400000417334405,2.24,2.24,False
LGHL,2026-05-27,VAL 2022-26,0.987000020345052,0.9870000203450521,,0.987000020345052,False
LGHL,2026-07-09,VAL 2022-26,3.6900001525878903,0.41000001695421007,,,True
LGHL,2026-07-27,VAL 2022-26,2.0450000762939453,2.0450000762939453,2.045,2.045,False
LGO,2026-07-01,VAL 2022-26,0.7599999904632568,0.7599999904632568,,0.7599999904632568,False
LGPS,2025-07-07,VAL 2022-26,2.0199999809265137,2.0199999809265137,2.02,2.02,False
LGPS,2026-07-13,VAL 2022-26,1.2100000381469729,1.2100000381469729,,1.2100000381469729,False
LGVN,2021-03-11,DEV 2015-21,10.43,10.430000000000001,,10.43,False
LGVN,2021-04-13,DEV 2015-21,9.150000000000002,9.150000000000002,,9.150000000000002,False
LGVN,2021-11-18,DEV 2015-21,3.7200000000000006,3.7200000000000006,,3.7200000000000006,False
LGVN,2022-03-31,VAL 2022-26,9.390000000000002,9.390000000000002,,9.390000000000002,False
LGVN,2024-04-08,VAL 2022-26,3.740000152587891,3.740000152587891,,3.740000152587891,False
LGVN,2024-04-15,VAL 2022-26,2.3899999618530274,2.389999961853028,,2.3899999618530274,False
LGVN,2024-06-13,VAL 2022-26,2.439999961853028,2.4399999618530277,,2.439999961853028,False
LHAI,2026-07-01,VAL 2022-26,1.8200000524520876,1.8200000524520876,1.82,1.82,False
LHAI,2026-09-02,VAL 2022-26,1.225000023841858,1.225000023841858,,1.225000023841858,False
LHSW,2026-02-12,VAL 2022-26,0.2599999904632568,0.25999999046325684,,0.2599999904632568,False
LHSW,2026-07-06,VAL 2022-26,6.800000190734863,6.800000190734863,6.8,6.8,False
LHSW,2026-09-22,VAL 2022-26,1.2699999809265137,1.2699999809265137,1.27,1.27,False
LICN,2024-02-16,VAL 2022-26,1.4900000095367432,0.007450000047683716,,,True
LICN,2024-12-26,VAL 2022-26,0.2820000052452087,0.0014100000262260435,0.2821,0.2821,False
LICN,2025-05-13,VAL 2022-26,5.309999942779541,5.309999942779541,5.31,5.31,False
LICN,2026-03-24,VAL 2022-26,5.460000038146973,5.460000038146973,,5.460000038146973,False
LIDR,2021-10-26,DEV 2015-21,5.37999979654948,5.3799997965494795,,5.37999979654948,False
LIDR,2023-07-28,VAL 2022-26,0.2850000063578288,0.2850000063578288,,0.2850000063578288,False
LIDR,2023-12-27,VAL 2022-26,2.930000066757202,2.930000066757202,,2.930000066757202,False
LIDR,2024-03-18,VAL 2022-26,1.4199999570846558,1.4199999570846558,,1.4199999570846558,False
LIDR,2024-05-10,VAL 2022-26,1.4800000190734863,1.4800000190734863,,1.4800000190734863,False
LIDR,2024-12-27,VAL 2022-26,1.7999999523162842,1.7999999523162842,1.8,1.8,False
LIDR,2025-06-30,VAL 2022-26,1.1100000143051147,1.1100000143051147,1.11,1.11,False
LIDR,2025-07-24,VAL 2022-26,4.03000020980835,4.03000020980835,4.03,4.03,False
LIDR,2026-03-17,VAL 2022-26,2.259999990463257,2.259999990463257,,2.259999990463257,False
LIDR,2026-04-24,VAL 2022-26,2.240000009536743,2.240000009536743,,2.240000009536743,False
LIDR,2026-09-01,VAL 2022-26,1.5750000476837158,1.5750000476837158,,1.5750000476837158,False
LIMN,2025-06-05,VAL 2022-26,21.29,21.29,21.29,21.29,False
LIMN,2025-08-22,VAL 2022-26,3.83,3.83,3.83,3.83,False
LIMN,2026-05-21,VAL 2022-26,0.3070000076293945,0.30700000762939456,0.3073,0.3073,False
LIMN,2026-07-02,VAL 2022-26,0.1660000038146972,0.16600000381469726,,0.1660000038146972,False
LIMN,2026-07-16,VAL 2022-26,0.1410000038146972,0.14100000381469727,,0.1410000038146972,False
LIMN,2026-08-13,VAL 2022-26,7.400000095367432,0.14800000190734863,,,True
LINC,2015-11-04,DEV 2015-21,1.149999976158142,1.149999976158142,,1.149999976158142,False
LIND,2020-11-09,DEV 2015-21,10.0,10.0,,10.0,False
LINK,2023-07-18,VAL 2022-26,16.199999570846558,16.199999570846558,,16.199999570846558,False
LITB,2018-01-08,DEV 2015-21,3.520000139872233,3.520000139872233,,3.520000139872233,False
LITB,2018-01-18,DEV 2015-21,2.6299999554951983,2.6299999554951983,,2.6299999554951983,False
LITB,2019-12-10,DEV 2015-21,1.3700000445048013,1.3700000445048013,,1.3700000445048013,False
LITB,2020-06-19,DEV 2015-21,1.1899999777475991,1.1899999777475991,,1.1899999777475991,False
LITB,2020-08-19,DEV 2015-21,3.6099999745686846,3.6099999745686846,,3.6099999745686846,False
LITS,2015-12-07,DEV 2015-21,1.8799999237060547,37.59999847412109,,,True
LITS,2016-08-08,DEV 2015-21,2.279999923706055,45.59999847412109,,,True
LITS,2020-04-14,DEV 2015-21,3.0600000381469727,61.20000076293945,,,True
LITS,2025-07-18,VAL 2022-26,8.979999542236328,8.979999542236328,,8.979999542236328,False
LIVE,2016-08-15,DEV 2015-21,2.979999860127766,2.9799998601277666,,2.979999860127766,False
LIVE,2016-12-28,DEV 2015-21,31.31999969482422,31.31999969482422,,31.31999969482422,False
LIVE,2017-12-28,DEV 2015-21,23.729999542236328,23.729999542236328,,23.729999542236328,False
LIVE,2018-01-18,DEV 2015-21,18.940000534057617,18.940000534057617,,18.940000534057617,False
LIVE,2021-01-13,DEV 2015-21,30.06999969482422,30.06999969482422,,30.06999969482422,False
LMND,2023-11-02,VAL 2022-26,13.859999656677246,13.859999656677246,,13.859999656677246,False
LNAI,2020-06-08,DEV 2015-21,13.25,13.25,,13.25,False
LNAI,2021-06-14,DEV 2015-21,11.880000305175782,11.88000030517578,,11.880000305175782,False
LNAI,2023-08-07,VAL 2022-26,0.8699999809265138,0.8699999809265138,,0.8699999809265138,False
LNAI,2023-08-09,VAL 2022-26,1.8600000381469728,1.8600000381469728,,1.8600000381469728,False
LNAI,2025-01-06,VAL 2022-26,1.1600000381469726,1.1600000381469726,,1.1600000381469726,False
LNAI,2025-06-03,VAL 2022-26,0.3700000047683716,0.3700000047683716,,0.3700000047683716,False
LNAI,2025-11-05,VAL 2022-26,1.100000023841858,1.100000023841858,1.1,1.1,False
LNAI,2026-03-17,VAL 2022-26,0.5580000281333923,0.5580000281333923,0.5575,0.5575,False
LNAI,2026-03-26,VAL 2022-26,0.9210000038146972,0.9210000038146973,0.9205,0.9205,False
LNAI,2026-06-17,VAL 2022-26,4.739999771118164,4.739999771118164,4.74,4.74,False
LNKS,2026-03-03,VAL 2022-26,1.29,1.29,,1.29,False
LNKS,2026-03-19,VAL 2022-26,0.718,0.718,,0.718,False
LNKS,2026-03-31,VAL 2022-26,0.023,0.023,,0.023,False
LNKS,2026-04-06,VAL 2022-26,2.799999952316284,2.799999952316284,,2.799999952316284,False
LNKS,2026-04-10,VAL 2022-26,2.609999895095825,2.609999895095825,,2.609999895095825,False
LNKS,2026-05-14,VAL 2022-26,1.7599999904632568,1.7599999904632568,,1.7599999904632568,False
LNKS,2026-06-18,VAL 2022-26,2.990000009536743,2.990000009536743,2.99,2.99,False
LNTH,2022-02-24,VAL 2022-26,38.27999877929688,38.27999877929688,,38.27999877929688,False
LOBO,2025-05-13,VAL 2022-26,1.9800000190734863,1.9800000190734863,1.9802,1.9802,False
LOBO,2025-05-15,VAL 2022-26,1.3899999856948853,1.3899999856948853,1.39,1.39,False
LOBO,2025-08-01,VAL 2022-26,0.4900000095367431,0.4900000095367431,0.4904,0.4904,False
LOBO,2025-08-05,VAL 2022-26,1.0299999713897705,1.0299999713897705,1.03,1.03,False
LOBO,2025-11-18,VAL 2022-26,0.4900000095367431,0.4900000095367431,0.4899,0.4899,False
LOBO,2026-04-21,VAL 2022-26,1.1299999952316284,1.1299999952316284,1.13,1.13,False
LOBO,2026-06-02,VAL 2022-26,1.2000000476837158,1.2000000476837158,,1.2000000476837158,False
LOBO,2026-09-21,VAL 2022-26,0.7089999914169312,0.7089999914169312,,0.7089999914169312,False
LOCL,2023-03-29,VAL 2022-26,0.6800000117375301,0.6800000117375301,,0.6800000117375301,False
LOCL,2026-04-21,VAL 2022-26,2.8399999141693115,2.8399999141693115,2.84,2.84,False
LOCO,2024-05-03,VAL 2022-26,10.869999885559082,10.869999885559082,,10.869999885559082,False
LODE,2018-10-03,DEV 2015-21,0.32,0.32000000000000006,,0.32,False
LODE,2018-10-04,DEV 2015-21,0.28,0.28,,0.28,False
LODE,2018-10-16,DEV 2015-21,0.29,0.29000000000000004,,0.29,False
LODE,2020-01-08,DEV 2015-21,0.65,0.65,,0.65,False
LODE,2020-08-17,DEV 2015-21,1.3600000381469728,1.360000038146973,,1.3600000381469728,False
LODE,2021-02-01,DEV 2015-21,2.25,2.25,,2.25,False
LODE,2024-08-08,VAL 2022-26,0.2400000095367431,0.24000000953674322,,0.2400000095367431,False
LODE,2024-12-27,VAL 2022-26,0.6900000095367432,0.6900000095367432,0.685,0.685,False
LODE,2024-12-30,VAL 2022-26,0.8600000381469727,0.8600000381469727,0.86,0.86,False
LOMA,2025-10-27,VAL 2022-26,9.579999923706056,9.579999923706056,9.58,9.58,False
LONA,2024-11-01,VAL 2022-26,0.5889999866485596,0.5889999866485596,,0.5889999866485596,False
LONA,2025-12-18,VAL 2022-26,7.260000228881836,7.260000228881836,,7.260000228881836,False
LOOP,2024-12-13,VAL 2022-26,1.6699999570846558,1.6699999570846558,1.67,1.67,False
LOOP,2026-08-20,VAL 2022-26,0.8930000066757202,0.8930000066757202,,0.8930000066757202,False
LOVE,2020-04-16,DEV 2015-21,8.5,8.5,,8.5,False
LOVE,2022-03-29,VAL 2022-26,56.79999923706055,56.79999923706055,,56.79999923706055,False
LOVE,2026-03-26,VAL 2022-26,13.699999809265137,13.699999809265137,,13.699999809265137,False
LPA,2024-06-06,VAL 2022-26,61.0,61.0,,61.0,False
LPA,2026-06-18,VAL 2022-26,4.369999885559082,4.369999885559082,,4.369999885559082,False
LPCN,2016-10-07,DEV 2015-21,5.200000089757583,5.200000089757583,,5.200000089757583,False
LPCN,2017-06-20,DEV 2015-21,5.059999802533318,5.059999802533318,,5.059999802533318,False
LPCN,2018-02-27,DEV 2015-21,1.6499999551212086,1.6499999551212086,,1.6499999551212086,False
LPCN,2019-01-17,DEV 2015-21,2.345000098733341,2.345000098733341,,2.345000098733341,False
LPCN,2023-07-27,VAL 2022-26,5.389999866485596,5.389999866485596,,5.389999866485596,False
LPTH,2020-02-07,DEV 2015-21,1.0800000429153442,1.0800000429153442,,1.0800000429153442,False
LPTH,2025-09-03,VAL 2022-26,6.019999980926514,6.019999980926514,6.02,6.02,False
LQDT,2024-12-12,VAL 2022-26,31.0,31.0,31.0,31.0,False
LRE,2025-09-15,VAL 2022-26,2.4800000190734863,2.4800000190734863,2.48,2.48,False
LRHC,2024-02-22,VAL 2022-26,0.805,0.805,,0.805,False
LRHC,2024-06-25,VAL 2022-26,0.415,0.41500000000000004,,0.415,False
LRHC,2024-10-23,VAL 2022-26,0.1366666666666667,0.1366666666666667,0.82,0.82,False
LRHC,2025-04-24,VAL 2022-26,0.0291666666666666,0.02916666666666667,0.1745,0.1745,False
LRHC,2025-07-03,VAL 2022-26,2.973333333333334,0.037166666666666674,0.2232,0.2232,False
LRHC,2026-01-09,VAL 2022-26,1.95,0.19500000000000003,1.17,1.17,False
LRHC,2026-01-30,VAL 2022-26,0.75,0.75,4.5,4.5,False
LRHC,2026-02-18,VAL 2022-26,0.3033333460489908,0.30333334604899087,,0.3033333460489908,False
LRHC,2026-03-09,VAL 2022-26,0.2050000031789144,0.2050000031789144,,0.2050000031789144,False
LRMR,2016-01-20,DEV 2015-21,89.5199966430664,89.5199966430664,,89.5199966430664,False
LRMR,2022-08-12,VAL 2022-26,2.4100000858306885,2.4100000858306885,,2.4100000858306885,False
LRMR,2024-02-14,VAL 2022-26,10.84000015258789,10.84000015258789,,10.84000015258789,False
LRMR,2026-02-24,VAL 2022-26,3.5899999141693115,3.5899999141693115,,3.5899999141693115,False
LRN,2022-01-26,VAL 2022-26,32.77000045776367,32.77000045776367,,32.77000045776367,False
LRN,2023-01-25,VAL 2022-26,40.5099983215332,40.5099983215332,,40.5099983215332,False
LSE,2025-03-19,VAL 2022-26,11.4399995803833,11.4399995803833,11.44,11.44,False
LSE,2025-06-16,VAL 2022-26,6.989999771118164,6.989999771118164,6.99,6.99,False
LSE,2025-06-18,VAL 2022-26,9.5,9.5,9.5,9.5,False
LSF,2024-03-13,VAL 2022-26,1.309999942779541,1.309999942779541,,1.309999942779541,False
LSTA,2016-03-14,DEV 2015-21,1.04,15.600000000000001,,,True
LSTA,2017-03-17,DEV 2015-21,7.7,115.5,,,True
LSTA,2018-03-06,DEV 2015-21,6.320000203450521,94.8000030517578,,,True
LSTA,2018-06-20,DEV 2015-21,11.37999979654948,170.6999969482422,,,True
LSTA,2021-01-20,DEV 2015-21,3.53999989827474,53.09999847412109,,,True
LSTA,2022-09-14,VAL 2022-26,9.75,9.75,,9.75,False
LSTA,2022-09-15,VAL 2022-26,9.0,9.0,,9.0,False
LSTA,2026-01-21,VAL 2022-26,3.990000009536743,3.990000009536743,3.99,3.99,False
LSTA,2026-09-17,VAL 2022-26,2.5,2.5,,2.5,False
LTBR,2015-05-18,DEV 2015-21,1.8400000254313151,1.8400000254313151,,1.8400000254313151,False
LTBR,2018-01-22,DEV 2015-21,2.5199999809265137,2.5199999809265137,,2.5199999809265137,False
LTBR,2018-01-25,DEV 2015-21,4.600000063578287,4.600000063578287,,4.600000063578287,False
LTBR,2018-06-20,DEV 2015-21,1.5100000699361165,1.5100000699361165,,1.5100000699361165,False
LTBR,2024-10-21,VAL 2022-26,9.3100004196167,9.3100004196167,9.305,9.305,False
LTH,2024-02-28,VAL 2022-26,15.779999732971191,15.779999732971191,,15.779999732971191,False
LU,2024-03-21,VAL 2022-26,4.869999885559082,4.869999885559082,,4.869999885559082,False
LUCD,2026-01-21,VAL 2022-26,1.590000033378601,1.590000033378601,,1.590000033378601,False
LUCY,2022-10-07,VAL 2022-26,3.039999961853028,3.0399999618530273,,3.039999961853028,False
LUCY,2022-12-28,VAL 2022-26,1.6899999618530277,1.6899999618530275,,1.6899999618530277,False
LUCY,2023-04-11,VAL 2022-26,3.804999923706055,3.8049999237060548,,3.804999923706055,False
LUCY,2023-06-20,VAL 2022-26,2.6799999237060548,2.6799999237060543,,2.6799999237060548,False
LUCY,2023-12-11,VAL 2022-26,0.5449999809265137,0.5449999809265136,,0.5449999809265137,False
LUCY,2024-05-24,VAL 2022-26,0.2329999923706054,0.23299999237060548,,0.2329999923706054,False
LUCY,2024-06-28,VAL 2022-26,0.525,0.525,,0.525,False
LUCY,2024-08-29,VAL 2022-26,6.21999979019165,6.21999979019165,,6.21999979019165,False
LUCY,2024-10-29,VAL 2022-26,10.039999961853027,10.039999961853027,10.04,10.04,False
LUCY,2025-05-14,VAL 2022-26,3.0,3.0,3.0,3.0,False
LUCY,2025-06-20,VAL 2022-26,2.900000095367432,2.900000095367432,2.9,2.9,False
LUCY,2026-01-07,VAL 2022-26,1.7999999523162842,1.7999999523162842,1.8,1.8,False
LUCY,2026-07-06,VAL 2022-26,1.0499999523162842,1.0499999523162842,,1.0499999523162842,False
LUCY,2026-07-08,VAL 2022-26,1.7100000381469729,1.7100000381469729,,1.7100000381469729,False
LUCY,2026-08-24,VAL 2022-26,0.9929999709129332,0.9929999709129332,,0.9929999709129332,False
LUNG,2023-02-23,VAL 2022-26,12.239999771118164,12.239999771118164,,12.239999771118164,False
LUNG,2025-10-28,VAL 2022-26,1.8799999952316284,1.8799999952316284,1.88,1.88,False
LUNR,2023-02-16,VAL 2022-26,15.31999969482422,15.31999969482422,,15.31999969482422,False
LUNR,2023-04-19,VAL 2022-26,12.899999618530272,12.899999618530272,,12.899999618530272,False
LUNR,2024-02-12,VAL 2022-26,6.139999866485596,6.139999866485596,,6.139999866485596,False
LUXE,2024-10-07,VAL 2022-26,5.71999979019165,5.71999979019165,,5.71999979019165,False
LVLU,2022-04-01,VAL 2022-26,8.13999989827474,8.13999989827474,,8.13999989827474,False
LVLU,2025-11-13,VAL 2022-26,5.980000019073486,5.980000019073486,5.98,5.98,False
LVO,2020-06-04,DEV 2015-21,3.920000076293945,3.9200000762939453,,3.920000076293945,False
LVWR,2022-10-03,VAL 2022-26,9.970000267028809,9.970000267028809,,9.970000267028809,False
LVWR,2025-05-28,VAL 2022-26,3.700000047683716,3.700000047683716,3.7,3.7,False
LVWR,2026-07-24,VAL 2022-26,1.2649999856948853,1.2649999856948853,1.265,1.265,False
LVWR,2026-07-28,VAL 2022-26,2.970000028610229,2.970000028610229,,2.970000028610229,False
LWAY,2020-04-15,DEV 2015-21,2.1700000762939453,2.1700000762939453,,2.1700000762939453,False
LWAY,2024-08-13,VAL 2022-26,13.770000457763672,13.770000457763672,,13.770000457763672,False
LXEH,2023-05-02,VAL 2022-26,2.0400000000000005,2.0400000000000005,,2.0400000000000005,False
LXEH,2026-01-26,VAL 2022-26,0.2700000047683716,0.2700000047683716,,0.2700000047683716,False
LXEO,2025-10-07,VAL 2022-26,8.25,8.25,8.25,8.25,False
LXRX,2015-08-03,DEV 2015-21,11.1899995803833,11.1899995803833,,11.1899995803833,False
LXRX,2015-11-06,DEV 2015-21,13.850000381469728,13.850000381469728,,13.850000381469728,False
LXRX,2019-09-11,DEV 2015-21,2.359999895095825,2.359999895095825,,2.359999895095825,False
LXRX,2020-07-21,DEV 2015-21,2.740000009536743,2.740000009536743,,2.740000009536743,False
LXRX,2020-11-17,DEV 2015-21,2.25,2.25,,2.25,False
LXRX,2020-12-08,DEV 2015-21,2.3499999046325684,2.3499999046325684,,2.3499999046325684,False
LXRX,2025-03-28,VAL 2022-26,0.6499999761581421,0.6499999761581421,0.6548,0.6548,False
LXU,2016-05-12,DEV 2015-21,14.95,14.950000000000001,,14.95,False
LXU,2019-07-30,DEV 2015-21,4.819999480247498,4.819999480247496,,4.819999480247498,False
LZ,2022-08-12,VAL 2022-26,13.5,13.5,,13.5,False
LZ,2025-08-08,VAL 2022-26,10.75,10.75,10.75,10.75,False
LZB,2026-06-17,VAL 2022-26,42.18000030517578,42.18000030517578,,42.18000030517578,False
LZM,2026-04-17,VAL 2022-26,5.300000190734863,5.300000190734863,,5.300000190734863,False
MAAS,2025-06-23,VAL 2022-26,4.360000133514404,4.360000133514404,,4.360000133514404,False
MAGN,2024-02-07,VAL 2022-26,2.52999995304988,32.88999938964844,,,True
MAGN,2025-11-20,VAL 2022-26,11.0,11.0,11.0,11.0,False
MAMA,2025-12-09,VAL 2022-26,13.9399995803833,13.9399995803833,13.94,13.94,False
MARA,2017-06-26,DEV 2015-21,0.4199999868869781,0.41999998688697815,,0.4199999868869781,False
MARA,2017-11-24,DEV 2015-21,3.450000047683716,3.450000047683716,,3.450000047683716,False
MARA,2017-11-27,DEV 2015-21,8.699999809265137,8.699999809265137,,8.699999809265137,False
MARA,2018-01-12,DEV 2015-21,5.0,5.0,,5.0,False
MARA,2019-04-02,DEV 2015-21,2.8399999141693115,0.7099999785423279,,,True
MARA,2020-07-27,DEV 2015-21,1.3700000047683716,1.3700000047683716,,1.3700000047683716,False
MASK,2025-12-15,VAL 2022-26,0.4859999847412109,0.48599998474121087,0.4859,0.4859,False
MASK,2025-12-29,VAL 2022-26,0.2579999923706054,0.25799999237060545,0.2577,0.2577,False
MASK,2026-01-05,VAL 2022-26,0.3110000038146973,0.3110000038146973,,0.3110000038146973,False
MASK,2026-03-31,VAL 2022-26,1.6299999952316284,1.6299999952316284,,1.6299999952316284,False
MASK,2026-05-05,VAL 2022-26,2.0199999809265137,2.0199999809265137,,2.0199999809265137,False
MASK,2026-05-28,VAL 2022-26,1.8650000095367432,1.8650000095367432,,1.8650000095367432,False
MASS,2025-01-15,VAL 2022-26,2.5199999809265137,2.5199999809265137,2.52,2.52,False
MASS,2025-03-04,VAL 2022-26,3.5,3.5,3.5,3.5,False
MATV,2025-08-07,VAL 2022-26,7.800000190734863,7.800000190734863,7.795,7.795,False
MATX,2020-07-10,DEV 2015-21,33.9900016784668,33.9900016784668,,33.9900016784668,False
MAX,2024-08-01,VAL 2022-26,18.239999771118164,18.239999771118164,,18.239999771118164,False
MAZE,2025-09-11,VAL 2022-26,21.100000381469727,21.100000381469727,21.1,21.1,False
MB,2026-06-09,VAL 2022-26,7.96999979019165,7.96999979019165,,7.96999979019165,False
MB,2026-08-07,VAL 2022-26,14.300000190734863,14.300000190734863,14.3,14.3,False
MBAI,2016-08-04,DEV 2015-21,1.76000002906436,422.4000069754464,,,True
MBAI,2016-08-05,DEV 2015-21,3.2,768.0,,,True
MBAI,2016-10-24,DEV 2015-21,2.25,540.0,,,True
MBAI,2018-04-25,DEV 2015-21,18.77000034877232,375.4000069754464,,,True
MBAI,2021-01-04,DEV 2015-21,0.722000013078962,14.440000261579238,,,True
MBAI,2021-03-15,DEV 2015-21,4.05,81.0,,,True
MBAI,2024-03-26,VAL 2022-26,2.50999995640346,2.5099999564034596,,2.50999995640346,False
MBAI,2025-01-03,VAL 2022-26,1.4499999455043246,1.4499999455043244,,1.4499999455043246,False
MBAI,2025-02-24,VAL 2022-26,1.0699999673025948,1.0699999673025948,,1.0699999673025948,False
MBAI,2025-09-15,VAL 2022-26,3.050000054495675,3.050000054495675,,3.050000054495675,False
MBC,2023-05-10,VAL 2022-26,10.449999809265137,10.449999809265137,,10.449999809265137,False
MBI,2023-12-08,VAL 2022-26,12.510000228881836,12.510000228881836,,12.510000228881836,False
MBIO,2019-04-18,DEV 2015-21,7.979999999999999,7.9799999999999995,,7.979999999999999,False
MBIO,2024-05-22,VAL 2022-26,0.375,0.375,,0.375,False
MBIO,2024-06-17,VAL 2022-26,0.3879999923706054,0.38799999237060556,,0.3879999923706054,False
MBIO,2024-06-18,VAL 2022-26,0.97,0.97,,0.97,False
MBIO,2024-10-23,VAL 2022-26,0.3420000076293945,0.34200000762939453,0.342,0.342,False
MBIO,2025-07-07,VAL 2022-26,3.559999942779541,3.559999942779541,3.56,3.56,False
MBOT,2015-11-19,DEV 2015-21,0.6200000150704089,5.5800001356336795,,,True
MBOT,2016-08-16,DEV 2015-21,0.4499999999999999,4.05,,,True
MBOT,2016-11-16,DEV 2015-21,12.50999959309896,12.50999959309896,,12.50999959309896,False
MBOT,2017-02-22,DEV 2015-21,6.970000203450521,6.97000020345052,,6.970000203450521,False
MBOT,2019-01-14,DEV 2015-21,4.5,4.5,,4.5,False
MBOT,2020-08-17,DEV 2015-21,11.739999771118164,11.739999771118164,,11.739999771118164,False
MBOT,2021-12-27,DEV 2015-21,9.289999961853027,9.289999961853027,,9.289999961853027,False
MBOT,2023-05-22,VAL 2022-26,1.8799999952316284,1.8799999952316284,,1.8799999952316284,False
MBOT,2023-12-28,VAL 2022-26,1.600000023841858,1.600000023841858,,1.600000023841858,False
MBOT,2024-06-03,VAL 2022-26,1.2000000476837158,1.2000000476837158,,1.2000000476837158,False
MBOT,2025-01-06,VAL 2022-26,2.7699999809265137,2.7699999809265137,2.77,2.77,False
MBOT,2025-04-09,VAL 2022-26,1.7899999618530271,1.7899999618530271,1.79,1.79,False
MBRX,2017-06-21,DEV 2015-21,1.14,1.14,,1.14,False
MBRX,2017-09-26,DEV 2015-21,3.05,3.05,,3.05,False
MBRX,2017-12-05,DEV 2015-21,2.39,2.3899999999999997,,2.39,False
MBRX,2018-02-15,DEV 2015-21,2.62,2.6199999999999997,,2.62,False
MBRX,2019-04-22,DEV 2015-21,1.37,1.3699999999999999,,1.37,False
MBRX,2020-02-05,DEV 2015-21,1.15,1.15,,1.15,False
MBRX,2020-03-17,DEV 2015-21,0.6599999999999999,0.6599999999999999,,0.6599999999999999,False
MBRX,2020-03-19,DEV 2015-21,0.7999999999999999,0.7999999999999999,,0.7999999999999999,False
MBRX,2020-04-08,DEV 2015-21,1.63,1.63,,1.63,False
MBRX,2020-07-15,DEV 2015-21,1.01,1.01,,1.01,False
MBRX,2020-07-21,DEV 2015-21,1.5299999999999998,1.5299999999999998,,1.5299999999999998,False
MBRX,2020-12-01,DEV 2015-21,1.1,1.0999999999999999,,1.1,False
MBRX,2021-02-02,DEV 2015-21,7.41,7.41,,7.41,False
MBRX,2021-03-30,DEV 2015-21,4.51,4.51,,4.51,False
MBRX,2025-02-13,VAL 2022-26,0.6900000000000001,0.6900000000000001,0.6901,0.6901,False
MBRX,2025-02-14,VAL 2022-26,2.02,2.02,2.02,2.02,False
MBRX,2025-07-09,VAL 2022-26,0.6279999923706054,0.6279999923706054,0.6282,0.6282,False
MBX,2025-09-22,VAL 2022-26,22.399999618530277,22.399999618530277,22.4,22.4,False
MCB,2023-03-14,VAL 2022-26,33.529998779296875,33.529998779296875,,33.529998779296875,False
MCHB,2019-10-22,DEV 2015-21,35.439998626708984,35.439998626708984,,35.439998626708984,False
MCHB,2024-01-16,VAL 2022-26,13.65999984741211,13.65999984741211,,13.65999984741211,False
MCHX,2017-02-09,DEV 2015-21,3.5999999046325684,3.5999999046325684,,3.5999999046325684,False
MCRB,2020-08-10,DEV 2015-21,20.130000305175784,20.130000305175784,,20.130000305175784,False
MCRB,2024-01-09,VAL 2022-26,1.9799999237060548,1.9799999237060544,,1.9799999237060548,False
MCRB,2025-09-08,VAL 2022-26,23.850000381469727,23.850000381469727,23.85,23.85,False
MCRI,2025-07-17,VAL 2022-26,107.41999816894533,107.41999816894533,107.42,107.42,False
MDAI,2023-04-12,VAL 2022-26,13.25,13.25,,13.25,False
MDAI,2023-09-07,VAL 2022-26,15.3100004196167,15.3100004196167,,15.3100004196167,False
MDAI,2023-10-19,VAL 2022-26,4.050000190734863,4.050000190734863,,4.050000190734863,False
MDAI,2024-01-29,VAL 2022-26,3.700000047683716,3.700000047683716,,3.700000047683716,False
MDAI,2024-03-12,VAL 2022-26,2.109999895095825,2.109999895095825,,2.109999895095825,False
MDAI,2024-11-26,VAL 2022-26,1.649999976158142,1.649999976158142,1.65,1.65,False
MDGL,2016-04-14,DEV 2015-21,0.35,0.35,,0.35,False
MDGL,2017-12-06,DEV 2015-21,70.0,70.0,,70.0,False
MDIA,2021-06-14,DEV 2015-21,5.690000057220459,5.690000057220459,,5.690000057220459,False
MDIA,2022-08-01,VAL 2022-26,2.509999990463257,2.509999990463257,,2.509999990463257,False
MDIA,2022-08-03,VAL 2022-26,6.400000095367432,6.400000095367432,,6.400000095367432,False
MDIA,2022-12-21,VAL 2022-26,1.309999942779541,1.309999942779541,,1.309999942779541,False
MDIA,2024-04-01,VAL 2022-26,0.8450000286102295,0.8450000286102295,,0.8450000286102295,False
MDIA,2024-04-05,VAL 2022-26,2.2699999809265137,2.2699999809265137,,2.2699999809265137,False
MDRR,2020-10-14,DEV 2015-21,2.0199999809265137,2.0199999809265137,,2.0199999809265137,False
MDRR,2021-12-31,DEV 2015-21,1.2799999713897705,1.2799999713897705,,1.2799999713897705,False
MDWD,2015-09-30,DEV 2015-21,7.879999978201729,7.879999978201729,,7.879999978201729,False
MDWD,2024-07-05,VAL 2022-26,20.51000022888184,20.51000022888184,,20.51000022888184,False
MDXH,2023-04-20,VAL 2022-26,4.010000228881836,0.4010000228881836,,,True
MDXH,2026-08-14,VAL 2022-26,0.6079999804496765,0.6079999804496765,,0.6079999804496765,False
MEC,2021-09-13,DEV 2015-21,17.309999465942383,17.309999465942383,,17.309999465942383,False
MED,2026-08-04,VAL 2022-26,12.029999732971191,12.029999732971191,,12.029999732971191,False
MEDP,2018-07-31,DEV 2015-21,57.4900016784668,57.4900016784668,,57.4900016784668,False
MEDS,2025-05-08,VAL 2022-26,6.6000000000000005,330.0,,,True
MEDS,2025-10-24,VAL 2022-26,0.8869999694824219,44.34999847412109,,,True
MEDS,2026-04-10,VAL 2022-26,0.1510000038146972,7.550000190734863,,,True
MEDS,2026-05-13,VAL 2022-26,5.449999809265137,5.449999809265137,,5.449999809265137,False
MEDS,2026-05-28,VAL 2022-26,3.930000066757202,3.930000066757202,,3.930000066757202,False
MEDS,2026-09-16,VAL 2022-26,4.034999847412109,4.034999847412109,4.035,4.035,False
MEGL,2023-01-05,VAL 2022-26,1.6200000047683716,0.4050000011920929,,,True
MEGL,2023-04-28,VAL 2022-26,4.179999828338623,1.0449999570846558,,,True
MEGL,2025-01-06,VAL 2022-26,1.25,0.3125,1.25,1.25,False
MEGL,2025-05-07,VAL 2022-26,1.659999966621399,1.659999966621399,1.66,1.66,False
MEGL,2025-06-10,VAL 2022-26,2.140000104904175,2.140000104904175,2.14,2.14,False
MEI,2024-12-05,VAL 2022-26,15.199999809265137,15.199999809265137,,15.199999809265137,False
MERC,2026-08-27,VAL 2022-26,0.6499999761581421,0.6499999761581421,0.65,0.65,False
MESO,2016-03-02,DEV 2015-21,9.829999923706056,9.829999923706055,,9.829999923706056,False
MESO,2020-03-10,DEV 2015-21,8.039999961853027,8.039999961853027,,8.039999961853027,False
MESO,2020-04-06,DEV 2015-21,6.0,6.0,,6.0,False
MESO,2020-04-09,DEV 2015-21,7.159999847412109,7.15999984741211,,7.159999847412109,False
MESO,2020-04-24,DEV 2015-21,15.609999656677246,15.609999656677244,,15.609999656677246,False
MESO,2020-08-14,DEV 2015-21,18.40999984741211,18.40999984741211,,18.40999984741211,False
MESO,2021-01-11,DEV 2015-21,12.90999984741211,12.90999984741211,,12.90999984741211,False
MESO,2024-03-26,VAL 2022-26,2.819999933242798,2.819999933242798,,2.819999933242798,False
MESO,2024-03-28,VAL 2022-26,4.460000038146973,4.460000038146973,,4.460000038146973,False
MESO,2024-12-19,VAL 2022-26,18.68000030517578,18.68000030517578,18.68,18.68,False
MESO,2025-07-18,VAL 2022-26,15.399999618530272,15.399999618530272,15.4,15.4,False
METC,2020-05-27,DEV 2015-21,3.240000037107468,3.1928239864177703,,3.240000037107468,False
MF,2026-05-12,VAL 2022-26,9.949999809265137,9.949999809265137,,9.949999809265137,False
MF,2026-06-12,VAL 2022-26,6.039999961853027,6.039999961853027,,6.039999961853027,False
MF,2026-08-14,VAL 2022-26,13.039999961853027,13.039999961853027,,13.039999961853027,False
MFI,2024-06-05,VAL 2022-26,2.1600000858306885,2.1600000858306885,,2.1600000858306885,False
MFI,2025-01-03,VAL 2022-26,1.350000023841858,1.350000023841858,1.35,1.35,False
MFI,2025-02-25,VAL 2022-26,0.8949999809265137,0.8949999809265137,0.8951,0.8951,False
MFI,2025-09-15,VAL 2022-26,57.560001373291016,57.560001373291016,57.56,57.56,False
MFI,2025-11-21,VAL 2022-26,13.760000228881836,13.760000228881836,13.76,13.76,False
MFI,2025-11-24,VAL 2022-26,13.760000228881836,13.760000228881836,13.76,13.76,False
MFIN,2017-02-01,DEV 2015-21,2.740000009536743,2.740000009536743,,2.740000009536743,False
MFIN,2017-03-08,DEV 2015-21,2.0999999046325684,2.0999999046325684,,2.0999999046325684,False
MGIH,2023-04-21,VAL 2022-26,2.059999942779541,2.059999942779541,,2.059999942779541,False
MGIH,2023-06-13,VAL 2022-26,2.940000057220459,2.940000057220459,,2.940000057220459,False
MGIH,2024-02-12,VAL 2022-26,1.850000023841858,1.850000023841858,,1.850000023841858,False
MGIH,2024-12-26,VAL 2022-26,4.079999923706055,4.079999923706055,4.08,4.08,False
MGIH,2025-09-09,VAL 2022-26,2.900000095367432,2.900000095367432,2.9,2.9,False
MGIH,2025-09-12,VAL 2022-26,2.7100000381469727,2.7100000381469727,2.71,2.71,False
MGIH,2025-09-19,VAL 2022-26,2.940000057220459,2.940000057220459,2.94,2.94,False
MGLD,2026-01-30,VAL 2022-26,1.2000000476837158,1.2000000476837158,,1.2000000476837158,False
MGLD,2026-09-25,VAL 2022-26,1.950000047683716,1.950000047683716,1.95,1.95,False
MGN,2026-03-31,VAL 2022-26,0.171999994913737,6.87999979654948,,,True
MGN,2026-05-19,VAL 2022-26,0.1869999949137369,7.47999979654948,,,True
MGN,2026-06-24,VAL 2022-26,0.27,10.8,0.27,0.27,False
MGN,2026-08-03,VAL 2022-26,0.1209999974568685,4.83999989827474,0.1209,0.1209,False
MGN,2026-09-09,VAL 2022-26,10.380000114440918,0.34600000381469725,0.3459,0.3459,False
MGN,2026-09-16,VAL 2022-26,4.829999923706055,0.1609999974568685,,,True
MGNI,2018-03-15,DEV 2015-21,2.220000028610229,2.220000028610229,,2.220000028610229,False
MGNI,2022-11-10,VAL 2022-26,7.199999809265137,7.199999809265137,,7.199999809265137,False
MGNI,2024-05-09,VAL 2022-26,10.800000190734863,10.800000190734863,,10.800000190734863,False
MGNX,2017-10-25,DEV 2015-21,20.559999465942383,20.559999465942383,,20.559999465942383,False
MGNX,2019-02-06,DEV 2015-21,29.3700008392334,29.3700008392334,,29.3700008392334,False
MGNX,2024-11-06,VAL 2022-26,4.590000152587891,4.590000152587891,4.59,4.59,False
MGNX,2025-06-10,VAL 2022-26,2.005000114440918,2.005000114440918,2.005,2.005,False
MGPI,2019-02-27,DEV 2015-21,99.88999938964844,99.88999938964844,,99.88999938964844,False
MGRX,2023-04-21,VAL 2022-26,1.759999974568685,1.7599999745686852,,1.759999974568685,False
MGRX,2023-06-08,VAL 2022-26,1.8300000508626304,1.8300000508626302,,1.8300000508626304,False
MGRX,2023-10-19,VAL 2022-26,0.8200000127156576,0.8200000127156576,,0.8200000127156576,False
MGRX,2024-05-21,VAL 2022-26,0.4710000038146972,0.47100000381469725,,0.4710000038146972,False
MGRX,2024-10-01,VAL 2022-26,6.210000038146973,0.4140000025431315,0.4138,0.4138,False
MGRX,2025-11-13,VAL 2022-26,2.1700000762939453,2.1700000762939453,2.17,2.17,False
MGRX,2026-02-20,VAL 2022-26,0.6240000128746033,0.6240000128746033,0.6235,0.6235,False
MGRX,2026-03-23,VAL 2022-26,0.3939999938011169,0.3939999938011169,0.3938,0.3938,False
MGRX,2026-07-31,VAL 2022-26,0.640999972820282,0.640999972820282,0.641,0.641,False
MGTX,2019-01-31,DEV 2015-21,12.300000190734863,12.300000190734863,,12.300000190734863,False
MGTX,2021-10-18,DEV 2015-21,17.719999313354492,17.719999313354492,,17.719999313354492,False
MGTX,2024-10-15,VAL 2022-26,5.849999904632568,5.849999904632568,5.85,5.85,False
MGTX,2025-03-13,VAL 2022-26,7.730000019073486,7.730000019073486,7.73,7.73,False
MGX,2024-12-09,VAL 2022-26,2.4800000190734863,2.4800000190734863,2.48,2.48,False
MGX,2025-01-22,VAL 2022-26,3.3399999141693115,3.3399999141693115,3.34,3.34,False
MH,2026-02-12,VAL 2022-26,14.949999809265137,14.949999809265137,,14.949999809265137,False
MI,2020-12-17,DEV 2015-21,1.7,0.02125,,,True
MI,2023-08-04,VAL 2022-26,0.33,0.004125,,,True
MI,2026-03-25,VAL 2022-26,0.3449999988079071,0.004312499985098839,,,True
MIMI,2026-02-09,VAL 2022-26,0.3700000047683716,0.3700000047683716,,0.3700000047683716,False
MIMI,2026-02-13,VAL 2022-26,0.478000020980835,0.478000020980835,0.4784,0.4784,False
MIMI,2026-02-25,VAL 2022-26,0.4440000057220459,0.4440000057220459,,0.4440000057220459,False
MIMI,2026-05-28,VAL 2022-26,4.414999961853027,4.414999961853027,,4.414999961853027,False
MIMI,2026-06-25,VAL 2022-26,3.910000085830689,3.910000085830689,,3.910000085830689,False
MIMI,2026-07-13,VAL 2022-26,3.109999895095825,3.109999895095825,,3.109999895095825,False
MIMI,2026-08-27,VAL 2022-26,2.299999952316284,2.299999952316284,,2.299999952316284,False
MIMI,2026-09-03,VAL 2022-26,1.1549999713897705,1.1549999713897705,1.155,1.155,False
MIND,2020-12-16,DEV 2015-21,0.215,2.15,,,True
MIND,2023-05-15,VAL 2022-26,0.0509999990463256,0.5099999904632568,,,True
MIND,2025-04-23,VAL 2022-26,6.599999904632568,6.599999904632568,6.6,6.6,False
MIRA,2023-09-18,VAL 2022-26,3.819999933242798,3.819999933242798,,3.819999933242798,False
MIRA,2024-03-08,VAL 2022-26,1.340000033378601,1.340000033378601,,1.340000033378601,False
MIRA,2024-07-15,VAL 2022-26,0.9160000085830688,0.9160000085830688,,0.9160000085830688,False
MIRA,2024-07-22,VAL 2022-26,1.309999942779541,1.309999942779541,,1.309999942779541,False
MIRA,2024-08-26,VAL 2022-26,2.640000104904175,2.640000104904175,,2.640000104904175,False
MIRA,2025-04-16,VAL 2022-26,1.2899999618530271,1.2899999618530271,1.29,1.29,False
MIRA,2025-10-16,VAL 2022-26,2.3350000381469727,2.3350000381469727,2.335,2.335,False
MIRM,2019-12-16,DEV 2015-21,11.399999618530272,11.399999618530272,,11.399999618530272,False
MIST,2020-03-25,DEV 2015-21,2.400000095367432,2.400000095367432,,2.400000095367432,False
MIST,2020-07-23,DEV 2015-21,7.760000228881836,7.760000228881836,,7.760000228881836,False
MIST,2025-12-15,VAL 2022-26,2.9100000858306885,2.9100000858306885,2.91,2.91,False
MITK,2024-12-17,VAL 2022-26,11.420000076293944,11.420000076293944,11.42,11.42,False
MITK,2025-05-09,VAL 2022-26,11.390000343322754,11.390000343322754,11.39,11.39,False
MITK,2026-08-07,VAL 2022-26,20.5,20.5,,20.5,False
MITQ,2021-11-12,DEV 2015-21,3.289999961853028,3.289999961853028,,3.289999961853028,False
MITQ,2022-02-09,VAL 2022-26,1.5099999904632568,1.5099999904632568,,1.5099999904632568,False
MITQ,2022-04-22,VAL 2022-26,1.5099999904632568,1.5099999904632568,,1.5099999904632568,False
MITQ,2022-05-17,VAL 2022-26,1.340000033378601,1.340000033378601,,1.340000033378601,False
MITQ,2022-06-24,VAL 2022-26,1.399999976158142,1.399999976158142,,1.399999976158142,False
MITQ,2023-02-01,VAL 2022-26,1.440000057220459,1.440000057220459,,1.440000057220459,False
MITQ,2024-06-05,VAL 2022-26,1.2000000476837158,1.2000000476837158,,1.2000000476837158,False
MITQ,2025-01-15,VAL 2022-26,0.9800000190734864,0.9800000190734864,0.98,0.98,False
MITQ,2025-06-20,VAL 2022-26,0.8999999761581421,0.8999999761581421,0.9,0.9,False
MITQ,2025-09-10,VAL 2022-26,1.2000000476837158,1.2000000476837158,1.2,1.2,False
MKDW,2024-08-02,VAL 2022-26,4.06999994913737,4.06999994913737,,4.06999994913737,False
MKDW,2024-08-13,VAL 2022-26,1.3599999745686848,1.3599999745686848,,1.3599999745686848,False
MKDW,2025-06-05,VAL 2022-26,0.5670000076293945,0.5670000076293945,0.567,0.567,False
MKDW,2026-01-05,VAL 2022-26,6.449999809265137,0.21499999364217123,,,True
MKZR,2025-02-13,VAL 2022-26,2.5500000000000003,2.5500000000000003,2.55,2.55,False
MKZR,2025-02-24,VAL 2022-26,2.379999923706055,2.379999923706055,2.38,2.38,False
MLEC,2022-12-30,VAL 2022-26,13.46,13.46,,13.46,False
MLEC,2023-02-27,VAL 2022-26,8.93,8.93,,8.93,False
MLEC,2024-01-11,VAL 2022-26,2.64,2.64,,2.64,False
MLEC,2024-04-22,VAL 2022-26,2.97,2.97,,2.97,False
MLEC,2026-01-21,VAL 2022-26,6.119999885559082,6.119999885559082,,6.119999885559082,False
MLEC,2026-02-13,VAL 2022-26,11.170000076293944,11.170000076293944,11.17,11.17,False
MLEC,2026-04-06,VAL 2022-26,8.6899995803833,8.6899995803833,,8.6899995803833,False
MLGO,2022-12-13,VAL 2022-26,58.150000000000006,58.150000000000006,,58.150000000000006,False
MLGO,2022-12-14,VAL 2022-26,5.170000000000001,5.170000000000001,,5.170000000000001,False
MLGO,2023-01-26,VAL 2022-26,2.8200000000000003,2.8200000000000003,,2.8200000000000003,False
MLGO,2023-09-22,VAL 2022-26,5.510000000000001,5.510000000000001,,5.510000000000001,False
MLGO,2023-12-06,VAL 2022-26,4.130000000000001,4.130000000000001,,4.130000000000001,False
MLGO,2024-02-08,VAL 2022-26,0.9200000000000002,0.9200000000000002,,0.9200000000000002,False
MLGO,2024-03-25,VAL 2022-26,6.380000000000001,6.380000000000001,,6.380000000000001,False
MLGO,2024-06-04,VAL 2022-26,5.1000000000000005,5.1000000000000005,,5.1000000000000005,False
MLGO,2024-08-20,VAL 2022-26,0.7000000000000001,0.7000000000000001,,0.7000000000000001,False
MLGO,2024-09-25,VAL 2022-26,0.271000010172526,0.27100001017252606,,0.271000010172526,False
MLGO,2024-12-31,VAL 2022-26,6.9,6.8999999999999995,6.9,6.9,False
MLGO,2025-01-27,VAL 2022-26,2.2600001017252604,2.2600001017252604,2.26,2.26,False
MLGO,2025-02-21,VAL 2022-26,3.13000005086263,3.13000005086263,3.1301,3.1301,False
MLKN,2023-09-27,VAL 2022-26,23.71999931335449,23.71999931335449,,23.71999931335449,False
MLSS,2018-12-12,DEV 2015-21,0.5299999713897705,0.5299999713897705,,0.5299999713897705,False
MLSS,2019-01-28,DEV 2015-21,0.6000000238418579,0.6000000238418579,,0.6000000238418579,False
MLSS,2019-06-04,DEV 2015-21,0.449999988079071,0.449999988079071,,0.449999988079071,False
MLTX,2023-06-26,VAL 2022-26,50.505001068115234,50.505001068115234,,50.505001068115234,False
MLYS,2025-03-10,VAL 2022-26,14.130000114440918,14.130000114440918,14.13,14.13,False
MLYS,2025-09-02,VAL 2022-26,22.63999938964844,22.63999938964844,22.64,22.64,False
MMA,2025-04-11,VAL 2022-26,1.0,1.0,1.0,1.0,False
MMA,2025-06-27,VAL 2022-26,1.4500000476837158,1.4500000476837158,1.45,1.45,False
MMA,2025-09-09,VAL 2022-26,1.5499999523162842,1.5499999523162842,1.55,1.55,False
MMA,2026-08-20,VAL 2022-26,0.4959999918937683,0.4959999918937683,,0.4959999918937683,False
MMYT,2016-01-07,DEV 2015-21,20.01000022888184,20.01000022888184,,20.01000022888184,False
MNDR,2025-02-20,VAL 2022-26,0.4240000089009603,0.42400000890096035,0.4235,0.4235,False
MNDR,2025-11-20,VAL 2022-26,2.5700000127156573,2.5700000127156573,2.57,2.57,False
MNDR,2025-11-21,VAL 2022-26,3.884999910990397,3.884999910990397,3.885,3.885,False
MNDR,2026-02-18,VAL 2022-26,1.1099999745686848,1.1099999745686848,,1.1099999745686848,False
MNDR,2026-03-20,VAL 2022-26,1.1799999872843423,1.1799999872843423,,1.1799999872843423,False
MNDR,2026-05-04,VAL 2022-26,1.3300000031789143,1.3300000031789143,,1.3300000031789143,False
MNKD,2016-11-10,DEV 2015-21,0.5699999809265137,0.5699999809265137,,0.5699999809265137,False
MNKD,2017-04-07,DEV 2015-21,1.559999942779541,1.559999942779541,,1.559999942779541,False
MNKD,2018-09-04,DEV 2015-21,1.649999976158142,1.649999976158142,,1.649999976158142,False
MNKD,2025-09-02,VAL 2022-26,6.059999942779541,6.059999942779541,6.06,6.06,False
MNKD,2026-05-06,VAL 2022-26,3.440000057220459,3.440000057220459,,3.440000057220459,False
MNOV,2015-04-16,DEV 2015-21,5.25,5.25,,5.25,False
MNOV,2015-07-27,DEV 2015-21,4.579999923706055,4.579999923706055,,4.579999923706055,False
MNOV,2018-04-02,DEV 2015-21,12.800000190734863,12.800000190734863,,12.800000190734863,False
MNOV,2020-04-09,DEV 2015-21,5.440000057220459,5.440000057220459,,5.440000057220459,False
MNOV,2020-09-23,DEV 2015-21,6.659999847412109,6.659999847412109,,6.659999847412109,False
MNOV,2021-03-10,DEV 2015-21,9.850000381469728,9.850000381469728,,9.850000381469728,False
MNOV,2021-06-21,DEV 2015-21,5.010000228881836,5.010000228881836,,5.010000228881836,False
MNPR,2020-06-16,DEV 2015-21,10.95999984741211,10.95999984741211,,10.95999984741211,False
MNPR,2020-08-12,DEV 2015-21,13.639999389648438,13.639999389648438,,13.639999389648438,False
MNPR,2021-01-28,DEV 2015-21,11.05,11.05,,11.05,False
MNPR,2021-02-11,DEV 2015-21,15.95,15.950000000000001,,15.95,False
MNPR,2021-03-30,DEV 2015-21,6.990000152587891,6.990000152587891,,6.990000152587891,False
MNPR,2023-06-01,VAL 2022-26,1.2800000190734864,1.2800000190734864,,1.2800000190734864,False
MNPR,2023-08-08,VAL 2022-26,0.9140000343322754,0.9140000343322754,,0.9140000343322754,False
MNPR,2023-11-01,VAL 2022-26,0.6619999885559082,0.6619999885559082,,0.6619999885559082,False
MNPR,2024-02-20,VAL 2022-26,1.4300000190734865,1.4300000190734865,,1.4300000190734865,False
MNPR,2024-02-22,VAL 2022-26,0.7800000190734864,0.7800000190734865,,0.7800000190734864,False
MNPR,2024-09-12,VAL 2022-26,5.150000095367432,5.150000095367432,,5.150000095367432,False
MNRO,2025-05-28,VAL 2022-26,16.700000762939453,16.700000762939453,16.7,16.7,False
MNTN,2026-02-11,VAL 2022-26,11.5,11.5,,11.5,False
MNTS,2021-01-14,DEV 2015-21,22.08,22.088835534213683,,22.08,False
MNTS,2022-04-07,VAL 2022-26,3.98,3.981592637054822,,3.98,False
MNTS,2023-05-12,VAL 2022-26,0.535,0.5352140856342537,,0.535,False
MNTS,2023-10-16,VAL 2022-26,3.75,3.7515006002400955,,3.75,False
MNTS,2024-05-30,VAL 2022-26,0.681,0.6812725090036014,,0.681,False
MNTS,2024-08-23,VAL 2022-26,1.09,1.0904361744697877,,1.09,False
MNTS,2024-10-09,VAL 2022-26,0.667,0.667266906762705,0.667,0.667,False
MNTS,2024-12-17,VAL 2022-26,9.960000244140623,9.963985838476015,9.96,9.96,False
MNTS,2025-02-10,VAL 2022-26,4.69,4.691876750700279,4.69,4.69,False
MNTS,2025-06-30,VAL 2022-26,1.729999969482422,1.7306922463809742,1.73,1.73,False
MNTS,2025-08-13,VAL 2022-26,1.89,1.8907563025210083,1.89,1.89,False
MNTS,2025-12-10,VAL 2022-26,17.25,0.9663865546218486,0.9657,0.9657,False
MNTS,2026-01-05,VAL 2022-26,9.899999618530272,9.899999618530272,9.9,9.9,False
MNTS,2026-02-09,VAL 2022-26,7.480000019073486,7.480000019073486,,7.480000019073486,False
MNTS,2026-05-26,VAL 2022-26,12.960000038146973,12.960000038146973,12.96,12.96,False
MNY,2024-02-20,VAL 2022-26,3.240000009536743,3.240000009536743,,3.240000009536743,False
MOB,2023-02-21,VAL 2022-26,2.619999885559082,2.619999885559082,,2.619999885559082,False
MOB,2023-03-01,VAL 2022-26,2.0299999713897705,2.0299999713897705,,2.0299999713897705,False
MOB,2023-07-10,VAL 2022-26,2.940000057220459,2.940000057220459,,2.940000057220459,False
MOB,2023-10-10,VAL 2022-26,2.140000104904175,2.140000104904175,,2.140000104904175,False
MOB,2024-12-02,VAL 2022-26,2.4600000381469727,2.4600000381469727,2.46,2.46,False
MOBX,2024-08-22,VAL 2022-26,1.35,1.35,,1.35,False
MOBX,2026-01-05,VAL 2022-26,0.397000002861023,0.397000002861023,,0.397000002861023,False
MOBX,2026-02-04,VAL 2022-26,0.3160000085830688,0.31600000858306887,0.3158,0.3158,False
MOBX,2026-03-03,VAL 2022-26,0.4579999923706055,0.4579999923706055,0.4578,0.4578,False
MOBX,2026-05-14,VAL 2022-26,2.9200000762939453,2.9200000762939453,2.92,2.92,False
MOBX,2026-09-08,VAL 2022-26,1.184999942779541,1.184999942779541,,1.184999942779541,False
MODD,2023-08-17,VAL 2022-26,1.209999974568685,1.209999974568685,,1.209999974568685,False
MODD,2024-09-05,VAL 2022-26,2.4100001017252604,2.4100001017252604,,2.4100001017252604,False
MOGU,2020-07-31,DEV 2015-21,4.25,4.25,,4.25,False
MOGU,2021-07-27,DEV 2015-21,1.25,1.25,,1.25,False
MOGU,2022-09-09,VAL 2022-26,2.809999942779541,2.809999942779541,,2.809999942779541,False
MOGU,2025-09-11,VAL 2022-26,7.110000133514404,7.110000133514404,7.11,7.11,False
MOLN,2022-01-10,VAL 2022-26,20.34000015258789,20.34000015258789,,20.34000015258789,False
MOLN,2024-06-20,VAL 2022-26,10.079999923706056,10.079999923706056,,10.079999923706056,False
MOLN,2024-10-21,VAL 2022-26,6.079999923706055,6.079999923706055,6.08,6.08,False
MOVE,2025-05-19,VAL 2022-26,1.2299999368667602,1.2299999368667602,1.23,1.23,False
MOVE,2025-07-15,VAL 2022-26,0.7269999751091004,0.7269999751091004,0.7273,0.7273,False
MOVE,2025-08-29,VAL 2022-26,1.1349999254226686,1.1349999254226686,1.135,1.135,False
MOVE,2025-11-10,VAL 2022-26,13.529999176025392,13.529999176025392,13.53,13.53,False
MOVE,2026-01-23,VAL 2022-26,20.13999983596802,20.13999983596802,20.14,20.14,False
MOVE,2026-08-04,VAL 2022-26,18.780000686645508,18.780000686645508,18.78,18.78,False
MOVE,2026-08-31,VAL 2022-26,15.09000015258789,15.09000015258789,,15.09000015258789,False
MPAA,2016-08-09,DEV 2015-21,34.27000045776367,34.27000045776367,,34.27000045776367,False
MPAA,2019-01-08,DEV 2015-21,23.0,23.0,,23.0,False
MPAA,2019-11-12,DEV 2015-21,24.600000381469727,24.600000381469727,,24.600000381469727,False
MPAA,2025-02-10,VAL 2022-26,7.670000076293945,7.670000076293945,7.67,7.67,False
MPAA,2026-06-08,VAL 2022-26,14.010000228881836,14.010000228881836,,14.010000228881836,False
MPU,2020-05-20,DEV 2015-21,3.0000001192092896,0.15000000596046448,,,True
MPU,2020-12-15,DEV 2015-21,2.849999964237213,0.14249999821186066,,,True
MPU,2020-12-28,DEV 2015-21,6.000000238418579,0.30000001192092896,,,True
MRAM,2020-05-08,DEV 2015-21,4.0,4.0,,4.0,False
MRAM,2021-11-12,DEV 2015-21,7.960000038146973,7.960000038146973,,7.960000038146973,False
MRAM,2026-04-30,VAL 2022-26,18.059999465942383,18.059999465942383,,18.059999465942383,False
MRCY,2024-11-06,VAL 2022-26,41.13999938964844,41.13999938964844,41.135,41.135,False
MRCY,2025-02-05,VAL 2022-26,52.25,52.25,52.25,52.25,False
MRDN,2022-03-17,VAL 2022-26,10.59000015258789,10.590000152587889,,10.59000015258789,False
MREO,2020-02-10,DEV 2015-21,1.8799999952316284,1.8799999952316284,,1.8799999952316284,False
MREO,2020-04-16,DEV 2015-21,1.600000023841858,1.600000023841858,,1.600000023841858,False
MREO,2020-06-04,DEV 2015-21,2.900000095367432,2.900000095367432,,2.900000095367432,False
MREO,2020-12-18,DEV 2015-21,2.9800000190734863,2.9800000190734863,,2.9800000190734863,False
MREO,2022-06-17,VAL 2022-26,1.190000057220459,1.190000057220459,,1.190000057220459,False
MREO,2026-08-11,VAL 2022-26,0.3689999878406524,0.3689999878406524,,0.3689999878406524,False
MRKR,2021-03-19,DEV 2015-21,2.2200000762939456,2.2200000762939456,,2.2200000762939456,False
MRKR,2021-03-22,DEV 2015-21,2.9200000762939453,2.9200000762939453,,2.9200000762939453,False
MRKR,2022-08-05,VAL 2022-26,0.6000000000000001,0.6000000000000001,,0.6000000000000001,False
MRKR,2023-05-31,VAL 2022-26,1.850000023841858,1.850000023841858,,1.850000023841858,False
MRLN,2026-06-05,VAL 2022-26,9.1899995803833,9.1899995803833,,9.1899995803833,False
MRM,2021-09-23,DEV 2015-21,15.395000457763672,15.395000457763672,,15.395000457763672,False
MRM,2024-08-26,VAL 2022-26,7.010000228881836,7.010000228881836,,7.010000228881836,False
MRM,2025-03-14,VAL 2022-26,0.7929999828338623,0.7929999828338623,0.7928,0.7928,False
MRM,2025-08-08,VAL 2022-26,2.0299999713897705,2.0299999713897705,2.03,2.03,False
MRM,2025-09-26,VAL 2022-26,4.230000019073486,4.230000019073486,4.23,4.23,False
MRM,2026-05-22,VAL 2022-26,1.2100000381469729,1.2100000381469729,,1.2100000381469729,False
MRNO,2024-03-22,VAL 2022-26,22.0,22.0,,22.0,False
MRNO,2026-01-28,VAL 2022-26,2.799999952316284,2.799999952316284,2.8,2.8,False
MRNO,2026-03-10,VAL 2022-26,0.777999997138977,0.777999997138977,,0.777999997138977,False
MRNO,2026-05-15,VAL 2022-26,0.5,0.5,0.5,0.5,False
MRTN,2018-01-26,DEV 2015-21,28.450000762939453,28.450000762939453,,28.450000762939453,False
MRVI,2024-02-23,VAL 2022-26,6.949999809265137,6.949999809265137,,6.949999809265137,False
MSAI,2023-12-21,VAL 2022-26,5.090000152587891,5.090000152587891,,5.090000152587891,False
MSAI,2025-01-07,VAL 2022-26,3.1500000000000004,3.1500000000000004,3.15,3.15,False
MSAI,2025-10-29,VAL 2022-26,1.05,1.05,1.05,1.05,False
MSAI,2026-06-03,VAL 2022-26,6.760000228881836,6.760000228881836,,6.760000228881836,False
MSGM,2022-11-10,VAL 2022-26,8.210000038146973,8.210000038146973,,8.210000038146973,False
MSGM,2023-01-31,VAL 2022-26,7.420000076293945,7.420000076293945,,7.420000076293945,False
MSGM,2024-09-03,VAL 2022-26,1.5099999904632568,1.5099999904632568,,1.5099999904632568,False
MSGM,2024-09-25,VAL 2022-26,1.350000023841858,1.350000023841858,,1.350000023841858,False
MSGM,2025-11-07,VAL 2022-26,4.554999828338623,4.554999828338623,4.555,4.555,False
MSGY,2025-11-10,VAL 2022-26,1.25,1.25,1.25,1.25,False
MSN,2025-01-07,VAL 2022-26,0.5899999737739563,0.5899999737739563,0.5897,0.5897,False
MSN,2025-08-21,VAL 2022-26,0.4000000059604645,0.4000000059604645,0.4,0.4,False
MSN,2025-10-08,VAL 2022-26,0.6899999976158142,0.6899999976158142,0.69,0.69,False
MSS,2024-09-24,VAL 2022-26,1.6900000000000004,1.6900000000000004,,1.6900000000000004,False
MSS,2024-12-17,VAL 2022-26,1.3700000000000003,1.3700000000000003,1.37,1.37,False
MSS,2025-09-09,VAL 2022-26,1.5100000000000002,1.5100000000000002,1.51,1.51,False
MSS,2025-09-29,VAL 2022-26,3.790000000000001,3.790000000000001,3.79,3.79,False
MSS,2026-08-19,VAL 2022-26,2.025000095367432,2.025000095367432,,2.025000095367432,False
MSS,2026-08-26,VAL 2022-26,2.0450000762939453,2.0450000762939453,,2.0450000762939453,False
MSS,2026-09-23,VAL 2022-26,2.059999942779541,2.059999942779541,,2.059999942779541,False
MTC,2019-08-12,DEV 2015-21,6.5,6.5,,6.5,False
MTC,2020-05-26,DEV 2015-21,2.7,2.7,,2.7,False
MTC,2020-11-25,DEV 2015-21,2.479999923706055,2.479999923706055,,2.479999923706055,False
MTC,2021-02-19,DEV 2015-21,4.909999847412109,4.90999984741211,,4.909999847412109,False
MTC,2022-10-04,VAL 2022-26,2.0799999237060547,2.0799999237060547,,2.0799999237060547,False
MTC,2023-03-02,VAL 2022-26,2.0,2.0,,2.0,False
MTC,2023-05-01,VAL 2022-26,0.9710000157356262,0.9710000157356262,,0.9710000157356262,False
MTC,2023-05-11,VAL 2022-26,1.2799999713897705,1.2799999713897705,,1.2799999713897705,False
MTC,2023-10-19,VAL 2022-26,1.649999976158142,1.649999976158142,,1.649999976158142,False
MTC,2023-11-24,VAL 2022-26,1.2300000190734863,1.2300000190734863,,1.2300000190734863,False
MTC,2024-03-01,VAL 2022-26,1.7000000476837158,1.700000047683716,,1.7000000476837158,False
MTC,2024-05-07,VAL 2022-26,3.0,3.0,,3.0,False
MTC,2024-05-20,VAL 2022-26,9.289999961853027,9.289999961853027,,9.289999961853027,False
MTC,2024-05-21,VAL 2022-26,1.2899999618530271,1.2899999618530276,,1.2899999618530271,False
MTC,2024-10-02,VAL 2022-26,0.6600000262260437,0.6600000262260437,0.66,0.66,False
MTEK,2022-07-05,VAL 2022-26,1.690000057220459,1.690000057220459,,1.690000057220459,False
MTEK,2023-05-09,VAL 2022-26,1.0700000524520874,1.0700000524520874,,1.0700000524520874,False
MTEK,2023-10-09,VAL 2022-26,1.2300000190734863,1.2300000190734863,,1.2300000190734863,False
MTEK,2026-03-05,VAL 2022-26,2.7300000190734863,2.7300000190734863,,2.7300000190734863,False
MTEN,2026-06-09,VAL 2022-26,2.5850000381469727,2.5850000381469727,,2.5850000381469727,False
MTEN,2026-06-11,VAL 2022-26,2.2300000190734863,2.2300000190734863,,2.2300000190734863,False
MTEN,2026-08-11,VAL 2022-26,1.350000023841858,1.350000023841858,,1.350000023841858,False
MTEX,2018-05-18,DEV 2015-21,19.100000381469727,19.100000381469727,,19.100000381469727,False
MTEX,2021-05-28,DEV 2015-21,24.950000762939453,24.950000762939453,,24.950000762939453,False
MTEX,2025-10-13,VAL 2022-26,11.239999771118164,11.239999771118164,11.24,11.24,False
MTEX,2026-04-08,VAL 2022-26,7.550000190734863,7.550000190734863,,7.550000190734863,False
MTNB,2018-09-24,DEV 2015-21,0.53,0.035333333333333335,,,True
MTNB,2018-10-01,DEV 2015-21,1.18,0.07866666666666666,,,True
MTNB,2018-10-18,DEV 2015-21,1.05,0.06999999999999999,,,True
MTNB,2019-11-15,DEV 2015-21,1.1,0.07333333333333333,,,True
MTNB,2023-10-11,VAL 2022-26,0.27,0.018,,,True
MTNB,2026-07-27,VAL 2022-26,0.3799999952316284,0.025333333015441894,0.38,0.38,False
MTRX,2021-01-13,DEV 2015-21,14.949999809265137,14.949999809265137,,14.949999809265137,False
MTRX,2024-09-10,VAL 2022-26,10.989999771118164,10.989999771118164,,10.989999771118164,False
MTVA,2018-06-29,DEV 2015-21,11.03,66180.0,,,True
MTVA,2019-07-25,DEV 2015-21,1.1,6600.0,,,True
MTVA,2021-01-06,DEV 2015-21,6.8,1632.0,,,True
MTVA,2021-07-20,DEV 2015-21,4.080000073982007,979.2000177556819,,,True
MTVA,2022-09-12,VAL 2022-26,12.30000027743253,98.40000221946023,,,True
MTVA,2022-09-15,VAL 2022-26,27.379999334161933,219.03999467329547,,,True
MTVA,2022-10-27,VAL 2022-26,10.66000019420277,85.28000155362216,,,True
MTVA,2022-11-09,VAL 2022-26,1.549999930641868,12.399999445134943,,,True
MTVA,2022-11-23,VAL 2022-26,1.5599999861283735,12.479999889026988,,,True
MTVA,2024-02-01,VAL 2022-26,3.9600001248446377,3.9600001248446377,,3.9600001248446377,False
MTVA,2025-12-08,VAL 2022-26,10.270000457763672,10.270000457763672,10.27,10.27,False
MTVA,2026-05-19,VAL 2022-26,1.7949999570846558,1.7949999570846558,1.795,1.795,False
MTVA,2026-05-22,VAL 2022-26,3.559999942779541,3.559999942779541,,3.559999942779541,False
MTW,2026-08-07,VAL 2022-26,17.139999389648438,17.139999389648438,,17.139999389648438,False
MUX,2021-01-29,DEV 2015-21,1.4500000000000002,1.4500000000000002,,1.4500000000000002,False
MUX,2021-02-01,DEV 2015-21,1.5300000190734864,1.5300000190734864,,1.5300000190734864,False
MVIS,2020-05-01,DEV 2015-21,0.4399999936421712,0.43999999364217124,,0.4399999936421712,False
MVIS,2020-05-04,DEV 2015-21,0.8900000254313151,0.8900000254313152,,0.8900000254313151,False
MVIS,2020-05-05,DEV 2015-21,1.690000025431315,1.690000025431315,,1.690000025431315,False
MVIS,2025-07-28,VAL 2022-26,1.6199999491373698,1.6199999491373698,1.62,1.62,False
MVIS,2026-06-29,VAL 2022-26,0.3399999936421712,0.3399999936421712,,0.3399999936421712,False
MVST,2023-05-10,VAL 2022-26,1.6299999952316284,1.6299999952316284,,1.6299999952316284,False
MVST,2024-11-13,VAL 2022-26,0.4819999933242798,0.4819999933242798,0.4816,0.4816,False
MWG,2023-05-04,VAL 2022-26,1.65,1.6500000000000001,,1.65,False
MWG,2025-12-24,VAL 2022-26,0.5900000095367431,0.5900000095367431,0.59,0.59,False
MWYN,2025-08-01,VAL 2022-26,1.7200000286102295,1.7200000286102295,1.72,1.72,False
MWYN,2025-09-10,VAL 2022-26,1.2899999618530271,1.2899999618530271,1.29,1.29,False
MWYN,2026-04-23,VAL 2022-26,0.6940000057220459,0.6940000057220459,,0.6940000057220459,False
MWYN,2026-07-29,VAL 2022-26,0.6299999952316284,0.6299999952316284,,0.6299999952316284,False
MX,2020-03-31,DEV 2015-21,12.359999656677246,12.359999656677246,,12.359999656677246,False
MX,2026-09-21,VAL 2022-26,3.470000028610229,3.470000028610229,,3.470000028610229,False
MXC,2018-07-03,DEV 2015-21,11.0,11.0,,11.0,False
MXC,2020-06-08,DEV 2015-21,4.090000152587891,4.090000152587891,,4.090000152587891,False
MXC,2020-07-22,DEV 2015-21,9.720000267028809,9.720000267028809,,9.720000267028809,False
MXC,2020-09-29,DEV 2015-21,6.019999980926514,6.019999980926514,,6.019999980926514,False
MXL,2025-07-24,VAL 2022-26,19.799999237060547,19.799999237060547,19.8,19.8,False
MYGN,2025-08-06,VAL 2022-26,5.190000057220459,5.190000057220459,5.185,5.185,False
MYGN,2026-02-24,VAL 2022-26,5.570000171661377,5.570000171661377,,5.570000171661377,False
MYND,2021-02-05,DEV 2015-21,3.640000152587891,1.8200000762939454,,,True
MYND,2025-12-23,VAL 2022-26,0.5899999737739563,0.5899999737739563,0.5902,0.5902,False
MYO,2017-11-07,DEV 2015-21,7.070000203450521,7.07000020345052,,7.070000203450521,False
MYO,2018-05-14,DEV 2015-21,3.98000005086263,3.98000005086263,,3.98000005086263,False
MYO,2019-08-21,DEV 2015-21,1.0200000127156574,1.0200000127156574,,1.0200000127156574,False
MYO,2020-02-04,DEV 2015-21,7.400000095367432,7.400000095367432,,7.400000095367432,False
MYO,2020-02-05,DEV 2015-21,30.0,30.0,,30.0,False
MYO,2020-02-06,DEV 2015-21,36.0,36.0,,36.0,False
MYO,2020-02-19,DEV 2015-21,6.650000095367432,6.650000095367432,,6.650000095367432,False
MYO,2020-04-08,DEV 2015-21,4.550000190734863,4.550000190734863,,4.550000190734863,False
MYO,2020-05-01,DEV 2015-21,5.269999980926514,5.269999980926514,,5.269999980926514,False
MYO,2020-07-06,DEV 2015-21,4.599999904632568,4.599999904632568,,4.599999904632568,False
MYO,2020-09-16,DEV 2015-21,5.110000133514404,5.110000133514404,,5.110000133514404,False
MYO,2021-01-26,DEV 2015-21,13.380000114440918,13.380000114440918,,13.380000114440918,False
MYO,2021-02-16,DEV 2015-21,17.899999618530273,17.899999618530273,,17.899999618530273,False
MYO,2022-11-30,VAL 2022-26,0.8799999952316284,0.8799999952316284,,0.8799999952316284,False
MYO,2025-03-11,VAL 2022-26,5.570000171661377,5.570000171661377,5.57,5.57,False
MYPS,2023-03-10,VAL 2022-26,4.199999809265137,0.4199999809265137,,,True
MYRG,2019-03-07,DEV 2015-21,37.18000030517578,37.18000030517578,,37.18000030517578,False
MYSE,2022-03-28,VAL 2022-26,2.070000076293945,20.700000762939453,,,True
MYSE,2023-01-10,VAL 2022-26,0.496999979019165,4.96999979019165,,,True
MYSE,2024-07-15,VAL 2022-26,1.9600000381469729,1.9600000381469729,,1.9600000381469729,False
MYSE,2024-11-06,VAL 2022-26,3.490000009536743,3.490000009536743,,3.490000009536743,False
MYSE,2025-01-07,VAL 2022-26,2.380000114440918,2.380000114440918,,2.380000114440918,False
MYSE,2025-03-25,VAL 2022-26,3.7100000381469727,3.7100000381469727,,3.7100000381469727,False
MYSE,2026-04-16,VAL 2022-26,5.519999980926514,5.519999980926514,5.52,5.52,False
MYSZ,2017-02-13,DEV 2015-21,5.42,5.42,,5.42,False
MYSZ,2017-10-17,DEV 2015-21,1.0,1.0,,1.0,False
MYSZ,2017-11-30,DEV 2015-21,1.01,1.01,,1.01,False
MYSZ,2018-01-08,DEV 2015-21,2.5,2.5,,2.5,False
MYSZ,2018-01-12,DEV 2015-21,1.91,1.91,,1.91,False
MYSZ,2019-05-17,DEV 2015-21,0.88,0.88,,0.88,False
MYSZ,2019-07-25,DEV 2015-21,0.624,0.624,,0.624,False
MYSZ,2020-06-17,DEV 2015-21,1.42,1.42,,1.42,False
MYSZ,2022-05-13,VAL 2022-26,0.29,0.29,,0.29,False
MYSZ,2022-08-16,VAL 2022-26,0.35,0.35000000000000003,,0.35,False
MYSZ,2022-12-08,VAL 2022-26,6.224999904632568,0.24899999618530275,,,True
MYSZ,2024-12-20,VAL 2022-26,5.550000190734863,5.550000190734863,5.55,5.55,False
MYSZ,2026-01-13,VAL 2022-26,1.2000000476837158,1.200000047683716,,1.2000000476837158,False
MYSZ,2026-08-17,VAL 2022-26,3.900000095367432,3.900000095367432,,3.900000095367432,False
MYSZ,2026-09-15,VAL 2022-26,2.380000114440918,2.380000114440918,,2.380000114440918,False
NAAS,2022-06-10,VAL 2022-26,15.0,15.0,,15.0,False
NAAS,2024-07-10,VAL 2022-26,4.559999942779541,4.559999942779541,,4.559999942779541,False
NAAS,2025-02-21,VAL 2022-26,2.289999961853028,2.2899999618530273,2.29,2.29,False
NAII,2016-09-20,DEV 2015-21,12.220000267028809,12.220000267028809,,12.220000267028809,False
NAK,2016-11-09,DEV 2015-21,0.9399999976158142,0.9399999976158142,,0.9399999976158142,False
NAK,2020-05-29,DEV 2015-21,1.3799999952316284,1.3799999952316284,,1.3799999952316284,False
NAK,2021-01-13,DEV 2015-21,0.6700000166893005,0.6700000166893005,,0.6700000166893005,False
NAK,2025-07-07,VAL 2022-26,1.7000000476837158,1.7000000476837158,1.7,1.7,False
NAK,2025-10-07,VAL 2022-26,1.9900000095367432,1.9900000095367432,1.99,1.99,False
NAKA,2024-12-03,VAL 2022-26,1.3699999809265138,1.3699999809265138,,1.3699999809265138,False
NAKA,2025-02-12,VAL 2022-26,1.8100000381469727,1.8100000381469727,,1.8100000381469727,False
NAMI,2026-08-07,VAL 2022-26,9.109999656677246,9.109999656677246,9.11,9.11,False
NAMM,2025-07-02,VAL 2022-26,9.350000381469728,9.350000381469728,9.35,9.35,False
NAMM,2025-08-01,VAL 2022-26,5.699999809265137,5.699999809265137,5.7,5.7,False
NAMM,2026-06-01,VAL 2022-26,2.240000009536743,2.240000009536743,,2.240000009536743,False
NAMS,2024-12-10,VAL 2022-26,25.0,25.0,25.0,25.0,False
NAVN,2026-03-26,VAL 2022-26,11.260000228881836,11.260000228881836,,11.260000228881836,False
NB,2025-04-16,VAL 2022-26,3.569999933242798,3.569999933242798,3.57,3.57,False
NBR,2020-03-10,DEV 2015-21,0.65,0.65,,0.65,False
NBTX,2023-05-05,VAL 2022-26,4.480000019073486,4.480000019073486,,4.480000019073486,False
NBTX,2023-07-10,VAL 2022-26,7.960000038146973,7.960000038146973,,7.960000038146973,False
NBTX,2025-09-18,VAL 2022-26,12.550000190734863,12.550000190734863,12.55,12.55,False
NCEL,2021-03-12,DEV 2015-21,5.850000000000001,2340.0,,,True
NCEL,2021-11-30,DEV 2015-21,2.3600000000000003,944.0,,,True
NCEL,2022-07-21,VAL 2022-26,0.7400000000000001,296.0,,,True
NCEL,2023-12-01,VAL 2022-26,0.6290000152587892,251.6000061035156,,,True
NCEL,2024-06-18,VAL 2022-26,0.3770000076293946,150.8000030517578,,,True
NCEL,2024-06-27,VAL 2022-26,0.3570000076293946,142.8000030517578,,,True
NCEL,2024-07-29,VAL 2022-26,0.3450000000000001,138.0,,,True
NCEL,2024-11-04,VAL 2022-26,4.740000152587891,47.400001525878906,,,True
NCEL,2024-12-30,VAL 2022-26,2.8200000762939457,28.200000762939453,,,True
NCEL,2025-01-31,VAL 2022-26,3.029999923706055,30.299999237060547,,,True
NCEL,2025-02-10,VAL 2022-26,2.510000038146973,25.100000381469727,,,True
NCEW,2025-05-07,VAL 2022-26,3.1600000858306885,3.1600000858306885,3.16,3.16,False
NCEW,2025-06-04,VAL 2022-26,1.6100000143051147,1.6100000143051147,1.61,1.61,False
NCI,2024-06-13,VAL 2022-26,0.8500000000000001,0.8500000000000001,,0.8500000000000001,False
NCI,2024-12-31,VAL 2022-26,0.8819999694824219,0.8819999694824219,0.8822,0.8822,False
NCI,2025-09-04,VAL 2022-26,2.1700000762939453,2.1700000762939453,2.17,2.17,False
NCI,2025-12-12,VAL 2022-26,1.659999966621399,1.659999966621399,1.66,1.66,False
NCI,2026-04-15,VAL 2022-26,0.7139999866485596,0.7139999866485596,,0.7139999866485596,False
NCMI,2020-11-09,DEV 2015-21,2.660000038146973,2.660000038146973,,2.660000038146973,False
NCMI,2021-01-27,DEV 2015-21,5.020000076293946,5.020000076293946,,5.020000076293946,False
NCMI,2022-05-18,VAL 2022-26,1.75,1.75,,1.75,False
NCMI,2023-04-11,VAL 2022-26,0.2599999904632568,0.25999999046325684,,0.2599999904632568,False
NCMI,2023-04-12,VAL 2022-26,0.3,0.30000000000000004,,0.3,False
NCMI,2024-03-19,VAL 2022-26,5.179999828338623,5.179999828338623,,5.179999828338623,False
NCNA,2020-03-02,DEV 2015-21,9.19,9.190000000000001,,9.19,False
NCNA,2021-09-29,DEV 2015-21,3.04,3.04,,3.04,False
NCNA,2024-03-13,VAL 2022-26,0.745,0.745,,0.745,False
NCNA,2024-09-16,VAL 2022-26,6.41,6.41,,6.41,False
NCNA,2025-05-05,VAL 2022-26,0.8830000305175781,0.8830000305175781,0.8831,0.8831,False
NCNA,2025-05-14,VAL 2022-26,0.0469999980926513,0.04699999809265136,0.0465,0.0465,False
NCNA,2025-05-15,VAL 2022-26,0.055,0.055,0.0549,0.0549,False
NCNA,2025-06-10,VAL 2022-26,0.1210000038146972,0.12100000381469726,0.1206,0.1206,False
NCPL,2022-12-13,VAL 2022-26,3.0,3.0,,3.0,False
NCPL,2023-12-15,VAL 2022-26,0.45,0.45,,0.45,False
NCPL,2024-05-24,VAL 2022-26,0.3079999923706054,0.30799999237060544,,0.3079999923706054,False
NCPL,2024-07-22,VAL 2022-26,0.161000006539481,0.16100000653948102,,0.161000006539481,False
NCPL,2025-12-09,VAL 2022-26,1.0399999618530271,1.0399999618530271,1.04,1.04,False
NCPL,2026-05-27,VAL 2022-26,1.2949999570846558,1.2949999570846558,,1.2949999570846558,False
NCPL,2026-08-27,VAL 2022-26,0.6299999952316284,0.6299999952316284,,0.6299999952316284,False
NCRA,2026-05-26,VAL 2022-26,0.4609999974568685,0.46099999745686854,0.4612,0.4612,False
NCRA,2026-06-08,VAL 2022-26,0.228000005086263,0.22800000508626303,,0.228000005086263,False
NCRA,2026-07-29,VAL 2022-26,3.4800000190734863,3.4800000190734863,3.48,3.48,False
NCRA,2026-08-31,VAL 2022-26,2.390000104904175,2.390000104904175,,2.390000104904175,False
NCT,2025-12-01,VAL 2022-26,1.12,1.12,1.12,1.12,False
NCT,2026-05-28,VAL 2022-26,5.1850000000000005,5.1850000000000005,5.185,5.185,False
NCT,2026-06-03,VAL 2022-26,3.63,3.63,,3.63,False
NCT,2026-09-14,VAL 2022-26,12.649999618530272,0.5059999847412109,0.5062,0.5062,False
NCTY,2018-01-16,DEV 2015-21,1.4800000000000002,1.4800000000000002,,1.4800000000000002,False
NCTY,2018-10-19,DEV 2015-21,7.520000000000001,7.520000000000001,,7.520000000000001,False
NCTY,2019-03-05,DEV 2015-21,3.440000000000001,3.440000000000001,,3.440000000000001,False
NCTY,2019-03-25,DEV 2015-21,3.830000000000001,3.830000000000001,,3.830000000000001,False
NCTY,2019-09-27,DEV 2015-21,1.3400000000000003,1.3400000000000003,,1.3400000000000003,False
NCTY,2021-01-04,DEV 2015-21,5.70999984741211,5.709999847412109,,5.70999984741211,False
NDLS,2026-03-26,VAL 2022-26,7.5,7.5,,7.5,False
NDLS,2026-07-24,VAL 2022-26,15.369999885559082,15.369999885559082,,15.369999885559082,False
NDRA,2018-07-12,DEV 2015-21,3.09,3.09,,3.09,False
NDRA,2021-01-19,DEV 2015-21,1.284,1.284,,1.284,False
NDRA,2021-01-20,DEV 2015-21,2.31,2.31,,2.31,False
NDRA,2022-04-08,VAL 2022-26,0.62,0.62,,0.62,False
NDRA,2024-06-05,VAL 2022-26,0.161,0.161,,0.161,False
NDRA,2024-06-17,VAL 2022-26,0.126,0.126,,0.126,False
NDRA,2025-04-23,VAL 2022-26,3.7100000381469727,3.7100000381469727,3.71,3.71,False
NDRA,2025-07-08,VAL 2022-26,10.600000381469728,10.600000381469728,10.6,10.6,False
NDRA,2025-10-13,VAL 2022-26,9.829999923706056,9.829999923706056,9.83,9.83,False
NEGG,2020-01-27,DEV 2015-21,2.2,2.2,,2.2,False
NEGG,2020-01-31,DEV 2015-21,3.0,3.0,,3.0,False
NEGG,2020-10-26,DEV 2015-21,5.740000152587891,5.74000015258789,,5.740000152587891,False
NEGG,2021-05-13,DEV 2015-21,7.269999694824219,7.269999694824219,,7.269999694824219,False
NEO,2015-01-23,DEV 2015-21,4.349999904632568,4.349999904632568,,4.349999904632568,False
NEO,2025-08-29,VAL 2022-26,8.779999732971191,8.779999732971191,8.78,8.78,False
NEON,2024-08-20,VAL 2022-26,3.2799999713897705,3.2799999713897705,,3.2799999713897705,False
NERV,2016-05-26,DEV 2015-21,9.970000267028809,9.970000267028809,,9.970000267028809,False
NERV,2019-06-24,DEV 2015-21,7.769999980926514,7.769999980926514,,7.769999980926514,False
NERV,2021-01-19,DEV 2015-21,3.650000095367432,3.6500000953674316,,3.650000095367432,False
NERV,2023-06-28,VAL 2022-26,8.119999885559082,8.119999885559082,,8.119999885559082,False
NERV,2025-10-08,VAL 2022-26,2.630000114440918,2.630000114440918,2.63,2.63,False
NERV,2025-10-21,VAL 2022-26,6.739999771118164,6.739999771118164,6.74,6.74,False
NEUP,2023-08-07,VAL 2022-26,2.089999993642171,25.07999992370605,,,True
NEUP,2023-08-28,VAL 2022-26,1.890000025431315,22.68000030517578,,,True
NEUP,2023-09-28,VAL 2022-26,5.719999949137369,68.63999938964844,,,True
NEUP,2024-11-05,VAL 2022-26,0.5269999901453654,6.323999881744385,,,True
NEUP,2024-12-24,VAL 2022-26,10.199999809265137,10.199999809265137,,10.199999809265137,False
NEUP,2025-10-24,VAL 2022-26,6.300000190734863,6.300000190734863,6.3,6.3,False
NEXM,2025-07-16,VAL 2022-26,9.720000267028809,9.720000267028809,,9.720000267028809,False
NEXR,2023-01-23,VAL 2022-26,1.8200000170522757,216.58000202922076,,,True
NEXR,2023-02-22,VAL 2022-26,1.1500000213153443,136.85000253652598,,,True
NEXR,2023-04-10,VAL 2022-26,1.3900000341045509,165.41000405844156,,,True
NEXR,2024-01-04,VAL 2022-26,4.259999880634072,72.41999797077922,,,True
NEXR,2024-10-25,VAL 2022-26,0.3399999981349074,5.779999968293425,,,True
NEXR,2024-10-30,VAL 2022-26,0.3629999940317036,6.170999898538961,,,True
NEXR,2024-12-06,VAL 2022-26,3.1999998507925898,54.39999746347402,,,True
NEXR,2025-04-30,VAL 2022-26,1.7099999179359244,29.06999860491071,,,True
NEXR,2025-12-05,VAL 2022-26,3.350000158532873,3.350000158532873,,3.350000158532873,False
NEXR,2025-12-08,VAL 2022-26,1.9499999207335632,1.9499999207335632,,1.9499999207335632,False
NEXR,2026-01-16,VAL 2022-26,1.2299999881100343,1.2299999881100343,,1.2299999881100343,False
NEXR,2026-04-28,VAL 2022-26,3.34000015258789,3.3400001525878906,3.34,3.34,False
NEXR,2026-05-29,VAL 2022-26,1.579999923706055,1.5799999237060547,,1.579999923706055,False
NEXR,2026-06-04,VAL 2022-26,1.25,1.25,,1.25,False
NEXR,2026-06-08,VAL 2022-26,1.829999923706055,1.8299999237060547,1.83,1.83,False
NEXR,2026-06-25,VAL 2022-26,0.7559999986128374,0.7559999986128374,,0.7559999986128374,False
NEXT,2020-07-15,DEV 2015-21,2.3399999141693115,2.3399999141693115,,2.3399999141693115,False
NEXT,2021-03-26,DEV 2015-21,2.400000095367432,2.400000095367432,,2.400000095367432,False
NEXT,2021-06-07,DEV 2015-21,2.940000057220459,2.940000057220459,,2.940000057220459,False
NEXT,2021-06-08,DEV 2015-21,4.309999942779541,4.309999942779541,,4.309999942779541,False
NEXT,2023-06-14,VAL 2022-26,6.519999980926514,6.519999980926514,,6.519999980926514,False
NFE,2025-11-04,VAL 2022-26,0.0308999991416931,0.030899999141693116,1.545,1.545,False
NGNE,2015-08-07,DEV 2015-21,2.45,9.8,,,True
NGNE,2015-09-14,DEV 2015-21,21.26999969482422,85.07999877929689,,,True
NGNE,2023-03-09,VAL 2022-26,0.6789999961853028,2.7159999847412113,,,True
NGNE,2024-11-04,VAL 2022-26,56.16999816894531,56.16999816894531,56.17,56.17,False
NIKI,2021-01-20,DEV 2015-21,4.590000000000001,459.0,,,True
NIKI,2022-01-20,VAL 2022-26,1.5800000000000003,158.0,,,True
NIKI,2022-01-25,VAL 2022-26,2.2480000305175785,224.8000030517578,,,True
NIKI,2023-05-03,VAL 2022-26,6.580000305175782,65.80000305175781,,,True
NIKI,2024-03-06,VAL 2022-26,3.279999923706055,32.79999923706055,,,True
NIKI,2024-12-31,VAL 2022-26,4.820000076293946,48.20000076293945,,,True
NIKI,2025-07-16,VAL 2022-26,1.3300000190734864,13.300000190734863,,,True
NIKI,2025-08-21,VAL 2022-26,2.7100000381469727,27.100000381469727,,,True
NIKI,2026-07-20,VAL 2022-26,11.0,11.0,,11.0,False
NIVF,2024-04-22,VAL 2022-26,1.12,0.05600000000000001,,,True
NIVF,2024-10-11,VAL 2022-26,0.87,0.043500000000000004,0.87,0.87,False
NIVF,2024-11-18,VAL 2022-26,0.899,0.044950000000000004,0.8991,0.8991,False
NIVF,2024-12-11,VAL 2022-26,0.51,0.025500000000000002,0.5104,0.5104,False
NIVF,2025-04-03,VAL 2022-26,0.99,0.99,0.99,0.99,False
NIVF,2025-06-03,VAL 2022-26,5.260000000000001,5.260000000000001,5.26,5.26,False
NIVF,2026-05-04,VAL 2022-26,2.20999993218316,2.20999993218316,,2.20999993218316,False
NIVF,2026-05-21,VAL 2022-26,1.0399999618530271,1.0399999618530273,,1.0399999618530271,False
NIVF,2026-06-16,VAL 2022-26,0.7680000199211968,0.7680000199211969,,0.7680000199211968,False
NIVF,2026-06-17,VAL 2022-26,1.0499999788072374,1.0499999788072374,1.05,1.05,False
NIXX,2023-04-20,VAL 2022-26,0.3484999974568685,5.227499961853027,,,True
NIXX,2023-06-06,VAL 2022-26,0.2899999936421712,4.349999904632568,,,True
NIXX,2023-08-15,VAL 2022-26,3.865499973297119,3.865499973297119,,3.865499973297119,False
NIXX,2024-10-17,VAL 2022-26,7.559999942779541,7.559999942779541,7.56,7.56,False
NIXX,2025-02-27,VAL 2022-26,2.3399999141693115,2.3399999141693115,2.34,2.34,False
NIXX,2026-06-15,VAL 2022-26,1.1299999952316284,1.1299999952316284,,1.1299999952316284,False
NKTR,2023-08-07,VAL 2022-26,0.7799999872843424,0.7799999872843424,,0.7799999872843424,False
NKTR,2024-03-04,VAL 2022-26,0.9599999745686848,0.9599999745686848,,0.9599999745686848,False
NKTR,2025-06-24,VAL 2022-26,19.920000076293945,19.920000076293945,19.92,19.92,False
NKTX,2022-04-25,VAL 2022-26,14.489999771118164,14.489999771118164,,14.489999771118164,False
NMAD,2021-02-26,DEV 2015-21,6.6000000000000005,66.0,,,True
NMAD,2022-01-05,VAL 2022-26,3.010000038146973,30.100000381469727,,,True
NMAD,2022-04-12,VAL 2022-26,2.5,25.0,,,True
NMAD,2024-03-27,VAL 2022-26,3.990000009536743,3.990000009536743,,3.990000009536743,False
NMAD,2024-10-29,VAL 2022-26,2.1600000858306885,2.1600000858306885,,2.1600000858306885,False
NMAD,2025-07-03,VAL 2022-26,3.0199999809265137,3.0199999809265137,,3.0199999809265137,False
NMG,2021-02-10,DEV 2015-21,2.0500000000000003,2.0500000000000003,,2.0500000000000003,False
NMG,2024-02-15,VAL 2022-26,2.559999942779541,2.559999942779541,,2.559999942779541,False
NMTC,2022-08-03,VAL 2022-26,1.5,1.5,,1.5,False
NMTC,2022-11-21,VAL 2022-26,1.0500000317891438,1.0500000317891438,,1.0500000317891438,False
NNBR,2026-06-29,VAL 2022-26,3.819999933242798,3.819999933242798,,3.819999933242798,False
NNDM,2018-06-11,DEV 2015-21,2.4200000762939453,2.4200000762939453,,2.4200000762939453,False
NNDM,2019-10-23,DEV 2015-21,4.5,4.5,,4.5,False
NNDM,2020-03-30,DEV 2015-21,1.0700000524520874,1.0700000524520874,,1.0700000524520874,False
NNDM,2020-05-19,DEV 2015-21,1.2400000095367432,1.2400000095367432,,1.2400000095367432,False
NNDM,2020-09-24,DEV 2015-21,1.8799999952316284,1.8799999952316284,,1.8799999952316284,False
NNDM,2020-09-30,DEV 2015-21,2.5999999046325684,2.5999999046325684,,2.5999999046325684,False
NNOX,2023-05-01,VAL 2022-26,8.8100004196167,8.8100004196167,,8.8100004196167,False
NNOX,2024-02-15,VAL 2022-26,12.4399995803833,12.4399995803833,,12.4399995803833,False
NNVC,2019-02-26,DEV 2015-21,0.5699999809265137,0.5699999809265136,,0.5699999809265137,False
NNVC,2020-05-12,DEV 2015-21,9.649999618530272,9.649999618530272,,9.649999618530272,False
NNVC,2020-07-08,DEV 2015-21,9.600000381469728,9.600000381469728,,9.600000381469728,False
NNVC,2021-03-02,DEV 2015-21,8.199999809265137,8.199999809265137,,8.199999809265137,False
NNVC,2021-09-14,DEV 2015-21,4.909999847412109,4.909999847412109,,4.909999847412109,False
NNVC,2021-09-21,DEV 2015-21,5.230000019073486,5.230000019073486,,5.230000019073486,False
NNVC,2022-08-04,VAL 2022-26,3.5999999046325684,3.5999999046325684,,3.5999999046325684,False
NOG,2020-06-08,DEV 2015-21,1.2000000000000002,1.2000000000000002,,1.2000000000000002,False
NPCE,2025-11-05,VAL 2022-26,11.630000114440918,11.630000114440918,11.63,11.63,False
NPT,2026-02-03,VAL 2022-26,8.069999694824219,8.069999694824219,,8.069999694824219,False
NPT,2026-03-03,VAL 2022-26,7.119999885559082,7.119999885559082,,7.119999885559082,False
NPT,2026-03-31,VAL 2022-26,6.420000076293945,6.420000076293945,,6.420000076293945,False
NRDS,2022-11-03,VAL 2022-26,11.93000030517578,11.93000030517578,,11.93000030517578,False
NRDS,2023-10-27,VAL 2022-26,8.0,8.0,,8.0,False
NRDS,2024-10-30,VAL 2022-26,14.5,14.5,14.5,14.5,False
NRDS,2025-05-07,VAL 2022-26,10.600000381469728,10.600000381469728,10.6,10.6,False
NRGV,2022-02-18,VAL 2022-26,18.34000015258789,18.34000015258789,,18.34000015258789,False
NRSN,2022-03-21,VAL 2022-26,0.1090000033378601,0.10900000333786011,,0.1090000033378601,False
NRSN,2022-06-27,VAL 2022-26,0.1299999952316284,0.12999999523162842,,0.1299999952316284,False
NRSN,2022-06-30,VAL 2022-26,0.1990000009536743,0.19900000095367432,,0.1990000009536743,False
NRSN,2023-01-19,VAL 2022-26,0.1070000052452087,0.10700000524520875,,0.1070000052452087,False
NRXP,2020-12-14,DEV 2015-21,15.389999389648438,15.389999389648438,,15.389999389648438,False
NRXP,2020-12-22,DEV 2015-21,33.5,33.5,,33.5,False
NRXP,2021-03-29,DEV 2015-21,56.900000000000006,56.900000000000006,,56.900000000000006,False
NRXP,2021-05-07,DEV 2015-21,41.0,41.0,,41.0,False
NRXP,2021-07-19,DEV 2015-21,12.5,12.5,,12.5,False
NRXP,2021-11-29,DEV 2015-21,10.1,10.100000000000001,,10.1,False
NRXP,2023-12-18,VAL 2022-26,0.4389999866485596,0.4389999866485596,,0.4389999866485596,False
NRXS,2025-05-20,VAL 2022-26,5.570000171661377,5.570000171661377,5.57,5.57,False
NRXS,2025-12-19,VAL 2022-26,3.490000009536743,3.490000009536743,3.49,3.49,False
NSIT,2018-05-03,DEV 2015-21,43.45000076293945,43.45000076293945,,43.45000076293945,False
NSLR,2020-07-13,DEV 2015-21,11.75,11.75,,11.75,False
NSPR,2015-08-06,DEV 2015-21,10.85,0.30999999999999994,,,True
NSPR,2017-01-10,DEV 2015-21,125.65,3.5900000000000003,,,True
NSPR,2018-01-09,DEV 2015-21,10.15,0.29000000000000004,,,True
NSPR,2018-01-30,DEV 2015-21,7.7,0.22000000000000003,,,True
NSPR,2018-02-14,DEV 2015-21,6.609999999999999,6.609999999999999,,6.609999999999999,False
NSPR,2018-03-27,DEV 2015-21,2.67,2.67,,2.67,False
NSPR,2019-05-02,DEV 2015-21,6.4,6.4,,6.4,False
NSPR,2019-11-26,DEV 2015-21,1.1,1.1,,1.1,False
NSPR,2020-06-05,DEV 2015-21,0.5400000254313151,0.5400000254313151,,0.5400000254313151,False
NSPR,2020-06-10,DEV 2015-21,0.8,0.8,,0.8,False
NSPR,2020-09-08,DEV 2015-21,0.4899999936421712,0.4899999936421712,,0.4899999936421712,False
NSPR,2021-01-05,DEV 2015-21,0.5900000254313151,0.5900000254313151,,0.5900000254313151,False
NSPR,2021-04-19,DEV 2015-21,7.650000095367432,0.5100000063578287,,,True
NSSC,2026-08-24,VAL 2022-26,46.15999984741211,46.15999984741211,,46.15999984741211,False
NSYS,2019-11-13,DEV 2015-21,6.050000190734863,6.050000190734863,,6.050000190734863,False
NSYS,2020-08-28,DEV 2015-21,6.050000190734863,6.050000190734863,,6.050000190734863,False
NTCL,2025-06-20,VAL 2022-26,1.94,1.94,1.94,1.94,False
NTGR,2024-09-12,VAL 2022-26,19.670000076293945,19.670000076293945,,19.670000076293945,False
NTHI,2025-07-10,VAL 2022-26,7.5,7.5,7.5,7.5,False
NTRB,2021-12-31,DEV 2015-21,7.049999623298644,7.054030497868856,,7.049999623298644,False
NTRB,2023-07-14,VAL 2022-26,3.0,3.0,,3.0,False
NTRB,2024-03-27,VAL 2022-26,3.700000047683716,3.700000047683716,,3.700000047683716,False
NTRB,2025-01-22,VAL 2022-26,6.590000152587891,6.590000152587891,6.59,6.59,False
NTRB,2025-04-30,VAL 2022-26,7.099999904632568,7.099999904632568,7.1,7.1,False
NTRB,2025-06-02,VAL 2022-26,8.199999809265137,8.199999809265137,8.2,8.2,False
NTRP,2018-10-24,DEV 2015-21,17.1,17.1,,17.1,False
NTRP,2020-08-25,DEV 2015-21,4.05,4.05,,4.05,False
NTRP,2021-03-15,DEV 2015-21,4.940000152587891,4.94000015258789,,4.940000152587891,False
NTRP,2023-09-07,VAL 2022-26,7.567999839782715,0.37839999198913576,,,True
NTRP,2023-10-13,VAL 2022-26,6.199999809265137,6.199999809265137,,6.199999809265137,False
NTRP,2024-01-03,VAL 2022-26,4.690000057220459,4.690000057220459,,4.690000057220459,False
NTWK,2015-12-21,DEV 2015-21,7.75,7.75,,7.75,False
NUAI,2025-01-22,VAL 2022-26,4.179999828338623,4.179999828338623,,4.179999828338623,False
NUAI,2025-06-12,VAL 2022-26,0.949999988079071,0.949999988079071,,0.949999988079071,False
NUAI,2025-09-22,VAL 2022-26,0.6570000052452087,0.6570000052452087,0.657,0.657,False
NUAI,2025-09-23,VAL 2022-26,0.828000009059906,0.828000009059906,0.8284,0.8284,False
NUS,2025-02-14,VAL 2022-26,8.880000114440918,8.880000114440918,8.875,8.875,False
NUTX,2025-04-01,VAL 2022-26,65.0,65.0,65.0,65.0,False
NUTX,2025-05-14,VAL 2022-26,153.0,153.0,153.0,153.0,False
NUWE,2021-03-02,DEV 2015-21,9.59000038872692,9.590000388726919,,9.59000038872692,False
NUWE,2022-08-31,VAL 2022-26,1.2,1.2,,1.2,False
NUWE,2022-12-29,VAL 2022-26,12.309999999999995,12.309999999999997,,12.309999999999995,False
NUWE,2023-06-20,VAL 2022-26,3.73,3.7299999999999995,,3.73,False
NUWE,2024-05-07,VAL 2022-26,0.3199999999999999,0.31999999999999995,,0.3199999999999999,False
NUWE,2024-11-04,VAL 2022-26,2.230000066432823,2.230000066432823,2.23,2.23,False
NUWE,2024-11-11,VAL 2022-26,2.280000066432823,2.280000066432823,2.28,2.28,False
NUWE,2025-07-16,VAL 2022-26,18.9,18.9,18.9,18.9,False
NUWE,2026-01-27,VAL 2022-26,4.41999991280692,4.41999991280692,4.42,4.42,False
NUWE,2026-07-30,VAL 2022-26,5.139999866485596,5.139999866485596,5.14,5.14,False
NVA,2025-10-01,VAL 2022-26,4.173999786376953,20.869998931884766,20.87,20.87,False
NVA,2025-10-14,VAL 2022-26,11.446000099182127,57.23000049591064,57.23,57.23,False
NVAX,2020-01-21,DEV 2015-21,9.149999618530272,9.149999618530272,,9.149999618530272,False
NVAX,2024-05-10,VAL 2022-26,10.020000457763672,10.020000457763672,,10.020000457763672,False
NVCR,2017-04-03,DEV 2015-21,13.399999618530272,13.399999618530272,,13.399999618530272,False
NVCR,2024-10-16,VAL 2022-26,21.459999084472656,21.459999084472656,21.46,21.46,False
NVCR,2024-12-02,VAL 2022-26,28.25,28.25,28.25,28.25,False
NVCR,2026-02-12,VAL 2022-26,14.399999618530272,14.399999618530272,,14.399999618530272,False
NVCT,2024-03-14,VAL 2022-26,11.850000381469728,11.850000381469728,,11.850000381469728,False
NVNI,2024-01-10,VAL 2022-26,2.6399999618530274,2.639999961853028,,2.6399999618530274,False
NVNI,2024-12-20,VAL 2022-26,5.800000000000001,5.800000000000001,5.8,5.8,False
NVNI,2025-01-24,VAL 2022-26,2.1700000762939453,2.1700000762939453,2.17,2.17,False
NVNI,2025-05-01,VAL 2022-26,0.7070000171661377,0.7070000171661377,0.7067,0.7067,False
NVNI,2025-07-28,VAL 2022-26,0.5670000076293945,0.5670000076293945,0.567,0.567,False
NVNO,2019-03-14,DEV 2015-21,2.87,2.87,,2.87,False
NVNO,2020-06-01,DEV 2015-21,0.495,0.49500000000000005,,0.495,False
NVNO,2021-08-03,DEV 2015-21,8.35,8.35,,8.35,False
NVRI,2025-11-21,VAL 2022-26,18.549999237060547,18.549999237060547,18.55,18.55,False
NVTS,2025-05-22,VAL 2022-26,4.90500020980835,4.90500020980835,4.905,4.905,False
NVX,2023-09-15,VAL 2022-26,2.2399999618530275,2.239999961853028,,2.2399999618530275,False
NVX,2024-11-25,VAL 2022-26,2.4200000762939453,2.4200000762939453,2.42,2.42,False
NWTG,2025-01-30,VAL 2022-26,0.7700000127156575,23.100000381469727,,,True
NWTG,2025-02-12,VAL 2022-26,0.5149999936421712,15.449999809265137,,,True
NWTG,2025-03-13,VAL 2022-26,5.730000019073486,5.730000019073486,,5.730000019073486,False
NWTG,2025-04-07,VAL 2022-26,2.375,2.375,2.375,2.375,False
NX,2024-09-06,VAL 2022-26,30.0,30.0,,30.0,False
NX,2025-06-06,VAL 2022-26,20.799999237060547,20.799999237060547,20.8,20.8,False
NX,2025-12-12,VAL 2022-26,20.0,20.0,20.0,20.0,False
NXAT,2025-06-04,VAL 2022-26,4.76000010172526,142.8000030517578,,,True
NXAT,2026-07-20,VAL 2022-26,0.1489999930063883,4.46999979019165,,,True
NXDR,2024-02-23,VAL 2022-26,2.130000114440918,2.130000114440918,,2.130000114440918,False
NXDR,2025-11-06,VAL 2022-26,2.069999933242798,2.069999933242798,2.07,2.07,False
NXDR,2025-12-10,VAL 2022-26,2.700000047683716,2.700000047683716,2.7,2.7,False
NXH,2026-04-28,VAL 2022-26,7.119999885559082,7.119999885559082,,7.119999885559082,False
NXL,2024-06-20,VAL 2022-26,1.2699999491373697,1.2699999491373695,,1.2699999491373697,False
NXL,2025-10-08,VAL 2022-26,1.8300000508626304,1.8300000508626302,1.83,1.83,False
NXL,2026-02-24,VAL 2022-26,0.5890000025431315,0.5890000025431315,,0.5890000025431315,False
NXPL,2016-05-17,DEV 2015-21,0.55,1237.5,,,True
NXPL,2021-06-10,DEV 2015-21,6.50999984741211,6.50999984741211,,6.50999984741211,False
NXPL,2021-07-06,DEV 2015-21,8.950000000000001,8.950000000000001,,8.950000000000001,False
NXPL,2024-04-12,VAL 2022-26,2.4899999618530275,2.489999961853028,,2.4899999618530275,False
NXTC,2026-07-14,VAL 2022-26,9.239999771118164,9.239999771118164,9.24,9.24,False
NXTS,2022-01-21,VAL 2022-26,4.960000227769679,1215.2000558035713,,,True
NXTS,2023-05-05,VAL 2022-26,1.1100000142356048,271.9500034877232,,,True
NXTS,2023-08-07,VAL 2022-26,1.17999997152879,289.09999302455356,,,True
NXTS,2023-12-07,VAL 2022-26,4.089999950175383,143.1499982561384,,,True
NXTS,2024-09-12,VAL 2022-26,0.3999999999999999,14.0,,,True
NXTS,2024-10-22,VAL 2022-26,0.3260000112105388,11.410000392368861,,,True
NXTS,2025-01-02,VAL 2022-26,0.4400000124561543,15.4000004359654,,,True
NXTS,2025-05-05,VAL 2022-26,0.6219999975087691,21.76999991280692,,,True
NXTS,2026-06-22,VAL 2022-26,11.0,11.0,11.0,11.0,False
NXTT,2023-05-17,VAL 2022-26,11.84,11.84,,11.84,False
NXTT,2023-06-14,VAL 2022-26,20.290000000000003,20.290000000000003,,20.290000000000003,False
NXTT,2024-02-08,VAL 2022-26,2.65,2.65,,2.65,False
NXTT,2025-08-29,VAL 2022-26,0.36,0.36000000000000004,0.36,0.36,False
NXXT,2023-05-08,VAL 2022-26,0.365999984741211,0.9149999618530272,,,True
NXXT,2024-02-22,VAL 2022-26,0.18,0.45,,,True
NXXT,2026-05-18,VAL 2022-26,0.0540000021457672,0.054000002145767216,0.54,0.54,False
NYC,2023-09-27,VAL 2022-26,8.880000114440918,8.880000114440918,,8.880000114440918,False
NYXH,2026-09-03,VAL 2022-26,1.8200000524520876,1.8200000524520876,,1.8200000524520876,False
OABI,2026-08-17,VAL 2022-26,4.184999942779541,4.184999942779541,,4.184999942779541,False
OBAI,2026-06-16,VAL 2022-26,0.9100000262260436,0.9100000262260436,0.9069,0.9069,False
OBE,2016-06-13,DEV 2015-21,1.3499999727521623,1.3499999727521623,,1.3499999727521623,False
OCC,2018-06-11,DEV 2015-21,3.799999952316284,3.799999952316284,,3.799999952316284,False
OCC,2024-12-23,VAL 2022-26,2.549999952316284,2.549999952316284,2.55,2.55,False
OCC,2025-07-08,VAL 2022-26,4.559999942779541,4.559999942779541,4.56,4.56,False
OCC,2026-06-08,VAL 2022-26,19.61000061035156,19.61000061035156,19.61,19.61,False
OCG,2024-02-16,VAL 2022-26,1.8699999260179925,1.8699999260179923,,1.8699999260179925,False
OCG,2025-12-09,VAL 2022-26,3.3300000739820077,3.3300000739820073,3.33,3.33,False
OCG,2026-01-30,VAL 2022-26,1.7149999936421711,1.7149999936421711,,1.7149999936421711,False
OCG,2026-05-13,VAL 2022-26,2.319999933242798,2.319999933242798,,2.319999933242798,False
OCGN,2017-01-12,DEV 2015-21,2.05,123.0,,,True
OCGN,2019-01-04,DEV 2015-21,0.25,15.0,,,True
OCGN,2019-04-08,DEV 2015-21,0.2410000006357828,14.460000038146973,,,True
OCGN,2019-04-09,DEV 2015-21,0.2199999968210856,13.199999809265137,,,True
OCGN,2019-10-09,DEV 2015-21,1.5800000429153442,1.5800000429153442,,1.5800000429153442,False
OCGN,2019-11-27,DEV 2015-21,0.4040000140666961,0.4040000140666961,,0.4040000140666961,False
OCGN,2020-12-22,DEV 2015-21,0.4729999899864197,0.4729999899864197,,0.4729999899864197,False
OCGN,2024-02-20,VAL 2022-26,1.2599999904632568,1.2599999904632568,,1.2599999904632568,False
OCUL,2016-02-17,DEV 2015-21,9.09000015258789,9.09000015258789,,9.09000015258789,False
OCUL,2016-08-04,DEV 2015-21,5.369999885559082,5.369999885559082,,5.369999885559082,False
OCUL,2016-10-13,DEV 2015-21,8.0,8.0,,8.0,False
OCUL,2024-02-22,VAL 2022-26,9.079999923706056,9.079999923706056,,9.079999923706056,False
ODD,2026-09-09,VAL 2022-26,17.5,17.5,,17.5,False
ODYS,2026-05-11,VAL 2022-26,9.800000190734863,9.800000190734863,9.8,9.8,False
OESX,2019-01-16,DEV 2015-21,1.1,1.1,,1.1,False
OESX,2019-05-20,DEV 2015-21,1.8100000381469727,1.8100000381469727,,1.8100000381469727,False
OESX,2026-08-05,VAL 2022-26,13.670000076293944,13.670000076293944,,13.670000076293944,False
OFAL,2025-07-23,VAL 2022-26,2.2399999618530275,2.239999961853028,2.24,2.24,False
OFAL,2025-09-25,VAL 2022-26,1.6799999237060548,1.6799999237060548,1.68,1.68,False
OFAL,2026-08-12,VAL 2022-26,2.539999961853028,2.539999961853028,2.54,2.54,False
OFAL,2026-08-13,VAL 2022-26,1.7699999809265137,1.7699999809265137,,1.7699999809265137,False
OFAL,2026-08-25,VAL 2022-26,1.024999976158142,1.024999976158142,,1.024999976158142,False
OFAL,2026-09-04,VAL 2022-26,0.915000021457672,0.915000021457672,,0.915000021457672,False
OGEN,2015-06-10,DEV 2015-21,1.4500000000000002,1.4500000000000002,,1.4500000000000002,False
OGEN,2015-07-29,DEV 2015-21,2.29,2.29,,2.29,False
OGEN,2018-03-08,DEV 2015-21,3.15,3.15,,3.15,False
OGEN,2018-04-25,DEV 2015-21,1.87,1.87,,1.87,False
OGEN,2018-05-30,DEV 2015-21,2.1,2.1,,2.1,False
OGEN,2018-09-24,DEV 2015-21,0.99,0.99,,0.99,False
OGEN,2018-10-01,DEV 2015-21,1.39,1.39,,1.39,False
OGEN,2018-10-02,DEV 2015-21,2.22,2.22,,2.22,False
OGEN,2019-04-26,DEV 2015-21,0.62,0.62,,0.62,False
OGEN,2020-05-04,DEV 2015-21,0.72,0.72,,0.72,False
OGEN,2020-05-19,DEV 2015-21,0.72,0.72,,0.72,False
OGEN,2020-07-22,DEV 2015-21,1.97,1.97,,1.97,False
OGEN,2020-10-06,DEV 2015-21,0.78,0.78,,0.78,False
OGEN,2020-12-23,DEV 2015-21,0.6,0.6,,0.6,False
OGEN,2021-01-07,DEV 2015-21,1.09,1.09,,1.09,False
OGEN,2021-07-27,DEV 2015-21,0.94,0.94,,0.94,False
OGEN,2022-01-04,VAL 2022-26,0.57,0.57,,0.57,False
OGEN,2024-12-19,VAL 2022-26,0.4200000127156575,0.4200000127156576,0.4174,0.4174,False
OGEN,2025-02-05,VAL 2022-26,0.5299999872843424,0.5299999872843424,0.5341,0.5341,False
OGEN,2025-06-02,VAL 2022-26,8.100000381469727,0.27000001271565754,0.27,0.27,False
OGG,2022-02-03,VAL 2022-26,4.100000063578287,12.300000190734863,,,True
OGI,2020-01-15,DEV 2015-21,2.759999990463257,2.759999990463257,,2.759999990463257,False
OGI,2023-11-06,VAL 2022-26,1.5199999809265137,1.5199999809265137,,1.5199999809265137,False
OIO,2023-11-22,VAL 2022-26,0.6019999980926514,0.6019999980926514,,0.6019999980926514,False
OIO,2023-11-28,VAL 2022-26,1.3200000127156577,1.3200000127156575,,1.3200000127156577,False
OKYO,2023-03-01,VAL 2022-26,2.75,2.75,,2.75,False
OLB,2020-10-22,DEV 2015-21,5.20999984741211,5.209999847412109,,5.20999984741211,False
OLB,2021-02-10,DEV 2015-21,12.75999984741211,12.75999984741211,,12.75999984741211,False
OLB,2021-11-02,DEV 2015-21,7.859999847412109,7.8599998474121096,,7.859999847412109,False
OLB,2022-02-02,VAL 2022-26,2.4899999618530275,2.489999961853028,,2.4899999618530275,False
OLB,2022-08-29,VAL 2022-26,2.439999961853028,2.4399999618530277,,2.439999961853028,False
OLB,2023-06-13,VAL 2022-26,0.8399999618530274,0.8399999618530274,,0.8399999618530274,False
OLB,2026-02-17,VAL 2022-26,0.7103999853134155,0.7103999853134155,0.7104,0.7104,False
OLB,2026-09-09,VAL 2022-26,0.3944999873638153,0.3944999873638153,,0.3944999873638153,False
OLED,2015-01-26,DEV 2015-21,34.439998626708984,34.439998626708984,,34.439998626708984,False
OLMA,2025-11-18,VAL 2022-26,26.45499992370605,26.45499992370605,26.455,26.455,False
OLOX,2019-07-12,DEV 2015-21,1.2299999699707034,230.66103515625002,,,True
OLOX,2020-03-31,DEV 2015-21,3.799999907226563,35.630566406250004,,,True
OLOX,2020-05-05,DEV 2015-21,5.999999853515625,56.2587890625,,,True
OLOX,2020-09-25,DEV 2015-21,2.980000122528077,27.94186706542969,,,True
OLOX,2020-10-16,DEV 2015-21,3.630000106658936,34.03656921386719,,,True
OLOX,2023-03-30,VAL 2022-26,0.9999999755859376,9.37646484375,,,True
OLOX,2024-03-08,VAL 2022-26,0.3189999961853028,6.379999923706055,,,True
OLOX,2024-04-25,VAL 2022-26,0.19,3.8000000000000003,,,True
OLOX,2024-05-02,VAL 2022-26,2.8000000000000003,2.8000000000000003,,2.8000000000000003,False
OLOX,2024-05-03,VAL 2022-26,3.879999923706055,3.879999923706055,,3.879999923706055,False
OLOX,2024-10-25,VAL 2022-26,1.2949999809265138,1.2949999809265138,,1.2949999809265138,False
OLOX,2024-12-02,VAL 2022-26,0.7670000076293946,0.7670000076293946,,0.7670000076293946,False
OLOX,2025-01-15,VAL 2022-26,1.8799999237060547,1.8799999237060547,,1.8799999237060547,False
OLOX,2025-05-28,VAL 2022-26,1.2000000000000002,1.2000000000000002,,1.2000000000000002,False
OLOX,2025-08-06,VAL 2022-26,0.4190000057220459,0.41900000572204593,,0.4190000057220459,False
OLOX,2025-08-08,VAL 2022-26,0.3829999923706055,0.3829999923706055,,0.3829999923706055,False
OLOX,2025-10-10,VAL 2022-26,5.550000000000001,5.550000000000001,,5.550000000000001,False
OLOX,2025-11-13,VAL 2022-26,3.259999847412109,3.2599998474121095,,3.259999847412109,False
OLOX,2026-05-29,VAL 2022-26,10.1899995803833,10.1899995803833,10.19,10.19,False
OM,2026-01-12,VAL 2022-26,6.489999771118164,6.489999771118164,,6.489999771118164,False
OMER,2015-08-18,DEV 2015-21,24.200000762939453,24.200000762939453,,24.200000762939453,False
OMER,2018-03-22,DEV 2015-21,17.75,17.75,,17.75,False
OMER,2020-08-10,DEV 2015-21,20.399999618530277,20.399999618530277,,20.399999618530277,False
OMER,2021-12-02,DEV 2015-21,8.34000015258789,8.34000015258789,,8.34000015258789,False
OMER,2023-02-06,VAL 2022-26,4.099999904632568,4.099999904632568,,4.099999904632568,False
OMER,2024-12-19,VAL 2022-26,9.710000038146973,9.710000038146973,9.71,9.71,False
OMER,2025-10-15,VAL 2022-26,11.59000015258789,11.59000015258789,11.59,11.59,False
OMER,2025-12-24,VAL 2022-26,16.440000534057617,16.440000534057617,,16.440000534057617,False
OMER,2026-08-13,VAL 2022-26,16.649999618530273,16.649999618530273,,16.649999618530273,False
OMEX,2018-03-22,DEV 2015-21,13.300000190734863,13.300000190734863,,13.300000190734863,False
OMEX,2024-09-18,VAL 2022-26,0.8100000023841858,0.8100000023841858,,0.8100000023841858,False
OMEX,2025-04-16,VAL 2022-26,0.5130000114440918,0.5130000114440918,0.5129,0.5129,False
OMEX,2026-04-08,VAL 2022-26,2.075000047683716,2.075000047683716,2.075,2.075,False
OMF,2015-03-03,DEV 2015-21,48.97999954223633,48.97999954223633,,48.97999954223633,False
OMH,2023-05-15,VAL 2022-26,22.82,2.282,,,True
OMH,2024-02-13,VAL 2022-26,5.29,0.529,,,True
OMH,2025-04-29,VAL 2022-26,2.66,2.66,2.66,2.66,False
OMH,2025-06-09,VAL 2022-26,0.9840000152587892,0.9840000152587891,0.9842,0.9842,False
OMH,2026-07-24,VAL 2022-26,0.6129999923706054,0.6129999923706055,,0.6129999923706054,False
OMH,2026-08-20,VAL 2022-26,5.150000095367432,0.10300000190734863,,,True
ONCO,2022-04-08,VAL 2022-26,12.680000000000003,12.680000000000003,,12.680000000000003,False
ONCO,2022-07-27,VAL 2022-26,3.500000000000001,3.500000000000001,,3.500000000000001,False
ONCO,2022-08-17,VAL 2022-26,3.500000000000001,3.500000000000001,,3.500000000000001,False
ONCO,2022-11-10,VAL 2022-26,1.2100000000000002,1.2100000000000002,,1.2100000000000002,False
ONCO,2023-02-14,VAL 2022-26,1.4200000000000004,1.4200000000000004,,1.4200000000000004,False
ONCO,2023-06-14,VAL 2022-26,1.5000000000000002,1.5000000000000002,,1.5000000000000002,False
ONCO,2024-01-25,VAL 2022-26,0.4060000000000001,0.4060000000000001,,0.4060000000000001,False
ONCO,2024-05-17,VAL 2022-26,0.185,0.18500000000000003,,0.185,False
ONCO,2024-07-18,VAL 2022-26,0.23,0.23000000000000004,,0.23,False
ONCO,2024-09-27,VAL 2022-26,6.2700000000000005,6.2700000000000005,,6.2700000000000005,False
ONCO,2024-12-31,VAL 2022-26,1.07,1.07,1.07,1.07,False
ONCO,2025-01-27,VAL 2022-26,0.7000000000000001,0.7000000000000001,0.7,0.7,False
ONCO,2025-04-08,VAL 2022-26,0.099,0.09900000000000002,0.099,0.099,False
ONCO,2025-07-31,VAL 2022-26,4.040000000000001,4.040000000000001,4.04,4.04,False
ONCO,2026-03-27,VAL 2022-26,5.840000152587891,5.840000152587891,5.84,5.84,False
ONCO,2026-04-09,VAL 2022-26,1.6200000762939455,1.6200000762939455,,1.6200000762939455,False
ONCO,2026-09-25,VAL 2022-26,1.1200000047683716,1.1200000047683716,,1.1200000047683716,False
ONCY,2015-02-17,DEV 2015-21,0.6199999859458522,5.889999866485596,,,True
ONCY,2015-07-06,DEV 2015-21,0.6899999819303814,6.554999828338623,,,True
ONCY,2017-11-17,DEV 2015-21,0.5499999899613229,5.224999904632568,,,True
ONCY,2021-02-17,DEV 2015-21,4.659999847412109,4.659999847412109,,4.659999847412109,False
ONDS,2023-08-08,VAL 2022-26,1.590000033378601,1.590000033378601,,1.590000033378601,False
ONDS,2024-11-29,VAL 2022-26,1.1200000047683716,1.1200000047683716,1.12,1.12,False
ONDS,2024-12-02,VAL 2022-26,1.2100000381469729,1.2100000381469729,1.21,1.21,False
ONDS,2025-01-03,VAL 2022-26,3.2300000190734863,3.2300000190734863,3.23,3.23,False
ONDS,2025-03-11,VAL 2022-26,1.1799999475479126,1.1799999475479126,1.18,1.18,False
ONFO,2023-05-26,VAL 2022-26,1.84,1.84,,1.84,False
ONFO,2026-04-16,VAL 2022-26,1.11,1.11,1.11,1.11,False
ONFO,2026-07-08,VAL 2022-26,0.5370000076293946,0.5370000076293946,,0.5370000076293946,False
ONFO,2026-07-28,VAL 2022-26,0.14,0.14,,0.14,False
ONIT,2016-07-28,DEV 2015-21,2.1399998982747395,32.099998474121094,,,True
ONIT,2020-02-07,DEV 2015-21,1.4,21.0,,,True
ONIT,2020-05-08,DEV 2015-21,0.5,7.5,,,True
ONIT,2020-07-17,DEV 2015-21,0.9299999872843424,13.949999809265137,,,True
ONMD,2024-01-29,VAL 2022-26,1.2300000190734863,0.12300000190734864,,,True
ONMD,2024-05-23,VAL 2022-26,1.399999976158142,0.13999999761581422,,,True
ONMD,2025-06-24,VAL 2022-26,0.6100000143051147,0.06100000143051148,0.61,0.61,False
ONMD,2025-10-06,VAL 2022-26,1.434999942779541,0.1434999942779541,1.435,1.435,False
ONMD,2026-02-27,VAL 2022-26,1.0499999523162842,0.10499999523162842,,,True
ONT,2025-08-07,VAL 2022-26,29.700000762939453,29.700000762939453,,29.700000762939453,False
OPAD,2025-08-25,VAL 2022-26,0.2035000085830688,0.20350000858306885,2.035,2.035,False
OPAD,2026-01-09,VAL 2022-26,0.2329999923706054,0.23299999237060548,2.33,2.33,False
OPCH,2017-03-03,DEV 2015-21,1.7699999809265137,1.7699999809265137,,1.7699999809265137,False
OPHC,2020-06-17,DEV 2015-21,4.980000019073486,4.980000019073486,,4.980000019073486,False
OPHC,2020-06-19,DEV 2015-21,4.150000095367432,4.150000095367432,,4.150000095367432,False
OPK,2020-03-06,DEV 2015-21,2.789999961853028,2.789999961853028,,2.789999961853028,False
OPK,2023-03-08,VAL 2022-26,1.2799999713897705,1.2799999713897705,,1.2799999713897705,False
OPK,2023-06-28,VAL 2022-26,2.059999942779541,2.059999942779541,,2.059999942779541,False
OPRA,2019-11-14,DEV 2015-21,11.720000267028809,11.720000267028809,,11.720000267028809,False
OPRT,2024-04-23,VAL 2022-26,2.700000047683716,2.700000047683716,,2.700000047683716,False
OPRX,2023-11-06,VAL 2022-26,10.970000267028809,10.970000267028809,,10.970000267028809,False
OPRX,2024-05-15,VAL 2022-26,13.949999809265137,13.949999809265137,,13.949999809265137,False
OPRX,2025-05-13,VAL 2022-26,11.5,11.5,11.5,11.5,False
OPRX,2025-08-08,VAL 2022-26,16.25,16.25,16.25,16.25,False
OPTT,2017-04-24,DEV 2015-21,0.115,0.115,,0.115,False
OPTT,2019-03-12,DEV 2015-21,0.25,0.25,,0.25,False
OPTT,2019-04-03,DEV 2015-21,0.2869999885559082,0.2869999885559082,,0.2869999885559082,False
OPTT,2019-05-13,DEV 2015-21,0.090333334604899,0.09033333460489909,,0.090333334604899,False
OPTT,2019-08-23,DEV 2015-21,0.077999997138977,0.07799999713897705,,0.077999997138977,False
OPTT,2020-06-26,DEV 2015-21,0.0349999984105428,0.034999998410542806,,0.0349999984105428,False
OPTT,2020-08-17,DEV 2015-21,0.05,0.05,,0.05,False
OPTT,2020-09-24,DEV 2015-21,0.0366666674613952,0.03666666746139526,,0.0366666674613952,False
OPTT,2020-09-25,DEV 2015-21,0.0413333336512247,0.04133333365122477,,0.0413333336512247,False
OPTT,2020-11-24,DEV 2015-21,0.1103333314259847,0.1103333314259847,,0.1103333314259847,False
OPTT,2021-01-13,DEV 2015-21,0.1223333358764648,0.12233333587646483,,0.1223333358764648,False
OPTT,2024-05-28,VAL 2022-26,0.0076666668057441,0.00766666680574417,,0.0076666668057441,False
OPTT,2024-06-26,VAL 2022-26,0.0060000002384185,0.006000000238418577,,0.0060000002384185,False
OPTT,2024-06-28,VAL 2022-26,0.0073333332935969,0.007333333293596904,,0.0073333332935969,False
OPTT,2024-07-02,VAL 2022-26,0.0149999996026357,0.0149999996026357,,0.0149999996026357,False
OPTT,2024-11-27,VAL 2022-26,0.0120000004768371,0.012000000476837157,0.3567,0.3567,False
OPTT,2024-12-02,VAL 2022-26,0.023333332935969,0.023333332935969033,0.7,0.7,False
OPTT,2026-01-06,VAL 2022-26,0.0143333335717519,0.014333333571751912,,0.0143333335717519,False
OPTT,2026-01-26,VAL 2022-26,0.0200000007947285,0.020000000794728596,,0.0200000007947285,False
OPTU,2026-06-01,VAL 2022-26,1.190000057220459,1.190000057220459,1.19,1.19,False
OPTX,2023-11-02,VAL 2022-26,15.399999618530272,15.399999618530272,,15.399999618530272,False
OPTX,2024-06-26,VAL 2022-26,6.53000020980835,6.53000020980835,,6.53000020980835,False
OPTX,2024-12-17,VAL 2022-26,3.809999942779541,3.809999942779541,3.81,3.81,False
OPTX,2025-12-23,VAL 2022-26,2.805000066757202,2.805000066757202,2.805,2.805,False
ORBS,2022-07-07,VAL 2022-26,73.0,365.0,,,True
ORBS,2023-01-26,VAL 2022-26,14.55,72.75,,,True
ORBS,2023-04-06,VAL 2022-26,2.410000038146973,12.050000190734863,,,True
ORBS,2024-09-25,VAL 2022-26,4.139999866485596,4.139999866485596,,4.139999866485596,False
ORBS,2024-12-30,VAL 2022-26,2.740000009536743,2.740000009536743,,2.740000009536743,False
ORBS,2025-04-30,VAL 2022-26,1.600000023841858,1.600000023841858,,1.600000023841858,False
ORBS,2025-07-25,VAL 2022-26,1.9149999618530276,1.9149999618530276,,1.9149999618530276,False
ORBS,2026-03-12,VAL 2022-26,1.090000033378601,1.090000033378601,,1.090000033378601,False
ORGO,2019-03-12,DEV 2015-21,13.600000381469728,13.600000381469728,,13.600000381469728,False
ORGO,2021-01-14,DEV 2015-21,9.739999771118164,9.739999771118164,,9.739999771118164,False
ORGO,2025-02-28,VAL 2022-26,4.059999942779541,4.059999942779541,4.06,4.06,False
ORGO,2025-11-07,VAL 2022-26,5.110000133514404,5.110000133514404,5.11,5.11,False
ORIC,2022-12-22,VAL 2022-26,4.389999866485596,4.389999866485596,,4.389999866485596,False
ORIC,2025-05-29,VAL 2022-26,7.289999961853027,7.289999961853027,7.29,7.29,False
ORIO,2020-07-15,DEV 2015-21,2.559999942779541,7.679999828338623,,,True
ORIO,2020-11-06,DEV 2015-21,2.309999942779541,6.929999828338623,,,True
ORIO,2023-08-10,VAL 2022-26,2.6700000762939453,2.6700000762939453,,2.6700000762939453,False
ORIO,2025-07-02,VAL 2022-26,3.4800000190734863,3.4800000190734863,,3.4800000190734863,False
ORKA,2015-04-13,DEV 2015-21,1.0099999967706266,1527.1199951171875,,,True
ORKA,2018-05-10,DEV 2015-21,0.6400000254313151,138.24000549316406,,,True
ORKA,2018-07-31,DEV 2015-21,1.2000000565140334,259.20001220703125,,,True
ORKA,2019-02-20,DEV 2015-21,0.8999999717429832,194.3999938964844,,,True
ORKA,2019-05-02,DEV 2015-21,18.5500005086263,222.6000061035156,,,True
ORKA,2019-09-11,DEV 2015-21,7.0,84.0,,,True
ORKA,2020-05-28,DEV 2015-21,8.819999694824219,105.83999633789062,,,True
ORKA,2024-04-03,VAL 2022-26,2.9099998474121094,34.91999816894531,,,True
ORMP,2020-11-30,DEV 2015-21,5.539999961853027,5.539999961853027,,5.539999961853027,False
ORN,2020-06-18,DEV 2015-21,3.940000057220459,3.940000057220459,,3.940000057220459,False
ORN,2024-10-31,VAL 2022-26,6.929999828338623,6.929999828338623,6.93,6.93,False
OSCR,2023-03-28,VAL 2022-26,4.900000095367432,4.900000095367432,,4.900000095367432,False
OSG,2026-05-07,VAL 2022-26,5.349999904632568,5.349999904632568,,5.349999904632568,False
OSPN,2019-02-20,DEV 2015-21,20.51000022888184,20.51000022888184,,20.51000022888184,False
OSPN,2019-10-30,DEV 2015-21,19.190000534057617,19.190000534057617,,19.190000534057617,False
OSPN,2024-03-07,VAL 2022-26,12.0,12.0,,12.0,False
OSPN,2024-05-03,VAL 2022-26,13.880000114440918,13.880000114440918,,13.880000114440918,False
OSS,2019-03-21,DEV 2015-21,3.400000095367432,3.400000095367432,,3.400000095367432,False
OSS,2019-07-03,DEV 2015-21,1.9800000190734863,1.9800000190734863,,1.9800000190734863,False
OSS,2020-01-22,DEV 2015-21,2.75,2.75,,2.75,False
OSS,2020-07-13,DEV 2015-21,2.509999990463257,2.509999990463257,,2.509999990463257,False
OST,2022-08-02,VAL 2022-26,2.14,2.14,,2.14,False
OST,2023-05-02,VAL 2022-26,1.3,1.3,,1.3,False
OST,2025-01-14,VAL 2022-26,2.78,2.7800000000000002,2.78,2.78,False
OSTX,2025-01-15,VAL 2022-26,6.75,6.75,6.75,6.75,False
OSTX,2025-02-14,VAL 2022-26,2.7699999809265137,2.7699999809265137,2.77,2.77,False
OSUR,2016-02-04,DEV 2015-21,6.679999828338623,6.679999828338623,,6.679999828338623,False
OSW,2020-11-09,DEV 2015-21,8.0,8.0,,8.0,False
OTLK,2019-02-11,DEV 2015-21,1.15,1.1500000000000001,,1.15,False
OTLK,2019-05-16,DEV 2015-21,1.25,1.25,,1.25,False
OTLK,2019-05-20,DEV 2015-21,2.9299999237060548,2.9299999237060543,,2.9299999237060548,False
OTLK,2021-02-05,DEV 2015-21,2.339999961853028,2.3399999618530276,,2.339999961853028,False
OTLK,2021-08-03,DEV 2015-21,3.0149999618530274,3.0149999618530274,,3.0149999618530274,False
OTLK,2024-01-23,VAL 2022-26,0.4099999904632568,0.40999999046325686,,0.4099999904632568,False
OTLK,2024-03-22,VAL 2022-26,10.770000457763672,10.770000457763672,,10.770000457763672,False
OTLK,2026-05-26,VAL 2022-26,0.4650000035762787,0.4650000035762787,0.465,0.465,False
OUST,2020-12-22,DEV 2015-21,14.539999389648438,14.539999389648438,,14.539999389648438,False
OVID,2019-04-02,DEV 2015-21,2.130000114440918,2.130000114440918,,2.130000114440918,False
OVID,2020-08-25,DEV 2015-21,7.860000133514404,7.860000133514404,,7.860000133514404,False
OVID,2021-03-03,DEV 2015-21,4.690000057220459,4.690000057220459,,4.690000057220459,False
OVID,2025-10-03,VAL 2022-26,2.0,2.0,2.0,2.0,False
OWLT,2023-02-21,VAL 2022-26,0.4699999945504324,0.46999999455043245,,0.4699999945504324,False
OXBR,2020-06-30,DEV 2015-21,1.2599999904632568,1.2599999904632568,,1.2599999904632568,False
OXBR,2020-08-11,DEV 2015-21,2.0799999237060547,2.0799999237060547,,2.0799999237060547,False
OXBR,2020-09-28,DEV 2015-21,1.5499999523162842,1.5499999523162842,,1.5499999523162842,False
OXBR,2021-07-14,DEV 2015-21,4.360000133514404,4.360000133514404,,4.360000133514404,False
PAAI,2023-04-10,VAL 2022-26,5.179999828338623,5.179999828338623,,5.179999828338623,False
PAAI,2023-08-15,VAL 2022-26,4.099999904632568,4.099999904632568,,4.099999904632568,False
PAAI,2024-11-15,VAL 2022-26,1.909999966621399,1.909999966621399,,1.909999966621399,False
PACB,2015-10-01,DEV 2015-21,4.699999809265137,4.699999809265137,,4.699999809265137,False
PACB,2018-11-02,DEV 2015-21,7.550000190734863,7.550000190734863,,7.550000190734863,False
PACK,2024-03-12,VAL 2022-26,5.599999904632568,5.599999904632568,,5.599999904632568,False
PACK,2025-01-29,VAL 2022-26,7.010000228881836,7.010000228881836,7.01,7.01,False
PACK,2025-08-26,VAL 2022-26,6.179999828338623,6.179999828338623,6.18,6.18,False
PACK,2026-04-30,VAL 2022-26,4.840000152587891,4.840000152587891,,4.840000152587891,False
PACS,2025-11-17,VAL 2022-26,12.850000381469728,12.850000381469728,12.85,12.85,False
PALI,2018-10-25,DEV 2015-21,0.91,5.46,,,True
PALI,2019-10-30,DEV 2015-21,1.71,10.26,,,True
PALI,2020-01-17,DEV 2015-21,1.68,10.08,,,True
PALI,2020-05-15,DEV 2015-21,1.0,6.0,,,True
PALI,2020-05-21,DEV 2015-21,1.16,6.96,,,True
PALI,2020-12-17,DEV 2015-21,1.14,6.84,,,True
PALI,2021-03-22,DEV 2015-21,2.13,12.78,,,True
PALI,2021-05-13,DEV 2015-21,6.569999999999999,6.569999999999999,,6.569999999999999,False
PALI,2022-03-22,VAL 2022-26,1.34,1.3399999999999999,,1.34,False
PALI,2022-11-22,VAL 2022-26,2.78999989827474,2.789999898274739,,2.78999989827474,False
PALI,2022-12-30,VAL 2022-26,4.239999898274739,4.239999898274739,,4.239999898274739,False
PALI,2023-03-31,VAL 2022-26,3.2,3.2,,3.2,False
PALI,2023-09-06,VAL 2022-26,1.240000025431315,1.240000025431315,,1.240000025431315,False
PALI,2024-01-29,VAL 2022-26,1.1699999491373698,1.1699999491373698,,1.1699999491373698,False
PALI,2024-04-16,VAL 2022-26,8.75,8.75,,8.75,False
PALI,2024-04-23,VAL 2022-26,6.869999885559082,6.869999885559082,,6.869999885559082,False
PALI,2024-05-01,VAL 2022-26,7.949999809265137,7.949999809265137,,7.949999809265137,False
PALI,2024-12-12,VAL 2022-26,2.8499999046325684,2.8499999046325684,2.85,2.85,False
PALI,2025-08-07,VAL 2022-26,1.4900000095367432,1.4900000095367432,1.49,1.49,False
PALI,2025-10-01,VAL 2022-26,1.0499999523162842,1.0499999523162842,1.05,1.05,False
PALI,2025-10-06,VAL 2022-26,1.9600000381469729,1.9600000381469729,1.96,1.96,False
PAMT,2025-04-04,VAL 2022-26,13.90999984741211,13.90999984741211,13.908,13.908,False
PAPL,2024-07-17,VAL 2022-26,0.9149999618530272,18.299999237060547,,,True
PAPL,2025-05-01,VAL 2022-26,0.2700000047683716,5.400000095367432,0.27,0.27,False
PAPL,2025-07-23,VAL 2022-26,8.470000267028809,8.470000267028809,8.47,8.47,False
PAPL,2025-07-31,VAL 2022-26,3.7899999618530273,3.7899999618530273,3.79,3.79,False
PAPL,2025-09-05,VAL 2022-26,5.21999979019165,5.21999979019165,5.22,5.22,False
PAPL,2026-01-08,VAL 2022-26,1.870000004768372,1.870000004768372,,1.870000004768372,False
PAPL,2026-01-21,VAL 2022-26,1.659999966621399,1.659999966621399,1.66,1.66,False
PAPL,2026-04-23,VAL 2022-26,0.915000021457672,0.915000021457672,0.9145,0.9145,False
PARA,2024-01-05,VAL 2022-26,3.0700000000000003,1535.0,,,True
PARA,2024-09-20,VAL 2022-26,5.100000000000001,51.0,,,True
PARA,2024-09-24,VAL 2022-26,6.710000000000002,67.10000000000001,,,True
PARA,2024-11-07,VAL 2022-26,2.4000000000000004,24.0,,,True
PARA,2024-12-10,VAL 2022-26,2.1100000000000003,21.1,,,True
PARA,2025-01-30,VAL 2022-26,2.3600000000000003,23.6,,,True
PASG,2025-01-02,VAL 2022-26,0.6900000095367432,0.6900000095367432,0.6896,0.6896,False
PASW,2026-01-12,VAL 2022-26,0.2800000011920929,0.2800000011920929,,0.2800000011920929,False
PAVM,2019-03-13,DEV 2015-21,1.29,1.29,,1.29,False
PAVM,2026-01-21,VAL 2022-26,17.989999771118164,17.989999771118164,17.99,17.99,False
PAVS,2020-03-25,DEV 2015-21,3.81,3.81,,3.81,False
PAVS,2022-05-25,VAL 2022-26,0.313,0.313,,0.313,False
PAVS,2024-05-24,VAL 2022-26,1.15,1.1500000000000001,,1.15,False
PAVS,2025-12-05,VAL 2022-26,5.1,0.051000000000000004,0.0509,0.0509,False
PAVS,2025-12-08,VAL 2022-26,6.3,0.063,0.0632,0.0632,False
PAVS,2025-12-18,VAL 2022-26,2.81,2.8099999999999996,2.81,2.81,False
PAVS,2026-03-24,VAL 2022-26,6.947999877929687,0.5789999898274739,0.5787,0.5787,False
PAVS,2026-06-09,VAL 2022-26,155.0,1.55,1.55,1.55,False
PAVS,2026-06-15,VAL 2022-26,47.400001525878906,0.4740000152587891,0.4736,0.4736,False
PAVS,2026-08-06,VAL 2022-26,9.300000190734863,9.300000190734863,9.3,9.3,False
PAY,2023-02-24,VAL 2022-26,9.699999809265137,9.699999809265137,,9.699999809265137,False
PAY,2023-08-08,VAL 2022-26,12.93000030517578,12.93000030517578,,12.93000030517578,False
PAY,2024-11-13,VAL 2022-26,32.11000061035156,32.11000061035156,32.11,32.11,False
PAYO,2022-05-13,VAL 2022-26,4.400000095367432,4.400000095367432,,4.400000095367432,False
PBI,2024-08-09,VAL 2022-26,7.110000133514404,7.110000133514404,,7.110000133514404,False
PBK,2024-09-23,VAL 2022-26,4.0,4.0,,4.0,False
PBM,2024-03-08,VAL 2022-26,2.45,15.370138017565873,,,True
PBM,2024-07-25,VAL 2022-26,1.08,6.775407779171895,,,True
PBM,2024-12-05,VAL 2022-26,3.29,20.63989962358846,3.29,3.29,False
PBM,2024-12-10,VAL 2022-26,2.81,17.628607277289838,2.81,2.81,False
PBM,2024-12-19,VAL 2022-26,2.08,13.048933500627355,2.08,2.08,False
PBM,2024-12-20,VAL 2022-26,3.94,24.717691342534508,3.94,3.94,False
PBM,2025-05-30,VAL 2022-26,6.41,40.0625,6.41,6.41,False
PBM,2025-07-31,VAL 2022-26,7.35,45.9375,7.35,7.35,False
PBM,2025-08-04,VAL 2022-26,4.55,28.4375,4.55,4.55,False
PBM,2025-09-18,VAL 2022-26,4.5,28.125,4.5,4.5,False
PBM,2026-04-17,VAL 2022-26,9.81999969482422,9.81999969482422,9.82,9.82,False
PBYI,2019-08-09,DEV 2015-21,11.130000114440918,11.130000114440918,,11.130000114440918,False
PCLA,2025-12-23,VAL 2022-26,0.1859999974568685,0.1859999974568685,0.186,0.186,False
PCLA,2025-12-26,VAL 2022-26,0.3299999872843424,0.3299999872843424,0.3295,0.3295,False
PCLA,2026-05-21,VAL 2022-26,1.725000023841858,1.725000023841858,,1.725000023841858,False
PCLA,2026-05-22,VAL 2022-26,6.130000114440918,6.130000114440918,6.13,6.13,False
PCLA,2026-09-10,VAL 2022-26,9.149999618530272,9.149999618530272,,9.149999618530272,False
PCLA,2026-09-11,VAL 2022-26,12.579999923706056,12.579999923706056,,12.579999923706056,False
PCSA,2023-02-03,VAL 2022-26,1.24,1.24,,1.24,False
PCSA,2023-10-16,VAL 2022-26,0.61,0.61,,0.61,False
PCSA,2024-01-19,VAL 2022-26,6.5200000000000005,0.326,,,True
PCSA,2024-01-25,VAL 2022-26,3.65,3.65,,3.65,False
PCSA,2024-04-25,VAL 2022-26,2.46,2.46,,2.46,False
PCSA,2024-07-30,VAL 2022-26,3.04,3.04,,3.04,False
PCSA,2025-06-17,VAL 2022-26,0.5870000076293945,0.5870000076293945,0.5867,0.5867,False
PCSA,2025-06-20,VAL 2022-26,0.3,0.3,0.3001,0.3001,False
PCSA,2025-10-07,VAL 2022-26,0.395,0.395,0.3948,0.3948,False
PCSA,2025-10-08,VAL 2022-26,0.56,0.56,0.56,0.56,False
PCVX,2022-10-24,VAL 2022-26,35.150001525878906,35.150001525878906,,35.150001525878906,False
PD,2026-05-29,VAL 2022-26,9.329999923706056,9.329999923706056,,9.329999923706056,False
PDC,2024-02-14,VAL 2022-26,1.7600000381469727,8.800000190734863,,,True
PDC,2025-07-02,VAL 2022-26,2.8550000190734863,2.8550000190734863,,2.8550000190734863,False
PDEX,2018-11-09,DEV 2015-21,11.199999809265137,11.199999809265137,,11.199999809265137,False
PDEX,2024-11-01,VAL 2022-26,42.25,42.25,42.25,42.25,False
PDSB,2020-04-16,DEV 2015-21,1.0099999904632568,1.0099999904632568,,1.0099999904632568,False
PDSB,2022-11-14,VAL 2022-26,6.900000095367432,6.900000095367432,,6.900000095367432,False
PDSB,2023-05-26,VAL 2022-26,8.15999984741211,8.15999984741211,,8.15999984741211,False
PDSB,2026-09-08,VAL 2022-26,0.4880000054836273,0.4880000054836273,0.488,0.488,False
PDSB,2026-09-15,VAL 2022-26,0.492000013589859,0.492000013589859,,0.492000013589859,False
PDYN,2026-01-28,VAL 2022-26,9.529999732971191,9.529999732971191,,9.529999732971191,False
PECO,2021-07-15,DEV 2015-21,28.0,28.0,,28.0,False
PED,2017-05-11,DEV 2015-21,1.2399999618530275,1.2399999618530275,,1.2399999618530275,False
PED,2018-06-27,DEV 2015-21,0.4,0.4,,0.4,False
PED,2018-06-28,DEV 2015-21,3.5,3.5,,3.5,False
PED,2020-08-27,DEV 2015-21,1.5,1.5,,1.5,False
PED,2020-09-29,DEV 2015-21,1.7600000381469727,1.7600000381469727,,1.7600000381469727,False
PED,2020-10-13,DEV 2015-21,2.5,2.5,,2.5,False
PED,2020-12-31,DEV 2015-21,1.65,1.6500000000000001,,1.65,False
PEGA,2024-02-15,VAL 2022-26,61.09999847412109,61.099998474121094,,61.09999847412109,False
PENG,2017-11-16,DEV 2015-21,35.4900016784668,17.7450008392334,,,True
PEPG,2025-02-24,VAL 2022-26,2.609999895095825,2.609999895095825,2.61,2.61,False
PEPG,2025-09-25,VAL 2022-26,5.900000095367432,5.900000095367432,5.9,5.9,False
PERF,2026-03-18,VAL 2022-26,1.7100000381469729,1.7100000381469729,,1.7100000381469729,False
PETS,2025-12-11,VAL 2022-26,2.490000009536743,2.490000009536743,2.49,2.49,False
PETS,2026-06-29,VAL 2022-26,2.2300000190734863,2.2300000190734863,,2.2300000190734863,False
PETZ,2019-03-05,DEV 2015-21,1.2600000381469727,1.2600000381469727,,1.2600000381469727,False
PETZ,2021-02-17,DEV 2015-21,8.76999969482422,8.76999969482422,,8.76999969482422,False
PETZ,2021-11-04,DEV 2015-21,4.040000152587891,4.040000152587891,,4.040000152587891,False
PETZ,2024-10-07,VAL 2022-26,1.659999966621399,1.659999966621399,1.66,1.66,False
PETZ,2026-05-20,VAL 2022-26,1.0700000524520874,1.0700000524520874,,1.0700000524520874,False
PFAI,2025-10-15,VAL 2022-26,3.430000066757202,3.430000066757202,3.43,3.43,False
PFSA,2025-08-26,VAL 2022-26,0.666,0.666,0.6658,0.6658,False
PFSA,2025-09-11,VAL 2022-26,0.546,0.546,0.5461,0.5461,False
PFSA,2025-10-29,VAL 2022-26,0.38,0.38,0.3803,0.3803,False
PFSA,2025-12-30,VAL 2022-26,0.134,0.134,0.1337,0.1337,False
PFSA,2026-04-06,VAL 2022-26,1.92,1.92,1.92,1.92,False
PFSA,2026-08-18,VAL 2022-26,8.819999694824219,8.819999694824219,8.82,8.82,False
PFSA,2026-09-24,VAL 2022-26,3.509999990463257,3.509999990463257,3.51,3.51,False
PGEN,2021-06-11,DEV 2015-21,8.619999885559082,8.619999885559082,,8.619999885559082,False
PGEN,2025-08-15,VAL 2022-26,2.5999999046325684,2.5999999046325684,2.6,2.6,False
PGEN,2026-03-26,VAL 2022-26,4.070000171661377,4.070000171661377,,4.070000171661377,False
PGNY,2020-05-13,DEV 2015-21,25.049999237060547,25.049999237060547,,25.049999237060547,False
PHG,2024-04-29,VAL 2022-26,28.07999992370605,31.39182293090961,,,True
PHIO,2017-01-13,DEV 2015-21,0.98,0.98,,0.98,False
PHIO,2017-03-28,DEV 2015-21,1.0,0.9999999999999999,,1.0,False
PHIO,2018-08-01,DEV 2015-21,1.930000032880892,1.9300000328808917,,1.930000032880892,False
PHIO,2019-11-21,DEV 2015-21,0.1499999999999999,0.14999999999999997,,0.1499999999999999,False
PHIO,2020-03-11,DEV 2015-21,3.409999988697193,3.409999988697193,,3.409999988697193,False
PHIO,2020-05-29,DEV 2015-21,5.269999751338252,5.269999751338252,,5.269999751338252,False
PHIO,2023-05-16,VAL 2022-26,4.23999998304579,4.23999998304579,,4.23999998304579,False
PHIO,2024-12-23,VAL 2022-26,2.680000066757202,2.680000066757202,2.68,2.68,False
PHIO,2025-01-13,VAL 2022-26,4.159999847412109,4.159999847412109,4.16,4.16,False
PHIO,2025-04-09,VAL 2022-26,2.140000104904175,2.140000104904175,2.14,2.14,False
PHIO,2025-07-25,VAL 2022-26,3.0199999809265137,3.0199999809265137,3.02,3.02,False
PHIO,2025-11-03,VAL 2022-26,3.470000028610229,3.470000028610229,3.47,3.47,False
PHIO,2026-02-10,VAL 2022-26,1.409999966621399,1.409999966621399,1.41,1.41,False
PHOE,2026-05-08,VAL 2022-26,36.880001068115234,36.880001068115234,36.88,36.88,False
PHR,2023-12-06,VAL 2022-26,18.15999984741211,18.15999984741211,,18.15999984741211,False
PHUN,2019-01-04,DEV 2015-21,32.1,32.1,,32.1,False
PHUN,2020-03-27,DEV 2015-21,0.980999984741211,0.980999984741211,,0.980999984741211,False
PHUN,2020-05-20,DEV 2015-21,1.0,1.0,,1.0,False
PHUN,2020-07-15,DEV 2015-21,1.7,1.7,,1.7,False
PHUN,2021-01-26,DEV 2015-21,2.14,2.14,,2.14,False
PHUN,2021-10-22,DEV 2015-21,7.53,7.53,,7.53,False
PHUN,2022-07-11,VAL 2022-26,1.48,1.48,,1.48,False
PHUN,2024-01-16,VAL 2022-26,0.14,0.14,,0.14,False
PHUN,2024-07-15,VAL 2022-26,7.489999771118164,7.489999771118164,,7.489999771118164,False
PHVS,2022-12-08,VAL 2022-26,4.190000057220459,4.190000057220459,,4.190000057220459,False
PHVS,2023-12-06,VAL 2022-26,26.8700008392334,26.8700008392334,,26.8700008392334,False
PI,2018-09-13,DEV 2015-21,25.40999984741211,25.40999984741211,,25.40999984741211,False
PI,2019-04-30,DEV 2015-21,26.5,26.5,,26.5,False
PIII,2023-05-03,VAL 2022-26,2.05,2.05,,2.05,False
PIII,2025-01-14,VAL 2022-26,0.28,0.28,0.2801,0.2801,False
PIII,2026-05-15,VAL 2022-26,5.215000152587891,5.215000152587891,,5.215000152587891,False
PL,2025-06-05,VAL 2022-26,5.21999979019165,5.21999979019165,5.22,5.22,False
PLAB,2025-12-10,VAL 2022-26,32.18000030517578,32.18000030517578,32.18,32.18,False
PLAG,2018-10-17,DEV 2015-21,2.939999961853028,2.9399999618530277,,2.939999961853028,False
PLAG,2018-10-19,DEV 2015-21,3.2099998474121096,3.2099998474121096,,3.2099998474121096,False
PLAG,2018-10-23,DEV 2015-21,5.190000152587891,5.190000152587891,,5.190000152587891,False
PLAG,2018-10-24,DEV 2015-21,7.6,7.6000000000000005,,7.6,False
PLAG,2019-03-28,DEV 2015-21,4.420000076293945,4.420000076293945,,4.420000076293945,False
PLAG,2021-09-28,DEV 2015-21,1.4100000381469728,1.4100000381469728,,1.4100000381469728,False
PLAG,2026-07-23,VAL 2022-26,0.7699999809265137,0.7699999809265137,,0.7699999809265137,False
PLAG,2026-08-11,VAL 2022-26,1.0700000524520874,1.0700000524520874,1.07,1.07,False
PLBY,2024-10-31,VAL 2022-26,1.0,1.0,1.0,1.0,False
PLBY,2024-12-16,VAL 2022-26,1.75,1.75,1.75,1.75,False
PLBY,2026-02-09,VAL 2022-26,1.919999957084656,1.919999957084656,,1.919999957084656,False
PLBY,2026-08-11,VAL 2022-26,1.5099999904632568,1.5099999904632568,,1.5099999904632568,False
PLCE,2024-04-17,VAL 2022-26,9.369999885559082,9.369999885559082,,9.369999885559082,False
PLCE,2024-09-11,VAL 2022-26,6.809999942779541,6.809999942779541,,6.809999942779541,False
PLCE,2026-05-29,VAL 2022-26,5.260000228881836,5.260000228881836,,5.260000228881836,False
PLGO,2024-03-01,VAL 2022-26,18.61000061035156,18.61000061035156,,18.61000061035156,False
PLRX,2022-07-11,VAL 2022-26,16.010000228881836,16.010000228881836,,16.010000228881836,False
PLRX,2023-01-23,VAL 2022-26,35.040000915527344,35.040000915527344,,35.040000915527344,False
PLRZ,2024-12-17,VAL 2022-26,1.21,1.21,1.21,1.21,False
PLRZ,2024-12-18,VAL 2022-26,2.48,2.48,2.48,2.48,False
PLRZ,2025-05-02,VAL 2022-26,130.75,0.523,0.5232,0.5232,False
PLRZ,2025-07-15,VAL 2022-26,0.8350000381469727,0.8350000381469727,0.835,0.835,False
PLRZ,2025-07-23,VAL 2022-26,1.75,1.75,1.75,1.75,False
PLRZ,2025-09-12,VAL 2022-26,1.2599999904632568,1.2599999904632568,1.26,1.26,False
PLRZ,2025-12-02,VAL 2022-26,6.96999979019165,6.96999979019165,6.97,6.97,False
PLSE,2017-02-10,DEV 2015-21,9.5,9.5,,9.5,False
PLSE,2018-04-13,DEV 2015-21,22.5,22.5,,22.5,False
PLSM,2026-06-24,VAL 2022-26,10.449999809265137,10.449999809265137,10.45,10.45,False
PLUG,2017-04-05,DEV 2015-21,2.380000114440918,2.380000114440918,,2.380000114440918,False
PLUR,2015-12-31,DEV 2015-21,1.2199999809265138,1.2199999809265138,,1.2199999809265138,False
PLUR,2020-04-07,DEV 2015-21,4.489999771118164,4.489999771118164,,4.489999771118164,False
PLUR,2020-04-09,DEV 2015-21,6.880000114440918,6.880000114440918,,6.880000114440918,False
PLUR,2020-04-13,DEV 2015-21,8.699999809265137,8.699999809265137,,8.699999809265137,False
PLUS,2019-11-07,DEV 2015-21,96.1500015258789,96.1500015258789,,96.1500015258789,False
PLUS,2023-08-08,VAL 2022-26,75.9000015258789,75.9000015258789,,75.9000015258789,False
PLX,2017-10-18,DEV 2015-21,0.9199999809265136,0.9199999809265137,,0.9199999809265136,False
PLX,2018-07-24,DEV 2015-21,0.55,0.55,,0.55,False
PLX,2019-10-17,DEV 2015-21,0.3099999904632569,0.3099999904632569,,0.3099999904632569,False
PLX,2019-11-18,DEV 2015-21,0.3299999952316284,0.32999999523162843,,0.3299999952316284,False
PLX,2022-04-04,VAL 2022-26,1.5099999904632568,1.5099999904632568,,1.5099999904632568,False
PLYX,2026-02-17,VAL 2022-26,3.4600000381469727,3.4600000381469727,,3.4600000381469727,False
PMA,2026-06-10,VAL 2022-26,2.049999952316284,2.049999952316284,,2.049999952316284,False
PMA,2026-07-09,VAL 2022-26,1.7400000095367432,1.7400000095367432,,1.7400000095367432,False
PMA,2026-07-10,VAL 2022-26,1.600000023841858,1.600000023841858,,1.600000023841858,False
PMAX,2025-01-16,VAL 2022-26,2.0799999237060547,2.0799999237060547,2.08,2.08,False
PMAX,2025-02-28,VAL 2022-26,0.5559999942779541,0.5559999942779541,0.5557,0.5557,False
PMAX,2025-10-13,VAL 2022-26,5.020000076293946,5.020000076293946,5.02,5.02,False
PMAX,2025-12-03,VAL 2022-26,2.9200000762939453,2.9200000762939453,2.92,2.92,False
PMAX,2026-04-09,VAL 2022-26,4.800000190734863,0.48000001907348633,,,True
PMAX,2026-05-06,VAL 2022-26,2.859999895095825,2.859999895095825,,2.859999895095825,False
PMCB,2021-08-18,DEV 2015-21,6.300000190734863,6.300000190734863,,6.300000190734863,False
PMCB,2025-12-04,VAL 2022-26,1.0149999856948853,1.0149999856948853,1.015,1.015,False
PMEC,2025-01-16,VAL 2022-26,0.9639999866485596,0.9639999866485596,0.9644,0.9644,False
PMEC,2026-04-23,VAL 2022-26,0.8309999704360962,0.8309999704360962,,0.8309999704360962,False
PMI,2025-12-04,VAL 2022-26,2.5500000000000003,2.5500000000000003,2.55,2.55,False
PMI,2026-02-12,VAL 2022-26,2.3000000000000003,2.3000000000000003,,2.3000000000000003,False
PMI,2026-06-02,VAL 2022-26,0.3879999923706054,0.38799999237060556,0.3883,0.3883,False
PMI,2026-06-03,VAL 2022-26,0.33,0.33,,0.33,False
PMI,2026-07-14,VAL 2022-26,0.1720000076293945,0.17200000762939455,,0.1720000076293945,False
PMI,2026-08-24,VAL 2022-26,4.53000020980835,4.53000020980835,,4.53000020980835,False
PMN,2018-01-22,DEV 2015-21,0.3399999999999999,20.400000000000002,,,True
PMN,2023-08-22,VAL 2022-26,2.03,2.0300000000000002,,2.03,False
PMN,2025-07-21,VAL 2022-26,1.3,1.3,1.3,1.3,False
PMN,2026-01-30,VAL 2022-26,18.700000762939453,18.700000762939453,18.7,18.7,False
PN,2026-05-04,VAL 2022-26,5.760000228881836,5.760000228881836,5.76,5.76,False
PN,2026-07-30,VAL 2022-26,20.3700008392334,20.3700008392334,20.37,20.37,False
PNBK,2025-02-10,VAL 2022-26,2.359999895095825,2.359999895095825,2.36,2.36,False
PNBK,2025-03-21,VAL 2022-26,1.5099999904632568,1.5099999904632568,1.51,1.51,False
PODD,2015-11-06,DEV 2015-21,40.150001525878906,40.150001525878906,,40.150001525878906,False
POET,2024-04-22,VAL 2022-26,1.2699999809265137,1.2699999809265137,,1.2699999809265137,False
POLA,2017-03-06,DEV 2015-21,10.9500002179827,10.9500002179827,,10.9500002179827,False
POLA,2020-06-30,DEV 2015-21,2.0300000054495677,2.0300000054495673,,2.0300000054495677,False
POLA,2020-09-24,DEV 2015-21,4.160000119890485,4.160000119890485,,4.160000119890485,False
POLA,2023-05-11,VAL 2022-26,1.74000004359654,1.74000004359654,,1.74000004359654,False
POLA,2025-03-03,VAL 2022-26,3.490000009536743,3.490000009536743,3.49,3.49,False
POLA,2026-01-20,VAL 2022-26,2.109999895095825,2.109999895095825,,2.109999895095825,False
POWL,2023-08-02,VAL 2022-26,74.00000381469727,74.00000381469728,,74.00000381469727,False
POWL,2024-01-31,VAL 2022-26,100.25000381469728,100.25000381469727,,100.25000381469728,False
PPBT,2015-12-15,DEV 2015-21,5.170000000000001,5.170000000000001,,5.170000000000001,False
PPBT,2019-01-03,DEV 2015-21,1.2200000000000002,1.2200000000000002,,1.2200000000000002,False
PPBT,2019-01-15,DEV 2015-21,1.7200000000000004,1.7200000000000004,,1.7200000000000004,False
PPBT,2019-04-12,DEV 2015-21,1.4800000000000004,1.4800000000000004,,1.4800000000000004,False
PPBT,2020-06-22,DEV 2015-21,0.7150000000000002,0.7150000000000002,,0.7150000000000002,False
PPBT,2020-06-23,DEV 2015-21,1.1500000000000004,1.1500000000000004,,1.1500000000000004,False
PPBT,2021-02-08,DEV 2015-21,5.984000244140626,5.984000244140626,,5.984000244140626,False
PPBT,2024-12-02,VAL 2022-26,4.990000152587891,4.990000152587891,4.99,4.99,False
PPBT,2025-10-29,VAL 2022-26,1.0699999809265135,1.0699999809265137,1.07,1.07,False
PPBT,2026-09-02,VAL 2022-26,2.390000104904175,2.390000104904175,,2.390000104904175,False
PPC,2021-08-13,DEV 2015-21,27.25,27.25,,27.25,False
PPCB,2025-08-18,VAL 2022-26,5.8,5.8,5.8,5.8,False
PPCB,2026-06-11,VAL 2022-26,3.2100000381469727,3.2100000381469727,3.21,3.21,False
PPCB,2026-08-27,VAL 2022-26,3.509999990463257,3.509999990463257,3.51,3.51,False
PPSI,2019-07-01,DEV 2015-21,6.0,6.0,,6.0,False
PPSI,2020-10-06,DEV 2015-21,3.319999933242798,3.319999933242798,,3.319999933242798,False
PPSI,2020-12-04,DEV 2015-21,5.010000228881836,5.010000228881836,,5.010000228881836,False
PPSI,2021-11-08,DEV 2015-21,5.989999771118164,5.989999771118164,,5.989999771118164,False
PPSI,2022-05-17,VAL 2022-26,4.059999942779541,4.059999942779541,,4.059999942779541,False
PPSI,2025-08-15,VAL 2022-26,4.840000152587891,4.840000152587891,4.84,4.84,False
PR,2020-04-23,DEV 2015-21,0.5699999928474426,0.5699999928474426,,0.5699999928474426,False
PR,2020-06-08,DEV 2015-21,1.9800000190734863,1.9800000190734863,,1.9800000190734863,False
PRAA,2020-05-08,DEV 2015-21,32.0,32.0,,32.0,False
PRAA,2024-02-16,VAL 2022-26,29.770000457763672,29.770000457763672,,29.770000457763672,False
PRAA,2026-02-27,VAL 2022-26,15.279999732971191,15.279999732971191,,15.279999732971191,False
PRCH,2024-03-08,VAL 2022-26,3.900000095367432,3.900000095367432,,3.900000095367432,False
PRCH,2024-10-28,VAL 2022-26,1.559999942779541,1.559999942779541,1.56,1.56,False
PRCH,2024-11-08,VAL 2022-26,2.880000114440918,2.880000114440918,2.88,2.88,False
PRCH,2025-02-26,VAL 2022-26,4.849999904632568,4.849999904632568,4.85,4.85,False
PRCH,2025-05-07,VAL 2022-26,8.010000228881836,8.010000228881836,8.01,8.01,False
PRE,2023-01-10,VAL 2022-26,3.0600001017252603,3.0600001017252603,,3.0600001017252603,False
PRFX,2021-07-21,DEV 2015-21,4.010000000000001,1.0025000000000002,,,True
PRFX,2021-07-22,DEV 2015-21,4.760000000000001,1.1900000000000002,,,True
PRFX,2021-08-27,DEV 2015-21,3.45,0.8625,,,True
PRFX,2023-02-08,VAL 2022-26,0.7200000000000001,0.18000000000000002,,,True
PRFX,2023-07-03,VAL 2022-26,6.8,1.7,,,True
PRFX,2023-07-14,VAL 2022-26,8.02000020345052,2.00500005086263,,,True
PRFX,2024-08-20,VAL 2022-26,0.4509999910990397,0.11274999777475993,,,True
PRFX,2024-11-19,VAL 2022-26,1.1399999618530274,0.28499999046325686,1.14,1.14,False
PRFX,2024-12-05,VAL 2022-26,4.879999923706055,4.879999923706055,4.88,4.88,False
PRFX,2024-12-19,VAL 2022-26,5.3599998474121096,5.3599998474121096,5.36,5.36,False
PRFX,2025-02-18,VAL 2022-26,5.270000076293946,5.270000076293946,5.27,5.27,False
PRFX,2025-04-10,VAL 2022-26,2.8100000381469727,2.8100000381469727,2.81,2.81,False
PRFX,2025-08-19,VAL 2022-26,3.110000038146973,3.110000038146973,3.11,3.11,False
PRFX,2026-02-11,VAL 2022-26,3.630000114440918,3.630000114440918,,3.630000114440918,False
PRFX,2026-05-29,VAL 2022-26,4.739999771118164,4.739999771118164,4.74,4.74,False
PRG,2021-11-03,DEV 2015-21,50.25,50.25,,50.25,False
PRGS,2019-03-29,DEV 2015-21,46.400001525878906,46.400001525878906,,46.400001525878906,False
PRHI,2020-12-30,DEV 2015-21,4.94000026157924,4.94000026157924,,4.94000026157924,False
PRHI,2021-08-12,DEV 2015-21,3.439999989100865,3.439999989100864,,3.439999989100865,False
PRHI,2024-09-03,VAL 2022-26,0.9539999961853028,0.9539999961853027,,0.9539999961853028,False
PRHI,2024-09-04,VAL 2022-26,1.7100000381469729,1.7100000381469727,,1.7100000381469729,False
PRHI,2025-09-16,VAL 2022-26,2.0999999727521623,2.0999999727521623,,2.0999999727521623,False
PRK,2020-07-30,DEV 2015-21,84.94000244140625,84.94000244140625,,84.94000244140625,False
PRLB,2023-11-03,VAL 2022-26,29.26000022888184,29.26000022888184,,29.26000022888184,False
PRLB,2024-11-01,VAL 2022-26,33.75,33.75,33.75,33.75,False
PRLD,2025-09-29,VAL 2022-26,1.909999966621399,1.909999966621399,1.91,1.91,False
PRME,2024-09-30,VAL 2022-26,4.230000019073486,4.230000019073486,,4.230000019073486,False
PROF,2024-11-04,VAL 2022-26,9.140000343322754,9.140000343322754,9.14,9.14,False
PROK,2025-07-08,VAL 2022-26,1.2699999809265137,1.2699999809265137,1.27,1.27,False
PRPL,2019-08-14,DEV 2015-21,8.32,8.32,,8.32,False
PRPL,2019-11-06,DEV 2015-21,9.65,9.65,,9.65,False
PRPL,2020-05-12,DEV 2015-21,16.5,16.5,,16.5,False
PRPL,2022-09-19,VAL 2022-26,3.96,3.96,,3.96,False
PRPL,2025-03-14,VAL 2022-26,0.8150000000000001,0.8150000000000001,0.8149,0.8149,False
PRPO,2018-05-14,DEV 2015-21,0.4929999796549479,0.49299997965494796,,0.4929999796549479,False
PRPO,2018-05-22,DEV 2015-21,0.5700000000000001,0.5700000000000001,,0.5700000000000001,False
PRPO,2018-07-18,DEV 2015-21,0.545,0.545,,0.545,False
PRPO,2018-10-16,DEV 2015-21,0.41,0.41000000000000003,,0.41,False
PRPO,2019-01-10,DEV 2015-21,0.288999989827474,0.288999989827474,,0.288999989827474,False
PRPO,2019-04-08,DEV 2015-21,2.910000038146973,0.19400000254313152,,,True
PRQR,2016-10-27,DEV 2015-21,8.5,8.5,,8.5,False
PRQR,2018-09-05,DEV 2015-21,13.649999618530272,13.649999618530272,,13.649999618530272,False
PRQR,2022-12-22,VAL 2022-26,2.720000028610229,2.720000028610229,,2.720000028610229,False
PRQR,2024-10-16,VAL 2022-26,2.2300000190734863,2.2300000190734863,2.23,2.23,False
PRQR,2026-03-30,VAL 2022-26,1.6799999475479126,1.6799999475479126,,1.6799999475479126,False
PRSO,2017-11-14,DEV 2015-21,1.3900000000000003,1.3900000000000003,,1.3900000000000003,False
PRSO,2017-11-15,DEV 2015-21,1.9500000000000004,1.9500000000000004,,1.9500000000000004,False
PRSO,2018-05-11,DEV 2015-21,2.1800000000000006,2.1800000000000006,,2.1800000000000006,False
PRSO,2021-09-15,DEV 2015-21,6.45,6.45,,6.45,False
PRSO,2024-04-16,VAL 2022-26,1.7400000095367432,1.7400000095367432,,1.7400000095367432,False
PRSO,2025-09-05,VAL 2022-26,1.5,1.5,1.5,1.5,False
PRSO,2026-03-06,VAL 2022-26,1.75,1.75,1.75,1.75,False
PRSU,2020-11-09,DEV 2015-21,23.09000015258789,23.09000015258789,,23.09000015258789,False
PRSU,2024-10-21,VAL 2022-26,44.20000076293945,44.20000076293945,,44.20000076293945,False
PRTA,2015-03-20,DEV 2015-21,39.9900016784668,39.9900016784668,,39.9900016784668,False
PRTA,2018-03-21,DEV 2015-21,40.88999938964844,40.88999938964844,,40.88999938964844,False
PRTA,2021-02-02,DEV 2015-21,14.40999984741211,14.40999984741211,,14.40999984741211,False
PRTA,2022-09-28,VAL 2022-26,48.09999847412109,48.09999847412109,,48.09999847412109,False
PRTH,2026-09-21,VAL 2022-26,7.784999847412109,7.784999847412109,,7.784999847412109,False
PRZO,2023-08-17,VAL 2022-26,1.2999999523162842,1.2999999523162842,,1.2999999523162842,False
PRZO,2023-09-08,VAL 2022-26,1.850000023841858,1.850000023841858,,1.850000023841858,False
PRZO,2023-10-06,VAL 2022-26,1.0700000524520874,1.0700000524520874,,1.0700000524520874,False
PRZO,2023-10-09,VAL 2022-26,2.190000057220459,2.190000057220459,,2.190000057220459,False
PRZO,2023-12-20,VAL 2022-26,1.090000033378601,1.090000033378601,,1.090000033378601,False
PRZO,2023-12-21,VAL 2022-26,1.690000057220459,1.690000057220459,,1.690000057220459,False
PRZO,2024-01-26,VAL 2022-26,0.8669999837875366,0.8669999837875366,,0.8669999837875366,False
PRZO,2024-11-29,VAL 2022-26,0.9900000095367432,0.9900000095367432,0.99,0.99,False
PRZO,2024-12-02,VAL 2022-26,1.7699999809265137,1.7699999809265137,1.77,1.77,False
PRZO,2025-01-17,VAL 2022-26,2.4200000762939453,2.4200000762939453,2.42,2.42,False
PRZO,2026-05-28,VAL 2022-26,0.6700000166893005,0.6700000166893005,,0.6700000166893005,False
PSHG,2016-11-16,DEV 2015-21,8.35,0.835,,,True
PSHG,2016-11-17,DEV 2015-21,17.999999999999996,1.8,,,True
PSHG,2016-11-18,DEV 2015-21,4.880000134974624,0.48800001349746247,,,True
PSHG,2017-07-25,DEV 2015-21,4.799999999999999,0.08,,,True
PSHG,2017-08-11,DEV 2015-21,3.85,0.05499999999999999,,,True
PSHG,2017-10-05,DEV 2015-21,0.7399999709356399,0.07399999709356399,,,True
PSHG,2017-11-03,DEV 2015-21,4.26000010172526,0.4260000101725261,,,True
PSHG,2017-11-06,DEV 2015-21,15.82000020345052,1.5820000203450522,,,True
PSHG,2018-05-09,DEV 2015-21,2.71000010172526,0.27100001017252606,,,True
PSHG,2019-01-10,DEV 2015-21,1.28000005086263,0.12800000508626302,,,True
PSHG,2020-10-12,DEV 2015-21,0.8400000254313151,0.08400000254313153,,,True
PSHG,2020-11-11,DEV 2015-21,7.35,7.35,,7.35,False
PSHG,2022-08-01,VAL 2022-26,0.3399999936421712,0.3399999936421712,,0.3399999936421712,False
PSIG,2024-08-12,VAL 2022-26,1.4299999475479126,1.4299999475479126,,1.4299999475479126,False
PSIX,2017-02-06,DEV 2015-21,4.21999979019165,4.21999979019165,,4.21999979019165,False
PSIX,2017-03-28,DEV 2015-21,10.239999771118164,10.239999771118164,,10.239999771118164,False
PSNYW,2026-07-17,VAL 2022-26,8.210000038146973,8.210000038146973,8.21,8.21,False
PSNYW,2026-08-25,VAL 2022-26,4.610000133514404,4.610000133514404,4.61,4.61,False
PSNYW,2026-08-26,VAL 2022-26,5.659999847412109,5.659999847412109,5.66,5.66,False
PSNYW,2026-09-15,VAL 2022-26,5.300000190734863,5.300000190734863,,5.300000190734863,False
PSQH,2023-07-20,VAL 2022-26,19.5,19.5,,19.5,False
PSQH,2024-12-03,VAL 2022-26,4.38999989827474,4.3899998982747395,4.39,4.39,False
PSQH,2026-01-22,VAL 2022-26,1.3,1.3,,1.3,False
PSQL,2026-08-28,VAL 2022-26,16.979999542236328,16.979999542236328,,16.979999542236328,False
PTCT,2016-11-11,DEV 2015-21,10.630000114440918,10.630000114440918,,10.630000114440918,False
PTGX,2017-05-30,DEV 2015-21,12.279999732971191,12.279999732971191,,12.279999732971191,False
PTGX,2020-05-08,DEV 2015-21,9.84000015258789,9.84000015258789,,9.84000015258789,False
PTHS,2025-04-17,VAL 2022-26,2.289999961853028,22.899999618530277,,,True
PTLE,2025-06-18,VAL 2022-26,0.5119999885559082,0.5119999885559082,0.5121,0.5121,False
PTLE,2025-11-04,VAL 2022-26,0.3869999885559082,0.3869999885559082,0.3872,0.3872,False
PTLE,2026-01-16,VAL 2022-26,0.1299999952316284,0.1299999952316284,,0.1299999952316284,False
PTN,2015-06-05,DEV 2015-21,1.41,70.5,,,True
PTN,2015-08-19,DEV 2015-21,1.1700000000000002,58.5,,,True
PTN,2016-11-02,DEV 2015-21,0.75,37.5,,,True
PTN,2017-09-05,DEV 2015-21,0.5800000000000001,29.0,,,True
PTN,2019-06-24,DEV 2015-21,1.7000000000000002,85.0,,,True
PTN,2020-06-23,DEV 2015-21,0.65,32.5,,,True
PTN,2020-12-23,DEV 2015-21,0.75,37.5,,,True
PTN,2021-11-24,DEV 2015-21,0.53,26.5,,,True
PTN,2021-11-29,DEV 2015-21,0.75,37.5,,,True
PTN,2025-04-14,VAL 2022-26,0.21,10.5,0.21,0.21,False
PTN,2025-07-24,VAL 2022-26,0.34,17.0,,,True
PUBM,2024-02-27,VAL 2022-26,20.489999771118164,20.489999771118164,,20.489999771118164,False
PUBM,2025-11-11,VAL 2022-26,9.199999809265137,9.199999809265137,9.2,9.2,False
PUBM,2026-08-07,VAL 2022-26,17.360000610351562,17.360000610351562,,17.360000610351562,False
PULM,2020-01-02,DEV 2015-21,1.6299999237060547,1.6299999237060547,,1.6299999237060547,False
PULM,2024-11-13,VAL 2022-26,2.549999952316284,2.549999952316284,,2.549999952316284,False
PUMP,2019-10-10,DEV 2015-21,9.5,9.5,,9.5,False
PUMP,2025-10-29,VAL 2022-26,9.0,9.0,9.0,9.0,False
PUSA,2026-03-09,VAL 2022-26,6.047999858856201,6.047999858856201,,6.047999858856201,False
PUSA,2026-05-28,VAL 2022-26,4.429999828338623,4.429999828338623,,4.429999828338623,False
PVLA,2017-01-05,DEV 2015-21,1.85,148.0,,,True
PVLA,2017-05-03,DEV 2015-21,3.160000038146973,252.8000030517578,,,True
PVLA,2021-05-25,DEV 2015-21,2.25,180.0,,,True
PVLA,2023-07-18,VAL 2022-26,0.25,20.0,,,True
PVLA,2024-07-24,VAL 2022-26,13.1899995803833,13.1899995803833,,13.1899995803833,False
PW,2023-11-07,VAL 2022-26,0.9699999809265136,0.9699999809265137,,0.9699999809265136,False
PW,2024-10-11,VAL 2022-26,1.5100000381469727,1.510000038146973,1.51,1.51,False
PW,2025-11-26,VAL 2022-26,1.0399999618530271,1.0399999618530271,1.04,1.04,False
PWCM,2017-11-24,DEV 2015-21,4.250000000000001,31875.0,,,True
PWCM,2018-01-26,DEV 2015-21,2.4100000000000006,18075.0,,,True
PWCM,2018-08-15,DEV 2015-21,0.6400000000000001,4800.0,,,True
PWCM,2018-10-19,DEV 2015-21,4.25,3187.5,,,True
PWCM,2018-11-14,DEV 2015-21,2.1,1575.0,,,True
PWCM,2018-12-20,DEV 2015-21,1.525,1143.75,,,True
PWCM,2019-01-17,DEV 2015-21,2.68,2010.0,,,True
PWCM,2020-06-17,DEV 2015-21,2.74,2055.0,,,True
PWCM,2020-06-19,DEV 2015-21,1.95,1462.5,,,True
PWCM,2020-07-06,DEV 2015-21,2.02,1515.0,,,True
PWCM,2020-09-29,DEV 2015-21,1.03,772.5,,,True
PWCM,2021-10-15,DEV 2015-21,4.9,735.0,,,True
PWCM,2023-05-15,VAL 2022-26,1.2899999999999998,193.5,,,True
PWCM,2025-07-11,VAL 2022-26,2.99,74.75,,,True
PWCM,2025-07-21,VAL 2022-26,3.89,97.25,,,True
PWP,2026-07-31,VAL 2022-26,19.709999084472656,19.709999084472656,,19.709999084472656,False
PXLW,2024-01-30,VAL 2022-26,2.0199999809265137,2.0199999809265137,,2.0199999809265137,False
PXS,2017-12-04,DEV 2015-21,5.519999980926514,5.519999980926513,,5.519999980926514,False
PXS,2019-03-11,DEV 2015-21,1.5299999713897705,1.5299999713897705,,1.5299999713897705,False
PXS,2020-04-21,DEV 2015-21,1.190000057220459,1.190000057220459,,1.190000057220459,False
PXS,2020-11-12,DEV 2015-21,1.1399999856948853,1.1399999856948853,,1.1399999856948853,False
PYPD,2023-01-24,VAL 2022-26,1.240000025431315,1.240000025431315,,1.240000025431315,False
PYXS,2023-03-27,VAL 2022-26,3.150000095367432,3.150000095367432,,3.150000095367432,False
PYXS,2024-02-27,VAL 2022-26,5.880000114440918,5.880000114440918,,5.880000114440918,False
PZG,2021-02-01,DEV 2015-21,1.3700000047683716,1.3700000047683716,,1.3700000047683716,False
PZG,2022-03-08,VAL 2022-26,0.8899999856948853,0.8899999856948853,,0.8899999856948853,False
PZG,2022-03-11,VAL 2022-26,0.9900000095367432,0.9900000095367432,,0.9900000095367432,False
QBTS,2024-02-20,VAL 2022-26,2.150000095367432,2.150000095367432,,2.150000095367432,False
QCLS,2017-03-28,DEV 2015-21,2.25,25920.0,,,True
QCLS,2018-11-19,DEV 2015-21,2.67,3844.8,,,True
QCLS,2020-03-24,DEV 2015-21,2.86,171.6,,,True
QCLS,2020-04-06,DEV 2015-21,3.16,189.6,,,True
QCLS,2020-04-07,DEV 2015-21,6.25,375.0,,,True
QCLS,2020-11-12,DEV 2015-21,2.18,130.8,,,True
QCLS,2021-04-20,DEV 2015-21,6.35,190.5,,,True
QCLS,2023-07-31,VAL 2022-26,1.35,40.5,,,True
QCLS,2024-04-09,VAL 2022-26,3.4,3.4,,3.4,False
QCLS,2025-07-21,VAL 2022-26,0.1180000019073486,0.11800000190734863,,0.1180000019073486,False
QCLS,2025-07-29,VAL 2022-26,0.155,0.155,,0.155,False
QCLS,2025-09-24,VAL 2022-26,5.760000228881836,5.760000228881836,,5.760000228881836,False
QCLS,2025-10-30,VAL 2022-26,5.170000076293945,5.170000076293945,5.17,5.17,False
QCLS,2025-12-03,VAL 2022-26,4.429999828338623,4.429999828338623,4.43,4.43,False
QH,2022-11-15,VAL 2022-26,2.1,2.1,,2.1,False
QH,2023-05-01,VAL 2022-26,3.6300001356336806,3.6300001356336806,,3.6300001356336806,False
QH,2024-09-10,VAL 2022-26,0.45,0.45,,0.45,False
QH,2026-05-29,VAL 2022-26,7.800000190734863,7.800000190734863,,7.800000190734863,False
QH,2026-06-10,VAL 2022-26,4.730000019073486,4.730000019073486,,4.730000019073486,False
QH,2026-06-11,VAL 2022-26,7.019999980926514,7.019999980926514,7.02,7.02,False
QMCO,2018-12-28,DEV 2015-21,2.1,2.1,,2.1,False
QMCO,2024-11-25,VAL 2022-26,13.65999984741211,13.65999984741211,13.66,13.66,False
QMCO,2026-08-11,VAL 2022-26,14.520000457763672,14.520000457763672,,14.520000457763672,False
QNCX,2023-01-27,VAL 2022-26,1.2500000000000002,1.2500000000000002,,1.2500000000000002,False
QNCX,2023-03-21,VAL 2022-26,1.3400000000000003,1.3400000000000003,,1.3400000000000003,False
QNCX,2026-02-10,VAL 2022-26,0.2829999923706055,0.28299999237060547,0.2834,0.2834,False
QNCX,2026-03-30,VAL 2022-26,0.1130000019073486,0.11300000190734866,,0.1130000019073486,False
QNCX,2026-04-08,VAL 2022-26,3.34000015258789,0.33400001525878914,0.3339,0.3339,False
QNME,2024-07-31,VAL 2022-26,4.159999847412109,4.159999847412109,,4.159999847412109,False
QNME,2026-08-04,VAL 2022-26,1.1200000047683716,1.1200000047683716,,1.1200000047683716,False
QNME,2026-09-22,VAL 2022-26,1.3200000524520874,1.3200000524520874,1.32,1.32,False
QNRX,2017-01-12,DEV 2015-21,4.449999999999999,4.449999999999999,,4.449999999999999,False
QNRX,2017-02-08,DEV 2015-21,5.42,5.42,,5.42,False
QNRX,2017-02-21,DEV 2015-21,7.1,7.1,,7.1,False
QNRX,2017-03-27,DEV 2015-21,8.77,8.77,,8.77,False
QNRX,2018-01-04,DEV 2015-21,11.999999999999998,11.999999999999998,,11.999999999999998,False
QNRX,2019-03-11,DEV 2015-21,1.25,1.25,,1.25,False
QNRX,2019-08-12,DEV 2015-21,0.61,0.61,,0.61,False
QNRX,2019-10-24,DEV 2015-21,3.71,3.7099999999999995,,3.71,False
QNRX,2020-01-07,DEV 2015-21,6.279999999999999,6.279999999999999,,6.279999999999999,False
QNRX,2020-03-04,DEV 2015-21,2.76,2.76,,2.76,False
QNRX,2020-04-02,DEV 2015-21,2.42,2.42,,2.42,False
QNRX,2020-05-11,DEV 2015-21,5.27,5.27,,5.27,False
QNRX,2021-03-25,DEV 2015-21,5.68,5.68,,5.68,False
QNRX,2021-06-17,DEV 2015-21,5.779999999999999,5.779999999999999,,5.779999999999999,False
QNRX,2021-09-03,DEV 2015-21,35.48,8.87,,,True
QNRX,2021-12-15,DEV 2015-21,5.09,5.09,,5.09,False
QNRX,2021-12-21,DEV 2015-21,2.52,2.5199999999999996,,2.52,False
QNRX,2022-04-25,VAL 2022-26,1.43,1.43,,1.43,False
QNRX,2022-06-06,VAL 2022-26,0.8399999999999999,0.8399999999999999,,0.8399999999999999,False
QNRX,2022-07-01,VAL 2022-26,0.83,0.83,,0.83,False
QNRX,2022-08-02,VAL 2022-26,6.7800002325148805,6.7800002325148805,,6.7800002325148805,False
QNRX,2022-12-29,VAL 2022-26,1.4399999709356397,1.4399999709356397,,1.4399999709356397,False
QNRX,2023-02-01,VAL 2022-26,2.69000011625744,2.69000011625744,,2.69000011625744,False
QNRX,2024-03-04,VAL 2022-26,5.91999991280692,5.91999991280692,,5.91999991280692,False
QNRX,2024-10-16,VAL 2022-26,0.639999989100865,0.6399999891008651,0.64,0.64,False
QNRX,2025-04-02,VAL 2022-26,11.899999618530272,0.3399999891008649,0.34,0.34,False
QNRX,2025-05-14,VAL 2022-26,8.829999923706055,8.829999923706055,8.83,8.83,False
QNRX,2025-10-10,VAL 2022-26,12.050000190734863,12.050000190734863,12.05,12.05,False
QNRX,2025-11-11,VAL 2022-26,12.991000175476074,12.991000175476074,12.9906,12.9906,False
QNRX,2026-03-25,VAL 2022-26,10.029999732971191,10.029999732971191,,10.029999732971191,False
QNRX,2026-06-24,VAL 2022-26,4.269999980926514,4.269999980926514,,4.269999980926514,False
QNRX,2026-08-28,VAL 2022-26,7.21999979019165,7.21999979019165,,7.21999979019165,False
QNST,2021-11-04,DEV 2015-21,17.790000915527344,17.790000915527344,,17.790000915527344,False
QNST,2024-11-05,VAL 2022-26,26.0,26.0,26.0,26.0,False
QNST,2026-02-06,VAL 2022-26,13.979999542236328,13.979999542236328,,13.979999542236328,False
QNST,2026-08-07,VAL 2022-26,19.690000534057617,19.690000534057617,,19.690000534057617,False
QNTM,2020-06-03,DEV 2015-21,14.0,18200.0,,,True
QNTM,2020-07-30,DEV 2015-21,5.71999981219952,7435.999755859376,,,True
QNTM,2021-02-10,DEV 2015-21,3.7,4810.0,,,True
QNTM,2021-03-17,DEV 2015-21,2.85999990609976,3717.999877929688,,,True
QNTM,2024-08-09,VAL 2022-26,12.28499984741211,245.6999969482422,,,True
QNTM,2025-02-04,VAL 2022-26,5.840000152587891,5.840000152587891,5.84,5.84,False
QRHC,2017-11-15,DEV 2015-21,1.4800000190734863,1.4800000190734863,,1.4800000190734863,False
QS,2020-09-03,DEV 2015-21,16.200000762939453,16.200000762939453,,16.200000762939453,False
QSI,2021-02-18,DEV 2015-21,18.200000762939453,18.200000762939453,,18.200000762939453,False
QSI,2024-11-20,VAL 2022-26,1.559999942779541,1.559999942779541,1.56,1.56,False
QSI,2025-03-17,VAL 2022-26,1.6399999856948853,1.6399999856948853,1.64,1.64,False
QTEX,2021-12-09,DEV 2015-21,6.059999942779541,6.059999942779541,,6.059999942779541,False
QTEX,2022-01-31,VAL 2022-26,3.309999942779541,3.309999942779541,,3.309999942779541,False
QTEX,2022-07-06,VAL 2022-26,2.259999990463257,2.259999990463257,,2.259999990463257,False
QTEX,2023-12-26,VAL 2022-26,2.25,2.25,,2.25,False
QTEX,2024-02-14,VAL 2022-26,1.7899999618530271,1.7899999618530271,,1.7899999618530271,False
QTEX,2026-05-22,VAL 2022-26,0.4760000109672546,0.4760000109672546,0.4764,0.4764,False
QTTB,2020-11-09,DEV 2015-21,11.762000189887152,211.71600341796875,,,True
QTTB,2023-07-28,VAL 2022-26,1.1599999533759222,20.8799991607666,,,True
QTTB,2025-12-01,VAL 2022-26,4.25,4.25,4.25,4.25,False
QTTB,2026-05-27,VAL 2022-26,9.170000076293944,9.170000076293944,,9.170000076293944,False
QTTB,2026-07-13,VAL 2022-26,18.309999465942383,18.309999465942383,18.31,18.31,False
QUAD,2020-02-19,DEV 2015-21,6.480000019073486,6.480000019073486,,6.480000019073486,False
QUBT,2023-02-06,VAL 2022-26,2.970000028610229,2.970000028610229,,2.970000028610229,False
QUBT,2023-05-23,VAL 2022-26,1.5700000524520874,1.5700000524520874,,1.5700000524520874,False
QUBT,2024-11-14,VAL 2022-26,3.670000076293945,3.670000076293945,3.67,3.67,False
QUCY,2022-01-05,VAL 2022-26,18.209999084472656,18.209999084472656,,18.209999084472656,False
QUCY,2026-05-13,VAL 2022-26,0.5849999785423279,0.5849999785423279,0.5854,0.5854,False
QUCY,2026-06-26,VAL 2022-26,1.8200000524520876,1.8200000524520876,,1.8200000524520876,False
QUIK,2021-02-18,DEV 2015-21,9.84000015258789,9.84000015258789,,9.84000015258789,False
QURE,2015-04-06,DEV 2015-21,34.400001525878906,34.400001525878906,,34.400001525878906,False
QURE,2017-10-19,DEV 2015-21,12.149999618530272,12.149999618530272,,12.149999618530272,False
QURE,2018-11-15,DEV 2015-21,29.6200008392334,29.6200008392334,,29.6200008392334,False
QURE,2019-02-25,DEV 2015-21,50.59999847412109,50.59999847412109,,50.59999847412109,False
QURE,2024-07-09,VAL 2022-26,6.190000057220459,6.190000057220459,,6.190000057220459,False
QURE,2024-12-10,VAL 2022-26,13.720000267028809,13.720000267028809,13.72,13.72,False
QURE,2025-04-17,VAL 2022-26,13.005000114440918,13.005000114440918,13.005,13.005,False
QXL,2021-12-06,DEV 2015-21,0.0749999965940202,8.399999618530273,,,True
QXL,2025-06-05,VAL 2022-26,9.800000190734863,9.800000190734863,,9.800000190734863,False
QXO,2020-08-04,DEV 2015-21,11.1899995803833,89.5199966430664,,,True
QXO,2022-08-10,VAL 2022-26,4.679999828338623,37.43999862670898,,,True
QXO,2022-09-29,VAL 2022-26,3.369999885559082,26.959999084472656,,,True
QXO,2023-12-04,VAL 2022-26,8.289999961853027,66.31999969482422,,,True
RADX,2025-12-15,VAL 2022-26,13.90999984741211,13.90999984741211,13.91,13.91,False
RAIN,2025-11-11,VAL 2022-26,6.5,6.5,6.5,6.5,False
RAMP,2026-05-18,VAL 2022-26,37.79999923706055,37.79999923706055,,37.79999923706055,False
RAND,2019-01-25,DEV 2015-21,3.150000042385525,3.150000042385525,,3.150000042385525,False
RAND,2020-03-20,DEV 2015-21,3.95999993218316,3.9599999321831594,,3.95999993218316,False
RANI,2024-10-14,VAL 2022-26,2.5299999713897705,2.5299999713897705,2.53,2.53,False
RANI,2025-02-06,VAL 2022-26,1.7599999904632568,1.7599999904632568,1.76,1.76,False
RANI,2025-07-14,VAL 2022-26,0.7799999713897705,0.7799999713897705,0.7799,0.7799,False
RANI,2025-10-17,VAL 2022-26,1.3700000047683716,1.3700000047683716,1.37,1.37,False
RAPP,2025-09-08,VAL 2022-26,38.41999816894531,38.41999816894531,38.42,38.42,False
RAVE,2020-03-19,DEV 2015-21,1.059999942779541,1.059999942779541,,1.059999942779541,False
RAVE,2020-10-07,DEV 2015-21,1.9800000190734863,1.9800000190734863,,1.9800000190734863,False
RAYA,2025-07-22,VAL 2022-26,0.1960000055486505,0.1960000055486506,0.1963,0.1963,False
RAYA,2025-07-31,VAL 2022-26,0.1660000055486505,0.1660000055486506,0.1664,0.1664,False
RAYA,2025-08-28,VAL 2022-26,0.0640000013871626,0.06400000138716264,0.0635,0.0635,False
RAYA,2026-04-10,VAL 2022-26,8.789999961853027,0.8789999961853028,0.879,0.879,False
RBBN,2018-10-31,DEV 2015-21,6.920000076293945,6.920000076293945,,6.920000076293945,False
RBNE,2025-06-13,VAL 2022-26,11.65,11.65,11.65,11.65,False
RBNE,2025-09-10,VAL 2022-26,3.64,3.64,3.64,3.64,False
RBNE,2025-10-23,VAL 2022-26,1.6,1.6,1.6,1.6,False
RBNE,2026-03-24,VAL 2022-26,1.5199999491373697,1.5199999491373697,,1.5199999491373697,False
RCAT,2021-09-27,DEV 2015-21,3.7699999809265137,3.7699999809265137,,3.7699999809265137,False
RCAT,2022-04-04,VAL 2022-26,2.3499999046325684,2.3499999046325684,,2.3499999046325684,False
RCEL,2019-04-08,DEV 2015-21,6.1000000000000005,30.5,,,True
RCEL,2023-11-10,VAL 2022-26,12.0,12.0,,12.0,False
RCEL,2025-09-15,VAL 2022-26,5.510000228881836,5.510000228881836,5.51,5.51,False
RCEL,2026-08-07,VAL 2022-26,6.010000228881836,6.010000228881836,,6.010000228881836,False
RCKT,2015-07-23,DEV 2015-21,8.319999694824219,33.279998779296875,,,True
RCKT,2020-12-09,DEV 2015-21,45.79999923706055,45.79999923706055,,45.79999923706055,False
RCKT,2023-09-13,VAL 2022-26,21.440000534057617,21.440000534057617,,21.440000534057617,False
RCKT,2025-08-20,VAL 2022-26,3.829999923706055,3.829999923706055,3.83,3.83,False
RCKY,2023-11-02,VAL 2022-26,15.5,15.5,,15.5,False
RCKY,2024-05-01,VAL 2022-26,31.0,31.0,,31.0,False
RCKY,2025-04-30,VAL 2022-26,17.889999389648438,17.889999389648438,17.89,17.89,False
RCKY,2025-07-30,VAL 2022-26,28.149999618530277,28.149999618530277,28.15,28.15,False
RCKY,2026-02-25,VAL 2022-26,41.93000030517578,41.93000030517578,,41.93000030517578,False
RCMT,2020-06-03,DEV 2015-21,1.600000023841858,1.600000023841858,,1.600000023841858,False
RCMT,2021-02-11,DEV 2015-21,9.899999618530272,9.899999618530272,,9.899999618530272,False
RCMT,2022-04-28,VAL 2022-26,15.0,15.0,,15.0,False
RCON,2017-02-06,DEV 2015-21,7.95,7.95,,7.95,False
RCON,2017-10-24,DEV 2015-21,12.6,12.6,,12.6,False
RCON,2018-01-16,DEV 2015-21,12.85,12.85,,12.85,False
RCON,2018-06-11,DEV 2015-21,8.95,8.95,,8.95,False
RCON,2020-01-02,DEV 2015-21,2.99,2.99,,2.99,False
RCON,2020-06-12,DEV 2015-21,2.09,2.09,,2.09,False
RCON,2020-12-09,DEV 2015-21,2.85,2.85,,2.85,False
RCON,2021-01-25,DEV 2015-21,3.04,3.04,,3.04,False
RCON,2021-06-11,DEV 2015-21,15.77,15.77,,15.77,False
RCON,2022-04-05,VAL 2022-26,1.36,1.36,,1.36,False
RCT,2025-09-24,VAL 2022-26,1.4299999475479126,1.4299999475479126,1.43,1.43,False
RCT,2026-04-13,VAL 2022-26,1.2549999952316284,1.2549999952316284,1.255,1.255,False
RCT,2026-06-24,VAL 2022-26,0.800000011920929,0.800000011920929,,0.800000011920929,False
RCUS,2023-08-23,VAL 2022-26,23.21999931335449,23.21999931335449,,23.21999931335449,False
RDAC,2025-12-19,VAL 2022-26,13.0,13.0,13.0,13.0,False
RDAC,2026-04-29,VAL 2022-26,6.869999885559082,6.869999885559082,,6.869999885559082,False
RDAC,2026-08-19,VAL 2022-26,13.387999534606934,13.387999534606934,13.3884,13.3884,False
RDGT,2015-06-11,DEV 2015-21,4.2,1008.0000000000001,,,True
RDGT,2022-12-12,VAL 2022-26,4.000000000000001,80.0,,,True
RDGT,2023-04-19,VAL 2022-26,1.35,27.0,,,True
RDGT,2025-03-04,VAL 2022-26,4.180000000000001,4.180000000000001,,4.180000000000001,False
RDGT,2026-03-27,VAL 2022-26,0.11,0.11,,0.11,False
RDGT,2026-04-07,VAL 2022-26,4.5,0.030000000000000002,0.0344,0.0344,False
RDGT,2026-06-23,VAL 2022-26,2.220000028610229,2.220000028610229,2.22,2.22,False
RDHL,2015-06-15,DEV 2015-21,21.14,21.14,,21.14,False
RDHL,2019-11-04,DEV 2015-21,8.43,8.43,,8.43,False
RDHL,2020-04-06,DEV 2015-21,5.9,5.9,,5.9,False
RDHL,2021-10-04,DEV 2015-21,5.355,5.355,,5.355,False
RDHL,2022-06-23,VAL 2022-26,1.02,1.02,,1.02,False
RDHL,2022-10-19,VAL 2022-26,0.895,0.895,,0.895,False
RDHL,2023-01-27,VAL 2022-26,0.266,0.266,,0.266,False
RDHL,2023-10-13,VAL 2022-26,0.525,0.525,,0.525,False
RDHL,2023-10-16,VAL 2022-26,0.439000015258789,0.4390000152587891,,0.439000015258789,False
RDHL,2023-11-27,VAL 2022-26,0.7030000305175781,0.7030000305175781,,0.7030000305175781,False
RDHL,2024-08-01,VAL 2022-26,14.225000381469728,0.5690000152587892,,,True
RDHL,2025-07-21,VAL 2022-26,2.3299999237060547,2.3299999237060547,2.33,2.33,False
RDHL,2025-09-29,VAL 2022-26,2.575000047683716,2.575000047683716,2.575,2.575,False
RDHL,2025-10-20,VAL 2022-26,2.0199999809265137,2.0199999809265137,2.02,2.02,False
RDHL,2026-08-31,VAL 2022-26,1.3600000143051147,1.3600000143051147,1.36,1.36,False
RDI,2020-11-09,DEV 2015-21,2.890000104904175,2.890000104904175,,2.890000104904175,False
RDIB,2026-02-06,VAL 2022-26,16.299999237060547,16.299999237060547,,16.299999237060547,False
RDIB,2026-08-26,VAL 2022-26,12.630000114440918,12.630000114440918,,12.630000114440918,False
RDNW,2020-05-07,DEV 2015-21,14.0,14.0,,14.0,False
RDNW,2020-07-17,DEV 2015-21,20.170000076293945,20.170000076293945,,20.170000076293945,False
RDNW,2021-03-15,DEV 2015-21,48.869998931884766,48.869998931884766,,48.869998931884766,False
RDZN,2024-07-02,VAL 2022-26,2.390000104904175,2.390000104904175,,2.390000104904175,False
REAL,2024-03-01,VAL 2022-26,2.1600000858306885,2.1600000858306885,,2.1600000858306885,False
REAL,2025-08-08,VAL 2022-26,7.050000190734863,7.050000190734863,7.05,7.05,False
REBN,2022-12-12,VAL 2022-26,1.3600000143051147,1.3600000143051147,,1.3600000143051147,False
REBN,2024-05-08,VAL 2022-26,3.0899999141693115,3.0899999141693115,,3.0899999141693115,False
REBN,2025-02-03,VAL 2022-26,5.0,5.0,5.0,5.0,False
RECT,2025-10-27,VAL 2022-26,4.260000228881836,4.260000228881836,4.26,4.26,False
RECT,2026-04-13,VAL 2022-26,1.9800000190734863,1.9800000190734863,1.98,1.98,False
REI,2020-06-08,DEV 2015-21,1.7300000190734863,1.7300000190734863,,1.7300000190734863,False
REI,2020-07-22,DEV 2015-21,1.3200000524520874,1.3200000524520874,,1.3200000524520874,False
REI,2021-01-08,DEV 2015-21,1.1399999856948853,1.1399999856948853,,1.1399999856948853,False
REI,2021-02-08,DEV 2015-21,2.009999990463257,2.009999990463257,,2.009999990463257,False
REKR,2019-05-28,DEV 2015-21,1.0800000429153442,1.0800000429153442,,1.0800000429153442,False
REKR,2024-12-27,VAL 2022-26,1.25,1.25,1.25,1.25,False
REKR,2024-12-30,VAL 2022-26,1.919999957084656,1.919999957084656,1.92,1.92,False
REKR,2025-06-03,VAL 2022-26,1.3450000286102295,1.3450000286102295,1.345,1.345,False
REKR,2025-10-07,VAL 2022-26,2.180000066757202,2.180000066757202,2.18,2.18,False
RENT,2024-04-11,VAL 2022-26,9.779999732971191,9.779999732971191,,9.779999732971191,False
RENT,2024-05-17,VAL 2022-26,36.310001373291016,36.310001373291016,,36.310001373291016,False
RENT,2025-06-06,VAL 2022-26,9.18000030517578,9.18000030517578,9.18,9.18,False
RENX,2023-11-17,VAL 2022-26,7.410000091552736,141.14285888671876,,,True
RENX,2024-01-05,VAL 2022-26,1.9499999313354497,37.14285583496094,,,True
RENX,2024-03-08,VAL 2022-26,1.4799999618530275,28.190475463867188,,,True
RENX,2024-05-09,VAL 2022-26,0.7550000038146975,14.380952453613283,,,True
RENX,2024-07-22,VAL 2022-26,0.4400000038146973,8.380952453613281,,,True
RENX,2024-08-14,VAL 2022-26,0.4200000000000001,8.0,,,True
RENX,2024-10-15,VAL 2022-26,6.190000019073487,5.8952381134033205,,,True
RENX,2024-10-17,VAL 2022-26,3.469999980926514,3.3047618865966797,,,True
RENX,2025-07-29,VAL 2022-26,1.0699999809265135,1.069999980926514,,1.0699999809265135,False
RENX,2025-07-30,VAL 2022-26,1.7000000000000002,1.7000000000000002,,1.7000000000000002,False
RENX,2026-01-09,VAL 2022-26,0.2650000095367432,0.2650000095367432,,0.2650000095367432,False
RENX,2026-02-11,VAL 2022-26,0.2869999885559082,0.2869999885559082,0.2866,0.2866,False
RENX,2026-04-01,VAL 2022-26,2.4549999237060547,2.4549999237060547,,2.4549999237060547,False
REPL,2024-11-22,VAL 2022-26,13.68000030517578,13.68000030517578,13.68,13.68,False
REPL,2025-10-20,VAL 2022-26,9.1899995803833,9.1899995803833,9.19,9.19,False
REPX,2020-10-21,DEV 2015-21,2.7000001271565752,2.7000001271565752,,2.7000001271565752,False
REPX,2021-01-21,DEV 2015-21,2.28000005086263,2.28000005086263,,2.28000005086263,False
RERE,2022-03-16,VAL 2022-26,2.944000005722046,2.944000005722046,,2.944000005722046,False
RERE,2024-03-12,VAL 2022-26,1.559999942779541,1.559999942779541,,1.559999942779541,False
RETO,2020-07-10,DEV 2015-21,1.6700000000000006,1.6700000000000006,,1.6700000000000006,False
RETO,2021-02-22,DEV 2015-21,3.030000000000001,3.030000000000001,,3.030000000000001,False
RETO,2021-06-23,DEV 2015-21,1.4100000000000004,1.4100000000000004,,1.4100000000000004,False
RETO,2022-08-09,VAL 2022-26,1.0600000000000005,1.0600000000000003,,1.0600000000000005,False
RETO,2025-02-24,VAL 2022-26,1.0800000190734864,0.10800000190734865,1.08,1.08,False
RETO,2025-04-25,VAL 2022-26,5.550000000000001,5.550000000000001,5.55,5.55,False
RETO,2026-02-25,VAL 2022-26,0.8299999833106995,0.8299999833106995,,0.8299999833106995,False
REVB,2022-01-14,VAL 2022-26,9.237000248015873,9.237000248015873,,9.237000248015873,False
REVB,2022-02-23,VAL 2022-26,1.96,1.96,,1.96,False
REVB,2022-06-30,VAL 2022-26,1.38,1.38,,1.38,False
REVB,2022-07-25,VAL 2022-26,1.53,1.53,,1.53,False
REVB,2022-10-06,VAL 2022-26,0.32,0.32,,0.32,False
REVB,2022-10-25,VAL 2022-26,0.321999996124752,0.321999996124752,,0.321999996124752,False
REVB,2024-01-29,VAL 2022-26,17.639999389648438,17.639999389648438,,17.639999389648438,False
REVB,2024-06-24,VAL 2022-26,3.009999910990397,3.009999910990397,,3.009999910990397,False
REVB,2024-08-21,VAL 2022-26,2.140000025431315,2.140000025431315,,2.140000025431315,False
REVB,2024-11-11,VAL 2022-26,1.0099999904632568,1.0099999904632568,1.01,1.01,False
REVB,2025-01-02,VAL 2022-26,17.599999745686848,1.099999984105428,1.1,1.1,False
REVB,2025-06-03,VAL 2022-26,1.0299999713897705,1.0299999713897705,1.03,1.03,False
REVB,2026-01-23,VAL 2022-26,4.320000171661377,1.0800000429153442,,,True
REX,2023-11-30,VAL 2022-26,48.060001373291016,48.060001373291016,,48.060001373291016,False
REZI,2020-11-05,DEV 2015-21,14.199999529838562,9.88169765472412,,,True
RFAI,2026-08-21,VAL 2022-26,40.0,40.0,40.0,40.0,False
RFIL,2018-03-14,DEV 2015-21,5.099999904632568,5.099999904632568,,5.099999904632568,False
RFIL,2018-06-11,DEV 2015-21,8.149999618530273,8.149999618530273,,8.149999618530273,False
RFIL,2026-01-15,VAL 2022-26,9.06999969482422,9.06999969482422,,9.06999969482422,False
RGC,2021-08-25,DEV 2015-21,33.6200065612793,33.6200065612793,,33.6200065612793,False
RGC,2024-07-24,VAL 2022-26,18.340016424655914,18.34001642465591,,18.340016424655914,False
RGC,2024-07-26,VAL 2022-26,12.239989638328552,12.239989638328552,,12.239989638328552,False
RGC,2025-06-16,VAL 2022-26,26.200000762939453,26.200000762939453,26.2,26.2,False
RGNT,2026-06-09,VAL 2022-26,2.5199999809265137,2.5199999809265137,2.52,2.52,False
RGNX,2018-04-09,DEV 2015-21,33.54999923706055,33.54999923706055,,33.54999923706055,False
RGNX,2021-09-13,DEV 2015-21,40.31100082397461,40.31100082397461,,40.31100082397461,False
RGNX,2024-03-05,VAL 2022-26,28.36000061035156,28.36000061035156,,28.36000061035156,False
RGS,2022-06-10,VAL 2022-26,0.7900000095367432,0.7900000095367432,,0.7900000095367432,False
RGS,2022-08-15,VAL 2022-26,0.9699999809265136,0.9699999809265138,,0.9699999809265136,False
RGS,2024-06-25,VAL 2022-26,14.1899995803833,14.1899995803833,,14.1899995803833,False
RHLD,2025-11-03,VAL 2022-26,132.00999450683594,132.00999450683594,,132.00999450683594,False
RICK,2020-08-11,DEV 2015-21,18.0,18.0,,18.0,False
RIGL,2015-02-23,DEV 2015-21,3.659999847412109,3.659999847412109,,3.659999847412109,False
RIGL,2016-08-30,DEV 2015-21,3.259999847412109,3.2599998474121095,,3.259999847412109,False
RIGL,2020-07-14,DEV 2015-21,3.2,3.2,,3.2,False
RIGL,2022-08-03,VAL 2022-26,1.5600000381469727,1.560000038146973,,1.5600000381469727,False
RIGL,2022-12-02,VAL 2022-26,0.9399999618530274,0.9399999618530273,,0.9399999618530274,False
RIGL,2023-03-08,VAL 2022-26,1.8100000381469727,1.8100000381469727,,1.8100000381469727,False
RIGL,2025-05-07,VAL 2022-26,22.549999237060547,22.549999237060547,22.55,22.55,False
RIGL,2025-11-05,VAL 2022-26,34.869998931884766,34.869998931884766,34.87,34.87,False
RILY,2024-04-24,VAL 2022-26,30.61000061035156,30.61000061035156,,30.61000061035156,False
RILY,2025-01-14,VAL 2022-26,4.929999828338623,4.929999828338623,4.93,4.93,False
RILY,2025-02-27,VAL 2022-26,6.949999809265137,6.949999809265137,6.95,6.95,False
RILY,2025-12-16,VAL 2022-26,4.730000019073486,4.730000019073486,4.73,4.73,False
RILY,2026-01-15,VAL 2022-26,10.039999961853027,10.039999961853027,,10.039999961853027,False
RIME,2022-05-25,VAL 2022-26,3.51,3.5100000000000002,,3.51,False
RIME,2023-05-16,VAL 2022-26,1.27,1.27,,1.27,False
RIME,2023-07-18,VAL 2022-26,2.27,2.27,,2.27,False
RIME,2024-07-05,VAL 2022-26,1.39,1.3900000000000001,,1.39,False
RIME,2024-10-07,VAL 2022-26,0.65,0.65,0.6458,0.6458,False
RIME,2024-12-09,VAL 2022-26,0.12,0.12,0.1192,0.1192,False
RIME,2024-12-17,VAL 2022-26,0.1,0.1,,0.1,False
RIME,2025-01-07,VAL 2022-26,0.26,0.26,0.2553,0.2553,False
RIME,2026-01-14,VAL 2022-26,1.1699999570846558,1.1699999570846558,,1.1699999570846558,False
RIME,2026-02-13,VAL 2022-26,1.2999999523162842,1.2999999523162842,,1.2999999523162842,False
RIOT,2016-05-18,DEV 2015-21,6.0,6.0,,6.0,False
RIOT,2019-04-02,DEV 2015-21,4.659999847412109,4.659999847412109,,4.659999847412109,False
RIOT,2020-01-30,DEV 2015-21,1.5800000429153442,1.5800000429153442,,1.5800000429153442,False
RJET,2024-01-19,VAL 2022-26,1.1199999491373698,16.799999237060547,,,True
RJET,2024-06-18,VAL 2022-26,1.4,21.0,,,True
RJET,2025-04-07,VAL 2022-26,1.1400000254313152,17.100000381469727,,,True
RKDA,2018-03-14,DEV 2015-21,18.55,18.56855,,18.55,False
RKDA,2018-05-08,DEV 2015-21,11.530000305175784,11.541530305480958,,11.530000305175784,False
RKDA,2018-06-27,DEV 2015-21,9.40999984741211,9.419409847259521,,9.40999984741211,False
RKDA,2018-07-19,DEV 2015-21,8.34000015258789,8.348340152740478,,8.34000015258789,False
RKDA,2019-02-28,DEV 2015-21,8.10999984741211,8.118109847259522,,8.10999984741211,False
RKDA,2019-08-09,DEV 2015-21,3.2200000762939456,3.223220076370239,,3.2200000762939456,False
RKDA,2019-08-12,DEV 2015-21,6.0,6.005999999999999,,6.0,False
RKDA,2021-03-31,DEV 2015-21,3.35,3.35335,,3.35,False
RKDA,2024-12-05,VAL 2022-26,7.079999923706055,7.079999923706055,7.08,7.08,False
RKDA,2025-10-15,VAL 2022-26,5.159999847412109,5.159999847412109,5.16,5.16,False
RKDA,2026-05-20,VAL 2022-26,1.1200000047683716,1.1200000047683716,,1.1200000047683716,False
RKDA,2026-06-11,VAL 2022-26,1.1299999952316284,1.1299999952316284,,1.1299999952316284,False
RKLB,2021-03-01,DEV 2015-21,13.449999809265137,13.449999809265137,,13.449999809265137,False
RKTO,2020-02-12,DEV 2015-21,6.36,159.0,,,True
RKTO,2020-03-23,DEV 2015-21,5.73,143.25,,,True
RKTO,2020-12-31,DEV 2015-21,2.98,74.5,,,True
RKTO,2021-03-23,DEV 2015-21,3.06,76.5,,,True
RKTO,2021-04-20,DEV 2015-21,1.8,45.0,,,True
RKTO,2022-01-04,VAL 2022-26,1.14,28.5,,,True
RKTO,2022-04-11,VAL 2022-26,1.48,37.0,,,True
RKTO,2022-12-29,VAL 2022-26,8.890000343322754,8.890000343322754,,8.890000343322754,False
RKTO,2023-02-08,VAL 2022-26,5.170000076293945,5.170000076293945,,5.170000076293945,False
RKTO,2023-06-06,VAL 2022-26,3.539999961853028,3.539999961853028,,3.539999961853028,False
RKTO,2024-03-19,VAL 2022-26,1.399999976158142,1.399999976158142,,1.399999976158142,False
RKTO,2024-07-24,VAL 2022-26,1.2699999809265137,1.2699999809265137,,1.2699999809265137,False
RKTO,2024-09-05,VAL 2022-26,1.1299999952316284,1.1299999952316284,,1.1299999952316284,False
RKTO,2025-01-07,VAL 2022-26,1.6699999570846558,1.6699999570846558,,1.6699999570846558,False
RKTO,2026-04-14,VAL 2022-26,0.7250000238418579,0.7250000238418579,,0.7250000238418579,False
RKTO,2026-05-27,VAL 2022-26,0.8600000143051147,0.8600000143051147,,0.8600000143051147,False
RKTO,2026-05-28,VAL 2022-26,2.0199999809265137,2.0199999809265137,,2.0199999809265137,False
RKTO,2026-07-09,VAL 2022-26,1.1449999809265137,1.1449999809265137,,1.1449999809265137,False
RLAY,2024-09-09,VAL 2022-26,8.050000190734863,8.050000190734863,,8.050000190734863,False
RLMD,2019-10-15,DEV 2015-21,32.099998474121094,32.099998474121094,,32.099998474121094,False
RLMD,2021-07-27,DEV 2015-21,30.65999984741211,30.65999984741211,,30.65999984741211,False
RLMD,2024-09-17,VAL 2022-26,3.7699999809265137,3.7699999809265137,,3.7699999809265137,False
RLMD,2025-02-06,VAL 2022-26,0.4749999940395355,0.4749999940395355,0.475,0.475,False
RLMD,2026-03-09,VAL 2022-26,6.409999847412109,6.409999847412109,,6.409999847412109,False
RLYB,2024-04-11,VAL 2022-26,3.3299999237060547,3.329999923706055,,3.3299999237060547,False
RLYB,2025-07-08,VAL 2022-26,0.4120000004768371,0.41200000047683716,0.4119,0.4119,False
RLYB,2026-03-02,VAL 2022-26,9.619999885559082,9.619999885559082,,9.619999885559082,False
RLYB,2026-05-04,VAL 2022-26,14.020000457763672,14.020000457763672,,14.020000457763672,False
RMCF,2026-08-12,VAL 2022-26,1.7400000095367432,1.7400000095367432,1.74,1.74,False
RMCO,2023-11-06,VAL 2022-26,19.350000381469727,19.350000381469727,,19.350000381469727,False
RMCO,2023-12-22,VAL 2022-26,4.389999866485596,4.389999866485596,,4.389999866485596,False
RMNI,2022-03-03,VAL 2022-26,5.679999828338623,5.679999828338623,,5.679999828338623,False
RMSG,2024-09-13,VAL 2022-26,23.979999542236328,23.979999542236328,,23.979999542236328,False
RMSG,2026-03-25,VAL 2022-26,0.7200000286102295,0.7200000286102295,0.7201,0.7201,False
RMSG,2026-04-13,VAL 2022-26,0.9470000267028807,0.9470000267028807,0.9465,0.9465,False
RMSG,2026-06-05,VAL 2022-26,3.265000104904175,3.265000104904175,3.265,3.265,False
RMTI,2021-11-17,DEV 2015-21,0.6199999722567473,0.6199999722567473,,0.6199999722567473,False
RMTI,2022-01-13,VAL 2022-26,0.6000000000000001,0.6000000000000001,,0.6000000000000001,False
RMTI,2023-02-02,VAL 2022-26,1.9100000381469728,1.9100000381469728,,1.9100000381469728,False
RNAZ,2021-09-23,DEV 2015-21,3.3100000000000005,3.3100000000000005,,3.3100000000000005,False
RNAZ,2022-10-26,VAL 2022-26,1.4800000000000002,1.4800000000000002,,1.4800000000000002,False
RNAZ,2022-12-07,VAL 2022-26,0.5940000169101732,0.5940000169101732,,0.5940000169101732,False
RNAZ,2023-02-01,VAL 2022-26,1.0300000000000002,1.0300000000000002,,1.0300000000000002,False
RNAZ,2023-02-15,VAL 2022-26,0.8980000338203464,0.8980000338203464,,0.8980000338203464,False
RNAZ,2023-04-05,VAL 2022-26,0.4029999915449135,0.4029999915449135,,0.4029999915449135,False
RNAZ,2023-09-20,VAL 2022-26,0.8059999936586851,0.8059999936586851,,0.8059999936586851,False
RNAZ,2023-09-25,VAL 2022-26,1.310000042275433,1.310000042275433,,1.310000042275433,False
RNAZ,2023-10-26,VAL 2022-26,0.45,0.45000000000000007,,0.45,False
RNAZ,2025-01-28,VAL 2022-26,8.25,8.25,8.25,8.25,False
RNAZ,2025-03-21,VAL 2022-26,1.0100000245230538,1.0100000245230538,1.01,1.01,False
RNAZ,2025-07-23,VAL 2022-26,12.149999618530272,12.149999618530272,12.15,12.15,False
RNAZ,2025-10-08,VAL 2022-26,18.709999084472656,18.709999084472656,18.71,18.71,False
RNAZ,2026-02-05,VAL 2022-26,11.75,11.75,,11.75,False
RNTX,2021-01-05,DEV 2015-21,1.4100000381469728,28.200000762939453,,,True
RNTX,2021-01-11,DEV 2015-21,1.7000000000000002,34.0,,,True
RNTX,2022-08-08,VAL 2022-26,0.2079999923706054,4.159999847412109,,,True
RNXT,2021-11-10,DEV 2015-21,9.050000190734863,9.050000190734863,,9.050000190734863,False
RNXT,2023-06-29,VAL 2022-26,2.7799999713897705,2.7799999713897705,,2.7799999713897705,False
ROCK,2016-02-18,DEV 2015-21,25.3799991607666,25.3799991607666,,25.3799991607666,False
ROG,2021-11-02,DEV 2015-21,271.9200134277344,271.9200134277344,,271.9200134277344,False
ROIV,2021-10-26,DEV 2015-21,9.07699966430664,9.07699966430664,,9.07699966430664,False
ROLR,2026-01-14,VAL 2022-26,15.5,15.5,15.5,15.5,False
ROLR,2026-04-14,VAL 2022-26,10.510000228881836,10.510000228881836,10.51,10.51,False
ROLR,2026-06-04,VAL 2022-26,7.599999904632568,7.599999904632568,,7.599999904632568,False
ROMA,2026-03-12,VAL 2022-26,6.230000019073486,6.230000019073486,,6.230000019073486,False
ROOT,2023-06-22,VAL 2022-26,14.399999618530272,14.399999618530272,,14.399999618530272,False
ROOT,2024-02-22,VAL 2022-26,11.640000343322754,11.640000343322754,,11.640000343322754,False
ROOT,2024-10-31,VAL 2022-26,81.4800033569336,81.4800033569336,81.48,81.48,False
RPAY,2022-11-10,VAL 2022-26,5.849999904632568,5.849999904632568,,5.849999904632568,False
RPAY,2026-04-17,VAL 2022-26,3.974999904632568,3.974999904632568,,3.974999904632568,False
RPGL,2025-12-01,VAL 2022-26,0.4929999923706055,0.49299999237060554,0.4926,0.4926,False
RPGL,2025-12-29,VAL 2022-26,0.4679999923706056,0.4679999923706056,0.4678,0.4678,False
RPGL,2026-01-30,VAL 2022-26,1.2500000000000002,1.2500000000000002,,1.2500000000000002,False
RPGL,2026-02-02,VAL 2022-26,15.439999389648438,0.771999969482422,,,True
RPGL,2026-03-02,VAL 2022-26,2.5200000762939454,2.5200000762939454,,2.5200000762939454,False
RPGL,2026-06-04,VAL 2022-26,3.829999923706055,3.829999923706055,,3.829999923706055,False
RPGL,2026-07-09,VAL 2022-26,2.4200000762939453,2.4200000762939453,,2.4200000762939453,False
RPID,2022-06-30,VAL 2022-26,4.510000228881836,4.510000228881836,,4.510000228881836,False
RPID,2025-05-09,VAL 2022-26,3.0,3.0,3.0,3.0,False
RR,2024-07-22,VAL 2022-26,1.8899999856948853,1.8899999856948853,,1.8899999856948853,False
RR,2024-08-07,VAL 2022-26,0.6399999856948853,0.6399999856948853,,0.6399999856948853,False
RR,2024-12-18,VAL 2022-26,1.4900000095367432,1.4900000095367432,1.49,1.49,False
RRGB,2019-06-13,DEV 2015-21,32.040000915527344,32.040000915527344,,32.040000915527344,False
RRGB,2025-05-30,VAL 2022-26,4.369999885559082,4.369999885559082,4.37,4.37,False
RSI,2024-03-07,VAL 2022-26,7.159999847412109,7.159999847412109,,7.159999847412109,False
RSI,2024-05-02,VAL 2022-26,7.860000133514404,7.860000133514404,,7.860000133514404,False
RTB,2023-07-19,VAL 2022-26,1.29,451.5,,,True
RTB,2025-06-05,VAL 2022-26,0.6200000217982701,21.700000762939453,,,True
RTB,2025-10-01,VAL 2022-26,0.5,17.5,,,True
RTB,2026-01-23,VAL 2022-26,7.349999904632568,7.349999904632568,,7.349999904632568,False
RTB,2026-09-17,VAL 2022-26,11.300000190734863,11.300000190734863,,11.300000190734863,False
RUBI,2025-11-07,VAL 2022-26,0.301,0.3014823717948718,0.3014,0.3014,False
RUBI,2025-11-13,VAL 2022-26,0.246,0.24639423076923078,0.2457,0.2457,False
RUBI,2025-11-25,VAL 2022-26,0.242,0.24238782051282054,0.2419,0.2419,False
RUBI,2026-01-02,VAL 2022-26,1.4,1.40224358974359,,1.4,False
RUBI,2026-02-19,VAL 2022-26,4.14,4.14,4.14,4.14,False
RUBI,2026-03-02,VAL 2022-26,1.29,1.29,1.29,1.29,False
RUBI,2026-03-03,VAL 2022-26,1.4,1.4000000000000001,,1.4,False
RUBI,2026-05-19,VAL 2022-26,3.51,3.5100000000000002,3.51,3.51,False
RUBI,2026-07-16,VAL 2022-26,6.360000133514404,6.360000133514404,6.36,6.36,False
RUM,2021-12-02,DEV 2015-21,13.970000267028809,13.970000267028809,,13.970000267028809,False
RUM,2024-01-23,VAL 2022-26,5.980000019073486,5.980000019073486,,5.980000019073486,False
RVLV,2020-08-13,DEV 2015-21,23.76000022888184,23.76000022888184,,23.76000022888184,False
RVLV,2024-02-28,VAL 2022-26,21.020000457763672,21.020000457763672,,21.020000457763672,False
RVLV,2024-11-06,VAL 2022-26,31.399999618530277,31.399999618530277,31.4,31.4,False
RVSN,2022-05-04,VAL 2022-26,2.27,68.1,,,True
RVSN,2024-01-16,VAL 2022-26,1.93,57.9,,,True
RVSN,2024-01-22,VAL 2022-26,2.21,66.3,,,True
RVSN,2024-01-23,VAL 2022-26,3.1,93.0,,,True
RVSN,2024-02-29,VAL 2022-26,3.72,111.6,,,True
RVSN,2024-04-09,VAL 2022-26,1.93,57.9,,,True
RVSN,2024-12-26,VAL 2022-26,0.558000013563368,16.740000406901043,0.5584,0.5584,False
RVSN,2024-12-27,VAL 2022-26,1.185,35.55,1.185,1.185,False
RXRX,2023-07-12,VAL 2022-26,14.670000076293944,14.670000076293944,,14.670000076293944,False
RXT,2026-02-18,VAL 2022-26,0.996999979019165,0.996999979019165,0.997,0.997,False
RXT,2026-05-07,VAL 2022-26,3.974999904632568,3.974999904632568,3.975,3.975,False
RYAM,2015-07-30,DEV 2015-21,14.869999885559082,14.869999885559082,,14.869999885559082,False
RYAM,2024-08-07,VAL 2022-26,6.829999923706055,6.829999923706055,,6.829999923706055,False
RYDE,2025-06-18,VAL 2022-26,0.4000000059604645,0.4000000059604645,0.4,0.4,False
RYDE,2025-12-31,VAL 2022-26,0.3149999976158142,0.3149999976158142,0.3145,0.3145,False
RYET,2025-11-18,VAL 2022-26,0.9480000138282776,0.9480000138282776,0.948,0.948,False
RYM,2022-10-05,VAL 2022-26,5.7,1710.0,,,True
RYM,2022-10-17,VAL 2022-26,18.0,5400.0,,,True
RYM,2022-12-19,VAL 2022-26,0.37,111.0,,,True
RYM,2024-01-18,VAL 2022-26,2.4300000508626303,36.45000076293945,,,True
RYM,2024-01-30,VAL 2022-26,0.8,12.0,,,True
RYM,2024-02-06,VAL 2022-26,0.8239999771118164,12.359999656677246,,,True
RYM,2024-02-29,VAL 2022-26,0.5849999745686849,8.774999618530273,,,True
RYM,2024-04-17,VAL 2022-26,0.4100000063578288,6.150000095367432,,,True
RYM,2024-06-24,VAL 2022-26,0.6,9.0,,,True
RYM,2024-11-05,VAL 2022-26,5.510000228881836,5.510000228881836,,5.510000228881836,False
RYM,2025-12-12,VAL 2022-26,20.709999084472656,20.709999084472656,20.71,20.71,False
RYM,2026-04-01,VAL 2022-26,24.100000381469727,24.100000381469727,,24.100000381469727,False
RYOJ,2025-10-16,VAL 2022-26,4.494999885559082,4.494999885559082,4.495,4.495,False
RYOJ,2025-10-21,VAL 2022-26,4.869999885559082,4.869999885559082,4.8698,4.8698,False
RYOJ,2026-05-22,VAL 2022-26,2.430000066757202,2.430000066757202,,2.430000066757202,False
RYTM,2019-08-07,DEV 2015-21,24.3700008392334,24.3700008392334,,24.3700008392334,False
RZLT,2021-05-27,DEV 2015-21,9.359999656677246,9.359999656677246,,9.359999656677246,False
RZLT,2024-05-22,VAL 2022-26,3.619999885559082,3.619999885559082,,3.619999885559082,False
RZLT,2025-04-23,VAL 2022-26,3.865000009536743,3.865000009536743,3.865,3.865,False
RZLV,2024-08-22,VAL 2022-26,11.010000228881836,11.010000228881836,,11.010000228881836,False
RZLV,2024-09-19,VAL 2022-26,8.130000114440918,8.130000114440918,,8.130000114440918,False
RZLV,2024-10-03,VAL 2022-26,8.579999923706055,8.579999923706055,8.58,8.58,False
RZLV,2024-12-11,VAL 2022-26,2.319999933242798,2.319999933242798,2.32,2.32,False
SABR,2026-02-18,VAL 2022-26,1.2489999532699585,1.2489999532699585,,1.2489999532699585,False
SABS,2021-11-02,DEV 2015-21,10.49800033569336,10.49800033569336,,10.49800033569336,False
SABS,2023-04-13,VAL 2022-26,0.6900000095367432,0.6900000095367432,,0.6900000095367432,False
SABS,2025-07-21,VAL 2022-26,3.470000028610229,3.470000028610229,3.47,3.47,False
SAFT,2026-07-24,VAL 2022-26,103.01000213623048,103.01000213623048,,103.01000213623048,False
SAFX,2025-06-09,VAL 2022-26,38.880001068115234,38.880001068115234,,38.880001068115234,False
SAFX,2025-06-17,VAL 2022-26,3.2100000381469727,3.2100000381469727,3.21,3.21,False
SAFX,2025-06-18,VAL 2022-26,2.359999895095825,2.359999895095825,2.36,2.36,False
SAFX,2025-07-10,VAL 2022-26,3.549999952316284,3.549999952316284,3.55,3.55,False
SAFX,2026-03-09,VAL 2022-26,0.2939999997615814,0.2939999997615814,,0.2939999997615814,False
SAFX,2026-04-10,VAL 2022-26,0.6650000214576721,0.6650000214576721,,0.6650000214576721,False
SAFX,2026-04-13,VAL 2022-26,1.0,1.0,,1.0,False
SAGT,2026-04-29,VAL 2022-26,3.065000057220459,3.065000057220459,3.065,3.065,False
SAGT,2026-06-22,VAL 2022-26,1.600000023841858,1.600000023841858,1.6,1.6,False
SAGT,2026-06-25,VAL 2022-26,1.4600000381469729,1.4600000381469729,,1.4600000381469729,False
SAGT,2026-08-07,VAL 2022-26,0.8799999952316284,0.8799999952316284,,0.8799999952316284,False
SAIH,2023-04-14,VAL 2022-26,6.17000020345052,6.1700002034505195,,6.17000020345052,False
SAIH,2023-04-26,VAL 2022-26,3.88999989827474,3.889999898274739,,3.88999989827474,False
SANA,2025-01-08,VAL 2022-26,6.070000171661377,6.070000171661377,6.07,6.07,False
SANA,2026-04-14,VAL 2022-26,3.990000009536743,3.990000009536743,,3.990000009536743,False
SANM,2019-01-29,DEV 2015-21,33.0,33.0,,33.0,False
SATL,2024-12-09,VAL 2022-26,4.75,4.75,4.75,4.75,False
SB,2016-11-17,DEV 2015-21,2.359999895095825,2.359999895095825,,2.359999895095825,False
SBC,2024-08-23,VAL 2022-26,14.989999771118164,14.989999771118164,,14.989999771118164,False
SBET,2015-02-03,DEV 2015-21,4.829999796549479,3.219999864366319,,,True
SBET,2018-07-11,DEV 2015-21,4.0,8.0,,,True
SBET,2018-08-30,DEV 2015-21,2.2800000508626304,4.560000101725261,,,True
SBET,2019-09-13,DEV 2015-21,2.58000005086263,5.16000010172526,,,True
SBET,2020-06-11,DEV 2015-21,1.7,3.4,,,True
SBET,2021-04-16,DEV 2015-21,5.479999796549479,10.959999593098958,,,True
SBET,2021-07-12,DEV 2015-21,16.35999959309896,16.35999959309896,,16.35999959309896,False
SBET,2025-02-06,VAL 2022-26,0.6299999952316284,0.6299999952316284,0.6287,0.6287,False
SBET,2025-05-27,VAL 2022-26,33.93000030517578,33.93000030517578,33.93,33.93,False
SBFM,2022-03-09,VAL 2022-26,4.08,4.08,,4.08,False
SBFM,2022-04-05,VAL 2022-26,6.220000000000001,6.220000000000001,,6.220000000000001,False
SBFM,2023-05-11,VAL 2022-26,1.02,1.02,,1.02,False
SBFM,2024-03-05,VAL 2022-26,0.074,0.07400000000000001,,0.074,False
SBFM,2024-04-01,VAL 2022-26,11.1,0.111,,,True
SBFM,2025-04-02,VAL 2022-26,3.290000152587891,3.290000152587891,3.29,3.29,False
SBFM,2026-05-21,VAL 2022-26,0.5579999923706055,0.5579999923706055,0.558,0.558,False
SBH,2019-11-07,DEV 2015-21,20.11000061035156,20.11000061035156,,20.11000061035156,False
SCAG,2025-09-05,VAL 2022-26,4.800000190734863,4.800000190734863,4.8,4.8,False
SCKT,2020-07-27,DEV 2015-21,3.849999904632568,3.849999904632568,,3.849999904632568,False
SCKT,2020-10-23,DEV 2015-21,3.7899999618530273,3.7899999618530273,,3.7899999618530273,False
SCKT,2021-02-16,DEV 2015-21,10.1899995803833,10.1899995803833,,10.1899995803833,False
SCKT,2021-07-23,DEV 2015-21,14.300000190734863,14.300000190734863,,14.300000190734863,False
SCNI,2015-09-02,DEV 2015-21,5.500000000000001,5.500000000000001,,5.500000000000001,False
SCNI,2017-03-30,DEV 2015-21,7.630000000000002,7.630000000000002,,7.630000000000002,False
SCNI,2021-12-22,DEV 2015-21,2.890000000000001,2.8900000000000006,,2.890000000000001,False
SCNI,2022-03-24,VAL 2022-26,2.1800000000000006,2.1800000000000006,,2.1800000000000006,False
SCNI,2023-06-05,VAL 2022-26,2.0800000000000005,2.0800000000000005,,2.0800000000000005,False
SCNI,2024-06-17,VAL 2022-26,6.1000000000000005,6.1000000000000005,,6.1000000000000005,False
SCNI,2024-07-15,VAL 2022-26,6.640000152587891,6.640000152587891,,6.640000152587891,False
SCNI,2025-06-05,VAL 2022-26,6.00999984741211,6.009999847412109,6.01,6.01,False
SCNI,2025-07-29,VAL 2022-26,2.6450000762939454,2.6450000762939454,2.645,2.645,False
SCNI,2026-04-24,VAL 2022-26,0.7960000038146973,0.7960000038146973,0.7962,0.7962,False
SCNI,2026-09-14,VAL 2022-26,2.3299999237060547,2.3299999237060547,,2.3299999237060547,False
SCNX,2020-03-23,DEV 2015-21,8.57000020345052,128.5500030517578,,,True
SCNX,2020-07-28,DEV 2015-21,7.85,117.75,,,True
SCNX,2020-11-10,DEV 2015-21,6.3600001017252605,95.4000015258789,,,True
SCNX,2021-06-10,DEV 2015-21,6.310000101725261,94.6500015258789,,,True
SCNX,2023-06-26,VAL 2022-26,18.399999618530277,18.399999618530277,,18.399999618530277,False
SCNX,2023-08-02,VAL 2022-26,10.90999984741211,10.90999984741211,,10.90999984741211,False
SCNX,2023-09-01,VAL 2022-26,13.5,13.5,,13.5,False
SCNX,2024-02-20,VAL 2022-26,10.68000030517578,10.68000030517578,,10.68000030517578,False
SCNX,2024-03-06,VAL 2022-26,11.65999984741211,11.65999984741211,,11.65999984741211,False
SCNX,2025-03-06,VAL 2022-26,3.25,3.25,3.25,3.25,False
SCNX,2025-03-18,VAL 2022-26,3.0299999713897705,3.0299999713897705,3.03,3.03,False
SCNX,2025-10-16,VAL 2022-26,1.0800000429153442,1.0800000429153442,1.08,1.08,False
SCNX,2025-10-23,VAL 2022-26,0.921999990940094,0.921999990940094,0.9216,0.9216,False
SCNX,2026-03-11,VAL 2022-26,0.621999979019165,0.621999979019165,0.6215,0.6215,False
SCOR,2020-02-28,DEV 2015-21,3.7200000762939456,3.7200000762939456,,3.7200000762939456,False
SCOR,2021-01-08,DEV 2015-21,3.5700000762939457,3.5700000762939457,,3.5700000762939457,False
SCOR,2025-09-29,VAL 2022-26,8.199999809265137,8.199999809265137,8.2,8.2,False
SCSC,2026-08-20,VAL 2022-26,64.83999633789062,64.83999633789062,,64.83999633789062,False
SCWO,2025-10-08,VAL 2022-26,0.4900000095367431,0.49000000953674316,0.49,0.49,False
SCWO,2025-10-09,VAL 2022-26,0.9300000190734864,0.9300000190734864,0.9277,0.9277,False
SCYX,2016-08-17,DEV 2015-21,2.5500000000000003,2.5500000000000003,,2.5500000000000003,False
SCYX,2019-01-31,DEV 2015-21,1.3699999809265138,1.3699999809265138,,1.3699999809265138,False
SCYX,2021-01-22,DEV 2015-21,8.859999656677246,8.859999656677246,,8.859999656677246,False
SCYX,2023-03-30,VAL 2022-26,2.869999885559082,2.869999885559082,,2.869999885559082,False
SDA,2023-05-19,VAL 2022-26,7.139999866485596,7.139999866485596,,7.139999866485596,False
SDEV,2019-05-14,DEV 2015-21,0.39,477.75,,,True
SDEV,2019-06-10,DEV 2015-21,1.1,1347.5,,,True
SDEV,2019-06-11,DEV 2015-21,4.04,4949.0,,,True
SDEV,2019-07-29,DEV 2015-21,1.45,1776.25,,,True
SDEV,2019-11-04,DEV 2015-21,0.71,869.75,,,True
SDEV,2019-11-18,DEV 2015-21,0.86,1053.5,,,True
SDEV,2020-04-20,DEV 2015-21,1.7,2082.5,,,True
SDEV,2020-07-13,DEV 2015-21,1.54,1886.5,,,True
SDEV,2020-08-18,DEV 2015-21,1.26,1543.5,,,True
SDEV,2023-04-21,VAL 2022-26,1.93,67.55,,,True
SDEV,2023-05-19,VAL 2022-26,0.93,32.550000000000004,,,True
SDEV,2023-09-11,VAL 2022-26,1.16,40.6,,,True
SDEV,2024-04-17,VAL 2022-26,0.1,3.5,,,True
SDEV,2024-05-17,VAL 2022-26,5.25,5.25,,5.25,False
SDEV,2024-05-20,VAL 2022-26,5.6000000000000005,5.6000000000000005,,5.6000000000000005,False
SDEV,2024-09-20,VAL 2022-26,0.8699999809265138,0.8699999809265138,,0.8699999809265138,False
SDEV,2025-08-20,VAL 2022-26,1.0899999618530274,1.0899999618530274,,1.0899999618530274,False
SDEV,2025-08-27,VAL 2022-26,1.8200000762939452,1.8200000762939457,,1.8200000762939452,False
SDEV,2026-07-02,VAL 2022-26,1.3200000524520874,1.3200000524520874,,1.3200000524520874,False
SDEV,2026-09-25,VAL 2022-26,1.5800000429153442,1.5800000429153442,,1.5800000429153442,False
SDGR,2023-03-01,VAL 2022-26,26.670000076293945,26.670000076293945,,26.670000076293945,False
SDOT,2020-10-26,DEV 2015-21,2.2100000000000004,2.2100000000000004,,2.2100000000000004,False
SDOT,2025-10-15,VAL 2022-26,11.0,11.0,11.0,11.0,False
SDOT,2026-05-05,VAL 2022-26,11.34000015258789,0.5670000076293945,0.5672,0.5672,False
SDOT,2026-06-03,VAL 2022-26,6.079999923706055,6.079999923706055,6.08,6.08,False
SDOT,2026-08-24,VAL 2022-26,21.520000457763672,21.520000457763672,21.52,21.52,False
SDST,2024-07-09,VAL 2022-26,11.8,11.8,,11.8,False
SDST,2025-01-23,VAL 2022-26,2.35,2.35,2.35,2.35,False
SDST,2025-07-14,VAL 2022-26,0.5380000114440918,0.5380000114440918,0.5378,0.5378,False
SDST,2026-09-17,VAL 2022-26,0.2599999904632568,0.2599999904632568,0.26,0.26,False
SEDG,2015-05-08,DEV 2015-21,31.8700008392334,31.8700008392334,,31.8700008392334,False
SEED,2016-09-28,DEV 2015-21,3.160000038146973,3.160000038146973,,3.160000038146973,False
SEED,2018-03-16,DEV 2015-21,1.2800000190734864,1.2800000190734864,,1.2800000190734864,False
SEED,2022-04-07,VAL 2022-26,9.010000228881836,9.010000228881836,,9.010000228881836,False
SEED,2024-02-21,VAL 2022-26,3.200000047683716,3.200000047683716,,3.200000047683716,False
SEED,2025-10-15,VAL 2022-26,2.3499999046325684,2.3499999046325684,2.35,2.35,False
SEER,2026-07-06,VAL 2022-26,2.244999885559082,2.244999885559082,,2.244999885559082,False
SEGG,2025-05-23,VAL 2022-26,1.99499991280692,1.9949999128069196,,1.99499991280692,False
SEGG,2026-01-14,VAL 2022-26,0.876999991280692,0.876999991280692,0.8772,0.8772,False
SENS,2020-12-24,DEV 2015-21,1.0899999618530274,1.0899999618530274,,1.0899999618530274,False
SENS,2021-01-15,DEV 2015-21,1.8399999618530276,1.8399999618530274,,1.8399999618530276,False
SENS,2022-08-04,VAL 2022-26,2.010000038146973,2.010000038146973,,2.010000038146973,False
SEPN,2025-05-14,VAL 2022-26,10.81999969482422,10.81999969482422,10.82,10.82,False
SER,2020-10-08,DEV 2015-21,2.24,80.0,,,True
SER,2025-08-26,VAL 2022-26,7.0,7.0,7.0,7.0,False
SER,2026-01-08,VAL 2022-26,2.990000009536743,2.990000009536743,,2.990000009536743,False
SER,2026-01-29,VAL 2022-26,3.839999914169312,3.839999914169312,,3.839999914169312,False
SER,2026-03-19,VAL 2022-26,2.0999999046325684,2.0999999046325684,2.1,2.1,False
SERA,2023-02-15,VAL 2022-26,2.1600000858306885,2.1600000858306885,,2.1600000858306885,False
SERA,2023-12-06,VAL 2022-26,5.010000228881836,5.010000228881836,,5.010000228881836,False
SERV,2024-07-19,VAL 2022-26,4.269999980926514,4.269999980926514,,4.269999980926514,False
SES,2024-09-17,VAL 2022-26,1.2599999904632568,1.2599999904632568,,1.2599999904632568,False
SES,2024-12-26,VAL 2022-26,1.0199999809265137,1.0199999809265137,1.02,1.02,False
SES,2024-12-27,VAL 2022-26,2.369999885559082,2.369999885559082,2.37,2.37,False
SES,2025-03-17,VAL 2022-26,0.5529999732971191,0.5529999732971191,0.5525,0.5525,False
SES,2025-04-25,VAL 2022-26,1.1299999952316284,1.1299999952316284,1.13,1.13,False
SEZL,2024-05-09,VAL 2022-26,64.99999809265137,64.99999809265138,,64.99999809265137,False
SFIX,2024-12-11,VAL 2022-26,5.748000144958496,5.748000144958496,5.748,5.748,False
SFWL,2023-12-21,VAL 2022-26,0.3,0.3,,0.3,False
SGC,2020-07-29,DEV 2015-21,18.0,18.0,,18.0,False
SGLY,2016-07-27,DEV 2015-21,1.5100000000000002,1.5100000000000002,,1.5100000000000002,False
SGLY,2016-08-02,DEV 2015-21,2.2900000000000005,2.2900000000000005,,2.2900000000000005,False
SGLY,2016-08-31,DEV 2015-21,1.8400000000000003,1.8400000000000003,,1.8400000000000003,False
SGLY,2016-11-16,DEV 2015-21,3.4900000000000007,3.4900000000000007,,3.4900000000000007,False
SGLY,2016-11-17,DEV 2015-21,13.35,13.350000000000001,,13.35,False
SGLY,2017-02-13,DEV 2015-21,3.5200000000000005,3.5200000000000005,,3.5200000000000005,False
SGLY,2017-05-26,DEV 2015-21,3.4400000000000004,3.4400000000000004,,3.4400000000000004,False
SGLY,2020-06-08,DEV 2015-21,0.7000000000000001,0.7000000000000001,,0.7000000000000001,False
SGLY,2020-11-12,DEV 2015-21,2.6599999564034595,2.6599999564034595,,2.6599999564034595,False
SGLY,2021-02-03,DEV 2015-21,10.3,10.299999999999999,,10.3,False
SGLY,2024-03-12,VAL 2022-26,4.009999956403459,4.009999956403459,,4.009999956403459,False
SGLY,2026-08-18,VAL 2022-26,6.75,6.75,6.75,6.75,False
SGLY,2026-08-20,VAL 2022-26,4.610000133514404,4.610000133514404,4.61,4.61,False
SGMT,2024-01-22,VAL 2022-26,15.0,15.0,,15.0,False
SGMT,2024-10-01,VAL 2022-26,3.799999952316284,3.799999952316284,3.8,3.8,False
SGMT,2026-04-27,VAL 2022-26,7.210000038146973,7.210000038146973,,7.210000038146973,False
SGRX,2020-02-06,DEV 2015-21,4.6000000000000005,41400.0,,,True
SGRX,2020-05-13,DEV 2015-21,2.3000000000000003,20700.0,,,True
SGRX,2020-09-16,DEV 2015-21,0.96,8640.0,,,True
SGRX,2020-10-21,DEV 2015-21,1.28,11520.0,,,True
SGRX,2025-03-03,VAL 2022-26,0.95,285.0,,,True
SGRX,2025-03-07,VAL 2022-26,0.44,132.0,,,True
SGRX,2025-04-08,VAL 2022-26,0.2090000025431315,62.70000076293945,,,True
SGRX,2025-04-23,VAL 2022-26,0.1890000025431315,56.70000076293945,,,True
SGRX,2025-05-01,VAL 2022-26,0.19,57.0,,,True
SGRX,2025-07-11,VAL 2022-26,0.4270000203450521,128.10000610351562,,,True
SGRX,2025-07-17,VAL 2022-26,0.421999994913737,126.5999984741211,,,True
SGRX,2026-04-16,VAL 2022-26,3.8700000762939455,19.350000381469727,,,True
SGRX,2026-09-04,VAL 2022-26,3.3550000190734863,3.3550000190734863,,3.3550000190734863,False
SGRY,2016-03-11,DEV 2015-21,17.0,17.0,,17.0,False
SHC,2022-11-21,VAL 2022-26,7.679999828338623,7.679999828338623,,7.679999828338623,False
SHC,2023-01-10,VAL 2022-26,15.100000381469728,15.100000381469728,,15.100000381469728,False
SHC,2025-08-08,VAL 2022-26,13.5,13.5,13.5,13.5,False
SHFS,2022-10-05,VAL 2022-26,6.45,0.5375,,,True
SHFS,2023-03-30,VAL 2022-26,0.5900000095367431,0.049166667461395266,,,True
SHFS,2023-05-11,VAL 2022-26,0.6099999904632569,0.05083333253860473,,,True
SHFS,2025-04-21,VAL 2022-26,3.859999895095825,0.3216666579246521,3.86,3.86,False
SHFS,2025-09-02,VAL 2022-26,3.740000009536743,0.31166666746139526,3.74,3.74,False
SHFS,2025-09-24,VAL 2022-26,8.59000015258789,0.7158333460489908,8.59,8.59,False
SHIM,2024-07-17,VAL 2022-26,2.8499999046325684,2.8499999046325684,,2.8499999046325684,False
SHIM,2024-12-03,VAL 2022-26,3.5199999809265137,3.5199999809265137,3.52,3.52,False
SHIP,2016-11-15,DEV 2015-21,4.0,4.0,,4.0,False
SHIP,2017-11-07,DEV 2015-21,1.57,1.57,,1.57,False
SHIP,2020-03-30,DEV 2015-21,0.3599999904632568,0.3599999904632568,,0.3599999904632568,False
SHIP,2020-04-07,DEV 2015-21,0.1700000047683716,0.1700000047683716,,0.1700000047683716,False
SHIP,2020-06-05,DEV 2015-21,2.879999923706055,0.17999999523162843,,,True
SHMD,2026-03-04,VAL 2022-26,8.03499984741211,8.03499984741211,,8.03499984741211,False
SHOE,2017-11-17,DEV 2015-21,24.88999938964844,12.44499969482422,,,True
SHOE,2019-03-27,DEV 2015-21,36.83000183105469,18.415000915527344,,,True
SHPH,2023-01-13,VAL 2022-26,2.59,2.59,,2.59,False
SHPH,2023-05-23,VAL 2022-26,1.62,1.62,,1.62,False
SHPH,2024-09-05,VAL 2022-26,3.17,3.17,,3.17,False
SHPH,2024-10-29,VAL 2022-26,1.89,1.8900000000000001,1.89,1.89,False
SHPH,2025-05-09,VAL 2022-26,0.443,0.443,0.443,0.443,False
SHPH,2026-01-20,VAL 2022-26,3.920000076293945,3.9200000762939453,3.92,3.92,False
SHPH,2026-06-26,VAL 2022-26,5.860000133514404,5.860000133514404,5.86,5.86,False
SHPH,2026-07-14,VAL 2022-26,4.409999847412109,4.409999847412109,,4.409999847412109,False
SI,2025-11-12,VAL 2022-26,14.5,14.5,14.5,14.5,False
SIDU,2022-05-06,VAL 2022-26,3.95,3.95,,3.95,False
SIDU,2022-06-15,VAL 2022-26,2.68,2.68,,2.68,False
SIDU,2022-07-19,VAL 2022-26,3.4,3.4,,3.4,False
SIDU,2022-09-07,VAL 2022-26,4.15,4.15,,4.15,False
SIDU,2023-02-15,VAL 2022-26,0.7780000305175782,0.7780000305175782,,0.7780000305175782,False
SIDU,2023-08-22,VAL 2022-26,0.22,0.22,,0.22,False
SIDU,2023-11-02,VAL 2022-26,0.1239999961853027,0.12399999618530272,,0.1239999961853027,False
SIDU,2024-02-29,VAL 2022-26,6.840000152587891,6.840000152587891,,6.840000152587891,False
SIDU,2024-12-16,VAL 2022-26,2.240000009536743,2.240000009536743,2.24,2.24,False
SIDU,2025-12-22,VAL 2022-26,1.9450000524520876,1.9450000524520876,1.945,1.945,False
SIEB,2017-12-20,DEV 2015-21,18.0,18.0,,18.0,False
SIEB,2021-01-29,DEV 2015-21,12.529999732971191,12.529999732971191,,12.529999732971191,False
SIEB,2021-03-11,DEV 2015-21,6.269999980926514,6.269999980926514,,6.269999980926514,False
SIEB,2023-04-28,VAL 2022-26,2.680000066757202,2.680000066757202,,2.680000066757202,False
SIF,2020-05-13,DEV 2015-21,3.539999961853028,3.539999961853028,,3.539999961853028,False
SIF,2020-12-24,DEV 2015-21,5.940000057220459,5.940000057220459,,5.940000057220459,False
SIF,2025-08-15,VAL 2022-26,6.769999980926514,6.769999980926514,6.77,6.77,False
SIF,2026-05-08,VAL 2022-26,18.75,18.75,,18.75,False
SIFY,2021-03-05,DEV 2015-21,3.5,3.5,,3.5,False
SIFY,2024-09-03,VAL 2022-26,0.8000000317891438,0.8000000317891438,,0.8000000317891438,False
SIGA,2023-07-28,VAL 2022-26,6.360000133514404,6.360000133514404,,6.360000133514404,False
SILO,2022-09-28,VAL 2022-26,6.2,6.2,,6.2,False
SILO,2022-12-30,VAL 2022-26,4.85,4.85,,4.85,False
SILO,2024-07-16,VAL 2022-26,2.26999994913737,2.26999994913737,,2.26999994913737,False
SILO,2025-01-08,VAL 2022-26,1.95,1.95,1.95,1.95,False
SILO,2026-02-24,VAL 2022-26,0.3380000114440918,0.3380000114440918,,0.3380000114440918,False
SILO,2026-04-07,VAL 2022-26,0.5939999898274739,0.5939999898274739,0.5941,0.5941,False
SINT,2016-04-18,DEV 2015-21,31.8,2.65,,,True
SINT,2017-11-10,DEV 2015-21,6.32,6.32,,6.32,False
SINT,2018-03-06,DEV 2015-21,3.07,3.07,,3.07,False
SINT,2018-09-06,DEV 2015-21,0.63,0.63,,0.63,False
SINT,2018-10-03,DEV 2015-21,0.33,0.33,,0.33,False
SINT,2019-06-11,DEV 2015-21,0.175,0.175,,0.175,False
SINT,2019-07-29,DEV 2015-21,4.09,4.09,,4.09,False
SINT,2019-08-15,DEV 2015-21,2.41,2.41,,2.41,False
SINT,2019-09-12,DEV 2015-21,2.49,2.49,,2.49,False
SINT,2020-01-30,DEV 2015-21,2.45,2.45,,2.45,False
SINT,2020-03-04,DEV 2015-21,0.81,0.81,,0.81,False
SINT,2020-06-22,DEV 2015-21,2.75,2.75,,2.75,False
SINT,2020-08-04,DEV 2015-21,2.7,2.7,,2.7,False
SINT,2021-03-09,DEV 2015-21,2.19,2.19,,2.19,False
SINT,2022-10-26,VAL 2022-26,0.136,0.136,,0.136,False
SINT,2022-12-19,VAL 2022-26,10.5,0.10500000000000001,,,True
SINT,2024-04-18,VAL 2022-26,0.06,0.06,,0.06,False
SINT,2024-09-09,VAL 2022-26,5.900000095367432,5.900000095367432,,5.900000095367432,False
SINT,2024-11-18,VAL 2022-26,2.640000104904175,2.640000104904175,2.64,2.64,False
SINT,2025-02-19,VAL 2022-26,5.28000020980835,5.28000020980835,5.28,5.28,False
SITM,2020-05-19,DEV 2015-21,34.43000030517578,34.43000030517578,,34.43000030517578,False
SJ,2020-08-13,DEV 2015-21,8.149999618530273,8.149999618530273,,8.149999618530273,False
SJ,2021-04-06,DEV 2015-21,14.880000114440918,14.880000114440918,,14.880000114440918,False
SKIL,2026-04-08,VAL 2022-26,5.650000095367432,5.650000095367432,,5.650000095367432,False
SKIN,2024-03-13,VAL 2022-26,4.570000171661377,4.570000171661377,,4.570000171661377,False
SKIN,2025-08-08,VAL 2022-26,2.0199999809265137,2.0199999809265137,2.02,2.02,False
SKK,2024-11-21,VAL 2022-26,7.00999984741211,7.00999984741211,7.01,7.01,False
SKK,2024-11-22,VAL 2022-26,2.0600000381469727,2.0600000381469727,2.06,2.06,False
SKYA,2023-05-10,VAL 2022-26,1.2000000000000002,7920.0,,,True
SKYA,2023-09-26,VAL 2022-26,0.8000000000000002,5280.0,,,True
SKYA,2024-05-28,VAL 2022-26,0.6829999704071971,4507.7998046875,,,True
SKYA,2024-05-30,VAL 2022-26,0.7489999852035987,4943.39990234375,,,True
SKYA,2024-06-13,VAL 2022-26,0.4289999852035985,2831.39990234375,,,True
SKYA,2024-07-25,VAL 2022-26,0.33,2178.0,,,True
SKYA,2025-03-10,VAL 2022-26,0.4629999796549479,138.89999389648438,,,True
SKYA,2025-04-01,VAL 2022-26,10.800000190734863,10.800000190734863,,10.800000190734863,False
SKYA,2025-04-10,VAL 2022-26,7.800000190734863,7.800000190734863,,7.800000190734863,False
SKYA,2025-04-11,VAL 2022-26,8.699999809265137,8.699999809265137,,8.699999809265137,False
SKYA,2025-04-14,VAL 2022-26,13.199999809265137,13.199999809265137,,13.199999809265137,False
SKYA,2025-04-30,VAL 2022-26,6.105000019073486,6.105000019073486,,6.105000019073486,False
SKYA,2025-06-04,VAL 2022-26,5.855000019073486,5.855000019073486,,5.855000019073486,False
SKYA,2025-08-25,VAL 2022-26,11.399999618530272,11.399999618530272,,11.399999618530272,False
SKYE,2021-06-01,DEV 2015-21,0.175,0.17500000000000002,,0.175,False
SKYE,2026-08-14,VAL 2022-26,6.880000114440918,0.8600000143051147,,,True
SKYQ,2025-09-08,VAL 2022-26,0.6000000238418579,0.6000000238418579,0.6004,0.6004,False
SKYQ,2025-09-30,VAL 2022-26,0.6639999747276306,0.6639999747276306,0.6643,0.6643,False
SKYQ,2026-04-02,VAL 2022-26,5.570000171661377,5.570000171661377,5.57,5.57,False
SKYQ,2026-06-22,VAL 2022-26,1.6150000095367432,1.6150000095367432,,1.6150000095367432,False
SKYQ,2026-09-24,VAL 2022-26,3.069999933242798,3.069999933242798,,3.069999933242798,False
SLBT,2026-06-16,VAL 2022-26,11.210000038146973,11.210000038146973,11.21,11.21,False
SLDB,2020-10-01,DEV 2015-21,5.21000010172526,5.21000010172526,,5.21000010172526,False
SLDB,2021-06-09,DEV 2015-21,4.88999989827474,4.8899998982747395,,4.88999989827474,False
SLDB,2025-02-10,VAL 2022-26,3.630000114440918,3.630000114440918,3.63,3.63,False
SLDB,2025-02-18,VAL 2022-26,6.679999828338623,6.679999828338623,6.68,6.68,False
SLDP,2024-12-27,VAL 2022-26,2.6700000762939453,2.6700000762939453,2.67,2.67,False
SLE,2020-01-14,DEV 2015-21,4.23,4.23,,4.23,False
SLE,2020-04-06,DEV 2015-21,3.730000000000001,3.730000000000001,,3.730000000000001,False
SLE,2020-04-07,DEV 2015-21,3.8000000000000007,3.8000000000000007,,3.8000000000000007,False
SLE,2020-05-13,DEV 2015-21,5.730000000000001,5.730000000000001,,5.730000000000001,False
SLE,2021-03-03,DEV 2015-21,5.920000000000001,5.920000000000001,,5.920000000000001,False
SLE,2023-04-18,VAL 2022-26,0.6779999796549481,0.6779999796549481,,0.6779999796549481,False
SLE,2023-09-11,VAL 2022-26,4.08000005086263,4.08000005086263,,4.08000005086263,False
SLE,2023-09-13,VAL 2022-26,2.45,2.45,,2.45,False
SLE,2025-09-23,VAL 2022-26,7.719999949137369,7.719999949137369,7.72,7.72,False
SLE,2026-01-23,VAL 2022-26,7.980000019073486,7.980000019073486,,7.980000019073486,False
SLE,2026-05-15,VAL 2022-26,6.659999847412109,6.659999847412109,6.66,6.66,False
SLE,2026-08-17,VAL 2022-26,3.065000057220459,3.065000057220459,,3.065000057220459,False
SLE,2026-08-18,VAL 2022-26,6.21999979019165,6.21999979019165,6.22,6.22,False
SLGB,2025-12-31,VAL 2022-26,1.3700000047683716,1.3700000047683716,1.37,1.37,False
SLGB,2026-01-21,VAL 2022-26,3.5799999237060547,3.5799999237060547,3.58,3.58,False
SLGB,2026-06-09,VAL 2022-26,1.2000000476837158,1.2000000476837158,1.2,1.2,False
SLGB,2026-07-21,VAL 2022-26,1.1200000047683716,1.1200000047683716,1.12,1.12,False
SLGB,2026-08-07,VAL 2022-26,0.7649999856948853,0.7649999856948853,,0.7649999856948853,False
SLGL,2019-12-30,DEV 2015-21,20.93000030517578,20.93000030517578,,20.93000030517578,False
SLGL,2019-12-31,DEV 2015-21,17.889999389648438,17.889999389648438,,17.889999389648438,False
SLMT,2023-06-06,VAL 2022-26,3.0000000000000004,3.0000000000000004,,3.0000000000000004,False
SLMT,2024-02-14,VAL 2022-26,2.9200000000000004,2.9200000000000004,,2.9200000000000004,False
SLMT,2024-03-07,VAL 2022-26,2.2100000000000004,2.2100000000000004,,2.2100000000000004,False
SLMT,2024-10-17,VAL 2022-26,1.2300000000000002,1.2300000000000002,,1.2300000000000002,False
SLMT,2025-02-25,VAL 2022-26,1.0000000000000002,1.0000000000000002,,1.0000000000000002,False
SLN,2026-08-10,VAL 2022-26,16.700000762939453,16.700000762939453,,16.700000762939453,False
SLND,2026-07-17,VAL 2022-26,1.1449999809265137,1.1449999809265137,1.145,1.145,False
SLNG,2016-08-15,DEV 2015-21,3.490000009536743,27.920000076293945,,,True
SLNG,2018-06-04,DEV 2015-21,1.0099999904632568,8.079999923706055,,,True
SLNG,2018-06-20,DEV 2015-21,1.4900000095367432,11.920000076293944,,,True
SLNG,2018-12-03,DEV 2015-21,1.059999942779541,8.479999542236328,,,True
SLNH,2024-05-08,VAL 2022-26,3.039999961853028,3.039999961853028,,3.039999961853028,False
SLNH,2026-04-14,VAL 2022-26,1.159999966621399,1.159999966621399,,1.159999966621399,False
SLQT,2023-02-07,VAL 2022-26,1.0399999618530271,1.0399999618530271,,1.0399999618530271,False
SLQT,2025-02-11,VAL 2022-26,5.639999866485596,5.639999866485596,5.64,5.64,False
SLQT,2025-08-21,VAL 2022-26,2.2300000190734863,2.2300000190734863,2.23,2.23,False
SLQT,2026-05-05,VAL 2022-26,0.9810000061988832,0.9810000061988832,,0.9810000061988832,False
SLS,2016-12-28,DEV 2015-21,2.4,72.0,,,True
SLS,2017-02-06,DEV 2015-21,2.14,64.2,,,True
SLS,2018-04-02,DEV 2015-21,5.6000000000000005,5.6000000000000005,,5.6000000000000005,False
SLS,2018-06-01,DEV 2015-21,6.6000000000000005,6.6000000000000005,,6.6000000000000005,False
SLS,2018-07-20,DEV 2015-21,1.85,1.85,,1.85,False
SLS,2018-11-01,DEV 2015-21,1.47,1.47,,1.47,False
SLS,2018-11-09,DEV 2015-21,2.26,2.2600000000000002,,2.26,False
SLS,2019-06-03,DEV 2015-21,0.74,0.74,,0.74,False
SLS,2019-07-03,DEV 2015-21,0.21,0.21,,0.21,False
SLS,2020-02-26,DEV 2015-21,2.539999961853028,2.539999961853028,,2.539999961853028,False
SLS,2020-12-10,DEV 2015-21,9.109999656677246,9.109999656677246,,9.109999656677246,False
SLS,2021-02-03,DEV 2015-21,11.75,11.75,,11.75,False
SLXN,2024-09-10,VAL 2022-26,1.4,0.15555555555555556,,,True
SLXN,2024-10-01,VAL 2022-26,0.7210000101725261,0.08011111224139178,0.721,0.721,False
SLXN,2024-11-20,VAL 2022-26,0.376999994913737,0.04188888832374855,0.3765,0.3765,False
SLXN,2025-01-28,VAL 2022-26,1.2100000000000002,1.2100000000000002,1.21,1.21,False
SLXN,2025-01-29,VAL 2022-26,2.17,2.17,2.17,2.17,False
SLXN,2025-03-05,VAL 2022-26,1.56,1.56,1.56,1.56,False
SLXN,2025-09-11,VAL 2022-26,6.159999847412109,6.159999847412109,6.16,6.16,False
SLXN,2026-05-20,VAL 2022-26,6.300000190734863,0.6300000190734864,0.6299,0.6299,False
SMC,2020-11-06,DEV 2015-21,15.149999618530272,15.149999618530272,,15.149999618530272,False
SMC,2021-01-13,DEV 2015-21,19.280000686645508,19.280000686645508,,19.280000686645508,False
SMC,2024-03-22,VAL 2022-26,25.790000915527344,25.790000915527344,,25.790000915527344,False
SMHI,2020-06-05,DEV 2015-21,2.990000009536743,2.990000009536743,,2.990000009536743,False
SMJF,2026-02-26,VAL 2022-26,2.440000057220459,2.440000057220459,,2.440000057220459,False
SMMT,2016-09-26,DEV 2015-21,11.100000381469728,11.100000381469728,,11.100000381469728,False
SMMT,2016-10-04,DEV 2015-21,16.0,16.0,,16.0,False
SMMT,2018-01-25,DEV 2015-21,15.899999618530272,15.899999618530272,,15.899999618530272,False
SMMT,2018-08-16,DEV 2015-21,2.4800000190734863,2.4800000190734863,,2.4800000190734863,False
SMMT,2022-08-19,VAL 2022-26,1.2999999523162842,1.2999999523162842,,1.2999999523162842,False
SMMT,2022-08-22,VAL 2022-26,1.440000057220459,1.440000057220459,,1.440000057220459,False
SMMT,2022-12-06,VAL 2022-26,1.3200000524520874,1.3200000524520874,,1.3200000524520874,False
SMSI,2019-03-14,DEV 2015-21,2.4000000000000004,2.4000000000000004,,2.4000000000000004,False
SMSI,2019-07-26,DEV 2015-21,4.75,4.75,,4.75,False
SMSI,2024-09-17,VAL 2022-26,0.8500000000000001,0.8500000000000001,,0.8500000000000001,False
SMTI,2026-05-12,VAL 2022-26,22.15999984741211,22.15999984741211,,22.15999984741211,False
SMTK,2024-11-25,VAL 2022-26,3.91,3.91,3.91,3.91,False
SMTK,2024-11-26,VAL 2022-26,7.66,7.66,7.66,7.66,False
SMTK,2025-10-07,VAL 2022-26,3.65,3.65,,3.65,False
SMTK,2026-06-05,VAL 2022-26,0.5929999923706055,0.5929999923706055,0.593,0.593,False
SMTK,2026-06-08,VAL 2022-26,0.6190000152587891,0.6190000152587891,0.6193,0.6193,False
SMTK,2026-08-26,VAL 2022-26,4.449999809265137,4.449999809265137,,4.449999809265137,False
SMX,2023-07-19,VAL 2022-26,0.2260000018176859,0.0014406763044107734,,,True
SMX,2023-10-10,VAL 2022-26,3.2699999539810505,0.02084518323555231,,,True
SMX,2024-02-07,VAL 2022-26,0.4400000058649103,0.0028048565366895098,,,True
SMX,2024-06-20,VAL 2022-26,0.1619999997698627,0.0010326971641852782,,,True
SMX,2024-08-06,VAL 2022-26,4.449999941707831,0.028367298314535196,,,True
SMX,2024-09-10,VAL 2022-26,4.249999916640489,0.02709236338232878,,,True
SMX,2024-09-13,VAL 2022-26,3.359999989902976,0.021418904112127494,,,True
SMX,2024-12-06,VAL 2022-26,0.5300000048244037,0.0033785771776412457,0.53,0.53,False
SMX,2025-04-17,VAL 2022-26,2.1599999770079705,0.013734872156975686,2.16,2.16,False
SMX,2025-07-28,VAL 2022-26,2.8500000966328125,0.01805534868423289,2.85,2.85,False
SMX,2025-08-29,VAL 2022-26,2.095000050309448,0.013272264954135526,2.095,2.095,False
SMX,2025-11-05,VAL 2022-26,2.1200000341415404,0.013321343553405363,2.12,2.12,False
SMXT,2025-08-05,VAL 2022-26,1.6000000635782876,1.6000000635782876,1.6,1.6,False
SMXT,2026-01-05,VAL 2022-26,1.1500000158945718,1.1500000158945718,,1.1500000158945718,False
SNAL,2023-07-13,VAL 2022-26,2.120000076293945,2.120000076293946,,2.120000076293945,False
SNAL,2024-10-04,VAL 2022-26,0.8890000343322755,0.8890000343322755,0.889,0.889,False
SNAL,2026-04-14,VAL 2022-26,0.7699999809265137,0.7699999809265137,0.7703,0.7703,False
SNAL,2026-05-14,VAL 2022-26,1.3949999809265137,1.3949999809265137,1.395,1.395,False
SND,2018-11-08,DEV 2015-21,3.4800000190734863,3.4800000190734863,,3.4800000190734863,False
SNDL,2020-11-03,DEV 2015-21,0.2019999980926513,0.20199999809265137,,0.2019999980926513,False
SNDL,2020-11-06,DEV 2015-21,0.2799999952316284,0.27999999523162844,,0.2799999952316284,False
SNDL,2020-11-09,DEV 2015-21,0.5889999866485596,0.5889999866485596,,0.5889999866485596,False
SNDL,2025-07-31,VAL 2022-26,1.7899999618530271,1.7899999618530271,1.79,1.79,False
SNDX,2020-01-31,DEV 2015-21,8.170000076293945,8.170000076293945,,8.170000076293945,False
SNDX,2020-04-28,DEV 2015-21,14.25,14.25,,14.25,False
SNES,2018-05-21,DEV 2015-21,0.4000000000000001,0.8000000000000003,,,True
SNES,2018-05-22,DEV 2015-21,1.5300000000000005,3.060000000000001,,,True
SNES,2018-05-23,DEV 2015-21,1.5900000000000003,3.180000000000001,,,True
SNES,2021-03-19,DEV 2015-21,3.04,6.08,,,True
SNES,2022-10-19,VAL 2022-26,0.35,0.35000000000000003,,0.35,False
SNES,2023-04-05,VAL 2022-26,1.85,1.8499999999999999,,1.85,False
SNES,2023-11-13,VAL 2022-26,3.888000106811524,0.32400000890096026,,,True
SNES,2023-12-14,VAL 2022-26,0.6800000190734864,0.6800000190734864,,0.6800000190734864,False
SNES,2023-12-28,VAL 2022-26,1.55,1.55,,1.55,False
SNGX,2017-04-19,DEV 2015-21,4.0,4.004,,4.0,False
SNGX,2019-01-23,DEV 2015-21,1.3,1.3013,,1.3,False
SNGX,2020-03-19,DEV 2015-21,1.9,1.9018999999999997,,1.9,False
SNGX,2020-03-23,DEV 2015-21,2.01999994913737,2.022019949086507,,2.01999994913737,False
SNGX,2020-04-16,DEV 2015-21,2.040000025431315,2.042040025456746,,2.040000025431315,False
SNGX,2020-04-30,DEV 2015-21,1.8900000254313152,1.8918900254567461,,1.8900000254313152,False
SNGX,2020-07-28,DEV 2015-21,2.85,2.8528499999999997,,2.85,False
SNGX,2023-05-04,VAL 2022-26,3.559999942779541,3.559999942779541,,3.559999942779541,False
SNGX,2023-11-30,VAL 2022-26,0.550000011920929,0.550000011920929,,0.550000011920929,False
SNGX,2024-01-02,VAL 2022-26,1.0199999809265137,1.0199999809265137,,1.0199999809265137,False
SNGX,2024-04-15,VAL 2022-26,0.6800000071525574,0.6800000071525574,,0.6800000071525574,False
SNGX,2024-07-09,VAL 2022-26,6.420000076293945,6.420000076293945,,6.420000076293945,False
SNGX,2025-07-31,VAL 2022-26,1.8899999856948853,1.8899999856948853,1.89,1.89,False
SNGX,2026-05-27,VAL 2022-26,0.9900000095367432,0.9900000095367432,0.9863,0.9863,False
SNOA,2015-12-17,DEV 2015-21,1.35,1.35,,1.35,False
SNOA,2016-04-20,DEV 2015-21,1.18,1.18,,1.18,False
SNOA,2016-11-01,DEV 2015-21,5.55,5.55,,5.55,False
SNOA,2018-04-05,DEV 2015-21,4.70999993218316,4.70999993218316,,4.70999993218316,False
SNOA,2020-05-29,DEV 2015-21,13.1,13.100000000000001,,13.1,False
SNOA,2020-07-29,DEV 2015-21,11.4,11.4,,11.4,False
SNOA,2020-12-11,DEV 2015-21,13.110000610351562,13.110000610351562,,13.110000610351562,False
SNOA,2021-04-01,DEV 2015-21,9.390000152587891,9.390000152587891,,9.390000152587891,False
SNOA,2021-08-19,DEV 2015-21,11.09000015258789,11.09000015258789,,11.09000015258789,False
SNOA,2021-09-28,DEV 2015-21,8.55999984741211,8.55999984741211,,8.55999984741211,False
SNOA,2022-03-30,VAL 2022-26,4.070000076293946,4.070000076293946,,4.070000076293946,False
SNOA,2022-05-03,VAL 2022-26,3.9700000762939456,3.9700000762939456,,3.9700000762939456,False
SNOA,2023-01-25,VAL 2022-26,1.9899999618530275,1.9899999618530275,,1.9899999618530275,False
SNOA,2023-06-09,VAL 2022-26,1.4300000190734865,1.4300000190734865,,1.4300000190734865,False
SNOA,2024-06-18,VAL 2022-26,0.2700000047683716,0.2700000047683716,,0.2700000047683716,False
SNOA,2024-11-19,VAL 2022-26,3.289999961853028,3.289999961853028,3.29,3.29,False
SNOA,2025-03-11,VAL 2022-26,4.309999942779541,4.309999942779541,4.31,4.31,False
SNOA,2025-04-23,VAL 2022-26,4.099999904632568,4.099999904632568,4.1,4.1,False
SNOA,2025-08-14,VAL 2022-26,5.630000114440918,5.630000114440918,5.63,5.63,False
SNTG,2022-03-11,VAL 2022-26,1.5399999618530271,1.5399999618530273,,1.5399999618530271,False
SNTG,2022-11-04,VAL 2022-26,4.689000129699707,4.689000129699707,,4.689000129699707,False
SNTG,2023-05-01,VAL 2022-26,3.450000047683716,3.450000047683716,,3.450000047683716,False
SNTG,2023-05-03,VAL 2022-26,4.019999980926514,4.019999980926514,,4.019999980926514,False
SNTG,2023-12-29,VAL 2022-26,2.240000009536743,2.240000009536743,,2.240000009536743,False
SNTG,2024-01-09,VAL 2022-26,4.550000190734863,4.550000190734863,,4.550000190734863,False
SNTG,2024-02-14,VAL 2022-26,2.8399999141693115,2.8399999141693115,,2.8399999141693115,False
SNTG,2024-07-12,VAL 2022-26,2.8399999141693115,2.8399999141693115,,2.8399999141693115,False
SNTG,2025-08-28,VAL 2022-26,2.0,2.0,,2.0,False
SNTG,2025-09-04,VAL 2022-26,2.5799999237060547,2.5799999237060547,2.58,2.58,False
SNTI,2022-09-19,VAL 2022-26,2.1899999618530277,2.1899999618530277,,2.1899999618530277,False
SNTI,2023-11-07,VAL 2022-26,0.5960000038146973,0.5960000038146973,,0.5960000038146973,False
SNTI,2023-12-22,VAL 2022-26,0.5619999885559083,0.5619999885559083,,0.5619999885559083,False
SNTI,2024-06-25,VAL 2022-26,0.3210000038146973,0.3210000038146973,,0.3210000038146973,False
SNTI,2024-07-01,VAL 2022-26,3.539999961853028,0.3539999961853028,,,True
SNTI,2024-12-02,VAL 2022-26,7.090000152587891,7.090000152587891,7.09,7.09,False
SOAR,2023-12-05,VAL 2022-26,13.749999453125,12.2113671875,,,True
SOAR,2023-12-08,VAL 2022-26,7.520000346679687,6.6785083007812505,,,True
SOAR,2024-07-23,VAL 2022-26,0.7499999998474121,0.6660746002197265,,,True
SOAR,2024-11-19,VAL 2022-26,0.5499999970245361,0.488454704284668,0.55,0.55,False
SOAR,2024-12-03,VAL 2022-26,0.4000000056457519,0.35523979187011717,0.4001,0.4001,False
SOAR,2025-06-03,VAL 2022-26,3.219999609470367,2.859679937362671,3.22,3.22,False
SOAR,2025-06-12,VAL 2022-26,3.375000235557556,2.997335910797119,3.375,3.375,False
SOAR,2025-07-29,VAL 2022-26,2.160000199079513,1.9182950258255005,2.16,2.16,False
SOAR,2026-02-03,VAL 2022-26,0.8019999861717224,0.8019999861717224,,0.8019999861717224,False
SOAR,2026-03-10,VAL 2022-26,0.4000000059604645,0.4000000059604645,,0.4000000059604645,False
SOAR,2026-06-01,VAL 2022-26,0.421999990940094,0.421999990940094,0.4215,0.4215,False
SOAR,2026-06-02,VAL 2022-26,0.3499999940395355,0.3499999940395355,,0.3499999940395355,False
SOAR,2026-08-10,VAL 2022-26,0.1659999936819076,0.1659999936819076,,0.1659999936819076,False
SOAR,2026-08-26,VAL 2022-26,0.2529999911785126,0.2529999911785126,0.2531,0.2531,False
SOGP,2020-10-12,DEV 2015-21,3.929999923706055,39.29999923706055,,,True
SOGP,2020-12-03,DEV 2015-21,4.39000015258789,43.900001525878906,,,True
SOGP,2021-02-02,DEV 2015-21,4.420000076293945,44.20000076293945,,,True
SOGP,2021-02-03,DEV 2015-21,6.512000274658203,65.12000274658203,,,True
SOGP,2022-03-16,VAL 2022-26,1.1699999809265138,11.699999809265137,,,True
SOGP,2024-02-21,VAL 2022-26,4.679999828338623,4.679999828338623,,4.679999828338623,False
SOGP,2025-06-09,VAL 2022-26,1.659999966621399,1.659999966621399,1.66,1.66,False
SOGP,2025-08-28,VAL 2022-26,4.650000095367432,4.650000095367432,4.65,4.65,False
SOGP,2026-01-12,VAL 2022-26,15.4350004196167,15.4350004196167,,15.4350004196167,False
SOGP,2026-03-31,VAL 2022-26,21.75,21.75,,21.75,False
SONM,2020-04-01,DEV 2015-21,1.0100000000000002,1.0100000000000002,,1.0100000000000002,False
SONM,2020-05-21,DEV 2015-21,1.3200000000000005,1.3200000000000003,,1.3200000000000005,False
SONM,2021-06-08,DEV 2015-21,0.7010000271267363,0.7010000271267363,,0.7010000271267363,False
SONM,2021-10-25,DEV 2015-21,3.04000006781684,3.04000006781684,,3.04000006781684,False
SONM,2022-05-05,VAL 2022-26,0.8310000101725261,0.8310000101725261,,0.8310000101725261,False
SONM,2022-06-14,VAL 2022-26,0.693999989827474,0.693999989827474,,0.693999989827474,False
SONM,2022-07-15,VAL 2022-26,0.75,0.75,,0.75,False
SONM,2025-04-01,VAL 2022-26,2.5799999237060547,2.5799999237060542,2.58,2.58,False
SONM,2025-06-16,VAL 2022-26,1.53000005086263,1.5300000508626301,1.53,1.53,False
SONM,2025-06-25,VAL 2022-26,1.5750000211927624,1.5750000211927624,1.575,1.575,False
SONM,2026-01-20,VAL 2022-26,5.730000019073486,5.730000019073486,,5.730000019073486,False
SORA,2025-05-16,VAL 2022-26,10.729999542236328,10.729999542236328,,10.729999542236328,False
SORA,2025-11-05,VAL 2022-26,3.869999885559082,3.869999885559082,3.87,3.87,False
SOS,2019-05-28,DEV 2015-21,0.495,0.49500000000000005,,0.495,False
SOS,2019-12-26,DEV 2015-21,3.43,3.4299999999999997,,3.43,False
SOS,2020-05-06,DEV 2015-21,2.05,2.05,,2.05,False
SOS,2020-07-29,DEV 2015-21,2.797,2.7969999999999997,,2.797,False
SOS,2021-01-07,DEV 2015-21,3.06,3.06,,3.06,False
SOS,2024-11-27,VAL 2022-26,9.420000076293944,9.420000076293944,9.42,9.42,False
SOS,2024-11-29,VAL 2022-26,12.75,12.75,12.75,12.75,False
SOS,2025-09-09,VAL 2022-26,1.5499999523162842,1.5499999523162842,1.5499,1.5499,False
SOUN,2022-11-11,VAL 2022-26,2.3299999237060547,2.3299999237060547,,2.3299999237060547,False
SOUN,2023-02-06,VAL 2022-26,3.5999999046325684,3.5999999046325684,,3.5999999046325684,False
SOWG,2025-07-25,VAL 2022-26,1.6400000254313152,1.6400000254313152,1.64,1.64,False
SOWG,2026-01-05,VAL 2022-26,0.4299999872843424,0.42999998728434247,,0.4299999872843424,False
SOWG,2026-01-16,VAL 2022-26,1.0,1.0,,1.0,False
SPAI,2024-09-26,VAL 2022-26,3.380000114440918,3.380000114440918,,3.380000114440918,False
SPAI,2024-11-20,VAL 2022-26,2.880000114440918,2.880000114440918,2.88,2.88,False
SPAI,2024-11-21,VAL 2022-26,6.177000045776367,6.177000045776367,6.1767,6.1767,False
SPAI,2025-12-18,VAL 2022-26,3.940000057220459,3.940000057220459,3.94,3.94,False
SPCB,2017-10-30,DEV 2015-21,3.500000000000001,3.500000000000001,,3.500000000000001,False
SPCB,2018-01-08,DEV 2015-21,4.730000000000001,4.730000000000001,,4.730000000000001,False
SPCB,2020-03-19,DEV 2015-21,0.4300000000000001,0.4300000000000001,,0.4300000000000001,False
SPCB,2020-03-30,DEV 2015-21,1.0000000000000002,1.0000000000000002,,1.0000000000000002,False
SPCB,2020-06-08,DEV 2015-21,2.3100000000000005,2.3100000000000005,,2.3100000000000005,False
SPCB,2020-11-30,DEV 2015-21,1.5800000000000003,1.5800000000000003,,1.5800000000000003,False
SPCB,2021-02-05,DEV 2015-21,1.7900000000000005,1.7900000000000003,,1.7900000000000005,False
SPCB,2021-03-19,DEV 2015-21,2.9400000000000004,2.9400000000000004,,2.9400000000000004,False
SPCB,2022-08-24,VAL 2022-26,0.4000000000000001,0.4000000000000001,,0.4000000000000001,False
SPCB,2023-10-10,VAL 2022-26,0.7099999904632569,0.7099999904632569,,0.7099999904632569,False
SPCB,2023-11-14,VAL 2022-26,0.45,0.45,,0.45,False
SPCB,2024-02-12,VAL 2022-26,0.25,0.25,,0.25,False
SPCB,2024-04-05,VAL 2022-26,0.2799999952316284,0.27999999523162844,,0.2799999952316284,False
SPCB,2024-04-15,VAL 2022-26,0.3599999904632568,0.35999999046325687,,0.3599999904632568,False
SPCB,2024-04-22,VAL 2022-26,0.3,0.30000000000000004,,0.3,False
SPCB,2024-05-15,VAL 2022-26,0.2700000047683716,0.2700000047683716,,0.2700000047683716,False
SPCB,2024-08-15,VAL 2022-26,5.400000095367432,0.2700000047683716,,,True
SPCB,2025-01-03,VAL 2022-26,9.3100004196167,9.3100004196167,9.31,9.31,False
SPHL,2025-03-12,VAL 2022-26,7.21999979019165,7.21999979019165,7.22,7.22,False
SPHL,2025-05-02,VAL 2022-26,0.5910000205039978,0.5910000205039978,0.5912,0.5912,False
SPHL,2025-09-10,VAL 2022-26,0.6380000114440918,0.6380000114440918,0.6379,0.6379,False
SPHL,2026-01-15,VAL 2022-26,7.820000171661377,7.820000171661377,7.82,7.82,False
SPHL,2026-07-06,VAL 2022-26,3.4600000381469727,3.4600000381469727,,3.4600000381469727,False
SPHL,2026-09-24,VAL 2022-26,2.9800000190734863,2.9800000190734863,,2.9800000190734863,False
SPIR,2021-09-16,DEV 2015-21,12.130000114440918,12.130000114440918,,12.130000114440918,False
SPIR,2025-04-08,VAL 2022-26,9.350000381469728,9.350000381469728,9.35,9.35,False
SPRB,2022-06-02,VAL 2022-26,1.7900000000000005,134.25,,,True
SPRB,2023-01-06,VAL 2022-26,3.170000000000001,237.75000000000003,,,True
SPRB,2025-10-06,VAL 2022-26,34.77000045776367,34.77000045776367,34.77,34.77,False
SPRC,2022-03-25,VAL 2022-26,5.869999936406186,5.869999936406186,,5.869999936406186,False
SPRC,2022-05-24,VAL 2022-26,2.5,2.5,,2.5,False
SPRC,2022-05-26,VAL 2022-26,3.059999968203093,3.059999968203093,,3.059999968203093,False
SPRC,2022-08-24,VAL 2022-26,1.2300000437207468,1.2300000437207468,,1.2300000437207468,False
SPRC,2022-09-14,VAL 2022-26,1.0999999801269331,1.0999999801269331,,1.0999999801269331,False
SPRC,2022-11-07,VAL 2022-26,1.58000002384768,1.5800000238476801,,1.58000002384768,False
SPRC,2023-02-17,VAL 2022-26,1.33000002384768,1.3300000238476801,,1.33000002384768,False
SPRC,2023-08-09,VAL 2022-26,0.6100000079492267,0.6100000079492267,,0.6100000079492267,False
SPRC,2023-09-27,VAL 2022-26,6.447999984499008,0.24799999940380799,,,True
SPRC,2023-10-03,VAL 2022-26,6.729999844990079,6.729999844990079,,6.729999844990079,False
SPRC,2023-10-17,VAL 2022-26,7.697999984499008,7.697999984499008,,7.697999984499008,False
SPRC,2023-10-31,VAL 2022-26,6.180000103339947,6.180000103339947,,6.180000103339947,False
SPRC,2023-11-15,VAL 2022-26,7.209999689980158,7.209999689980158,,7.209999689980158,False
SPRC,2024-01-24,VAL 2022-26,5.610000206679894,5.610000206679894,,5.610000206679894,False
SPRC,2024-02-20,VAL 2022-26,6.450000258349867,6.450000258349867,,6.450000258349867,False
SPRC,2024-08-15,VAL 2022-26,0.5169999864366319,0.5169999864366319,,0.5169999864366319,False
SPRC,2024-12-26,VAL 2022-26,0.7939999696438905,0.7939999696438905,0.7939,0.7939,False
SPRC,2025-01-06,VAL 2022-26,0.986999996124752,0.9869999961247516,0.9872,0.9872,False
SPRC,2025-03-10,VAL 2022-26,0.4650000113028066,0.46500001130280666,0.4647,0.4647,False
SPRC,2025-05-05,VAL 2022-26,0.3819999896660053,0.3819999896660053,0.3816,0.3816,False
SPRC,2025-09-17,VAL 2022-26,3.7399999830457897,3.7399999830457897,3.74,3.74,False
SPRC,2025-11-26,VAL 2022-26,3.01000001695421,3.01000001695421,3.01,3.01,False
SPRC,2026-04-21,VAL 2022-26,6.079999923706055,6.079999923706055,,6.079999923706055,False
SPRC,2026-05-28,VAL 2022-26,13.25,13.25,13.25,13.25,False
SPRC,2026-06-04,VAL 2022-26,13.550000190734863,13.550000190734863,,13.550000190734863,False
SPRO,2018-06-19,DEV 2015-21,13.75,13.75,,13.75,False
SPRO,2022-09-22,VAL 2022-26,2.039999961853028,2.039999961853028,,2.039999961853028,False
SPRO,2023-08-30,VAL 2022-26,1.659999966621399,1.659999966621399,,1.659999966621399,False
SPRO,2025-05-28,VAL 2022-26,2.059999942779541,2.059999942779541,2.06,2.06,False
SPRU,2025-08-08,VAL 2022-26,1.6299999952316284,1.6299999952316284,1.63,1.63,False
SPRY,2023-05-12,VAL 2022-26,6.960000038146973,6.960000038146973,,6.960000038146973,False
SPWH,2020-12-22,DEV 2015-21,17.31999969482422,17.31999969482422,,17.31999969482422,False
SPWH,2025-04-02,VAL 2022-26,1.3899999856948853,1.3899999856948853,1.39,1.39,False
SPWR,2024-04-22,VAL 2022-26,0.550000011920929,0.550000011920929,,0.550000011920929,False
SPWR,2024-07-01,VAL 2022-26,2.130000114440918,2.130000114440918,,2.130000114440918,False
SPWR,2025-10-21,VAL 2022-26,2.259999990463257,2.259999990463257,2.26,2.26,False
SQFT,2020-12-18,DEV 2015-21,5.1000000000000005,10.200000000000001,,,True
SQFT,2025-07-14,VAL 2022-26,10.899999618530272,10.899999618530272,10.9,10.9,False
SQFT,2025-09-17,VAL 2022-26,8.430000305175781,8.430000305175781,8.43,8.43,False
SQFT,2026-04-10,VAL 2022-26,4.110000133514404,4.110000133514404,,4.110000133514404,False
SQNS,2023-08-07,VAL 2022-26,2.8100000000000005,2.8100000000000005,,2.8100000000000005,False
SQNS,2024-08-23,VAL 2022-26,1.5800000000000003,1.5800000000000003,,1.5800000000000003,False
SQNS,2025-07-08,VAL 2022-26,2.0,2.0,1.995,1.995,False
SRFM,2024-10-07,VAL 2022-26,2.3499999046325684,2.3499999046325684,2.35,2.35,False
SRFM,2025-06-24,VAL 2022-26,2.299999952316284,2.299999952316284,2.3,2.3,False
SRFM,2025-06-25,VAL 2022-26,4.400000095367432,4.400000095367432,4.4,4.4,False
SRFM,2026-06-29,VAL 2022-26,1.1950000524520874,1.1950000524520874,,1.1950000524520874,False
SRG,2020-11-09,DEV 2015-21,14.31999969482422,14.31999969482422,,14.31999969482422,False
SRG,2022-07-08,VAL 2022-26,9.109999656677246,9.109999656677246,,9.109999656677246,False
SRPT,2015-05-20,DEV 2015-21,23.280000686645508,23.280000686645508,,23.280000686645508,False
SRRK,2020-10-27,DEV 2015-21,17.25,17.25,,17.25,False
SRRK,2024-10-07,VAL 2022-26,26.34000015258789,26.34000015258789,26.34,26.34,False
SRTA,2023-11-08,VAL 2022-26,2.7699999809265137,2.7699999809265137,,2.7699999809265137,False
SRTA,2025-08-04,VAL 2022-26,4.920000076293945,4.920000076293945,,4.920000076293945,False
SRTS,2024-01-23,VAL 2022-26,3.299999952316284,3.299999952316284,,3.299999952316284,False
SRTS,2024-05-10,VAL 2022-26,4.820000171661377,4.820000171661377,,4.820000171661377,False
SRXH,2023-10-05,VAL 2022-26,0.225,6.666666666666667,,,True
SRXH,2024-02-20,VAL 2022-26,0.2849999942779541,8.444444274902343,,,True
SRXH,2024-04-16,VAL 2022-26,6.940000305175782,5.140740966796875,,,True
SRXH,2024-05-24,VAL 2022-26,6.7199997711181645,4.977777608235677,,,True
SRXH,2025-05-09,VAL 2022-26,1.25,1.25,1.25,1.25,False
SRXH,2025-08-15,VAL 2022-26,0.3869999885559082,0.3869999885559081,0.3872,0.3872,False
SRXH,2025-12-16,VAL 2022-26,0.7099999745686849,0.7099999745686848,0.7101,0.7101,False
SRZN,2022-12-15,VAL 2022-26,0.6,0.6,,0.6,False
SRZN,2026-09-24,VAL 2022-26,30.559999465942383,30.559999465942383,30.56,30.56,False
SSII,2025-04-25,VAL 2022-26,15.5,15.5,,15.5,False
SSM,2025-09-05,VAL 2022-26,22.0,22.0,,22.0,False
SSM,2026-05-04,VAL 2022-26,7.360000133514404,7.360000133514404,,7.360000133514404,False
SSM,2026-09-01,VAL 2022-26,3.75,3.75,,3.75,False
SSM,2026-09-18,VAL 2022-26,2.4100000858306885,2.4100000858306885,2.41,2.41,False
SSP,2020-09-24,DEV 2015-21,13.900000247955322,10.451128005981444,,,True
SSP,2025-03-12,VAL 2022-26,1.8099995958805088,1.360901951789856,1.81,1.81,False
SSP,2025-11-17,VAL 2022-26,3.689999876022339,2.7744359970092773,3.69,3.69,False
SSTI,2020-02-19,DEV 2015-21,37.93999862670898,37.93999862670898,,37.93999862670898,False
SSTK,2025-01-07,VAL 2022-26,37.040000915527344,37.040000915527344,37.04,37.04,False
SSYS,2024-11-13,VAL 2022-26,10.300000190734863,10.300000190734863,10.3,10.3,False
STAA,2025-08-05,VAL 2022-26,26.770000457763672,26.770000457763672,26.77,26.77,False
STAK,2025-06-16,VAL 2022-26,3.740000009536743,3.740000009536743,3.74,3.74,False
STAK,2025-09-30,VAL 2022-26,1.0,1.0,1.0,1.0,False
STAK,2026-06-02,VAL 2022-26,1.2000000476837158,1.2000000476837158,,1.2000000476837158,False
STEM,2020-12-04,DEV 2015-21,13.23999938964844,13.239999389648439,,13.23999938964844,False
STEM,2024-12-30,VAL 2022-26,0.8109999656677247,0.8109999656677247,0.8112,0.8112,False
STEM,2026-03-05,VAL 2022-26,12.173999786376951,12.173999786376951,,12.173999786376951,False
STEX,2020-03-26,DEV 2015-21,4.75,47.5,,,True
STEX,2024-10-23,VAL 2022-26,1.100000023841858,1.100000023841858,,1.100000023841858,False
STFS,2026-07-29,VAL 2022-26,4.909999847412109,4.909999847412109,,4.909999847412109,False
STG,2021-02-05,DEV 2015-21,2.37,2.37,,2.37,False
STG,2026-05-29,VAL 2022-26,5.159999847412109,5.159999847412109,5.16,5.16,False
STGW,2017-02-15,DEV 2015-21,8.25,8.25,,8.25,False
STGW,2019-03-15,DEV 2015-21,2.450000047683716,2.450000047683716,,2.450000047683716,False
STGW,2020-06-26,DEV 2015-21,2.7699999809265137,2.7699999809265137,,2.7699999809265137,False
STGW,2025-11-06,VAL 2022-26,6.690000057220459,6.690000057220459,6.685,6.685,False
STGW,2026-03-10,VAL 2022-26,6.460000038146973,6.460000038146973,,6.460000038146973,False
STI,2024-03-18,VAL 2022-26,3.25,3.25,,3.25,False
STI,2024-10-30,VAL 2022-26,0.6569999694824219,0.6569999694824219,0.6572,0.6572,False
STI,2024-11-15,VAL 2022-26,0.439000015258789,0.43900001525878907,0.4387,0.4387,False
STI,2024-12-27,VAL 2022-26,0.5470000076293945,0.5470000076293945,0.547,0.547,False
STI,2024-12-30,VAL 2022-26,0.93,0.93,0.9298,0.9298,False
STI,2025-03-12,VAL 2022-26,0.1870000076293945,0.18700000762939456,0.187,0.187,False
STI,2025-05-08,VAL 2022-26,7.25,0.145,0.1448,0.1448,False
STI,2025-09-03,VAL 2022-26,7.489999771118164,7.489999771118164,7.49,7.49,False
STI,2025-10-13,VAL 2022-26,11.59000015258789,11.59000015258789,11.59,11.59,False
STI,2026-06-04,VAL 2022-26,24.770000457763672,24.770000457763672,24.77,24.77,False
STIM,2020-06-23,DEV 2015-21,2.130000114440918,2.130000114440918,,2.130000114440918,False
STIM,2021-01-13,DEV 2015-21,14.130000114440918,14.130000114440918,,14.130000114440918,False
STIM,2022-07-19,VAL 2022-26,4.389999866485596,4.389999866485596,,4.389999866485596,False
STIM,2026-02-11,VAL 2022-26,1.870000004768372,1.870000004768372,,1.870000004768372,False
STIM,2026-08-11,VAL 2022-26,2.734999895095825,2.734999895095825,,2.734999895095825,False
STKE,2024-10-24,VAL 2022-26,0.959999978542328,7.679999828338623,,,True
STKE,2025-09-09,VAL 2022-26,13.050000190734863,13.050000190734863,,13.050000190734863,False
STKH,2025-07-10,VAL 2022-26,2.600000063578288,2.6000000635782876,2.6,2.6,False
STKH,2025-08-26,VAL 2022-26,0.687000036239624,0.687000036239624,0.6872,0.6872,False
STKH,2025-09-29,VAL 2022-26,6.200000127156575,6.200000127156575,6.2,6.2,False
STKH,2026-07-30,VAL 2022-26,4.295000076293945,4.295000076293945,4.295,4.295,False
STKH,2026-08-10,VAL 2022-26,3.859999895095825,3.859999895095825,3.86,3.86,False
STLN,2023-06-09,VAL 2022-26,0.9229999780654908,0.9229999780654908,,0.9229999780654908,False
STLN,2026-08-07,VAL 2022-26,6.53000020980835,6.53000020980835,,6.53000020980835,False
STOK,2024-03-26,VAL 2022-26,11.06999969482422,11.06999969482422,,11.06999969482422,False
STRL,2015-11-09,DEV 2015-21,5.099999904632568,5.099999904632568,,5.099999904632568,False
STRO,2020-12-04,DEV 2015-21,23.36999969482422,23.36999969482422,,23.36999969482422,False
STRO,2026-02-10,VAL 2022-26,17.010000228881836,17.010000228881836,,17.010000228881836,False
STRR,2017-12-18,DEV 2015-21,1.7600000381469727,0.3520000076293946,,,True
STTK,2023-12-13,VAL 2022-26,4.380000114440918,4.380000114440918,,4.380000114440918,False
STTK,2025-08-05,VAL 2022-26,1.0,1.0,1.0,1.0,False
STXS,2015-09-01,DEV 2015-21,1.899999976158142,2.3749999701976776,,,True
SUGP,2024-02-23,VAL 2022-26,5.170000000000001,5.170000000000001,,5.170000000000001,False
SUGP,2024-11-11,VAL 2022-26,1.8200000000000005,1.8200000000000003,1.82,1.82,False
SUGP,2025-07-09,VAL 2022-26,0.9250000000000002,0.9250000000000002,0.9247,0.9247,False
SUGP,2025-10-09,VAL 2022-26,8.280000305175781,8.280000305175781,8.28,8.28,False
SUGP,2026-06-16,VAL 2022-26,2.4000000000000004,2.4000000000000004,2.4,2.4,False
SUGP,2026-08-21,VAL 2022-26,3.829999923706055,3.829999923706055,,3.829999923706055,False
SUGP,2026-09-15,VAL 2022-26,1.0499999523162842,1.0499999523162842,,1.0499999523162842,False
SUGP,2026-09-25,VAL 2022-26,0.5709999799728394,0.5709999799728394,,0.5709999799728394,False
SUIG,2025-01-07,VAL 2022-26,2.799999952316284,2.799999952316284,,2.799999952316284,False
SUIG,2025-07-25,VAL 2022-26,2.819999933242798,2.819999933242798,,2.819999933242798,False
SUNE,2021-03-02,DEV 2015-21,10.03,30090.0,,,True
SUNE,2021-09-14,DEV 2015-21,8.25,24750.0,,,True
SUNE,2022-08-05,VAL 2022-26,3.73,2797.5,,,True
SUNE,2022-10-05,VAL 2022-26,2.13,1597.5,,,True
SUNE,2022-10-06,VAL 2022-26,4.18,3135.0,,,True
SUNE,2022-11-15,VAL 2022-26,3.04,2280.0,,,True
SUNE,2024-04-23,VAL 2022-26,0.07,52.5,,,True
SUNE,2024-04-26,VAL 2022-26,0.08,60.0,,,True
SUNE,2024-05-16,VAL 2022-26,0.14,105.0,,,True
SUNE,2024-05-28,VAL 2022-26,0.3,225.0,,,True
SUNE,2024-07-09,VAL 2022-26,1.96,98.0,,,True
SUNE,2024-09-12,VAL 2022-26,0.22,11.0,,,True
SUNE,2024-10-03,VAL 2022-26,8.5,8.5,,8.5,False
SUNE,2024-10-10,VAL 2022-26,7.0,7.0,,7.0,False
SUNE,2024-10-18,VAL 2022-26,8.24,8.24,,8.24,False
SUNE,2025-03-07,VAL 2022-26,0.5,0.5,0.5033,0.5033,False
SUNE,2025-03-14,VAL 2022-26,0.4,0.4,0.4044,0.4044,False
SUNE,2026-02-04,VAL 2022-26,0.9900000095367432,0.9900000095367432,,0.9900000095367432,False
SUNE,2026-02-11,VAL 2022-26,1.8600000143051147,1.8600000143051147,,1.8600000143051147,False
SUNE,2026-03-19,VAL 2022-26,2.0199999809265137,2.0199999809265137,,2.0199999809265137,False
SUNE,2026-06-08,VAL 2022-26,2.990000009536743,2.990000009536743,2.99,2.99,False
SUNE,2026-09-09,VAL 2022-26,3.009999990463257,3.009999990463257,,3.009999990463257,False
SUPV,2023-11-20,VAL 2022-26,2.539999961853028,2.539999961853028,,2.539999961853028,False
SUPV,2025-10-27,VAL 2022-26,9.170000076293944,9.170000076293944,9.17,9.17,False
SURG,2025-03-26,VAL 2022-26,2.400000095367432,2.400000095367432,2.4,2.4,False
SURG,2026-07-02,VAL 2022-26,0.5830000042915344,0.5830000042915344,,0.5830000042915344,False
SURG,2026-08-06,VAL 2022-26,0.395000010728836,0.395000010728836,0.3951,0.3951,False
SURG,2026-08-14,VAL 2022-26,0.3939999938011169,0.3939999938011169,0.3943,0.3943,False
SURG,2026-09-11,VAL 2022-26,0.2080000042915344,0.2080000042915344,,0.2080000042915344,False
SURG,2026-09-17,VAL 2022-26,0.1899999976158142,0.1899999976158142,,0.1899999976158142,False
SVCO,2026-03-13,VAL 2022-26,4.300000190734863,4.300000190734863,,4.300000190734863,False
SVM,2020-03-23,DEV 2015-21,3.240000009536743,3.240000009536743,,3.240000009536743,False
SVM,2021-02-01,DEV 2015-21,8.449999809265137,8.449999809265137,,8.449999809265137,False
SVRA,2019-12-30,DEV 2015-21,4.119999885559082,4.119999885559082,,4.119999885559082,False
SVRA,2021-03-16,DEV 2015-21,2.25,2.25,,2.25,False
SVRE,2022-08-22,VAL 2022-26,62.39999879436728,4.681170202128078,,,True
SVRE,2023-03-08,VAL 2022-26,27.466667269483025,2.0605151740047276,,,True
SVRE,2023-05-04,VAL 2022-26,29.600001205632715,2.220555229229761,,,True
SVRE,2023-06-07,VAL 2022-26,21.866666063850307,1.6404100573030989,,,True
SVRE,2025-06-16,VAL 2022-26,3.5600001017252603,3.5600001017252603,3.56,3.56,False
SVRE,2025-07-18,VAL 2022-26,3.0450000762939453,3.0450000762939453,3.045,3.045,False
SVRE,2026-01-16,VAL 2022-26,1.9600000381469729,1.9600000381469727,,1.9600000381469729,False
SVRE,2026-06-30,VAL 2022-26,5.809999942779541,5.809999942779541,5.8098,5.8098,False
SVRN,2022-03-07,VAL 2022-26,0.7600000000000003,1520.0,,,True
SVRN,2022-03-08,VAL 2022-26,1.7300000000000006,3460.0,,,True
SVRN,2022-12-22,VAL 2022-26,2.14,42.800000000000004,,,True
SVRN,2025-06-16,VAL 2022-26,2.77,2.77,,2.77,False
SVRN,2025-06-23,VAL 2022-26,2.18,2.18,,2.18,False
SVRN,2025-07-30,VAL 2022-26,0.18,0.18,,0.18,False
SVRN,2026-03-03,VAL 2022-26,15.84000015258789,0.7920000076293946,0.7922,0.7922,False
SVRN,2026-03-19,VAL 2022-26,5.320000171661377,0.2660000085830689,,,True
SVRN,2026-09-21,VAL 2022-26,26.36000061035156,26.36000061035156,,26.36000061035156,False
SWBI,2018-08-31,DEV 2015-21,11.899999260902405,9.146809577941896,,,True
SWBI,2020-06-01,DEV 2015-21,14.989999574661256,11.521905899047852,,,True
SWIM,2024-08-07,VAL 2022-26,3.9800000190734863,3.9800000190734863,,3.9800000190734863,False
SWIM,2026-03-04,VAL 2022-26,7.940000057220459,7.940000057220459,,7.940000057220459,False
SWIM,2026-08-05,VAL 2022-26,6.96999979019165,6.96999979019165,,6.96999979019165,False
SWVL,2022-12-22,VAL 2022-26,0.1210000038146972,0.12100000381469729,,0.1210000038146972,False
SWVL,2023-01-03,VAL 2022-26,5.150000095367432,0.20600000381469727,,,True
SWVL,2023-01-09,VAL 2022-26,9.100000381469728,0.36400001525878917,,,True
SWVL,2026-02-02,VAL 2022-26,2.369999885559082,2.369999885559082,,2.369999885559082,False
SWVL,2026-08-25,VAL 2022-26,2.309999942779541,2.309999942779541,2.31,2.31,False
SXTC,2019-03-27,DEV 2015-21,8.56,0.05350000000000001,,,True
SXTC,2020-01-16,DEV 2015-21,1.34,0.008375000000000002,,,True
SXTC,2020-01-27,DEV 2015-21,1.1,0.006875000000000002,,,True
SXTC,2020-03-09,DEV 2015-21,1.07,0.006687500000000002,,,True
SXTC,2020-12-03,DEV 2015-21,0.403,0.0025187500000000006,,,True
SXTC,2022-01-14,VAL 2022-26,0.659,0.004118750000000001,,,True
SXTC,2022-03-29,VAL 2022-26,0.295,0.0018437500000000003,,,True
SXTC,2022-09-01,VAL 2022-26,1.7300000000000002,0.21625000000000003,,,True
SXTC,2023-08-21,VAL 2022-26,0.289,0.036125000000000004,,,True
SXTC,2023-08-24,VAL 2022-26,0.2,0.025,,,True
SXTC,2023-12-29,VAL 2022-26,5.86,0.7325,,,True
SXTC,2024-01-25,VAL 2022-26,2.26,0.28250000000000003,,,True
SXTC,2024-02-08,VAL 2022-26,2.95,0.36875,,,True
SXTC,2024-12-26,VAL 2022-26,0.48,0.060000000000000005,0.48,0.48,False
SXTC,2025-04-22,VAL 2022-26,1.2900000000000005,1.2900000000000003,1.29,1.29,False
SXTC,2026-01-27,VAL 2022-26,0.101,0.101,,0.101,False
SXTC,2026-02-02,VAL 2022-26,10.05,0.067,0.0674,0.0674,False
SXTC,2026-07-30,VAL 2022-26,0.0699999988079071,0.06999999880790711,,0.0699999988079071,False
SXTC,2026-08-14,VAL 2022-26,4.599999904632568,4.599999904632568,,4.599999904632568,False
SXTC,2026-08-18,VAL 2022-26,4.789999961853027,4.789999961853027,,4.789999961853027,False
SXTP,2023-12-26,VAL 2022-26,1.2,1.2,,1.2,False
SXTP,2024-07-19,VAL 2022-26,0.4920000076293945,0.49200000762939444,,0.4920000076293945,False
SXTP,2024-08-12,VAL 2022-26,1.3899999618530274,1.3899999618530274,,1.3899999618530274,False
SXTP,2025-01-29,VAL 2022-26,0.990999984741211,0.990999984741211,0.9906,0.9906,False
SXTP,2025-04-08,VAL 2022-26,2.470000028610229,2.4700000286102295,2.47,2.47,False
SXTP,2026-01-22,VAL 2022-26,5.989999771118164,5.989999771118164,5.99,5.99,False
SYM,2022-06-21,VAL 2022-26,26.21999931335449,26.21999931335449,,26.21999931335449,False
SYNX,2026-03-06,VAL 2022-26,1.3899999856948853,1.3899999856948853,,1.3899999856948853,False
SYPR,2020-09-25,DEV 2015-21,1.2300000190734863,1.2300000190734863,,1.2300000190734863,False
SYPR,2021-02-24,DEV 2015-21,6.880000114440918,6.880000114440918,,6.880000114440918,False
SYPR,2021-04-23,DEV 2015-21,3.619999885559082,3.619999885559082,,3.619999885559082,False
SYRE,2022-08-19,VAL 2022-26,0.7480000305175781,0.7480000305175781,,0.7480000305175781,False
TANH,2020-11-24,DEV 2015-21,2.6300000000000003,2.6300000000000003,,2.6300000000000003,False
TANH,2022-07-18,VAL 2022-26,0.318,0.318,,0.318,False
TANH,2023-10-12,VAL 2022-26,1.27,1.27,,1.27,False
TANH,2024-05-20,VAL 2022-26,0.95,0.9500000000000001,,0.95,False
TANH,2024-08-20,VAL 2022-26,0.16,0.16,,0.16,False
TANH,2024-08-27,VAL 2022-26,0.222,0.222,,0.222,False
TANH,2024-09-11,VAL 2022-26,0.209,0.209,,0.209,False
TANH,2024-12-27,VAL 2022-26,0.22,0.22,0.22,0.22,False
TAOP,2017-11-13,DEV 2015-21,1.87,1.87,,1.87,False
TAOP,2018-01-05,DEV 2015-21,3.62,3.62,,3.62,False
TAOP,2020-07-30,DEV 2015-21,4.11,4.11,,4.11,False
TAOP,2020-09-11,DEV 2015-21,3.56,3.56,,3.56,False
TAOP,2021-02-19,DEV 2015-21,7.210000000000001,7.210000000000001,,7.210000000000001,False
TAOP,2021-03-31,DEV 2015-21,12.6,12.600000000000001,,12.6,False
TAOP,2021-04-15,DEV 2015-21,7.49,7.49,,7.49,False
TAOP,2021-07-30,DEV 2015-21,4.07,4.07,,4.07,False
TAOP,2023-07-11,VAL 2022-26,0.97,0.9700000000000001,,0.97,False
TAOP,2023-09-01,VAL 2022-26,5.2,5.2,,5.2,False
TAOP,2023-11-08,VAL 2022-26,2.2,2.2,,2.2,False
TAOP,2024-02-14,VAL 2022-26,1.9300000508626305,1.9300000508626303,,1.9300000508626305,False
TAOP,2024-05-09,VAL 2022-26,1.190000025431315,1.190000025431315,,1.190000025431315,False
TAOP,2024-06-10,VAL 2022-26,0.9200000127156576,0.9200000127156576,,0.9200000127156576,False
TAOP,2024-12-20,VAL 2022-26,0.55,0.55,0.5489,0.5489,False
TAOP,2025-05-12,VAL 2022-26,6.599999904632568,0.21999999682108562,0.22,0.22,False
TAOP,2025-12-02,VAL 2022-26,3.109999895095825,3.109999895095825,3.11,3.11,False
TAOX,2021-06-17,DEV 2015-21,11.0,275.0,,,True
TAOX,2025-06-09,VAL 2022-26,3.3299999237060547,3.3299999237060547,,3.3299999237060547,False
TARA,2017-05-10,DEV 2015-21,1.85,74.0,,,True
TARA,2019-09-24,DEV 2015-21,0.4239999771118164,16.959999084472656,,,True
TARA,2020-07-28,DEV 2015-21,36.68999862670898,36.68999862670898,,36.68999862670898,False
TARA,2024-12-05,VAL 2022-26,9.449999809265137,9.449999809265137,9.45,9.45,False
TARA,2025-09-22,VAL 2022-26,3.849999904632568,3.849999904632568,3.85,3.85,False
TATT,2020-09-25,DEV 2015-21,7.25,7.25,,7.25,False
TATT,2021-01-06,DEV 2015-21,7.619999885559082,7.619999885559082,,7.619999885559082,False
TATT,2021-07-02,DEV 2015-21,9.800000190734863,9.800000190734863,,9.800000190734863,False
TBCH,2018-04-09,DEV 2015-21,3.5799999237060547,3.5799999237060547,,3.5799999237060547,False
TBCH,2018-05-10,DEV 2015-21,11.3100004196167,11.3100004196167,,11.3100004196167,False
TBCH,2024-03-14,VAL 2022-26,14.100000381469728,14.100000381469728,,14.100000381469728,False
TBI,2025-05-13,VAL 2022-26,5.789999961853027,5.789999961853027,5.79,5.79,False
TBI,2026-08-05,VAL 2022-26,9.289999961853027,9.289999961853027,,9.289999961853027,False
TBLA,2022-11-28,VAL 2022-26,3.109999895095825,3.109999895095825,,3.109999895095825,False
TC,2024-01-29,VAL 2022-26,2.9700000762939456,2.9700000762939456,,2.9700000762939456,False
TC,2026-07-01,VAL 2022-26,5.139999866485596,5.139999866485596,5.14,5.14,False
TCGX,2026-08-19,VAL 2022-26,17.93000030517578,17.93000030517578,,17.93000030517578,False
TCMD,2025-08-05,VAL 2022-26,13.390000343322754,13.390000343322754,13.39,13.39,False
TCMD,2025-11-04,VAL 2022-26,21.299999237060547,21.299999237060547,21.3,21.3,False
TCMD,2026-02-18,VAL 2022-26,35.7400016784668,35.7400016784668,,35.7400016784668,False
TCRT,2022-04-29,VAL 2022-26,0.52,0.52,,0.52,False
TCRX,2023-01-23,VAL 2022-26,2.539999961853028,2.539999961853028,,2.539999961853028,False
TCRX,2023-05-09,VAL 2022-26,2.869999885559082,2.869999885559082,,2.869999885559082,False
TCRX,2023-05-10,VAL 2022-26,4.260000228881836,4.260000228881836,,4.260000228881836,False
TDAY,2020-04-07,DEV 2015-21,0.8199999928474426,0.8199999928474426,,0.8199999928474426,False
TDIC,2025-10-17,VAL 2022-26,0.669,0.669,0.6688,0.6688,False
TDIC,2025-12-05,VAL 2022-26,0.406,0.406,0.406,0.406,False
TDIC,2026-02-11,VAL 2022-26,0.23,0.23,0.2297,0.2297,False
TDIC,2026-05-12,VAL 2022-26,1.805,1.805,1.805,1.805,False
TDIC,2026-05-13,VAL 2022-26,2.985,2.985,,2.985,False
TDS,2023-08-04,VAL 2022-26,10.800000190734863,10.800000190734863,,10.800000190734863,False
TDTH,2025-01-31,VAL 2022-26,1.6,1.6,1.6,1.6,False
TDTH,2025-03-27,VAL 2022-26,1.8699999491373696,1.8699999491373696,1.87,1.87,False
TDTH,2025-06-12,VAL 2022-26,0.3880000114440918,0.3880000114440918,0.3876,0.3876,False
TDTH,2025-06-16,VAL 2022-26,0.2550000031789143,0.25500000317891436,0.2547,0.2547,False
TDTH,2026-07-07,VAL 2022-26,3.0,3.0,3.0,3.0,False
TDUP,2021-11-09,DEV 2015-21,23.700000762939453,23.700000762939453,,23.700000762939453,False
TDUP,2025-01-14,VAL 2022-26,1.7899999618530271,1.7899999618530271,1.79,1.79,False
TDUP,2025-05-06,VAL 2022-26,5.389999866485596,5.389999866485596,5.39,5.39,False
TE,2021-01-29,DEV 2015-21,12.949999809265137,12.949999809265137,,12.949999809265137,False
TE,2024-11-06,VAL 2022-26,1.2999999523162842,1.2999999523162842,,1.2999999523162842,False
TE,2025-10-15,VAL 2022-26,5.005000114440918,5.005000114440918,5.005,5.005,False
TEAD,2026-02-05,VAL 2022-26,0.7319999933242798,0.7319999933242798,,0.7319999933242798,False
TECX,2023-05-22,VAL 2022-26,1.420000076293945,17.040000915527344,,,True
TECX,2023-07-12,VAL 2022-26,1.3000000317891438,15.600000381469728,,,True
TECX,2025-01-30,VAL 2022-26,49.5,49.5,49.5,49.5,False
TECX,2025-10-30,VAL 2022-26,23.440000534057617,23.440000534057617,23.44,23.44,False
TELO,2025-07-18,VAL 2022-26,3.055000066757202,3.055000066757202,3.055,3.055,False
TELO,2025-08-28,VAL 2022-26,2.059999942779541,2.059999942779541,2.06,2.06,False
TELO,2025-10-07,VAL 2022-26,1.7200000286102295,1.7200000286102295,1.72,1.72,False
TELO,2025-10-09,VAL 2022-26,2.0199999809265137,2.0199999809265137,2.02,2.02,False
TENB,2019-10-30,DEV 2015-21,27.690000534057617,27.690000534057617,,27.690000534057617,False
TENX,2017-04-06,DEV 2015-21,0.6200000000000001,0.6200000000000001,,0.6200000000000001,False
TENX,2018-04-04,DEV 2015-21,10.000000000000002,10.000000000000002,,10.000000000000002,False
TENX,2018-12-07,DEV 2015-21,2.0200000000000005,2.0200000000000005,,2.0200000000000005,False
TENX,2019-03-28,DEV 2015-21,2.1900000000000004,2.1900000000000004,,2.1900000000000004,False
TENX,2020-06-02,DEV 2015-21,2.3300000000000005,2.3300000000000005,,2.3300000000000005,False
TENX,2020-12-29,DEV 2015-21,2.140000000000001,2.1400000000000006,,2.140000000000001,False
TENX,2022-06-27,VAL 2022-26,0.4529999923706055,0.45299999237060556,,0.4529999923706055,False
TENX,2023-02-02,VAL 2022-26,4.1000000000000005,4.1000000000000005,,4.1000000000000005,False
TENX,2023-03-13,VAL 2022-26,0.7099999904632569,0.7099999904632569,,0.7099999904632569,False
TENX,2023-11-13,VAL 2022-26,0.3130000114440918,0.31300001144409184,,0.3130000114440918,False
TENX,2024-02-06,VAL 2022-26,20.309999465942383,20.309999465942383,,20.309999465942383,False
TENX,2024-08-06,VAL 2022-26,4.929999828338623,4.929999828338623,,4.929999828338623,False
TENX,2026-01-05,VAL 2022-26,13.289999961853027,13.289999961853027,,13.289999961853027,False
TEO,2025-10-27,VAL 2022-26,9.880000114440918,9.880000114440918,9.88,9.88,False
TG,2020-12-02,DEV 2015-21,21.1299991607666,21.1299991607666,,21.1299991607666,False
TGE,2025-11-03,VAL 2022-26,1.1699999570846558,1.1699999570846558,1.1701,1.1701,False
TGE,2026-06-17,VAL 2022-26,1.1799999475479126,1.1799999475479126,,1.1799999475479126,False
TGHL,2026-07-15,VAL 2022-26,0.8519999980926514,0.8519999980926514,,0.8519999980926514,False
TGHL,2026-07-16,VAL 2022-26,1.284999966621399,1.284999966621399,1.285,1.285,False
TGL,2023-10-18,VAL 2022-26,0.5840000000000001,0.5840000000000001,,0.5840000000000001,False
TGL,2024-01-19,VAL 2022-26,0.129,0.129,,0.129,False
TGL,2024-03-20,VAL 2022-26,7.28,7.28,,7.28,False
TGL,2024-08-20,VAL 2022-26,1.51,1.51,,1.51,False
TGL,2024-09-23,VAL 2022-26,1.08,1.08,,1.08,False
TGL,2025-01-03,VAL 2022-26,0.732,0.732,0.7322,0.7322,False
TGL,2025-01-17,VAL 2022-26,0.292,0.292,0.2922,0.2922,False
TGL,2025-02-11,VAL 2022-26,0.233,0.233,0.2331,0.2331,False
TGL,2025-03-24,VAL 2022-26,0.17,0.17,0.1697,0.1697,False
TGL,2025-03-31,VAL 2022-26,0.108,0.108,0.108,0.108,False
TGL,2025-04-16,VAL 2022-26,3.7,3.7,3.7,3.7,False
TGL,2025-05-16,VAL 2022-26,2.2700000762939454,2.2700000762939454,2.27,2.27,False
TGL,2025-06-04,VAL 2022-26,1.9899999618530275,1.9899999618530275,1.99,1.99,False
TGL,2025-06-05,VAL 2022-26,1.8,1.8,1.8,1.8,False
TGL,2025-09-11,VAL 2022-26,1.4500000000000002,1.4500000000000002,1.45,1.45,False
TGL,2025-10-27,VAL 2022-26,1.0449999809265138,1.0449999809265138,1.045,1.045,False
TGS,2025-10-27,VAL 2022-26,28.8700008392334,28.8700008392334,28.87,28.87,False
TGTX,2017-03-06,DEV 2015-21,10.25,10.25,,10.25,False
TGTX,2020-05-05,DEV 2015-21,16.010000228881836,16.010000228881836,,16.010000228881836,False
TH,2023-11-08,VAL 2022-26,16.0,16.0,,16.0,False
TH,2026-04-01,VAL 2022-26,12.420000076293944,12.420000076293944,,12.420000076293944,False
THRY,2020-10-02,DEV 2015-21,13.4399995803833,13.4399995803833,,13.4399995803833,False
TII,2026-01-20,VAL 2022-26,4.929999828338623,4.929999828338623,,4.929999828338623,False
TII,2026-06-26,VAL 2022-26,2.819999933242798,2.819999933242798,,2.819999933242798,False
TIL,2024-07-12,VAL 2022-26,12.140000343322754,12.140000343322754,,12.140000343322754,False
TIL,2025-04-23,VAL 2022-26,20.25,20.25,20.25,20.25,False
TIL,2025-05-20,VAL 2022-26,20.31999969482422,20.31999969482422,20.32,20.32,False
TIL,2025-06-02,VAL 2022-26,35.13999938964844,35.13999938964844,35.14,35.14,False
TIPT,2021-10-12,DEV 2015-21,13.029999732971191,13.029999732971191,,13.029999732971191,False
TISI,2022-08-15,VAL 2022-26,1.6100000381469728,1.6100000381469728,,1.6100000381469728,False
TISI,2026-08-11,VAL 2022-26,21.0,21.0,,21.0,False
TJGC,2025-06-03,VAL 2022-26,7.1200002034505205,7.12000020345052,,7.1200002034505205,False
TK,2020-04-21,DEV 2015-21,4.809999942779541,4.809999942779541,,4.809999942779541,False
TKLF,2022-07-22,VAL 2022-26,2.3899999618530274,2.389999961853028,,2.3899999618530274,False
TKLF,2024-05-28,VAL 2022-26,0.3789999961853028,0.3789999961853028,,0.3789999961853028,False
TKLF,2024-07-16,VAL 2022-26,0.428000020980835,0.428000020980835,,0.428000020980835,False
TKNO,2023-09-27,VAL 2022-26,3.849999904632568,3.849999904632568,,3.849999904632568,False
TLF,2022-09-07,VAL 2022-26,7.96999979019165,7.96999979019165,,7.96999979019165,False
TLIH,2025-10-29,VAL 2022-26,0.5349999904632569,0.5349999904632569,0.5345,0.5345,False
TLIH,2026-02-24,VAL 2022-26,0.5090000152587891,0.5090000152587891,0.5093,0.5093,False
TLPH,2022-07-07,VAL 2022-26,0.3200000047683716,6.400000095367432,,,True
TLPH,2022-08-11,VAL 2022-26,0.3599999904632568,7.199999809265137,,,True
TLS,2025-08-11,VAL 2022-26,2.869999885559082,2.869999885559082,2.87,2.87,False
TLS,2026-03-16,VAL 2022-26,5.179999828338623,5.179999828338623,,5.179999828338623,False
TLSA,2020-03-11,DEV 2015-21,4.749999376416207,1.9007600545883176,,,True
TLSA,2020-03-12,DEV 2015-21,5.74999910402298,2.300920009613037,,,True
TLSA,2020-04-09,DEV 2015-21,3.699999439001084,1.4805920124053955,,,True
TLSA,2020-07-31,DEV 2015-21,6.5,6.5,,6.5,False
TLSA,2022-03-10,VAL 2022-26,0.949999988079071,0.949999988079071,,0.949999988079071,False
TLSA,2023-08-15,VAL 2022-26,0.9100000262260436,0.9100000262260436,,0.9100000262260436,False
TLSI,2023-08-11,VAL 2022-26,13.800000190734863,13.800000190734863,,13.800000190734863,False
TLYS,2016-12-01,DEV 2015-21,11.880000114440918,11.880000114440918,,11.880000114440918,False
TLYS,2017-05-24,DEV 2015-21,10.75,10.75,,10.75,False
TLYS,2026-03-12,VAL 2022-26,2.5999999046325684,2.5999999046325684,2.6,2.6,False
TLYS,2026-09-03,VAL 2022-26,5.550000190734863,5.550000190734863,,5.550000190734863,False
TMC,2022-03-08,VAL 2022-26,2.130000114440918,2.130000114440918,,2.130000114440918,False
TMC,2023-02-01,VAL 2022-26,1.100000023841858,1.100000023841858,,1.100000023841858,False
TMC,2023-08-14,VAL 2022-26,1.4199999570846558,1.4199999570846558,,1.4199999570846558,False
TMC,2025-04-14,VAL 2022-26,2.400000095367432,2.400000095367432,2.4,2.4,False
TMC,2025-04-15,VAL 2022-26,3.565000057220459,3.565000057220459,3.565,3.565,False
TMCI,2024-11-06,VAL 2022-26,7.199999809265137,7.199999809265137,7.2,7.2,False
TMDE,2025-06-13,VAL 2022-26,1.25,1.25,1.25,1.25,False
TMDE,2025-06-16,VAL 2022-26,2.069999933242798,2.069999933242798,2.07,2.07,False
TMDE,2026-01-05,VAL 2022-26,0.7799999713897705,0.7799999713897705,0.78,0.78,False
TMDE,2026-03-02,VAL 2022-26,2.990000009536743,2.990000009536743,2.99,2.99,False
TMDE,2026-04-02,VAL 2022-26,1.7000000476837158,1.7000000476837158,1.7,1.7,False
TMDX,2021-02-09,DEV 2015-21,34.18000030517578,34.18000030517578,,34.18000030517578,False
TMDX,2022-11-04,VAL 2022-26,56.45000076293945,56.45000076293945,,56.45000076293945,False
TMQ,2024-11-06,VAL 2022-26,0.800000011920929,0.800000011920929,0.8,0.8,False
TMQ,2025-10-07,VAL 2022-26,7.230000019073486,7.230000019073486,7.23,7.23,False
TNDM,2017-08-28,DEV 2015-21,0.9210000038146972,0.9210000038146973,,0.9210000038146972,False
TNDM,2018-01-10,DEV 2015-21,3.630000114440918,3.630000114440918,,3.630000114440918,False
TNGX,2023-08-09,VAL 2022-26,5.0,5.0,,5.0,False
TNMG,2025-09-17,VAL 2022-26,0.0514999985694885,0.05149999856948853,0.412,0.412,False
TNMG,2025-10-02,VAL 2022-26,0.0487500011920929,0.0487500011920929,0.39,0.39,False
TNMG,2025-11-13,VAL 2022-26,0.0689999997615814,0.06899999976158143,0.5521,0.5521,False
TNMG,2026-01-16,VAL 2022-26,0.3675000071525574,0.3675000071525574,,0.3675000071525574,False
TNMG,2026-06-29,VAL 2022-26,0.1030000001192092,0.10300000011920929,0.8242,0.8242,False
TNMG,2026-08-04,VAL 2022-26,0.0973749980330467,0.09737499803304672,0.7791,0.7791,False
TNMG,2026-08-25,VAL 2022-26,0.0816249996423721,0.08162499964237213,0.6528,0.6528,False
TNMG,2026-09-18,VAL 2022-26,4.340000152587891,4.340000152587891,4.34,4.34,False
TNON,2023-02-15,VAL 2022-26,1.59,1.59,,1.59,False
TNON,2023-09-12,VAL 2022-26,0.239000004359654,0.23900000435965402,,0.239000004359654,False
TNON,2023-11-03,VAL 2022-26,1.42999997820173,1.4299999782017299,,1.42999997820173,False
TNON,2024-09-12,VAL 2022-26,7.2,7.2,,7.2,False
TNON,2024-09-13,VAL 2022-26,12.8,12.799999999999999,,12.8,False
TNON,2024-10-18,VAL 2022-26,4.5,4.5,4.5,4.5,False
TNON,2025-03-11,VAL 2022-26,1.82000002179827,1.8200000217982701,1.82,1.82,False
TNON,2025-03-25,VAL 2022-26,4.31000017438616,4.31000017438616,4.31,4.31,False
TNON,2025-08-01,VAL 2022-26,1.25999995640346,1.2599999564034596,1.26,1.26,False
TNON,2026-06-22,VAL 2022-26,0.6749999999999999,0.6749999999999999,0.6751,0.6751,False
TNON,2026-08-19,VAL 2022-26,11.670000076293944,11.670000076293944,11.67,11.67,False
TNXP,2018-11-29,DEV 2015-21,7.210000000000001,7.210000000000001,,7.210000000000001,False
TNXP,2018-12-07,DEV 2015-21,6.250000000000001,6.250000000000001,,6.250000000000001,False
TNXP,2019-03-08,DEV 2015-21,3.5200000000000005,3.5200000000000005,,3.5200000000000005,False
TNXP,2019-03-11,DEV 2015-21,3.91,3.91,,3.91,False
TNXP,2019-04-04,DEV 2015-21,2.8000000000000003,2.8000000000000003,,2.8000000000000003,False
TNXP,2019-08-20,DEV 2015-21,0.5800000000000001,0.5800000000000001,,0.5800000000000001,False
TNXP,2019-12-12,DEV 2015-21,1.36,1.36,,1.36,False
TNXP,2020-01-24,DEV 2015-21,1.82,1.82,,1.82,False
TNXP,2020-02-26,DEV 2015-21,0.8400000000000001,0.8400000000000001,,0.8400000000000001,False
TNXP,2020-02-27,DEV 2015-21,1.95,1.9500000000000002,,1.95,False
TNXP,2020-07-20,DEV 2015-21,1.2,1.2,,1.2,False
TNXP,2020-12-07,DEV 2015-21,1.02,1.02,,1.02,False
TNXP,2022-03-03,VAL 2022-26,0.28,0.28,,0.28,False
TNXP,2022-06-01,VAL 2022-26,3.56,3.56,,3.56,False
TNXP,2022-12-12,VAL 2022-26,0.5700000000000001,0.5700000000000001,,0.5700000000000001,False
TNXP,2024-08-19,VAL 2022-26,0.6,0.6,,0.6,False
TNXP,2024-08-26,VAL 2022-26,0.44,0.44,,0.44,False
TNXP,2024-09-09,VAL 2022-26,0.23,0.23,,0.23,False
TNXP,2024-09-27,VAL 2022-26,0.18,0.18,,0.18,False
TNXP,2024-11-20,VAL 2022-26,0.26,0.26,0.2615,0.2615,False
TNXP,2024-12-16,VAL 2022-26,0.3,0.3,0.2953,0.2953,False
TOMZ,2021-12-03,DEV 2015-21,2.1099999745686846,2.1099999745686846,,2.1099999745686846,False
TOMZ,2022-08-08,VAL 2022-26,1.3500000635782876,1.3500000635782876,,1.3500000635782876,False
TOMZ,2024-12-19,VAL 2022-26,1.0,1.0,1.0,1.0,False
TONX,2021-06-29,DEV 2015-21,1.592,12736.0,,,True
TONX,2021-06-30,DEV 2015-21,1.98,15840.0,,,True
TONX,2023-01-23,VAL 2022-26,0.357,2856.0,,,True
TONX,2023-09-05,VAL 2022-26,1.17,234.0,,,True
TONX,2024-03-15,VAL 2022-26,0.415,83.0,,,True
TONX,2024-03-18,VAL 2022-26,0.5650000000000001,113.0,,,True
TONX,2024-10-14,VAL 2022-26,14.0,14.0,,14.0,False
TONX,2025-08-04,VAL 2022-26,15.210000038146973,15.210000038146973,,15.210000038146973,False
TOON,2020-05-07,DEV 2015-21,0.7199999809265137,7.199999809265137,,,True
TOON,2020-09-25,DEV 2015-21,1.2699999809265137,12.699999809265137,,,True
TOON,2022-05-18,VAL 2022-26,0.9,9.0,,,True
TOON,2022-08-17,VAL 2022-26,1.2199999809265138,12.199999809265137,,,True
TOP,2024-02-09,VAL 2022-26,6.95,6.95,,6.95,False
TOP,2024-10-02,VAL 2022-26,2.2,2.2,2.2,2.2,False
TOPS,2017-07-24,DEV 2015-21,0.32,0.32000000000000006,,0.32,False
TOPS,2017-08-11,DEV 2015-21,1.7000000000000004,1.7000000000000004,,1.7000000000000004,False
TOPS,2017-09-14,DEV 2015-21,0.4700000000000001,0.47000000000000014,,0.4700000000000001,False
TOPS,2017-10-13,DEV 2015-21,0.7700000000000002,0.7700000000000002,,0.7700000000000002,False
TOPS,2017-11-06,DEV 2015-21,1.1200000000000003,1.1200000000000003,,1.1200000000000003,False
TOPS,2017-11-07,DEV 2015-21,3.380000000000001,3.380000000000001,,3.380000000000001,False
TOPS,2018-02-05,DEV 2015-21,0.2900000000000001,0.2900000000000001,,0.2900000000000001,False
TOPS,2018-03-23,DEV 2015-21,2.3000000000000003,0.23000000000000007,,,True
TOPS,2018-10-22,DEV 2015-21,1.84,1.84,,1.84,False
TOPS,2019-09-04,DEV 2015-21,8.5,8.5,,8.5,False
TOPS,2020-03-30,DEV 2015-21,0.38,0.38,,0.38,False
TOPS,2020-06-05,DEV 2015-21,0.22,0.22,,0.22,False
TOPS,2022-09-28,VAL 2022-26,2.869999885559082,2.869999885559082,,2.869999885559082,False
TOPS,2022-12-01,VAL 2022-26,4.240000089009603,4.240000089009603,,4.240000089009603,False
TOPS,2022-12-02,VAL 2022-26,5.920000076293945,5.920000076293945,,5.920000076293945,False
TOPS,2026-09-22,VAL 2022-26,1.2899999618530271,1.2899999618530271,1.29,1.29,False
TORO,2025-12-05,VAL 2022-26,5.110000133514404,5.110000133514404,5.11,5.11,False
TOUR,2020-09-30,DEV 2015-21,1.1619999885559082,1.1619999885559082,,1.1619999885559082,False
TOUR,2020-11-27,DEV 2015-21,4.327000045776368,4.3270000457763675,,4.327000045776368,False
TOUR,2022-06-28,VAL 2022-26,0.8020000457763672,0.8020000457763672,,0.8020000457763672,False
TOUR,2022-08-03,VAL 2022-26,1.1199999809265138,1.1199999809265138,,1.1199999809265138,False
TOVX,2016-01-20,DEV 2015-21,1.84,1.8399999999999999,,1.84,False
TOVX,2017-05-11,DEV 2015-21,0.54,0.54,,0.54,False
TOVX,2018-10-01,DEV 2015-21,3.75,3.75,,3.75,False
TOVX,2021-01-05,DEV 2015-21,0.94,0.9400000000000001,,0.94,False
TOVX,2023-06-28,VAL 2022-26,1.15,1.1500000000000001,,1.15,False
TOVX,2024-08-30,VAL 2022-26,6.179999828338623,6.179999828338623,,6.179999828338623,False
TOVX,2024-10-03,VAL 2022-26,1.850000023841858,1.850000023841858,1.85,1.85,False
TOVX,2024-11-01,VAL 2022-26,2.190000057220459,2.190000057220459,2.19,2.19,False
TOVX,2025-10-24,VAL 2022-26,0.4300000071525574,0.4300000071525574,0.4349,0.4349,False
TOVX,2025-12-29,VAL 2022-26,0.2300000041723251,0.2300000041723251,,0.2300000041723251,False
TOVX,2026-02-19,VAL 2022-26,0.2399999946355819,0.2399999946355819,,0.2399999946355819,False
TOVX,2026-03-23,VAL 2022-26,0.2800000011920929,0.2800000011920929,,0.2800000011920929,False
TOVX,2026-04-20,VAL 2022-26,0.4399999976158142,0.4399999976158142,0.4398,0.4398,False
TOVX,2026-06-11,VAL 2022-26,0.3799999952316284,0.3799999952316284,0.38,0.38,False
TOYO,2024-05-29,VAL 2022-26,10.489999771118164,10.489999771118164,,10.489999771118164,False
TOYO,2024-06-11,VAL 2022-26,9.0600004196167,9.0600004196167,,9.0600004196167,False
TOYO,2024-07-12,VAL 2022-26,3.039999961853028,3.039999961853028,,3.039999961853028,False
TOYO,2024-11-26,VAL 2022-26,5.519999980926514,5.519999980926514,5.52,5.52,False
TPCS,2024-04-08,VAL 2022-26,4.25,4.25,,4.25,False
TPET,2024-04-02,VAL 2022-26,0.2199999915228949,0.21999999152289493,,0.2199999915228949,False
TPET,2024-04-11,VAL 2022-26,0.255000008477105,0.255000008477105,,0.255000008477105,False
TPET,2024-04-12,VAL 2022-26,0.280000008477105,0.28000000847710504,,0.280000008477105,False
TPET,2024-06-11,VAL 2022-26,0.45,0.45,,0.45,False
TPET,2024-12-19,VAL 2022-26,3.0,3.0,3.0,3.0,False
TPET,2025-01-08,VAL 2022-26,2.0,2.0,2.0,2.0,False
TPET,2026-03-02,VAL 2022-26,1.0499999788072374,1.0499999788072374,1.05,1.05,False
TPST,2021-07-12,DEV 2015-21,36.78999915489784,73.57999830979568,,,True
TPST,2023-04-28,VAL 2022-26,3.23999991783729,6.47999983567458,,,True
TPST,2024-10-16,VAL 2022-26,1.4300000117375302,2.8600000234750604,1.43,1.43,False
TPST,2025-06-09,VAL 2022-26,10.979999542236328,21.959999084472656,10.98,10.98,False
TPST,2026-09-16,VAL 2022-26,1.0700000524520874,1.0700000524520874,,1.0700000524520874,False
TRAW,2015-08-14,DEV 2015-21,3.8,8550.0,,,True
TRAW,2015-12-08,DEV 2015-21,1.6,3600.0,,,True
TRAW,2019-11-21,DEV 2015-21,0.4599999999999999,6.9,,,True
TRAW,2020-07-21,DEV 2015-21,1.43,21.45,,,True
TRAW,2020-09-21,DEV 2015-21,0.3999999999999999,6.0,,,True
TRAW,2020-12-01,DEV 2015-21,0.38,5.7,,,True
TRAW,2020-12-23,DEV 2015-21,0.61,9.15,,,True
TRAW,2021-05-18,DEV 2015-21,11.85,11.85,,11.85,False
TRAW,2023-04-21,VAL 2022-26,0.85,0.85,,0.85,False
TRAW,2024-12-23,VAL 2022-26,11.800000190734863,11.800000190734863,11.8,11.8,False
TRAW,2025-06-03,VAL 2022-26,2.5299999713897705,2.5299999713897705,2.53,2.53,False
TRAW,2026-05-08,VAL 2022-26,2.049999952316284,2.049999952316284,,2.049999952316284,False
TRIB,2020-02-28,DEV 2015-21,1.5,1.5,,1.5,False
TRIB,2020-03-31,DEV 2015-21,1.15,1.1500000000000001,,1.15,False
TRIB,2024-08-27,VAL 2022-26,2.83999989827474,2.8399998982747396,,2.83999989827474,False
TRIB,2025-01-28,VAL 2022-26,1.21999994913737,1.2199999491373696,1.22,1.22,False
TRIB,2025-06-24,VAL 2022-26,0.6700000127156576,0.6700000127156576,0.6724,0.6724,False
TRIB,2025-08-14,VAL 2022-26,2.16999994913737,2.16999994913737,2.17,2.17,False
TRIB,2025-12-23,VAL 2022-26,1.6699999491373698,1.6699999491373696,1.67,1.67,False
TRLV,2025-12-12,VAL 2022-26,7.989999771118164,7.989999771118164,,7.989999771118164,False
TRNR,2024-02-26,VAL 2022-26,0.909,0.909,,0.909,False
TRNR,2024-06-17,VAL 2022-26,4.52,4.52,,4.52,False
TRNR,2024-08-12,VAL 2022-26,0.73,0.73,,0.73,False
TRNR,2024-09-24,VAL 2022-26,0.32,0.32,,0.32,False
TRNR,2024-11-19,VAL 2022-26,3.9700000000000006,3.9700000000000006,3.97,3.97,False
TRNR,2024-11-27,VAL 2022-26,3.7800000000000007,3.7800000000000007,3.78,3.78,False
TRNR,2024-12-10,VAL 2022-26,3.2500000000000004,3.2500000000000004,3.25,3.25,False
TRNR,2025-02-19,VAL 2022-26,1.66,1.6600000000000001,1.66,1.66,False
TRNR,2025-02-26,VAL 2022-26,1.5600000000000005,1.5600000000000003,1.56,1.56,False
TRNR,2025-02-27,VAL 2022-26,1.9300000000000004,1.9300000000000004,1.93,1.93,False
TRNR,2025-06-11,VAL 2022-26,11.9,1.1900000000000002,1.19,1.19,False
TRNR,2026-02-19,VAL 2022-26,5.61000006539481,0.561000006539481,,,True
TRON,2024-10-22,VAL 2022-26,1.0499999523162842,1.0499999523162842,,1.0499999523162842,False
TRON,2024-12-04,VAL 2022-26,1.3700000047683716,1.3700000047683716,,1.3700000047683716,False
TRON,2025-02-14,VAL 2022-26,0.7300000190734863,0.7300000190734863,,0.7300000190734863,False
TRON,2025-02-18,VAL 2022-26,0.8859999775886536,0.8859999775886536,,0.8859999775886536,False
TRON,2025-06-16,VAL 2022-26,5.519999980926514,5.519999980926514,,5.519999980926514,False
TROO,2020-12-31,DEV 2015-21,2.069999933242798,2.069999933242798,,2.069999933242798,False
TROO,2022-03-18,VAL 2022-26,4.300000190734863,4.300000190734863,,4.300000190734863,False
TROX,2017-02-21,DEV 2015-21,17.8799991607666,17.8799991607666,,17.8799991607666,False
TROX,2025-12-09,VAL 2022-26,4.650000095367432,4.650000095367432,4.65,4.65,False
TRT,2026-04-23,VAL 2022-26,11.0,11.0,,11.0,False
TRTX,2020-04-06,DEV 2015-21,3.0999999046325684,3.0999999046325684,,3.0999999046325684,False
TRUG,2023-07-14,VAL 2022-26,19.0,1.9000000000000001,,,True
TRUG,2024-02-02,VAL 2022-26,1.61,0.161,,,True
TRUG,2024-03-20,VAL 2022-26,2.0,0.2,,,True
TRUG,2024-11-15,VAL 2022-26,0.56,0.056,0.56,0.56,False
TRUG,2024-12-13,VAL 2022-26,0.855,0.0855,0.8552,0.8552,False
TRUG,2025-02-19,VAL 2022-26,0.601,0.0601,0.601,0.601,False
TRUG,2026-08-17,VAL 2022-26,1.5800000429153442,0.15800000429153443,1.58,1.58,False
TRUG,2026-09-11,VAL 2022-26,0.5,0.05,,,True
TRVI,2020-03-31,DEV 2015-21,2.190000057220459,2.190000057220459,,2.190000057220459,False
TRVI,2021-10-11,DEV 2015-21,1.5299999713897705,1.5299999713897705,,1.5299999713897705,False
TRVI,2022-06-29,VAL 2022-26,2.470000028610229,2.470000028610229,,2.470000028610229,False
TRVI,2024-12-12,VAL 2022-26,3.910000085830689,3.910000085830689,3.91,3.91,False
TRVI,2025-03-10,VAL 2022-26,6.590000152587891,6.590000152587891,6.59,6.59,False
TRX,2021-01-29,DEV 2015-21,0.8500000238418579,0.8500000238418579,,0.8500000238418579,False
TRX,2025-10-08,VAL 2022-26,0.75,0.75,0.75,0.75,False
TRX,2026-01-29,VAL 2022-26,2.400000095367432,2.400000095367432,,2.400000095367432,False
TSAT,2023-08-11,VAL 2022-26,13.0,13.0,,13.0,False
TSEM,2022-02-15,VAL 2022-26,46.97999954223633,46.97999954223633,,46.97999954223633,False
TSHA,2022-10-25,VAL 2022-26,2.200000047683716,2.200000047683716,,2.200000047683716,False
TSHA,2023-08-14,VAL 2022-26,1.5199999809265137,1.5199999809265137,,1.5199999809265137,False
TSHA,2024-03-20,VAL 2022-26,2.950000047683716,2.950000047683716,,2.950000047683716,False
TSHA,2024-11-12,VAL 2022-26,2.0799999237060547,2.0799999237060547,2.08,2.08,False
TSHA,2025-10-02,VAL 2022-26,4.034999847412109,4.034999847412109,4.035,4.035,False
TSSI,2025-05-16,VAL 2022-26,13.0,13.0,13.0,13.0,False
TTEC,2024-09-30,VAL 2022-26,5.590000152587891,5.590000152587891,,5.590000152587891,False
TTEC,2025-04-02,VAL 2022-26,4.070000171661377,4.070000171661377,4.07,4.07,False
TTI,2020-05-05,DEV 2015-21,0.5600000023841858,0.5600000023841858,,0.5600000023841858,False
TTI,2020-06-08,DEV 2015-21,0.6800000071525574,0.6800000071525574,,0.6800000071525574,False
TTI,2021-02-02,DEV 2015-21,1.909999966621399,1.909999966621399,,1.909999966621399,False
TTI,2023-08-01,VAL 2022-26,5.389999866485596,5.389999866485596,,5.389999866485596,False
TTMI,2025-02-06,VAL 2022-26,30.40999984741211,30.40999984741211,30.41,30.41,False
TTMI,2025-05-01,VAL 2022-26,24.43000030517578,24.43000030517578,24.425,24.425,False
TULP,2020-10-27,DEV 2015-21,1.37000002179827,9.59000015258789,,,True
TULP,2020-11-02,DEV 2015-21,1.0999999727521623,7.699999809265137,,,True
TULP,2021-12-06,DEV 2015-21,6.599999904632568,6.599999904632568,,6.599999904632568,False
TULP,2022-07-08,VAL 2022-26,9.949999809265137,9.949999809265137,,9.949999809265137,False
TURB,2024-10-11,VAL 2022-26,4.03000020980835,4.03000020980835,4.03,4.03,False
TURB,2025-09-16,VAL 2022-26,6.230000019073486,6.230000019073486,6.23,6.23,False
TURB,2026-03-02,VAL 2022-26,1.1399999856948853,1.1399999856948853,1.14,1.14,False
TURB,2026-09-17,VAL 2022-26,1.5499999523162842,1.5499999523162842,1.55,1.55,False
TUSK,2024-07-23,VAL 2022-26,4.639999866485596,4.639999866485596,,4.639999866485596,False
TUSK,2025-04-14,VAL 2022-26,2.309999942779541,2.309999942779541,2.31,2.31,False
TUYA,2022-03-16,VAL 2022-26,2.5999999046325684,2.5999999046325684,,2.5999999046325684,False
TVGN,2024-04-04,VAL 2022-26,4.73,4.73,,4.73,False
TVGN,2024-04-26,VAL 2022-26,1.2,1.2,,1.2,False
TVGN,2024-05-13,VAL 2022-26,1.43,1.43,,1.43,False
TVGN,2024-10-14,VAL 2022-26,0.855,0.855,0.8551,0.8551,False
TVGN,2024-10-17,VAL 2022-26,1.49,1.49,1.49,1.49,False
TVGN,2025-01-27,VAL 2022-26,1.84,1.84,1.84,1.84,False
TVRD,2015-07-23,DEV 2015-21,19.46999952528212,700.9199829101562,,,True
TVRD,2018-06-27,DEV 2015-21,20.9749993218316,755.0999755859375,,,True
TVRD,2021-08-24,DEV 2015-21,17.29000006781684,622.4400024414062,,,True
TVRD,2026-06-29,VAL 2022-26,1.8200000524520876,1.8200000524520876,,1.8200000524520876,False
TVTX,2015-03-18,DEV 2015-21,19.809999465942383,19.809999465942383,,19.809999465942383,False
TVTX,2016-09-07,DEV 2015-21,20.899999618530277,20.899999618530277,,20.899999618530277,False
TVTX,2021-08-16,DEV 2015-21,20.56999969482422,20.56999969482422,,20.56999969482422,False
TWAV,2019-04-18,DEV 2015-21,2.0700000000000003,1242.0,,,True
TWAV,2020-07-22,DEV 2015-21,3.91,2346.0,,,True
TWAV,2020-08-24,DEV 2015-21,2.93,1758.0,,,True
TWAV,2023-01-05,VAL 2022-26,3.4099998474121094,136.39999389648438,,,True
TWAV,2023-10-13,VAL 2022-26,0.3900000095367432,15.600000381469728,,,True
TWAV,2024-03-20,VAL 2022-26,0.2200000047683716,8.800000190734863,,,True
TWAV,2024-09-12,VAL 2022-26,4.159999847412109,4.159999847412109,,4.159999847412109,False
TWAV,2025-04-22,VAL 2022-26,3.9600000381469727,3.9600000381469727,,3.9600000381469727,False
TWAV,2026-06-04,VAL 2022-26,2.240000009536743,2.240000009536743,2.24,2.24,False
TWG,2024-10-11,VAL 2022-26,4.00999993218316,4.00999993218316,4.01,4.01,False
TWG,2025-03-28,VAL 2022-26,0.279000006781684,0.279000006781684,0.2788,0.2788,False
TWG,2025-09-11,VAL 2022-26,6.079999923706055,6.079999923706055,6.08,6.08,False
TWG,2025-12-08,VAL 2022-26,9.510000228881836,9.510000228881836,9.51,9.51,False
TWG,2026-01-20,VAL 2022-26,8.0,8.0,8.0,8.0,False
TXMD,2017-11-06,DEV 2015-21,6.03,6.03,,6.03,False
TXMD,2020-04-30,DEV 2015-21,2.21,2.21,,2.21,False
TXMD,2022-03-07,VAL 2022-26,0.32,0.32,,0.32,False
TXMD,2022-05-31,VAL 2022-26,9.539999961853027,9.539999961853027,,9.539999961853027,False
TYGO,2023-05-24,VAL 2022-26,21.32999992370605,21.32999992370605,,21.32999992370605,False
TYGO,2025-07-30,VAL 2022-26,1.6699999570846558,1.6699999570846558,1.67,1.67,False
TZOO,2026-04-23,VAL 2022-26,9.770000457763672,9.770000457763672,,9.770000457763672,False
UAVS,2017-04-10,DEV 2015-21,0.64,16.0,,,True
UAVS,2017-10-20,DEV 2015-21,0.5900000000000001,14.75,,,True
UAVS,2018-03-20,DEV 2015-21,8.75,8.75,,8.75,False
UAVS,2018-10-25,DEV 2015-21,1.19,1.19,,1.19,False
UAVS,2018-11-27,DEV 2015-21,1.11,1.11,,1.11,False
UAVS,2020-04-15,DEV 2015-21,0.95,0.9500000000000001,,0.95,False
UAVS,2020-04-30,DEV 2015-21,3.66,3.66,,3.66,False
UAVS,2020-07-07,DEV 2015-21,1.7,1.7,,1.7,False
UAVS,2022-06-21,VAL 2022-26,0.99,0.99,,0.99,False
UAVS,2024-10-01,VAL 2022-26,10.0,0.2,0.202,0.202,False
UAVS,2024-11-14,VAL 2022-26,3.0299999713897705,3.0299999713897705,3.03,3.03,False
UAVS,2025-07-18,VAL 2022-26,2.009999990463257,2.009999990463257,2.01,2.01,False
UAVS,2026-01-02,VAL 2022-26,1.159999966621399,1.159999966621399,,1.159999966621399,False
UAVS,2026-01-13,VAL 2022-26,1.919999957084656,1.919999957084656,,1.919999957084656,False
UCAR,2023-06-01,VAL 2022-26,0.272,0.272,,0.272,False
UCAR,2024-02-06,VAL 2022-26,0.00435,0.004350000000000001,,0.00435,False
UCAR,2024-02-08,VAL 2022-26,0.0049,0.0049,,0.0049,False
UCAR,2024-04-08,VAL 2022-26,0.3940000152587891,0.39400001525878914,,0.3940000152587891,False
UCAR,2026-03-17,VAL 2022-26,0.0377999997138977,0.03779999971389771,0.7557,0.7557,False
UCAR,2026-04-01,VAL 2022-26,0.0264999985694885,0.026499998569488526,,0.0264999985694885,False
UCAR,2026-04-08,VAL 2022-26,0.0438499987125396,0.043849998712539674,0.8765,0.8765,False
UCFI,2025-07-08,VAL 2022-26,10.510000228881836,10.510000228881836,,10.510000228881836,False
UCFI,2025-10-01,VAL 2022-26,5.300000190734863,5.300000190734863,,5.300000190734863,False
UCL,2022-02-08,VAL 2022-26,2.0299999713897705,2.0299999713897705,,2.0299999713897705,False
UCL,2026-08-17,VAL 2022-26,0.9649999737739564,0.9649999737739564,,0.9649999737739564,False
UCTT,2015-07-23,DEV 2015-21,6.800000190734863,6.800000190734863,,6.800000190734863,False
UEC,2017-11-09,DEV 2015-21,1.3200000524520874,1.3200000524520874,,1.3200000524520874,False
UFG,2026-01-05,VAL 2022-26,0.9259999990463256,0.9259999990463256,,0.9259999990463256,False
UIS,2018-02-09,DEV 2015-21,10.100000381469728,10.100000381469728,,10.100000381469728,False
UIS,2020-02-06,DEV 2015-21,16.329999923706055,16.329999923706055,,16.329999923706055,False
UIS,2026-02-25,VAL 2022-26,2.5999999046325684,2.5999999046325684,,2.5999999046325684,False
ULBI,2021-05-18,DEV 2015-21,11.390000343322754,11.390000343322754,,11.390000343322754,False
ULBI,2023-07-27,VAL 2022-26,6.460000038146973,6.460000038146973,,6.460000038146973,False
ULBI,2024-02-15,VAL 2022-26,9.600000381469728,9.600000381469728,,9.600000381469728,False
ULBI,2024-04-25,VAL 2022-26,10.5,10.5,,10.5,False
ULH,2024-04-26,VAL 2022-26,40.54999923706055,40.54999923706055,,40.54999923706055,False
UMAC,2024-03-11,VAL 2022-26,3.740000009536743,3.740000009536743,,3.740000009536743,False
UMAC,2024-11-25,VAL 2022-26,5.340000152587891,5.340000152587891,5.34,5.34,False
UMAC,2024-11-27,VAL 2022-26,10.159000396728516,10.159000396728516,10.159,10.159,False
UNCY,2023-03-06,VAL 2022-26,1.4100000381469728,1.4100000381469728,,1.4100000381469728,False
UNF,2025-01-07,VAL 2022-26,236.77999877929688,236.77999877929688,236.775,236.775,False
UONE,2020-08-25,DEV 2015-21,6.540000152587891,6.540000152587891,,6.540000152587891,False
UONE,2021-01-27,DEV 2015-21,7.330000305175782,7.330000305175782,,7.330000305175782,False
UONEK,2020-06-17,DEV 2015-21,6.800000000000001,6.800000000000001,,6.800000000000001,False
UP,2023-08-15,VAL 2022-26,2.0,2.0,,2.0,False
UP,2026-01-12,VAL 2022-26,0.8550000190734863,0.8550000190734863,,0.8550000190734863,False
UPC,2024-12-06,VAL 2022-26,3.0200000762939454,3.020000076293945,3.02,3.02,False
UPC,2025-02-07,VAL 2022-26,0.2069999933242798,0.2069999933242798,0.2065,0.2065,False
UPC,2025-02-21,VAL 2022-26,0.2589999914169311,0.25899999141693114,0.2592,0.2592,False
UPC,2025-10-08,VAL 2022-26,7.409999847412109,7.409999847412109,7.41,7.41,False
UPC,2026-06-29,VAL 2022-26,17.170000076293945,17.170000076293945,17.17,17.17,False
UPC,2026-08-03,VAL 2022-26,7.019999980926514,7.019999980926514,7.02,7.02,False
UPWK,2023-08-03,VAL 2022-26,13.0,13.0,,13.0,False
UPWK,2023-11-08,VAL 2022-26,14.699999809265137,14.699999809265137,,14.699999809265137,False
UPXI,2021-07-28,DEV 2015-21,6.1200000762939455,6.1200000762939455,,6.1200000762939455,False
UPXI,2021-10-14,DEV 2015-21,7.9,7.9,,7.9,False
UPXI,2024-10-17,VAL 2022-26,3.3299999237060547,3.3299999237060547,3.33,3.33,False
UPXI,2024-10-25,VAL 2022-26,9.079999923706056,9.079999923706056,9.08,9.08,False
UPXI,2025-04-21,VAL 2022-26,10.239999771118164,10.239999771118164,10.24,10.24,False
USAR,2025-04-04,VAL 2022-26,8.5,8.5,8.5,8.5,False
USAR,2025-04-15,VAL 2022-26,14.3100004196167,14.3100004196167,14.31,14.31,False
USAU,2020-03-24,DEV 2015-21,4.880000114440918,4.880000114440918,,4.880000114440918,False
USBC,2025-01-02,VAL 2022-26,0.2099999904632568,8.399999618530273,,,True
USBC,2025-06-06,VAL 2022-26,1.0299999713897705,1.0299999713897705,,1.0299999713897705,False
USBC,2025-06-09,VAL 2022-26,3.4200000762939453,3.4200000762939453,,3.4200000762939453,False
USDE,2026-08-21,VAL 2022-26,5.039999961853027,5.039999961853027,,5.039999961853027,False
USGO,2025-02-03,VAL 2022-26,11.989999771118164,11.989999771118164,11.99,11.99,False
USIO,2020-05-27,DEV 2015-21,2.819999933242798,2.819999933242798,,2.819999933242798,False
USIO,2020-12-09,DEV 2015-21,2.490000009536743,2.490000009536743,,2.490000009536743,False
USNA,2015-08-05,DEV 2015-21,156.14999389648438,156.14999389648438,,156.14999389648438,False
USNA,2020-02-05,DEV 2015-21,81.95999908447266,81.95999908447266,,81.95999908447266,False
UTSI,2020-08-31,DEV 2015-21,1.7999999523162842,1.7999999523162842,,1.7999999523162842,False
UTSI,2020-12-10,DEV 2015-21,1.9299999475479128,1.9299999475479126,,1.9299999475479128,False
UTZ,2026-07-21,VAL 2022-26,14.079999923706056,14.079999923706056,14.08,14.08,False
UUU,2018-08-06,DEV 2015-21,2.5,2.5,,2.5,False
UUU,2020-10-29,DEV 2015-21,4.739999771118164,4.739999771118164,,4.739999771118164,False
UUU,2020-12-29,DEV 2015-21,12.289999961853027,12.289999961853027,,12.289999961853027,False
UUU,2022-02-25,VAL 2022-26,4.019999980926514,4.019999980926514,,4.019999980926514,False
UUU,2022-04-12,VAL 2022-26,5.0,5.0,,5.0,False
UUU,2024-10-31,VAL 2022-26,2.009999990463257,2.009999990463257,,2.009999990463257,False
UUU,2025-09-02,VAL 2022-26,5.789999961853027,5.789999961853027,5.79,5.79,False
UWMC,2021-11-19,DEV 2015-21,6.690000057220459,6.690000057220459,,6.690000057220459,False
UXIN,2020-10-20,DEV 2015-21,1.6200000000000003,1.6200000000000003,,1.6200000000000003,False
UXIN,2022-05-16,VAL 2022-26,0.5100000000000001,0.5100000000000001,,0.5100000000000001,False
UZX,2024-09-23,VAL 2022-26,0.5050000066342561,5.050000066342561,,,True
UZX,2024-10-24,VAL 2022-26,0.4780000106148098,4.780000106148097,,,True
UZX,2025-10-16,VAL 2022-26,2.8799999071204145,2.8799999071204145,,2.8799999071204145,False
UZX,2026-05-26,VAL 2022-26,0.7149999867314878,0.7149999867314878,0.7154,0.7154,False
UZX,2026-05-27,VAL 2022-26,1.0499999834143596,1.0499999834143598,,1.0499999834143596,False
UZX,2026-09-14,VAL 2022-26,2.575999975204468,0.1119999989219334,,,True
VAI,2019-11-15,DEV 2015-21,1.1000000000000003,110.0,,,True
VAI,2020-02-18,DEV 2015-21,0.8900000000000001,89.0,,,True
VAI,2020-06-18,DEV 2015-21,0.8700000000000002,87.0,,,True
VAI,2020-07-08,DEV 2015-21,2.03,203.0,,,True
VAI,2020-07-09,DEV 2015-21,2.3000000000000003,230.0,,,True
VAI,2020-09-25,DEV 2015-21,0.8800000000000001,88.0,,,True
VAI,2020-10-20,DEV 2015-21,1.8700000000000003,187.0,,,True
VAI,2021-01-21,DEV 2015-21,1.6400000000000003,164.0,,,True
VAI,2022-05-25,VAL 2022-26,1.1100000381469728,11.100000381469728,,,True
VAI,2025-09-03,VAL 2022-26,3.4600000381469727,3.4600000381469727,,3.4600000381469727,False
VAI,2026-08-11,VAL 2022-26,1.899999976158142,1.899999976158142,,1.899999976158142,False
VALN,2021-10-18,DEV 2015-21,37.5099983215332,37.5099983215332,,37.5099983215332,False
VALN,2022-06-21,VAL 2022-26,25.899999618530277,25.899999618530277,,25.899999618530277,False
VALN,2026-08-14,VAL 2022-26,7.0,7.0,,7.0,False
VANI,2016-07-07,DEV 2015-21,4.159999847412109,4.159999847412109,,4.159999847412109,False
VANI,2017-04-13,DEV 2015-21,1.440000057220459,1.440000057220459,,1.440000057220459,False
VANI,2020-06-09,DEV 2015-21,1.7100000381469729,1.7100000381469727,,1.7100000381469729,False
VANI,2021-01-26,DEV 2015-21,2.589999993642171,2.589999993642171,,2.589999993642171,False
VANI,2021-03-05,DEV 2015-21,2.289999961853028,2.2899999618530273,,2.289999961853028,False
VANI,2023-05-02,VAL 2022-26,1.309999942779541,1.309999942779541,,1.309999942779541,False
VANI,2024-02-28,VAL 2022-26,6.050000190734863,6.050000190734863,,6.050000190734863,False
VATE,2018-05-02,DEV 2015-21,7.780000305175782,0.02593333435058594,,,True
VATE,2025-01-21,VAL 2022-26,7.429999828338623,7.429999828338623,7.43,7.43,False
VATE,2026-08-07,VAL 2022-26,11.039999961853027,11.039999961853027,,11.039999961853027,False
VBIO,2023-05-10,VAL 2022-26,0.188,319.6,,,True
VBIO,2023-05-11,VAL 2022-26,0.2,340.0,,,True
VBIO,2023-06-27,VAL 2022-26,0.145,246.5,,,True
VBIO,2023-08-17,VAL 2022-26,9.0,153.0,,,True
VBIO,2023-08-29,VAL 2022-26,3.96,67.32000000000001,,,True
VBIO,2023-11-13,VAL 2022-26,2.28,38.76,,,True
VBIO,2024-05-08,VAL 2022-26,1.55,26.35,,,True
VBIO,2024-07-25,VAL 2022-26,0.455,7.735,,,True
VBIO,2024-07-29,VAL 2022-26,0.5900000000000001,10.03,,,True
VBIO,2024-11-08,VAL 2022-26,0.455,7.735,,,True
VBIO,2024-12-24,VAL 2022-26,0.38,6.46,,,True
VBIO,2025-02-12,VAL 2022-26,0.385,6.545,,,True
VBIO,2025-04-03,VAL 2022-26,4.84,4.84,,4.84,False
VBIO,2025-04-22,VAL 2022-26,11.57,11.57,,11.57,False
VBIO,2025-08-15,VAL 2022-26,5.09,5.09,,5.09,False
VBIO,2025-12-23,VAL 2022-26,2.23,2.23,,2.23,False
VBIO,2026-04-24,VAL 2022-26,1.35,1.35,,1.35,False
VCEL,2016-03-10,DEV 2015-21,3.950000047683716,3.950000047683716,,3.950000047683716,False
VCEL,2016-12-14,DEV 2015-21,4.0,4.0,,4.0,False
VCEL,2018-11-06,DEV 2015-21,14.25,14.25,,14.25,False
VCIG,2023-06-20,VAL 2022-26,3.8,3.7999999999999994,,3.8,False
VCIG,2023-08-23,VAL 2022-26,5.539999999999999,5.539999999999999,,5.539999999999999,False
VCIG,2024-02-13,VAL 2022-26,1.81,1.8099999999999996,,1.81,False
VCIG,2024-10-29,VAL 2022-26,0.1129999999999999,0.11299999999999998,0.1132,0.1132,False
VCIG,2024-11-27,VAL 2022-26,2.49,2.49,2.49,2.49,False
VCIG,2025-01-27,VAL 2022-26,1.51,1.51,1.51,1.51,False
VCIG,2025-05-29,VAL 2022-26,3.46,3.46,3.46,3.46,False
VCIG,2025-06-04,VAL 2022-26,3.79,3.79,3.79,3.79,False
VCIG,2025-07-16,VAL 2022-26,1.34,1.34,1.34,1.34,False
VCIG,2025-08-19,VAL 2022-26,1.09,1.09,1.09,1.09,False
VCIG,2025-10-30,VAL 2022-26,3.545,3.545,3.545,3.545,False
VCIG,2025-11-10,VAL 2022-26,1.34,1.34,1.34,1.34,False
VCIG,2025-11-12,VAL 2022-26,1.65,1.65,1.65,1.65,False
VCIG,2026-03-04,VAL 2022-26,21.8,21.8,21.8,21.8,False
VCIG,2026-05-26,VAL 2022-26,1.65500005086263,1.6550000508626301,,1.65500005086263,False
VCIG,2026-08-26,VAL 2022-26,3.930000066757202,3.930000066757202,,3.930000066757202,False
VEEA,2024-09-18,VAL 2022-26,7.80999984741211,7.80999984741211,,7.80999984741211,False
VEEA,2026-02-27,VAL 2022-26,0.5389999866485596,0.5389999866485596,,0.5389999866485596,False
VEEA,2026-09-15,VAL 2022-26,4.329999923706055,4.329999923706055,4.33,4.33,False
VEEE,2022-08-12,VAL 2022-26,5.959999868032095,5.959999868032095,,5.959999868032095,False
VEEE,2024-10-24,VAL 2022-26,0.5439999967008023,0.5439999967008023,0.5442,0.5442,False
VEEE,2025-09-05,VAL 2022-26,3.129999934016048,3.129999934016048,3.13,3.13,False
VEEE,2026-07-13,VAL 2022-26,12.239999771118164,12.239999771118164,12.24,12.24,False
VEEE,2026-09-21,VAL 2022-26,14.5,14.5,14.5,14.5,False
VELO,2025-08-21,VAL 2022-26,3.809999942779541,3.809999942779541,3.81,3.81,False
VELO,2025-08-25,VAL 2022-26,5.0,5.0,5.0,5.0,False
VELO,2025-12-10,VAL 2022-26,8.010000228881836,8.010000228881836,8.01,8.01,False
VENU,2026-01-29,VAL 2022-26,6.440000057220459,6.440000057220459,,6.440000057220459,False
VEON,2018-07-03,DEV 2015-21,2.9,2.9,,2.9,False
VEON,2022-11-25,VAL 2022-26,0.6,0.6,,0.6,False
VEON,2025-07-11,VAL 2022-26,56.95000076293945,56.95000076293945,56.95,56.95,False
VERA,2024-01-25,VAL 2022-26,22.26000022888184,22.26000022888184,,22.26000022888184,False
VERI,2018-12-10,DEV 2015-21,7.960000038146973,7.960000038146973,,7.960000038146973,False
VERU,2020-12-10,DEV 2015-21,4.829999923706055,4.829999923706055,,4.829999923706055,False
VERU,2021-05-05,DEV 2015-21,10.45999984741211,10.45999984741211,,10.45999984741211,False
VERU,2022-04-11,VAL 2022-26,5.990000152587891,5.990000152587891,,5.990000152587891,False
VERX,2024-02-29,VAL 2022-26,31.0,31.0,,31.0,False
VFF,2025-08-11,VAL 2022-26,2.2699999809265137,2.2699999809265137,2.27,2.27,False
VFS,2023-08-15,VAL 2022-26,22.0,22.0,,22.0,False
VHC,2016-02-04,DEV 2015-21,8.85,8.85,,8.85,False
VHC,2016-10-03,DEV 2015-21,4.80999984741211,4.809999847412111,,4.80999984741211,False
VHC,2017-10-02,DEV 2015-21,5.1000000000000005,5.1000000000000005,,5.1000000000000005,False
VHC,2018-04-11,DEV 2015-21,5.1000000000000005,5.1000000000000005,,5.1000000000000005,False
VHC,2018-08-31,DEV 2015-21,3.5500000000000003,3.5500000000000003,,3.5500000000000003,False
VHC,2023-03-30,VAL 2022-26,2.25,2.25,,2.25,False
VHC,2025-10-17,VAL 2022-26,21.76000022888184,21.76000022888184,21.76,21.76,False
VIAV,2025-01-31,VAL 2022-26,12.119999885559082,12.119999885559082,12.12,12.12,False
VIAV,2025-08-08,VAL 2022-26,12.399999618530272,12.399999618530272,12.4,12.4,False
VICR,2025-07-23,VAL 2022-26,62.650001525878906,62.650001525878906,62.65,62.65,False
VIOT,2025-07-08,VAL 2022-26,3.25,3.25,3.25,3.25,False
VIOT,2026-09-02,VAL 2022-26,1.1799999475479126,1.1799999475479126,,1.1799999475479126,False
VIP,2021-03-22,DEV 2015-21,7.970000317382812,385.024169921875,,,True
VIP,2024-11-15,VAL 2022-26,3.809999942779541,3.809999942779541,,3.809999942779541,False
VIP,2025-11-10,VAL 2022-26,1.9299999475479128,1.9299999475479128,,1.9299999475479128,False
VIR,2020-01-27,DEV 2015-21,25.93000030517578,25.93000030517578,,25.93000030517578,False
VIR,2020-02-27,DEV 2015-21,68.98999786376953,68.98999786376953,,68.98999786376953,False
VIR,2024-12-03,VAL 2022-26,10.0,10.0,10.0,10.0,False
VIR,2025-01-08,VAL 2022-26,12.550000190734863,12.550000190734863,12.55,12.55,False
VIR,2026-02-24,VAL 2022-26,9.835000038146973,9.835000038146973,,9.835000038146973,False
VISN,2024-07-18,VAL 2022-26,2.319999933242798,2.319999933242798,,2.319999933242798,False
VIVK,2022-04-27,VAL 2022-26,3.0399998857421875,2.9400385742187503,,,True
VIVK,2022-06-16,VAL 2022-26,2.22000001953125,2.147001953125,,,True
VIVK,2025-05-29,VAL 2022-26,0.8800000134277344,0.8510638427734375,0.88,0.88,False
VIVK,2025-05-30,VAL 2022-26,1.0799999992675782,1.0444874267578126,1.08,1.08,False
VIVK,2025-09-30,VAL 2022-26,0.3777000122070312,0.37770001220703125,0.3777,0.3777,False
VIVK,2025-10-15,VAL 2022-26,0.25,0.25,0.25,0.25,False
VIVK,2025-10-16,VAL 2022-26,0.479,0.47900000000000004,0.479,0.479,False
VIVK,2025-10-24,VAL 2022-26,0.38,0.38,0.38,0.38,False
VIVK,2025-12-23,VAL 2022-26,0.08,0.08,0.08,0.08,False
VIVK,2026-04-27,VAL 2022-26,3.0,3.0,,3.0,False
VIVK,2026-06-17,VAL 2022-26,0.7046000003814697,0.7046000003814699,,0.7046000003814697,False
VIVK,2026-07-21,VAL 2022-26,4.760000228881836,4.760000228881836,4.76,4.76,False
VIVK,2026-09-02,VAL 2022-26,1.0499999523162842,1.0499999523162842,,1.0499999523162842,False
VIVO,2018-11-02,DEV 2015-21,1.65,16.5,,,True
VIVO,2019-07-12,DEV 2015-21,1.9399999618530277,19.399999618530277,,,True
VIVO,2020-02-25,DEV 2015-21,1.7799999237060549,17.799999237060547,,,True
VIVO,2020-06-03,DEV 2015-21,1.3600000381469728,13.600000381469728,,,True
VIVO,2020-08-25,DEV 2015-21,4.229999923706055,42.29999923706055,,,True
VIVO,2020-10-09,DEV 2015-21,15.83999938964844,158.39999389648438,,,True
VIVO,2020-12-23,DEV 2015-21,10.36999969482422,103.6999969482422,,,True
VIVO,2023-05-16,VAL 2022-26,0.6599999904632569,6.599999904632568,,,True
VIVO,2024-04-02,VAL 2022-26,4.679999828338623,4.679999828338623,,4.679999828338623,False
VIVO,2024-07-03,VAL 2022-26,3.059999942779541,3.059999942779541,,3.059999942779541,False
VIVO,2024-07-10,VAL 2022-26,4.320000171661377,4.320000171661377,,4.320000171661377,False
VIVO,2025-03-21,VAL 2022-26,1.3200000524520874,1.3200000524520874,,1.3200000524520874,False
VIVO,2025-03-26,VAL 2022-26,3.309999942779541,3.309999942779541,,3.309999942779541,False
VIVO,2025-05-30,VAL 2022-26,5.494999885559082,5.494999885559082,,5.494999885559082,False
VIVO,2025-12-12,VAL 2022-26,3.059999942779541,3.059999942779541,,3.059999942779541,False
VIVS,2019-05-30,DEV 2015-21,0.8799999872843425,211.1999969482422,,,True
VIVS,2024-04-15,VAL 2022-26,1.6600000063578286,19.920000076293945,,,True
VIVS,2025-02-25,VAL 2022-26,1.25,15.0,,,True
VIVS,2026-01-30,VAL 2022-26,2.950000047683716,2.950000047683716,2.95,2.95,False
VIVS,2026-07-15,VAL 2022-26,1.4900000095367432,1.4900000095367432,1.49,1.49,False
VKTX,2017-12-06,DEV 2015-21,3.509999990463257,3.509999990463257,,3.509999990463257,False
VKTX,2018-05-31,DEV 2015-21,6.75,6.75,,6.75,False
VKTX,2022-12-19,VAL 2022-26,5.449999809265137,5.449999809265137,,5.449999809265137,False
VMAR,2024-09-13,VAL 2022-26,2.47,2.47,,2.47,False
VMAR,2024-09-19,VAL 2022-26,0.741,0.741,,0.741,False
VMAR,2024-11-08,VAL 2022-26,4.010000000000002,4.010000000000002,4.01,4.01,False
VMAR,2024-12-02,VAL 2022-26,2.720000000000001,2.720000000000001,2.72,2.72,False
VMAR,2025-01-10,VAL 2022-26,2.3000000000000007,2.3000000000000007,2.3,2.3,False
VMAR,2025-02-27,VAL 2022-26,0.9000000000000002,0.9000000000000002,0.8998,0.8998,False
VMAR,2026-07-14,VAL 2022-26,1.8100000381469727,1.8100000381469727,,1.8100000381469727,False
VNCE,2017-05-19,DEV 2015-21,0.55,0.55,,0.55,False
VNCE,2025-01-23,VAL 2022-26,4.380000114440918,4.380000114440918,4.38,4.38,False
VNCE,2025-09-11,VAL 2022-26,3.5299999713897705,3.5299999713897705,3.53,3.53,False
VNDA,2019-08-01,DEV 2015-21,15.5,15.5,,15.5,False
VNDA,2024-04-17,VAL 2022-26,5.420000076293945,5.420000076293945,,5.420000076293945,False
VNDA,2024-06-06,VAL 2022-26,6.46999979019165,6.46999979019165,,6.46999979019165,False
VNDA,2025-12-31,VAL 2022-26,8.529999732971191,8.529999732971191,8.53,8.53,False
VNDA,2026-02-23,VAL 2022-26,8.050000190734863,8.050000190734863,,8.050000190734863,False
VNRX,2020-07-14,DEV 2015-21,5.2,5.2,,5.2,False
VNRX,2025-12-17,VAL 2022-26,0.2900000095367431,0.29000000953674315,0.2934,0.2934,False
VNRX,2026-01-08,VAL 2022-26,0.35,0.35000000000000003,,0.35,False
VNRX,2026-03-18,VAL 2022-26,0.2900000095367431,0.29000000953674315,0.2889,0.2889,False
VNRX,2026-03-25,VAL 2022-26,0.2400000095367431,0.24000000953674316,,0.2400000095367431,False
VNRX,2026-08-27,VAL 2022-26,0.6499999761581421,0.6499999761581421,0.6477,0.6477,False
VOR,2025-06-26,VAL 2022-26,1.0,1.0,1.0,1.0,False
VOR,2025-08-13,VAL 2022-26,2.070000076293945,2.0700000762939452,2.07,2.07,False
VOR,2025-12-09,VAL 2022-26,10.55500030517578,10.55500030517578,10.555,10.555,False
VPG,2026-05-12,VAL 2022-26,83.94000244140625,83.94000244140625,,83.94000244140625,False
VRA,2015-09-02,DEV 2015-21,12.550000190734863,12.550000190734863,,12.550000190734863,False
VRA,2026-03-12,VAL 2022-26,2.990000009536743,2.990000009536743,,2.990000009536743,False
VRAX,2022-09-20,VAL 2022-26,3.5700000000000003,3.5700000000000003,,3.5700000000000003,False
VRAX,2022-11-03,VAL 2022-26,2.51,2.5100000000000002,,2.51,False
VRAX,2023-03-07,VAL 2022-26,1.55,1.55,,1.55,False
VRAX,2023-04-19,VAL 2022-26,0.851,0.851,,0.851,False
VRAX,2024-06-06,VAL 2022-26,2.58,2.58,,2.58,False
VRAX,2024-08-19,VAL 2022-26,5.0200000000000005,5.0200000000000005,,5.0200000000000005,False
VRAX,2024-10-23,VAL 2022-26,3.33,3.33,3.33,3.33,False
VRAX,2025-12-03,VAL 2022-26,0.8380000305175781,0.8380000305175781,0.8378,0.8378,False
VRAX,2026-03-31,VAL 2022-26,0.2460000038146972,0.24600000381469728,0.2463,0.2463,False
VRAX,2026-04-13,VAL 2022-26,0.1820000076293945,0.18200000762939453,0.1819,0.1819,False
VRAX,2026-05-18,VAL 2022-26,0.3029999923706055,0.3029999923706055,0.3026,0.3026,False
VRAX,2026-05-19,VAL 2022-26,0.354000015258789,0.35400001525878905,0.3545,0.3545,False
VRAX,2026-07-09,VAL 2022-26,11.09000015258789,11.09000015258789,11.09,11.09,False
VRDN,2015-09-23,DEV 2015-21,1.87,1.87,,1.87,False
VRDN,2020-01-30,DEV 2015-21,2.2,2.2,,2.2,False
VRDN,2020-06-17,DEV 2015-21,1.2,1.2,,1.2,False
VRDN,2020-07-24,DEV 2015-21,1.5900000254313151,1.5900000254313151,,1.5900000254313151,False
VRDN,2020-10-28,DEV 2015-21,1.15500005086263,1.1550000508626301,,1.15500005086263,False
VRDN,2022-08-15,VAL 2022-26,20.01000022888184,20.01000022888184,,20.01000022888184,False
VREX,2021-02-05,DEV 2015-21,25.0,25.0,,25.0,False
VREX,2026-08-10,VAL 2022-26,18.38999938964844,18.38999938964844,,18.38999938964844,False
VRME,2022-07-01,VAL 2022-26,2.720000028610229,0.27200000286102294,,,True
VRME,2023-12-08,VAL 2022-26,1.2599999904632568,0.1259999990463257,,,True
VRME,2024-12-31,VAL 2022-26,1.7400000095367432,0.17400000095367432,1.74,1.74,False
VRME,2025-01-02,VAL 2022-26,2.0,0.2,2.0,2.0,False
VRME,2025-07-31,VAL 2022-26,1.2300000190734863,0.12300000190734864,1.23,1.23,False
VRME,2026-01-05,VAL 2022-26,1.0800000429153442,0.10800000429153443,1.08,1.08,False
VRRM,2026-07-29,VAL 2022-26,5.75,5.75,,5.75,False
VS,2022-07-12,VAL 2022-26,0.693500010172526,0.693500010172526,,0.693500010172526,False
VS,2022-07-22,VAL 2022-26,0.4887000083923339,0.48870000839233396,,0.4887000083923339,False
VS,2022-07-25,VAL 2022-26,0.6099000295003255,0.6099000295003255,,0.6099000295003255,False
VS,2022-07-26,VAL 2022-26,0.5953999837239583,0.5953999837239583,,0.5953999837239583,False
VS,2023-01-10,VAL 2022-26,0.7300000190734863,0.7300000190734862,,0.7300000190734863,False
VS,2023-02-01,VAL 2022-26,2.8499999046325684,2.849999904632568,,2.8499999046325684,False
VS,2023-05-10,VAL 2022-26,1.0099999904632568,1.0099999904632568,,1.0099999904632568,False
VS,2023-10-12,VAL 2022-26,0.4399999976158142,0.4399999976158142,,0.4399999976158142,False
VS,2023-10-13,VAL 2022-26,0.4370000064373016,0.43700000643730164,,0.4370000064373016,False
VS,2023-11-24,VAL 2022-26,0.2511000037193298,0.25110000371932983,,0.2511000037193298,False
VS,2024-07-02,VAL 2022-26,2.4100000858306885,2.4100000858306885,,2.4100000858306885,False
VS,2024-10-16,VAL 2022-26,3.740000009536743,3.740000009536743,3.74,3.74,False
VS,2025-01-17,VAL 2022-26,3.400000095367432,3.400000095367432,3.4,3.4,False
VSA,2020-04-24,DEV 2015-21,4.76,23.8,,,True
VSA,2024-02-16,VAL 2022-26,1.94,1.94,,1.94,False
VSA,2025-01-31,VAL 2022-26,0.39,0.39,,0.39,False
VSA,2026-03-27,VAL 2022-26,1.9149999618530276,1.9149999618530278,,1.9149999618530276,False
VSA,2026-04-15,VAL 2022-26,0.9229999542236328,0.9229999542236329,0.9231,0.9231,False
VSA,2026-06-02,VAL 2022-26,7.679999828338623,7.679999828338623,7.68,7.68,False
VSME,2024-01-24,VAL 2022-26,0.399000004359654,0.399000004359654,,0.399000004359654,False
VSME,2024-08-15,VAL 2022-26,1.0199999809265137,1.019999980926514,,1.0199999809265137,False
VSME,2024-10-17,VAL 2022-26,3.4200000762939453,3.4200000762939453,3.42,3.42,False
VSME,2025-01-02,VAL 2022-26,1.95,1.9500000000000002,1.95,1.95,False
VSME,2026-06-10,VAL 2022-26,3.700000047683716,3.700000047683716,3.7,3.7,False
VSME,2026-09-14,VAL 2022-26,1.2899999618530271,1.2899999618530271,,1.2899999618530271,False
VSTM,2017-09-06,DEV 2015-21,5.53000005086263,5.53000005086263,,5.53000005086263,False
VSTM,2020-02-28,DEV 2015-21,2.5,2.5,,2.5,False
VSTM,2021-09-20,DEV 2015-21,3.3200000127156573,3.3200000127156573,,3.3200000127156573,False
VSTM,2024-12-31,VAL 2022-26,4.909999847412109,4.909999847412109,4.91,4.91,False
VSTS,2026-02-10,VAL 2022-26,8.989999771118164,8.989999771118164,,8.989999771118164,False
VSTS,2026-05-12,VAL 2022-26,11.779999732971191,11.779999732971191,,11.779999732971191,False
VTAK,2021-05-12,DEV 2015-21,4.1,4.1,,4.1,False
VTAK,2022-07-05,VAL 2022-26,0.4499999999999999,0.44999999999999996,,0.4499999999999999,False
VTAK,2022-09-12,VAL 2022-26,0.2199999999999999,0.21999999999999997,,0.2199999999999999,False
VTAK,2022-09-21,VAL 2022-26,0.1699999999999999,0.16999999999999998,,0.1699999999999999,False
VTAK,2022-10-18,VAL 2022-26,7.7,7.7,,7.7,False
VTAK,2022-12-01,VAL 2022-26,3.0800000642475327,3.0800000642475327,,3.0800000642475327,False
VTAK,2022-12-02,VAL 2022-26,4.05,4.05,,4.05,False
VTAK,2024-10-18,VAL 2022-26,1.3099999678762335,1.3099999678762337,1.31,1.31,False
VTAK,2025-06-11,VAL 2022-26,0.7099999879535875,0.7099999879535875,0.7121,0.7121,False
VTAK,2025-08-18,VAL 2022-26,4.059999942779541,4.059999942779541,4.06,4.06,False
VTAK,2026-02-13,VAL 2022-26,1.649999976158142,1.649999976158142,,1.649999976158142,False
VTAK,2026-03-10,VAL 2022-26,2.0199999809265137,2.0199999809265137,,2.0199999809265137,False
VTAK,2026-06-23,VAL 2022-26,1.1399999856948853,1.1399999856948853,,1.1399999856948853,False
VTAK,2026-06-24,VAL 2022-26,1.4500000476837158,1.4500000476837158,1.45,1.45,False
VTAK,2026-07-08,VAL 2022-26,1.2100000381469729,1.2100000381469729,1.21,1.21,False
VTGN,2017-10-26,DEV 2015-21,1.35,1.35,,1.35,False
VTGN,2017-12-06,DEV 2015-21,1.1300000508626302,1.1300000508626302,,1.1300000508626302,False
VTGN,2018-05-25,DEV 2015-21,1.6699999491373698,1.6699999491373696,,1.6699999491373698,False
VTGN,2019-12-10,DEV 2015-21,0.5299999872843424,0.5299999872843424,,0.5299999872843424,False
VTGN,2020-12-18,DEV 2015-21,1.15,1.15,,1.15,False
VTGN,2022-12-06,VAL 2022-26,0.1600000063578287,0.16000000635782877,,0.1600000063578287,False
VTGN,2023-03-22,VAL 2022-26,0.1699999968210856,0.1699999968210856,,0.1699999968210856,False
VTGN,2023-04-06,VAL 2022-26,0.1600000063578287,0.16000000635782877,,0.1600000063578287,False
VTGN,2023-05-31,VAL 2022-26,0.1800000031789143,0.18000000317891438,,0.1800000031789143,False
VTGN,2026-09-23,VAL 2022-26,0.3899999856948852,0.3899999856948852,0.3861,0.3861,False
VTSI,2021-03-30,DEV 2015-21,7.260000228881836,7.260000228881836,,7.260000228881836,False
VTSI,2024-04-02,VAL 2022-26,11.850000381469728,11.850000381469728,,11.850000381469728,False
VTSI,2025-05-13,VAL 2022-26,5.679999828338623,5.679999828338623,5.68,5.68,False
VTVT,2018-05-31,DEV 2015-21,2.360000038146973,2.3600000381469726,,2.360000038146973,False
VTVT,2018-10-03,DEV 2015-21,2.9000000000000004,2.9000000000000004,,2.9000000000000004,False
VTVT,2018-10-05,DEV 2015-21,3.9400001525878903,3.9400001525878907,,3.9400001525878903,False
VTVT,2018-12-28,DEV 2015-21,1.3699999809265138,1.3699999809265138,,1.3699999809265138,False
VTVT,2018-12-31,DEV 2015-21,2.9299999237060548,2.929999923706055,,2.9299999237060548,False
VTVT,2020-02-10,DEV 2015-21,3.84000015258789,3.8400001525878906,,3.84000015258789,False
VTVT,2020-12-11,DEV 2015-21,4.1000000000000005,4.1000000000000005,,4.1000000000000005,False
VTVT,2022-06-01,VAL 2022-26,0.8829999923706056,0.8829999923706056,,0.8829999923706056,False
VTVT,2022-07-25,VAL 2022-26,0.9,0.9,,0.9,False
VTVT,2024-02-28,VAL 2022-26,13.100000381469728,13.100000381469728,,13.100000381469728,False
VTVT,2025-03-17,VAL 2022-26,18.0,18.0,18.0,18.0,False
VUZI,2018-01-08,DEV 2015-21,9.25,9.25,,9.25,False
VUZI,2024-09-03,VAL 2022-26,1.059999942779541,1.059999942779541,,1.059999942779541,False
VVOS,2021-08-23,DEV 2015-21,6.5200000000000005,6.5200000000000005,,6.5200000000000005,False
VVOS,2022-01-19,VAL 2022-26,2.025,2.025,,2.025,False
VVOS,2023-01-04,VAL 2022-26,2.06,2.06,,2.06,False
VVOS,2023-03-01,VAL 2022-26,0.79,0.79,,0.79,False
VVOS,2023-08-08,VAL 2022-26,0.53,0.53,,0.53,False
VVOS,2023-10-04,VAL 2022-26,6.75,0.27,,,True
VVOS,2023-11-29,VAL 2022-26,11.93000030517578,11.93000030517578,,11.93000030517578,False
VVOS,2024-09-18,VAL 2022-26,3.4200000762939453,3.4200000762939453,,3.4200000762939453,False
VVOS,2025-07-01,VAL 2022-26,4.210000038146973,4.210000038146973,4.21,4.21,False
VVOS,2026-08-31,VAL 2022-26,0.395000010728836,0.395000010728836,0.395,0.395,False
VXZ,2020-03-09,DEV 2015-21,28.899999618530277,28.899999618530273,,28.899999618530277,False
VYGR,2016-12-08,DEV 2015-21,17.5,17.5,,17.5,False
VYGR,2019-01-29,DEV 2015-21,11.239999771118164,11.239999771118164,,11.239999771118164,False
VYGR,2021-10-06,DEV 2015-21,3.990000009536743,3.990000009536743,,3.990000009536743,False
VYGR,2022-03-08,VAL 2022-26,4.800000190734863,4.800000190734863,,4.800000190734863,False
VYGR,2023-01-09,VAL 2022-26,8.630000114440918,8.630000114440918,,8.630000114440918,False
VYGR,2024-01-02,VAL 2022-26,10.529999732971191,10.529999732971191,,10.529999732971191,False
W,2015-03-04,DEV 2015-21,30.5,30.5,,30.5,False
WAFU,2020-01-08,DEV 2015-21,3.440000057220459,3.440000057220459,,3.440000057220459,False
WAFU,2020-06-11,DEV 2015-21,11.0,11.0,,11.0,False
WAFU,2021-03-26,DEV 2015-21,8.609999656677246,8.609999656677246,,8.609999656677246,False
WAFU,2023-05-02,VAL 2022-26,4.010000228881836,4.010000228881836,,4.010000228881836,False
WAFU,2025-02-25,VAL 2022-26,3.289999961853028,3.289999961853028,3.29,3.29,False
WAFU,2026-08-11,VAL 2022-26,1.830000042915344,1.830000042915344,,1.830000042915344,False
WAFU,2026-09-16,VAL 2022-26,1.7000000476837158,1.7000000476837158,,1.7000000476837158,False
WALD,2026-04-29,VAL 2022-26,1.0399999618530271,1.0399999618530271,,1.0399999618530271,False
WATT,2017-12-27,DEV 2015-21,17.35,17.35,,17.35,False
WATT,2018-12-27,DEV 2015-21,6.03,6.03,,6.03,False
WATT,2020-04-21,DEV 2015-21,2.73,2.73,,2.73,False
WATT,2020-06-17,DEV 2015-21,3.51,3.5100000000000002,,3.51,False
WATT,2021-02-19,DEV 2015-21,5.87,5.87,,5.87,False
WATT,2021-10-19,DEV 2015-21,2.5500000000000003,2.5500000000000003,,2.5500000000000003,False
WATT,2024-12-30,VAL 2022-26,1.25,1.25,1.25,1.25,False
WATT,2026-01-13,VAL 2022-26,6.829999923706055,6.829999923706055,,6.829999923706055,False
WAVE,2023-06-29,VAL 2022-26,2.200000047683716,2.200000047683716,,2.200000047683716,False
WBTN,2025-08-13,VAL 2022-26,12.75,12.75,12.75,12.75,False
WBTN,2025-09-16,VAL 2022-26,19.76000022888184,19.76000022888184,19.76,19.76,False
WBUY,2023-12-06,VAL 2022-26,7.45,894.0,,,True
WBUY,2023-12-07,VAL 2022-26,2.98999989827474,358.79998779296875,,,True
WBUY,2024-02-13,VAL 2022-26,0.6269999821980794,75.23999786376953,,,True
WBUY,2024-08-09,VAL 2022-26,0.1980000019073486,23.76000022888184,,,True
WBUY,2024-09-18,VAL 2022-26,0.25,30.0,,,True
WBUY,2024-11-07,VAL 2022-26,0.3200000127156575,38.400001525878906,0.3198,0.3198,False
WBUY,2024-12-16,VAL 2022-26,0.3899999936421712,46.79999923706055,0.39,0.39,False
WBUY,2025-05-08,VAL 2022-26,14.0,14.0,,14.0,False
WBUY,2025-05-09,VAL 2022-26,15.880000114440918,15.880000114440918,15.88,15.88,False
WBUY,2025-06-06,VAL 2022-26,7.269999980926514,7.269999980926514,7.27,7.27,False
WBUY,2025-06-30,VAL 2022-26,8.779999732971191,8.779999732971191,8.78,8.78,False
WBUY,2025-12-01,VAL 2022-26,2.0,2.0,2.0,2.0,False
WBUY,2026-04-06,VAL 2022-26,1.399999976158142,1.399999976158142,,1.399999976158142,False
WBUY,2026-07-23,VAL 2022-26,1.340000033378601,1.340000033378601,1.34,1.34,False
WBUY,2026-08-31,VAL 2022-26,1.0,1.0,,1.0,False
WBX,2021-10-26,DEV 2015-21,24.209999084472656,1.210499954223633,,,True
WCT,2024-11-22,VAL 2022-26,0.442,0.442,2.21,2.21,False
WCT,2026-06-03,VAL 2022-26,0.3190000057220459,0.3190000057220459,1.595,1.595,False
WCT,2026-06-10,VAL 2022-26,0.3670000076293945,0.3670000076293946,,0.3670000076293945,False
WEAV,2026-08-18,VAL 2022-26,7.289999961853027,7.289999961853027,,7.289999961853027,False
WETO,2025-05-29,VAL 2022-26,3.87,3.87,3.87,3.87,False
WETO,2025-07-01,VAL 2022-26,4.17,4.17,4.17,4.17,False
WETO,2026-03-19,VAL 2022-26,0.5459999847412109,0.5459999847412109,,0.5459999847412109,False
WETO,2026-07-31,VAL 2022-26,0.1039999961853027,0.10399999618530271,0.1043,0.1043,False
WETO,2026-08-14,VAL 2022-26,10.649999618530272,10.649999618530272,10.65,10.65,False
WFF,2025-06-23,VAL 2022-26,11.530000305175784,11.530000305175783,11.53,11.53,False
WFF,2025-06-24,VAL 2022-26,7.94800033569336,7.94800033569336,7.948,7.948,False
WFF,2026-08-18,VAL 2022-26,2.494999885559082,2.494999885559082,,2.494999885559082,False
WGS,2021-02-10,DEV 2015-21,23.0,23.0,,23.0,False
WGS,2024-04-30,VAL 2022-26,14.279999732971191,14.279999732971191,,14.279999732971191,False
WHLR,2024-09-06,VAL 2022-26,26.52,8.84,,,True
WHLR,2024-12-13,VAL 2022-26,5.419999999999999,5.419999999999999,5.42,5.42,False
WHLR,2025-01-16,VAL 2022-26,16.319999999999997,4.079999999999999,4.08,4.08,False
WHLR,2025-04-10,VAL 2022-26,3.2099999999999995,3.2099999999999995,3.21,3.21,False
WHLR,2025-06-20,VAL 2022-26,7.58,7.58,7.58,7.58,False
WHLR,2025-09-11,VAL 2022-26,11.05,2.21,2.21,2.21,False
WHLR,2025-12-05,VAL 2022-26,5.660000120563272,5.6600001205632715,5.66,5.66,False
WHLR,2026-02-06,VAL 2022-26,2.810000045211227,2.810000045211227,,2.810000045211227,False
WHLR,2026-05-21,VAL 2022-26,1.1700000339084202,1.1700000339084202,,1.1700000339084202,False
WHLR,2026-08-28,VAL 2022-26,1.4450000127156577,1.4450000127156575,,1.4450000127156577,False
WHLR,2026-09-23,VAL 2022-26,5.204999923706055,5.204999923706055,5.205,5.205,False
WHWK,2020-05-13,DEV 2015-21,1.0,15.0,,,True
WHWK,2020-05-28,DEV 2015-21,1.05,15.75,,,True
WHWK,2020-08-05,DEV 2015-21,1.8,27.0,,,True
WHWK,2021-05-17,DEV 2015-21,1.4,21.0,,,True
WHWK,2021-07-08,DEV 2015-21,2.3600001017252605,35.400001525878906,,,True
WHWK,2021-11-23,DEV 2015-21,31.559999465942383,31.559999465942383,,31.559999465942383,False
WHWK,2025-10-16,VAL 2022-26,3.4600000381469727,3.4600000381469727,3.46,3.46,False
WIMI,2020-07-10,DEV 2015-21,8.0,8.0,,8.0,False
WIMI,2020-11-24,DEV 2015-21,7.430000305175781,7.430000305175781,,7.430000305175781,False
WIMI,2021-01-13,DEV 2015-21,8.069999694824219,8.069999694824219,,8.069999694824219,False
WIMI,2021-10-29,DEV 2015-21,5.590000152587891,5.590000152587891,,5.590000152587891,False
WIMI,2022-12-13,VAL 2022-26,1.2699999809265137,1.2699999809265137,,1.2699999809265137,False
WIMI,2024-02-08,VAL 2022-26,1.1,1.1,,1.1,False
WIMI,2024-03-14,VAL 2022-26,1.3699999809265138,1.3699999809265138,,1.3699999809265138,False
WIMI,2024-04-24,VAL 2022-26,0.890999984741211,0.890999984741211,,0.890999984741211,False
WIMI,2024-12-19,VAL 2022-26,1.4500000000000002,1.4500000000000002,1.45,1.45,False
WIMI,2024-12-27,VAL 2022-26,2.160000038146973,2.160000038146973,2.16,2.16,False
WIX,2016-02-10,DEV 2015-21,19.100000381469727,19.100000381469727,,19.100000381469727,False
WKC,2026-04-24,VAL 2022-26,28.75,28.75,,28.75,False
WKHS,2025-07-09,VAL 2022-26,3.380000114440918,3.380000114440918,3.38,3.38,False
WKSP,2020-09-03,DEV 2015-21,0.39,0.39000000000000007,,0.39,False
WKSP,2021-02-17,DEV 2015-21,0.28,0.28,,0.28,False
WKSP,2026-06-18,VAL 2022-26,0.9549999833106996,0.9549999833106996,0.9553,0.9553,False
WKSP,2026-06-22,VAL 2022-26,1.0099999904632568,1.0099999904632568,,1.0099999904632568,False
WKSP,2026-08-27,VAL 2022-26,0.6159999966621399,0.6159999966621399,,0.6159999966621399,False
WLDN,2024-03-08,VAL 2022-26,24.350000381469727,24.350000381469727,,24.350000381469727,False
WLDS,2022-10-03,VAL 2022-26,1.0799999660915798,1.0799999660915798,,1.0799999660915798,False
WLDS,2023-02-09,VAL 2022-26,1.12000003390842,1.12000003390842,,1.12000003390842,False
WLDS,2023-05-25,VAL 2022-26,0.71000001695421,0.7100000169542101,,0.71000001695421,False
WLDS,2023-05-30,VAL 2022-26,1.4299999660915796,1.4299999660915796,,1.4299999660915796,False
WLDS,2023-06-01,VAL 2022-26,1.97000003390842,1.9700000339084198,,1.97000003390842,False
WLDS,2024-02-28,VAL 2022-26,0.5530000050862629,0.5530000050862629,,0.5530000050862629,False
WLDS,2024-03-18,VAL 2022-26,0.7600000169542099,0.7600000169542099,,0.7600000169542099,False
WLDS,2024-11-25,VAL 2022-26,2.80000008477105,2.80000008477105,2.8,2.8,False
WLDS,2024-12-31,VAL 2022-26,2.26000001695421,2.26000001695421,2.26,2.26,False
WLDS,2025-04-29,VAL 2022-26,2.0,2.0,2.0,2.0,False
WLDS,2026-04-20,VAL 2022-26,2.550000031789144,2.5500000317891436,2.55,2.55,False
WNW,2021-07-01,DEV 2015-21,8.59,8.59,,8.59,False
WNW,2022-12-19,VAL 2022-26,1.97,1.97,,1.97,False
WNW,2023-10-05,VAL 2022-26,0.174,0.174,,0.174,False
WNW,2023-12-05,VAL 2022-26,4.095,0.11699999999999999,,,True
WNW,2024-04-10,VAL 2022-26,1.66,1.6600000000000001,,1.66,False
WNW,2024-07-16,VAL 2022-26,1.07,1.07,,1.07,False
WNW,2025-04-22,VAL 2022-26,2.03,2.0300000000000002,2.03,2.03,False
WNW,2026-03-16,VAL 2022-26,2.25,2.25,,2.25,False
WNW,2026-05-19,VAL 2022-26,4.110000133514404,4.110000133514404,4.11,4.11,False
WNW,2026-05-29,VAL 2022-26,4.0,4.0,,4.0,False
WNW,2026-08-27,VAL 2022-26,3.25,3.25,,3.25,False
WOK,2025-02-20,VAL 2022-26,4.800000000000001,4.800000000000001,4.8,4.8,False
WOK,2025-05-21,VAL 2022-26,0.904,0.9040000000000001,0.9041,0.9041,False
WOK,2025-09-25,VAL 2022-26,0.15,0.15000000000000002,0.1496,0.1496,False
WOK,2025-12-11,VAL 2022-26,23.2,0.232,0.2319,0.2319,False
WOK,2025-12-15,VAL 2022-26,13.1,0.131,0.131,0.131,False
WOK,2025-12-29,VAL 2022-26,5.4,5.4,5.4,5.4,False
WOK,2026-05-11,VAL 2022-26,1.58,1.58,,1.58,False
WOK,2026-06-18,VAL 2022-26,5.690000057220459,5.690000057220459,,5.690000057220459,False
WOOF,2024-12-06,VAL 2022-26,5.96999979019165,5.96999979019165,5.97,5.97,False
WOOF,2025-03-27,VAL 2022-26,2.930000066757202,2.930000066757202,2.93,2.93,False
WOOF,2025-08-29,VAL 2022-26,3.9800000190734863,3.9800000190734863,3.98,3.98,False
WOOF,2026-03-12,VAL 2022-26,2.930000066757202,2.930000066757202,,2.930000066757202,False
WPP,2026-08-06,VAL 2022-26,25.940000534057617,25.940000534057617,,25.940000534057617,False
WPRT,2017-04-17,DEV 2015-21,1.3399999618530274,1.3399999618530272,,1.3399999618530274,False
WPRT,2018-08-29,DEV 2015-21,3.6,3.6,,3.6,False
WPRT,2020-09-18,DEV 2015-21,2.0500000000000003,2.0500000000000003,,2.0500000000000003,False
WPRT,2026-06-18,VAL 2022-26,2.25,2.25,,2.25,False
WRBY,2022-11-10,VAL 2022-26,15.93000030517578,15.93000030517578,,15.93000030517578,False
WRD,2025-02-14,VAL 2022-26,35.72999954223633,35.72999954223633,35.73,35.73,False
WS,2025-06-26,VAL 2022-26,31.65999984741211,31.65999984741211,31.66,31.66,False
WSHP,2026-04-16,VAL 2022-26,24.114999771118164,24.114999771118164,24.115,24.115,False
WULF,2020-06-17,DEV 2015-21,5.269999980926514,5.269999980926514,,5.269999980926514,False
WULF,2021-06-25,DEV 2015-21,17.940000534057617,17.940000534057617,,17.940000534057617,False
WVE,2024-09-24,VAL 2022-26,6.409999847412109,6.409999847412109,,6.409999847412109,False
WVE,2025-12-08,VAL 2022-26,12.829999923706056,12.829999923706056,12.825,12.825,False
WVVI,2021-04-29,DEV 2015-21,13.770000457763672,13.770000457763672,,13.770000457763672,False
WWR,2016-08-24,DEV 2015-21,2.04,2.04,,2.04,False
WWR,2018-10-24,DEV 2015-21,0.26,0.26,,0.26,False
WWR,2019-05-22,DEV 2015-21,6.480000019073486,6.480000019073486,,6.480000019073486,False
WWR,2019-10-15,DEV 2015-21,7.550000190734863,7.550000190734863,,7.550000190734863,False
WWR,2020-06-02,DEV 2015-21,4.210000038146973,4.210000038146973,,4.210000038146973,False
WWR,2020-09-29,DEV 2015-21,2.5899999141693115,2.5899999141693115,,2.5899999141693115,False
WWR,2020-10-01,DEV 2015-21,3.319999933242798,3.319999933242798,,3.319999933242798,False
WWR,2023-05-03,VAL 2022-26,1.0,1.0,,1.0,False
WXM,2026-08-11,VAL 2022-26,10.720000267028809,10.720000267028809,10.7203,10.7203,False
WYHG,2026-08-06,VAL 2022-26,8.260000228881836,8.260000228881836,8.26,8.26,False
WYHG,2026-09-08,VAL 2022-26,5.519999980926514,5.519999980926514,,5.519999980926514,False
WYY,2022-07-13,VAL 2022-26,2.9100000858306885,2.9100000858306885,,2.9100000858306885,False
WYY,2026-06-25,VAL 2022-26,24.0,24.0,,24.0,False
XAIR,2023-12-20,VAL 2022-26,2.0500000000000003,2.0500000000000003,,2.0500000000000003,False
XAIR,2025-09-08,VAL 2022-26,3.21500015258789,3.2150001525878906,3.215,3.215,False
XAIR,2026-01-13,VAL 2022-26,1.6399999618530274,1.6399999618530274,1.64,1.64,False
XBIO,2019-10-16,DEV 2015-21,1.3300000190734864,1.3300000190734864,,1.3300000190734864,False
XBIO,2020-12-09,DEV 2015-21,3.8700000762939455,3.8700000762939455,,3.8700000762939455,False
XBIO,2025-10-08,VAL 2022-26,11.699999809265137,11.699999809265137,11.7,11.7,False
XBIT,2015-12-07,DEV 2015-21,10.350000381469728,10.350000381469728,,10.350000381469728,False
XBIT,2017-06-12,DEV 2015-21,3.880000114440918,3.880000114440918,,3.880000114440918,False
XBIT,2018-09-12,DEV 2015-21,2.890000104904175,2.890000104904175,,2.890000104904175,False
XBIT,2019-12-09,DEV 2015-21,22.799999237060547,22.799999237060547,,22.799999237060547,False
XBIT,2020-01-14,DEV 2015-21,24.649999618530277,24.649999618530277,,24.649999618530277,False
XBP,2023-12-14,VAL 2022-26,10.530000305175784,10.530000305175781,,10.530000305175784,False
XBP,2024-05-06,VAL 2022-26,4.320000076293946,4.320000076293946,,4.320000076293946,False
XBP,2024-11-12,VAL 2022-26,1.4699999809265138,1.4699999809265138,1.47,1.47,False
XCH,2025-10-13,VAL 2022-26,1.0399999618530271,1.0399999618530273,1.04,1.04,False
XCUR,2019-11-14,DEV 2015-21,3.16,3.16,,3.16,False
XCUR,2021-08-02,DEV 2015-21,1.85,1.85,,1.85,False
XCUR,2021-12-14,DEV 2015-21,0.338999989827474,0.3389999898274739,,0.338999989827474,False
XCUR,2022-05-11,VAL 2022-26,0.1319999949137369,0.13199999491373698,,0.1319999949137369,False
XCUR,2022-05-20,VAL 2022-26,0.151999994913737,0.151999994913737,,0.151999994913737,False
XCUR,2022-08-04,VAL 2022-26,2.85,2.85,,2.85,False
XCUR,2022-12-20,VAL 2022-26,0.8800000190734864,0.8800000190734864,,0.8800000190734864,False
XCUR,2023-12-08,VAL 2022-26,0.6199999809265138,0.6199999809265138,,0.6199999809265138,False
XCUR,2024-01-10,VAL 2022-26,0.7489999771118164,0.7489999771118164,,0.7489999771118164,False
XCUR,2024-05-28,VAL 2022-26,0.4630000114440918,0.4630000114440918,,0.4630000114440918,False
XCUR,2024-08-02,VAL 2022-26,4.005000114440918,0.8010000228881836,,,True
XCUR,2024-09-16,VAL 2022-26,2.2799999713897705,2.2799999713897705,,2.2799999713897705,False
XCUR,2024-09-19,VAL 2022-26,5.639999866485596,5.639999866485596,,5.639999866485596,False
XCUR,2025-01-23,VAL 2022-26,15.25,15.25,15.25,15.25,False
XCUR,2025-03-04,VAL 2022-26,13.710000038146973,13.710000038146973,13.71,13.71,False
XCUR,2025-12-09,VAL 2022-26,9.18000030517578,9.18000030517578,9.18,9.18,False
XELB,2020-05-20,DEV 2015-21,1.0399999618530271,1.0399999618530271,,1.0399999618530271,False
XELB,2020-08-20,DEV 2015-21,1.05,1.05,,1.05,False
XELB,2020-10-14,DEV 2015-21,0.9758999824523926,0.9758999824523926,,0.9758999824523926,False
XELB,2021-02-22,DEV 2015-21,2.620000076293945,2.6200000762939455,,2.620000076293945,False
XELB,2025-10-03,VAL 2022-26,2.299999952316284,2.299999952316284,2.3,2.3,False
XENE,2021-10-04,DEV 2015-21,26.51000022888184,26.51000022888184,,26.51000022888184,False
XERS,2021-08-23,DEV 2015-21,2.799999952316284,2.799999952316284,,2.799999952316284,False
XERS,2021-12-31,DEV 2015-21,2.990000009536743,2.990000009536743,,2.990000009536743,False
XERS,2025-08-07,VAL 2022-26,6.730000019073486,6.730000019073486,6.725,6.725,False
XFOR,2025-08-12,VAL 2022-26,1.7300000190734863,1.7300000190734863,1.73,1.73,False
XFOR,2025-08-13,VAL 2022-26,3.190000057220459,3.190000057220459,3.19,3.19,False
XGN,2026-08-04,VAL 2022-26,5.75,5.75,,5.75,False
XHG,2022-04-26,VAL 2022-26,1.2700000000000002,1.2700000000000002,,1.2700000000000002,False
XHG,2023-01-05,VAL 2022-26,3.869000000000001,3.869000000000001,,3.869000000000001,False
XHG,2023-01-23,VAL 2022-26,3.250000000000001,3.250000000000001,,3.250000000000001,False
XHG,2023-07-12,VAL 2022-26,0.4600000000000001,0.46000000000000013,,0.4600000000000001,False
XHG,2023-09-06,VAL 2022-26,0.26,0.26000000000000006,,0.26,False
XHG,2023-11-24,VAL 2022-26,0.2800000000000001,0.2800000000000001,,0.2800000000000001,False
XHG,2023-12-29,VAL 2022-26,1.7300000000000004,1.7300000000000004,,1.7300000000000004,False
XHG,2024-05-17,VAL 2022-26,0.8980000305175783,0.8980000305175783,,0.8980000305175783,False
XHG,2024-05-31,VAL 2022-26,1.2100000000000002,1.2100000000000002,,1.2100000000000002,False
XHG,2024-07-05,VAL 2022-26,1.1100000000000003,1.1100000000000003,,1.1100000000000003,False
XHG,2024-09-30,VAL 2022-26,2.1000000000000005,2.1000000000000005,,2.1000000000000005,False
XHG,2024-10-01,VAL 2022-26,0.44,0.44000000000000006,0.4395,0.4395,False
XHG,2024-10-10,VAL 2022-26,0.25,0.25000000000000006,0.25,0.25,False
XHG,2024-12-19,VAL 2022-26,1.6299999237060547,1.6299999237060547,1.63,1.63,False
XHG,2025-01-08,VAL 2022-26,1.2699999809265137,1.269999980926514,1.27,1.27,False
XHG,2025-01-10,VAL 2022-26,1.9899999618530275,1.9899999618530275,1.99,1.99,False
XHG,2025-01-13,VAL 2022-26,1.4500000000000002,1.4500000000000002,1.45,1.45,False
XHG,2025-02-13,VAL 2022-26,0.8,0.8,0.8,0.8,False
XHG,2025-04-04,VAL 2022-26,0.9760000228881835,0.9760000228881837,0.9755,0.9755,False
XHG,2025-05-13,VAL 2022-26,2.869999885559082,2.869999885559082,2.87,2.87,False
XHLD,2025-03-19,VAL 2022-26,0.7129999796549479,0.712999979654948,0.7132,0.7132,False
XHLD,2025-10-28,VAL 2022-26,0.4829999923706055,0.4829999923706055,0.4828,0.4828,False
XHLD,2026-08-10,VAL 2022-26,2.950000047683716,2.950000047683716,,2.950000047683716,False
XHR,2020-11-09,DEV 2015-21,10.850000381469728,10.850000381469728,,10.850000381469728,False
XLAB,2026-08-28,VAL 2022-26,6.199999809265137,6.199999809265137,,6.199999809265137,False
XLO,2024-03-28,VAL 2022-26,1.9199999400547567,1.9199999400547572,,1.9199999400547567,False
XLO,2024-04-01,VAL 2022-26,1.3199999673025948,1.3199999673025948,,1.3199999673025948,False
XLO,2025-02-12,VAL 2022-26,1.3499999727521623,1.3499999727521625,1.35,1.35,False
XLO,2025-05-13,VAL 2022-26,0.9099999836512974,0.9099999836512974,0.91,0.91,False
XMAX,2016-12-02,DEV 2015-21,2.880000000000001,72.0,,,True
XMAX,2017-11-13,DEV 2015-21,2.6800000000000006,67.0,,,True
XMAX,2017-12-20,DEV 2015-21,2.7000000000000006,67.5,,,True
XMAX,2017-12-21,DEV 2015-21,2.9300000000000006,73.25,,,True
XMAX,2020-06-18,DEV 2015-21,2.5,12.5,,,True
XMAX,2021-03-11,DEV 2015-21,6.930000305175781,34.650001525878906,,,True
XMAX,2023-07-17,VAL 2022-26,3.059999942779541,3.059999942779541,,3.059999942779541,False
XMAX,2023-12-28,VAL 2022-26,4.559999942779541,4.559999942779541,,4.559999942779541,False
XMAX,2024-03-22,VAL 2022-26,3.5,3.5,,3.5,False
XMTR,2024-08-08,VAL 2022-26,15.529999732971191,15.529999732971191,,15.529999732971191,False
XNCR,2015-09-16,DEV 2015-21,19.649999618530277,19.649999618530277,,19.649999618530277,False
XNCR,2016-06-28,DEV 2015-21,15.100000381469728,15.100000381469728,,15.100000381469728,False
XNET,2019-10-28,DEV 2015-21,6.079999923706055,6.079999923706055,,6.079999923706055,False
XNET,2021-01-07,DEV 2015-21,4.283999919891357,4.283999919891357,,4.283999919891357,False
XNET,2022-03-16,VAL 2022-26,1.5399999618530271,1.5399999618530271,,1.5399999618530271,False
XNET,2025-02-27,VAL 2022-26,4.739999771118164,4.739999771118164,4.74,4.74,False
XNET,2025-08-18,VAL 2022-26,7.739999771118164,7.739999771118164,7.74,7.74,False
XOS,2025-02-20,VAL 2022-26,4.429999828338623,4.429999828338623,4.43,4.43,False
XOS,2026-06-03,VAL 2022-26,6.480000019073486,6.480000019073486,6.48,6.48,False
XOS,2026-08-18,VAL 2022-26,4.53000020980835,4.53000020980835,4.53,4.53,False
XPEL,2024-08-08,VAL 2022-26,38.18999862670898,38.18999862670898,,38.18999862670898,False
XPOF,2025-07-03,VAL 2022-26,9.0600004196167,9.0600004196167,9.06,9.06,False
XPON,2022-12-23,VAL 2022-26,2.99,2.9899999999999998,,2.99,False
XPON,2023-01-12,VAL 2022-26,1.98,1.9799999999999998,,1.98,False
XPON,2023-02-10,VAL 2022-26,2.7,2.6999999999999997,,2.7,False
XPON,2024-08-06,VAL 2022-26,0.3239999898274739,0.32399998982747397,,0.3239999898274739,False
XPON,2024-08-08,VAL 2022-26,0.1009999974568684,0.1009999974568685,,0.1009999974568684,False
XPON,2024-09-06,VAL 2022-26,0.0970000012715657,0.09700000127156574,,0.0970000012715657,False
XPON,2024-09-20,VAL 2022-26,0.13,0.13,,0.13,False
XPON,2024-09-23,VAL 2022-26,0.1190000025431315,0.1190000025431315,,0.1190000025431315,False
XPON,2024-10-14,VAL 2022-26,4.0,4.0,4.0,4.0,False
XPON,2024-10-21,VAL 2022-26,3.890000025431315,3.890000025431315,3.89,3.89,False
XPON,2024-10-25,VAL 2022-26,4.820000012715657,4.820000012715657,4.82,4.82,False
XPON,2025-01-02,VAL 2022-26,3.670000076293945,3.6700000762939453,3.67,3.67,False
XPON,2025-07-18,VAL 2022-26,1.3100000222524006,1.3100000222524006,1.31,1.31,False
XPON,2025-08-14,VAL 2022-26,3.659999847412109,3.6599998474121094,3.66,3.66,False
XPON,2025-09-24,VAL 2022-26,1.809999942779541,1.8099999427795406,1.81,1.81,False
XPON,2025-11-14,VAL 2022-26,1.5899999936421711,1.589999993642171,1.59,1.59,False
XPON,2026-01-29,VAL 2022-26,1.1099999745686848,1.109999974568685,,1.1099999745686848,False
XPON,2026-08-17,VAL 2022-26,4.510000228881836,4.510000228881836,,4.510000228881836,False
XPON,2026-08-24,VAL 2022-26,7.769999980926514,7.769999980926514,7.77,7.77,False
XPRO,2025-07-29,VAL 2022-26,11.0,11.0,11.0,11.0,False
XRTX,2021-11-04,DEV 2015-21,4.910000120563272,44.19000108506945,,,True
XRTX,2022-05-03,VAL 2022-26,1.4900000301408178,13.410000271267362,,,True
XRTX,2022-07-13,VAL 2022-26,2.1,18.900000000000002,,,True
XRTX,2022-08-22,VAL 2022-26,1.859999969859182,16.739999728732638,,,True
XRTX,2023-01-19,VAL 2022-26,1.079999984929591,9.71999986436632,,,True
XRTX,2023-10-20,VAL 2022-26,0.5710000120563271,5.139000108506945,,,True
XRTX,2024-08-29,VAL 2022-26,1.4399999618530277,1.4399999618530275,,1.4399999618530277,False
XRTX,2025-10-17,VAL 2022-26,1.1699999809265138,1.1699999809265138,1.17,1.17,False
XRTX,2026-04-21,VAL 2022-26,2.950000047683716,2.950000047683716,,2.950000047683716,False
XRX,2026-04-30,VAL 2022-26,1.950000047683716,1.950000047683716,,1.950000047683716,False
XRX,2026-07-30,VAL 2022-26,3.4200000762939453,3.4200000762939453,,3.4200000762939453,False
XTIA,2019-04-10,DEV 2015-21,1.4299999762962965,4826.24992,,,True
XTIA,2019-12-18,DEV 2015-21,0.1,337.5,,,True
XTIA,2019-12-31,DEV 2015-21,0.116,391.50000000000006,,,True
XTIA,2020-01-02,DEV 2015-21,6.93,519.75,,,True
XTIA,2020-01-03,DEV 2015-21,22.68,1701.0000000000002,,,True
XTIA,2020-06-02,DEV 2015-21,1.82,136.5,,,True
XTIA,2021-10-25,DEV 2015-21,0.95,71.25,,,True
XTIA,2022-09-26,VAL 2022-26,0.178,13.350000000000001,,,True
XTIA,2022-10-17,VAL 2022-26,8.31,8.31,,8.31,False
XTIA,2023-01-25,VAL 2022-26,1.98,1.9800000000000002,,1.98,False
XTIA,2023-04-14,VAL 2022-26,1.39,1.3900000000000001,,1.39,False
XTIA,2023-07-25,VAL 2022-26,0.251,0.251,,0.251,False
XTIA,2023-09-28,VAL 2022-26,0.192,0.192,,0.192,False
XTIA,2023-12-15,VAL 2022-26,0.111,0.11100000000000002,,0.111,False
XTIA,2024-01-12,VAL 2022-26,0.069,0.069,,0.069,False
XTIA,2024-04-02,VAL 2022-26,3.02,3.02,,3.02,False
XTIA,2024-04-03,VAL 2022-26,4.3,4.3,,4.3,False
XTIA,2024-06-05,VAL 2022-26,1.96,1.96,,1.96,False
XTIA,2024-07-01,VAL 2022-26,0.719,0.719,,0.719,False
XTIA,2025-01-07,VAL 2022-26,52.5,0.21,0.21,0.21,False
XTLB,2017-02-16,DEV 2015-21,4.400000095367432,4.400000095367432,,4.400000095367432,False
XTLB,2021-03-05,DEV 2015-21,4.820000171661377,4.820000171661377,,4.820000171661377,False
XTLB,2025-10-08,VAL 2022-26,1.8600000143051147,1.8600000143051147,1.86,1.86,False
XTLB,2026-01-13,VAL 2022-26,0.8700000047683716,0.8700000047683716,,0.8700000047683716,False
XTLB,2026-04-29,VAL 2022-26,3.7699999809265137,3.7699999809265137,3.77,3.77,False
XTNT,2017-01-11,DEV 2015-21,0.6999999682108561,0.6999999682108561,,0.6999999682108561,False
XTNT,2017-05-31,DEV 2015-21,0.6500000158945719,0.6500000158945719,,0.6500000158945719,False
XTNT,2017-08-09,DEV 2015-21,1.0700000127156577,1.0700000127156575,,1.0700000127156577,False
XTNT,2018-05-21,DEV 2015-21,7.320000171661377,7.320000171661377,,7.320000171661377,False
XTNT,2020-05-21,DEV 2015-21,2.7699999809265137,2.7699999809265137,,2.7699999809265137,False
XTNT,2020-10-02,DEV 2015-21,2.25,2.25,,2.25,False
XWEL,2018-11-15,DEV 2015-21,0.24,0.24000000000000002,,0.24,False
XWEL,2019-01-09,DEV 2015-21,0.23,0.23,,0.23,False
XWEL,2020-03-20,DEV 2015-21,0.2199999968210856,0.21999999682108562,,0.2199999968210856,False
XWEL,2020-03-25,DEV 2015-21,0.4,0.4,,0.4,False
XWEL,2020-04-03,DEV 2015-21,0.2100000063578287,0.2100000063578288,,0.2100000063578287,False
XWEL,2020-04-06,DEV 2015-21,0.3399999936421712,0.33999999364217126,,0.3399999936421712,False
XWEL,2020-05-22,DEV 2015-21,1.0299999872843424,1.0299999872843424,,1.0299999872843424,False
XWEL,2020-12-17,DEV 2015-21,1.7799999237060549,1.7799999237060549,,1.7799999237060549,False
XWEL,2023-08-17,VAL 2022-26,0.2599999904632568,0.25999999046325684,,0.2599999904632568,False
XWEL,2026-02-25,VAL 2022-26,0.8100000023841858,0.8100000023841858,0.8109,0.8109,False
XXII,2024-09-13,VAL 2022-26,0.503,0.503,,0.503,False
XXII,2025-01-13,VAL 2022-26,6.002000113224637,6.0020001132246374,6.002,6.002,False
XXII,2025-01-15,VAL 2022-26,7.72,7.72,7.72,7.72,False
XXII,2025-04-09,VAL 2022-26,2.4,2.4,2.4,2.4,False
XXII,2025-07-17,VAL 2022-26,7.66,7.66,7.66,7.66,False
XXII,2025-09-25,VAL 2022-26,1.83,1.83,1.83,1.83,False
XYF,2023-05-01,VAL 2022-26,4.199999809265137,4.199999809265137,,4.199999809265137,False
XYF,2023-05-25,VAL 2022-26,3.740000009536743,3.740000009536743,,3.740000009536743,False
YAAS,2025-09-24,VAL 2022-26,1.984000015258789,0.024800000190734865,0.124,0.124,False
YAAS,2026-04-27,VAL 2022-26,0.2890000104904175,0.2890000104904175,1.445,1.445,False
YAAS,2026-07-30,VAL 2022-26,3.0799999237060547,3.0799999237060547,,3.0799999237060547,False
YARW,2021-01-25,DEV 2015-21,2.89,10404.0,,,True
YARW,2023-01-10,VAL 2022-26,0.300999993218316,270.8999938964844,,,True
YARW,2023-10-30,VAL 2022-26,3.15,157.5,,,True
YARW,2025-12-17,VAL 2022-26,0.7169999694824218,35.849998474121094,,,True
YCBD,2018-12-04,DEV 2015-21,4.8500000000000005,4.8500000000000005,,4.8500000000000005,False
YCBD,2020-04-08,DEV 2015-21,0.9180000305175782,0.9180000305175782,,0.9180000305175782,False
YCBD,2020-05-18,DEV 2015-21,1.4,1.4000000000000001,,1.4,False
YCBD,2023-12-29,VAL 2022-26,1.2799999713897705,1.2799999713897705,,1.2799999713897705,False
YCBD,2025-12-12,VAL 2022-26,1.2300000190734863,1.2300000190734863,1.23,1.23,False
YCBD,2025-12-15,VAL 2022-26,1.4900000095367432,1.4900000095367432,1.49,1.49,False
YCBD,2026-04-23,VAL 2022-26,1.2000000476837158,1.2000000476837158,,1.2000000476837158,False
YDDL,2026-08-31,VAL 2022-26,2.375,2.375,,2.375,False
YDKG,2015-06-19,DEV 2015-21,5.0,100.0,,,True
YDKG,2021-01-04,DEV 2015-21,2.9,11.6,,,True
YDKG,2025-03-17,VAL 2022-26,1.26,1.26,,1.26,False
YDKG,2025-09-19,VAL 2022-26,4.59,4.59,,4.59,False
YDKG,2025-10-21,VAL 2022-26,0.06,0.06,0.0595,0.0595,False
YEXT,2021-05-28,DEV 2015-21,14.899999618530272,14.899999618530272,,14.899999618530272,False
YEXT,2024-03-07,VAL 2022-26,7.489999771118164,7.489999771118164,,7.489999771118164,False
YFOR,2024-09-05,VAL 2022-26,1.13,1695.0,,,True
YFOR,2025-09-11,VAL 2022-26,0.502,753.0,,,True
YFOR,2026-03-18,VAL 2022-26,2.4,72.0,,,True
YFOR,2026-06-04,VAL 2022-26,5.940000057220459,5.940000057220459,,5.940000057220459,False
YFOR,2026-06-10,VAL 2022-26,4.860000133514404,4.860000133514404,,4.860000133514404,False
YFOR,2026-08-26,VAL 2022-26,1.9149999618530276,1.9149999618530276,,1.9149999618530276,False
YHC,2023-08-28,VAL 2022-26,1.4,56.00000000000001,,,True
YHC,2023-10-16,VAL 2022-26,0.429,17.16,,,True
YHC,2023-11-13,VAL 2022-26,6.720000000000001,4.48,,,True
YHC,2023-11-21,VAL 2022-26,4.62,3.08,,,True
YHC,2023-11-30,VAL 2022-26,1.819999930245536,1.2133332868303572,,,True
YHC,2025-05-12,VAL 2022-26,3.85,3.85,3.85,3.85,False
YHC,2025-07-14,VAL 2022-26,3.5,3.5,3.5,3.5,False
YHC,2026-06-02,VAL 2022-26,1.16,1.16,,1.16,False
YHGJ,2020-01-06,DEV 2015-21,1.0600000381469727,1.060000038146973,,1.0600000381469727,False
YHGJ,2020-06-12,DEV 2015-21,6.75,6.75,,6.75,False
YHGJ,2020-06-24,DEV 2015-21,5.340000152587891,5.340000152587891,,5.340000152587891,False
YHGJ,2020-11-17,DEV 2015-21,2.3899999618530274,2.389999961853028,,2.3899999618530274,False
YHGJ,2021-02-23,DEV 2015-21,4.129999923706055,4.1299999237060545,,4.129999923706055,False
YHGJ,2022-12-02,VAL 2022-26,0.4699999809265137,0.4699999809265137,,0.4699999809265137,False
YHGJ,2025-10-10,VAL 2022-26,8.0,8.0,8.0,8.0,False
YI,2021-01-25,DEV 2015-21,14.979999542236328,1.4979999542236329,,,True
YI,2021-02-11,DEV 2015-21,31.799999237060547,3.1799999237060548,,,True
YIBO,2024-07-29,VAL 2022-26,4.300000190734863,4.300000190734863,,4.300000190734863,False
YIBO,2025-01-27,VAL 2022-26,2.700000047683716,2.700000047683716,2.7,2.7,False
YIBO,2025-01-28,VAL 2022-26,5.579999923706055,5.579999923706055,5.58,5.58,False
YIBO,2026-02-19,VAL 2022-26,1.090000033378601,1.090000033378601,,1.090000033378601,False
YJ,2023-06-02,VAL 2022-26,3.549999952316284,0.35499999523162845,,,True
YJ,2024-12-11,VAL 2022-26,2.140000104904175,2.140000104904175,2.14,2.14,False
YJ,2026-08-19,VAL 2022-26,5.869999885559082,5.869999885559082,5.87,5.87,False
YMAT,2025-10-28,VAL 2022-26,1.1199999809265138,1.1199999809265138,1.12,1.12,False
YMAT,2026-05-26,VAL 2022-26,1.4899999618530275,1.4899999618530275,1.49,1.49,False
YMAT,2026-06-17,VAL 2022-26,0.6389999866485596,0.6389999866485596,0.6391,0.6391,False
YMAT,2026-09-09,VAL 2022-26,1.8799999952316284,1.8799999952316284,,1.8799999952316284,False
YOUL,2025-09-09,VAL 2022-26,3.2300000190734863,3.2300000190734863,3.23,3.23,False
YRD,2022-08-31,VAL 2022-26,0.9200000166893004,0.9200000166893004,,0.9200000166893004,False
YSXT,2025-08-12,VAL 2022-26,2.740000009536743,2.740000009536743,2.74,2.74,False
YXT,2026-04-17,VAL 2022-26,0.5699999809265137,0.5699999809265137,0.5695,0.5695,False
YXT,2026-08-05,VAL 2022-26,7.320000171661377,7.320000171661377,7.32,7.32,False
YYAI,2022-10-04,VAL 2022-26,0.5480000000000002,21.92,,,True
YYAI,2022-12-12,VAL 2022-26,0.197,7.880000000000001,,,True
YYAI,2023-07-31,VAL 2022-26,0.164,6.5600000000000005,,,True
YYAI,2023-09-19,VAL 2022-26,5.640000000000001,5.640000000000001,,5.640000000000001,False
YYAI,2023-11-30,VAL 2022-26,0.42,0.42000000000000004,,0.42,False
YYAI,2023-12-14,VAL 2022-26,0.27,0.27,,0.27,False
YYAI,2023-12-26,VAL 2022-26,0.25,0.25,,0.25,False
YYAI,2024-01-29,VAL 2022-26,0.22,0.22000000000000003,,0.22,False
YYAI,2024-01-31,VAL 2022-26,0.376,0.37600000000000006,,0.376,False
YYAI,2025-02-24,VAL 2022-26,1.88,1.8800000000000001,1.88,1.88,False
YYAI,2025-10-08,VAL 2022-26,14.000000000000004,0.28,0.2803,0.2803,False
YYAI,2025-10-09,VAL 2022-26,13.700000000000005,0.274,0.2739,0.2739,False
YYAI,2026-08-03,VAL 2022-26,4.019999980926514,0.2009999990463257,0.2012,0.2012,False
ZBAO,2024-12-06,VAL 2022-26,3.990000009536743,3.990000009536743,3.99,3.99,False
ZBAO,2026-07-10,VAL 2022-26,0.5270000100135803,0.5270000100135803,0.527,0.527,False
ZBAO,2026-07-31,VAL 2022-26,0.277999997138977,0.277999997138977,0.2783,0.2783,False
ZCMD,2020-08-04,DEV 2015-21,2.97999989499328,2.9799998949932798,,2.97999989499328,False
ZCMD,2020-11-12,DEV 2015-21,2.8,2.8,,2.8,False
ZCMD,2021-03-17,DEV 2015-21,3.4,3.4,,3.4,False
ZCMD,2022-03-14,VAL 2022-26,1.48999994749664,1.4899999474966399,,1.48999994749664,False
ZCMD,2024-04-04,VAL 2022-26,2.0099999212449595,2.0099999212449595,,2.0099999212449595,False
ZCMD,2024-04-19,VAL 2022-26,2.6499999671853995,2.6499999671853995,,2.6499999671853995,False
ZCMD,2024-08-07,VAL 2022-26,1.54000001312584,1.54000001312584,,1.54000001312584,False
ZCMD,2024-09-30,VAL 2022-26,2.2000000656292,2.2000000656292,,2.2000000656292,False
ZCMD,2026-07-06,VAL 2022-26,2.509999990463257,2.509999990463257,2.51,2.51,False
ZCMD,2026-07-22,VAL 2022-26,2.259999990463257,2.259999990463257,2.26,2.26,False
ZDAI,2024-11-26,VAL 2022-26,20.0,20.0,,20.0,False
ZDAI,2026-04-17,VAL 2022-26,4.739999771118164,4.739999771118164,,4.739999771118164,False
ZDAI,2026-05-18,VAL 2022-26,1.830000042915344,1.830000042915344,,1.830000042915344,False
ZDGE,2020-10-23,DEV 2015-21,3.0799999237060547,3.0799999237060547,,3.0799999237060547,False
ZDGE,2020-12-11,DEV 2015-21,6.550000190734863,6.550000190734863,,6.550000190734863,False
ZDGE,2021-03-16,DEV 2015-21,14.850000381469728,14.850000381469728,,14.850000381469728,False
ZDGE,2025-12-12,VAL 2022-26,3.0199999809265137,3.0199999809265137,3.02,3.02,False
ZENA,2024-10-24,VAL 2022-26,2.9100000858306885,2.9100000858306885,2.91,2.91,False
ZENA,2025-04-24,VAL 2022-26,2.7300000190734863,2.7300000190734863,2.73,2.73,False
ZENA,2025-06-05,VAL 2022-26,4.730000019073486,4.730000019073486,4.73,4.73,False
ZEO,2024-03-15,VAL 2022-26,8.470000267028809,8.470000267028809,,8.470000267028809,False
ZEO,2024-09-19,VAL 2022-26,2.759999990463257,2.759999990463257,,2.759999990463257,False
ZEO,2024-12-09,VAL 2022-26,2.700000047683716,2.700000047683716,2.7,2.7,False
ZEO,2025-01-17,VAL 2022-26,3.660000085830689,3.660000085830689,3.66,3.66,False
ZEO,2025-05-29,VAL 2022-26,2.8499999046325684,2.8499999046325684,2.85,2.85,False
ZEPP,2025-07-08,VAL 2022-26,4.300000190734863,4.300000190734863,4.3,4.3,False
ZH,2022-03-16,VAL 2022-26,1.9100000063578289,1.9100000063578286,,1.9100000063578289,False
ZJK,2024-12-03,VAL 2022-26,18.200000762939453,18.200000762939453,18.2,18.2,False
ZJYL,2026-08-10,VAL 2022-26,3.490000009536743,3.490000009536743,3.49,3.49,False
ZKIN,2017-12-28,DEV 2015-21,16.0,2.2857142857142856,,,True
ZKIN,2019-02-04,DEV 2015-21,2.6700000762939453,0.38142858232770643,,,True
ZKIN,2020-05-11,DEV 2015-21,1.5099999904632568,0.21571428435189383,,,True
ZKIN,2020-06-12,DEV 2015-21,1.9800000190734863,0.2828571455819266,,,True
ZKIN,2020-11-25,DEV 2015-21,2.630000114440918,0.3757143020629883,,,True
ZKIN,2020-12-10,DEV 2015-21,2.5480000972747803,0.36400001389639713,,,True
ZKIN,2022-08-09,VAL 2022-26,1.590000033378601,0.2271428619112287,,,True
ZKIN,2025-01-28,VAL 2022-26,0.8399999737739563,0.11999999625342232,0.8402,0.8402,False
ZKIN,2025-05-08,VAL 2022-26,1.5399999618530271,1.5399999618530271,1.54,1.54,False
ZKIN,2025-05-09,VAL 2022-26,4.139999866485596,4.139999866485596,4.14,4.14,False
ZLAB,2023-01-05,VAL 2022-26,45.2599983215332,45.2599983215332,,45.2599983215332,False
ZLAB,2024-05-09,VAL 2022-26,20.049999237060547,20.049999237060547,,20.049999237060547,False
ZNB,2020-06-11,DEV 2015-21,1.2400000000000002,124000.0,,,True
ZNB,2020-12-24,DEV 2015-21,0.66,66000.0,,,True
ZNB,2021-03-24,DEV 2015-21,1.4700000000000002,147000.0,,,True
ZNB,2024-12-06,VAL 2022-26,4.66,116.5,,,True
ZNB,2024-12-26,VAL 2022-26,4.08,102.0,,,True
ZNB,2025-08-19,VAL 2022-26,3.0,3.0,,3.0,False
ZNB,2025-08-22,VAL 2022-26,3.0500000000000003,3.0500000000000003,,3.0500000000000003,False
ZNB,2025-09-04,VAL 2022-26,2.26,2.2600000000000002,2.26,2.26,False
ZNB,2025-10-07,VAL 2022-26,4.58,4.58,4.58,4.58,False
ZNTL,2024-09-16,VAL 2022-26,4.960000038146973,4.960000038146973,,4.960000038146973,False
ZONE,2024-12-11,VAL 2022-26,1.600000023841858,1.600000023841858,1.6,1.6,False
ZONE,2025-02-04,VAL 2022-26,1.3600000143051147,1.3600000143051147,1.36,1.36,False
ZONE,2025-09-09,VAL 2022-26,5.210000038146973,5.210000038146973,5.21,5.21,False
ZONE,2026-07-30,VAL 2022-26,0.4000000059604645,0.4000000059604645,,0.4000000059604645,False
ZOOZ,2025-09-19,VAL 2022-26,4.540000152587891,4.54000015258789,4.54,4.54,False
ZSQR,2024-12-26,VAL 2022-26,6.0,6.0,,6.0,False
ZSTK,2024-03-25,VAL 2022-26,2.02999995304988,79.16999816894531,,,True
ZSTK,2025-09-22,VAL 2022-26,47.0,47.0,,47.0,False
ZSTK,2026-01-29,VAL 2022-26,12.699999809265137,12.699999809265137,,12.699999809265137,False
ZSTK,2026-08-19,VAL 2022-26,2.289999961853028,2.289999961853028,,2.289999961853028,False
ZTG,2025-10-15,VAL 2022-26,3.759999990463257,3.759999990463257,,3.759999990463257,False
ZTG,2026-09-16,VAL 2022-26,2.309999942779541,2.309999942779541,2.31,2.31,False
ZURA,2023-05-24,VAL 2022-26,6.570000171661377,6.570000171661377,,6.570000171661377,False
ZURA,2025-09-29,VAL 2022-26,3.5899999141693115,3.5899999141693115,3.59,3.59,False
ZVIA,2025-05-08,VAL 2022-26,2.539999961853028,2.539999961853028,2.54,2.54,False
ZVRA,2015-08-14,DEV 2015-21,21.0,336.0,,,True
ZVRA,2020-03-03,DEV 2015-21,0.4699999988079071,7.519999980926514,,,True
ZVRA,2026-03-10,VAL 2022-26,10.949999809265137,10.949999809265137,,10.949999809265137,False
ZYBT,2026-03-23,VAL 2022-26,0.8870000243186951,0.8870000243186951,,0.8870000243186951,False
ZYBT,2026-07-20,VAL 2022-26,1.2699999809265137,1.2699999809265137,1.27,1.27,False
ZYME,2017-11-13,DEV 2015-21,8.699999809265137,8.699999809265137,,8.699999809265137,False
ZYME,2022-04-29,VAL 2022-26,7.190000057220459,7.190000057220459,,7.190000057220459,False
ZYME,2022-12-19,VAL 2022-26,8.260000228881836,8.260000228881836,,8.260000228881836,False
