acc,sym,form,t_col,precio_col,como,frase,fecha_mercado,precio_mercado,frase_mercado,url
0001144204-14-075385,ABEO,424B4,2014-12-22 17:03:28,4.0,patron0,"asmaTech Biopharmaceuticals, Inc. We are offering 3,500,000 shares of common stock and warrants to purchase an aggregate 3,500,000 shares of common stock at an offering price of $4.00 per share and $.01 per warrant. Each warrant will",2014-10-24,5.83,"common stock was quoted under the symbol “ACCP”. On October 24, 2014, we effected a 1 for 50 reverse stock split of our common stock. On December 18, 2014, the last reported sale price of our common stock on the OTCQB was $5.83 per share. Our common stock and warrants have been approved for listing on The NASDAQ Capital Market under the symbols “PTBI and “PTBIW”, respectively. INVESTING IN THE OFFERED SECURITIES INVOLVES A HIGH DEGREE OF RI",https://www.sec.gov/Archives/edgar/data/318306/000114420414075385/v397099_424b4.htm
0001193125-23-120009,ABOS,424B5,2023-04-27 07:06:40,,ATM,,2023-04-26,3.76," offering price of approximately $45,753,869 are available for sale under the Sales Agreement Prospectus and this Prospectus Supplement. On April 26, 2023, the last reported sale price of our common stock on Nasdaq Capital Market was $3.76 per share. Investing in our securities involves a high degree of risk. You should review carefully the risks and uncertainties described under the heading “Risk Factors” beginning on page S-4 of the Sales",https://www.sec.gov/Archives/edgar/data/1576885/000119312523120009/d262928d424b5.htm
0001213900-25-003060,ABTC,424B5,2025-01-13 17:25:19,0.4,patron0,e Common Stock issuable upon exercise of such Warrants. See “ Description of Securities We Are Offering ” for a discussion on the terms of the Common Warrants. Offering price $0.40 per share and accompanying Common Warrant for thi,2025-01-13,0.3965,"e may refer to the Common Warrants as the “Warrants.” Our Common Stock is traded on The Nasdaq Capital Market under the symbol “GRYP.” On January 13, 2025, the last reported sale price of our Common Stock as reported on the Nasdaq Capital Market was $0.3965 per share. Investing in our securities involves a high degree of risk. Before buying any of our securities, you should carefully read the discussion of material risks of investing in our",https://www.sec.gov/Archives/edgar/data/1755953/000121390025003060/ea0226252-424b5_gryphon.htm
0001493152-26-007823,ABTS,424B5,2026-02-24 08:00:25,,sin frase,,2026-02-20,3.73," Pre-Funded Warrants offered hereby. Our ordinary shares are listed on The Nasdaq Capital Market, or Nasdaq, under the symbol “ABTS”. On February 20, 2026, the closing price for our ordinary shares as reported on the Nasdaq was $3.73 per share. The aggregate market value of our outstanding ordinary shares held by non-affiliates on February 20, 2026 was $7.27 million based on 1.95 million ordinary shares issued and outstanding hel",https://www.sec.gov/Archives/edgar/data/1864055/000149315226007823/form424b5.htm
0001104659-21-124625,ABUS,424B5,2021-10-08 16:19:52,4.1,patron1,"ve purposes that an aggregate of 18,292,682 of our common shares are sold under this prospectus supplement during the term of the Sale Agreement with Jefferies at a price of $4.10 per share, the last reported sale price of our co",,,,https://www.sec.gov/Archives/edgar/data/1447028/000110465921124625/tm2129349-1_424b5.htm
0001213900-21-040290,ABVC,424B4,2021-08-04 15:28:32,6.25,patron0," is a firm commitment underwritten public offering by ABVC Biopharma, Inc., a Nevada corporation (the “Company”) of 1,100,000 units (the “Units”), based on the public offering price of $6.25 per Unit Each Unit consists of (a) one share of ",2021-08-02,4.95,"price of our Common Stock on the OTCQB Marketplace (the “OTCQB”). Our common stock is quoted on the OTCQB Markets under the symbol ABVC. On August 2, 2021, the closing price of our common stock was $4.95 per share. Prior to January 14, 2016, our common stock was quoted under the symbol “MTOO”. Prior to December 15, 2015, our common stock was quoted under the symbol “ECOC”. There is no established trading market for the Purchase W",https://www.sec.gov/Archives/edgar/data/1173313/000121390021040290/ea145169-424b4_abvcbio.htm
0001213900-22-072724,ABVC,424B4,2022-11-15 14:36:34,,sin frase,,,,,https://www.sec.gov/Archives/edgar/data/1173313/000121390022072724/ea168730-424b4_abvc.htm
0001213900-23-061032,ABVC,424B5,2023-07-31 09:01:14,3.5,patron0,"the net tangible book value per share of our common stock, you will suffer substantial dilution in the net tangible book value of our common stock. Based on an offering price of $3.50 per share, after deducting estimated offering com",2023-07-27,3.1,"r shares of Common Stock hereunder. Our shares of Common Stock are currently traded on the Nasdaq Capital Market under the symbol “ABVC.” On July 27, 2023, the closing sale price of our shares of Common Stock was $3.1 per share. Investing in our securities involves a high degree of risk. You should purchase our securities only if you can afford a complete loss of your investment. See “Risk Factors” beginning on page S-4 of this prospe",https://www.sec.gov/Archives/edgar/data/1173313/000121390023061032/ea182500-424b5_abvcbio.htm
0001213900-23-068605,ABVC,424B4,2023-08-17 17:00:33,,sin frase,,,,,https://www.sec.gov/Archives/edgar/data/1173313/000121390023068605/ea183658-424b4_abvcbio.htm
0001213900-23-088374,ABVC,424B4,2023-11-17 17:00:22,,sin frase,,,,,https://www.sec.gov/Archives/edgar/data/1173313/000121390023088374/ea188535-424b4_abvcbio.htm
0001193125-18-022393,ACET,424B4,2018-01-29 06:13:06,15.0,patron2," 333-22237 PROSPECTUS 5,666,667 Shares Common Stock This is resTORbio, Inc.’s initial public offering. We are selling 5,666,667 shares of our common stock. The public offering price for our common stock is $15.00 per share. Currently, no public market exists for",,,,https://www.sec.gov/Archives/edgar/data/1720580/000119312518022393/d475892d424b4.htm
0000950123-18-006385,ACHV,424B4,2018-06-15 17:24:31,4.0,patron0," stock”), and a warrant to purchase one share of our common stock (together with the shares of common stock underlying such warrants, the “Class A Units”) at a public offering price of $4.00 per Class A Unit. Each warrant included in the Clas",2018-06-14,5.2,"otment option is exercisable for 45 days from the date of this prospectus. Our common stock is listed on The Nasdaq Capital Market under the symbol “ACHV”. The closing price of our common stock on June 14, 2018, as reported by The Nasdaq Capital Market, was $5.20 per share. We do not intend to apply for listing of the warrants offered hereby or the shares of Series A Preferred Stock on any securities exchange or trading system. I",https://www.sec.gov/Archives/edgar/data/949858/000095012318006385/achv-424B4.htm
0001193125-18-289693,ACHV,424B5,2018-10-01 17:04:05,3.1445,patron0,"n in the future. If you purchase common stock in this offering, you will incur immediate dilution of $0.1445 per share, representing the difference between the public offering price of $3.1445 per share and our pro forma net tangible book val",2018-09-28,3.15,"spectus supplement and the accompanying prospectus. Our common stock is quoted on the Nasdaq Capital Market under the symbol “ACHV.” On September 28, 2018, the last reported sale price of our common stock on the Nasdaq Capital Market was $3.15 per share. In a concurrent private placement, we are also selling, to the purchasers of shares of our common stock in this offering, warrants to purchase 894,626 shares of our Common Stock, or Warrant",https://www.sec.gov/Archives/edgar/data/949858/000119312518289693/d630685d424b5.htm
0000950103-20-017578,ACIU,424B5,2020-09-08 17:06:54,,ATM,,2020-09-04,7.29,"itional information, see “Plan of Distribution.” Our common shares trade on The Nasdaq Global Market under the trading symbol “ACIU”. On September 4, 2020, the last sale price of our common shares as reported on The Nasdaq Global Market was $7.29 per share. We are an “emerging growth company” as defined under the federal securities laws and, as such, are subject to reduced public company reporting requirements. See “Prospectus Supp",https://www.sec.gov/Archives/edgar/data/1651625/000095010320017578/dp136176_424b5.htm
0000950103-21-006776,ACIU,424B5,2021-05-05 16:47:41,,ATM,,2021-05-04,6.16,"or additional information, see “Plan of Distribution.” Our common shares trade on The Nasdaq Global Market under the trading symbol “ACIU”. On May 4, 2021, the last sale price of our common shares as reported on The Nasdaq Global Market was $6.16 per share. We are an “emerging growth company” as defined under the federal securities laws and, as such, are subject to reduced public company reporting requirements. See “Prospectus Supp",https://www.sec.gov/Archives/edgar/data/1651625/000095010321006776/dp149732_424b5.htm
0001683168-22-002903,ACON,424B4,2022-04-25 16:28:25,,sin frase,,,,,https://www.sec.gov/Archives/edgar/data/1635077/000168316822002903/aclarion_424b4.htm
0001047469-18-006765,ACRS,424B5,2018-10-18 16:08:03,,sin frase,,2018-10-17,12.17,"s Common Stock We are offering 8,645,000 shares of our common stock. Our common stock is listed on The Nasdaq Global Select Market under the symbol ""ACRS."" The last reported sale price of our common stock on The Nasdaq Global Select Market on October 17, 2018 was $12.17 per share. Investing in our common stock involves a high degree of risk. See ""Risk Factors"" beginning on page S-8 of this prospectus supplement, page 5 of the accompanying p",https://www.sec.gov/Archives/edgar/data/1557746/000104746918006765/a2236931z424b5.htm
0001104659-20-094778,ACRS,424B5,2020-08-13 17:26:14,,sin frase,,2020-08-12,2.2,"s. See “Plan of Distribution.” Our common stock is traded on the Nasdaq Global Select Market, or the Exchange, under the symbol “ACRS.” On August 12, 2020, the last reported sale price of our common stock was $2.20 per share. We are an “emerging growth company” under applicable Securities and Exchange Commission rules and are eligible for reduced public company disclosure requirements. See “Prospectus Supplement Summary—Implications of Bein",https://www.sec.gov/Archives/edgar/data/1557746/000110465920094778/a20-27412_1424b5.htm
0001104659-25-021975,ACXP,424B5,2025-03-10 07:30:51,0.4,patron0,"Pre-Funded Warrants We are offering to a single institutional investor 2,150,000 shares of our common stock, par value $0.001 per share (“common stock”), at an offering price of $0.40 per share of common stock, and pre-funded warrant",2025-03-06,0.652,"do not intend to apply for a listing for any such pre-funded warrants or warrants on any securities exchange or other nationally recognized trading system. The closing price of our shares of common stock on Nasdaq on March 6, 2025, was $0.652 per share. Investing in our securities involves risks. You should review carefully the risks and uncertainties described under the heading “Risk Factors” beginning on page S-7 of this prospe",https://www.sec.gov/Archives/edgar/data/1736243/000110465925021975/tm258693d1_424b5.htm
0001213900-24-006482,ADIL,424B5,2024-01-25 16:30:56,,sin frase,,2024-01-19,1.275,"e method and terms of the offering of such securities Our common stock is listed on the Nasdaq Capital Market under the symbol “ADIL.” On January 19, 2024, the last reported sale price of our common stock on the Nasdaq Capital Market was $1.275 per share. The applicable prospectus supplement will contain information, where applicable, as to any other listing, if any, on any securities market or other exchange of the specific security covere",https://www.sec.gov/Archives/edgar/data/1513525/000121390024006482/ea191985-424b5_adialpharm.htm
0001213900-24-034190,ADIL,424B5,2024-04-18 17:31:00,,ATM,,2024-04-15,2.61,"tock pursuant to General Instruction I.B.6 to Form S-3. Our common stock is listed on the Nasdaq Capital Market under the symbol “ADIL.” On April 15, 2024, the closing price of our common stock on the Nasdaq Capital Market was $2.61 per share. Investing in our common stock involves a high degree of risk. Before making an investment decision, please read the information under the heading “Risk Factors” beginning on page S-4 of thi",https://www.sec.gov/Archives/edgar/data/1513525/000121390024034190/ea0203747-424b5_adial.htm
0001193805-18-000806,ADMA,424B5,2018-06-08 17:30:27,4.78,patron0,"4.9 million, or approximately $0.40 per share of our common stock, after giving effect to the retirement of the NV Biotest Shares on May 14, 2018. Based on the public offering price of $4.78 per share, and after deducting underwriting disco",2018-06-05,5.04,"ummary—Status as an Emerging Growth Company.” Our common stock is listed for trading on the Nasdaq Capital Market under the symbol “ADMA.” On June 5, 2018, the last reported sale price of our common stock was $5.04 per share. Investing in our common stock involves significant risk. See “Risk Factors” on page S-7 of this prospectus supplement, in the accompanying prospectus and in the documents incorporated by reference in this prospectus su",https://www.sec.gov/Archives/edgar/data/1368514/000119380518000806/e618081_424b5-adma.htm
0001047469-21-000043,ADXN,424B4,2021-01-08 17:19:57,10.0,patron0," the symbol ""ADXN."" The ADSs began trading on Nasdaq on January 29, 2020. Our shares are listed on the SIX Swiss Exchange, or SIX, under the symbol ""ADXN."" The initial public offering price is $10.00 per ADS (CHF 1.474 per share). The closing pric",2021-01-06,13.4,"ur shares are listed on the SIX Swiss Exchange, or SIX, under the symbol ""ADXN."" The initial public offering price is $10.00 per ADS (CHF 1.474 per share). The closing price of our ADSs on Nasdaq on January 6, 2021 was $13.40 per ADS, and the closing price of our shares on SIX on January 6, 2021 was CHF 2.05 per share, which is equivalent to $2.32 per share based on an exchange rate between the Swiss franc and the U.S. dollar of ",https://www.sec.gov/Archives/edgar/data/1574232/000104746921000043/a2242789z424b4.htm
0001104659-22-080927,ADXN,424B5,2022-07-19 20:09:55,,sin frase,,,,,https://www.sec.gov/Archives/edgar/data/1574232/000110465922080927/tm2221368-1_424b5.htm
0001104659-24-008319,ADXN,424B5,2024-01-30 17:00:28,,ATM,,2024-01-26,12.16,"ma as adjusted basis to give effect to the sale of 21,217,080 shares in the form of 176,809 ADSs with estimated net proceeds of $1.79 million based on the ADSs closing price of $12.16 per ADS as reported on Nasdaq on January 26, 2024, after deducting sales commissions and estimated offering expenses payable by us. ​ Amounts in CHF ​ ​ Actual as of September 30, 2023 ​ ​ Pro Forma as of September 30, 2023 ​ ​ Pro Forma As Adjusted",https://www.sec.gov/Archives/edgar/data/1574232/000110465924008319/tm244316-1_424b5.htm
0001104659-19-073403,AEHL,424B5,2019-12-17 16:02:36,0.75,patron1,"3-228182 Prospectus Supplement (To prospectus dated November 14, 2018) China Ceramics Co., Ltd. 1,200,000 common shares We are offering 1,200,000 common shares at a price of $0.75 per share (the “Shares”) to selected institutiona",2019-12-16,0.97,"pectus supplement and the accompanying prospectus. Our common shares are traded on The NASDAQ Capital Market under the symbol “CCCL.” On December 16, 2019, the last reported sale price of our common share was $0.97 per share. The Warrants being issued in the concurrent private placement are not listed on any securities exchange, and we do not expect to list the Warrants. As of December 13, 2019, the aggregate market value of our outstanding",https://www.sec.gov/Archives/edgar/data/1470683/000110465919073403/tm1926317-2_424b5.htm
0001104659-21-022183,AEHL,424B5,2021-02-12 17:58:57,3.57,patron1,"182 Prospectus Supplement (To prospectus dated November 19, 2018) Antelope Enterprise Holdings Ltd. 588,236 common shares We are offering 588,236 common shares at a price of $3.57 per share (the “Shares”) to selected institutiona",2021-02-11,3.83,"pectus supplement and the accompanying prospectus. Our common shares are traded on The NASDAQ Capital Market under the symbol “AEHL.” On February 11, 2021, the last reported sale price of our common share was $3.83 per share. The Warrants being issued in the concurrent private placement are not listed on any securities exchange, and we do not expect to list the Warrants. As of February 11, 2021, the aggregate market value of our outstanding",https://www.sec.gov/Archives/edgar/data/1470683/000110465921022183/tm216402d1_424b5.htm
0001493152-24-050334,AEHL,424B5,2024-12-17 08:35:47,,sin frase,,2024-12-12,0.2,"RKET INFORMATION DIVIDEND POLICY Our Class A Ordinary Shares are currently traded on the Nasdaq Stock Market under the symbol “AEHL.” On December 12, 2024, the closing sale price of our Class A Ordinary Shares was $0.20 per share. We have not declared or paid any cash dividends on our capital stock during the past five years, and we do not currently intend to pay any cash dividends on our ordinary shares for the foreseeable future. We",https://www.sec.gov/Archives/edgar/data/1470683/000149315224050334/form424b5.htm
0001493152-21-011172,AEI,424B4,2021-05-12 21:50:53,,sin frase,,,,,https://www.sec.gov/Archives/edgar/data/1750106/000149315221011172/form424b4.htm
0001683168-17-000647,AEMD,424B5,2017-03-23 09:06:11,3.5,patron2,"mpanying prospectus or the registration statement of which it forms a part. THE OFFERING Common Stock Common Stock offered by us 575,000 shares of common stock Public offering price(1) $3.50 per share Common stock to be outstanding immediat",2017-03-15,4.75," (iii) extend the term of those warrants by six months. Our common stock is listed on The Nasdaq Capital Market under the symbol ""AEMD"". On March 15, 2017, the last reported sale price per share of our common stock was $4.75 per share. The Warrants being issued in the concurrent private placement are not listed on any securities exchange and we do not expect to list the Warrants. As of March 15, 2017, the aggregate market value of our outst",https://www.sec.gov/Archives/edgar/data/882291/000168316817000647/aethlon_424b5-211151.htm
0001683168-20-000187,AEMD,424B5,2020-01-17 17:28:02,,ATM,,2020-01-16,2.76,"ing prospectus and are being offered pursuant to the exemption provided in Section 4(a)(2) under the Securities Act and Rule 506(b) promulgated thereunder. The last reported sale price of our common stock on The Nasdaq Capital Market on January 16, 2020 was $2.76 per share. As of the date of this prospectus supplement, the aggregate market value of our outstanding shares of common stock held by non-affiliates was $15,099,291, based on 5,076",https://www.sec.gov/Archives/edgar/data/882291/000168316820000187/aethlon_424b5-231397.htm
0001683168-20-001026,AEMD,424B5,2020-03-30 16:50:06,,ATM,,2020-03-16,0.5," $ 0.52 The table above assumes for illustrative purposes that an aggregate of 6,093,496 shares of our common stock are sold at a price of $1.23 per share, the last reported sale price of our common stock on the Nasdaq Capital Market on March 16, 2020, for aggregate gross proceeds of $7,495,000. The shares, if any, sold in this offering will be sold from time to time at various prices. An increase of $0.50 per share in the price at which th",https://www.sec.gov/Archives/edgar/data/882291/000168316820001026/aethlon_424b5.htm
0001683168-21-001016,AEMD,424B5,2021-03-22 17:01:53,,ATM,,2021-03-22,2.35," March 22, 2021, between us and Wainwright. Our common stock is listed on The Nasdaq Capital Market, or Nasdaq, under the symbol “AEMD”. On March 12, 2021, the last reported sale price of our common stock as reported on Nasdaq was $2.35 per share. Pursuant to General Instruction I.B.6 of Form S-3, in no event will we sell our common stock in a public primary offering with a value exceeding more than one-third of our public float in any 12-m",https://www.sec.gov/Archives/edgar/data/882291/000168316821001016/aethlon_424b5.htm
0001683168-22-001923,AEMD,424B5,2022-03-24 16:38:15,,ATM,,2022-03-24,1.47," March 24, 2022, between us and Wainwright. Our common stock is listed on The Nasdaq Capital Market, or Nasdaq, under the symbol “AEMD”. On March 21, 2022, the last reported sale price of our common stock as reported on Nasdaq was $1.47 per share. Sales of our common stock, if any, under this prospectus supplement may be made in sales deemed to be “at the market offerings” as defined in Rule 415(a)(4) under the Securities Act of 1933, as am",https://www.sec.gov/Archives/edgar/data/882291/000168316822001923/aethlon_424b5.htm
0001683168-26-004539,AEMD,424B5,2026-06-04 09:00:38,,ATM,,2026-05-27,3.07," be received in any escrow, trust or similar arrangement. Our common stock is listed on the Nasdaq Capital Market under the symbol “AEMD.” On May 27, 2026, the last reported sale price for our common stock was $3.07 per share. Investing in our securities involves a high degree of risk. Before buying any of our securities, you should carefully consider the risk factors described in “ Risk Factors ” on page 20 of the Original ATM Prospectus S",https://www.sec.gov/Archives/edgar/data/882291/000168316826004539/aethlon_424b5.htm
0001213900-25-019795,AGMH,424B4,2025-03-04 09:30:34,0.33,patron0,"f AGM Group Holdings Inc. (“AGM Holdings”, the “Company”, “we”, “our”, “us”), together with warrants to purchase up to 65,559,999 Class A ordinary shares, at a combined offering price of $0.33 per share and warrant, which is the last reported",,,,https://www.sec.gov/Archives/edgar/data/1705402/000121390025019795/ea0232883-424b4_agmgroup.htm
0001171843-25-000906,AGPU,424B5,2025-02-19 14:18:21,1.5,patron0,"erence into this prospectus supplement. For instructions on how to find copies of these documents, see “Where You Can Find More Information.” S- 2 THE OFFERING Offering Price $1.50 per share. Common stock offered by us 363,336 sha",2025-02-18,1.95,"ment and the accompanying prospectus, directly to institutional investors. Our common stock is listed on The Nasdaq Capital Market under the symbol “POAI.” The last reported sale price of our common stock on The Nasdaq Capital Market on February 18, 2025, was $1.95 per share. As of the date of this prospectus supplement, the aggregate market value of our outstanding shares of common stock held by non-affiliates, or our public float, was $13",https://www.sec.gov/Archives/edgar/data/1446159/000117184325000906/f424b5_021925.htm
0001213900-25-100561,AHMA,424B4,2025-10-21 09:25:13,,sin frase,,,,,https://www.sec.gov/Archives/edgar/data/2010959/000121390025100561/ea0200557-16.htm
0001213900-20-014976,AIFA,424B1,2020-06-15 16:02:33,,sin frase,,,,,https://www.sec.gov/Archives/edgar/data/1708341/000121390020014976/ea122994-424b1_alliedesports.htm
0001213900-26-011524,AIFF,424B5,2026-02-03 16:45:06,,ATM,,2026-02-02,0.86,"from time to time through the Sales Agent. Our shares of Common Stock are listed on the Nasdaq Capital Market under the symbol “AIFF”. On February 2, 2026, the last reported sale price of our Common Stock on the Nasdaq Capital Market was $0.86 per share. Sales of shares of our Common Stock, if any, made through the Sales Agent, or directly to the Sales Agent, as principal, as contemplated in this prospectus supplement and the accompanying p",https://www.sec.gov/Archives/edgar/data/803578/000121390026011524/ea0274871-424b5_firefly.htm
0001493152-19-010927,AIM,424B5,2019-07-22 14:09:54,,ATM,,,,,https://www.sec.gov/Archives/edgar/data/946644/000149315219010927/form424b5.htm
0001493152-19-014625,AIM,424B4,2019-09-26 17:00:13,0.89,patron0,"$ 0.899 $ 7,992,826 Underwriting discounts and commissions(2) $ 0.06307 $ 0.063 $ 560,120 Proceeds to us, before expenses $ 0.837 $ 0.83607 $ 7,432,706 (1) The public offering price is $0.89 per share of common stock, $0.899 per pre-funded ",2019-09-24,1.47,"ring but will be issued separately and will be immediately separable upon issuance. Our common stock is listed on the NYSE American under the symbol “AIM”. The last reported sale price for our common stock on the NYSE American on September 24, 2019 was $1.47 per share. There is no established public trading market for the pre-funded warrants or the warrants, and we do not expect a market to develop. In addition, we do not intend to apply fo",https://www.sec.gov/Archives/edgar/data/946644/000149315219014625/form424b4.htm
0001493152-20-003284,AIM,424B5,2020-03-03 16:46:18,,ATM,,2020-03-02,1.8,"tain liabilities, including liabilities under the Securities Act. Our common stock is traded on The NYSE American under the symbol “AIM.” On March 2, 2020, the last reported sale price of our common stock was $1.80 per share. As of the date of this prospectus supplement, the aggregate market value of our outstanding common stock held by non-affiliates was approximately $44,753,429 based on 21,830,941, shares of outstanding common stock held",https://www.sec.gov/Archives/edgar/data/946644/000149315220003284/form424b5.htm
0001493152-24-048689,AIM,424B5,2024-12-04 17:00:36,,sin frase,,2024-12-03,0.2061," any, attributable to its sales of the shares of Common Stock. Our Common Stock is listed on the NYSE American under the symbol “AIM.” On December 3, 2024, the closing price of our Common Stock on the NYSE American was $0.2061 per share. Investing in our Common Stock involves risks. You should review carefully the risks and uncertainties described under the heading “ Risk Factors ” contained in this prospectus and under similar h",https://www.sec.gov/Archives/edgar/data/946644/000149315224048689/form424b5.htm
0001493152-26-006944,AIM,424B4,2026-02-17 08:15:30,,sin frase,,2026-02-10,0.9755,"lose on subscriptions as soon as practicable after such date. Our common stock is listed on the NYSE American under the symbol “AIM.” On February 10, 2026, the last reported sale price of our common stock was $0.9755 per share. There is no public trading market for the Preferred Stock or the Warrants and we do not expect a market to develop. In addition, we do not intend to apply for listing of the Preferred Stock or the Warrants on any sec",https://www.sec.gov/Archives/edgar/data/946644/000149315226006944/form424b4.htm
0001654954-22-010988,AIMD,424B4,2022-08-10 16:31:01,4.25,patron0,e certificated or issued as stand-alone securities. The common stock and Warrants will be immediately separable and will be issued separately in this offering. Offering Price $4.25 per Unit. Common Stock Outstanding Before this O,,,,https://www.sec.gov/Archives/edgar/data/1014763/000165495422010988/aimd_424b4.htm
0001013762-23-005581,AIRE,424B4,2023-10-23 06:30:33,,sin frase,,,,,https://www.sec.gov/Archives/edgar/data/1859199/000101376223005581/ea187090-424b4_realphatec.htm
0002008589-25-000086,AIRE,424B4,2025-09-15 17:28:16,,ATM,,2025-09-11,1.23,"iated prices. See “Plan of Distribution” beginning on page 19. Our common stock is listed on the Nasdaq Capital Market (“Nasdaq”), under the symbol “AIRE”. The last reported sale price of our common stock on Nasdaq on September 11, 2025 was $1.23 per share. We are an “emerging growth company,” as defined under U.S. federal securities laws and, as such, are eligible and have elected to comply with certain reduced public company reporting req",https://www.sec.gov/Archives/edgar/data/1859199/000200858925000086/realpha_424b4.htm
0001104659-25-058250,AIRS,424B5,2025-06-10 18:13:57,,sin frase,,2025-06-09,5.05,"hase more, fewer or no shares in this offering. Our common stock is traded on The Nasdaq Global Market (“Nasdaq”) under the symbol “AIRS.” On June 9, 2025, the last reported sale price of our common stock on Nasdaq was $5.05 per share. The underwriter has agreed to purchase the common stock from us at a price of $3.80 per share, which will result in approximately $12.0 million of proceeds to us before expenses (or approximately $13.8 millio",https://www.sec.gov/Archives/edgar/data/1870940/000110465925058250/tm2517248-2_424b5.htm
0001493152-20-009887,AIXC,424B5,2020-05-27 12:57:37,,sin frase,,2020-05-22,7.8,"ter the close of business on May 22, 2020 immediately prior to the merger. Our common stock is listed on The Nasdaq Capital Market under the symbol “QLGN.” The last reported sale price of our common stock on The Nasdaq Capital Market on May 26, 2020 was $7.80 per share. The prospectus supplement dated November 7, 2019, as supplemented by Supplement No. 1, dated March 3, 2020, indicated that we were, at that time, subject to General Instruct",https://www.sec.gov/Archives/edgar/data/1460702/000149315220009887/form424b5.htm
0001493152-20-023894,AIXC,424B5,2020-12-18 13:26:50,,sin frase,,2020-12-14,4.07,"ercise of the warrants are also being offered pursuant to this prospectus. Our common stock is listed on The Nasdaq Capital Market under the symbol “QLGN.” The last reported sale price of our common stock on The Nasdaq Capital Market on December 14, 2020 was $4.07 per share. There is no established public trading market for the warrants and we do not expect a market to develop. Without an active trading market, we expect the liquidity of th",https://www.sec.gov/Archives/edgar/data/1460702/000149315220023894/form424b5.htm
0001493152-24-035279,AIXC,424B4,2024-09-06 15:46:29,0.13,patron0,"d Warrants We are offering on a “reasonable best efforts” basis 14,724,058 million shares of common stock, par value $0.001 per share (the “common stock”) at a public offering price of $0.13 per share. We are also offering pre-funded warran",,,,https://www.sec.gov/Archives/edgar/data/1460702/000149315224035279/form424b4.htm
0001193125-15-286442,AKBA,424B5,2015-08-11 16:14:59,,ATM,,2015-08-07,9.3," through Cantor Fitzgerald & Co., acting as sales agent. Our common stock is traded on the NASDAQ Global Market under the symbol “AKBA.” On August 7, 2015, the last reported sale price of our common stock was $9.30 per share. We are an “emerging growth company” as defined by the Jumpstart Our Business Startups Act of 2012 and, as such, we have elected to comply with certain reduced public company reporting requirements for this prospectus s",https://www.sec.gov/Archives/edgar/data/1517022/000119312515286442/d85289d424b5.htm
0001493152-25-028073,AKTX,424B5,2025-12-17 10:10:17,0.3883,patron0,"nvestors (the “investors”) 10,043,774 American Depository Shares (the “ADSs”), each representing 2,000 ordinary shares, par value $0.000000005 per share, at an offering price of $0.3883 per ADS in a registered direct offering pursuan",2025-12-15,0.411,"the Securities Act and Regulation D promulgated thereunder. Our ADSs are listed on the Nasdaq Capital Market under the symbol “AKTX.” On December 15, 2025, the last reported sale price of our ADSs was $0.411 per ADS. The aggregate market value of our outstanding ADSs held by non-affiliates as of the date of this prospectus supplement was approximately $19,463,014, based on 35,767,576 ADSs outstanding, approximately 23,866,357 of which were ",https://www.sec.gov/Archives/edgar/data/1541157/000149315225028073/form424b5.htm
0001213900-18-011439,ALAR,424B4,2018-08-20 16:14:47,14.35,patron0,", and 510,438 Series B warrants which may entitle the holders thereof to purchase up to an aggregate of 1,191,021 additional ADSs, or Series B warrants, at the offering price of $14.35 per ADS, $0.01 per Series A warrant and $0.01 p",2018-08-14,15.3,"0 of our Ordinary Shares, were quoted on the OTCQB Venture Market operated by OTC Markets Inc., or the OTCQB, under the symbol “SFTTY.” On August 14, 2018, the closing price of the ADSs on the OTCQB was $15.30 per ADS, which was the last reported trade of the ADSs on the OTCQB. The ADSs have been approved for listing on the Nasdaq Capital Market under the symbol “SFET.” There is no established public trading market for the warran",https://www.sec.gov/Archives/edgar/data/1725332/000121390018011439/f424b4082018_safetgroup.htm
0001193125-17-192984,ALDX,424B5,2017-06-02 16:11:58,,ATM,,2017-06-01,5.3,"is prospectus supplement and the accompanying prospectus. Our common stock is listed on The NASDAQ Capital Market under the symbol “ALDX.” On June 1, 2017, the last reported sale price of our common stock on The NASDAQ Capital Market was $5.30 per share. Sales of our common stock, if any, under this prospectus supplement and the accompanying prospectus may be made in sales deemed to be an “at the market offering” as defined in Rule 415(a)(4",https://www.sec.gov/Archives/edgar/data/1341235/000119312517192984/d392147d424b5.htm
0001193125-18-360963,ALDX,424B5,2018-12-28 16:19:53,,ATM,,2018-12-27,7.87,"ies, including liabilities under the Securities Act. Our common stock is listed on The Nasdaq Capital Market under the symbol “ALDX.” On December 27, 2018, the closing sale price of our common stock on The Nasdaq Capital Market was $7.87 per share. INVESTING IN OUR SECURITIES INVOLVES RISKS. SEE THE “ RISK FACTORS ” ON PAGE S-6 OF THIS PROSPECTUS SUPPLEMENT AND IN THE DOCUMENTS INCORPORATED BY REFERENCE IN THIS PROSPECTUS SUPPLEMENT C",https://www.sec.gov/Archives/edgar/data/1341235/000119312518360963/d665127d424b5.htm
0001213900-23-055529,ALLR,424B4,2023-07-07 16:30:19,4.5,patron0,ber of common warrants sold in this offering will not change as a result of a change in the mix of the shares of our Common Stock and pre-funded warrants sold. Public Offering Price $4.50 per share of Common Stock and accompanying common,2023-07-05,8.28,"sted on The Nasdaq Capital Market under the symbol “ALLR.” Previously, our shares of Common Stock were listed on The Nasdaq Global Market. On July 5, 2023, the last reported sale price of our Common Stock on The Nasdaq Capital Market was $8.28 per share. There is no established trading market for the pre-funded warrants or common warrants and we do not expect a market to develop. In addition, we do not intend to list the pre-funded warrants",https://www.sec.gov/Archives/edgar/data/1860657/000121390023055529/ea181474-424b4_allarity.htm
0001213900-24-032756,ALLR,424B5,2024-04-15 08:30:22,,ATM,,,,,https://www.sec.gov/Archives/edgar/data/1860657/000121390024032756/ea0203855-424b5_allarity.htm
0001213900-24-076927,ALLR,424B5,2024-09-09 16:05:26,,ATM,,,,,https://www.sec.gov/Archives/edgar/data/1860657/000121390024076927/ea021395701-424b5_allarity.htm
0001104659-24-076337,ALMS,424B4,2024-06-28 16:57:13,16.0,patron0,ercise by the underwriters of their over-allotment option; ​ • no purchases of shares of our common stock in this offering by our existing stockholders; ​ • an initial public offering price of $16.00 per share; and ​ • the filing and effectiveness o,,,,https://www.sec.gov/Archives/edgar/data/1847367/000110465924076337/tm2411163-14_424b4.htm
0001193125-23-221567,ALXO,424B5,2023-08-25 16:44:38,,ATM,,,,,https://www.sec.gov/Archives/edgar/data/1810182/000119312523221567/d524182d424b5.htm
0001214659-24-008760,ALZN,424B5,2024-05-10 06:30:41,,sin frase,,2024-05-09,0.5994,"e issuance of Conversion Shares upon conversion of the Series A Preferred. Our Common Stock is listed on The Nasdaq Capital Market under the symbol “ALZN”. The last sale price of our Common Stock on May 9, 2024, as reported by The Nasdaq Capital Market, was $0.5994 per share. There is no established public trading market for the Series A Preferred and we do not expect a market to develop. Without an active trading market, the liqui",https://www.sec.gov/Archives/edgar/data/1677077/000121465924008760/g59240424b5.htm
0001437749-25-027697,AMIX,424B5,2025-08-25 17:29:33,,ATM,,2025-08-20,1.05,"rg, acting as our sales agent or principal. Our common stock is listed on the NASDAQ Capital Market and traded under the symbol “AMIX”. On August 20, 2025, the closing price of the common stock, as reported on NASDAQ was $1.05 per share. Sales of our common stock, if any, under this prospectus supplement may be made in sales deemed to be an “at the market offering” as defined in Rule 415(a)(4) promulgated under the Securities Act",https://www.sec.gov/Archives/edgar/data/1617867/000143774925027697/amix20250630_424b5.htm
0001493152-24-047722,AMPG,424B5,2024-11-26 06:15:31,0.92,patron0,"ck 177,882 Shares of Common Stock Underlying the Prefunded Warrants We are offering (i) 1,425,377 shares of our common stock, $0.001 par value per share, at an offering price of $0.92 per share and (ii) 177,882 pre-funded warrants (“",2024-11-22,1.24,"arrants will be limited. Our common stock and warrants are listed on the Nasdaq Capital Market and trade under the symbols “AMPG” and “AMPGW” respectively. The last reported sale price of our Common Stock on the Nasdaq Capital Market on November 22, 2024, was $1.24 per share. We are a “smaller reporting company” as defined under the federal securities laws and, as such, have elected to comply with certain reduced reporting requirements for ",https://www.sec.gov/Archives/edgar/data/1518461/000149315224047722/form424b5.htm
0001193125-18-027655,AMRN,424B5,2018-01-31 17:25:18,,sin frase,,2018-01-30,3.83,"esents one of our ordinary shares, par value £0.50 per share. Our ADSs are listed on The NASDAQ Global Market under the symbol “AMRN”. On January 30, 2018, the last reported sale price of our ADSs on The NASDAQ Global Market was $3.83 per share. The underwriter has agreed to purchase the ADSs from us at a price of $3.41 per ADS, which will result in approximately $65.4 million of proceeds to us, before offering expenses, and assuming no exe",https://www.sec.gov/Archives/edgar/data/897448/000119312518027655/d515959d424b5.htm
0001213900-20-028533,AMST,424B4,2020-09-25 21:28:08,,sin frase,,,,,https://www.sec.gov/Archives/edgar/data/1807166/000121390020028533/ea127376-424b4_amesiteinc.htm
0001213900-25-001649,AMST,424B5,2025-01-07 16:20:31,,sin frase,,2025-01-06,4.05," common stock, $0.0001 par value per share. Our common stock is listed on the Nasdaq Capital Market (“Nasdaq”) under the symbol “AMST.” On January 6, 2025, the last reported sale price of our common stock on the Nasdaq Capital Market was $4.05 per share. The trading price of our common stock has been, and may continue to be, subject to wide price fluctuations in response to various factors, many of which are beyond our control, including th",https://www.sec.gov/Archives/edgar/data/1807166/000121390025001649/ea0227002-424b5_amesite.htm
0001213900-26-048323,AMST,424B5,2026-04-28 09:43:45,1.435,patron0,"sition period for complying with new or revised accounting standards as permitted by The JOBS Act. S- 3 THE OFFERING Common Stock Offered by Us 696,866 shares. Offering Price $1.435 per share. Common Stock to be Outstanding Immedia",2026-04-24,1.58,"Securities Act and Regulation D promulgated thereunder. Our common stock is traded on The Nasdaq Capital Market under the symbol “AMST.” On April 24, 2026, the last sale price of our common stock as reported on The Nasdaq Capital Market was $1.58 per share. As of April 24, 2026, the aggregate market value of our outstanding common stock held by non-affiliates was approximately $6,584,654 based on 4,572,713 outstanding shares of com",https://www.sec.gov/Archives/edgar/data/1807166/000121390026048323/ea0287929-424b5_amesite.htm
0001193125-22-133696,AMTD,424B5,2022-04-29 16:12:57,8.38,patron0," On August 5, 2019, our ADSs commenced trading on the NYSE. We issued and sold a total of 23,873,655 ADSs representing 23,873,655 Class A ordinary shares at an initial offering price of US$8.38 per ADS. Our ADSs are currently traded under th",2022-04-28,2.21,"eds from the sale of securities by the selling shareholders. Our ADSs are listed on the New York Stock Exchange under the symbol “AMTD.” On April 28, 2022, the last reported sale price of our ADSs on the New York Stock Exchange was US$2.21 per ADS. Each ADS represents one Class A ordinary share. The selling shareholders may sell the securities from time to time at fixed prices, at market prices or at negotiated prices, to or through underwr",https://www.sec.gov/Archives/edgar/data/1769731/000119312522133696/d312632d424b5.htm
0001654954-20-010679,AMTX,424B5,2020-10-01 06:04:09,,ATM,,2020-09-22,3.05,"us, including any supplements and amendments thereto. Our common stock is listed on The Nasdaq Stock Market under the symbol “AMTX.” On September 22, 2020, the last reported sale price of our common stock on The Nasdaq Stock Market was $3.05 per share. The aggregate market value of our outstanding common stock held by non-affiliates was $48,808,616, based on 21,027,844 shares of outstanding common stock as of September 22, 2020, of which ap",https://www.sec.gov/Archives/edgar/data/738214/000165495420010679/amtx_424b5.htm
0001193125-17-019730,ANAB,424B4,2017-01-26 16:09:00,15.0,patron2," Common Stock This is the initial public offering of shares of AnaptysBio, Inc. common stock. We are offering 5,000,000 shares of our common stock. The initial public offering price of our common stock is $15.00 per share. Prior to this offering, there has been",,,,https://www.sec.gov/Archives/edgar/data/1370053/000119312517019730/d320192d424b4.htm
0001213900-25-062147,ANPA,424B4,2025-07-08 20:13:15,,sin frase,,,,,https://www.sec.gov/Archives/edgar/data/2031688/000121390025062147/ea0212005-11.htm
0001047469-20-000594,ANVS,424B4,2020-01-30 06:07:41,,sin frase,,,,,https://www.sec.gov/Archives/edgar/data/1477845/000104746920000594/a2240622z424b4.htm
0001144879-24-000189,APLD,424B5,2024-07-09 06:38:52,,ATM,,2024-07-05,6.94,"nts, acting as our agents or principals. Our common stock is listed on the Nasdaq Global Select Market (“Nasdaq”) under the symbol “APLD.” On July 5, 2024, the last reported sale price of our common stock on Nasdaq was $6.94 per share. Sales of our common stock, if any, under this prospectus supplement may be made in sales deemed to be “at the market equity offerings” as defined in Rule 415 promulgated under the Securities Act of 1933, as a",https://www.sec.gov/Archives/edgar/data/1144879/000114487924000189/apldprospectussupplement-j.htm
0001193125-19-218511,APVO,424B5,2019-08-12 08:02:24,,sin frase,,2019-08-09,0.89,"p to $7,000,000 from time to time through Piper Jaffray. Our common stock is listed on the Nasdaq Global Market under the symbol “APVO.” On August 9, 2019, the last reported sale price of our common stock on the Nasdaq Global Market was $0.89 per share. Investing in our common stock involves a high degree of risk. Please read the information contained and incorporated by reference under the heading “Risk Factors” on page 4 of the Prospectus",https://www.sec.gov/Archives/edgar/data/1671584/000119312519218511/d727206d424b5.htm
0001564590-22-012065,APVO,424B5,2022-03-29 07:55:51,,sin frase,,2022-03-28,6.07,"ment to the Prospectus prior to making additional sales. Our common stock is listed on the Nasdaq Global Market under the symbol “APVO.” On March 28, 2022, the last reported sale price of our common stock on the Nasdaq Global Market was $6.07 per share. Investing in our common stock involves a high degree of risk. Please read the information contained and incorporated by reference under the heading “Risk Factors” on page 4 of the Prospectus",https://www.sec.gov/Archives/edgar/data/1671584/000156459022012065/apvo-424b5.htm
0000950170-25-076336,APVO,424B5,2025-05-22 16:15:12,,ATM,,2025-05-22,0.3,"rt, we will file another prospectus supplement prior to making such sales. Our common stock is listed on The Nasdaq Capital Market under the symbol “APVO.” The last reported sale price of our common stock on May 22, 2025, was $0.30 per share. Investing in our securities involves risks. See “Risk Factors” on page S-7 of the Original Prospectus, and in the filings with the Securities and Exchange Commission that are incorporated by reference ",https://www.sec.gov/Archives/edgar/data/1671584/000095017025076336/apvo-2025_-_atm_sticker_.htm
0000950170-25-105823,APVO,424B4,2025-08-08 16:05:33,,sin frase,,2025-08-07,2.14,"g stockholder. See “ Plan of Distribution .” Our common stock is listed on the Nasdaq Capital Market (""Nasdaq"") under the symbol “APVO.” On August 7, 2025, the last reported sale price of our common stock on the Nasdaq Capital Market was $2.14 per share. Numbers in this prospectus reflect the reverse stock split of our common stock at the reverse split ratio of 1-for-20 that was affected on May 23, 2025. You should read this prospectus, tog",https://www.sec.gov/Archives/edgar/data/1671584/000095017025105823/apvo-2025-424b4_-_eloc.htm
0001213900-23-027935,ARBB,424B4,2023-04-06 15:35:29,4.0,patron0,"lity whose principal place of business is in Malaysia. We are offering on a firm commitment basis 1,250,000 ordinary shares, par value $0.0001 per share, at an initial public offering price of $4.00 per ordinary share. Prior to this offering, there has been",,,,https://www.sec.gov/Archives/edgar/data/1930179/000121390023027935/ea176538-424b4_arbiot.htm
0001213900-24-093757,ARBE,424B5,2024-11-04 08:16:13,1.82,patron0," Warrants will be sold in units, with each unit consisting of one ordinary share, one Tranche A Warrant, and one Tranche B Warrant. Each unit will be sold at a public offering price of $1.82 per unit. The ordinary shares or Pre-Funded Warr",2024-10-31,1.82,"” Our ordinary shares and warrants are listed on the NASDAQ Capital Market under the trading symbols “ARBE” and “ARBEW”, respectively. On October 31, 2024, the closing prices of our ordinary shares and warrants on the Nasdaq Capital Market were $1.82 per ordinary share and $0.24 per warrant. Our ordinary shares are also listed on the Tel Aviv Stock Exchange (the “TASE”) under the symbol “ARBE.” On October 31, 2024, the last repor",https://www.sec.gov/Archives/edgar/data/1861841/000121390024093757/ea0219777-424b5_arbe.htm
0001640334-19-001225,ARTL,424B4,2019-06-24 21:24:33,6.15,patron0,"bearing instruments. See “Use of Proceeds” on page [ 38 ] . Terms of the public warrants The exercise price of the warrants is $ 6.4575 per share, based on the public offering price of $ 6.15 per Unit. Each warrant is exercisable for one (1",,,,https://www.sec.gov/Archives/edgar/data/1621221/000164033419001225/artl_424b4.htm
0001640334-20-001759,ARTL,424B5,2020-07-14 09:18:51,,ATM,,2020-06-02,1.63,"n shares of our common stock. See “Plan of Distribution.” Our common stock is listed on the Nasdaq Capital Market under the symbol “ARTL.” On June 2, 2020, the last reported sale price for our common stock on the Nasdaq Capital Market was $1.63 per share. Sales of our common stock, if any, under this prospectus may be made in sales deemed to be “at-the-market offerings” as defined in Rule 415(a)(4) promulgated under the Securities Act of 19",https://www.sec.gov/Archives/edgar/data/1621221/000164033420001759/artl_424b5.htm
0001640334-20-002532,ARTL,424B4,2020-10-13 06:18:37,0.75,patron0,"llotments. Use of proceeds We estimate that we will receive net proceeds from the sale of our Units in this offering of approximately $5,672,000 based upon the public offering price of $0.75 per Unit, after deducting estimated underwriting",,,,https://www.sec.gov/Archives/edgar/data/1621221/000164033420002532/artl_424b4.htm
0001640334-21-000819,ARTL,424B5,2021-04-09 16:31:00,,ATM,,2021-04-06,1.61," shares of our common stock. See “Plan of Distribution.” Our common stock is listed on the Nasdaq Capital Market under the symbol “ARTL.” On April 6, 2021, the last reported sale price for our common stock on the Nasdaq Capital Market was $1.61 per share. Sales of our common stock, if any, under this prospectus supplement may be made in sales deemed to be “at-the-market offerings” as defined in Rule 415(a)(4) promulgated under the Securitie",https://www.sec.gov/Archives/edgar/data/1621221/000164033421000819/artl_424b5.htm
0001640334-26-000926,ARTL,424B5,2026-05-18 16:30:48,,ATM,,,,,https://www.sec.gov/Archives/edgar/data/1621221/000164033426000926/artl_424b5.htm
0001193125-19-032444,ASND,424B5,2019-02-08 17:21:24,,ATM,,2019-02-06,68.69,"cting as our agent. The ADSs, representing our ordinary shares, are listed on the Nasdaq Global Select Market under the symbol “ASND.” On February 6, 2019, the last reported sale price of the ADSs on the Nasdaq Global Select Market was $68.69 per ADS. Sales of the ADSs, if any, under this prospectus supplement may be made in sales deemed to be an “at the market offering” as defined in Rule 415(a)(4) promulgated under the Securities Act of 1",https://www.sec.gov/Archives/edgar/data/1612042/000119312519032444/d684769d424b5.htm
0001213900-23-008250,ASST,424B4,2023-02-06 07:32:33,5.0,patron0,"ing offered: 1,500,000 shares of Class B Common Stock (or 1,725,000 shares if the underwriters exercise the over-allotment option in full). Offering price: The initial public offering price will be $5.00 per share. Shares outstanding after the offering:",,,,https://www.sec.gov/Archives/edgar/data/1920406/000121390023008250/ea172764-424b4_assetentities.htm
0001213900-24-099664,ASST,424B5,2024-11-18 16:31:18,,sin frase,,,,,https://www.sec.gov/Archives/edgar/data/1920406/000121390024099664/ea022170601-424b5_asset.htm
0001213900-25-007867,ASST,424B5,2025-01-29 16:00:17,,sin frase,,,,,https://www.sec.gov/Archives/edgar/data/1920406/000121390025007867/ea0229111-424b5_asset.htm
0001564590-20-013000,ASTC,424B5,2020-03-26 09:07:44,5.0,patron0,"ck you purchase. The public offering price of our common stock is substantially higher than our net tangible book value per share of common stock. Based on the public offering price of $5.00 per share, investors purchasing shares in this of",2020-03-24,1.11,"ommon stock is being sold at a purchase price of $5.00. Our common stock is listed on the Nasdaq Capital Market under the symbol “ASTC”. On March 24, 2020, the last reported sale price as reported on the Nasdaq Capital Market was $1.11 per share. As of March 24, 2020, the aggregate market value of our outstanding common stock held by non-affiliates was approximately $9,412,871 based on outstanding shares of common stock, of which approximat",https://www.sec.gov/Archives/edgar/data/1001907/000156459020013000/astc-424b5.htm
0001564590-20-013853,ASTC,424B5,2020-03-30 07:43:07,5.0,patron0,"rchasers named therein, pursuant to which we agreed to issue and sell, in a registered direct offering (the “Prior Registered Offering”), 354,000 Shares, at an offering price of $ 5.00 per Share. The Prior Registered Offering resulted",2020-03-26,3.47,"ommon stock is being sold at a purchase price of $3.75. Our common stock is listed on the Nasdaq Capital Market under the symbol “ASTC”. On March 26, 2020, the last reported sale price as reported on the Nasdaq Capital Market was $3.47 per share. As of March 26, 2020, the aggregate market value of our outstanding common stock held by non-affiliates was approximately $19,247,778 based on outstanding shares of common stock, of which approxima",https://www.sec.gov/Archives/edgar/data/1001907/000156459020013853/astc-424b5.htm
0001079973-23-001343,ASTI,424B4,2023-09-29 16:28:29,2.88,patron0," each consisting of one share of our common stock, par value $0.0001 per share, and one warrant to purchase one share of common stock (“Common Warrants”), at a public offering price of $2.88 per unit for gross proceeds of approximately $10",2023-09-27,5.51,"nded Warrants included in the units offered hereby. Our common stock is traded on the Nasdaq Capital Market under the symbol “ASTI.” On September 27, 2023, the closing price for our common stock, as reported on the Nasdaq Capital Market, was $5.51 per share. The public offering price per unit was determined at the time of pricing was at a discount to the then current market price. The final public offering price was determined th",https://www.sec.gov/Archives/edgar/data/1350102/000107997323001343/asti_424b4b.htm
0001213900-20-043046,ATHE,424B5,2020-12-16 16:49:29,,ATM,,,,,https://www.sec.gov/Archives/edgar/data/1131343/000121390020043046/ea131716-424b5_alterity.htm
0001213900-24-014642,ATHE,424B5,2024-02-15 17:28:37,,ATM,,,,,https://www.sec.gov/Archives/edgar/data/1131343/000121390024014642/ea189518-424b5_alterity.htm
0001615774-18-003583,ATOS,424B4,2018-05-10 17:13:08,,sin frase,,2018-05-02,3.83,"es of common stock, you will not be able to resell such shares. We cannot predict the price at which our shares of common stock will trade. On May 2, 2018, the last reported sale price of our common stock on Nasdaq was $3.83 per share. You are urged to make your decision based on your own assessment of our business and the rights offering. Please see “ Risk Factors ” in this prospectus and all other information included in, or incorporated ",https://www.sec.gov/Archives/edgar/data/1488039/000161577418003583/s110093_424b4.htm
0001493152-23-037000,ATPC,424B4,2023-10-12 10:29:20,4.0,patron0,"liated entities. ● “ASL” are to Agape Superior Living Sdn Bhd, a Malaysia company and a 99.99% owned subsidiary of Agape ATP; 5 The Offering Offering Price The initial public offering price is US$4.00 per share. Common stock offered by us 1,650,000 o",,,,https://www.sec.gov/Archives/edgar/data/1713210/000149315223037000/form424b4.htm
0001193125-26-108386,ATRA,424B5,2026-03-16 16:20:11,,sin frase,,,,,https://www.sec.gov/Archives/edgar/data/1604464/000119312526108386/atra-424-b5-2026_q1.htm
0001564590-19-020088,ATYR,424B5,2019-05-21 20:43:17,,ATM,,,,,https://www.sec.gov/Archives/edgar/data/1339970/000156459019020088/life-424b5.htm
0001104659-20-121144,AUC,424B5,2020-11-04 06:12:08,0.92,patron0,"m. The information contained on our website does not constitute a part of this prospectus supplement. S- 6 THE OFFERING Ordinary shares Offered by Us 4,347,826 Offering Price $0.92 per ordinary share. Ordinary shares to be Outstanding Imme",,,,https://www.sec.gov/Archives/edgar/data/1755058/000110465920121144/tm2034747-1_424b5.htm
0001213900-25-113673,AUID,424B5,2025-11-21 16:58:24,1.71,patron1," authID Inc. (the “Company” or “we”) is offering (the “Offering”) 1,626,441 shares of our common stock (the “Shares”) at a purchase price of $1.35 per share or at a price of $1.71 per share for a director, officer and/or affiliat",,,,https://www.sec.gov/Archives/edgar/data/1534154/000121390025113673/ea0266798-424b5_authidinc.htm
0001683168-23-004128,AUUD,424B5,2023-06-14 15:36:48,0.65,patron0,"to a group of institutional investors 4,375,000 shares of our common stock, par value $0.001 per share (“common stock”) in a registered direct transaction. The public offering price is $0.65 per share. Our common stock is traded on the Nasd",2023-06-12,1.22,"ansaction. The public offering price is $0.65 per share. Our common stock is traded on the Nasdaq Capital Market under the symbol “AUUD.” On June 12, 2023, the closing price for our common stock, as reported on the Nasdaq Capital Market, was $1.22 per share. Our Series A Warrants offered in connection with our February 2021 initial public offering are quoted on the Nasdaq Capital Market under the symbol “AUUDW.” The last reported",https://www.sec.gov/Archives/edgar/data/1554818/000168316823004128/auddia_424b5.htm
0001683168-25-006406,AUUD,424B5,2025-08-22 16:01:48,,ATM,,2025-08-20,2.5,"me through or to ACM, acting as an agent or principal. Our common stock is listed on the Nasdaq Capital Market under the symbol “AUUD.” On August 20, 2025, the last reported sale price of our common stock on the Nasdaq Capital Market was $2.50 per share. Our warrants offered in connection with our initial public offering (the “Series A Warrants”) are quoted on the Nasdaq Capital Market under the symbol “AUUDW.” The last reported sale price ",https://www.sec.gov/Archives/edgar/data/1554818/000168316825006406/auddia_424b5.htm
0001683168-26-003222,AUUD,424B4,2026-04-27 07:00:36,2.36,patron0,"e price of our shares of common stock on the Nasdaq Capital Market was $5.06 per share. All share, Common Warrant and Pre-Funded Warrant numbers are based on a combined public offering price of $2.36 per share and the accompanying Common Warrants an",2026-04-23,5.06,"only be purchased together in this offering. Our common stock is listed on the Nasdaq Capital Market (“Nasdaq”) under the symbol “AUUD.” On April 23, 2026, the last reported sale price of our shares of common stock on the Nasdaq Capital Market was $5.06 per share. All share, Common Warrant and Pre-Funded Warrant numbers are based on a combined public offering price of $2.36 per share and the accompanying Common Warrants and $2.359 per Pre-F",https://www.sec.gov/Archives/edgar/data/1554818/000168316826003222/auddia_424b4.htm
0001628280-23-027841,AVTX,424B5,2023-08-07 17:26:45,,ATM,,2023-08-04,0.175,"the future, we will file another prospectus supplement. Our common stock is listed on the Nasdaq Capital Market under the symbol “AVTX.” On August 4, 2023, the last reported sale price of our common stock on the Nasdaq Capital Market was $0.175 per share. Sales of our common stock, if any, under this prospectus supplement will be made by any method permitted that is deemed an “at the market offering” as defined in Rule 415(a)(4) under the S",https://www.sec.gov/Archives/edgar/data/1534120/000162828023027841/avalo424b5amendment1toatmp.htm
0001641172-25-022067,AVX,424B5,2025-08-04 17:00:58,4.09,patron0,"liabilities, divided by the total number of shares outstanding. After giving effect to the sale of our common stock in the aggregate amount of $2,002,676 at an offering price of $4.09 per share, the price negotiated between the parti",2025-07-31,4.09,"te availability under the prospectus supplement to $2,002,676. Our common stock is traded on the Nasdaq Capital Market, or Nasdaq, under the symbol “AGRI.” The last reported sale price of our common stock on July 31, 2025 was $4.09 per share. On August, 28, 2025, we effected a 1 for 9 reverse split of our issued and outstanding common shares (the ""Reverse Split""). All share numbers in this prospectus supplement reflect share numbers post Re",https://www.sec.gov/Archives/edgar/data/1826397/000164117225022067/form424b5.htm
0001731122-20-000711,AVXL,424B5,2020-07-02 17:23:11,,sin frase,,2020-06-30,4.92,"Act of 1933, as amended, or the Securities Act. Our common stock is currently listed on the Nasdaq Capital Market under the symbol “AVXL”. On June 30, 2020 the last reported sale price of our common stock was $4.92 per share. We will pay the expenses incurred in registering the shares, including legal and accounting fees. See “Plan of Distribution”. Investing in our securities involves a high degree of risk. See the section entitled “Risk F",https://www.sec.gov/Archives/edgar/data/1314052/000173112220000711/e2008_424b5.htm
0001104659-18-059464,AXSM,424B5,2018-09-28 17:25:35,3.0,patron1,"6, 2016) Registration No. 333-214859 2,966,667 Shares of Common Stock We are offering an aggregate of 2,966,667 shares of common stock, or the Purchase Shares, at a price of $3.00 per share, directly to certain investors pursuant",2018-09-27,3.38,"stimate the total expenses of this offering will be approximately $100,000. Our common stock is listed on The Nasdaq Global Market under the symbol “AXSM.” The last reported sale price of our common stock on The Nasdaq Global Market on September 27, 2018 was $3.38 per share. Investing in our common stock involves a high degree of risk. See “Risk Factors” beginning on page S-5 and in the documents incorporated by reference in this prospectus",https://www.sec.gov/Archives/edgar/data/1579428/000110465918059464/a18-36114_1424b5.htm
0001213900-20-005175,AYTU,424B5,2020-03-02 17:07:36,,sin frase,,,,,https://www.sec.gov/Archives/edgar/data/1385818/000121390020005175/ea119134-424b5_aytubiosci.htm
0001104659-24-011661,BAOS,424B5,2024-02-07 16:59:17,,sin frase,,,,,https://www.sec.gov/Archives/edgar/data/1811216/000110465924011661/tm245483d2_424b5.htm
0001193125-20-188839,BBGI,424B5,2020-07-07 16:50:20,,sin frase,,2020-06-29,2.41,"-11 of this prospectus supplement for more information. Our Class A common stock is listed on the Nasdaq Global Market, or Nasdaq, under the symbol “BBGI.” The last reported sale price of our Class A common stock on Nasdaq on June 29, 2020 was $2.41 per share. An investment in our Class A common stock involves various risks and prospective investors should carefully consider the matters discussed under “ Risk Factors ” beginning on page S-7",https://www.sec.gov/Archives/edgar/data/1099160/000119312520188839/d87180d424b5.htm
0001493152-24-008713,BBLG,424B4,2024-03-04 17:21:24,2.56,patron0,"tock, par value $0.001 per share (“common stock”), together with warrants to purchase 781,251 shares of common stock, which we refer to as the “warrants,” at a combined public offering price of $2.56 per share and accompanying warrant. Each share of",,,,https://www.sec.gov/Archives/edgar/data/1419554/000149315224008713/form424b4.htm
0001437749-23-018034,BCDA,424B5,2023-06-22 08:33:26,2.336,patron0,"C filings. S-1 THE OFFERING Issuer BioCardia, Inc. Common Stock offered by us in this offering 1,133,141 shares of our common stock, par value $0.001 per share Offering Price $2.336 per share of common stock Common stock outstandin",2023-06-20,2.49,"n stock are being sold at a purchase price of $2.336 per share. Our common stock is quoted on the Nasdaq Capital Market (“Nasdaq”) under the symbol “BCDA.” The last reported sale price of our common stock on Nasdaq on June 20, 2023 was $2.49 per share. We have retained Titan Partners Group LLC, a division of American Capital Partners, LLC, to act as our placement agent (“placement agent”) in connection with the shares of common stock offere",https://www.sec.gov/Archives/edgar/data/925741/000143774923018034/bcda20230621_424b5.htm
0001437749-23-033715,BCDA,424B5,2023-12-06 06:03:00,0.65,patron0,"ocused institutional investor, pursuant to which we issued and sold in a registered direct offering an aggregate of 2,000,000 shares of our common stock, at an offering price of $0.65 per share, for aggregate gross proceeds of approx",2023-12-05,0.62,"o time through or to Wainwright, acting as agent or principal. Our common stock is listed on the Nasdaq Capital Market, or Nasdaq, under the symbol “BCDA.” The last reported sale price of our common stock on the Nasdaq on December 5, 2023 was $0.62 per share. Sales of our common stock, if any, under this prospectus supplement may be made in sales deemed to be an “at the market offering” as defined in Rule 415(a)(4) promulgated under the Sec",https://www.sec.gov/Archives/edgar/data/925741/000143774923033715/bcda20231204_424b5.htm
0001493152-21-004866,BCTX,424B4,2021-02-26 06:33:00,,sin frase,,,,,https://www.sec.gov/Archives/edgar/data/1610820/000149315221004866/form424b4.htm
0001493152-24-020290,BCTX,424B5,2024-05-16 17:10:04,,sin frase,,,,,https://www.sec.gov/Archives/edgar/data/1610820/000149315224020290/form424b5.htm
0001493152-25-004856,BCTX,424B5,2025-02-04 16:05:47,4.0,patron0,"cs Corp. BriaCell Therapeutics Corp. (the “Company” or “BriaCell”) is offering 762,500 common shares, no par value, of the Company (the “common shares”), at an offering price of $4.00 per share, pursuant to this prospectus supplement",2025-02-03,5.04," the symbols “BCTX” and “BCT,” respectively, and our public warrants are listed on The Nasdaq Capital Market under the symbol “BCTXW.” On February 3, 2025, the last reported sale price of our common shares on The Nasdaq Capital Market was $5.04 per share and the last reported sale price of our public warrants was $0.1649 per warrant. All historical share and per share information in this prospectus supplement gives retroactive effect to a 1",https://www.sec.gov/Archives/edgar/data/1610820/000149315225004856/form424b5.htm
0001641172-25-019807,BCTX,424B4,2025-07-15 21:18:03,,sin frase,,2025-07-14,2.02,"X”) under the symbols “BCTX” and “BCT”, respectively, and our public warrants are listed on Nasdaq under the symbols “BCTXW” and “BCTXZ”. On July 14, 2025, the last reported sale price of our common shares on Nasdaq was $2.02 per share, the last reported sale price of our BCTXW public warrants on Nasdaq was $0.049 per warrant and the last reported sale price of our BCTXZ public warrants on Nasdaq was $0.5296 per warrant. There is no establi",https://www.sec.gov/Archives/edgar/data/1610820/000164117225019807/form424b4.htm
0001214659-19-006595,BDRX,424B5,2019-10-23 17:29:34,,sin frase,,2019-10-22,1.39,"sent arrangements with the placement agent for any further services. Our Depositary Shares are listed on the NASDAQ Capital Market under the symbol “MTPH.” The closing price of our Depositary Shares on October 22, 2019, as reported by the NASDAQ Stock Market LLC, was $1.39 per share. S- 16 LEGAL MATTERS Certain legal matters in connection with the securities offered hereby will passed upon for us by Brown Rudnick LLP, Boston, Mas",https://www.sec.gov/Archives/edgar/data/1643918/000121465919006595/m1020190424b5.htm
0001214659-20-004850,BDRX,424B5,2020-05-20 12:09:15,,sin frase,,2020-05-15,2.55,"sent arrangements with the placement agent for any further services. Our Depositary Shares are listed on the NASDAQ Capital Market under the symbol “MTPH.” The closing price of our Depositary Shares on May 15, 2020, as reported by the NASDAQ Stock Market LLC, was $2.55 per share. S- 20 LEGAL MATTERS Certain legal matters in connection with the securities offered hereby will passed upon for us by Brown Rudnick LLP, Boston, Massach",https://www.sec.gov/Archives/edgar/data/1643918/000121465920004850/d520200424b5.htm
0001214659-23-007853,BDRX,424B5,2023-05-25 21:54:09,,sin frase,,,,,https://www.sec.gov/Archives/edgar/data/1643918/000121465923007853/p525230424b5.htm
0001214659-23-016643,BDRX,424B4,2023-12-20 16:54:39,2.0,patron0,"4 Class A Units, or Class A Units, of Biodexa Pharmaceuticals PLC, a public limited company organized under the laws of England and Wales, or the Company, at a public offering price of $2.00 per Class A Unit. Each Class A Unit consists of one",,,,https://www.sec.gov/Archives/edgar/data/1643918/000121465923016643/b1219231424b4.htm
0001214659-24-012763,BDRX,424B5,2024-07-22 09:34:25,,sin frase,,,,,https://www.sec.gov/Archives/edgar/data/1643918/000121465924012763/b719244424b5.htm
0001213900-21-060392,BEAT,424B1,2021-11-17 19:27:05,5.34,patron0,"scribed in footnotes (1) above and gives effect to our receipt of estimated net proceeds $14.7 million from the sale of Common Stock that we are offering at an initial public offering price of $5.34 per share, after deducting the estimated underwri",,,,https://www.sec.gov/Archives/edgar/data/1779372/000121390021060392/f424b11121_heartbeam.htm
0001213900-25-013706,BEAT,424B5,2025-02-14 06:33:15,,sin frase,,,,,https://www.sec.gov/Archives/edgar/data/1779372/000121390025013706/ea0230942-424b5_heartbeam.htm
0001493152-23-005259,BFRG,424B4,2023-02-16 06:04:22,6.48,patron1,"ters. We have granted the underwriters an option, exercisable within 45-days after the closing of this offering, to purchase 194,598 shares of our common stock at a price of $6.48 per share and/or 194,598 Tradeable Warrants at a ",,,,https://www.sec.gov/Archives/edgar/data/1829247/000149315223005259/form424b4.htm
0001493152-25-021283,BFRG,424B5,2025-11-07 16:30:14,,ATM,,2025-11-06,0.96,"us, and any future amendments or supplements thereto. Our common stock is listed on the Nasdaq Capital Market under the symbol “BFRG.” On November 6, 2025, the last reported sale price of our common stock was $0.96 per share. As of November 6, 2025, the aggregate market value of our outstanding common stock held by non-affiliates (the “Public Float”) was approximately $14.0 million based on 11,400,405 total shares of outstanding common stoc",https://www.sec.gov/Archives/edgar/data/1829247/000149315225021283/form424b5.htm
0001493152-21-026892,BFRI,424B4,2021-11-01 16:59:01,5.0,patron0,"ssuming that none of the warrants is exercised) and 16,280,000 if the warrants offered hereby are exercised in full. Use of proceeds We estimate, based upon an initial public offering price of $5.00 per unit, that we will receive net proceeds from",,,,https://www.sec.gov/Archives/edgar/data/1858685/000149315221026892/form424b4.htm
0001493152-23-039024,BFRI,424B4,2023-11-01 17:09:27,3.74,patron0,"s 150,000 shares of our common stock, par value $0.001 (the “Common Stock”) and 1,205,000 warrants to purchase up to 1,807,500 shares of our common stock, at a combined offering price of $3.74 per share and accompanying warrant to purchase on",,,,https://www.sec.gov/Archives/edgar/data/1858685/000149315223039024/form424b4.htm
0001477932-23-005483,BGLC,424B4,2023-07-21 15:37:47,4.0,patron2,"gate of 1,250,000 shares of our common stock, no par value per share, of BioNexus Gene Lab Corp, a Wyoming corporation, on a firm commitment basis. The initial public offering price of our common stock is $4.00 per share. Prior to this offering, our common sto",,,,https://www.sec.gov/Archives/edgar/data/1737523/000147793223005483/bion_424b4.htm
0001493152-25-017591,BIAF,424B5,2025-10-09 16:05:42,2.5,patron0," common stock, you will suffer immediate and substantial dilution in the net tangible book value of the common stock you purchase in this offering. Based on an offering price of $2.50 per share, if you purchase shares of common stock",2025-10-07,2.45,". The per share offering price of the shares is $2.50. Our common stock is listed on The Nasdaq Capital Market under the symbol “BIAF.” On October 7, 2025, the last reported sale price of our common stock on The Nasdaq Capital Market was $2.45 per share. As of the date of this prospectus supplement, the aggregate market value of our outstanding common stock held by non-affiliates is approximately $38,804,591, which is calculated based on 3,",https://www.sec.gov/Archives/edgar/data/1712762/000149315225017591/form424b5.htm
0001493152-26-029206,BIAF,424B4,2026-06-18 09:25:34,0.8,patron0,"k Underlying such Placement Agent Warrants bioAffinity Technologies, Inc. We are offering 1,040,000 shares of our common stock, par value $0.007 per share at a public offering price of $0.80 per share. We are also offering to each purchaser",,,,https://www.sec.gov/Archives/edgar/data/1712762/000149315226029206/form424b4.htm
0001193125-25-161278,BIRD,424B5,2025-07-18 18:07:16,,sin frase,,2025-06-25,9.22,"NSIDER BEFORE INVESTING IN OUR SECURITIES. Our Class A common stock is listed on the Nasdaq Global Select Market under the symbol “BIRD.” On June 25, 2025, the last reported sale price of our Class A common stock on the Nasdaq Global Select Market was $9.22 per share. As of June 25, 2025, the aggregate market value of our outstanding Class A common stock held by non-affiliates or, public float, was approximately $67,780,665 based on 5,601,1",https://www.sec.gov/Archives/edgar/data/1653909/000119312525161278/d938542d424b5.htm
0001520138-23-000183,BIVI,424B5,2023-04-06 17:46:34,,ATM,,2023-04-03,7.3,"pplement and the accompanying prospectus. Our common stock is listed on the Nasdaq Capital Market (the “Nasdaq”) under the symbol “BIVI.” On April 3, 2023, the last reported sale price of our common stock was $7.30 per share. Sales of our common stock, if any, under this prospectus supplement and the accompanying prospectus may be made in sales deemed to be an “at the market offering” as defined in Rule 415(a)(4) promulgated under the Secur",https://www.sec.gov/Archives/edgar/data/1580149/000152013823000183/bivi-20221223.htm
0001520138-24-000321,BIVI,424B5,2024-09-25 17:20:45,,sin frase,,2024-09-24,1.18,"ontained in the Prospectus Supplement. Our common stock is listed on the Nasdaq Capital Market (“ Nasdaq ”) under the symbol “BIVI.” On September 24, 2024, the last reported sale price of our common stock was $1.18 per share. Under the Prospectus Supplement, we initially registered up to $25,000,000 of our common stock for offer and sale pursuant to the Sales Agreement. From January 19, 2024 through the date of this Prospectus Supplement, w",https://www.sec.gov/Archives/edgar/data/1580149/000152013824000321/bivi-424b5.htm
0001213900-23-071050,BJDX,424B5,2023-08-28 07:00:14,7.365,patron0,d Rule 506(b) promulgated thereunder. The purchasers will each be an “accredited investor” as such term is defined in Rule 501(a) under the Securities Act. The offering price is $7.365 per share of Common Stock. Our Common Stock is li,2023-08-23,7.21,"he Securities Act. The offering price is $7.365 per share of Common Stock. Our Common Stock is listed on The Nasdaq Capital Market under the symbol “BJDX.” The closing price of our Common Stock on August 23, 2023, as reported by Nasdaq, was $7.21 per share. The Common Warrants are not and will not be listed on any national securities exchange or other trading market. Pursuant to General Instruction I.B.6 of Form S-3, in no event ",https://www.sec.gov/Archives/edgar/data/1704287/000121390023071050/ea184279-424b5_bluejay.htm
0001213900-24-056766,BJDX,424B1,2024-06-27 17:55:40,1.63,patron0," not consider any information on, or accessible through, our website as part of this prospectus. 9 THE OFFERING Units to be Offered 5,368,098 Units based on an offering price of $1.63 per Unit on a firm commitment basis. Each Unit w",2024-06-26,1.63,"ee “Description of Capital Stock” in this prospectus for more information. Our common stock is listed on The Nasdaq Capital Market under the symbol “BJDX.” The last reported sale price of our common stock on The Nasdaq Capital Market on June 26, 2024 was $1.63 per share. There is no established public trading market for the Class C Warrants, Class D Warrants, or the Prefunded Warrants, and we do not intend to list the Class C Warrants, Clas",https://www.sec.gov/Archives/edgar/data/1704287/000121390024056766/ea0208653-424b1_bluejay.htm
0001193125-20-253319,BKKT,424B4,2020-09-24 15:40:22,,sin frase,,,,,https://www.sec.gov/Archives/edgar/data/1820302/000119312520253319/d10733d424b4.htm
0001437749-23-029483,BKYI,424B4,2023-10-31 12:56:21,0.175,patron0,"best efforts basis up to 21,430,000 units, each unit consisting of one share of common stock and one common warrant to purchase one share of common stock, at a public offering price of $0.175 per unit for gross proceeds of up to $3,750,250.",2023-10-27,0.21," ” for more information regarding these arrangements. Our common stock is listed on the Nasdaq Capital Market under the symbol “BKYI.” On October 27, 2023, the closing price of our common stock on the Nasdaq Capital Market was $0.21 per share. The public offering price per unit or pre-funded unit, as the case may be, was determined through negotiation among us, the placement agent and the investors in the offering based on market",https://www.sec.gov/Archives/edgar/data/1019034/000143774923029483/bkyi20231030_424b4.htm
0001178913-20-002709,BLRX,424B5,2020-09-25 16:30:43,,ATM,,2020-09-24,1.64,"ion of Wainwright will be deemed to be underwriting commissions or discounts. Our ADSs are listed on Nasdaq under the symbol “BLRX”. On September 24, 2020, the closing price of our ADSs on Nasdaq was US$1.64 per ADS. Our ordinary shares also trade on the Tel Aviv Stock Exchange, or the TASE, under the symbol “BLRX”. On September 24, 2020, the last reported sale price of our ordinary shares on the TASE was NIS 0.379 or $0.109 per ",https://www.sec.gov/Archives/edgar/data/1498403/000117891320002709/zk2024936.htm
0001178913-21-000212,BLRX,424B5,2021-01-21 16:31:19,2.4,patron0,"n the net tangible book value of any ADSs you purchase in this offering. After giving effect to the sale by us of 12,500,000 ADSs in this offering, based on an offering price of $2.40 per ADS, the as adjusted net tangible book valu",2021-01-18,0.192,"ADSs on Nasdaq was $2.78 per ADS. Our ordinary shares also trade on the Tel Aviv Stock Exchange, or the TASE, under the symbol “BLRX”. On January 18, 2021, the last reported sale price of our ordinary shares on the TASE was NIS 0.62 or $0.192 per share (based on the exchange rate reported by the Bank of Israel on the same day). H.C. Wainwright & Co., LLC, or Wainwright, may offer the ADSs from time to time to purchasers directly or through ",https://www.sec.gov/Archives/edgar/data/1498403/000117891321000212/zk2125405.htm
0001178913-25-001282,BLRX,424B5,2025-04-11 16:30:24,,ATM,,2025-04-10,2.43,"12 calendar month period so long as our public float remains below $75.0 million. Our ADSs are listed on Nasdaq under the symbol “BLRX”. On April 10, 2025, the closing price of our ADSs on Nasdaq was $2.43 per ADS. Our ordinary shares also trade on the Tel Aviv Stock Exchange, or the TASE, under the symbol “BLRX”. On April 10, 2025, the last reported sale price of our ordinary shares on the TASE was NIS 0.017 or $0.005 per share ",https://www.sec.gov/Archives/edgar/data/1498403/000117891325001282/zk2532998.htm
0001493152-25-008234,BMGL,424B4,2025-02-25 17:04:49,4.0,patron0,"rospectus is a part. See “Underwriting.” Use of proceeds We estimate that we will receive net proceeds of approximately US$6,214,940 from this offering, at the initial public offering price of US$4.00 per ordinary share, after deducting estimated underwriter ",,,,https://www.sec.gov/Archives/edgar/data/2004489/000149315225008234/form424b4.htm
0001683168-25-004278,BMNR,424B4,2025-06-06 12:57:02,8.0,patron0,"his offering will be approximately $16,150,000 (or $18,647,500 if the underwriters exercise their option to purchase additional shares in full), based upon the public offering price of $8.00 per share, after deducting the underwriting disco",,,,https://www.sec.gov/Archives/edgar/data/1829311/000168316825004278/bitmine_424b4.htm
0001213900-23-016255,BMR,424B4,2023-03-01 17:02:23,4.0,patron0,"ng of ordinary shares, par value NIS 0.05 per share, of Beamr Imaging Ltd. Prior to this offering, there has been no public market for our ordinary shares. The initial public offering price is $4.00 per ordinary share. We have been approved to list our ordi",,,,https://www.sec.gov/Archives/edgar/data/1899005/000121390023016255/ea174398-424b4_beamrimag.htm
0001513162-23-000032,BMRA,424B5,2023-03-06 17:32:16,2.4,patron0,"per share of common stock based on 13,479,413 shares outstanding. After giving effect to the sale of 3,333,333 shares of our common stock in this offering at a public offering price of $2.40 per share, and after deducting the underwriting d",,,,https://www.sec.gov/Archives/edgar/data/73290/000151316223000032/prospectussupplement.htm
0001493152-24-018702,BMRA,424B5,2024-05-10 17:20:24,,ATM,,2024-05-09,0.6138,"nts, acting as sales agents or principals. Our Common Stock is traded on the Nasdaq Capital Market, or the NASDAQ, under the symbol “BMRA.” On May 9, 2024, the closing sale price of our Common Stock on NASDAQ was $0.6138 per share. Sales of our Common Stock, if any, under this prospectus may be made in sales deemed to be “at the market offerings” as defined in Rule 415 promulgated under the Securities Act of 1933, as amended (the “Sec",https://www.sec.gov/Archives/edgar/data/73290/000149315224018702/form424b5.htm
0001641172-25-014236,BNC,424B5,2025-06-09 08:00:21,,sin frase,,,,,https://www.sec.gov/Archives/edgar/data/1482541/000164117225014236/form424b5.htm
0001140361-19-018889,BNGO,424B4,2019-10-22 21:45:32,0.86,patron0, you will suffer immediate and substantial dilution with respect to the net tangible book value of the common stock you purchase in this offering. Based on the combined public offering price of $0.86 per share of common stock and accompanying warran,2019-10-22,1.16,"will be issued separately and will be immediately separable upon issuance. Our common stock is listed on The Nasdaq Capital Market under the symbol “BNGO.” The last reported sale price of our common stock on The Nasdaq Capital Market on October 22, 2019 was $1.16 per share. There is no established public trading market for the pre-funded warrants or common warrants, and we do not expect a market to develop. In addition, we do not intend to ",https://www.sec.gov/Archives/edgar/data/1411690/000114036119018889/nt10004193x9_424b4.htm
0001193125-20-264192,BNTC,424B4,2020-10-05 20:28:51,,sin frase,,2020-10-01,4.79,"stralian Stock Exchange (“ASX”). In connection with the Re-domiciliation, Benitec Limited’s ordinary shares were delisted from the ASX. On October 1, 2020, the closing sale price of our common stock as reported on Nasdaq was $4.79 per share. As of September 29, 2020, we had approximately 3,348 record holders of our common stock. The number of record holders is based on the actual number of holders registered on the books of our transf",https://www.sec.gov/Archives/edgar/data/1808898/000119312520264192/d11440d424b4.htm
0001193125-19-266733,BNTX,424B4,2019-10-11 16:08:37,15.0,patron0,th each ADS representing one ordinary share. This is our initial public offering and no public market currently exists for our ordinary shares or the ADSs. The initial public offering price is $15.00 per ADS. Our ADSs are listed on the Nasdaq Glob,,,,https://www.sec.gov/Archives/edgar/data/1776985/000119312519266733/d635330d424b4.htm
0001493152-23-031439,BOF,424B4,2023-09-01 12:38:14,,sin frase,,,,,https://www.sec.gov/Archives/edgar/data/1962481/000149315223031439/form424b4.htm
0001493152-24-025607,BOF,424B4,2024-06-28 16:05:36,0.8,patron0,"0,000 Shares of Common Stock 100,625 Shares of Common Stock Underlying the Representative’s Warrants We are offering 1,750,000 shares of our common stock at an offering price of $0.80 per share. Alexander Capital, L.P. is acting as t",,,,https://www.sec.gov/Archives/edgar/data/1962481/000149315224025607/form424b4.htm
0001493152-25-010708,BON,424B4,2025-03-18 12:49:30,,sin frase,,,,,https://www.sec.gov/Archives/edgar/data/1816815/000149315225010708/form424b4.htm
0001104659-25-100082,BOXL,424B5,2025-10-16 16:07:16,3.0,patron0,"in purchasers thereto, pursuant to which Boxlight issued and sold in a registered direct offering an aggregate of 1,333,333 shares of Class A common stock at a public offering price of $3.00 per share. The offering closed on September 24, 2",2025-10-14,2.01,"he sales agent, acting as agent or principal. Our Class A common stock is listed on the Nasdaq Capital Market under the symbol “BOXL.” On October 14, 2025, the last reported sale price of the Class A common stock on the Nasdaq Capital Market was $2.01 per share. Sales of our Class A common stock, if any, under this prospectus supplement may be made by A.G.P. upon our delivery of a placement notice and subject to the terms and conditions of ",https://www.sec.gov/Archives/edgar/data/1624512/000110465925100082/tm2528796d1_424b5.htm
0001213900-24-103340,BRIA,424B4,2024-11-27 13:57:46,4.0,patron0," Ordinary Shares, US$0.00005 par value per share (the “Class A Shares”). We are offering, on a firm commitment engagement basis, 2,500,000 Class A Shares. T he initial public offering price is US$4.00 per Class A Share. The underwriters have a 45 -day ",,,,https://www.sec.gov/Archives/edgar/data/2000230/000121390024103340/ea0200081-19.htm
0001213900-24-006113,BRNX,424B4,2024-01-24 16:27:13,4.5,patron0,"es, no par value per share, or Ordinary Shares and 888,890 accompanying warrants, or the Warrants, to purchase an aggregate of up to 888,890 Ordinary Shares at public offering price of $4.50 per Ordinary Share and accompanying Warrant. Each Warrant ",2024-01-19,5.98,"ld together with a Warrant to purchase one Ordinary Share. Our Ordinary Shares are listed on the Nasdaq Capital Market, or Nasdaq, under the symbol “BNRG.” The last reported sale price on Nasdaq of our Ordinary Shares on January 19, 2024 was $5.98 per Ordinary Share. We are an emerging growth company, as defined in the Jumpstart Our Business Startups Act of 2012, or the JOBS Act, and a “foreign private issuer”, as defined in Rule 405 under ",https://www.sec.gov/Archives/edgar/data/1901215/000121390024006113/ea192118-424b4_brenmiller.htm
0001437749-25-001563,BSIN,424B5,2025-01-22 16:10:57,2.65,patron0,"shares of Common Stock in this offering will incur immediate dilution of approximately $1.29 per share of Common Stock, representing the difference between the offering price of $2.65 per share of Common Stock and our pro forma as ad",2025-01-21,3.79,"s prospectus on a firm commitment underwritten basis. Our Common Stock is listed on the Nasdaq Capital Market under the symbol “USEG.” On January 21, 2025, the last reported sale price for our Common Stock on the Nasdaq Capital Market was $3.79 per share. As of January 21, 2025, the aggregate market value of our outstanding Common Stock held by non-affiliates was approximately $38.8 million, which was calculated based on 10,240,322 shares o",https://www.sec.gov/Archives/edgar/data/101594/000143774925001563/useg20241209_424b5.htm
0001477932-21-008436,BTBD,424B4,2021-11-16 13:07:09,5.0,patron0,"BRANDS, INC. BT Brands, Inc., which we refer to as “we,” “us” or the “Company,” is offering, on a firm commitment basis, 2,400,000 units of its securities at a public offering price of $5.00 per unit. Each unit consists of one share of our",,,,https://www.sec.gov/Archives/edgar/data/1718224/000147793221008436/btbd_424b4.htm
0001213900-21-046657,BTCT,424B5,2021-09-03 16:31:41,1.0,patron1,"n exercise price of the warrants, subject to customary exceptions (the “Temporary Reduction Period”). As a result of our offering of 40,000,000 ordinary shares at a price of $1.0 per share, which was closed on May 25, 2021, the ",2021-09-02,0.39,"nded Warrants are exercised in full. Our ordinary shares are listed on The Nasdaq Capital Market, or Nasdaq, under the symbol “METX.” On September 2, 2021, the last reported sale price of our ordinary shares on Nasdaq was US$0.39 per share. There is no established trading market for the Pre-funded Warrants and we do not intend to list the Pre-funded Warrants on any securities exchange or nationally recognized trading system. We are an “emer",https://www.sec.gov/Archives/edgar/data/1796514/000121390021046657/ea146823-424b5_metenholding.htm
0001213900-25-064705,BTCT,424B5,2025-07-16 16:30:19,3.0,patron0,"the other information appearing or incorporated by reference in this prospectus. S- 1 THE OFFERING Securities offered by us 2,000,000 shares of Ordinary Shares Offering Price $3.00 per Ordinary Share Ordinary Shares to be outstanding immed",,,,https://www.sec.gov/Archives/edgar/data/1796514/000121390025064705/ea0249067-424b5_btcdigi.htm
0001437749-22-022230,BWEN,424B5,2022-09-12 17:12:19,,ATM,,2022-09-08,3.06,"ents, acting as our sales agents, at our discretion. Our common stock is listed on The NASDAQ Capital Market under the symbol “BWEN”. On September 8, 2022, the last reported sale price of our common stock on The NASDAQ Capital Market was $3.06 per share. Between January 1, 2022 and August 31, 2022, the closing price of our common stock on The NASDAQ Capital Market ranged from a low of $1.47 to a high of $3.44. Sales of our common stock, if ",https://www.sec.gov/Archives/edgar/data/1120370/000143774922022230/bwen20220910_424b5.htm
0001213900-26-008571,BYAH,424B4,2026-01-28 08:58:45,0.112,patron0," pursuant to the zero exercise price option as described further below) (each, a “Warrant,” and collectively, the “Warrants”). We are offering the Units at the public offering price of $0.112 per Unit. We are also registering 196,875,000 Cl",2026-01-26,0.1465,"ital Market. Table of Contents Our Class A Ordinary Shares are listed on the Nasdaq Capital Market (“Nasdaq”) under the symbol “BYAH”. On January 26, 2026, the last reported sale price of our Class A Ordinary Shares on Nasdaq was $0.1465 per share. The final public offering price was determined through negotiation between us, the Placement Agent (as defined below), and the investors based upon a number of factors, including our history and ",https://www.sec.gov/Archives/edgar/data/1986247/000121390026008571/ea0256184-05.htm
0001140361-20-026091,BYSI,424B5,2020-11-19 16:12:34,10.0,patron0,"ollows: • on an actual basis; and • on an as adjusted basis to give effect to our issuance and sale of 7,500,000 ordinary shares in this offering, based on the public offering price of $10.00 per ordinary share, as set forth on the cover page of this",,,,https://www.sec.gov/Archives/edgar/data/1677940/000114036120026091/nt10017010x3_424b5.htm
0001193125-24-146526,CADL,424B5,2024-05-24 07:30:40,,sin frase,,,,,https://www.sec.gov/Archives/edgar/data/1841387/000119312524146526/d834394d424b5.htm
0001104659-24-108067,CAMP,424B4,2024-10-11 16:33:34,11.0,patron0,"ock ​ This is an initial public offering of shares of common stock by CAMP4 Therapeutics Corporation. We are offering 6,820,000 shares of our common stock. The initial public offering price is $11.00 per share. Prior to this offering, there has been",,,,https://www.sec.gov/Archives/edgar/data/1736730/000110465924108067/tm2415452-18_424b4.htm
0001213900-19-009380,CANF,424B5,2019-05-22 09:20:39,4.0,patron0,"Description of American Depositary Shares.” Issuer Can-Fite BioPharma Ltd. Securities we are offering 45,000,000 ordinary shares represented by 1,500,000 ADSs. Offering price $4.00 per ADS. Concurrent Private Placement In a conc",,,,https://www.sec.gov/Archives/edgar/data/1536196/000121390019009380/f424b5052119_canfite.htm
0001213900-20-016934,CANF,424B5,2020-07-08 10:42:15,2.0,patron0,"Description of American Depositary Shares.” Issuer Can-Fite BioPharma Ltd. Securities we are offering 51,165,000 ordinary shares represented by 1,705,500 ADSs. Offering price $2.00 per ADS. Concurrent Private Placement In a conc",2020-07-05,0.066,"s on the NYSE American was $2.00 per ADS. Our ordinary shares also trade on the Tel Aviv Stock Exchange, or TASE, under the symbol “CFBI.” On July 5, 2020, the last reported sale price of our ordinary shares on the TASE was NIS 0.229 or $0.066 per share (based on the exchange rate reported by the Bank of Israel on the same day). The aggregate market value of our outstanding voting and non-voting common equity held by non-affiliates as of Ju",https://www.sec.gov/Archives/edgar/data/1536196/000121390020016934/ea123921-424b5_canfite.htm
0001213900-21-042522,CANF,424B5,2021-08-13 16:46:12,2.0,patron0,"Pre-Funded Warrants We are offering 57,000,000 ordinary shares represented by 1,900,000 American Depositary Shares, or ADSs, to an institutional investor at an offering price of $2.00 per ADS pursuant to this prospectus supplement ",2021-08-11,2.08,"rsuant to this prospectus supplement and the accompanying prospectus. Our ADSs are listed on the NYSE American under the symbol “CANF.” On August 11, 2021, the closing price of the ADSs on the NYSE American was $2.08 per ADS. Our ordinary shares also trade on the Tel Aviv Stock Exchange, or TASE, under the symbol “CFBI.” On August 11, 2021, the last reported sale price of our ordinary shares on the TASE was NIS 0.226 or $0.07 per",https://www.sec.gov/Archives/edgar/data/1536196/000121390021042522/ea145787-424b5_canfite.htm
0001213900-25-068481,CANF,424B4,2025-07-29 10:03:19,0.6,patron0,"arma Ltd. (“Can-Fite”, the “Company”, “our company”, “we” or “us”), together with 2,500,000 common warrants (“Common Warrants”) to purchase 2,500,000 ADSs at a combined public offering price of $0.60 per ADS and Common Warrant pursuant to this pro",2025-07-22,1.02,"on Warrants and Placement Agent Warrants (as defined below) offered hereby. The ADSs are listed on NYSE American under the symbol “CANF”. On July 22, 2025, the closing price of the ADSs was $1.02 per ADS. Our Ordinary Shares also trade on the Tel Aviv Stock Exchange (“TASE”) under the symbol “CANF”. On July 22, 2025, the last reported sale price of the Ordinary Shares on the TASE was NIS 0.012 or $0.003 per share (based on the ex",https://www.sec.gov/Archives/edgar/data/1536196/000121390025068481/ea0250500-424b4_canfite.htm
0001104659-19-074049,CAPR,424B4,2019-12-19 07:02:14,,sin frase,,2019-12-17,1.04,"nd will expire five years from the date of issuance. Our common stock is traded on the Nasdaq Capital Market under the symbol “CAPR.” On December 17, 2019, the last reported sale price of our common stock on the Nasdaq Capital Market was $1.04 per share. There is no established public trading market for the pre-funded warrants, the common warrants and the Placement Agent’s Warrants and we do not expect a market to develop. Without an active",https://www.sec.gov/Archives/edgar/data/1133869/000110465919074049/tm1926571d1_424b4.htm
0001213900-25-021464,CAPS,424B4,2025-03-07 11:01:28,4.0,patron0,"284105 CAPSTONE HOLDING CORP. 1,250,000 Shares of Common Stock This is a firm commitment underwritten public offering of 1,250,000 shares of common stock at an offering price of $4.00 per share (the “Common Stock”) of Capstone Holdin",,,,https://www.sec.gov/Archives/edgar/data/887151/000121390025021464/ea0214433-10.htm
0001213900-25-053782,CAPS,424B4,2025-06-12 13:58:16,,sin frase,,2025-06-11,1.92,"missions under the Securities Act. Shares of our Common Stock are listed on the Nasdaq Capital Market (“Nasdaq”) under the symbol “CAPS”. On June 11, 2025, the closing sale price of our Common Stock was $1.92 per share. We are a “controlled company” following this offering as defined under the Nasdaq Stock Market Rules. We are a “controlled company” because entities individually or jointly controlled by Matthew Lipman, our chief execu",https://www.sec.gov/Archives/edgar/data/887151/000121390025053782/ea0245522-424b4_capstone.htm
0001213900-26-023677,CAST,424B4,2026-03-04 16:34:38,,sin frase,,,,,https://www.sec.gov/Archives/edgar/data/1633369/000121390026023677/ea0279992-424b4_freecast.htm
0001437749-20-024110,CATX,424B5,2020-11-17 17:20:22,0.52,patron1,"ck at the market prices prevailing at the time of sale, effective on the same date. On October 22, 2020, the Company sold 18,269,230 shares of its common stock at a price of $0.52 per share, for aggregate gross proceeds of $9,500",,,,https://www.sec.gov/Archives/edgar/data/728387/000143774920024110/isr20201116_424b5.htm
0001213900-25-096312,CCHH,424B4,2025-10-06 09:11:43,4.0,patron0," be converted into U.S. dollars or Malaysian Ringgit, as the case may be, at any particular rate or at all. 6 Table of Contents THE OFFERING Offering Price The initial public offering price is $4.00 per ordinary share. Ordinary Shares Offered by Us 1,250,00",,,,https://www.sec.gov/Archives/edgar/data/2074123/000121390025096312/ea0245520-08.htm
0001213900-24-004911,CCTG,424B4,2024-01-19 16:51:34,4.0,patron0,"asis our ordinary shares, par value $0.0005 per share (“Ordinary Shares”). Prior to this offering, there has been no public market for our Ordinary Shares. The initial public offering price is $4.00 per Ordinary Share. Our Ordinary Shares have been approved",,,,https://www.sec.gov/Archives/edgar/data/1931717/000121390024004911/f424b40124_ccsctech.htm
0001213900-25-094861,CCTG,424B4,2025-10-01 18:56:35,0.6,patron0,ting 120% of the public offering price per Class A Ordinary Share to be sold in this offering). We are offering the Class A Ordinary Shares and Warrants at the public offering price of $0.60 per share and the accompanying warrants. The publ,,,,https://www.sec.gov/Archives/edgar/data/1931717/000121390025094861/ea0259688-424b4_ccsctech.htm
0001493152-25-005099,CDT,424B5,2025-02-06 08:58:49,,sin frase,,2025-02-04,1.8,"ject to reduced public company reporting requirements. Our shares of common stock are listed on The Nasdaq Global Market (“Nasdaq”) under the symbol “CDT”. The last sale price of our shares of common stock on February 4, 2025 was $1.80 per share. As of February 6, 2025, the aggregate market value of the voting and non-voting common equity held by non-affiliates, computed by reference to the price at which the common equity was last",https://www.sec.gov/Archives/edgar/data/1896212/000149315225005099/form424b5.htm
0001493152-25-009708,CDT,424B5,2025-03-10 16:30:24,,sin frase,,2025-03-07,1.1,"ject to reduced public company reporting requirements. Our shares of common stock are listed on The Nasdaq Global Market (“Nasdaq”) under the symbol “CDT”. The last sale price of our shares of common stock on March 7, 2025 was $1.10 per share. As of March 10, 2025, the aggregate market value of the voting and non-voting common equity held by non-affiliates, computed by reference to the price at which the common equity was last sold",https://www.sec.gov/Archives/edgar/data/1896212/000149315225009708/form424b5.htm
0001493152-26-014923,CDT,424B5,2026-04-02 16:15:35,,sin frase,,2026-04-01,5.1,"ect to reduced public company reporting requirements. Our shares of common stock are listed on The Nasdaq Capital Market (“Nasdaq”) under the symbol “CDT”. The last reported sale price of our shares of common stock on April 1, 2026 was $5.10 per share. INVESTING IN OUR SECURITIES INVOLVES A HIGH DEGREE OF RISK. SEE “RISK FACTORS” BEGINNING ON PAGE S-4 OF THE PROSPECTUS SUPPLEMENT DATED NOVEMBER 1, 2024 AND THE RISK FACTORS INCORPORATED BY R",https://www.sec.gov/Archives/edgar/data/1896212/000149315226014923/form424b5.htm
0001654954-21-002062,CELC,424B5,2021-02-24 16:31:18,14.0,patron1,"ares Craig-Hallum Capital Group LLC 1,714,000 Total 1,714,000 The underwriter has advised us that it proposes to offer the shares of common stock to the public at a price of $14.00 per share. The underwriter proposes to offer the ",2021-02-23,15.72,"ng price for each share of common stock is $14.00. Our common stock is listed on The Nasdaq Stock Market LLC under the symbol “CELC.” On February 23, 2021, the last reported sale price of our common stock on The Nasdaq Stock Market LLC was $15.72 per share. Investing in our common stock involves a high degree of risk. You should read this prospectus supplement and the accompanying prospectus as well as the information incorporated herein an",https://www.sec.gov/Archives/edgar/data/1603454/000165495421002062/celc_424b5.htm
0001493152-24-049068,CELC,424B5,2024-12-06 16:15:33,10.0,patron1,"Innovatus”), Innovatus has the right, at its election, to convert up to 20% of certain outstanding principal of our Innovatus loans into shares of common stock at a price of $10.00 per share. As of September 30, 2024, Innovatus ha",2024-12-04,12.71,"of the date of this prospectus supplement. Our common stock is listed on The Nasdaq Capital Market (“Nasdaq”) under the symbol “CELC.” On December 4, 2024, the last reported sale price of our common stock was $12.71 per share. Sales of our common stock, if any, under this prospectus supplement may be made by any method deemed to be an “at the market offering” as defined in Rule 415(a)(4) promulgated under the Securities Act of 1933, as amen",https://www.sec.gov/Archives/edgar/data/1603454/000149315224049068/form424b5.htm
0001477932-21-008984,CELZ,424B4,2021-12-06 17:00:31,4.13,patron0,"ering of 3,875,000 shares of our common stock and warrants to purchase up to 3,875,000 shares of our common stock (which we refer to as “Public Warrants”) at a combined public offering price of $4.13 per share of common stock and accompanying Public",,,,https://www.sec.gov/Archives/edgar/data/1187953/000147793221008984/celz_s1a.htm
0001493152-19-012826,CENN,424B5,2019-08-16 08:32:07,0.07,patron0,"spectus and the documents incorporated by reference herein and therein before making an investment decision. Ordinary shares offered 57,142,857 ordinary shares Offering price $0.07 per ordinary share Ordinary shares outstanding after this ",2019-06-18,0.27,"eceive from the sale of the securities. Our ordinary shares trade on the Capital Market of The Nasdaq Stock Market, or “ Nasdaq ,” under the symbol “NAKD.” The last sale price of our ordinary shares on June 18, 2019 was US$0.27 per share. The aggregate market value of our outstanding ordinary shares held by non-affiliates, or our “public float,” is approximately US$16.605 million, which was calculated based on 43,699,617 outstandin",https://www.sec.gov/Archives/edgar/data/1707919/000149315219012826/form424b5.htm
0001493152-19-018784,CETX,424B5,2019-12-05 15:14:35,1.12,patron0,"Stock We are offering 338,393 shares of our common stock to an accredited investor pursuant to this prospectus supplement and the accompanying prospectus at an offering price of $1.12 per share. Our shares of common stock are traded ",2019-12-04,1.4,"tus at an offering price of $1.12 per share. Our shares of common stock are traded on the Nasdaq Capital Market under the symbol CETX. On December 4, 2019, the last reported sale price of our common stock was $1.40 per share. We currently intend to use the net proceeds from the sale of the securities in this offering to further the development, sales and marketing of our products and for general corporate purposes. As of the date of this pr",https://www.sec.gov/Archives/edgar/data/1435064/000149315219018784/form424b5.htm
0001493152-20-003001,CETX,424B5,2020-02-26 16:24:30,1.3,patron0,"Stock We are offering 347,000 shares of our common stock to an accredited investor pursuant to this prospectus supplement and the accompanying prospectus at an offering price of $1.30 per share. Our shares of common stock are traded ",2020-02-25,1.6,"us at an offering price of $1.30 per share. Our shares of common stock are traded on the Nasdaq Capital Market under the symbol CETX. On February 25, 2020, the last reported sale price of our common stock was $1.60 per share. We currently intend to use the net proceeds from the sale of the securities in this offering to further the development, sales and marketing of our products and for general corporate purposes. As of the date of this pr",https://www.sec.gov/Archives/edgar/data/1435064/000149315220003001/form424b5.htm
0001493152-20-011013,CETX,424B5,2020-06-11 16:49:05,2.24,patron0,"ck We are offering 2,402,923 shares of our common stock to institutional investors pursuant to this prospectus supplement and the accompanying prospectus at an offering price of $2.24 per share. Our shares of common stock are traded ",2020-06-09,3.11,"spectus at an offering price of $2.24 per share. Our shares of common stock are traded on the Nasdaq Capital Market under the symbol CETX. On June 9, 2020, the last reported sale price of our common stock was $3.11 per share. Cemtrex intends to use the proceeds for general corporate purposes, including accelerating its technology development, sales, and marketing activities in key growth segments including Internet of Things (IoT), Augmente",https://www.sec.gov/Archives/edgar/data/1435064/000149315220011013/form424b5.htm
0001641172-25-012802,CETX,424B5,2025-05-29 09:41:36,1.0,patron1,"fering to purchase up to an additional 187,500 shares of our common stock (equal to 15% of the number of shares of common stock sold in this offering) from us, at a price of $1.00 per share. Delivery of the shares of our common s",2025-05-28,0.8661,"ing prospectus at a price per share of $1.00. Our common stock is traded on the Nasdaq Capital Market, or NASDAQ, under the symbol “CETX.” On May 28, 2025, the closing sale price of our common stock on NASDAQ was $0.8661 per share. As of May 16, 2025, the aggregate market value of our common stock held by non-affiliates, or the public float, pursuant to General Instruction I.B.6 of Form S-3 was $4,336,483, which was calculated based o",https://www.sec.gov/Archives/edgar/data/1435064/000164117225012802/form424b5.htm
0001493152-26-001104,CETX,424B5,2026-01-09 16:26:12,1.0,patron0,"r, in a firm commitment public offering (the “Offering”), 1,250,000 shares of the Company’s common stock, par value $0.001 per share (the “Firm Shares”), for a public offering price of $1.00 per share. The Company also granted the Underwrit",2026-01-08,2.9,"may include potential future acquisitions. Our common stock is traded on the Nasdaq Capital Market, or NASDAQ, under the symbol “CETX.” On January 8, 2026, the closing sale price of our common stock on NASDAQ was $2.90 per share. As of January 9, 2026, the aggregate market value of our common stock held by non-affiliates, or the public float, pursuant to General Instruction I.B.6 of Form S-3 was approximately $60,633,863. This was cal",https://www.sec.gov/Archives/edgar/data/1435064/000149315226001104/form424b5.htm
0001178913-23-000334,CGEN,424B5,2023-01-31 16:50:29,,ATM,,,,,https://www.sec.gov/Archives/edgar/data/1119774/000117891323000334/zk2329099.htm
0001104659-24-033917,CGTX,424B5,2024-03-13 16:04:52,1.75,patron0,"mber 30, 2023 would have been approximately $32.0 million, or $0.99 per share. After giving effect to the sale of 6,571,428 shares of common stock by us at the public offering price of $1.75 per share and after deducting the underwriting di",2024-03-11,1.97,"f our common stock, par value $0.001 per share. Our common stock is listed on The Nasdaq Global Market (Nasdaq) under the symbol “CGTX.” On March 11, 2024, the last reported sale price of our shares of common stock on Nasdaq was $1.97 per share. We are an “emerging growth company” and a “smaller reporting company” as defined under the federal securities laws and, as such, have elected to comply with certain reduced public company reporting ",https://www.sec.gov/Archives/edgar/data/1455365/000110465924033917/tm248066-2_424b5.htm
0001213900-24-041363,CHAI,424B4,2024-05-09 17:00:49,,sin frase,,,,,https://www.sec.gov/Archives/edgar/data/1649009/000121390024041363/ea0205617-424b4_siyata.htm
0001213900-24-069106,CHAI,424B4,2024-08-14 16:42:09,,sin frase,,,,,https://www.sec.gov/Archives/edgar/data/1649009/000121390024069106/ea0211410-424b4_siyata.htm
0001615774-18-008000,CHGA,424B4,2018-08-14 12:18:52,2.25,patron0,"sheet data table above reflects the receipt of approximately $1,700,000 in net proceeds from our sale of 939,450 shares of common stock in this offering at the public offering price of $2.25 per share, after deducting estimated underwriting",2018-08-13,2.7,"c offering price is $2.25 per share. Our common stock currently is quoted on the OTCQB Marketplace, operated by OTC Markets Group, under the symbol “AVCO.” The last reported sale price of our common stock on the OTCQB Marketplace on August 13, 2018 was $2.70 per share. We have applied to list our common stock on the Nasdaq Capital Market and intend to apply to list our common stock on the NYSE American LLC. No assurance can be given that ou",https://www.sec.gov/Archives/edgar/data/1630212/000161577418008000/s112048_424b4.htm
0001079973-25-000830,CHNR,424B5,2025-05-15 16:38:46,,sin frase,,,,,https://www.sec.gov/Archives/edgar/data/793628/000107997325000830/chnr_424b5.htm
0001493152-25-013607,CHOW,424B4,2025-09-16 06:10:24,4.0,patron0,"ssumes that the underwriter will not exercise its option to purchase additional Ordinary Shares in the offering, unless otherwise indicated. Offering Price The initial public offering price is US$4.00 per Ordinary Share. Ordinary Shares Offered by Us 2,600,00",,,,https://www.sec.gov/Archives/edgar/data/2041829/000149315225013607/form424b4.htm
0001104659-20-071471,CHRN,424B5,2020-06-09 17:13:50,4.5145,patron0," June 16, 2017) 1,747,704 Shares of Common Stock We are offering up to 1,747,704 shares of our common stock, par value $0.001 per share (“Common Stock”), at an offering price of $4.5145 per share, to certain institutional and accredite",2020-06-05,5.18,"ot and will not be listed for trading on any national securities exchange. Our Common Stock is listed on the Nasdaq Capital Market under the symbol “EKSO.” The last reported sale price of our Common Stock on the Nasdaq Capital Market on June 5, 2020 was $5.18 per share. H.C. Wainwright & Co., LLC, or placement agent, has agreed to act as our exclusive placement agent in this offering. The placement agent may engage one or more sub-agents or",https://www.sec.gov/Archives/edgar/data/1549084/000110465920071471/tm2022150-1_424b5.htm
0001437749-25-032209,CHRN,424B5,2025-10-29 17:00:01,4.81,patron0,"No. 333-272607 PROSPECTUS SUPPLEMENT (to Prospectus dated June 20, 2023) 769,490 Shares of Common Stock We are offering 769,490 shares of our common stock at a public offering price of $4.81 per share. These securities are being sold in thi",2025-10-28,4.81,"ers, or the Securities Purchase Agreement. Our common stock is listed on The Nasdaq Capital Market (“Nasdaq”) under the symbol “EKSO.” On October 28, 2025, the last reported sale price of our common stock on Nasdaq was $4.81 per share. As of October 28, 2025, the aggregate market value of our outstanding common stock held by non-affiliates, or the public float, was approximately $14.3 million based on 2,623,233 shares of outstanding common ",https://www.sec.gov/Archives/edgar/data/1549084/000143774925032209/ekso20251029_424b5.htm
0001213900-23-025544,CHSN,424B4,2023-03-31 16:40:37,4.0,patron2,"there has been no public market for our Class A Ordinary Shares or Class B ordinary shares, par value $0.001 per share (“Class B Ordinary Shares”). The initial public offering price for our Class A Ordinary Shares is $4.00 per share. Our authorized share capital is $50,00",,,,https://www.sec.gov/Archives/edgar/data/1825349/000121390023025544/ea176212-424b4_chansoninter.htm
0001493152-22-010536,CING,424B4,2022-04-20 16:05:55,6.0,patron1,"oration of up to 4,791,665 shares of common stock underlying warrants (the “Warrants”) previously issued by us in our initial public offering that are issuable at a price of $6.00 per share from time to time upon exercise of the ",2022-04-18,1.65,"tal and other corporate purposes. Our common stock and warrants are listed on the Nasdaq Capital Market under the symbols “CING” and “CINGW,” respectively. The last reported sale price of our common stock on the Nasdaq Capital Market on April 18, 2022 was $1.65 per share. The last reported sale price of our warrants on the Nasdaq Capital Market on April 18, 2022 was $0.30 per warrant. We are an “emerging growth company” under applicable Sec",https://www.sec.gov/Archives/edgar/data/1862150/000149315222010536/form-424b4.htm
0001493152-23-032349,CING,424B4,2023-09-12 16:05:35,0.5776,patron0,"fer to as the “Series A warrants,” and Series B warrants to purchase up to 3,462,604 shares of common stock, which we refer to as the “Series B warrants,” at a combined public offering price of $0.5776 per share and accompanying warrants. The Series A",2023-09-08,0.5776,"e 17 of this prospectus for more information regarding these arrangements. Our common stock is listed on the Nasdaq Capital Market under the symbol “CING.” The closing price of our common stock on Nasdaq on September 8, 2023 was $0.5776 per share. There is no established public trading market for the pre-funded warrants, Series A warrants or Series B warrants, and we do not expect such a market to develop. We do not intend to app",https://www.sec.gov/Archives/edgar/data/1862150/000149315223032349/form424b4.htm
0001193125-26-071752,CISS,424B5,2026-02-25 16:29:52,,ATM,,2026-02-23,1.86,"1934, as amended (the “Exchange Act”). Our common shares are listed on The Nasdaq Capital Market, or Nasdaq, under the symbol “CISS”. On February 23, 2026, the closing price for our common shares as reported on the Nasdaq was $1.86 per share. Investing in our common shares involves a high degree of risk and uncertainty. See “ Risk Factors ” beginning on page S-10 of this prospectus supplement, and page 1 of the accompanying base ",https://www.sec.gov/Archives/edgar/data/1951067/000119312526071752/d85321d424b5.htm
0001493152-25-005135,CJMB,424B4,2025-02-06 12:50:23,4.0,patron0,"al public offering (the “offering”) of Callan JMB Inc. We are offering 1,280,000 shares of our common stock, par value $0.001 per share (“common stock”), at an initial public offering price of $4.00 per share. In addition, we are also registering s",,,,https://www.sec.gov/Archives/edgar/data/2032545/000149315225005135/form424b4.htm
0001193125-23-024105,CLLS,424B5,2023-02-03 16:01:55,2.5,patron0,"n from the sale of 8,800,000 ADSs in this offering, or $23.78 million if the underwriters exercise in full their option to purchase additional ADSs, based on a public offering price of $2.50 per ordinary share, after deducting the estimated expenses",2023-02-01,3.1,"tary Shares, or ADSs. Each ADS represents one ordinary share. Our ADSs are listed on the Nasdaq Global Market under the symbol “CLLS”. On February 1, 2023, the last reported sale price of our ADSs was $3.10 per ADS. Our ordinary shares are traded on Euronext Growth market of Euronext Paris under the symbol “ALCLS”. On February 1, 2023, the last reported sale price of our ordinary shares was € 2.79 per share. Investing in our ADSs involves a",https://www.sec.gov/Archives/edgar/data/1627281/000119312523024105/d388112d424b5.htm
0001213900-18-006862,CLPS,424B4,2018-05-25 08:19:21,,ATM,,,,,https://www.sec.gov/Archives/edgar/data/1724542/000121390018006862/f424b4052318_clpsincorp.htm
0001104659-25-064897,CLRB,424B4,2025-07-01 19:45:51,5.0,patron0,"mon stock, par value $0.00001 per share (the “common stock”) and (ii) one (1) warrant to purchase one (1) share of common stock (each, a “Common Warrant”) at a public offering price of $5.00 per Class A Unit. We are also offering to certain p",2025-06-30,7.11,"ny other securities sold to the public in this offering. Our common stock is listed on The Nasdaq Capital Market under the symbol “CLRB”. On June 30, 2025, the last reported sale price of our common stock was $7.11 per share. On June 24, 2025, a reverse stock split of our outstanding shares of common stock took effect at a ratio of one-for-thirty (the “Reverse Stock Split”), which was approved by our Board of Directors and majority of stock",https://www.sec.gov/Archives/edgar/data/1279704/000110465925064897/tm2516057d7_424b4.htm
0001663577-19-000168,CLSK,424B5,2019-04-17 11:33:20,,sin frase,,2019-04-16,3.34,"curities exchange or any automated dealer quotation system. Our Common Stock is listed on the OTCQB marketplace under the symbol “CLSK.” On April 16, 2019, the last reported sale price of our Common Stock was $3.34 per share. We intend to use the net proceeds received from the sale of the above securities for general corporate purposes and the repayment of certain outstanding debt. We will not receive any additional proceeds if and when the",https://www.sec.gov/Archives/edgar/data/827876/000166357719000168/mainbody.htm
0001178913-22-001582,CMMB,424B5,2022-04-25 16:19:18,,ATM,,2022-04-22,3.39,"ds to be received in any escrow, trust or similar arrangement. Our ADSs are traded on the Nasdaq Capital Market under the symbol “CMMB.” On April 22, 2022, the closing price of our ADSs as reported by the Nasdaq Capital Market was $3.39 per ADS. The sales agent will be entitled to compensation under the terms of the sales agreement at a commission rate of 3.0% of the aggregate gross sales price per share sold. In connection with ",https://www.sec.gov/Archives/edgar/data/1534248/000117891322001582/zk2227669.htm
0001213900-23-077169,CMND,424B4,2023-09-18 07:06:58,,sin frase,,,,,https://www.sec.gov/Archives/edgar/data/1892500/000121390023077169/ea185267-424b4_clearmind.htm
0001213900-24-003560,CMND,424B5,2024-01-16 09:28:03,,sin frase,,,,,https://www.sec.gov/Archives/edgar/data/1892500/000121390024003560/ea191616-424b5_clearmind.htm
0001213900-25-117534,CMND,424B5,2025-12-03 06:04:34,,sin frase,,2025-12-02,0.13,"ng price of $0.10 per Common. Our Common Shares are currently traded on the Nasdaq Capital Market, or Nasdaq, under the symbol “CMND.” On December 2, 2025, the last reported sale price of our Common Shares on the Nasdaq was $0.13 per share. Our Common Shares also trade on the Frankfurt Stock Exchange, or FSE, under the symbol “CWY”. On December 2, 2025, the last reported sales price of our Common Shares on the FSE was EUR 0.111 (approximate",https://www.sec.gov/Archives/edgar/data/1892500/000121390025117534/ea0268220-424b5_clearmind.htm
0001171843-18-000347,CNET,424B5,2018-01-12 16:57:39,5.15,patron0,"r share of our common stock, you will suffer substantial dilution in the net tangible book value of the common stock you purchase in this offering. Based on an offering price of $5.15 per share, after deducting estimated offering com",2018-01-11,6.38," stock upon the exercise, if any, of the warrants issued in this offering. Our common stock is listed on The NASDAQ Capital Market under the symbol “CNET.” The last reported sale price of our common stock on January 11, 2018 was $6.38 per share. The warrants will not be listed on any national securities exchange. INVESTING IN OUR SECURITIES INVOLVES RISKS, INCLUDING THOSE DESCRIBED IN THE “RISK FACTORS” SECTION BEGINNING ON PAGE S-6 OF THIS",https://www.sec.gov/Archives/edgar/data/1376321/000117184318000347/f424b5_011218.htm
0001683168-19-003503,CNSP,424B4,2019-11-08 16:25:45,4.0,patron0,"0 shares Common stock outstanding immediately before this offering 13,587,004 shares Common stock outstanding immediately after this offering 15,712,004 shares Offering price $4.00 per share Use of proceeds We estimate that the ne",,,,https://www.sec.gov/Archives/edgar/data/1729427/000168316819003503/cns_424b4.htm
0001683168-22-008177,CNSP,424B4,2022-12-02 17:40:16,3.175,patron0," are offering 147,000 shares of common stock, together with warrants to purchase 1,889,764 shares of common stock, which we refer to as “common warrants,” at a combined public offering price of $3.175 per share and common warrant (and the shares issu",2022-11-30,3.03," prospectus for more information regarding these arrangements. Our common stock is listed on The Nasdaq Capital Market, or Nasdaq, under the symbol “CNSP”. The last reported sale price of our common stock on Nasdaq on November 30, 2022 was $3.03 per share. We do not intend to list the common warrants or pre-funded warrants on the NASDAQ Capital Market, any other national securities exchange or any other nationally recognized trading system.",https://www.sec.gov/Archives/edgar/data/1729427/000168316822008177/cns_424b4.htm
0001683168-24-004511,CNSP,424B5,2024-06-27 10:00:57,2.45,patron1,"7, 2024) CNS Pharmaceuticals, Inc. 568,000 Shares of Common Stock We are offering 568,000 shares of our common stock, par value $0.001 per share (the “Shares”) at a price of $2.45 per share, to investors pursuant to this prospect",2024-06-25,2.84," supplement and the accompanying prospectus. Our common stock is listed on The Nasdaq Capital Market, or Nasdaq, under the symbol “CNSP.” On June 25, 2024, the last reported sale price of our common stock on Nasdaq was $2.84 per share. The Warrants being issued in the concurrent private placement are not listed on any securities exchange, and we do not expect to list the Warrants on any securities exchange. Investing in our securities invol",https://www.sec.gov/Archives/edgar/data/1729427/000168316824004511/cns_424b5.htm
0001683168-25-001755,CNSP,424B5,2025-03-20 17:17:15,,sin frase,,2025-03-19,3.81,"as modified or superseded by this Second Supplement. Our shares of common stock are listed on The Nasdaq Capital Market (“Nasdaq”) under the symbol “CNSP”. The last sale price of our shares of common stock on March 19, 2025 was $3.81 per share. As disclosed in the First Supplement, we are not subject to the limitations under General Instruction I.B.6 of Form S-3. As of March 20, 2025, we have sold 2,522,755 shares of common stock p",https://www.sec.gov/Archives/edgar/data/1729427/000168316825001755/cns_424b5.htm
0001683168-25-007157,CNSP,424B5,2025-09-19 17:00:19,,ATM,,2025-09-17,8.73,"pursuant to the sales agreement to up to $1,760,000. Our shares of common stock are listed on The Nasdaq Capital Market (“Nasdaq”) under the symbol “CNSP”. The last sale price of our shares of common stock on September 17, 2025 was $8.73 per share. Sales of our common stock, if any, under this prospectus supplement may be made in sales deemed to be “at the market offerings” as defined in Rule 415 promulgated under the Securities Ac",https://www.sec.gov/Archives/edgar/data/1729427/000168316825007157/cns_424b5.htm
0001564590-19-035317,CNSY,424B4,2019-09-24 16:06:43,5.0,patron0,"(“Series U Warrant”) to purchase one share of common stock (together with the share of common stock underlying each Series U Warrant, the “Class A Units”) at a public offering price of $5.00 per Class A Unit. Each Series U Warrant included in",2019-09-20,8.02,"n contained in this prospectus, before you invest. Our common stock is listed on the Nasdaq Capital Market, under the symbol “PSTV.” On September 20, 2019, the last reported sale price of our common stock was $8.02 per share. On August 5, 2019, we effected a one-for-fifty reverse stock split of our outstanding common stock. There is no established public trading market for the Series U Warrants or Series V Warrants. We do not intend to appl",https://www.sec.gov/Archives/edgar/data/1095981/000156459019035317/pstv-424b4.htm
0001193125-21-052410,CNSY,424B5,2021-02-23 16:27:36,,ATM,,2021-02-19,3.61,"ck having an aggregate offering price of $5,040,000. Our common stock is listed on the Nasdaq Capital Market under the symbol “PSTV.” On February 19, 2021, the last reported sale price of our common stock on the Nasdaq Capital Market was $3.61 per share. Sales of our common stock, if any, under this prospectus supplement and the accompanying prospectus will be made in sales deemed to be an “at the market offering” as defined in Rule 415(a)(",https://www.sec.gov/Archives/edgar/data/1095981/000119312521052410/d254526d424b5.htm
0001193125-22-009876,CNSY,424B5,2022-01-14 16:16:16,,ATM,,2022-01-13,0.99," to Canaccord acting as our sales agent or principal. Our common stock is listed on the Nasdaq Capital Market under the symbol “PSTV.” On January 13, 2022, the last reported sale price of our common stock on the Nasdaq Capital Market was $0.99 per share. Sales of our common stock, if any, under this prospectus supplement and the accompanying prospectus will be made in sales deemed to be an “at the market offering” as defined in Rule 415(a)(",https://www.sec.gov/Archives/edgar/data/1095981/000119312522009876/d655017d424b5.htm
0001493152-24-023189,CNTN,424B5,2024-06-07 17:21:07,,ATM,,2024-06-05,5.17,"ent, or directly to the sales agent, acting as principal. Our common stock is listed on The Nasdaq Capital Market under the symbol “THAR.” On June 5, 2024, the last reported sale price of our common stock on The Nasdaq Capital Market was $5.17 per share. Sales of shares of our common stock, if any, under this prospectus supplement and the accompanying prospectus may be made by any method permitted by law and deemed to be an “at the market o",https://www.sec.gov/Archives/edgar/data/1861657/000149315224023189/form424b5.htm
0001641172-25-025649,CNTN,424B5,2025-08-27 10:48:57,4.5,patron0," After giving effect to the sale of shares of Common Stock in this offering (representing 205,777 shares of Common Stock and 983,111 pre-funded warrants) at an offering price of $4.50 per share, our pro forma as adjusted net tangible",2025-08-25,7.71," Pre-Funded Warrants are exercised in full. Our Common Stock is listed on the Nasdaq Capital Market (“Nasdaq”) under the symbol “THAR.” On August 25, 2025, the last reported sale price of our Common Stock on Nasdaq was $7.71 per share. We are an “emerging growth company” and a “smaller reporting company” under the federal securities laws and, as such, are subject to reduced public company reporting requirements. We have retained President S",https://www.sec.gov/Archives/edgar/data/1861657/000164117225025649/form424b5.htm
0001104659-20-064899,CNVS,424B5,2020-05-21 17:27:37,0.75,patron0,"ass A common stock outstanding before the offering 92,059,404 shares (1) Class A common stock outstanding immediately after the offering 102,726,070 shares (1) Offering price $0.75 per share Use of proceeds We expect to use the ne",2020-05-20,1.27,"nt with such investors. The shares of our Class A common stock are listed for trading on The Nasdaq Global Market under the symbol “CIDM”. On May 20, 2020, the last reported sale price of our Class A common stock on The Nasdaq Global Market was $1.27 per share. As of May 20, 2020, the aggregate market value of our outstanding common stock held by non-affiliates was approximately $24,305,655 based on 92,059,404 shares of outstanding common s",https://www.sec.gov/Archives/edgar/data/1173204/000110465920064899/tm2020592d1_424b5.htm
0000950170-23-028364,CNVS,424B5,2023-06-15 17:15:45,,sin frase,,2023-06-13,3.56,"ng will be decreased on a one-for-one basis. Our common stock is listed for trading on The Nasdaq Capital Market under the symbol “CNVS”. On June 13, 2023, the last reported sale price of our common stock on The Nasdaq Capital Market was $3.56 per share. ____________________________ Investing in our securities involves risks. See “Risk Factors” beginning on page S-5 of this prospectus supplement, page 4 of the accompanying prospectus and in",https://www.sec.gov/Archives/edgar/data/1173204/000095017023028364/4245b-jun_15_2023_prospe.htm
0001213900-25-090369,COCH,424B5,2025-09-23 09:53:34,1.31,patron0,"$(29.9) million, or approximately $(1.39) per share of our common stock. After giving effect to the shares of our common stock to be sold in this offering at a public offering price of $1.31 per share, our as adjusted net tangible book valu",2025-09-19,1.31," on any securities exchange or other nationally recognized trading system. Without an active trading market, the liquidity of the warrants will be limited. The closing price of our shares of common stock on Nasdaq on September 19, 2025, was $1.31 per share. We engaged H.C. Wainwright & Co., LLC to act as our exclusive placement agent, or the Placement Agent, in connection with this offering. The Placement Agent is not purchasing ",https://www.sec.gov/Archives/edgar/data/1840877/000121390025090369/ea0258357-424b5_envoy.htm
0001493152-20-001413,COCP,424B5,2020-01-31 08:03:35,0.63,patron0,"abilities divided by the total number of shares of our common stock outstanding. After giving effect to the sale of 3,492,063 shares of our common stock at the offering price of $0.63 per share, and after deducting the placement agen",2020-01-28,0.78,", 2019 relating to our Equity Distribution Agreement. Our common stock is traded on The Nasdaq Capital Market under the symbol “COCP.” On January 28, 2020, the last reported sale price of our common stock on The Nasdaq Capital Market was $0.78 per share. Investing in our common stock involves a high degree of risk. Please read “Risk Factors” beginning on page S-6 of this prospectus supplement, and in our Annual Report on Form 10-K for the y",https://www.sec.gov/Archives/edgar/data/1412486/000149315220001413/form424b5.htm
0001493152-25-013400,COCP,424B5,2025-09-15 08:26:23,1.7,patron0,"supplement or the accompanying prospectus. S- 5 The Offering Issuer Cocrystal Pharma, Inc. Securities offered We are offering 2,764,710 shares of common stock. Offering price $1.70 per share of common stock. Common stock to be out",2025-09-12,1.58,"e upon exercise of the private placement warrants . Our common stock is traded on The Nasdaq Capital Market under the symbol “COCP.” On September 12, 2025, the last reported sale price of our common stock on The Nasdaq Capital Market was $1.58 per share. As of September 12, 2025, one-third of the aggregate market value of our outstanding common stock held by non-affiliates, or our public float, was approximately $4,747,784, which amount is ",https://www.sec.gov/Archives/edgar/data/1412486/000149315225013400/form424b5.htm
0001493152-19-001278,CODX,424B5,2019-02-04 08:04:56,1.4,patron0,"this offering will incur immediate and significant dilution. After giving effect to the issuance and sale of shares of our common stock in this offering, at an offering price of $1.40 per share of our common stock, after deducting th",2019-01-30,2.24,"ctus supplement and the accompanying base prospectus. Our common stock is traded on the Nasdaq Capital Market under the symbol “CODX.” On January 30, 2019, the closing price of our common stock was $2.24 per share. Investing in our securities involves a high degree of risk. See “Risk Factors” beginning on page S-9 of this prospectus supplement. We retained H.C. Wainwright & Co., LLC as our exclusive Placement Agent to use its rea",https://www.sec.gov/Archives/edgar/data/1692415/000149315219001278/form424b5.htm
0001193125-23-163485,COGT,424B5,2023-06-08 16:01:55,12.0,patron0,"se. If you purchase shares of our common stock in this offering, you will incur immediate and substantial dilution in the amount of $8.47 per share because the public offering price of $12.00 per share is substantially higher than the as-adj",,,,https://www.sec.gov/Archives/edgar/data/1622229/000119312523163485/d431482d424b5.htm
0001104659-20-131203,COHN,424B5,2020-12-01 19:09:43,,ATM,,2020-11-30,16.78,"ding civil liabilities under the Securities Act. Our common stock trades on the NYSE American stock exchange under the symbol “COHN”. On November 30, 2020, the last reported sale price of our common stock on the NYSE American stock exchange was $16.78 per share. __________________________________________ Investing in our common stock involves a high degree of risk. You should review carefully the risks and uncertainties described under the ",https://www.sec.gov/Archives/edgar/data/1270436/000110465920131203/tm2034119d5_424b5.htm
0001477932-23-005476,COSM,424B5,2023-07-21 13:28:44,,sin frase,,2023-07-19,2.48,"ements carefully before you make an investment decision. Our common stock is listed on the NASDAQ Capital Market under the symbol “COSM.” On July 19, 2023, the last reported sale price of our common stock on the NASDAQ Capital Market was $2.48 per share. Investing in our securities involves a high degree of risk. See “Risk Factors” in the Original Prospectus and documents incorporated therein by reference for a discussion of such risk facto",https://www.sec.gov/Archives/edgar/data/1474167/000147793223005476/cosm_424b5.htm
0001628280-24-012256,CPIX,424B5,2024-03-20 17:15:15,,ATM,,2024-02-22,2.21,"RENCE INTO THIS PROSPECTUS SUPPLEMENT AND PROSPECTUS. Our common stock is listed on the Nasdaq Global Market under the symbol “CPIX.” On February 22, 2024, the last reported sale price of our common stock on the Nasdaq Global Market was $2.21 per share. Neither the Securities and Exchange Commission nor any state securities commission has approved or disapproved of these securities or passed upon the adequacy or accuracy of this prospectus.",https://www.sec.gov/Archives/edgar/data/1087294/000162828024012256/s-3supplementmar202024.htm
0001193125-16-620273,CRBP,424B5,2016-06-13 17:06:02,2.5,patron0,"and the net tangible book value per share of common stock immediately after this offering. After giving effect to the sale of shares of our common stock at the public offering price of $2.50 per share, and after deducting estimated offering",,,,https://www.sec.gov/Archives/edgar/data/1595097/000119312516620273/d298661d424b5.htm
0001193125-18-188623,CRDF,424B4,2018-06-11 06:05:46,,sin frase,,,,,https://www.sec.gov/Archives/edgar/data/1213037/000119312518188623/d584926d424b4.htm
0001104659-19-046860,CRDF,424B5,2019-08-21 21:42:19,2.061,patron0," our net tangible book value per share of common stock. After giving effect to the sale of 271,744 Shares and 456,058 Series E Warrants in this offering at the public offering price of $2.0610 per Share or Series E Warrant, and based on our n",2019-08-20,2.86," national securities exchange or other trading market. Our common stock is listed on the NASDAQ Capital Market under the symbol “TROV.” On August 20, 2019, the last reported sale price of our common stock on the NASDAQ Capital Market was $2.86 per share. As of August 21, 2019, the aggregate market value of our outstanding common stock held by non-affiliates, or public float, was approximately $17.1 million, which was calculated based on 5,6",https://www.sec.gov/Archives/edgar/data/1213037/000110465919046860/a19-17476_1424b5.htm
0001213900-21-010566,CREX,424B5,2021-02-19 16:00:41,2.5,patron0,"spectus supplement. S- 1 The Offering Common stock offered by us 800,000 shares Common stock to be outstanding immediately after the offering 11,743,667 shares Offering Price $2.50 per share Use of proceeds We expect the net proce",,,,https://www.sec.gov/Archives/edgar/data/1356093/000121390021010566/ea135943-424b5_creative.htm
0001193125-20-065128,CRIS,424B5,2020-03-06 16:29:04,,ATM,,2020-03-05,1.28,"0,000 through JonesTrading, acting as our agent. Our common stock trades on the Nasdaq Global Market, or Nasdaq, under the symbol “CRIS.” On March 5, 2020, the last reported sale price for our common stock on Nasdaq was $1.28 per share. Upon our delivery of a placement notice and subject to the terms and conditions of the sales agreement, JonesTrading may sell the common stock by methods deemed to be an “at the market offering” as defined i",https://www.sec.gov/Archives/edgar/data/1108205/000119312520065128/d863717d424b5.htm
0001193125-20-167830,CRIS,424B5,2020-06-12 17:19:59,1.25,patron0," 14,000,000 shares of our common stock to certain fundamental healthcare investors pursuant to this prospectus supplement and the accompanying prospectus at an offering price of $1.25 per share. Our common stock is listed on The Nasd",2020-06-10,1.7,"nt and the accompanying prospectus at an offering price of $1.25 per share. Our common stock is listed on The Nasdaq Global Market under the symbol “CRIS.” The last reported sale price of our common stock on June 10, 2020, was $1.70 per share. As of June 10, 2020, the aggregate market value of our outstanding common stock held by non-affiliates, or public float, was approximately $52,540,113, based on 30,905,949 shares of our outstanding co",https://www.sec.gov/Archives/edgar/data/1108205/000119312520167830/d909413d424b5.htm
0001104659-20-036930,CRVS,424B5,2020-03-20 17:17:03,,ATM,,2020-03-19,2.0,"000 from time to time through Jefferies acting as agent. Our common stock is listed on The Nasdaq Global Market under the symbol “CRVS.” On March 19, 2020, the last reported sale price of our common stock on The Nasdaq Global Market was $2.00 per share. Sales of our common stock, if any, under this prospectus supplement and the accompanying prospectus will be made in sales deemed to be an “at the market offering” as defined in Rule 415(a)(4",https://www.sec.gov/Archives/edgar/data/1626971/000110465920036930/a20-11790_1424b5.htm
0001104659-21-021309,CRVS,424B5,2021-02-12 09:00:38,,sin frase,,2021-02-11,3.94,"mmon Stock __________ We are offering 8,571,429 shares of our common stock. Our common stock is listed on The Nasdaq Global Market under the symbol “CRVS.” The last reported sale price of our common stock on February 11, 2021 was $3.94 per share. We are an “emerging growth company” as the term is used in the Jumpstart Our Business Startups Act of 2012 and, as such, have elected to comply with certain reduced public company reporting require",https://www.sec.gov/Archives/edgar/data/1626971/000110465921021309/tm214090d2_424b5.htm
0001628280-24-052467,CTM,424B5,2024-12-27 06:09:14,,sin frase,,,,,https://www.sec.gov/Archives/edgar/data/1877939/000162828024052467/castelluminc424b5dec262024.htm
0001193125-22-066325,CTMX,424B5,2022-03-04 17:22:28,,ATM,,2022-03-03,3.82,"offered and sold under this prospectus supplement. Our common stock is listed on The Nasdaq Global Select Market under the symbol “CTMX.” On March 3, 2022, the last reported sale price of our common stock on The Nasdaq Global Select Market was $3.82 per share. Sales of our common stock, if any, under this prospectus supplement and the accompanying prospectus will be made in sales deemed to be an “at the market offerings” as defined in Rule ",https://www.sec.gov/Archives/edgar/data/1501989/000119312522066325/d298487d424b5.htm
0001104659-23-086534,CTNT,424B4,2023-08-02 06:02:46,4.0,patron0,"tment basis of our Class A common stock, par value $0.0001 per share. Prior to this offering, there has been no public market for our Class A common stock. The initial public offering price is $4.00 per share. Our Class A common stock has been appr",,,,https://www.sec.gov/Archives/edgar/data/1951667/000110465923086534/tm2322581-1_424b4.htm
0001104659-24-082784,CTNT,424B4,2024-07-25 21:37:25,0.23,patron0,"upply Chain Service Inc. and its subsidiaries, as the case may be. We are offering 6,479,663 shares of Class A common stock, par value $0.0001 per share, at an offering price of $0.23 per share. Our Class A common stock is listed on ",2024-07-24,0.0001," value $0.0001 per share, at an offering price of $0.23 per share. Our Class A common stock is listed on the Nasdaq Capital Market under the symbol “CTNT.” The closing price of our Class A common stock on the Nasdaq Capital Market on July 24, 2024 was $0.48. As of the date of this prospectus, we have 24,148,329 shares of Class A common stock and 8,250,000 shares of Class B common stock, par value $0.0001 per share, issued and out",https://www.sec.gov/Archives/edgar/data/1951667/000110465924082784/tm2420197-1_424b4.htm
0001193125-25-326847,CUE,424B5,2025-12-19 16:10:24,0.28,patron0,"nded warrants, or upon exercise of the pre-funded warrants or common stock warrants being offered in this offering, you will incur further dilution. Based on a combined offering price of $0.28 per share of common stock and accompanying common",2025-12-18,0.342,"ip limitation described in this prospectus supplement. Our common stock is listed on the Nasdaq Capital Market under the symbol “CUE”. On December 18, 2025 the last reported sale price of our common stock on the Nasdaq Capital Market was $0.342 per share. There is no established public trading market for the pre-funded warrants or the common stock warrants, and we do not expect a market to develop. We do not intend to list the pre-funded wa",https://www.sec.gov/Archives/edgar/data/1645460/000119312525326847/d79932d424b5.htm
0001641172-25-003511,CUPR,424B4,2025-04-10 06:21:22,4.0,patron0,"ed in any website, including our website, is not incorporated by reference into, and does not form part of, this prospectus. 10 THE OFFERING Offering price The initial public offering price is US$4.00 per Class A Ordinary Share. Class A Ordinary Shares",,,,https://www.sec.gov/Archives/edgar/data/1995704/000164117225003511/form424b4.htm
0001213900-23-004435,CVKD,424B4,2023-01-23 16:05:32,5.0,patron0,"ative liability related to the notes; (v) the issuance of 600,000 shares of common stock, based on a $3.00 price per share, which is sixty percent (60%) of the initial public offering price of $5.00 per share, on the effective date of the initial p",,,,https://www.sec.gov/Archives/edgar/data/1937993/000121390023004435/f424b40123_cadrenalprosb.htm
0001654954-17-006746,CVM,424B5,2017-07-28 16:31:42,2.29,patron1," 333-205444 CEL-SCI CORPORATION 100,000 Shares of Common Stock We are offering up to 100,000 shares of common stock, directly to the investors in this offering at a price of $2.29 per share. In a concurrent private placement, we ",2017-07-26,2.25,"f the Securities Act and/or Rule 506(c) of Regulation D. Our common stock is currently traded on the NYSE America under the symbol “CVM.” On July 26, 2017, the closing price of our common stock on the NYSE American was $2.25 per share. The aggregate market value of our outstanding voting common stock held by non-affiliates, based upon a closing sale price of our common stock on July 26, 2017 was approximately $18,871,000. During ",https://www.sec.gov/Archives/edgar/data/725363/000165495417006746/cvm424b5.htm
0001654954-25-006040,CVM,424B5,2025-05-22 16:53:00,,sin frase,,2025-05-21,4.51,"anying prospectus. The shares will be sold for a purchase price of $2.50 per share. Our common stock is listed on the NYSE American under the symbol “CVM.” The last reported sale price of our common stock on the NYSE American on May 21, 2025 was $4.51 per share. The aggregate market value of our outstanding voting common stock held by non-affiliates pursuant to General Instruction I.B.6 of Form S-3 is approximately $28.6 million, which was ",https://www.sec.gov/Archives/edgar/data/725363/000165495425006040/cvm_424b5.htm
0001104659-25-046858,CWD,424B5,2025-05-09 17:44:16,7.5,patron1,"ng Agreement with Craft Capital Management LLC, as representative to the underwriters (the “Representative”), to issue and sell (i) 120,000 units (the “Units”) at a price of $7.50 per Unit. Each Unit consists of one share of Cla",,,,https://www.sec.gov/Archives/edgar/data/1627282/000110465925046858/tm2512244d5_424b5.htm
0001213900-26-048119,CWD,424B5,2026-04-27 17:51:12,,sin frase,,2026-04-10,1.04,"e cancelled in connection with note conversions. Our Class A common stock is listed on the Nasdaq Capital Market under the symbol “CWD.” On April 10, 2026, the last reported sale price for our Class A common stock on the Nasdaq Capital Market was $1.04 per share. Investing in our securities involves a high degree of risk. You should review carefully the risks and uncertainties described under the heading “Risk Factors” beginning on page 8 o",https://www.sec.gov/Archives/edgar/data/1627282/000121390026048119/ea0287885-424b5_calibercos.htm
0001213900-21-054044,CYN,424B4,2021-10-21 17:18:47,7.5,patron2," stock of Cyngn Inc. Prior to this offering, there was no public market for our common stock. We are offering 3,500,000 shares of our common stock. The initial public offering price of our shares of common stock is $7.50 per share . Our common stock has been approved fo",,,,https://www.sec.gov/Archives/edgar/data/1874097/000121390021054044/f424b41021_cyngn.htm
0001213900-24-113697,CYN,424B5,2024-12-31 09:25:45,0.6,patron0," “we,” “our” or “us”) is offering 6,650,000 shares of common stock, par value $0.00001, pursuant to this prospectus supplement and accompanying prospectus at a public offering price of $0.60 per share. We are also offering the opportunity t",2024-12-30,0.8103,"sed at any time until all of the Pre-Funded Warrants are exercised in full. Our common stock is listed on The Nasdaq Capital Market under the symbol “CYN.” The last reported sale price of our common stock on The Nasdaq Capital Market on December 30, 2024, was $0.8103 per share. There is no established trading market for Pre-Funded Warrants, and we do not intend to list the Pre-Funded Warrants on any securities exchange or nationally recogni",https://www.sec.gov/Archives/edgar/data/1874097/000121390024113697/ea0226360-424b5_cyngninc.htm
0001193125-18-002228,DARE,424B5,2018-01-04 08:08:55,,ATM,,2018-01-02,2.26," common stock having an aggregate offering price of not more than $10,000,000. Our common stock is listed on Nasdaq Capital Market under the symbol “DARE.” The last reported sale price of our common stock on January 2, 2018 was $2.26 per share. Upon our delivery of a placement notice and subject to the terms and conditions of the sales agreement, Wainwright may sell shares of our common stock by methods deemed to be an “at the market offeri",https://www.sec.gov/Archives/edgar/data/1401914/000119312518002228/d483982d424b5.htm
0001193125-18-283920,DARE,424B5,2018-09-26 16:03:16,,ATM,,2018-09-24,1.04,"After giving effect to the sale of our common stock in the maximum aggregate offering amount of $4,100,000 at an assumed offering price of $1.00 per share, the last reported sale price of our common stock on the Nasdaq Capital Market on September 24, 2018 and after deducting estimated offering commissions and expenses payable by us, our net tangible book value as of June 30, 2018 would have been approximately $16,144,963, or $1.04 per share",https://www.sec.gov/Archives/edgar/data/1401914/000119312518283920/d606254d424b5.htm
0001401914-19-000055,DARE,424B5,2019-05-31 17:10:55,,ATM,,2019-05-30,0.93,"r 2018 prospectus, including any future amendments or supplements thereto. Our common stock is listed on the Nasdaq Capital Market under the symbol “DARE.” The last reported sale price of our common stock on May 30, 2019 was $0.93 per share. The aggregate market value of our outstanding common stock held by non-affiliates, or our public float, is approximately $22,119,073, which was calculated in accordance with General Instruction I.B.6 of",https://www.sec.gov/Archives/edgar/data/1401914/000140191419000055/dare-prospectussupplementx.htm
0001104659-21-067802,DBGI,424B4,2021-05-17 13:33:29,4.15,patron0," term is defined immediately below) and (iv) the issuance of 2,192,771 shares of common stock issuable further to the acquisition of Harper & Jones, LLC at the initial public offering price of $4.15 per share (“Harper & Jones” or “H&J”) to be effec",,,,https://www.sec.gov/Archives/edgar/data/1668010/000110465921067802/tm2038877-21_424b4.htm
0001104659-23-129787,DBGI,424B5,2023-12-27 18:37:45,,ATM,,2023-12-26,3.16,"ent in this offering. Our common stock is listed on the Nasdaq Capital Market (the “Nasdaq Capital Market”), under the symbol “DBGI.” On December 26, 2023, the last reported sale price of our common stock on the Nasdaq Capital Market was $3.16 per share. You are urged to obtain current market quotations for our common stock. Sales of our common stock, if any, under this prospectus supplement and the accompanying base prospectus may be made ",https://www.sec.gov/Archives/edgar/data/1668010/000110465923129787/tm2333779-1_424b5.htm
0001193125-20-019593,DBVT,424B5,2020-01-30 16:03:52,10.25,patron0," Table of Contents USE OF PROCEEDS We estimate that we will receive net proceeds from this global offering of approximately $143.5 (€130.5) million, based on a public offering price of $10.25 per ADS in the U.S. offering and €18.63 per ord",2020-01-29,11.33,"pean offering is subject to reallocation between them. Our ADSs are listed on the Nasdaq Global Select Market under the symbol “DBVT.” On January 29, 2020, the last reported sale price of the ADSs on Nasdaq was $11.33 per ADS. Our ordinary shares are traded on Euronext Paris under the symbol “DBV.” On January 29, 2020, the last reported sale price of the ordinary shares on Euronext Paris was €20.72 per share, equivalent to a price of $11.39",https://www.sec.gov/Archives/edgar/data/1613780/000119312520019593/d841346d424b5.htm
0001615219-24-000066,DCOY,424B5,2024-07-25 17:01:35,,ATM,,2024-07-25,3.5," received in any escrow, trust or similar arrangement. Our common stock is listed on The Nasdaq Stock Market LLC under the symbol “SLRX.” On July 25, 2024, the last reported sale price of our common stock on The Nasdaq Capital Market was $3.50 per share. Pursuant to General Instruction I.B.6 of Form S-3, in no event will we sell shares pursuant to this prospectus supplement with a value of more than one-third of the aggregate market value o",https://www.sec.gov/Archives/edgar/data/1615219/000161521924000066/salarius-atmprospectussupp.htm
0001615219-25-000029,DCOY,424B5,2025-03-11 06:00:35,,ATM,,2025-03-07,1.05," received in any escrow, trust or similar arrangement. Our common stock is listed on The Nasdaq Stock Market LLC under the symbol “SLRX.” On March 7, 2025, the last reported sale price of our common stock on The Nasdaq Capital Market was $1.05 per share. Pursuant to General Instruction I.B.6 of Form S-3, in no event will we sell shares pursuant to this prospectus supplement with a value of more than one-third of the aggregate market value o",https://www.sec.gov/Archives/edgar/data/1615219/000161521925000029/salarius-atmprospectussupp.htm
0001628280-25-051365,DCOY,424B4,2025-11-12 08:55:55,1.5,patron0,"n stock which will expire one (1) year from the date of issuance (the “Series B Warrants” and, together with the Series A Warrants, the “common warrants”) at a combined public offering price of $1.50 per share of common stock and accompanying common",,,,https://www.sec.gov/Archives/edgar/data/1615219/000162828025051365/slrxdecoyfinal424b4.htm
0001193125-23-050903,DCTH,424B5,2023-02-27 16:58:16,,sin frase,,,,,https://www.sec.gov/Archives/edgar/data/872912/000119312523050903/d452956d424b5.htm
0001062993-24-018194,DFSC,424B4,2024-11-01 10:24:11,,sin frase,,,,,https://www.sec.gov/Archives/edgar/data/1889823/000106299324018194/form424b4.htm
0001062993-26-003367,DFSC,424B5,2026-06-25 19:34:44,8.955,patron2,"res of the Company (or pre-funded warrants in lieu thereof), together with Common Share purchase warrants to purchase up to 759,879 Common Shares at a combined public offering price of CAD$8.955 per share (or pre-funded warrants in lieu thereof",,,,https://www.sec.gov/Archives/edgar/data/1889823/000106299326003367/form424b5.htm
0001641172-25-022921,DKI,424B4,2025-08-11 09:18:16,4.0,patron2,"is the initial public offering of our Class A Ordinary Shares. Prior to this offering, there has been no public market for Class A Ordinary Shares. The initial public offering price of the Class A Ordinary Shares is $4 per share. Our Class A Ordinary Shares have been ",,,,https://www.sec.gov/Archives/edgar/data/2058584/000164117225022921/form424b4.htm
0001553350-19-001076,DLPN,424B5,2019-10-21 09:21:31,0.7828,patron0,"imately $0.27 per share to our existing shareholders, and an immediate dilution of $1.59 per share to investors purchasing shares in this offering, based on an initial public offering price of $0.7828 per share. If the holders of outstanding options ",,,,https://www.sec.gov/Archives/edgar/data/1282224/000155335019001076/dlpn_424b.htm
0001553350-20-000515,DLPN,424B5,2020-06-09 08:46:04,1.05,patron1,". 7,900,000 Shares of Common Stock We are offering 7,900,000 shares of our common stock, $0.015 par value per share, directly to the investors in this offering at a price of $1.05 per share pursuant to this prospectus supplement ",,,,https://www.sec.gov/Archives/edgar/data/1282224/000155335020000515/dlpn_424b.htm
0001213900-25-062254,DLXY,424B4,2025-07-09 12:41:00,4.0,patron0,"ctors, employees or consultants; (c) a change of control; and (d) transactions other than public offerings. 6 Table of Contents The Offering Offering Price The initial public offering price is US$4.00 per Ordinary Share. Ordinary Shares offered by us 1,350,00",,,,https://www.sec.gov/Archives/edgar/data/2025218/000121390025062254/ea0207238-23.htm
0001493152-21-001328,DOGZ,424B5,2021-01-19 16:46:52,2.15,patron0," Class A Common Shares you purchase in this offering. After giving effect to the sale by us of 3,455,130 Class A Common Shares in this offering, and based on a public offering price of $2.15 per share and a net tangible book value per share",2021-01-14,2.695," to list the warrants on any securities exchange. Our Class A Common Shares trade on the NASDAQ Global Market under the symbol “DOGZ.” On January 14, 2021, the closing sale price of our Class A Common Shares was $2.695 per share. As of the date of this prospectus supplement, the aggregate market value of our outstanding Class A Common Shares held by non-affiliates was approximately $45,396,281 based on 16,844,631 outstanding Class A C",https://www.sec.gov/Archives/edgar/data/1707303/000149315221001328/form424b5.htm
0001615774-15-003567,DOMH,424B5,2015-12-03 21:59:26,,sin frase,,2015-12-01,0.33,"Series B warrants to purchase up to 16,000,000 shares of our common stock. Our common stock is listed on The NASDAQ Capital Market under the symbol “SPEX”. The last reported sale price of our common stock on The NASDAQ Capital Market on December 1, 2015 was $0.33 per share. There is no established public trading market for the warrants, and we do not expect a market to develop. In addition, we do not intend to apply for a listing of the war",https://www.sec.gov/Archives/edgar/data/12239/000161577415003567/s102304_424b.htm
0001615774-16-006554,DOMH,424B5,2016-08-03 12:40:30,,sin frase,,2016-08-02,2.1,"tock, par value $.0001 per share (“Common Stock”) in this offering. Our common stock is listed on the NASDAQ Capital Market under the ticker symbol “SPEX.” The last reported sale price of our common stock on the NASDAQ Capital Market on August 2, 2016 was $ 2.10 per share. The aggregate market value of our outstanding common shares held by non-affiliates, or the public float, was approximately $8,589,659.96 based on 3,228,600 common shares ",https://www.sec.gov/Archives/edgar/data/12239/000161577416006554/s103817_424b5.htm
0001213900-20-005413,DOMH,424B4,2020-03-04 16:32:14,,sin frase,,2020-03-02,1.23,"aggregate amount of proceeds for this offering to close. Our common stock is listed on the NASDAQ Capital Market under the symbol “SPEX”. On March 2, 2020, the last reported sale price as reported on the NASDAQ Capital Market was $1.23 per share. The public offering price was determined through negotiation between us and investors based upon a number of factors, including our history and our prospects, the industry in which we operate, our ",https://www.sec.gov/Archives/edgar/data/12239/000121390020005413/ea119298-424b4_spherixinc.htm
0001213900-20-005832,DOMH,424B5,2020-03-10 12:39:54,,sin frase,,2020-03-06,1.64,"ck is being sold at a purchase price of $2.75 per share. Our common stock is listed on the Nasdaq Capital Market under the symbol “SPEX”. On March 6, 2020, the last reported sale price as reported on the Nasdaq Capital Market was $1.64 per share. We do not intend to list the Placement Agent Warrants (as defined herein) on the Nasdaq Capital Market, any other national securities exchange or any other trading system. As of March 6, 2020, the ",https://www.sec.gov/Archives/edgar/data/12239/000121390020005832/ea119466-424b5_spherix.htm
0001213900-20-009236,DOMH,424B5,2020-04-15 13:11:18,,sin frase,,2020-04-14,0.8197,"k is being sold at a purchase price of $1.00 per share. Our common stock is listed on the Nasdaq Capital Market under the symbol “AIKI”. On April 14, 2020, the last reported sale price as reported on the Nasdaq Capital Market was $0.8197 per share. We do not intend to list the Placement Agent Warrants (as defined herein) on the Nasdaq Capital Market, any other national securities exchange or any other trading system. The aggregate market va",https://www.sec.gov/Archives/edgar/data/12239/000121390020009236/ea120688-424b5_aikidopharma.htm
0001104659-22-022173,DRCT,424B4,2022-02-14 12:18:09,5.5,patron0," issuance. We are offering 2,800,000 units. Prior to this offering, there has been no public market for shares of our Class A common stock or our warrants. The initial public offering price is $5.50 per unit. The warrants included in the units are",,,,https://www.sec.gov/Archives/edgar/data/1880613/000110465922022173/tm2125950-29_424b4.htm
0001144204-19-027767,DRIO,424B5,2019-05-22 17:13:43,0.6,patron0," share of our common stock, you will suffer substantial dilution in the net tangible book value of the common stock you purchase in this offering. Based on the public offering price of $0.60 per share (or share equivalent), a",2019-05-20,0.73,"he pre-funded warrants sold in this offering. Our common stock is listed on The Nasdaq Capital Market, or Nasdaq, under the symbol “DRIO.” On May 20, 2019, the last reported sale price for our common stock was $0.73 per share. The aggregate market value of our outstanding common equity held by non-affiliates on May 20, 2019 was approximately $27.7 million based on 38,004,045 shares of outstanding common stock, of which 31,458,853 shares wer",https://www.sec.gov/Archives/edgar/data/1533998/000114420419027767/tv522251_424b5.htm
0001062993-21-005044,DRK,424B4,2021-05-26 16:19:11,,sin frase,,2021-05-24,1.325,"n shares at the offering price of 1.25 per share. Our common shares trade on the Nasdaq Capital Market, or Nasdaq, under the symbol ""ANY."" On May 24, 2021, the last reported sale price of our common shares on Nasdaq was $1.325 per share. Investing in our common shares involves risks. See ""Risk Factors"" beginning on page 10. We have not authorized anyone, including any salesperson or broker, to give oral or written information about this off",https://www.sec.gov/Archives/edgar/data/1591956/000106299321005044/form424b4.htm
0001654954-23-003148,DRMA,424B4,2023-03-20 09:00:51,3.09,patron0,"of common stock, each a Series A Common Warrant, and Series B warrants to purchase up to 1,618,123 shares of common stock, each a Series B Common Warrant, at a combined public offering price of $3.09 per share and Series A Common Warrant and Series ",2023-03-15,2.82,"r common stock and certain of our outstanding warrants are currently listed on Nasdaq under the symbol “DRMA” and “DRMAW,” respectively. On March 15, 2023, the closing price of our common stock on Nasdaq was $2.82 per share. There is no established public trading market for the Pre-Funded Warrants or Common Warrants that are part of this offering, and we do not expect a market to develop. We do not intend to apply for listing of ",https://www.sec.gov/Archives/edgar/data/1853816/000165495423003148/drma_424b4.htm
0001654954-24-007531,DRMA,424B5,2024-06-07 17:09:43,,ATM,,,,,https://www.sec.gov/Archives/edgar/data/1853816/000165495424007531/drma_424b5.htm
0001654954-24-009900,DRMA,424B5,2024-08-02 17:15:41,,ATM,,2024-08-01,2.48,"Reporting Company” on page S-4 of the Prior Prospectus. Our Common Stock is listed on the Nasdaq Capital Market under the symbol “DRMA.” On August 1, 2024, the last reported sale price of our Common Stock on the Nasdaq Capital Market was $2.48 per share. Investing in the offered securities involves a high degree of risk. Before buying any shares, you should read the discussion of material risks of investing in our Common Stock in “Risk Fact",https://www.sec.gov/Archives/edgar/data/1853816/000165495424009900/drma_424b5.htm
0001213900-25-093415,DSY,424B5,2025-09-30 08:03:52,,sin frase,,2025-09-29,1.07,"01 per share (the “ Ordinary Shares ”). Our Ordinary Shares are currently traded on the Nasdaq Global Market under the symbol “DSY.” On September 29, 2025, the last reported sale price of our Ordinary Shares on Nasdaq was $1.07 per share. The aggregate market value of our outstanding Ordinary Shares held by non-affiliates is approximately $46.7 million, based on 86,972,928 Ordinary Shares issued and outstanding, of which 70,000,000 Ordinary",https://www.sec.gov/Archives/edgar/data/1999297/000121390025093415/ea0259215-454b5_bigtree.htm
0001104659-24-030096,DTIL,424B5,2024-03-01 18:32:10,23.1,patron1,"2024, we received an initial upfront payment totaling $7.5 million, consisting of cash and the purchase of 97,360 shares of our common stock by TG Therapeutics at a price of $23.10 per share, a 100% premium to the 30-day volume-we",2024-02-28,18.56,"re on the fifth anniversary of the date of issuance. Our common stock is listed on the Nasdaq Capital Market under the symbol “DTIL.” On February 28, 2024, the last reported sale price of our common stock on the Nasdaq Capital Market was $18.56 per share. We do not intend to list the warrants on the Nasdaq Capital Market or any securities exchange or nationally recognized trading system. The warrants will be issued in book-entry form pursua",https://www.sec.gov/Archives/edgar/data/1357874/000110465924030096/tm246680-6_424b5.htm
0001731122-21-000865,DTST,424B4,2021-05-17 08:15:41,6.75,patron0,"ck and One Warrant to Purchase One Share of Common Stock This is a firm commitment underwritten public offering of 1,600,000 of units (the “Units”), based on a public offering price of $6.75 per Unit of Data Storage Corporation, a Nevada c",2021-05-13,0.195," on the over-the-counter market and quoted on the OTCQB tier operated by the OTC Markets Group Inc. (the “OTCQB”) under the symbol “DTST.” On May 13, 2021, the last reported sale price of our common stock was $0.195 per share ($7.80 per share adjusted for a reverse stock split of 1-for-40). Our common stock and the warrants offered in this offering have been approved for listing on the Nasdaq Capital Market (“Nasdaq”) under the symbols “DTS",https://www.sec.gov/Archives/edgar/data/1419951/000173112221000865/e2759_424b4.htm
0001104659-23-081860,DUO,424B5,2023-07-18 09:25:51,0.7,patron1," 11,428,565 American Depositary Shares, or ADSs, of Fangdd Network Group Ltd., each representing 375 Class A ordinary shares, par value US$0.0000001 per share, at a price of US$0.70 per ADS, (ii) certain regular warrants, or the ",2023-07-14,0.831,"ch warrants will be limited. ADSs representing our Class A ordinary shares are listed on the Nasdaq Global Market under the symbol “DUO.” On July 14, 2023, the closing price of the ADSs on the Nasdaq Global Market was US$0.8310 per ADS. The aggregate market value of our issued and outstanding Class A ordinary shares held by non-affiliates, or public float, was approximately US$89.9 million, which was calculated based on 20,809,44",https://www.sec.gov/Archives/edgar/data/1750593/000110465923081860/tm2315524-5_424b5.htm
0001213900-24-095601,DUO,424B5,2024-11-08 08:45:55,,sin frase,,,,,https://www.sec.gov/Archives/edgar/data/1750593/000121390024095601/ea0220457-424b5_fangdd.htm
0001104659-24-062781,DVLT,424B5,2024-05-17 08:00:33,,sin frase,,2024-05-14,3.83,", and will expire five (5) years from the issuance date. Our common stock is listed on the Nasdaq Capital Market, under the symbol “WISA.” On May 14, 2024, the last reported sale price of our common stock on the Nasdaq Capital Market was $3.83 per share. On April 4, 2024, our board of directors (the “Board”) approved a 1-for-150 reverse stock split (the “Reverse Stock Split”) of our outstanding shares of common stock and authorized the fili",https://www.sec.gov/Archives/edgar/data/1682149/000110465924062781/tm2414695d1_424b5.htm
0001104659-22-101803,DWTX,424B4,2022-09-21 11:26:05,0.5,patron1,"ed April 28, 2022) 10,000,000 Shares Common Stock Virios Therapeutics, Inc. We are offering 10,000,000 shares of our common stock, par value $0.0001 per share, at a price of $0.50 per share, pursuant to this prospectus supplement",2022-09-16,8.77,"spectus supplement and the accompanying prospectus. Our common stock is listed on the Nasdaq Capital Market under the symbol “VIRI.” On September 16, 2022, the last reported sale price of our common stock on the Nasdaq Capital Market was $ 8.77 per share. We are an “emerging growth company” under the federal securities laws and have elected to comply with certain reduced public company reporting requirements. The aggregate market value of o",https://www.sec.gov/Archives/edgar/data/1818844/000110465922101803/tm2226140d3_424b4.htm
0001104659-25-023807,DWTX,424B5,2025-03-14 10:32:18,8.26,patron0,"n our website as soon as reasonably practicable after we file these reports with the SEC. S- 10 THE OFFERING Securities Offered 578,950 shares of common stock. Offering Price $8.26 per share of common stock Common Stock outstandin",2025-03-12,10.7,"s. The per share offering price of the Shares is $8.26. Our common stock is listed on The Nasdaq Capital Market under the symbol “DWTX.” On March 12, 2025, the last reported sale price of common stock on The Nasdaq Capital Market was $10.70 per share. As of March 12, 2025, the aggregate market value of our common stock held by our non-affiliates was $19,446,878, based upon 1,117,637 shares of our outstanding common stock held by non-affilia",https://www.sec.gov/Archives/edgar/data/1818844/000110465925023807/tm259202d1_424b5.htm
0001185185-25-001659,DXST,424B4,2025-11-12 06:05:32,,sin frase,,2025-11-10,1.17,"ement as placement agent. See “ Plan of Distribution. ” Our Class A ordinary shares are traded on the Nasdaq under the symbol “DXST.” On November 10, 2025, the last reported sale price for our Class A ordinary shares was $1.17 per share. We are both an “emerging growth company” and a “foreign private issuer” as defined under the U.S. federal securities laws and, as such, may elect to comply with certain reduced public company reporting requ",https://www.sec.gov/Archives/edgar/data/1958133/000118518525001659/dxst424b4110925.htm
0001193125-23-147635,EBS,424B5,2023-05-18 07:45:27,,ATM,,2023-05-17,9.04,"L.C. and RBC Capital Markets, LLC, acting as our agents (the “managers”). Our common stock is listed on the New York Stock Exchange under the symbol “EBS.” The last reported sale price of our common stock on the New York Stock Exchange on May 17, 2023 was $9.04 per share. Sales of our common stock, if any, under this prospectus supplement will be made by any method permitted by law deemed to be an “at the market offering” as defined in Rule",https://www.sec.gov/Archives/edgar/data/1367644/000119312523147635/d435309d424b5.htm
0001185185-20-000364,ECOR,424B5,2020-03-30 08:10:53,,sin frase,,,,,https://www.sec.gov/Archives/edgar/data/1560258/000118518520000364/electroc20200329_424b5.htm
0001477932-24-000622,EDBL,424B5,2024-02-09 16:15:56,,ATM,,2024-02-05,0.45,"greement by written notice of us or Maxim. Our common stock is listed on The Nasdaq Capital Market (“Nasdaq”) under the symbol “EDBL.” On February 5, 2024, the last reported sale price of our common stock on Nasdaq was $0.45 per share. Pursuant to General Instruction I.B.6 of Form S-3, in no event will we sell our common stock in a public primary offering with a value exceeding more than one-third of the aggregate market value of our voting",https://www.sec.gov/Archives/edgar/data/1809750/000147793224000622/edbl_424b5.htm
0000919574-20-003795,EDRY,424B1,2020-05-21 17:03:26,,sin frase,,2020-05-12,4.2,"described in a supplement to this prospectus. Our common shares are currently listed on the Nasdaq Capital Market under the symbol ""EDRY"". On May 12, 2020, the last reported sale price of our common shares was $4.20 per share. The aggregate market value of our outstanding common stock held by non-affiliates as of May 6, 2020 is $3,437,591, based on 2,304,630 shares of common stock outstanding, of which 818,474 are held by non-affiliates, an",https://www.sec.gov/Archives/edgar/data/1731388/000091957420003795/d8536932_424b-1.htm
0001144204-18-034464,EDSA,424B4,2018-06-15 17:33:37,,sin frase,,2018-06-01,1.79,"entitled “Plan of Distribution” beginning on page 26 of this prospectus. Our common shares are listed on the Nasdaq Capital Market under the symbol “SBOT.” The last reported sale price of our common shares on June 1, 2018 was $1.79 per share. We are an “emerging growth company” as that term is used in the Jumpstart Our Business Startups Act of 2012 and, as such, we have elected to comply with certain reduced public company reporting require",https://www.sec.gov/Archives/edgar/data/1540159/000114420418034464/tv496450_424b4.htm
0001654954-20-000147,EDSA,424B5,2020-01-06 17:08:43,,sin frase,,,,,https://www.sec.gov/Archives/edgar/data/1540159/000165495420000147/edsa_424b5.htm
0001654954-20-010535,EDSA,424B5,2020-09-28 16:32:13,,ATM,,,,,https://www.sec.gov/Archives/edgar/data/1540159/000165495420010535/edsa_424b5.htm
0001104659-21-029191,EDSA,424B5,2021-02-26 16:13:04,6.4,patron0,"outstanding Common Share, purchasers of Common Shares in this offering will experience immediate and substantial dilution on the book value basis. Based on the offering price of $ 6.40 per share and our net tangible book value as of D",2021-02-24,6.44," par value, (“Common Shares” ), in this offering. Our Common Shares are listed on the Nasdaq Capital Market under the symbol “EDSA” . On February 24, 2021, the last reported sale price of our Common Shares on the Nasdaq Capital Market was $6.44 per share. The offering is being underwritten on a firm commitment basis. The underwriter may offer the Common Shares from time to time to purchasers directly or through agents, through brokers in br",https://www.sec.gov/Archives/edgar/data/1540159/000110465921029191/tm218114d2_424b5.htm
0001171843-24-005517,EDSA,424B5,2024-10-04 17:05:43,,ATM,,2024-10-03,4.27,"3,870,000. Our common shares are traded on the Nasdaq Capital Market of the Nasdaq Stock Market LLC (“Nasdaq”) under the symbol “EDSA.” On October 3, 2024, the last reported sale price of our common shares on Nasdaq was $4.27 per share. Sales of our common shares, if any, under this prospectus supplement and the accompanying prospectus may be made in sales deemed to be an “at the market offering” as defined in Rule 415(a)(4) promulgated und",https://www.sec.gov/Archives/edgar/data/1540159/000117184324005517/f424b5100424.htm
0001731122-21-001034,EDVA,424B4,2021-06-14 16:24:10,4.0,patron0,"our common stock (and the shares issuable from time to time upon exercise of the warrants), in an underwritten public offering pursuant to this prospectus at a combined public offering price of $4.00 per share. Each warrant will have an exercise pri",2021-06-10,1.99,"ic market for our warrants. Until June 10, 2021, our common stock was quoted on the OTCQB, where it was quoted under the symbol “SBEV.” As of May 19, 2021, the last sale price of our common stock as reported on OTCQB was $1.99 per share. There is a limited public trading market for our common stock. On June 11, 2021, we will effect a one-for-three reverse stock split. The public offering price has been determined through negotiatio",https://www.sec.gov/Archives/edgar/data/1553788/000173112221001034/e2840_424b4.htm
0001213900-25-080541,EEIQ,424B5,2025-08-26 09:28:36,,sin frase,,2025-08-25,0.74,"ge S-12 and in any applicable prospectus supplement. Our common shares are listed on The Nasdaq Capital Market under the symbol “EEIQ.” On August 25, 2025, the last reported sale price of our common shares on Nasdaq was $0.74 per share. As of August 25, 2025, the aggregate market value of the voting and non-voting common equity held by non-affiliates, computed by reference to the price at which the common equity was last sold on August 22, ",https://www.sec.gov/Archives/edgar/data/1781397/000121390025080541/ea0254562-424b5_epicquest.htm
0001411342-20-000013,EFC,424B5,2020-01-22 17:04:39,,sin frase,,2020-01-21,18.86,"alue $0.001 per share, which we refer to as our “common stock.” Our common stock is listed on the New York Stock Exchange, or NYSE, under the symbol ""EFC."" The last reported sale price of our common stock on the NYSE on January 21, 2020 was $18.86 per share. We will elect and intend to qualify to be treated as a real estate investment trust (“REIT”) for U.S. federal income tax purposes commencing with our taxable year ended December 31, 201",https://www.sec.gov/Archives/edgar/data/1411342/000141134220000013/efccommonstockfinalprospec.htm
0000924168-21-000038,EFOI,424B5,2021-06-16 08:00:36,5.05,patron0," our Common Stock immediately after this offering. After giving effect to the sale by us of 990,100 shares of Common Stock being offered in this offering at an offering price of $5.05 per share and after deducting the placement agent",2021-06-11,5.16," Common Stock are offered at a price per share of $5.05. Our Common Stock is traded on The Nasdaq Capital Market under the symbol “EFOI.” On June 11, 2021, the last reported sale price of our Common Stock on The Nasdaq Capital Market was $5.16 per share. We have retained H.C. Wainwright & Co., LLC to act as our exclusive placement agent in connection with the sale of shares of Common Stock offered by this prospectus supplement and the accom",https://www.sec.gov/Archives/edgar/data/924168/000092416821000038/nai-1514847331xv10_prospec.htm
0001185185-26-002766,EHGO,424B5,2026-07-01 11:03:03,,sin frase,,2026-06-29,2.67,"of par value of $0.0016 each (the “Class A Ordinary Shares”) are listed on The Nasdaq Capital Market, or Nasdaq, under the symbol “EHGO.” On June 29, 2026, the last reported sale price of our Class A Ordinary Shares on Nasdaq was US$2.67 per share. This prospectus supplement and the accompanying base prospectus relates to an offering of an aggregate of (i) 200,000 Class A Ordinary Shares (the “Shares”) of the Company and (ii) pre-funded war",https://www.sec.gov/Archives/edgar/data/1879754/000118518526002766/ehgo424b5070126.htm
0001213900-23-089461,ELAB,424B4,2023-11-22 12:10:55,4.0,patron0,"6,000,000 $ 6,900,000 Underwriter discounts (2) $ 0.28 $ 420,000 $ 483,000 Proceeds to us, before expenses (3) $ 3.72 $ 5,580,000 $ 6,417,000 (1) Based upon an initial public offering price of $4.00 per share of Common stock. (2) Univest Securities",,,,https://www.sec.gov/Archives/edgar/data/1840563/000121390023089461/ea188720-424b4_elevailabs.htm
0001213900-24-081230,ELAB,424B4,2024-09-24 09:26:44,,sin frase,,2024-09-20,0.28,"Warrants described above will be effected using the reduced floor price. 1 Our common stock is listed on The Nasdaq Capital Market under the symbol “ELAB.” The last reported sale price of our common stock on The Nasdaq Capital Market on September 20, 2024 was $0.28 per share. The actual public offering price per each set of a share of common stock and accompanying Warrants in this offering was determined between us, Univest Securities, LLC ",https://www.sec.gov/Archives/edgar/data/1840563/000121390024081230/ea0215355-424b4_elevailabs.htm
0001213900-25-034785,ELAB,424B5,2025-04-24 06:09:50,,ATM,,2025-04-23,2.91,"to time, through the Sales Agent. Our shares of common stock are traded on the NASDAQ Capital Market (“Nasdaq”) under the symbol “ELAB.” On April 23, 2025, the closing price of our shares of Common Stock on the Nasdaq was $2.91 per share. Sales of our common stock, if any, under this prospectus supplement may be made in sales deemed to be “at-the-market” equity offerings as defined in Rule 415 promulgated under the Securities Act",https://www.sec.gov/Archives/edgar/data/1840563/000121390025034785/ea0238300-424b5_pmgchold.htm
0001641172-25-025815,ELOG,424B4,2025-08-28 16:31:49,,sin frase,,,,,https://www.sec.gov/Archives/edgar/data/2013320/000164117225025815/form424b4.htm
0001493152-26-008271,ELPW,424B4,2026-02-27 11:02:18,0.3231,patron0,"ng”, the “Company”, “we”, “our”, “us”), together with one warrant (each a “Common Warrant”), each to initially purchase up to one Class A Ordinary Share, at an offering price of US$0.3231 per Unit. The Units have no stand-alone rights a",,,,https://www.sec.gov/Archives/edgar/data/2015691/000149315226008271/form424b4.htm
0001493152-26-024119,ELPW,424B4,2026-05-18 11:30:12,1.3,patron0,"ited (“Elong”, the “Company”, “we”, “our”, “us”), together with one warrant (each a “Common Warrant”), each to purchase up to one Class A Ordinary Share, at an offering price of US$1.30 per Unit. The Units have no stand-alone rights a",,,,https://www.sec.gov/Archives/edgar/data/2015691/000149315226024119/form424b4.htm
0001178913-19-000852,ELTK,424B5,2019-03-18 14:46:35,,sin frase,,,,,https://www.sec.gov/Archives/edgar/data/1024672/000117891319000852/zk1922817.htm
0001683168-22-000584,EMPD,424B4,2022-01-31 17:27:59,3.0,patron0,"t to Rule 424(b)(4) Registration No. 333-262343 PROSPECTUS 6,666,667 Shares Volcon, Inc. Common Stock We are offering 6,666,667 shares of our common stock at a public offering price of $3.00 per share. Our common stock is listed on the NASD",2022-01-27,3.78,"ur common stock at a public offering price of $3.00 per share. Our common stock is listed on the NASDAQ Capital Market, or Nasdaq, under the symbol “VLCN”. The last reported sale price of our common stock on Nasdaq on January 27, 2022 was $3.78 per share. We are an “emerging growth company” as defined in Section 2(a) of the Securities Act of 1933, as amended, and we have elected to comply with certain reduced public company reporting requir",https://www.sec.gov/Archives/edgar/data/1829794/000168316822000584/volcon_424b4.htm
0001683168-23-008244,EMPD,424B4,2023-11-17 07:45:03,0.42,patron0,"mon stock underlying the Series A Warrants Up to 15,000,000 shares of common stock underlying the Series B Warrants We are offering 3,326,042 Common Units at a public offering price of $0.42 per Common Unit. Each Common Unit consists of one share",2023-11-15,0.65,"ill be decreased on a one-for-one basis. Our common stock is listed on The Nasdaq Capital Market, or Nasdaq, under the symbol “VLCN.” On November 15, 2023, the closing price of our common stock on Nasdaq was $0.65 per share. We are an “emerging growth company” under the federal securities laws and are subject to reduced public company reporting requirements for this prospectus and future filings. Investing in our securities invol",https://www.sec.gov/Archives/edgar/data/1829794/000168316823008244/volcon_424b4.htm
0001683168-24-007233,EMPD,424B5,2024-10-18 17:23:03,,ATM,,2024-10-16,0.982,"ct to reduced public company reporting requirements. Our shares of common stock are listed on The Nasdaq Capital Market (“Nasdaq”) under the symbol “VLCN”. The last sale price of our shares of common stock on October 16, 2024 was $0.982 per share. Sales of our common stock, if any, under this prospectus supplement may be made in sales deemed to be “at the market offerings” as defined in Rule 415 promulgated under the Securities Act",https://www.sec.gov/Archives/edgar/data/1829794/000168316824007233/volcon_424b5.htm
0001683168-25-000763,EMPD,424B5,2025-02-06 10:27:55,2.0,patron0,"ommon Stock underlying the Pre-Funded Warrants) Up to 6,000,000 shares of Common Stock underlying the Common Warrants We are offering 430,000 Common Units at a public offering price of $2.00 per Common Unit. Each Common Unit consists of one share",2025-02-04,3.21,"will be decreased on a one-for-one basis. Our common stock is listed on The Nasdaq Capital Market, or Nasdaq, under the symbol “VLCN.” On February 4, 2025, the last reported sale price of our common stock on Nasdaq was $3.21 per share. There is no established trading market for the Common Warrants and we do not expect a market to develop. We do not intend to list the Pre-Funded Warrants or the Common Warrants on the Nasdaq Capital Market, a",https://www.sec.gov/Archives/edgar/data/1829794/000168316825000763/volcon_424b5.htm
0001213900-20-005319,ENLV,424B5,2020-03-03 17:13:24,8.0,patron0,"y to certain investors, referred to as “the investors.” Each ordinary share is being sold together with an investor warrant to purchase one ordinary share at a combined offering price of $8.00 per ordinary share and associated investor warrant. The in",2020-02-27,8.95,"offering) . Our ordinary shares are listed on the Nasdaq Capital Market under the symbol “ENLV” and on the Tel Aviv Stock Exchange under the symbol “ENLV.” The last reported sale price of our ordinary shares on the Nasdaq Capital Market on February 28 2020 was $8.95 per share. The last reported sale price of our ordinary shares on the Tel Aviv Stock Exchange on February 27, 2020 was NIS 28.13 or $8.19 per share (based on the exchange rate r",https://www.sec.gov/Archives/edgar/data/1596812/000121390020005319/ea119253-424b5_enlivex.htm
0001493152-23-003658,ENSC,424B5,2023-02-06 12:36:47,0.84,patron0,"nt and the accompanying prospectus, we are offering 3,571,431 shares of our common stock, $0.0001 par value per share, to certain institutional investors at an offering price of $0.84 per share. In a concurrent private placement, we ",2023-02-03,0.7151,"ge or any other nationally recognized trading system. Our common stock is listed on the Nasdaq Capital Market under the symbol “ENSC.” On February 3, 2023, the last reported sale price of our common stock on the Nasdaq Capital Market was $0.7151 per share. We have engaged H.C. Wainwright & Co., LLC (the “ placement agent ”), as our exclusive placement agent in connection with this offering. The placement agent has no obligation to buy any o",https://www.sec.gov/Archives/edgar/data/1716947/000149315223003658/form424b5.htm
0001641172-25-001566,ENSC,424B5,2025-03-31 12:20:11,3.49,patron0,arket or any other nationally recognized trading system. See “Description of the Pre-funded Warrants” for a discussion of the terms of the Pre-funded Warrants. Offering price $3.49 per share of common stock and $3.4899 per Pre-fun,2025-03-28,3.24,"ange or any other nationally recognized trading system. Our common stock is listed on the Nasdaq Capital Market under the symbol “ENSC.” On March 28, 2025, the last reported sale price of our common stock on the Nasdaq Capital Market was $3.24 per share. There is no established public trading market for the Pre-funded Warrants being offered in this offering and the Warrants being sold in a concurrent private placement, and we do not expect ",https://www.sec.gov/Archives/edgar/data/1716947/000164117225001566/form424b5.htm
0001178913-21-001652,ENTX,424B5,2021-05-07 17:05:54,,ATM,,2021-05-04,3.09,"es, including liabilities under the Securities Act. Our ordinary shares trade on The Nasdaq Capital Market under the trading symbol “ENTX”. On May 4, 2021, the closing prices for our ordinary shares on The Nasdaq Capital Market was $3.09 per share. Investing in our ordinary shares involves risks. See “Risk Factors” beginning on page S-3 of this prospectus supplement, the accompanying prospectus, and in the reports we file with th",https://www.sec.gov/Archives/edgar/data/1638097/000117891321001652/zk2126001.htm
0001193805-17-003513,ENVB,424B4,2017-11-20 12:52:06,4.115,patron0," Total stockholders’ equity 12,215,813 17,075,314 ——————— (1) As adjusted amounts give effect to the sale of all the shares offered in this offering based on a public offering price of $4.115 per share of common stock and $0.01 per warrant. ",2017-11-08,6.6,"to which Mr. Rai’s other shares of our Company are subject. Our common stock is presently quoted on the OTCQB under the symbol “AMRH”. On November 8, 2017, the last reported sale price for our common stock on the OTCQB was $6.60 per share. We have applied to have our common stock and warrants offered hereby listed on The Nasdaq Capital Market under the symbol “AMRH” and “AMRHW”, respectively. The listing of our common stock and warrants has",https://www.sec.gov/Archives/edgar/data/890821/000119380517003513/e617502_424b4-ameri.htm
0001140361-20-000669,ENVB,424B5,2020-01-13 08:12:11,,sin frase,,,,,https://www.sec.gov/Archives/edgar/data/890821/000114036120000669/form424b5.htm
0001493152-21-003368,ENVB,424B5,2021-02-11 15:58:01,4.5018,patron0,"registered direct offering an aggregate of 1,610,679 shares of our common stock and pre-funded warrants to purchase up to 610,679 shares of common stock, at an offering price of $4.5018 per share of common stock and $4.4918 per pre-fun",2021-02-08,4.45,"ge or any other nationally recognized trading system. Our common stock is traded on The Nasdaq Capital Market under the symbol “ENVB.” On February 8, 2021, the closing sale price of our common stock on The Nasdaq Capital Market was $4.45 per share. This investment involves a high degree of risk. See “ Risk Factors ” on page S-9 of this prospectus supplement and any similar section contained in the accompanying prospectus and in the do",https://www.sec.gov/Archives/edgar/data/890821/000149315221003368/form424b5.htm
0001493152-23-043862,ENVB,424B4,2023-12-06 16:00:27,,sin frase,,2023-11-30,1.48," common stock being registered pursuant to this prospectus. Our common stock is listed on the Nasdaq Capital Market LLC (“Nasdaq”) under the symbol “ENVB”. The last reported sale price of our common stock on Nasdaq on November 30, 2023 was $1.48 per share. We are a “smaller reporting company” under applicable Securities and Exchange Commission rules and will be subject to reduced public company reporting requirements. Investing in our secur",https://www.sec.gov/Archives/edgar/data/890821/000149315223043862/form424b4.htm
0001493152-24-009512,ENVB,424B5,2024-03-11 12:35:33,1.41,patron0,"NT (To Prospectus dated July 9, 2021) 228,690 Shares of Common Stock We are offering 228,690 shares of our common stock, par value $0.01 per share, at a deemed offering price of $1.41 per share directly to certain investors in a regi",2024-03-08,1.41,"s and a common stock purchase agreement. Our common stock is listed on the Nasdaq Stock Market LLC, or “Nasdaq,” under the symbol “ENVB.” On March 8, 2024, the last reported sale price of our common stock on Nasdaq was $1.41 per share. On December 28, 2023, we entered into warrant exercise inducement offer letters (the “Inducement Letters”) with certain holders of warrants to purchase shares of our common stock pursuant to which the holders",https://www.sec.gov/Archives/edgar/data/890821/000149315224009512/form424b5.htm
0001493152-25-004528,ENVB,424B4,2025-02-03 06:24:35,,sin frase,,2025-01-30,3.9,"s is adjusted to reflect the reverse stock split prior to any rounding of fractional shares. Our common stock is listed on Nasdaq, under the symbol “ENVB”. The last reported sale price of our common stock on Nasdaq on January 30, 2025 was $3.90 per share. We do not intend to list the warrants or pre-funded warrants on the NASDAQ Capital Market, any other national securities exchange or any other nationally recognized trading system. The com",https://www.sec.gov/Archives/edgar/data/890821/000149315225004528/form424b4.htm
0001493152-26-005591,ENVB,424B5,2026-02-06 16:30:15,4.41,patron1," sell to the Investors in a registered direct offering (the “Registered Direct Offering”), an aggregate of 328,802 shares (the “RD Shares”) of our Common Stock at a price of $4.41 per share for gross proceeds of approximately $1.",2026-02-04,2.84,"0 from time to time through Wainwright. Our Common Stock is listed on the Nasdaq Stock Market LLC, or Nasdaq, under the symbol “ENVB.” On February 4, 2026, the last reported sale price of our Common Stock on Nasdaq was $2.84 per share. Sales of our Common Stock, if any, under this prospectus supplement and the accompanying prospectus may be made at market prices by any method permitted by law that is deemed an “at the market offering” as de",https://www.sec.gov/Archives/edgar/data/890821/000149315226005591/form424b5.htm
0001144204-18-019239,EOCN,424B5,2018-04-04 16:37:29,6.0,patron0,"ce immediate and substantial dilution in the book value per ordinary share you purchase. After giving effect to the sale of ordinary shares and warrants at the public offering price of $6.00 per share and related warrant, and after deductin",2018-04-02,5.04,"ble upon the exercise of the warrants being offered. Our ordinary shares are traded on the Nasdaq Capital Market under the symbol “GLMD.” On April 2, 2018, the last reported sale price of our ordinary shares was $5.04 per share. There is no established trading market for the warrants, and we do not expect a market to develop. In addition, we do not intend to list the warrants on the Nasdaq Capital Market or any other national securities exc",https://www.sec.gov/Archives/edgar/data/1595353/000114420418019239/tv490353_424b5.htm
0001213900-25-090607,EPOW,424B5,2025-09-23 16:10:18,,sin frase,,2025-09-18,0.84,"price of US$0.55 per share. Our Class A ordinary shares are listed on The Nasdaq Capital Market, or Nasdaq, under the symbol “EPOW.” On September 18, 2025, the last reported sale price of our Class A ordinary shares on Nasdaq was US$0.84 per share. We are an “emerging growth company” as defined in the Jumpstart Our Business Act of 2012, as amended, and, as such, will be subject to reduced public company reporting requirements. The aggregate",https://www.sec.gov/Archives/edgar/data/1780731/000121390025090607/ea0258112-424b5_sunrise.htm
0000919574-20-003255,ESEA,424B1,2020-05-12 16:46:30,,sin frase,,,,,https://www.sec.gov/Archives/edgar/data/1341170/000091957420003255/d8521842_424b-1.htm
0001493152-25-000413,ESYN,424B4,2025-01-06 11:01:46,0.4,patron0,"rlying the Pre-funded Warrants We are offering 3,162,500 shares of common stock, par value $0.0001 per share (the “common stock”) on a best-efforts basis, at a public offering price of $0.40 per share. We are also offering to each purchaser",2025-01-02,0.649,"n of Securities We Are Offering ” in this prospectus for more information. Our common stock is listed on Nasdaq under the symbol “HWH”. On January 2, 2025, the last reported sale price of our common stock was $0.649 per share. There is no established trading market for the Pre-Funded Warrants. We do not intend to list the Pre-Funded Warrants on any securities exchange or other trading market. We do not expect an active trading market to dev",https://www.sec.gov/Archives/edgar/data/1897245/000149315225000413/form424b4.htm
0001104659-21-013059,EVAX,424B4,2021-02-05 16:53:10,10.0,patron0,"ares Representing 3,000,000 Ordinary Shares ​ We are offering 3,000,000 American Depositary Shares, or ADSs, with each ADS representing one ordinary share. The initial public offering price is $10.00 per ADS. The ADSs may be evidenced by American ",,,,https://www.sec.gov/Archives/edgar/data/1828253/000110465921013059/tm2031352-22_424b4.htm
0001104659-22-096081,EVAX,424B4,2022-08-30 16:52:23,,sin frase,,2022-08-15,2.96,"an of Distribution.” ADSs representing our ordinary shares are listed on The Nasdaq Capital Market, or Nasdaq, under the symbol “EVAX.” On August 15, 2022, the closing sale price of the ADSs as reported on Nasdaq was $2.96 per ADS. Investing in ADSs involves a high degree of risk. See the information contained under the section entitled “Risk Factors” beginning on page 7 of this prospectus and in similar sections of the documents inco",https://www.sec.gov/Archives/edgar/data/1828253/000110465922096081/tm2220308-6_424b4.htm
0001104659-25-007684,EVAX,424B4,2025-01-31 06:33:18,,sin frase,,,,,https://www.sec.gov/Archives/edgar/data/1828253/000110465925007684/tm2427973-10_424b4.htm
0001178913-24-002769,EVGN,424B5,2024-08-26 09:30:23,3.25,patron0,"estors purchasing ordinary shares or pre-funded warrants in this offering will incur immediate dilution of $1.93 per share, based on the difference between the public offering price of $3.25 per share, and the as adjusted net tangible book ",,,,https://www.sec.gov/Archives/edgar/data/1574565/000117891324002769/zk2431918.htm
0001140361-20-022011,EVGO,424B4,2020-09-30 16:53:16,11.5,patron1,"r Class A common stock and one-half of one redeemable warrant. Each whole warrant entitles the holder thereof to purchase one share of our Class A common stock at a price of $11.50 per share, subject to adjustment as described her",,,,https://www.sec.gov/Archives/edgar/data/1821159/000114036120022011/nt10014364x6_424b4.htm
0001193125-25-270066,EVMN,424B4,2025-11-06 17:06:59,16.0,patron0,"4B4 Table of Contents 9,375,000 Shares Common Stock This is Evommune, Inc.’s initial public offering. We are offering 9,375,000 shares of our common stock. The initial public offering price is $16.00 per share. Currently, no public market exists for",,,,https://www.sec.gov/Archives/edgar/data/2044725/000119312525270066/d771358d424b4.htm
0001493152-21-003264,EZRA,424B4,2021-02-10 17:22:19,6.0,patron0, and Series A Warrants (a) a public offering price per share of common stock of $5.99 and (b) a public offering price per Series A Warrant of $0.01. This is an offering price of $6.00 per share of common stock and accompanying Series,2021-02-08,0.3905,"rants and a very limited market for our common stock. Our common stock was quoted on the OTCQB Venture Market under the symbol “RELI.” On February 8, 2021, the last reported sale price of our common stock on OTCQB Venture Market was $0.3905 per share. The Company is currently controlled by its major shareholder and CEO, Ezra Beyman and will likely remain a controlled company upon closing of this offering. The Company will not avail itself o",https://www.sec.gov/Archives/edgar/data/1812727/000149315221003264/form424b4.htm
0001493152-24-028919,EZRA,424B5,2024-07-24 16:12:12,,ATM,,,,,https://www.sec.gov/Archives/edgar/data/1812727/000149315224028919/form424b5.htm
0001641172-25-023463,EZRA,424B5,2025-08-13 16:05:38,,ATM,,2025-08-11,1.05,"right in this offering. Our common stock is listed on the Nasdaq Capital Market (the “Nasdaq Capital Market”), under the symbol “RELI.” On August 11, 2025, the last reported sale price of our common stock on the Nasdaq Capital Market was $1.05 per share. You are urged to obtain current market quotations for our common stock. Sales of our common stock, if any, under this prospectus supplement and the accompanying base prospectus may be made ",https://www.sec.gov/Archives/edgar/data/1812727/000164117225023463/form424b5.htm
0001493152-26-005552,EZRA,424B5,2026-02-06 16:05:20,,ATM,,,,,https://www.sec.gov/Archives/edgar/data/1812727/000149315226005552/form424b5.htm
0001493152-20-011443,FABC,424B5,2020-06-19 06:52:01,2.5,patron0,"ll pay a price per share of our common stock that substantially exceeds our net tangible book value per share after giving effect to this offering. Based on an offering price of $2.50 per share of our common stock, if you purchase se",2020-06-16,3.06,"stock is being sold at a price per share equal to $2.50. Our common stock is traded on The Nasdaq Capital Market under the symbol “AYRO.” On June 16, 2020, the closing sale price of our common stock on The Nasdaq Capital Market was $3.06 per share. As of the date of this prospectus supplement, the aggregate market value of our outstanding shares of common stock held by non-affiliates was $73,547,806.95, based on 13,369,057 outstanding",https://www.sec.gov/Archives/edgar/data/1086745/000149315220011443/form424b5.htm
0001641172-25-003434,FATN,424B4,2025-04-09 16:47:17,5.75,patron0,"e, Inc., a Utah corporation (the “Company,” “FatPipe,” “we,” “us,” or “our”). Prior to this offering, there has been no public market for our common stock. The initial public offering price is $5.75 per share of common stock. We have been approved ",,,,https://www.sec.gov/Archives/edgar/data/1993400/000164117225003434/form424b4.htm
0001683168-25-007180,FCUV,424B5,2025-09-22 17:25:04,,ATM,,2025-09-19,2.84,"mmon stock after giving effect to this offering. Assuming that an aggregate of 1,058,957 shares of our common stock are sold at a price of $3.35 per share, the last reported sale price of our common stock on Nasdaq on September 19, 2025, for aggregate gross proceeds of up to approximately $3,547,506, and after deducting commissions and estimated offering expenses payable by us, you will experience immediate dilution of $2.84 per share, repr",https://www.sec.gov/Archives/edgar/data/1590418/000168316825007180/focus_424b5.htm
0001683168-26-004516,FCUV,424B4,2026-06-03 18:43:28,,sin frase,,2026-06-02,0.805," attributable to their sale of the shares of Common Stock. Our Common Stock is listed on the Nasdaq Capital Markets (the “Nasdaq”) under the symbol “FCUV”. The closing price of our Common Stock as of June 2, 2026 was $0.8050 per share. We are a “smaller reporting company” as defined in Rule 12b-2 under the Securities Exchange Act of 1934 and are subject to reduced public company reporting requirements. This prospectus complies wi",https://www.sec.gov/Archives/edgar/data/1590418/000168316826004516/focus_424b4.htm
0001193125-23-138372,FDMT,424B5,2023-05-08 17:03:10,16.0,patron0,"you will pay a price per share that substantially exceeds the as adjusted net tangible book value per share after the completion of this offering. Based on the public offering price of $16.00 per share, you will experience immediate dilution",2023-05-04,16.08,"es of its common stock, par value $0.0001 per share. Our common stock is listed on the Nasdaq Global Select Market under the symbol “FDMT.” On May 4, 2023, the last reported sale price of our common stock on the Nasdaq Global Select Market was $16.08 per share. We are an “emerging growth company” as defined under the federal securities laws and, as such, have elected to comply with certain reduced public company reporting requirements in th",https://www.sec.gov/Archives/edgar/data/1650648/000119312523138372/d557482d424b5.htm
0001493152-22-004078,FRGT,424B5,2022-02-11 17:14:49,,sin frase,,2022-02-09,2.38," No placement agent is involved in this offering. Our ordinary shares are listed on the Nasdaq Capital Market under the symbol “HUSN.” On February 9, 2022, the last reported sale price of our ordinary shares on the Nasdaq Capital Market was $2.38 per share. As of February 9, 2022 the aggregate market value of our outstanding ordinary shares held by non-affiliates was approximately $11,966,395 based on 7,535,897 outstanding ordinary shares, ",https://www.sec.gov/Archives/edgar/data/1687542/000149315222004078/form424b5.htm
0001493152-24-021074,FRGT,424B5,2024-05-22 21:29:41,,ATM,,2024-05-22,0.73,"ted May 22, 2024 (the “Sales Agreement”). Our ordinary shares are traded on the Nasdaq Capital Market, or Nasdaq, under the symbol “FRGT.” On May 21, 2024, the last reported sale price of our ordinary shares on Nasdaq was $0.73 per share. The compensation to A.G.P. for sales of ordinary shares will be 3.0% of the gross sales price of all ordinary shares sold through A.G.P. from time to time under the Sales Agreement. Sales of our ordinary s",https://www.sec.gov/Archives/edgar/data/1687542/000149315224021074/form424b5.htm
0001213900-20-034558,FRMM,424B4,2020-11-02 17:00:58,,sin frase,,2020-10-28,10.9," may sell or dispose of their shares of common stock. Our common stock is traded on the NASDAQ Capital Market under the symbol “KBLM”. On October 28, 2020, the last reported sale price for our common stock as reported on the NASDAQ Capital Market was $10.90 per share. INVESTING IN OUR SECURITIES INVOLVES SUBSTANTIAL RISKS. SEE THE SECTION TITLED “RISK FACTORS” BEGINNING ON PAGE 6 OF THIS PROSPECTUS TO READ ABOUT FACTORS YOU SHOULD CONSIDER ",https://www.sec.gov/Archives/edgar/data/1690080/000121390020034558/f424b42020_kbliv.htm
0001213900-24-113254,FRMM,424B5,2024-12-30 08:00:21,,sin frase,,2024-12-27,2.25," Warrants and will expire five and a half years from the date of issuance. Our common stock is listed on The Nasdaq Capital Market under the symbol “ATNF.” The last reported sale price of our common stock on The Nasdaq Capital Market on December 27, 2024 was $2.25 per share. As of the date of this prospectus supplement, the aggregate market value of our outstanding common stock held by non-affiliates was approximately $8,722,652, which was ",https://www.sec.gov/Archives/edgar/data/1690080/000121390024113254/ea0226241-424b5_180life.htm
0001213900-19-004377,FRSX,424B5,2019-03-18 16:42:31,1.5,patron0,"iate dilution in the net tangible book value of the ADSs you purchase in this offering. After giving effect to the sale of 4,000,000 ADSs in this offering at a public offering price of $1.50 per ADS, and based on the pro forma net tangibl",2019-03-13,1.97,"five of our ordinary shares, no par value, or Ordinary Shares. The ADSs are listed on the Nasdaq Capital Market under the symbol “FRSX.” On March 13, 2019, the last reported sale price of the ADSs on the Nasdaq Capital Market was $1.97 per ADS. The aggregate market value of our outstanding ADSs held by non-affiliates on March 13, 2019 was approximately $38 million, based on a per ADS price of $1.97, the price at which the ADSs were last sol",https://www.sec.gov/Archives/edgar/data/1691221/000121390019004377/f424b5031819_foregishtauto.htm
0001213900-20-013040,FRSX,424B5,2020-05-20 09:24:41,0.6,patron0,"referred to above, which is incorporated by reference as an exhibit to the registration statement that includes the accompanying prospectus. Offering price The offering price is $0.60 per ADS. Use of proceeds We intend to use the n",2020-05-18,0.8434,"s five of our ordinary shares, no par value, or Ordinary Shares. The ADSs are listed on the Nasdaq Capital Market under the symbol “FRSX.” On May 18, 2020, the last reported sale price of the ADSs on the Nasdaq Capital Market was $0.8434 per ADS. The highest aggregate market value of the outstanding ADSs held by non-affiliates within the 60 days prior to this prospectus supplement was approximately $30.32 million. As of the date hereof, we ",https://www.sec.gov/Archives/edgar/data/1691221/000121390020013040/ea122138-424b5_foresightauto.htm
0001213900-20-029898,FRSX,424B5,2020-10-02 16:01:53,,ATM,,2020-09-30,0.918,"the Exchange Act of 1934, as amended (the “Exchange Act”). The ADSs are listed on the Nasdaq Capital Market under the symbol “FRSX.” On September 30, 2020, the last reported sale price of the ADSs on the Nasdaq Capital Market was $0.918 per ADS. The highest aggregate market value of the outstanding ADSs held by non-affiliates within the 60 days prior to this prospectus supplement was approximately $66,456,000. As of the date hereof, we have",https://www.sec.gov/Archives/edgar/data/1691221/000121390020029898/ea127724-424b5_foresightauto.htm
0001104659-25-091670,FTHM,424B5,2025-09-19 16:22:03,2.0,patron0,"OF PROCEEDS We estimate that we will receive net proceeds from the sale of shares of common stock in this offering of approximately $5.40 million, based on the public offering price of $2.00 per share of common stock, after deducting underw",2025-09-18,2.4,"ares Common Stock We are offering 3,000,000 shares of our common stock, no par value, which is listed on the Nasdaq Capital Market under the symbol “FTHM”. The last reported sale price of our common stock on September 18, 2025 was $2.40 per share. We are an “emerging growth company” as defined under the federal securities laws and, as such, have elected to comply with certain reduced public company reporting requirements. Investing in our s",https://www.sec.gov/Archives/edgar/data/1753162/000110465925091670/tm2526428d3_424b5.htm
0001493152-24-030378,FUBO,424B5,2024-08-06 09:24:14,,ATM,,2024-08-05,1.31,"t or the prior sales agreement prospectus supplement. Our common stock is listed on the New York Stock Exchange under the symbol “FUBO”. On August 5, 2024, the last reported sale price of our common stock on the New York Stock Exchange was $1.31 per share. Sales of our common stock, if any, under this prospectus supplement and the accompanying prospectus will be made in sales deemed to be an “at the market offering” as defined in Rule 415(a",https://www.sec.gov/Archives/edgar/data/1484769/000149315224030378/form424b5.htm
0001193125-21-012394,FULC,424B5,2021-01-20 16:02:24,11.0,patron0,"ommon stock in this offering, you will pay a price per share that substantially exceeds our net tangible book value per share after this offering. Based on the public offering price of $11.00 per share, you will experience immediate dilution",,,,https://www.sec.gov/Archives/edgar/data/1680581/000119312521012394/d111229d424b5.htm
0001683168-25-005886,FWDI,424B5,2025-08-11 13:41:35,8.5,patron1,"pplement and the accompanying prospectus, we are offering 263,243 shares of our Common Stock directly to the investors without a placement agent or underwriter at a price of $8.50 per share. We are not paying underwriting discoun",2025-08-08,14.22,"es sold in this offering will be approximately $25,000. Our common stock is traded on The Nasdaq Capital Market under the symbol “FORD.” On August 8, 2025, the last reported sale price of our common stock on The Nasdaq Capital Market was $14.22 per share. As of the date of this prospectus supplement, the aggregate market value of our outstanding voting and non-voting common equity held by non-affiliates was approximately $15.4 million based",https://www.sec.gov/Archives/edgar/data/38264/000168316825005886/forward_424b5.htm
0001493152-26-021046,FXHO,424B5,2026-05-04 13:31:12,1.2,patron0,"ffered by us pursuant to this prospectus supplement: 200,000 Class A Ordinary Shares and Pre-Funded Warrants to purchase up to 800,000 Class A Ordinary Shares. Public Offering Price $1.20 per Class A Ordinary Share. $0.70 per Pre-Funded Wa",,,,https://www.sec.gov/Archives/edgar/data/1789299/000149315226021046/form424b5.htm
0001493152-26-002087,GCDT,424B4,2026-01-13 17:21:32,4.0,patron2,"public market for our Shares. Our Shares have been approved listing on the NYSE American Market (“ NYSE American ”) under the ticker symbol “GCDT”. The initial public offering price of our Shares is US$4.00 per Share. RBW Capital Partners LLC, whose securi",,,,https://www.sec.gov/Archives/edgar/data/1926293/000149315226002087/form424b4.htm
0001193125-22-224561,GCT,424B4,2022-08-19 06:11:30,,sin frase,,,,,https://www.sec.gov/Archives/edgar/data/1857816/000119312522224561/d160437d424b4.htm
0001493152-25-004955,GCTK,424B5,2025-02-05 09:25:37,1.15,patron0," of our Common Stock being offered may be higher than the net tangible book value per share of our outstanding Common Stock prior to this offering. Based on an offering price of $1.15 per share, we estimate our as adjusted net tangib",2025-02-03,1.14,"fering price of the Common Stock is $1.15. Our Common Stock is listed on the Nasdaq Capital Market (“Nasdaq”) under the symbol “GCTK.” On February 3, 2025, the last reported sale price of our Common Stock on Nasdaq was $1.14 per share. We intend to use the net proceeds of this offering for general corporate purposes and working capital. See “ Prospectus Supplement Summary – Use of Proceeds .” As of February 4, 2025, the aggregate market val",https://www.sec.gov/Archives/edgar/data/1506983/000149315225004955/form424b5.htm
0001213900-23-040860,GDC,424B5,2023-05-17 16:30:26,,sin frase,,2023-05-16,6.33,"in this offering up to $150,000. The common stock of the Company is traded on the Nasdaq Capital Market (“Nasdaq”) under the symbol “GDC”. On May 16, 2023, the last reported sale price of the common stock as reported on Nasdaq was $6.33 per share. This Supplement is not complete without, and may not be delivered or used except in connection with, the Prospectus. Any information that is modified or superseded in the Prospectus shall not be d",https://www.sec.gov/Archives/edgar/data/1641398/000121390023040860/ea178825-424b5_gdculture.htm
0001213900-24-025819,GDC,424B5,2024-03-26 09:49:33,,sin frase,,,,,https://www.sec.gov/Archives/edgar/data/1641398/000121390024025819/ea0202432-424b5_gdcult.htm
0001213900-25-011747,GDC,424B5,2025-02-10 16:15:28,,ATM,,2025-02-06,1.28,"to time through the Sales Agent. Our shares of common stock are traded on the NASDAQ Capital Market (“Nasdaq”) under the symbol “GDC.” On February 6, 2025, the closing price of our shares of common stock on the Nasdaq was $1.28 per share of common stock. Sales of our common stock, if any, under this Prospectus may be made in sales deemed to be “at-the-market” equity offerings as defined in Rule 415 promulgated under the Securitie",https://www.sec.gov/Archives/edgar/data/1641398/000121390025011747/ea0230419-424b5_gdculture.htm
0001493152-23-012534,GDTC,424B4,2023-04-17 16:05:39,4.0,patron2,"der the symbol “ GDTC ”. Use of Proceeds We estimate that the net proceeds to us from the offering will be approximately U.S.$8.2 million, based on the initial public offering price of U.S.$4.00 per share after deducting estimated underwriting ",,,,https://www.sec.gov/Archives/edgar/data/1873093/000149315223012534/form424b4.htm
0001213900-24-089716,GELS,424B4,2024-10-22 17:30:28,4.0,patron2,"ee “ Description of Share Capital and Constitution ”. Prior to this offering, there has been no public market in the United States for the Ordinary Shares. The public offering price will be USD$4.00 per share. The selling shareholders (as defined h",,,,https://www.sec.gov/Archives/edgar/data/1920092/000121390024089716/ea0209219-07.htm
0001193125-16-521498,GEVO,424B5,2016-03-29 16:40:37,,sin frase,,2016-03-28,0.46," for more information on the securities offered hereby. Our common stock is traded on the NASDAQ Capital Market under the symbol “GEVO.” On March 28, 2016, the last reported sale price of our common stock on the NASDAQ Capital Market was $0.46 per share. The warrants are not and will not be listed for trading on the NASDAQ Capital Market, or any other securities exchange. Investing in our securities involves a high degree of risk. Before bu",https://www.sec.gov/Archives/edgar/data/1392380/000119312516521498/d159012d424b5.htm
0001213900-21-050826,GFAI,424B4,2021-09-30 16:59:58,4.15,patron2,"ring 3,614,458 units, each unit consisting of one of our ordinary shares, par value $0.003 per share, and a warrant to purchase one ordinary share. The initial public offering price of our units is $4.15 per unit. Each ordinary share is being sold toge",,,,https://www.sec.gov/Archives/edgar/data/1804469/000121390021050826/ea148165-424b4_guardforce.htm
0001193125-26-250992,GIPR,424B4,2026-06-01 14:25:51,0.21,patron0,"g of 1,775,000 shares of our common stock and accompanying common warrants to purchase up to 23,825,000 shares of our common stock (the “Common Warrants”) at a public offering price of $0.21 per share. The Common Warrants have an exercise p",2026-05-28,0.28,"e 57 of this prospectus for more information regarding these arrangements. Our common stock is listed on The Nasdaq Capital Market under the symbol “GIPR.” The closing price of our common stock on May 28, 2026, as reported by The Nasdaq Capital Market, was $0.28 per share. There is no established public trading market for the Pre-Funded Warrants or the Common Warrants, and we do not expect a market to develop. We do not intend to",https://www.sec.gov/Archives/edgar/data/1651721/000119312526250992/gipr-20260601.htm
0001213900-24-080860,GLE,424B4,2024-09-23 09:44:38,,sin frase,,,,,https://www.sec.gov/Archives/edgar/data/1908705/000121390024080860/ea0215262-424b4_global.htm
0001829126-26-004054,GLND,424B4,2026-04-28 18:57:14,,sin frase,,,,,https://www.sec.gov/Archives/edgar/data/2093507/000182912626004054/greenlandenergy_424b4.htm
0001213900-20-028598,GLSI,424B4,2020-09-28 11:35:27,5.75,patron0," with this offering as a result of the anti -dilution protection set forth in our Amended and Restated Certificate of Incorporation, as amended; based upon the initial public offering price of $5.75 per share and • no exercise by the underwriters o",,,,https://www.sec.gov/Archives/edgar/data/1799788/000121390020028598/f424b40920_greenwichlifesci.htm
0001213900-24-078170,GLXG,424B4,2024-09-12 16:30:08,4.0,patron0,"is our ordinary shares, par value $0.000625 per share (“Ordinary Shares”). Prior to this offering, there has been no public market for our Ordinary Shares. The initial public offering price is $4.00 per Ordinary Share. Our Ordinary Shares have been approved",,,,https://www.sec.gov/Archives/edgar/data/1905920/000121390024078170/ea0214208-424b4_galaxy.htm
0001493152-25-014558,GMEX,424B5,2025-09-23 09:00:24,,ATM,,,,,https://www.sec.gov/Archives/edgar/data/1928581/000149315225014558/form424b5.htm
0001493152-25-025354,GMEX,424B5,2025-11-28 13:15:16,,ATM,,,,,https://www.sec.gov/Archives/edgar/data/1928581/000149315225025354/form424b5.htm
0001213900-24-000053,GMM,424B5,2024-01-02 08:01:31,7.25,patron0," per share of Global Mofy Metaverse Limited (“GMM”, the “Company”, “we”, “our”, “us”), together with warrants to purchase up to 2,068,970 ordinary shares, at a combined offering price of $7.25 per ordinary share and warrant. Each ordinary share will b",,,,https://www.sec.gov/Archives/edgar/data/1913749/000121390024000053/f424b51223_globalmofy.htm
0001213900-26-060808,GMM,424B5,2026-05-26 09:23:59,,sin frase,,,,,https://www.sec.gov/Archives/edgar/data/1913749/000121390026060808/ea0291630-424b5_global.htm
0001437749-20-000816,GNPX,424B5,2020-01-17 17:15:07,0.24,patron0,"e our securities. S-7 THE OFFERING Common stock offered by us 961,000 shares. Common stock to be outstanding immediately after this offering 20,229,841 shares. Public offering price $0.24 per share. Use of proceeds We estimate the net pr",2020-01-16,0.36,"d into with the Purchaser (the “Purchase Agreement”). Our common stock is listed on The Nasdaq Capital Market under the symbol “GNPX”. On January 16, 2020, the last reported sale price of our common stock on The Nasdaq Capital Market was $0.36 per share. As of January 16, 2020, the aggregate market value of our outstanding common stock held by non-affiliates was approximately $10,567,359 based on 19,268,841 outstanding shares of common stoc",https://www.sec.gov/Archives/edgar/data/1595248/000143774920000816/gnpx20200110_424b5.htm
0001437749-20-003048,GNPX,424B5,2020-02-19 17:30:48,3.5,patron1,"res of our common stock, par value $0.001 per share, pursuant to this prospectus supplement and the accompanying prospectus and a securities purchase agreement at a price of $3.50 per share. Our common stock is listed on The Nasd",2020-02-18,4.9,"es purchase agreement at a price of $3.50 per share. Our common stock is listed on The Nasdaq Capital Market under the symbol “GNPX”. On February 18, 2020, the last reported sale price of our common stock on The Nasdaq Capital Market was $4.90 per share. We have retained A.G.P./Alliance Global Partners as lead placement agent and Joseph Gunnar & Company, LLC to act as co-placement agent (the ""placement agents"") in connection with this offer",https://www.sec.gov/Archives/edgar/data/1595248/000143774920003048/gnpx20200219_424b5.htm
0001641172-25-001211,GNTA,424B5,2025-03-28 16:30:29,,sin frase,,,,,https://www.sec.gov/Archives/edgar/data/1838716/000164117225001211/form424b5.htm
0001493152-26-003684,GNTA,424B5,2026-01-27 06:10:58,,sin frase,,2026-01-26,1.3,"remaining amount available to be sold under the prospectus supplement. The ADSs are listed on the Nasdaq Capital Market (“Nasdaq”) under the symbol “GNTA.” The last reported sale price of the ADSs on the Nasdaq on January 26, 2026 was $1.30 per ADS. The trading price of the ADSs has fluctuated and is likely to continue to fluctuate due to a variety of factors. We are an “emerging growth company” as defined in Section 2(a) of the Securities ",https://www.sec.gov/Archives/edgar/data/1838716/000149315226003684/form424b5.htm
0001437749-20-020364,GOVX,424B4,2020-09-28 16:56:01,5.0,patron0,"s to Purchase Common Stock We are offering 2,560,000 units consisting of one common share and one warrant to purchase one share of common stock (“Units”) at an offering price of $5.00 per Unit. Each warrant will be immediately exerc",,,,https://www.sec.gov/Archives/edgar/data/832489/000143774920020364/govx20200927_424b4.htm
0001437749-21-002515,GOVX,424B5,2021-02-11 09:17:26,6.25,patron2,"nformation contained on our website does not form a part of this prospectus. Summary of the Offering Issuer: GeoVax Labs, Inc. Securities offered: Common stock Public offering price: $6.25 per share (1) Number of shares of common stock of",2021-02-08,7.48,"value $0.001 per share, at $6.25 per share. Our common stock is presently traded on the Nasdaq Capital Market under the symbol “GOVX.” On February 8, 2021, the last reported sale price for our common stock was $7.48 per share. The offering is being underwritten on a firm commitment basis. We have granted the underwriter an option to buy up to an additional 204,000 shares of common stock to cover over-allotments. The underwriter may exercise",https://www.sec.gov/Archives/edgar/data/832489/000143774921002515/govx20210210b_424b5.htm
0001437749-22-013739,GOVX,424B5,2022-05-27 08:49:19,,sin frase,,2022-05-24,2.29,"under the Securities Purchase Agreement is $5,000,001.60. Our Common Stock is listed on the Nasdaq Capital Market under the symbol “GOVX.” On May 24, 2022, the last reported sale price for our Common Stock on the Nasdaq Capital Market was $2.29 per share. We do not intend to apply for the listing of the Pre-Funded Warrants on any national securities exchange or other trading market. As of May 24, 2022, the aggregate market value of our outs",https://www.sec.gov/Archives/edgar/data/832489/000143774922013739/govx20220526_424b5.htm
0001437749-26-004267,GOVX,424B5,2026-02-17 10:33:35,,sin frase,,2026-02-12,2.31,"curities Act and Rule 506(b) promulgated thereunder. Our common stock is listed on the Nasdaq Capital Market under the symbol “GOVX.” On February 12, 2026, the last reported sale price for our common stock on the Nasdaq Capital Market was $2.31 per share. We do not intend to apply for the listing of the Pre-Funded Warrants or the Common Warrants (together, the Warrants) on any national securities exchange or other trading market. As of Febr",https://www.sec.gov/Archives/edgar/data/832489/000143774926004267/govx20260216_424b5.htm
0001213900-25-110423,GP,424B5,2025-11-14 09:19:12,,ATM,,,,,https://www.sec.gov/Archives/edgar/data/1584547/000121390025110423/ea026572902-424b5_greenpower.htm
0001104659-23-010729,GPCR,424B4,2023-02-03 17:51:43,15.0,patron0,"are. Each ADS represents three ordinary shares. This is our initial public offering, and no public market currently exists for our ADSs or ordinary shares. The initial public offering price is $15.00 per ADS. The ADSs have been approved for listin",,,,https://www.sec.gov/Archives/edgar/data/1888886/000110465923010729/tm225197-16_424b4.htm
0001214659-19-005031,GPUS,424B5,2019-08-06 16:52:59,17.6,patron0,"with a number of Common Warrants to purchase 317,500 shares of common stock (the “April 2019 Offering”). The Offering Shares were sold to the purchasers at the public offering price of $17.60 per share (the “Offering Price”). The Common Warr",,,,https://www.sec.gov/Archives/edgar/data/896493/000121465919005031/p85190424b5.htm
0001214659-23-008645,GPUS,424B5,2023-06-20 16:31:50,,ATM,,,,,https://www.sec.gov/Archives/edgar/data/896493/000121465923008645/x620232424b5.htm
0001214659-24-012647,GPUS,424B5,2024-07-19 06:05:24,,sin frase,,2024-07-18,0.2894,"e any proceeds from the issuance of Conversion Shares upon conversion of the Note. Our Common Stock is traded on the NYSE American under the symbol “AULT”. The last reported sale price for the common stock on the NYSE American on July 18, 2024 was $0.2894 per share. Delivery of the Note offered hereby is expected to be made on or about July 19, 2024, subject to satisfaction of customary closing conditions. As of July 18, 2024, the aggregate",https://www.sec.gov/Archives/edgar/data/896493/000121465924012647/s718241424b5.htm
0001104659-22-107444,GRDX,424B4,2022-10-11 08:12:42,1.745,patron0,"ed Warrants and Common Warrants We are offering 255,000 shares of common stock, together with common warrants to purchase 3,438,396 shares of common stock at a combined public offering price of $1.745 per share and common warrant (and the shares issu",2022-10-06,1.62,"n three trading days from the date of this prospectus. Our common stock is listed on The Nasdaq Capital Market under the symbol “FWBI.” On October 6, 2022, the last reported sale price of our common stock on The Nasdaq Capital Market was $1.62 per share. Effective as of 12:01 am Eastern Time on August 26, 2022, we filed an amendment to our Amended and Restated Certificate of Incorporation to effect a one-for-thirty reverse stock split of ou",https://www.sec.gov/Archives/edgar/data/1604191/000110465922107444/tm2227884d1_424b4.htm
0001824293-24-000092,GRI,424B5,2024-07-26 16:06:14,,ATM,,2024-07-25,1.27,"spectus supplement prior to making such additional sales. Our Common Stock is listed on the Nasdaq Capital Market under the symbol “GRI”. On July 25, 2024, the last reported sale price of our Common Stock on the Nasdaq Capital Market was $1.27 per share. Investing in our securities involves a high degree of risk. You should review carefully the risks and uncertainties under the heading “Risk Factors” on page 5 of the prospectus dated May 16",https://www.sec.gov/Archives/edgar/data/1824293/000182429324000092/gri-atmxprospectussuppleme.htm
0001824293-24-000158,GRI,424B5,2024-12-20 16:05:29,,ATM,,2024-12-19,0.77,"tus supplement prior to making such additional sales. Our Common Stock is listed on the Nasdaq Capital Market under the symbol “GRI”. On December 19, 2024, the last reported sale price of our Common Stock on the Nasdaq Capital Market was $0.77 per share. Investing in our securities involves a high degree of risk. You should review carefully the risks and uncertainties under the heading “Risk Factors” on page 5 of the prospectus dated May 16",https://www.sec.gov/Archives/edgar/data/1824293/000182429324000158/gri-atmxprospectussuppleme.htm
0001213900-26-094216,GRML,424B5,2026-08-27 10:49:59,5.0,patron0,"on in the net tangible book value of the common stock you purchase in this offering. After giving effect to the sale in this offering of our common stock at an offering price of $5.00 per share, and assuming the full exercise of the ",,,,https://www.sec.gov/Archives/edgar/data/1907223/000121390026094216/ea0303562-424b5_green.htm
0001366868-21-000026,GSAT,424B4,2021-03-30 16:53:18,,ATM,,2021-03-29,1.2,"ld by the Selling Stockholders. The Common Stock of Globalstar is listed on the New York Stock Exchange American (“NYSE American”) under the symbol “GSAT.” The last reported sale price of our Common Stock on March 29, 2021 was $1.20 per share. ________________________________ Investing in our Common Stock involves risks. See the sections entitled “Risk Factors” on page S- 6 of this prospectus supplement and on page 6 of the accompanying pro",https://www.sec.gov/Archives/edgar/data/1366868/000136686821000026/prospectussupplementmarch2.htm
0001213900-22-034524,GSUN,424B4,2022-06-23 11:40:42,4.0,patron0,"e offering on a firm commitment basis our Class A Ordinary Shares. Prior to this offering, there has been no public market for our Class A Ordinary Shares. The initial public offering price is $4.00 per Class A Ordinary Share. Our Class A Ordinary Sh",,,,https://www.sec.gov/Archives/edgar/data/1826376/000121390022034524/ea161908-424b4_goldensun.htm
0001213900-21-034742,GTEC,424B5,2021-06-29 17:02:14,8.16,patron0," prospectus supplement 857,844 ordinary shares (986,520 ordinary shares if the underwriter exercises its option to purchase additional ordinary shares in full) Offering Price US$8.16 per ordinary share Total ordinary shares outstanding befor",2021-06-25,9.07,"t a purchase price of US$8.16 per share. Our ordinary shares are listed on The Nasdaq Capital Market, or Nasdaq, under the symbol “GTEC.” On June 25, 2021, the last reported sale price of our ordinary shares on Nasdaq was US$9.07 per share. We are an “emerging growth company” as defined in the Jumpstart Our Business Act of 2012, as amended, and, as such, will be subject to reduced public company reporting requirements. The aggregate market ",https://www.sec.gov/Archives/edgar/data/1735041/000121390021034742/ea143438-424b5_greenlandtech.htm
0001213900-26-000329,GVH,424B5,2026-01-02 13:24:35,,sin frase,,2025-12-31,1.44,"of the Pre-Funded Warrants sold in this offering. The Ordinary Shares are listed on the Nasdaq Capital Market under the symbol “GVH.” On December 31, 2025, the last reported sale price of the Ordinary Shares on the Nasdaq Capital Market was $1.44 per share. There is no established trading market for the Pre-Funded Warrants, and we do not expect a market to develop. We do not intend to apply for a listing for such Pre-Funded Warrants on any ",https://www.sec.gov/Archives/edgar/data/1978527/000121390026000329/ea0271389-424b5_globavend.htm
0001493152-25-005782,GWAV,424B5,2025-02-11 06:20:36,0.3337,patron0,"nstitutional and accredited investors 21,100,000 shares of our common stock, par value $0.001 per share (“common stock”) in a registered direct offering, at an offering price of $ 0.3337 per share and accompanying Common Warrant (as def",,,,https://www.sec.gov/Archives/edgar/data/1589149/000149315225005782/form424b5.htm
0001628280-25-015699,GWH,424B5,2025-03-31 17:02:56,,ATM,,2025-03-28,2.3,"fter giving effect to the sale of our common stock in the maximum aggregate offering amount of $13,504,438 at an assumed offering price of $3.35 per share, the last reported sale price of our common stock on the NYSE on March 28, 2025 and after deducting estimated offering commissions and expenses payable by us, the net tangible book value of our common stock as of December 31, 2024 would have been $36.9 million, or $2.30 per share of commo",https://www.sec.gov/Archives/edgar/data/1819438/000162828025015699/essinc-424b5.htm
0001213900-23-012496,GXAI,424B4,2023-02-16 17:27:39,,sin frase,,,,,https://www.sec.gov/Archives/edgar/data/1895618/000121390023012496/f424b40223_thenftgaming.htm
0001213900-24-113224,GXAI,424B5,2024-12-30 06:03:36,3.0,patron0," have a material adverse effect on our business and could cause the price of our common stock to decline. You will experience substantial dilution. Based on an offering price of $3.00 per share, and a net tangible book value of $6.58",2024-12-26,3.58,"“Concurrent Private Placement” for more information. Our common stock is traded on The Nasdaq Capital Market under the symbol “GXAI.” On December 26, 2024, the last sale price of our common stock as reported on The Nasdaq Capital Market was $3.58 per share. As of December 26, 2024, the aggregate market value of our outstanding common stock held by non-affiliates was approximately $27,128,460 based on 5,576,784 outstanding shares of",https://www.sec.gov/Archives/edgar/data/1895618/000121390024113224/ea0226140-424b5_gaxosai.htm
0001213900-26-012367,GXAI,424B5,2026-02-04 17:11:57,,ATM,,2026-02-03,2.0,"tock previously sold pursuant to the Sales Agreement. Our common stock is listed on the Nasdaq Capital Market under the symbol “GXAI.” On February 3, 2026, the last reported sale price of our common stock was $2.00 per share. As of the date of this prospectus supplement, the aggregate market value of our common stock held by non-affiliates of our public float was approximately $16,833,442 based on a total number of 8,639,153 shares of commo",https://www.sec.gov/Archives/edgar/data/1895618/000121390026012367/ea0275510-424b5_gaxos.htm
0001213900-26-032409,GXAI,424B5,2026-03-20 16:57:20,,ATM,,2026-03-19,1.38," stock previously sold pursuant to the Sales Agreement. Our common stock is listed on the Nasdaq Capital Market under the symbol “GXAI.” On March 19, 2026, the last reported sale price of our common stock was $1.38 per share. As of the date of this prospectus supplement, the aggregate market value of our common stock held by non-affiliates of our public float was approximately $19,995,004 based on a total number of 10,219,934 shares of comm",https://www.sec.gov/Archives/edgar/data/1895618/000121390026032409/ea0282684-424b5_gaxos.htm
0001213900-26-054771,HAO,424B5,2026-05-12 09:10:22,0.25,patron0,"unded Warrants Haoxi Health Technology Limited We are offering 9,000,000 Class A ordinary shares, par value $0.0025 per share (“Class A Ordinary Shares”) at an offering price of $0.25 per share, and 16,999,998 pre-funded warrants (th",2026-05-11,0.045,"more information regarding these arrangements. The Class A Ordinary Shares are listed on the Nasdaq Capital Market under the symbol “HAO.” On May 11, 2026, the last reported sale price of the Class A Ordinary Shares on the Nasdaq Capital Market was $0.045 per share. The aggregate market value of our outstanding voting and non-voting common equities held by non-affiliates was approximately $93.66 million based on 58,538,638 Class A Ordinary ",https://www.sec.gov/Archives/edgar/data/1954594/000121390026054771/ea0290252-424b5_haoxi.htm
0001607062-21-000414,HCTI,424B4,2021-10-14 17:24:14,4.0,patron2,"kholder’s shares of common stock with the Securities and Exchange Commission. Prior to this offering, there has been no public market for our common stock. The public offering price of the shares in this offering is $4.00 per share. Our common stock has been approved for",,,,https://www.sec.gov/Archives/edgar/data/1839285/000160706221000414/hcti101421form424b4.htm
0001193125-21-220633,HCWB,424B4,2021-07-21 16:16:24,8.0,patron0,"ock This is the initial public offering of common stock of HCW Biologics Inc. Prior to this offering, there has been no public market for our common stock. The initial public offering price is $8.00 per share. Our common stock has been approved for",,,,https://www.sec.gov/Archives/edgar/data/1828673/000119312521220633/d39345d424b4.htm
0001193125-25-120468,HCWB,424B4,2025-05-15 10:27:18,7.45,patron0,"0001 per share (our “Common Stock”), and two warrants (each a “Common Stock Warrant” or “warrant”), each warrant to purchase one share of our Common Stock at a public offering price of $7.45 per Unit, for gross proceeds of approximately $5",,,,https://www.sec.gov/Archives/edgar/data/1828673/000119312525120468/d937560d424b4.htm
0001193125-26-059279,HCWB,424B4,2026-02-19 15:46:38,0.6055,patron0,"001 per share (our “Common Stock”), and one warrant (each a “Common Stock Warrant” or “warrant”), each warrant to purchase one shares of our Common Stock at an offering price of $0.6055 per Unit, for gross proceeds of approximately $1",,,,https://www.sec.gov/Archives/edgar/data/1828673/000119312526059279/d55258d424b4.htm
0001628280-18-000535,HIND,424B5,2018-01-22 16:41:49,5.5,patron0,"f their investment. If you purchase common stock in this offering, you will pay more for your shares than our net tangible book value per share. Based upon the public offering price of $5.50 per share, you will incur immediate and substanti",2018-01-18,6.14,"hares of its common stock to be sold in this offering. Our common stock is listed on The Nasdaq Global Market under the symbol “OBLN.” On January 18, 2018, the last reported sale price of our common stock on The Nasdaq Global Market was $6.14 per share. We are an “emerging growth company” as that term is used in the Jumpstart Our Business Startups Act of 2012 and, as such, have elected to comply with certain reduced public company reporting",https://www.sec.gov/Archives/edgar/data/1427570/000162828018000535/obalonfinalprospectussuppl.htm
0001427570-18-000099,HIND,424B5,2018-12-27 17:04:40,,ATM,,2018-12-26,1.55,"common stock outstanding prior to this offering. Assuming that an aggregate of 3,787,878 shares of our common stock are sold at a price of $2.64 per share, the last reported sale price of our common stock on The Nasdaq Global Market on December 26, 2018, for aggregate gross proceeds of $10.0 million, after deducting commissions and estimated aggregate offering expenses payable by us, you will experience immediate dilution of $1.55 per share",https://www.sec.gov/Archives/edgar/data/1427570/000142757018000099/oblnatmprospectussupplement.htm
0001104659-22-116326,HIND,424B5,2022-11-09 11:56:37,0.26,patron0,"re. Purchasers participating in this offering will incur immediate, substantial dilution. After giving effect to the sale of securities in this offering at the public offering price of $0.26 per share, and after deducting estimated offering",2022-11-07,0.2632,"e Securities Act and Rule 506(b) promulgated thereunder. Our common stock is traded on the Nasdaq Capital Market under the symbol “RSLS.” November 7, 2022, the closing price of our common stock was $0.2632 per share. There is no established public trading market for the Preferred Shares, the Pre-funded Warrants and the Common Warrants being offered in this offering, and we do not expect a market to develop. In addition, we do not",https://www.sec.gov/Archives/edgar/data/1427570/000110465922116326/tm2230111-1_424b5.htm
0001213900-25-079042,HIND,424B5,2025-08-20 17:21:13,,ATM,,2025-08-19,9.02,"ng as our sales agent or principal in accordance with the EDA, as amended. Our common stock is traded on The Nasdaq Capital Market under the symbol “HIND.” The closing price of our common stock on August 19, 2025 was $9.02 per share. Sales of our common stock, if any, under this prospectus supplement and accompanying prospectus may be made in sales deemed to be “at the market offerings” as defined in Rule 415 under the Securities",https://www.sec.gov/Archives/edgar/data/1427570/000121390025079042/ea0253965-424b5_vyome.htm
0001193125-22-194790,HKD,424B4,2022-07-15 14:17:31,,sin frase,,,,,https://www.sec.gov/Archives/edgar/data/1809691/000119312522194790/d943653d424b4.htm
0001213900-23-026702,HKIT,424B4,2023-04-04 06:06:38,,sin frase,,,,,https://www.sec.gov/Archives/edgar/data/1742341/000121390023026702/ea176392-424b4_hitekglobal.htm
0001213900-26-036372,HKIT,424B5,2026-03-30 18:14:46,0.03,patron0,"Act. S- 3 THE OFFERING Securities offered by us 1,500,000 Class A Ordinary Shares and Pre-Funded Warrants to purchase up to 98,500,000 Class A Ordinary Shares. Public offering price $0.03 per Class A Ordinary Share. $0.0299 per Pre-Funded ",2026-03-26,0.058,"l closings pursuant to Section 2.4 thereof. Our Class A Ordinary Shares are listed on The Nasdaq Capital Market under the symbol “HKIT.” On March 26, 2026, the last reported sale price of our Class A Ordinary Shares on The Nasdaq Capital Market was $0.0580 per share. We have engaged Univest Securities, LLC (the “Placement Agent”) as our placement agent in connection with this Offering. The Placement Agent has agreed to use its reasonable be",https://www.sec.gov/Archives/edgar/data/1742341/000121390026036372/ea0283951-424b5_hitek.htm
0001213900-23-024223,HLP,424B4,2023-03-29 19:37:49,,sin frase,,,,,https://www.sec.gov/Archives/edgar/data/1855557/000121390023024223/f424b40323_hongligroupinc.htm
0001829126-24-007088,HOLO,424B5,2024-10-30 06:17:42,,sin frase,,,,,https://www.sec.gov/Archives/edgar/data/1841209/000182912624007088/microcloud_424b5.htm
0001829126-25-004270,HOLO,424B5,2025-06-05 16:12:55,,sin frase,,,,,https://www.sec.gov/Archives/edgar/data/1841209/000182912625004270/microcloud_424b5.htm
0001193125-22-176461,HSCS,424B4,2022-06-17 15:54:46,4.25,patron0," in this offering. We are offering 1,500,000 Units. Prior to this offering, there has been no public market for shares of our Common Stock or the Warrants. The initial public offering price is $4.25 per Unit. We will not issue fractional shares in",,,,https://www.sec.gov/Archives/edgar/data/1468492/000119312522176461/d271308d424b4.htm
0001213900-25-070893,HSCS,424B5,2025-08-04 08:34:19,,ATM,,2025-07-31,3.12,"y time. Our common stock and our IPO Warrants are listed on the Nasdaq Capital Market under the symbols “HSCS” and “HSCSW,” respectively. On July 31, 2025, the last reported sale price of our common stock on Nasdaq Capital Market was $3.12 per share and the price of our warrants was $0.1184. Sales of our common stock, if any, under this prospectus supplement, will be made by any method permitted that is deemed an “at the market offering” as",https://www.sec.gov/Archives/edgar/data/1468492/000121390025070893/ea0251489-424b5_heart.htm
0001193125-21-325945,HSDT,424B5,2021-11-10 16:03:20,8.0,patron0,"o account any other changes in net tangible book value after September 30, 2021, and after giving effect to our sale in this offering of 1,204,375 shares, at a public offering price of $8.00 per share, excluding shares that may be issued up",2021-11-08,11.44,"ock, par value $0.001 per share (the “common stock”). Our common stock is listed on The Nasdaq Capital Market under the symbol “HSDT”. On November 8, 2021, the last reported sale price of our common stock as reported on The Nasdaq Capital Market was $11.44 per share. The aggregate market value of our outstanding common stock held by non-affiliates is approximately $33.3 million, based on 2,392,130 shares of our common stock outstanding as o",https://www.sec.gov/Archives/edgar/data/1610853/000119312521325945/d248905d424b5.htm
0001104659-24-058791,HSDT,424B4,2024-05-08 16:56:46,2.25,patron0, that we publicly announce that we have received reimbursement benefits in the United States of its PoNS device by the Centers for Medicare & Medicaid Service. Public Offering price $2.25 per share of Common Stock and accompanying Series,,,,https://www.sec.gov/Archives/edgar/data/1610853/000110465924058791/tm2411553-5_424b4.htm
0001104659-25-056970,HSDT,424B4,2025-06-05 20:00:49,3.27,patron0, will expire two and one-half (2.5) years after issuance. See “ Description of Securities we are Offering. ” We are offering each share and common warrant at a combined public offering price of $3.27 per share and accompanying common warrant. Under ,2025-06-04,3.27,"ants and common warrants, as the “securities.” Our common stock is listed on the Nasdaq Capital Market (“Nasdaq”) under the symbol “HSDT.” On June 4, 2025, the last reported sale price of our common stock on Nasdaq was $3.27 per share. There is no established trading market for the pre-funded warrants or common warrants, and we do not expect a market to develop. We do not intend to apply for a listing of the pre-funded warrants or common wa",https://www.sec.gov/Archives/edgar/data/1610853/000110465925056970/tm2512050-5_424b4.htm
0001104659-25-066159,HSDT,424B5,2025-07-07 17:00:56,163.5,patron0,"es of Common Stock (or common stock equivalents) and accompanying common warrants to purchase up to 55,372 shares of Common Stock (the “Common Warrants”), at a public offering price of $163.50 per share of Common Stock and accompanying common",2025-07-03,9.4,"he information contained in the Prior Prospectus Supplement. Our common stock trades on the Nasdaq Capital Market under the symbol “HSDT.” On July 3, 2025, the last reported sale price of our common stock on the Nasdaq Capital Market was $9.40 per share. We will pay the Agent commissions for its services in acting as agent in the sale of our common stock. The Agent will be entitled to compensation at a commission rate up to 3% of the aggreg",https://www.sec.gov/Archives/edgar/data/1610853/000110465925066159/tm2519791-1_424b5.htm
0001171843-23-004418,HTOO,424B5,2023-07-07 20:53:15,,ATM,,2023-05-19,3.87,"ur outstanding ordinary shares held by non-affiliates is $37,623,095, based on 9,721,730 shares of our outstanding ordinary shares held by non-affiliates and a last sale price on May 19, 2023 of $3.87 per ordinary share. During the 12 calendar months prior to, and including, the date of this Amendment, we have not sold any securities pursuant to General Instruction I.B.6 of Form S-3. We are filing this Amendment to update the amoun",https://www.sec.gov/Archives/edgar/data/1819794/000117184323004418/f424b5_061423.htm
0001818382-24-000023,HUMA,424B5,2024-03-01 16:05:40,3.0,patron0,"and the net tangible book value per share of our common stock. After giving effect to the sale of 13,400,000 shares of our common stock in this offering at the public offering price of $3.00 per share and based on our net tangible book valu",2024-02-28,4.4,"uant to this prospectus supplement. Our common stock is listed on the Nasdaq Global Select Market (“Nasdaq”) under the symbol “HUMA.” On February 28, 2024, the last reported sale price per share of our common stock was $4.40 per share. We are an “emerging growth company” and a “smaller reporting company” under applicable Securities and Exchange Commission (“SEC”) rules and, as such, have elected to comply with certain reduced public company",https://www.sec.gov/Archives/edgar/data/1818382/000181838224000023/huma022024final424b5.htm
0001213900-17-003727,HURA,424B5,2017-04-13 17:31:35,3.25,patron0,"g. After giving effect to the sale of 2,769,232 shares of our common stock and warrants to purchase 2,076,924 shares of our common stock in this offering, at a combined public offering price of $3.25 per share and related warrant, and after deductin",2017-04-12,4.07,"xercise of the warrants being offered in this offering. Our common stock is listed on The NASDAQ Capital Market under the symbol “DMPI.” On April 12, 2017, the last reported sale price of our common stock on The NASDAQ Capital Market was $4.07 per share. There is no established public trading market for the warrants, and we do not expect a market to develop. In addition, we do not intend to list the warrants on any securities exchange or ot",https://www.sec.gov/Archives/edgar/data/1498382/000121390017003727/f424b5041217_delmarpharma.htm
0001104659-21-069990,HYMC,424B4,2021-05-20 17:09:24,,sin frase,,2021-05-17,3.88," of issuance. Our Common Stock and our Warrants are listed on the Nasdaq Capital Market under the symbols “HYMC” and “HYMCL, respectively. On May 17, 2021, the closing price of our Common Stock was $3.88 per share and the closing price of our Warrants was $0.82. We are an “emerging growth company” under federal securities laws and are subject to reduced public company reporting requirements. Investing in our Common Stock involves",https://www.sec.gov/Archives/edgar/data/1718405/000110465921069990/tm2117145d5_424b4.htm
0001144204-18-065389,HYPD,424B4,2018-12-19 16:06:16,2.45,patron0,"full). Use of proceeds We estimate that the net proceeds from the sale of our common stock sold in this offering will be approximately $2.7 million, based on a public offering price of $2.45 per share, after deducting the underwriting disco",,,,https://www.sec.gov/Archives/edgar/data/1682639/000114420418065389/tv509062-424b4.htm
0001104659-25-035997,HYPD,424B5,2025-04-17 16:01:55,,sin frase,,2025-04-16,1.07," of up to $1,816,756 from time to time through Chardan. Our common stock is listed on The Nasdaq Capital Market under the symbol “EYEN.” On April 16, 2025, the last reported sale price of our common stock on The Nasdaq Capital Market was $1.07 per share. Investing in our securities involves a high degree of risk. See “Risk Factors” beginning on page S-6 of the Prospectus, the “Risk Factors” section in our most recent Annual Report on Form 1",https://www.sec.gov/Archives/edgar/data/1682639/000110465925035997/tm258132d2_424b5.htm
0001731122-24-001503,IBG,424B4,2024-09-27 10:46:24,4.0,patron1,": ● 10,582 shares on January 17, 2024 to Clive Coleman (Company’s officer) as stock compensation for the first quarter of 2024, having a fair value of $42,328 (at a price of $4.00 per share); ● 47,460 and 8,542 shares to Dean Hug",,,,https://www.sec.gov/Archives/edgar/data/1924482/000173112224001503/e5988_424b4.htm
0001104659-19-056978,IBIO,424B4,2019-10-28 17:22:20,,sin frase,,2019-10-24,0.37," holders of such Series C Preferred Shares or holders of Warrants convert their shares, or exercise their Warrants, into common stock. On October 24, 2019, the last reported sale price of our common stock, as reported on the NYSE American, was $0.37 per share. The Series C Preferred Shares will be convertible into an aggregate total of 22,550,000 shares of common stock. There is no established trading market for the Series C Preferred Share",https://www.sec.gov/Archives/edgar/data/1420720/000110465919056978/tv531230_424b4.htm
0001104659-20-036304,IBIO,424B5,2020-03-20 06:56:33,1.6,patron1,"shares of our common stock outstanding as of June 30, 2019. S- 10 After giving effect to the sales of (a) an aggregate of 31,250,000 shares of our common stock at a price of $1.60 per share, the last reported sale price of our co",,,,https://www.sec.gov/Archives/edgar/data/1420720/000110465920036304/tm2013263d1_424b5.htm
0001104659-20-074240,IBIO,424B5,2020-06-17 17:24:40,1.4,patron1,"r common stock subsequent to March 31, 2020 upon exercise of options. After giving effect to the sales of an aggregate of 32,142,857 shares of our common stock at a price of $1.40 per share, the last reported sale price of our co",,,,https://www.sec.gov/Archives/edgar/data/1420720/000110465920074240/tm2022685-1_424b5.htm
0001104659-22-125487,IBIO,424B5,2022-12-08 16:10:32,1.039,patron0,"res of our Common Stock and/or Series A and Series B Warrants together to purchase up to an aggregate of 1,009,614 additional shares of our Common Stock at the public offering price of $1.039 per share of Common Stock and $0.005 per warrant,",2022-12-06,1.6,"Pre-Funded Warrants being offered. Our common stock is listed on the NYSE American LLC, or the NYSE American, under the symbol “IBIO.” On December 6, 2022, the last reported sale price of the Common Stock on the NYSE American was $1.60 per share. There is no established public trading market for the Warrants or the Pre-Funded Warrants and we do not expect a market to develop. In addition, we do not intend to apply for listing of the Warrant",https://www.sec.gov/Archives/edgar/data/1420720/000110465922125487/tm2232257d1_424b5.htm
0001104659-23-088151,IBIO,424B5,2023-08-07 09:29:44,,sin frase,,2023-08-04,0.5,"pplements carefully before you make an investment decision. Our common stock is listed on the NYSE American LLC under the symbol “IBIO.” On August 4, 2023, the last reported sale price of our common stock on the NYSE American LLC was $0.50 per share. Investing in our securities involves a high degree of risk. See “Risk Factors” in the Original Prospectus and documents incorporated therein by reference for a discussion of such risk factors, ",https://www.sec.gov/Archives/edgar/data/1420720/000110465923088151/tm2322957d1_424b5.htm
0001104659-25-081413,IBIO,424B5,2025-08-21 16:07:10,,sin frase,,2025-08-18,0.7428,"ants. See “Description of Securities We Are Offering.” Our common stock is listed on the Nasdaq Capital Market under the symbol “IBIO.” On August 18, 2025, the last reported sale price of our common stock on the Nasdaq Capital Market was $0.7428 per share. There is no established public trading market for the warrants and we do not expect a market to develop. We do not intend to list the warrants on the Nasdaq Capital Market, any other nati",https://www.sec.gov/Archives/edgar/data/1420720/000110465925081413/tm2523705d2_424b5.htm
0001493152-24-036520,IBO,424B4,2024-09-17 06:06:28,3.0,patron2,"s Common Stock This is a firm commitment public offering of 1,500,000 shares of common stock of Impact BioMedical, Inc. (the “Company”, “we”, “us”, “our”). The public offering price of our common stock will be $3.00 per share. Prior to this offering, no public mark",,,,https://www.sec.gov/Archives/edgar/data/1834105/000149315224036520/form424b4.htm
0001213900-22-082236,ICCM,424B5,2022-12-22 16:54:16,1.65,patron0,"S- 2 The Offering Ordinary Shares offered by us 8,787,880 shares. Ordinary Shares to be outstanding immediately after this offering 45,623,434 Ordinary Shares. Offering price $1.65 per share. Use of proceeds We intend to use the n",2022-12-20,2.6,"y Shares offered by this prospectus. Our Ordinary Shares are traded on the Nasdaq Capital Market, or Nasdaq, under the symbol “ICCM.” On December 20, 2022, the last reported sale price of our Ordinary Shares on Nasdaq was $2.60 per share. Our Ordinary Shares are also listed on the Tel Aviv Stock Exchange, or TASE, under the symbol “ICCM.” On December 20, 2022, the aggregate market value of our Ordinary Shares held by non-affiliates was appr",https://www.sec.gov/Archives/edgar/data/1584371/000121390022082236/ea170763-424b5_icecuremed.htm
0001140361-25-001854,ICON,424B4,2025-01-24 09:07:43,1.31,patron0,"g of one share of our common stock, par value $0.001 per share (“Common Shares”) and one Class A Warrant (each, a “Warrant”) to purchase one Common Share, at a public offering price of $1.31 per Unit, based upon the closing price of our Co",2025-01-22,1.31,"ill be decreased on a one-for-one basis. Our Common Shares are listed on the Nasdaq Capital Market (“Nasdaq”) under the symbol “ICON.” On January 22, 2025, the last reported sale price of our Common Shares on the Nasdaq Capital Market was $1.31 per share. All Common Share, Pre-funded Warrant and Warrant numbers are based on a combined public offering price of $1.31 per Unit. There is no established trading market for the Pre-funded Warrants",https://www.sec.gov/Archives/edgar/data/1995574/000114036125001854/ny20040020x8_424b4.htm
0001731122-23-002281,IFBD,424B5,2023-12-22 17:01:25,,sin frase,,,,,https://www.sec.gov/Archives/edgar/data/1815566/000173112223002281/e5285_424b5.htm
0001185185-17-002661,IGC,424B5,2017-12-21 19:36:57,,ATM,,2017-12-20,0.67,"ection with a prior “at-the-market” financing facility. Our shares of common stock trade on the NYSE American under the symbol “IGC.” On December 20, 2017, the last reported sale price of our common stock as reported on the NYSE American was $0.67 per share. Investing in our common stock involves risks. Before investing in our common stock, you should carefully consider the risk factors described in “Risk Factors” in this prospectus supplem",https://www.sec.gov/Archives/edgar/data/1326205/000118518517002661/indiaglobal424b5_2-122117.htm
0001185185-18-001786,IGC,424B5,2018-10-02 13:51:28,,ATM,,2018-09-28,6.45,"ion regarding the Managers’ compensation and expenses. Our shares of common stock trade on the NYSE American under the symbol “IGC.” On September 28, 2018, the last reported sale price of our common stock as reported on the NYSE American was $6.45 per share. Investing in our common stock involves risks. Before investing in our common stock, you should carefully consider the risk factors described in “Risk Factors” in this prospectus supplem",https://www.sec.gov/Archives/edgar/data/1326205/000118518518001786/indiaglob20181002d_424b5.htm
0001185185-21-000079,IGC,424B5,2021-01-13 17:19:34,,ATM,,2021-01-08,1.81,"mation regarding the Manager’s compensation and expenses. Our shares of common stock trade on the NYSE American under the symbol “IGC.” On January 8, 2021, the last reported sale price of our common stock as reported on the NYSE American was $1.81 per share. Investing in our securities involves a high degree of risk. Before investing in our securities , you should carefully consider the risk factors described in “Risk Factors” in this prosp",https://www.sec.gov/Archives/edgar/data/1326205/000118518521000079/indiaglob20210111_424b5.htm
0001493152-18-010595,IMDX,424B5,2018-07-27 17:31:47,2.86,patron0," common stock, investors in this offering will suffer immediate and substantial dilution in the net tangible book value per share of common stock. Based on the public offering price of $2.86 per unit, if you purchase securities in this off",2018-07-26,2.85,"ial exercisability, and will expire five years from the date of initial exercisability. Our common stock is listed on NYSE American under the symbol “OCX.” The last reported sale price of our common stock on July 26, 2018 was $2.85 per share. We do not intend to list the warrants on the NYSE American, any other national securities exchange or any other nationally recognized trading system. As of the date of this prospectus supplement, the a",https://www.sec.gov/Archives/edgar/data/1642380/000149315218010595/form424b5.htm
0001493152-20-007177,IMDX,424B5,2020-04-27 17:27:52,2.27,patron0,"this offering, investors in this offering will suffer immediate and substantial dilution in the net tangible book value per share of common stock. Based on the public offering price of $2.27 per share in this offering, if you purchase secur",2020-04-23,2.27,"ach share of our common stock is being sold at a purchase price of $2.27 per share. Our common stock is listed on the NYSE American under the symbol “OCX.” The last reported sale price of our common stock on April 23, 2020 was $2.27 per share. We are an “emerging growth company” as that term is used in the Jumpstart Our Business Startups Act of 2012, or the JOBS Act, and, as such, have elected to comply with certain reduced public company r",https://www.sec.gov/Archives/edgar/data/1642380/000149315220007177/form424b5.htm
0001493152-21-031880,IMMX,424B4,2021-12-17 16:55:05,5.0,patron2,"c offering of 4,200,000 shares of Immix Biopharma, Inc. common stock. Prior to this offering, there has been no public market for our common stock. The initial public offering price of our common stock is $5.00 per share. We have been approved to list our shar",,,,https://www.sec.gov/Archives/edgar/data/1873835/000149315221031880/form424b4.htm
0001104659-20-112273,IMNM,424B4,2020-10-05 17:10:11,12.0,patron0,"shares of common stock. This is the initial public offering of our common stock and prior to this offering, there has been no public market for our shares. The initial public offering price is $12.00 per share. Our common stock has been approved for",,,,https://www.sec.gov/Archives/edgar/data/1472012/000110465920112273/tm2025599-8_424b4.htm
0001104659-23-033089,IMNM,424B5,2023-03-16 08:34:08,,sin frase,,2023-03-15,4.71,"nt in accordance with the terms of the sales agreement. Our common stock is listed on The Nasdaq Capital Market under the symbol “IMNM.” On March 15, 2023, the last reported sale price of our common stock on The Nasdaq Capital Market was $4.71 per share. Investing in our securities involves risks. You should read this prospectus supplement and the documents we incorporate herein by reference carefully before you make your investment decisio",https://www.sec.gov/Archives/edgar/data/1472012/000110465923033089/tm239583d3_424b5.htm
0001437749-17-002620,IMNN,424B4,2017-02-15 21:03:19,0.22,patron0,exercise of the base warrants). Each share of our common stock is being sold together with a base warrant to purchase 0.75 of a share of our common stock for a public offering price of $0.22 per share and $0.01 per base warrant. Each base w,2017-02-14,0.33,"d pre-funded warrants sold. Our common stock is listed on The NASDAQ Capital Market (“NASDAQ”) under the symbol “CLSN.” On February 14, 2017, the last reported closing sale price of our common stock on NASDAQ was $0.33 per share. There is no established trading market for the base warrants or the pre-funded warrants. We do not plan on applying to list the base warrants or the pre-funded warrants on NASDAQ, any national securities exch",https://www.sec.gov/Archives/edgar/data/749647/000143774917002620/clsn20170215_424b4.htm
0001437749-17-017782,IMNN,424B5,2017-10-30 09:01:08,2.5,patron0," warrants to purchase up to 1,320,000 shares of our common stock. Each share of our common stock is being sold together with 0.5 warrants (the “Warrants”) at a combined offering price of $2.50 per unit, with each whole Warrant being exercisa",2017-09-30,1.0,"As of September 30, 2017, we had stockholders’ equity of approximately $5.3 million. On December 15, 2016, we received a letter from NASDAQ indicating that the closing bid price of our common stock fell below $1.00 per share for the previous 30 consecutive business days, and that we are therefore not in compliance with the minimum bid price requirement for continued inclusion on The NASDAQ Capital Market and our common stock could be",https://www.sec.gov/Archives/edgar/data/749647/000143774917017782/clsn20171027_424b5.htm
0001493152-20-017363,IMNN,424B5,2020-09-08 08:10:23,1.0,patron1,commitment to purchase shares of our common stock under the Purchase Agreement. Lincoln Park also made an initial purchase of $1.0 million of our common stock (at a price of $1.00 per share) on the date of this prospectus supplem,2020-09-04,0.78,"with the issuance of the shares of our common stock. Our common stock is listed on The Nasdaq Capital Market under the symbol “CLSN”. On September 4, 2020, the last reported sale price of our common stock on The Nasdaq Capital Market was $0.78 per share. Investing in our securities involves a high degree of risk. See “Risk Factors” beginning on page S-11 of this prospectus supplement and in the documents incorporated by reference in this pr",https://www.sec.gov/Archives/edgar/data/749647/000149315220017363/form424b5.htm
0001493152-24-034712,IMNN,424B5,2024-09-03 07:52:09,,ATM,,2024-08-30,1.15,"prospectus supplement and the accompanying prospectus. Our common stock is listed on The Nasdaq Capital Market under the symbol “IMNN”. On August 30, 2024, the last reported sale price of our common stock on The Nasdaq Capital Market was $1.15 per share. The aggregate market value of our voting and non-voting common stock held by non-affiliates pursuant to General Instruction I.B.6. of Form S-3 is $47,539,604, which was calculated based on ",https://www.sec.gov/Archives/edgar/data/749647/000149315224034712/form424b5.htm
0001193125-21-338514,IMPP,424B1,2021-11-23 16:28:17,,ATM,,,,,https://www.sec.gov/Archives/edgar/data/1876581/000119312521338514/d195453d424b1.htm
0001615774-17-003120,IMRN,424B4,2017-06-13 10:16:41,10.0,patron0,"to read the deposit agreement, which is an exhibit to the registration statement to which this prospectus forms a part. Depositary The Bank of New York Mellon. Offering Price $10.00 per ADS and Warrant. See “Underwriting” for a d",2017-06-07,0.5," the symbol “IMRN” and “IMRNW”, respectively. Our ordinary shares are listed on the Australian Securities Exchange under the symbol “IMC.” On June 7, 2017, the closing price of our ordinary shares on the Australian Securities Exchange was AUD$0.50 per ordinary share, equivalent to $15.08 per ADS based on an exchange rate of AUD$1.00 to $0.7540 (as published by the Reserve Bank of Australia as of June 7, 2017). We are an “emerging",https://www.sec.gov/Archives/edgar/data/1660046/000161577417003120/s106528_424b4.htm
0001615774-19-008427,IMRN,424B5,2019-05-24 19:47:28,4.0,patron0,"gible book value per share of ADSs, you will suffer substantial dilution in the net tangible book value of the ADSs you purchase in this offering. Based on the public offering price of $4.00 per ADS, if you purchase ADSs in this offering,",2019-05-23,0.19," ADS Warrant, respectively. Our ordinary shares are currently listed on the Australian Securities Exchange (“ASX”) under the symbol “IMC”. On May 23, 2019, the last reported price of our ordinary shares on the ASX was A$0.19 per ordinary share. The aggregate market value of our outstanding ordinary shares held by non-affiliates as of the date of this prospectus supplement was approximately $20,480,322, based on 143,215,706 ordinary sha",https://www.sec.gov/Archives/edgar/data/1660046/000161577419008427/s118533_424b5.htm
0001213900-19-012981,IMRN,424B5,2019-07-17 16:20:24,4.0,patron0,"gible book value per share of ADSs, you will suffer substantial dilution in the net tangible book value of the ADSs you purchase in this offering. Based on the public offering price of $4.00 per ADS, if you purchase ADSs in this offering,",2019-07-16,4.3,"nd warrants to purchase ADSs (“ADS Warrants”) are listed on The Nasdaq Capital Market under the symbols “IMRN” and “IMRNW,” respectively. On July 16, 2019, the last reported price of the ADSs and ADS Warrants on The Nasdaq Capital Market was $4.30 per ADS and $1.64 per ADS Warrant, respectively. Our ordinary shares are currently listed on the Australian Securities Exchange (“ASX”) under the symbol “IMC”. On July 16, 2019, the last repo",https://www.sec.gov/Archives/edgar/data/1660046/000121390019012981/f424b5071619b_immuronlimit.htm
0001213900-25-095883,IMRN,424B5,2025-10-03 09:58:21,,ATM,,2025-10-02,2.06,"are listed on The Nasdaq Capital Market under the symbol “IMRN.” Each ADS represents 40 of our ordinary shares, no par value per share. On October 2, 2025, the last reported price of our ADSs on The Nasdaq Capital Market was $2.06 per ADS. Our ordinary shares are currently listed on the Australian Securities Exchange, or ASX, under the symbol “IMC.” On October 2, 2025, the last reported price of our ordinary shares on the ASX was A$0.0",https://www.sec.gov/Archives/edgar/data/1660046/000121390025095883/ea0260180-424b5_immuron.htm
0001668438-20-000005,IMTE,424B5,2020-02-24 16:00:22,6.3,patron0,"hare of our ordinary shares outstanding immediately following the completion of this offering. Therefore, if you purchase ordinary shares in this offering at a public offering price of US$6.30 per share, you will experience immediate dilution",2020-02-19,6.4,". Our ordinary shares are listed on The Nasdaq Capital Market (""Nasdaq"") under the symbol ""IMTE"" and the Shares sold in this offering will trade on Nasdaq. The closing price of our ordinary shares on Nasdaq on February 19, 2020 was US$6.40 per share. There is no established market for the Warrants and we do not intend to apply for a listing of the Warrants on any securities exchange; however, the ordinary shares underlying the Wa",https://www.sec.gov/Archives/edgar/data/1668438/000166843820000005/s3-022420imt.htm
0001193125-22-220140,INAB,424B4,2022-08-12 19:15:48,1.9,patron0," of Contents Filed Pursuant to Rule 424(b)(4) Registration No. 333-266620 PROSPECTUS 5,394,737 Shares We are offering 5,394,737 shares of our common stock at a public offering price of $1.90 per share. Our common stock is listed on the Nasd",,,,https://www.sec.gov/Archives/edgar/data/1740279/000119312522220140/d251917d424b4.htm
0001493152-23-035269,INBS,424B4,2023-10-03 16:52:00,0.55,patron0,"spectus (“prospectus”) relates to the offering of 1,544,004 Class A Units of Intelligent Bio Solutions, Inc., a Delaware corporation (the “Class A Units”) at a public offering price of $0.55 per Class A Unit. Each Class A Unit consists of one",,,,https://www.sec.gov/Archives/edgar/data/1725430/000149315223035269/form-424b4.htm
0001493152-25-012530,INDP,424B5,2025-09-02 09:14:20,,ATM,,2025-08-25,4.343,"mmon stock during the term of the Offering Agreement with Wainwright in the aggregate amount of $2,340,000 at an assumed offering price of $7.07 per share, the last reported sale price of our common stock on the Nasdaq Capital Market on August 25, 2025, and after deducting commissions and estimated aggregate offering expenses payable by us, our net tangible book value as of June 30, 2025 would have been $7.1 million, or $4.343 per share of ",https://www.sec.gov/Archives/edgar/data/1857044/000149315225012530/form424b5.htm
0001493152-24-042099,INEO,424B4,2024-10-22 17:20:33,8.0,patron0,"nt Directors and neither our compensation committee nor our nomination committee is required to be comprised entirely of independent Directors. 11 The Offering Offering Price US$8.00 per Ordinary Share Ordinary Shares offered by us 875,000 O",,,,https://www.sec.gov/Archives/edgar/data/1933951/000149315224042099/form424b4.htm
0001193125-25-186417,INKT,424B5,2025-08-22 16:05:32,,sin frase,,2025-08-21,14.95,"5 of shares of common stock pursuant to the Agreement. Our common stock is listed on the Nasdaq Capital Market under the symbol “INKT”. On August 21, 2025, the last reported sale price of our common stock on the Nasdaq Capital Market was $14.95 per share. You should read carefully and consider the “Risk Factors” referenced on page S-5 of the ATM Prospectus and the risk factors described in other documents incorporated by reference herein. N",https://www.sec.gov/Archives/edgar/data/1840229/000119312525186417/d891898d424b5.htm
0001213900-26-027703,INLF,424B5,2026-03-13 16:31:08,,ATM,,2026-03-12,0.343,"page S-21 of this prospectus for more information. Our Class A Ordinary Shares is traded on The Nasdaq Capital Market (“ Nasdaq ”) under the symbol “INLF.” The closing price of our Class A Ordinary Shares on March 12, 2026, as reported by Nasdaq, was $0.343 per share. As of the date of this prospectus supplement, the aggregate market value of our outstanding voting and non-voting common equity held by persons other than affiliate",https://www.sec.gov/Archives/edgar/data/1991592/000121390026027703/ea0280367-424b5_inlif.htm
0001213900-26-039938,INM,424B5,2026-04-03 16:17:05,,ATM,,2026-04-01,0.67,", we have elected to comply with certain reduced public company reporting requirements for this prospectus supplement and future filings. On April 1, 2026, the closing price of our common shares was $0.67 per share (rounded to the nearest hundredths place). Sales of our common shares, if any, under this prospectus supplement will be made by any method permitted that is deemed an “at the market” offering as defined in Rule 415(a)(",https://www.sec.gov/Archives/edgar/data/1728328/000121390026039938/ea0284976-424b5_inmed.htm
0001213900-20-009374,INMB,424B5,2020-04-16 18:32:00,,ATM,,2020-04-15,1.0," $ 3.11 The table above assumes for illustrative purposes that an aggregate of 1,582,464 shares of our common stock are sold at a price of $4.22 per share, the last reported sale price of our common stock on Nasdaq on April 15, 2020, for aggregate gross proceeds of approximately $6,678,000. The shares sold in this offering, if any, will be sold from time to time at various prices. An increase of $1.00 per share in the price at which the sha",https://www.sec.gov/Archives/edgar/data/1711754/000121390020009374/ea120654-424b5_inmunebio.htm
0001213900-23-053470,INTS,424B4,2023-06-30 15:49:53,5.0,patron2,"es of our common stock, par value $0.0001 per share (“Common Stock”). Prior to this offering, there has been no public market for our Common Stock. The initial public offering price for our Common Stock is $5.00 per share. We have listed our Common Stock on the",,,,https://www.sec.gov/Archives/edgar/data/1567264/000121390023053470/f424b40223_intensitythera.htm
0001683168-24-005137,INTZ,424B1,2024-07-30 16:54:37,1.95,patron0,"Offering an aggregate of 1.3 million shares of its common stock, each of which is coupled with a warrant to purchase two shares of common stock at an aggregate offering price of $1.95 per share. None of the shares of common stock or ",,,,https://www.sec.gov/Archives/edgar/data/736012/000168316824005137/intrusion_424b1.htm
0001654954-18-005178,INUV,424B5,2018-05-14 09:29:41,,sin frase,,2018-05-10,0.96,"f our common stock, par value $0.001 per share, in this offering. Our common stock is traded on the NYSE American under the symbol “INUV.” On May 10, 2018, the last reported sale price of our common stock was $0.96 per share. The offering is being underwritten on a firm commitment basis. We have granted the underwriter an option to buy up to an additional 429,000 shares of common stock from it to cover over-allotments. The underwriter may e",https://www.sec.gov/Archives/edgar/data/829323/000165495418005178/inuv_424b5.htm
0001213900-25-030667,IOTR,424B4,2025-04-10 16:20:43,4.0,patron2,"oximately 1. 8 % of the total outstanding Ordinary Shares following completion of this offering, to the underwriter s pursuant to this prospectus. T he initial public offering price of the Ordinary Shares is $4.00 per share. In addition, the registration statemen",,,,https://www.sec.gov/Archives/edgar/data/1997637/000121390025030667/ea0200830-14.htm
0001140361-25-012357,IRD,424B5,2025-04-04 16:25:34,,sin frase,,,,,https://www.sec.gov/Archives/edgar/data/1228627/000114036125012357/ef20046936_424b5.htm
0001104659-21-082856,ISPC,424B4,2021-06-17 21:02:48,8.0,patron2," commitment initial public offering of common stock of iSpecimen Inc. Prior to this offering, there has been no public market for our common stock. The initial public offering price of our common stock is $8.00 per share. Our common stock has been approved for",,,,https://www.sec.gov/Archives/edgar/data/1558569/000110465921082856/tm2035427-20_424b4.htm
0001104659-24-030805,ISPC,424B5,2024-03-05 09:24:48,,ATM,,2024-03-04,0.4679,"n stock is listed on the Capital Market of The Nasdaq Stock Market LLC (“Nasdaq” or the “Nasdaq Capital Market”) under the symbol “ISPC.” On March 4, 2024, the last sale price of our common stock as reported on the Nasdaq Capital Market was $0.4679 per share. Sales of our common stock, if any, under this prospectus supplement and the accompanying base prospectus may be made in sales deemed to be “at the market offerings” as defined",https://www.sec.gov/Archives/edgar/data/1558569/000110465924030805/tm247835-1_424b5.htm
0001493152-25-008513,IVDA,424B5,2025-02-27 16:05:33,,ATM,,2025-02-26,2.35,"Nasdaq Capital Market (“NASDAQ”), under the symbol “IVDA” and our common stock warrants are quoted on NASDAQ under the symbol “IVDAW.” On February 26, 2025 the closing price of our common stock as reported on NASDAQ was $2.35 per share. Sales of shares of our common stock, if any, under this prospectus supplement may be made by any method deemed to be an “at the market offering” as defined in Rule 415(a)(4) under the Securities A",https://www.sec.gov/Archives/edgar/data/1397183/000149315225008513/form424b5.htm
0001185185-20-001587,IVF,424B4,2020-11-13 17:26:45,3.2,patron0,"necessary equipment. 5 Table of Contents THE OFFERING Common Stock being offered 3,625,000 shares of common stock, par value $0.0001 per share (“Common Stock”) Offering Price $3.20 per share Common Stock outstanding 4,953,910 shar",2020-11-09,5.7,"for 20 business days starting on November 9, 2020 to alert the public of the 5-8 reverse stock split effectuated on November 9, 2020). On November 6, 2020, the last reported sale price of our common stock was $5.70 per share. We have applied to list our common stock on the NASDAQ Capital Market under the symbol “INVO.” We have granted the underwriters an option to buy up to an additional 543,750 shares of common stock to cover over-allotmen",https://www.sec.gov/Archives/edgar/data/1417926/000118518520001587/invobio20201112_424b4.htm
0001493152-23-027029,IVF,424B4,2023-08-07 16:45:39,2.85,patron0,"consisting of one share of common stock, par value $0.0001per share (the “Common Stock”) and two warrants, each to purchase one share of our Common Stock at an public offering price of $2.85 per Unit. The warrants are exercisable from and ",2023-08-03,3.16,"arable and will be issued separately in this offering Our common stock is currently trading on the Nasdaq Capital Market (“Nasdaq”) under the symbol “INVO” The last reported sale price for our common stock as reported on Nasdaq on August 3, 2023 was $3.16 per share. We do not intend to apply to list the warrants on Nasdaq or any other national securities exchange or other nationally recognized trading system. Without an active trading marke",https://www.sec.gov/Archives/edgar/data/1417926/000149315223027029/form424b4.htm
0001493152-24-012002,IVF,424B5,2024-03-29 16:41:20,2.85,patron1,"her investors, pursuant to which we agreed to issue and sell to such investors in a public offering (the “August 2023 Offering”), 1,580,000 units (the “Units”) at a price of $2.85 per Unit, with each Unit consisting of (i) one s",2024-03-28,1.13,"l expire five years from the issuance date. Our common stock is listed on The Nasdaq Capital Market, or Nasdaq, under the symbol “INVO.” On March 28, 2024, the last reported sale price of our common stock on The Nasdaq Capital Market was $1.13 per share. As of March 4, 2024, the aggregate market value of our outstanding common stock held by non-affiliates, or our public float, was approximately $3,269,537, based on 2,594,871 outstanding sha",https://www.sec.gov/Archives/edgar/data/1417926/000149315224012002/form424b5.htm
0001493152-25-029789,IVF,424B4,2025-12-31 16:05:18,,sin frase,,2025-12-16,1.18," or other disposition by the Selling Stockholders of the Shares. Our Common Stock is listed on the Nasdaq Capital Market (“Nasdaq”) under the symbol “IVF”. The last reported sale price for our Common Stock as reported on Nasdaq on December 16, 2025 was $1.18 per share. Investing in our securities is highly speculative and involves a high degree of risk. You should carefully consider the risks and uncertainties described under the heading “R",https://www.sec.gov/Archives/edgar/data/1417926/000149315225029789/form424b4.htm
0001495231-18-000059,IZEA,424B5,2018-06-28 17:59:02,1.0,patron0,"te and substantial dilution as a result of this offering. After giving effect to the sale by us of 3,556,000 shares of our common stock in this offering at the public offering price of $1.00 per share, and after deducting the underwriting d",2018-06-27,1.05,"us supplement and the accompanying prospectus. Our shares of common stock are traded on the Nasdaq Capital Market under the symbol IZEA. On June 27, 2018 , the last reported sale price of our common stock was $1.05 per share. As of June 27, 2018 , the aggregate market value of our outstanding common stock held by non-affiliates, or public float, was approximately $10,670,434 , based on 4,659,578 shares of outstanding common stock held by no",https://www.sec.gov/Archives/edgar/data/1495231/000149523118000059/izeas-3finalsupp20180628.htm
0001495231-20-000075,IZEA,424B5,2020-06-04 16:11:49,,ATM,,2020-05-29,0.61,"shares of our common stock pursuant to such instruction. Our common stock is traded on The Nasdaq Capital Market, or the Exchange, under the symbol “IZEA.” The last reported sale price of our common stock on May 29, 2020 was approximately $0.61 per share. The sales agent will be entitled to compensation at a commission rate of up to 2% of the gross sales price per share sold. In connection with the sale of the common stock on our behalf, th",https://www.sec.gov/Archives/edgar/data/1495231/000149523120000075/izeas-3prosupp20200604.htm
0001193125-23-188936,JANX,424B5,2023-07-18 17:24:10,12.46,patron0,"our common stock outstanding prior to this offering. Therefore, if you purchase shares of our common stock or pre-funded warrants in this offering, based on an offering price of $12.46 per share and $12.459 per pre-funded warrant, res",2023-07-14,12.46,"upon the exercise of such pre-funded warrants. Our common stock is listed on the Nasdaq Global Market (“Nasdaq”) under the symbol “JANX.” On July 14, 2023, the last reported sale price of our common stock on Nasdaq was $12.46 per share. There is no established public trading market for the pre-funded warrants, and we do not expect a market to develop. We do not intend to list the pre-funded warrants on the Nasdaq Global Market or on any oth",https://www.sec.gov/Archives/edgar/data/1817713/000119312523188936/d530370d424b5.htm
0001104659-24-062423,JDZG,424B4,2024-05-16 13:39:53,4.0,patron0,"pany (“we,” “us,” “our,” “Jiade Cayman,” “our Company,” or the “Company”). Prior to this offering, there has been no public market for our Ordinary Shares. The initial public offering price is US$4.00 per Ordinary Share. The offering is being made on a “firm ",,,,https://www.sec.gov/Archives/edgar/data/1976908/000110465924062423/tm2321027-20_424b4.htm
0001641172-25-014455,JEM,424B4,2025-06-10 10:26:44,,sin frase,,,,,https://www.sec.gov/Archives/edgar/data/2018222/000164117225014455/form424b4.htm
0001213900-24-005795,JL,424B4,2024-01-23 16:58:22,5.0,patron2,"00 Underwriting discounts and commission to be paid by us (2) $ 0.35 $ 490,000 Proceeds, before expenses, to us (3) $ 4.65 $ 6,510,000 ____________ (1) Initial public offering price per Ordinary Share is US$5 per share. The table above assumes that the under",,,,https://www.sec.gov/Archives/edgar/data/1948436/000121390024005795/f424b40124_jlonggroup.htm
0001213900-22-071291,JSPR,424B5,2022-11-10 17:02:31,,ATM,,2022-11-09,0.65,"antor Fitzgerald, acting as sales agent or principal. Our Common Stock is listed on the Nasdaq Capital Market under the symbol “JSPR.” On November 9, 2022, the closing price of our Common Stock on the Nasdaq Capital Market was $0.65 per share. Sales of our Common Stock, if any, under this prospectus supplement and the accompanying prospectus may be made in sales deemed to be an “at the market offering” as defined in Rule 415(a)(4",https://www.sec.gov/Archives/edgar/data/1788028/000121390022071291/ea168363-424b5_jasperther.htm
0001493152-24-042570,JTAI,424B5,2024-10-28 06:00:17,,ATM,,2024-10-24,0.0812,"les Agreement in the section entitled “ Plan of Distribution ” in this prospectus supplement. Our common stock is traded on Nasdaq under the symbol “JTAI”. The last reported sale price of our common stock on October 24, 2024, was $0.0812 per share. Our principal executive offices are located at 10845 Griffith Peak Drive, Suite 200, Las Vegas, Nevada 89135. As of October 25, 2024, the aggregate market value of our outstanding common stock he",https://www.sec.gov/Archives/edgar/data/1861622/000149315224042570/form424b5.htm
0001213900-26-089480,JZ,424B5,2026-08-14 08:30:16,0.45,patron0," to reflect (i) the above; and (ii) the issuance and sale of 21,600,000,000 Class A Ordinary Shares represented by 12,000,000 ADSs by us in this offering at an offering price of US$0.45 per ADS, after deducting estimated offering exp",2026-08-12,2.49,"ADS represents 1,800 of our Class A ordinary shares, par value $0.0001 per share. . The ADSs are listed on the Nasdaq Capital Market under the symbol “JZ”. The last reported sale price of the ADSs on August 12, 2026 was US$2.49 per ADS. Jianzhi Education Technology Group Company Limited (“Jianzhi Education” or the “Company”) is a Cayman Islands holding company operating in China through its subsidiaries and contractual arrangements with var",https://www.sec.gov/Archives/edgar/data/1852440/000121390026089480/ea0300025-424b5_jianzhi.htm
0001213900-26-017964,JZXN,424B5,2026-02-18 16:30:38,0.4,patron1,"tors (collectively, the “Purchasers”) pursuant to which the Company agreed to sell to the Purchasers an aggregate of 30,000,000 Ordinary Shares, of the Company at a price of $0.4 per share and warrants to purchase an aggregate o",,,,https://www.sec.gov/Archives/edgar/data/1816172/000121390026017964/ea0277499-424b5_jiuzihold.htm
0001493152-24-036474,KAPA,424B4,2024-09-17 06:36:15,4.0,patron0,"nitial public offering of shares of common stock, par value $0.001 per share, of Kairos Pharma, Ltd. We are offering 1,550,000 shares of our common stock at an initial public offering price of $4.00 per share. Prior to this offering, there has been",,,,https://www.sec.gov/Archives/edgar/data/1962011/000149315224036474/form424b4.htm
0001477932-26-003671,KIDZ,424B5,2026-06-05 16:45:44,,ATM,,2026-04-07,3.37," our outstanding common stock held by non-affiliates is $37,374,172.83, based on 11,090,259 shares of our outstanding common stock held by non-affiliates and a last sale price of our common stock on April 7, 2026 of $3.37 per share. During the 12 calendar months prior to, and including, the date of this prospectus, we have sold $1,629,883.37 of shares of common stock pursuant to General Instruction I.B.6 of Form S-3. We are filing ",https://www.sec.gov/Archives/edgar/data/2022308/000147793226003671/class_424b5.htm
0001193125-25-322974,KOD,424B5,2025-12-17 17:27:33,23.0,patron0," our common stock in this offering, you will pay a price per share that substantially exceeds our net tangible book value per share after this offering. At the public offering price of $23.00 per share, purchasers of common stock in this off",2025-12-12,23.81," We are offering 6,956,522 shares of our common stock. Our common stock is listed on The Nasdaq Global Market under the symbol “KOD.” On December 12, 2025, the last reported sale price for our common stock on The Nasdaq Global Market was $23.81 per share. We are a “smaller reporting company” as defined under the federal securities laws and, as such, have elected to comply with certain reduced public company disclosure and reporting requirem",https://www.sec.gov/Archives/edgar/data/1468748/000119312525322974/d35710d424b5.htm
0001144204-16-110235,KPRX,424B5,2016-06-28 16:05:56,2.25,patron0,"tock you purchase in this offering or the common stock issuable upon the conversion of the Series A Preferred Stock you purchase in this offering. Based on the public offering price of $ 2.25 per share, assuming the conversion of all shares ",2016-06-27,2.52,"nts being issued in the concurrent private placement are not listed on any securities exchange and we do not expect to list the Warrants. On June 27, 2016, the closing price for our common stock, as reported on the NASDAQ Capital Market, was $2.52 per share. The aggregate market value of our outstanding voting common stock held by non-affiliates, based upon a closing sale price of our common stock of $3.75 per share on May 31, 20",https://www.sec.gov/Archives/edgar/data/1372514/000114420416110235/v443072_424b5.htm
0001104659-19-077331,KPRX,424B5,2019-12-31 16:28:45,10.0,patron0," common stock, you will suffer substantial dilution with respect to the net tangible book value of the common stock you purchase in this offering. Based on the offering price of $ 10.00 per share and a net tangible book value of our co",2019-12-30,12.2," and a stock purchase agreement with such investors. Our common stock is listed on The Nasdaq Capital Market under the symbol “EYEG.” On December 30, 2019, the closing price for our common stock, as reported on The Nasdaq Capital Market, was $12.20 per share. The aggregate market value of our outstanding voting common stock held by non-affiliates, based upon a closing sale price of our common stock of $12.20 per share on December",https://www.sec.gov/Archives/edgar/data/1372514/000110465919077331/tm1928421d1_424b5.htm
0001104659-22-082104,KPRX,424B1,2022-07-22 18:00:10,,sin frase,,2022-07-21,0.2457,"ants and any shares of Series E Preferred Stock that we issue are not and will not be listed for trading on The Nasdaq Capital Market. As of July 21, 2022, the closing price of our common stock on The Nasdaq Capital Market was $0.2457 per share. You should read this prospectus, together with additional information described under the headings “Incorporation of Certain Information by Reference” and “Where You Can Find More Informa",https://www.sec.gov/Archives/edgar/data/1372514/000110465922082104/tm2213136-10_424b1.htm
0001193125-25-115085,KRSA,424B5,2025-05-07 17:21:45,,ATM,,2025-05-06,3.05,"y Instruction I.B.6 are described in further detail below. Our common stock is traded on the Nasdaq Capital Market under the symbol “CYCN.” On May 6, 2025, the last reported sale price of our common stock was $3.05 per share. Sales of our common stock, if any, under this prospectus supplement and the accompanying prospectus will be made in sales deemed to be “at the market offerings” as defined in Rule 415(a)(4) promulgated under the Securi",https://www.sec.gov/Archives/edgar/data/1755237/000119312525115085/d71624d424b5.htm
0001193125-21-025862,KRYS,424B5,2021-02-02 16:13:25,,sin frase,,2021-02-01,68.93,"mmon Stock We are offering shares of our common stock. Our common stock is listed on the Nasdaq Capital Market under the symbol “KRYS.” On February 1, 2021 the last reported sale price of our common stock on the Nasdaq Capital Market was $68.93 per share. We are an “emerging growth company” under applicable Securities and Exchange Commission rules and are subject to reduced public company reporting requirements for this prospectus and futur",https://www.sec.gov/Archives/edgar/data/1711279/000119312521025862/d122803d424b5.htm
0001213900-21-048419,KTTA,424B4,2021-09-16 17:11:05,5.0,patron2,"ise of the Warrants) pursuant to this prospectus. Prior to this initial offering, there has been no public market for our Common Stock or Warrants. The initial public offering price of our Unit is $5.00 per Unit. Each Warrant has an exercise price of ",,,,https://www.sec.gov/Archives/edgar/data/1841330/000121390021048419/ea147515-424b4_pasitheather.htm
0001213900-24-102905,KTTA,424B5,2024-11-26 17:01:55,,ATM,,,,,https://www.sec.gov/Archives/edgar/data/1841330/000121390024102905/ea0222547-424b5_pasithea.htm
0001493152-19-011583,KUST,424B5,2019-08-05 09:18:23,,sin frase,,2019-08-02,1.4," any automated dealer quotation system. Our common stock is traded on The Nasdaq Capital Market, LLC (“Nasdaq”) under the symbol “DGLY”. On August 2, 2019, the closing price of our common stock was $1.40 per share. We intend to use the net proceeds received from the sale of the Registered Notes for working capital and general corporate purposes. We will not receive any additional proceeds if and when the Registered Notes are conv",https://www.sec.gov/Archives/edgar/data/1342958/000149315219011583/form424b5.htm
0001493152-20-006696,KUST,424B5,2020-04-20 06:22:19,,sin frase,,2020-04-17,0.92,"e for their quotation on any automated dealer quotation system. Our Common Stock is listed on The Nasdaq Capital Market (“Nasdaq”) under the symbol “DGLY.” The last reported sale price for our Common Stock on Nasdaq on April 17, 2020 was $0.92 per share. We intend to use the net proceeds received from the sale of the Registered Notes for working capital and general corporate purposes. We will not receive any additional proceeds if and when ",https://www.sec.gov/Archives/edgar/data/1342958/000149315220006696/form424b5.htm
0001641172-25-016976,KUST,424B4,2025-06-27 17:29:34,,ATM,,,,,https://www.sec.gov/Archives/edgar/data/1342958/000164117225016976/form424b4.htm
0001193125-17-113816,KYNB,424B5,2017-04-06 17:04:17,22.95,patron0,"se our common stock in this offering, you will incur an immediate dilution of $18.75 in net tangible book value per share from the price you paid, based on the public offering price of $22.95 per share. The exercise of outstanding options wi",2017-04-05,22.95,"common stock to be sold in this offering. Our common stock is quoted on the NASDAQ Global Select Market under the symbol “FGEN.” On April 5, 2017, the reported last sale price of our common stock on the NASDAQ Global Select Market was $22.95 per share. See “Risk Factors” on page S-6 of this prospectus supplement and the documents incorporated by reference into this prospectus supplement to read about factors you should consider bef",https://www.sec.gov/Archives/edgar/data/921299/000119312517113816/d326602d424b5.htm
0001193125-23-288370,KZIA,424B5,2023-12-04 16:05:17,1.23,patron0,"h equivalents and capitalization as of June 30, 2023: • on an actual basis; • on an as adjusted basis, to give effect to the sale of 832,026 ADSs at an average offering price of $1.23 per ADS between July 1, 2023 and October 1, 202",2023-11-30,0.56,"mains below $75.0 million. The ADSs representing our ordinary shares are listed on the Nasdaq Capital Market under the symbol “KZIA.” On November 30, 2023, the last reported sale price of the ADSs on Nasdaq was $0.56 per ADS. We are a “foreign private issuer”, as defined under the federal securities laws, and, as such, we will be subject to reduced public company reporting requirements for this prospectus supplement and future filings. See ",https://www.sec.gov/Archives/edgar/data/1075880/000119312523288370/d547914d424b5.htm
0001193125-25-005001,KZIA,424B5,2025-01-13 08:00:52,,ATM,,2025-01-08,1.69,"mains below US$75.0 million. The ADSs representing our ordinary shares are listed on the Nasdaq Capital Market under the symbol “KZIA.” On January 8, 2025, the last reported sale price of the ADSs on Nasdaq was $1.69 per ADS. We are a “foreign private issuer”, as defined under the federal securities laws, and, as such, we will be subject to reduced public company reporting requirements for this prospectus supplement and future filings. See ",https://www.sec.gov/Archives/edgar/data/1075880/000119312525005001/d853723d424b5.htm
0001213900-26-056648,LABT,424B4,2026-05-14 16:18:14,,sin frase,,2026-05-13,2.95,"Selling Stockholders may sell or dispose of their shares. Our Common Stock is traded on The Nasdaq Capital Market under the symbol “LABT.” On May 13, 2026, the last reported sale price of our Common Stock was $2.95 per share. We are an “emerging growth company” as defined under U.S. federal securities laws and, as such, have elected to comply with reduced public company reporting requirements. Investing in our common stock involves risks. S",https://www.sec.gov/Archives/edgar/data/2079272/000121390026056648/ea0290410-424b4_lakewood.htm
0001193805-23-000402,LAES,424B1,2023-03-29 09:58:15,,ATM,,,,,https://www.sec.gov/Archives/edgar/data/1951222/000119380523000402/e618405_424b1-sealsemi.htm
0001641172-25-004787,LCFY,424B5,2025-04-15 16:05:38,,ATM,,2025-04-14,3.97,"se our ordinary shares issued as part of our initial public offering (the “IPO Warrants”) are listed on Nasdaq under the symbol “LCFYW”. On April 14, 2025, the closing prices of our ordinary shares and IPO Warrants as reported on Nasdaq were $3.97 per share and $5.99 per warrant, respectively. Investing in our securities involves a high degree of risk. You should review carefully the risks and uncertainties on page 2 of the Base ",https://www.sec.gov/Archives/edgar/data/1875547/000164117225004787/form424b5.htm
0001829126-25-008019,LFS,424B4,2025-10-10 07:50:43,4.0,patron2,"r ordinary shares (“Ordinary Shares” or individually, an “Ordinary Share”). Each ADS represents one Ordinary Share. We are offering 1,250,000 ADSs. The initial public offering price of the ADSs is $4.00 per ADS. Prior to this offering, there has been",,,,https://www.sec.gov/Archives/edgar/data/2030277/000182912625008019/leifras_424b4.htm
0001213900-19-005818,LFWD,424B5,2019-04-05 09:28:53,5.2025,patron0,"k Robotics Ltd. 816,914 Ordinary Shares We are offering 816,914 ordinary shares, par value NIS 0.25 per ordinary share to certain institutional investors at an offering price of $5.2025 per share. In a concurrent private placement, we ",,,,https://www.sec.gov/Archives/edgar/data/1607962/000121390019005818/f424b5040419_rewalkrobotics.htm
0001493152-26-029447,LGCL,424B5,2026-06-22 06:05:32,,sin frase,,2026-06-18,1.78,"ils on the terms of the Warrants. Our Class A Ordinary Shares are listed on The Nasdaq Capital Market (“Nasdaq”) under the symbol “LGCL.” On June 18, 2026, the closing price of our Class A Ordinary Shares was $ 1.78 per share. There is no established trading market for the Warrants, and we do not intend to apply for listing of the Warrants on any national securities exchange. We are an “emerging growth company” as defined in the ",https://www.sec.gov/Archives/edgar/data/1954694/000149315226029447/form424b5.htm
0001641172-25-000557,LGPS,424B4,2025-03-25 12:14:07,5.0,patron2," no par value (“Common Shares”). This is our initial public offering. Prior to the offering, there has been no public market for our Common Shares. The initial public offering price of the 2,000,000 Common Shares (the “Public Offering Common Shares”) is $5.00 per share. We are also registering 434,000 Common",,,,https://www.sec.gov/Archives/edgar/data/2040290/000164117225000557/form424b4.htm
0001213900-23-097858,LGVN,424B5,2023-12-22 08:36:59,,sin frase,,2023-12-20,1.62,"investor” as such term is defined in Rule 501(a) under the Securities Act. Our Common Stock is listed on the NASDAQ Capital Market under the symbol “LGVN.” The closing price of our Common Stock on December 20, 2023, as reported by Nasdaq, was $1.62 per share. The Common Warrants are not and will not be listed on any national securities exchange or other trading market. Pursuant to General Instruction I.B.6 of Form S-3, in no even",https://www.sec.gov/Archives/edgar/data/1721484/000121390023097858/ea190542-424b5_longeveron.htm
0001213900-25-067578,LHAI,424B4,2025-07-25 11:19:18,4.0,patron0,"y $3.77 million (or approximately $4.46 million if the underwriter exercises its over -allotment option to purchase additional shares in full), based on an the initial public offering price of $4.00 per share, and after deducting the underwriting d",,,,https://www.sec.gov/Archives/edgar/data/2017758/000121390025067578/ea0203553-24.htm
0001213900-26-096975,LHSW,424B4,2026-09-03 09:30:23,4.0,patron0,"pany agreed to sell to the underwriters in a firm commitment underwritten IPO an aggregate of 2,000,000 Class A Ordinary Shares (pre-share consolidation), at a public offering price of $4.00 per share (pre-share consolidation). The Company ",,,,https://www.sec.gov/Archives/edgar/data/2004024/000121390026096975/ea0304365-424b4_lianhe.htm
0001213900-25-007741,LICN,424B5,2025-01-29 11:00:22,,sin frase,,2025-01-28,0.091,"mpany with limited liability. Our Class A ordinary shares are listed on The Nasdaq Capital Market, or Nasdaq, under the symbol “LICN.” On January 28, 2025, the last reported sale price of our Class A ordinary shares on Nasdaq was US$0.091 per share. This prospectus supplement and the accompanying base prospectus relates to an offering of an aggregate of (i) 20,933,333 Class A ordinary shares (the “Shares”) of the Company, par value $0.00004",https://www.sec.gov/Archives/edgar/data/1876766/000121390025007741/ea0229079-424b5_lichen.htm
0000947871-25-000065,LIDR,424B5,2025-01-23 06:07:15,,sin frase,,2025-01-22,1.09,"d are subject to reduced public company reporting requirements. Our common stock is listed on the Nasdaq Capital Market (“Nasdaq”) under the symbol “LIDR.” The last sale price of our common stock, as reported on Nasdaq on January 22, 2025, was $1.09 per share. As of January 22, 2025, the aggregate market value of our outstanding shares of common stock held by non-affiliates, or public float, was determined to be $52,533,191 based o",https://www.sec.gov/Archives/edgar/data/1818644/000094787125000065/ss4368923_424b5.htm
0001193125-19-316543,LITS,424B5,2019-12-17 21:27:22,,sin frase,,2019-12-16,2.29,"fering 28,125,000 shares of common stock, par value $0.00000002 per share. Our common stock is listed on the Nasdaq Capital Market under the symbol “MEIP.” The last reported sale price of our common stock on the Nasdaq Capital Market on December 16, 2019 was $2.29 per share. An investment in our common stock involves significant risks. You should carefully consider the Risk Factors beginning on page 13 of our Annual Report on Form 10-K file",https://www.sec.gov/Archives/edgar/data/1262104/000119312519316543/d841008d424b5.htm
0001731122-20-000750,LNAI,424B5,2020-07-20 16:50:45,,sin frase,,2020-07-17,4.12,"Act of 1933, as amended, or the Securities Act. Our common stock is currently listed on The Nasdaq Capital Market under the symbol “ENOB”. On July 17, 2020 the last reported sale price of our common stock was $4.12 per share. We will pay the expenses incurred in registering the shares, including legal and accounting fees. See “Plan of Distribution”. Investing in our securities involves a high degree of risk. See the section entitled “Risk F",https://www.sec.gov/Archives/edgar/data/1527728/000173112220000750/e2033_424b5.htm
0001731122-25-001626,LNAI,424B5,2025-12-02 21:53:13,,ATM,,,,,https://www.sec.gov/Archives/edgar/data/1527728/000173112225001626/e7057_424b5.htm
0001213900-26-033163,LNKS,424B4,2026-03-23 20:48:07,,sin frase,,2026-03-20,0.693,"es B Warrants included in the Ordinary Units and Pre-Funded Units offered hereby. Our Class A Ordinary Shares are listed on Nasdaq under the symbol “LNKS”. The last reported sale price of our Class A Ordinary Shares on Nasdaq on March 20, 2026 was $0.693 per share. There is no established public trading market for the Warrants, and we do not expect a market to develop. We do not intend to apply to list the Warrants on any securities exchang",https://www.sec.gov/Archives/edgar/data/1972074/000121390026033163/ea0282913-424b4_linkers.htm
0001493152-26-012602,LOBO,424B4,2026-03-25 12:41:04,0.51,patron0,"5100 $ 0.5090 $ 2,000,000 Placement agent commissions (2) $ 0.0153 $ 0.0153 $ 60,000 Proceeds, before expenses, to us (3) $ 0.4947 $ 0.4937 $ 1,940,000 (1) The public offering price is $0.51 per Unit. The public offering price per Pre-Fund",2026-03-23,0.5199,"dinary Shares and Pre-Funded Warrants sold. Our Class A Ordinary Shares are listed on the NASDAQ Capital Market under the symbol “LOBO.” On March 23, 2026, the last reported sale price of our Class A Ordinary Shares on the NASDAQ Capital Market was $0.5199 per share. The Units have no stand-alone rights and will not be certificated or issued as stand-alone securities. There is no established trading market for the Units, Pre-Funded Units, S",https://www.sec.gov/Archives/edgar/data/1932072/000149315226012602/form424b4.htm
0001120970-20-000024,LODE,424B5,2020-07-16 20:10:33,,ATM,,2020-07-16,0.72,"nted 5-Day VWAP. If the closing price of the common stock is less than the Discounted 5-Day VWAP, then the purchase price per share will be equal to 90% of the closing price of the common stock as of the closing date. Our common stock is listed on the NYSE American under the symbol “LODE.” The last reported sale price of our common stock on the NYSE American on July 16, 2020 was $0.72 per share. Pursuant to General Instruction I.",https://www.sec.gov/Archives/edgar/data/1120970/000112097020000024/a2020-07x16_comstockmining.htm
0001493152-24-050874,LSE,424B4,2024-12-20 06:15:16,4.0,patron0,"nary Shares to be offered by Leishen Cayman in this offering. Prior to this offering, there has been no public market for Leishen Cayman’s Ordinary Shares. The initial public offering price is $4.00 per share. The Ordinary Shares have been approved",,,,https://www.sec.gov/Archives/edgar/data/1985139/000149315224050874/form424b4.htm
0000320017-16-000152,LSTA,424B5,2016-09-15 16:20:13,4.72,patron0,"viding this amount by the number of shares of common stock outstanding. After giving effect to the sale of 847,458 shares of common stock in this offering at a public offering price of $4.72 per share, and 4,449,153 shares of our common sto",2016-09-13,4.72,"Securities Act and Rule 506 promulgated thereunder. Our common stock is listed on The NASDAQ Capital Market under the symbol “CLBS.” On September 13, 2016, the last reported sale price of our common stock was $4.72 per share. As of September 13, 2016, the aggregate market value of our outstanding common stock held by non-affiliates was approximately $34.9 million, based on 5,914,380 shares of outstanding common stock, of which 385,777 were ",https://www.sec.gov/Archives/edgar/data/320017/000032001716000152/prosuppseptember2016.htm
0000320017-18-000013,LSTA,424B5,2018-02-08 16:14:26,,ATM,,2018-02-07,3.93,"on stock having an aggregate offering price of not more than $12,000,000 . Our common stock is listed on The Nasdaq Capital Market under the symbol “CLBS.” The last reported sale price of our common stock on February 7, 2018 was $3.93 per share. As of February 7, 2018, the aggregate market value of our outstanding common stock held by non-affiliates was approximately $39.9 million , based on 9,551,932 shares of outstanding common stock, of ",https://www.sec.gov/Archives/edgar/data/320017/000032001718000013/prosuppfebruary2018atm.htm
0000320017-20-000041,LSTA,424B5,2020-05-26 16:02:20,2.0625,patron0,"August 2, 2018) 2,084,850 Shares of Common Stock We are offering 2,084,850 shares of our common stock, par value $0.001 per share (the “ Common Stock ”), at an offering price of $2.0625 per share, to certain institutional and accredite",2020-05-22,2.08,"investor” as such term is defined in Rule 501(a) under the Securities Act. Our Common Stock is listed on The Nasdaq Capital Market under the symbol “CLBS.” The closing price of our Common Stock on May 22, 2020 , as reported by Nasdaq, was $2.08 per share. We have retained H.C. Wainwright & Co., LLC to act as our exclusive lead placement agent in connection with the securities offered by this prospectus supplement and the accompan",https://www.sec.gov/Archives/edgar/data/320017/000032001720000041/form424b5prosupphcwmay2020.htm
0001477932-17-003267,LTBR,424B5,2017-07-12 20:53:54,,ATM,,2017-07-11,1.68,"ilities, including liabilities under the Securities Act. Our common stock is listed on the Nasdaq Capital Market under the symbol “LTBR”. On July 11, 2017, the last reported sale price of our common stock on the Nasdaq Capital Market was $1.68 per share. The aggregate market value of our outstanding common stock held by non-affiliates, or public float, is approximately $22.2 million, based on approximately 9.9 million shares of outstanding ",https://www.sec.gov/Archives/edgar/data/1084554/000147793217003267/ltbr_424b5.htm
0001829126-22-015921,LUCY,424B4,2022-08-16 15:42:36,7.48,patron1,"erwriters’ compensation. We have granted a 45 -day option to the representative of the underwriters to purchase up to 147,000 additional shares of common stock at a price of $ 7.48 per share and/or up to an additional 294,000 Warr",,,,https://www.sec.gov/Archives/edgar/data/1808377/000182912622015921/innovativeeyewear_424b4.htm
0001829126-24-004740,LUCY,424B5,2024-07-11 17:26:45,,ATM,,2024-07-09,0.38,"91,606 pursuant to General Instruction I.B.6 of Form S-3. Our common stock is listed on the Nasdaq Capital Market under the symbol “LUCY.” On July 9, 2024, the last reported sale price of our common stock on the Nasdaq Capital Market was $0.38 per share. On July 8, 2024, we filed with the Florida Secretary of State a Certificate of Amendment to Articles of Incorporation (the “Certificate of Amendment”) which will be effective on July 16, 20",https://www.sec.gov/Archives/edgar/data/1808377/000182912624004740/innovativeeye_424b5.htm
0001829126-25-006384,LUCY,424B5,2025-08-15 17:00:24,,ATM,,2025-08-14,2.2,"269 pursuant to General Instruction I.B.6 of Form S-3. Our Common Stock is listed on the Nasdaq Capital Market under the symbol “LUCY.” On August 14, 2025, the last reported sale price of our Common Stock on the Nasdaq Capital Market was $2.20 per share. Investing in the offered securities involves a high degree of risk. Before buying any shares, you should read the discussion of material risks of investing in our Common Stock in “Risk Fact",https://www.sec.gov/Archives/edgar/data/1808377/000182912625006384/innovativeeyewear_424b5.htm
0001898795-25-000174,LVWR,424B5,2025-08-22 17:09:03,,ATM,,2025-08-19,0.48,"ffect to the issuance and sale of our Common Stock in the aggregate amount of $50 million in this offering at an assumed offering price of $3.67 per share, the last reported sale price of our Common Stock on NYSE on August 19, 2025, and after deducting commissions and estimated aggregate offering expenses payable by us, our as adjusted net tangible book value as of June 30, 2025 would have been $103.3 million, or $0.48 per share. This repre",https://www.sec.gov/Archives/edgar/data/1898795/000189879525000174/livewire-prosuppaugust2025.htm
0001062822-20-000069,LXRX,424B5,2020-10-30 17:11:09,,ATM,,2020-10-29,1.16,",000,000 from time to time through Jefferies acting as our sales agent. Our common stock trades on the Nasdaq under the symbol “LXRX.” On October 29, 2020, the last reported sale price of our common stock on the Nasdaq was $1.16 per share. Sales of common stock, if any, under this prospectus supplement will be made in sales deemed to be an “at the market offering” as defined in Rule 415(a)(4) promulgated under the Securities Act of 1933, as",https://www.sec.gov/Archives/edgar/data/1062822/000106282220000069/prospectussupplementoct202.htm
0001104659-17-024233,MARA,424B5,2017-04-18 18:38:58,0.7,patron0," text and more specific details contained elsewhere in this prospectus supplement and the accompanying prospectus. Common stock offered by us 3,800,000 shares. Offering price $0.70 per share Common stock to be outstanding immediat",,,,https://www.sec.gov/Archives/edgar/data/1507605/000110465917024233/a17-11475_1424b5.htm
0001178913-20-001438,MBAI,424B5,2020-05-12 12:54:01,0.6,patron0,"ENT (To the Prospectus Dated July 16, 2018) CHECK-CAP LTD. 5,000,000 Ordinary Shares We are offering 5,000,000 ordinary shares to institutional investors at an offering price of $0.60 per ordinary share pursuant to this prospectus supplement ",2020-05-07,0.53,"ursuant to this prospectus supplement and the accompanying prospectus. Our ordinary shares are listed on the Nasdaq Capital Market under the symbol “CHEK.” The last reported sale price of our ordinary shares on May 7, 2020 was $0.53 per share. The aggregate market value of our outstanding voting and non-voting common equity held by non-affiliate s on May 8, 2020, as calculated in accordance with General Instruction I.B.5. of Form F-3, was a",https://www.sec.gov/Archives/edgar/data/1610590/000117891320001438/zk2024397.htm
0001144204-18-040507,MBIO,424B5,2018-07-27 17:02:01,,ATM,,2018-07-26,7.24," from time to time through the Agents, acting as agents. Our common stock is traded on The Nasdaq Capital Market, or the Exchange, under the symbol “MBIO.” The last reported sale price of our common stock on July 26, 2018 was $7.24 per share. Sales of our common stock, if any, under this prospectus supplement will be made by any method permitted that is deemed an “at the market offering” as defined in Rule 415(a)(4) under the Securities Act",https://www.sec.gov/Archives/edgar/data/1680048/000114420418040507/tv499049_424b5.htm
0001410578-25-000085,MBIO,424B4,2025-02-07 06:39:15,,sin frase,,2025-02-05,3.01,"us for more information regarding these arrangements. Our common stock is listed on the Nasdaq Capital Market under the symbol “MBIO”. On February 5, 2025, the last reported sale price of our common stock on the Nasdaq Capital Market was $3.01 per share. The combined offering price per share of common stock and accompanying Warrants and the combined offering price per pre-funded warrant and accompanying Warrants we are offering and the exer",https://www.sec.gov/Archives/edgar/data/1680048/000141057825000085/tmb-20240930x424b4.htm
0001493152-21-014057,MBOT,424B5,2021-06-10 17:30:00,,ATM,,2021-06-08,7.48,"is prospectus supplement and the accompanying prospectus. Our common stock is listed on The Nasdaq Capital Market under the symbol “MBOT”. On June 8, 2021, the last reported sale price of our common stock on The Nasdaq Capital Market was $7.48 per share. The registration statement to which this prospectus supplement forms a part contains a prospectus which covers the offering, issuance and sale by us of up to $75,000,000 in the aggregate of",https://www.sec.gov/Archives/edgar/data/883975/000149315221014057/form424b5.htm
0001493152-22-029423,MBOT,424B5,2022-10-24 16:30:26,4.89,patron0,"ying the Pre-Funded Warrants We are offering 782,495 shares of our common stock, par value $0.01 per share (“common stock”), to an institutional investor at an offering price of $4.89 per share, pursuant to this prospectus supplement",,,,https://www.sec.gov/Archives/edgar/data/883975/000149315222029423/form424b5.htm
0001104659-20-012016,MBRX,424B5,2020-02-06 17:08:01,0.8,patron0,"common stock outstanding. After giving effect to the sale of 7,500,000 shares and Warrants to purchase 5,625,000 shares of common stock in this offering at the combined public offering price of $0.80 per share and related Warrant, assuming no exerci",2020-02-05,1.05,"iquidity of the Warrants will be limited. Our common stock is listed on The Nasdaq Capital Market, or Nasdaq, under the symbol “MBRX.” On February 5, 2020, the last reported sale price of our common stock on Nasdaq was $1.05 per share. We are an “emerging growth company” under the federal securities laws and are subject to reduced public company reporting requirements for this prospectus and future filings. Investing in our securities invol",https://www.sec.gov/Archives/edgar/data/1659617/000110465920012016/tm206399d1_424b5.htm
0001437749-24-027102,MBRX,424B4,2024-08-16 16:54:18,2.23,patron0,"d Series B warrants to purchase up to 2,466,368 shares of common stock (the “Series B Warrants”), which we refer to collectively as the “common warrants,” at a combined public offering price of $2.23 per share and common warrants (and the shares iss",2024-08-15,2.23," prospectus for more information regarding these arrangements. Our common stock is listed on The Nasdaq Capital Market, or Nasdaq, under the symbol “MBRX”. The last reported sale price of our common stock on Nasdaq on August 15, 2024 was $2.23 per share. We do not intend to list the common warrants or pre-funded warrants on the NASDAQ Capital Market, any other national securities exchange or any other nationally recognized trading system. T",https://www.sec.gov/Archives/edgar/data/1659617/000143774924027102/mbrx20240816_424b4.htm
0001193125-20-077200,MCRB,424B5,2020-03-18 16:39:16,,ATM,,2020-03-17,3.12,"ime to time through Cowen, acting as our agent. Our common stock is listed on the Nasdaq Global Select Market under the symbol “ MCRB .” On March 17, 2020, the last reported sale price of our common stock on the Nasdaq Global Select Market was $3.12 per share. Sales of our common stock, if any, under this prospectus supplement will be made by any method permitted that is deemed an “at the market offering” as defined in Rule 415(a)(4) under ",https://www.sec.gov/Archives/edgar/data/1609809/000119312520077200/d888647d424b5.htm
0001193125-21-252862,MDIA,424B5,2021-08-20 17:05:27,,ATM,,2021-08-19,6.5,"urities Act of 1933, as amended, or the Securities Act. Our Class A common stock is listed and trades on the Nasdaq Capital Market under the symbol “MDIA.” The last reported sale price of our Class A common stock on the Nasdaq Capital Market on August 19, 2021 was $6.50 per share. As of August 19, 2021, the aggregate market value of our outstanding Class A and Class B common stock held by non-affiliates, or Public Float, was approximately $",https://www.sec.gov/Archives/edgar/data/1784254/000119312521252862/d206601d424b5.htm
0001104659-20-021979,MDRR,424B4,2020-02-14 17:01:36,,sin frase,,,,,https://www.sec.gov/Archives/edgar/data/1654595/000110465920021979/tm208023-1_424b4.htm
0001493152-25-007800,MEDS,424B4,2025-02-21 09:17:55,4.5,patron2,"mmon Stock ”) of Wellgistics Health, Inc. (f/k/a Danam Health, Inc.). Prior to this offering, there has been no public market for our Common Stock. The initial public offering price of our shares of Common Stock is $4.50 per share. Our Common Stock has been approved for",,,,https://www.sec.gov/Archives/edgar/data/2030763/000149315225007800/form424b4.htm
0001493152-25-015899,MEDS,424B4,2025-09-29 09:00:20,0.7,patron0,"ssumptions underlying such statements, or otherwise. 4 THE OFFERING Issuer Wellgistics Health, Inc. Common Stock Offered 7,142,862 shares of Common Stock, at a public offering price of $0.70 per share. Warrants Offered Each share of Common ",2025-09-25,1.01,"exercise of the Warrants and Placement Agent Warrants (as defined herein). Our Common Stock is traded on the Nasdaq Capital Market under the symbol “WGRX”. The last reported sale price of our Common Stock on Nasdaq on September 25, 2025, was $1.01 per share. There is no established public trading market for the Warrants, and we do not expect a market to develop. We do not intend to apply for listing of the Warrants on any securities exchang",https://www.sec.gov/Archives/edgar/data/2030763/000149315225015899/form424b4.htm
0001213900-22-045048,MEGL,424B4,2022-08-05 16:01:08,4.0,patron0,"of Magic Empire Global Limited (“ME”). We are offering 5,000,000 Ordinary Shares of ME, representing 25% of the Ordinary Shares on a firm commitment basis. The initial public offering price is $4.00 per share, Currently, no public market exists for",,,,https://www.sec.gov/Archives/edgar/data/1881472/000121390022045048/f424b40822_magic.htm
0001493152-24-015708,MFI,424B4,2024-04-23 17:05:11,,sin frase,,,,,https://www.sec.gov/Archives/edgar/data/1940941/000149315224015708/form424b4.htm
0001213900-23-027955,MGIH,424B4,2023-04-06 16:00:28,4.0,patron2,") $ 4.00 $ 5,000,000 5,750,000 Underwriting discounts (2) $ 0.28 $ 350,000 402,500 Proceeds to us, before expenses (3) $ 3.72 $ 4,650,000 5,347,500 (1) Initial public offering price per share is $4.00 per share. (2) Represents underwriting discounts ",,,,https://www.sec.gov/Archives/edgar/data/1903995/000121390023027955/ea176490-424b4_millennium.htm
0001140361-18-015551,MGNX,424B5,2018-03-28 17:07:51,21.25,patron0,"ed on 36,859,077 shares of common stock then outstanding. After giving effect to the sale by us of 4,500,000 shares of our common stock in this offering at the public offering price of $21.25 per share, less the underwriting discounts and co",2018-03-27,23.6,"e are offering 4,500,000 shares of our common stock. Our common stock trades on the Nasdaq Global Select Market under the symbol “MGNX.” On March 27, 2018, the last reported sale price of our common stock was $23.60 per share. Investing in our common stock involves risks. See “Risk Factors” beginning on page S- 5 of this prospectus supplement, the accompanying prospectus and the other documents that are incorporated by reference herein. Nei",https://www.sec.gov/Archives/edgar/data/1125345/000114036118015551/s002148x2_424b5.htm
0001493152-23-008445,MGRX,424B4,2023-03-21 19:32:26,,sin frase,,,,,https://www.sec.gov/Archives/edgar/data/1938046/000149315223008445/form424b4.htm
0001213900-26-094900,MIMI,424B5,2026-08-28 13:12:50,4.0,patron0,"e Company agreed to sell to the Underwriters in a firm commitment initial public offering (the “ IPO ”) an aggregate of 1,750,000 Class A Ordinary Shares at an offering price of US$4.00 per share. The Company received US$8.05 million i",2026-08-26,1.8,"make your investment decision. Our Class A ordinary shares are listed on the Nasdaq Capital Market, or Nasdaq, under the symbol “MIMI.” On August 26, 2026, the last reported sale price of our Class A Ordinary Shares on Nasdaq was US$1.80 per share. Effective May 6, 2026, the Company implemented a 1-for-10 share consolidation (“ Reverse Stock Split ”) of its Class A Ordinary Shares and Class B Ordinary Shares, which was approved by the Compa",https://www.sec.gov/Archives/edgar/data/1998560/000121390026094900/ea0303716-424b5_mint.htm
0001493152-23-026760,MIRA,424B4,2023-08-04 13:01:25,,sin frase,,,,,https://www.sec.gov/Archives/edgar/data/1904286/000149315223026760/form424b4.htm
0001641172-25-005104,MIRA,424B5,2025-04-16 17:17:13,,ATM,,2025-04-15,0.89,"month period that ends on and includes the date hereof. Our Common Stock is listed on the Nasdaq Capital Market under the symbol “MIRA.” On April 15, 2025, the last reported sale price of our Common Stock on the Nasdaq Capital Market was $0.89 per share. We are an “emerging growth company” as defined in Section 2(a) of the Securities Act of 1933, as amended (the “Securities Act”) and a smaller reporting company as defined under Rule 405 of ",https://www.sec.gov/Archives/edgar/data/1904286/000164117225005104/form424b5.htm
0001829126-24-001146,MLGO,424B5,2024-02-28 06:01:27,,sin frase,,2024-01-10,9.58," upon conversion of the Convertible Note. Our ordinary shares are listed on the Nasdaq Capital Market under the symbol “MLGO.” On January 10, 2024, the highest closing price of our ordinary shares during the last 60 days was $9.58 per share and the aggregate market value of our total outstanding ordinary shares held by non-affiliates was approximately $129.9 million based on 13,559,675 outstanding ordinary shares held by non-affi",https://www.sec.gov/Archives/edgar/data/1800392/000182912624001146/microalgo_424b5.htm
0001829126-24-006711,MLGO,424B5,2024-10-09 08:00:32,,sin frase,,,,,https://www.sec.gov/Archives/edgar/data/1800392/000182912624006711/microalgo_424b5.htm
0001628280-23-017578,MLTX,424B5,2023-05-11 16:20:47,,ATM,,2023-05-09,27.46,"nt and the accompanying prospectus. Our Class A Ordinary Shares are listed on The Nasdaq Capital Market (“Nasdaq”) under the symbol “MLTX.” On May 9, 2023, the last reported sale price of our Class A Ordinary Shares as reported on Nasdaq was $27.46 per share. Sales of our Class A Ordinary Shares, if any, under this prospectus supplement may be made in sales deemed to be an “at the market offering” as defined in Rule 415(a)(4) promulgated un",https://www.sec.gov/Archives/edgar/data/1821586/000162828023017578/moonlake424b5.htm
0001641172-25-015537,MMA,424B5,2025-06-18 11:32:10,0.76,patron0,"d States of 901,809 ordinary shares, no par value (“Ordinary Shares”), of Mixed Martial Arts Group Limited, an Australian public company limited by shares at a public offering price of $0.76 per share. We are also offering pre-funded warran",2025-06-16,1.02,"ded Warrants sold in this offering. Our Ordinary Shares are listed on the NYSE American LLC (the “NYSE American”) under the symbol “MMA.” On June 16, 2025, the last reported sale price for our Ordinary Shares was $1.02 per share. There is no established public trading market for the Pre-Funded Warrants, and we do not expect a market to develop. We do not intend to apply for listing of the Pre-Funded Warrants on any securities exchange or ot",https://www.sec.gov/Archives/edgar/data/1981519/000164117225015537/form424b5.htm
0001493152-25-012949,MNDR,424B5,2025-09-10 06:16:37,,ATM,,,,,https://www.sec.gov/Archives/edgar/data/1976695/000149315225012949/form424b5.htm
0001654954-20-000374,MNPR,424B5,2020-01-13 16:07:42,,ATM,,2020-01-11,19.12,"mmon Stock. Assuming that an aggregate of 895,455 shares of our Common Stock are sold at a price of $22.00 per share pursuant to this prospectus, which was the last reported sale price of our Common Stock on Nasdaq on January 11, 2020, for aggregate net proceeds of $19,069,000 after deducting commissions and estimated aggregate offering expenses payable by us, you would experience immediate dilution of $19.12 per share, representing a diffe",https://www.sec.gov/Archives/edgar/data/1645469/000165495420000374/atmprospectus424b5.htm
0001140361-24-011758,MNTS,424B5,2024-03-06 17:04:24,,sin frase,,2024-03-04,0.78,"e exercise of the Pre-Funded Warrants. Our Class A Stock is listed on The Nasdaq Global Select Market (“Nasdaq”) under the symbol “MNTS.” On March 4, 2024, the last reported sale price of our Class A Stock on Nasdaq was $0.78 per share. There is no established public trading market for the Warrants or the Pre-Funded Warrants and we do not expect a market to develop for either security. Without an active trading market, the liquidity of the ",https://www.sec.gov/Archives/edgar/data/1781162/000114036124011758/ny20023473x1_424b5.htm
0001140361-25-024326,MNTS,424B5,2025-07-01 10:46:14,1.41,patron0,",” “we,” “our” or “us”) is offering on a best efforts basis 680,000 shares of our Class A common stock, par value $0.00001 per share (the “Common Stock”), at a combined public offering price of $1.41 per share, with accompanying warrants to purchase",2025-06-27,1.41,"nderlying the Warrants and the Pre-Funded Warrants as the “securities.” The Common Stock is listed on the Nasdaq under the symbol “MNTS.” On June 27, 2025, the last reported sale price of the Common Stock on Nasdaq was $1.41 per share. There is no established public trading market for the Warrants or the Pre-Funded Warrants and we do not expect a market to develop for either security. Without an active trading market, the liquidity of the W",https://www.sec.gov/Archives/edgar/data/1781162/000114036125024326/ny20047547x21_424b5.htm
0001140361-25-045384,MNTS,424B5,2025-12-12 16:07:37,,sin frase,,2025-12-11,0.9457,"ll file another prospectus supplement prior to making additional sales. Our common stock is listed on Nasdaq under the symbol “MNTS.” On December 11, 2025, the last reported sale price of our common stock on Nasdaq was $0.9457 per share. Investing in our common stock involves a high degree of risk. Before making an investment decision, please read the information under the heading “ Risk Factors ” beginning on page S-12 of the ATM Prospectu",https://www.sec.gov/Archives/edgar/data/1781162/000114036125045384/ny20047547x43_424b5.htm
0001140361-26-004437,MNTS,424B5,2026-02-09 17:17:22,,sin frase,,2026-02-09,6.44,"6 of Form S-3 in the future, we will file another prospectus supplement. Our common stock is listed on Nasdaq under the symbol “MNTS.” On February 9, 2026, the last reported sale price of our common stock on Nasdaq was $6.44 per share. Investing in our common stock involves a high degree of risk. Before making an investment decision, please read the information under the heading “ Risk Factors ” beginning on page S-12 of the ATM Prospectus ",https://www.sec.gov/Archives/edgar/data/1781162/000114036126004437/ef20065203_424b5.htm
0001213900-22-051248,MOB,424B4,2022-08-26 09:30:05,4.13,patron0,"equity 2,419,417 3,329,119 12,571,648 17,298,594 The as adjusted information discussed above give effect to our sale of 2,858,000 units in this offering at the public offering price of $4.13 per unit. 10 RISK FACTORS An investment in our A",2022-08-24,0.04,"We are Offering” for more information. Our ordinary shares are listed on the Australian Stock Exchange, or ASX, under the symbol “MOB.” On August 24, 2022, the closing price of our ordinary shares on the ASX was AUD$0.04 per ordinary share, equivalent to $7.59 per ADS based on an exchange rate of AUD$1.00 to $0.69 (as published by the Reserve Bank of Australia as of August 24, 2022). Our ADSs and warrants have been approved for l",https://www.sec.gov/Archives/edgar/data/1898643/000121390022051248/ea165007-424b4_mobilicom.htm
0001493152-26-000736,MOBX,424B5,2026-01-07 08:49:02,0.2,patron0," Class B Common Stock outstanding 2,004,901 shares (as of November 30, 2025). Class A Common Stock offered by us 30,000,000 shares of our Class A Common Stock. Public offering price $0.20 per share. Class A Common Stock to be outstanding",2026-01-05,0.3281," prospectus supplement for more information. Our common stock is currently listed on The Nasdaq Capital Market under the symbol “MOBX”. On January 5, 2026, the last reported sale price of our common stock was $0.3281 per share. As of the date hereof, the aggregate market value of our Class A Common Stock held by our non-affiliates (“public float”), as calculated pursuant to the rules of the Securities and Exchange Commission (the “SEC”), wa",https://www.sec.gov/Archives/edgar/data/1855467/000149315226000736/form424b5.htm
0001213900-25-030358,MOVE,424B5,2025-04-09 17:22:32,,ATM,,2025-04-08,1.105,"he Prospectus Supplement prior to making additional sales. Our common stock is listed on the Nasdaq Stock Market under the symbol “MOVE.” On April 8, 2025, the last reported sale price of our common stock on the Nasdaq Stock Market was $1.105 per share. INVESTING IN OUR SECURITIES INVOLVES R ISKS. You should carefully consider the risks described under “Risk Factors” in the Prospectus and Prospectus Supplements, as well as those described i",https://www.sec.gov/Archives/edgar/data/1734750/000121390025030358/ea0237741-424b5_movanoinc.htm
0001104659-20-140215,MRM,424B4,2020-12-29 18:41:20,15.0,patron0,"mmon shares”), in the form of American Depositary Shares (which we refer to as “ADSs”). Each ADS represents one common share. We are offering 800,000 ADSs. The initial public offering price is $15.00 per ADS. Prior to this offering, there has been",,,,https://www.sec.gov/Archives/edgar/data/1819704/000110465920140215/tm2026644-22_424b4.htm
0001104659-24-127185,MRM,424B5,2024-12-10 16:16:03,,sin frase,,2024-12-09,2.8," represents one common share, no par value, or Common Shares. The ADSs are listed on The Nasdaq Capital Market under the symbol “MRM.” On December 9, 2024, the last reported sale price of the ADSs was US$2.80 per ADS on Nasdaq. We are organized under the laws of Japan and are an “emerging growth company”, as defined in the Jumpstart Our Business Startups Act of 2012, under applicable U.S. federal securities laws, and are eligible for reduce",https://www.sec.gov/Archives/edgar/data/1819704/000110465924127185/tm2422156-12_f1a.htm
0001410578-24-001067,MSAI,424B5,2024-06-28 20:45:49,1.6,patron0,"hares of common stock, par value $0.0001 per share (“Common Stock”), of MultiSensor AI Holdings, Inc. We are offering 6,250,000 shares of our Common Stock at a public offering price of $1.60 per share. Our Common Stock is listed on The Nasd",,,,https://www.sec.gov/Archives/edgar/data/1863990/000141057824001067/msai-20240628x424b5.htm
0001493152-22-034981,MSGM,424B5,2022-12-09 09:01:40,,sin frase,,,,,https://www.sec.gov/Archives/edgar/data/1821175/000149315222034981/form424b5.htm
0001013762-23-002201,MSS,424B4,2023-10-05 16:47:36,4.0,patron0,"y us 2,500,000 shares (or 2,875,000 shares if the underwriters exercise in full their option to purchase additional 375,000 shares from us). Offering Price The initial offering price is $4.00 per share. Underwriters’ option to purchase addit",,,,https://www.sec.gov/Archives/edgar/data/1892292/000101376223002201/f424b41023_maison.htm
0001047469-18-000708,MTVA,424B5,2018-02-09 17:23:56,7.0,patron0,"9 additional shares of common stock, within 30 days after the date of this prospectus supplement. Common stock outstanding after the offering 13,775,900 shares Offering price $7.00 per share Use of proceeds We will receive net pro",2018-02-07,8.63,"PHIRE THERAPEUTICS INC. Common Stock $7.00 per share • We are offering 3,142,858 shares of common stock, par value $0.001 per share. • On February 7, 2018, the last reported sale price of our common stock was $8.63 per share. • Trading symbol: Nasdaq Global Market — GEMP This investment involves risk. See ""Risk Factors"" beginning on page S-11 in the accompanying prospectus. Per Share Total Public offering price $ 7.00 $ 22,000,006.00 Underw",https://www.sec.gov/Archives/edgar/data/1638287/000104746918000708/a2234501z424b5.htm
0001104659-26-004337,MTVA,424B4,2026-01-16 08:36:51,3.1,patron0,"s D warrants to purchase shares of common stock (each, a “Series D Common Warrant” and, together with the Series C Common Warrants, the “Common Warrants”) at a public offering price of $3.10 per Class A Unit. We are also offering to certain p",2026-01-14,5.42,"to give effect to the Reverse Stock Split. Our common stock is listed on the Nasdaq Capital Market (“Nasdaq”) under the symbol “MTVA.” On January 14, 2026, the last reported sale price of our common stock on Nasdaq was $5.42 per share. There is no established public trading market for the pre-funded warrants or the Common Warrants, and we do not intend to list the pre-funded warrants or the Common Warrants on any national securities exchang",https://www.sec.gov/Archives/edgar/data/1638287/000110465926004337/tm2528002-19_424b4.htm
0001193125-19-325050,MVIS,424B5,2019-12-27 17:26:30,,sin frase,,2019-12-26,0.08,"to Lincoln Park pursuant to the Purchase Agreement, assuming $16,000,000 in proceeds and an average sale price of $0.74 per share of common stock (based on the closing sale price of our common stock on December 26, 2019), as well as the sale of the 375,000 Commitment Shares, our as adjusted net tangible book value as of September 30, 2019 would have been $10.7 million, or approximately $0.08 per share. This represents an immediate inc",https://www.sec.gov/Archives/edgar/data/65770/000119312519325050/d821587d424b5.htm
0001213900-25-023257,MWYN,424B4,2025-03-12 16:54:17,4.0,patron2,"rwynn Holdings, Inc. (the “Company,” “Marwynn,” “we,” “our” or “us”). Prior to this offering, there has been no public market for our common stock. The initial public offering price of our shares is $4.00 per share. Our authorized capital stock consists ",,,,https://www.sec.gov/Archives/edgar/data/2030522/000121390025023257/ea0233918-01.htm
0001193125-19-032461,MYO,424B5,2019-02-08 17:29:56,1.4,patron1,"MENT (to Prospectus dated July 16, 2018) 3,950,000 Shares Common Stock We are offering up to 3,950,000 shares of our common stock, par value $0.0001 per share, at a price of $1.40 per share on a firm commitment basis. Our common ",2019-02-06,1.74,"are, at a price of $1.40 per share on a firm commitment basis. Our common stock is listed on the NYSE American under the symbol “MYO.” On February 6, 2019, the last reported sale price of our common stock was $1.74 per share. We are an “emerging growth company” under applicable Securities and Exchange Commission rules and will be subject to reduced public company reporting requirements for this prospectus and future filings. As of February ",https://www.sec.gov/Archives/edgar/data/1369290/000119312519032461/d699862d424b5.htm
0001213900-24-004441,MYSE,424B5,2024-01-18 14:13:57,,sin frase,,2024-01-12,2.095,"fering price per share of common stock, less $0.0001. Our common stock is listed on the Nasdaq Capital Market under the symbol “DATS.” On January 12, 2024, the last reported sale price of our common stock on the Nasdaq Capital Market was $2.0950 per share. As of January 16, 2024, the aggregate market value of our outstanding common stock held by non-affiliates was approximately $6,376,181 based on 1,761,376 shares of common stock held by su",https://www.sec.gov/Archives/edgar/data/1648960/000121390024004441/ea191766-424b5_datchat.htm
0001213900-25-011767,MYSE,424B5,2025-02-10 16:36:45,,ATM,,2025-02-06,3.09,"ugh or to Benchmark, acting as sales agent or principal. Our common stock trades on The Nasdaq Capital Market under the symbol “DATS.” On February 6, 2025, the last reported sale price of our common stock on The Nasdaq Capital Market was $3.09 per share. Sales of our common stock, if any, under this prospectus may be made in sales deemed to be an “at the market offering” as defined in Rule 415(a)(4) promulgated under the Securities Act of 1",https://www.sec.gov/Archives/edgar/data/1648960/000121390025011767/ea0230387-424b5_datchat.htm
0001213900-26-013331,MYSE,424B5,2026-02-06 16:53:28,,ATM,,2026-02-03,1.85,"ugh or to Benchmark, acting as sales agent or principal. Our common stock trades on The Nasdaq Capital Market under the symbol “MYSE.” On February 3, 2026, the last reported sale price of our common stock on The Nasdaq Capital Market was $1.85 per share. Sales of our common stock, if any, under this prospectus may be made in sales deemed to be an “at the market offering” as defined in Rule 415(a)(4) promulgated under the Securities Act of 1",https://www.sec.gov/Archives/edgar/data/1648960/000121390026013331/ea0273928-424b5_myseum.htm
0001213900-17-013512,MYSZ,424B4,2017-12-21 08:52:58,,sin frase,,2017-12-18,0.83,"uance. Our common stock is listed on The NASDAQ Capital Market under the symbol “MYSZ” and on the Tel Aviv Stock Exchange (“TASE”) under the symbol “MYSZ”. The closing price of our common stock on December 18, 2017, as reported by The NASDAQ Capital Market, was $0.83 per share. There is no established public trading market for the pre-funded warrants or common warrants, and we do not expect a market to develop. In addition, we do",https://www.sec.gov/Archives/edgar/data/1211805/000121390017013512/f424b4122017_mysizeinc.htm
0001104659-24-131319,NAAS,424B5,2024-12-23 16:30:26,,sin frase,,2024-12-19,2.01," of sale that may be used by the investors, see “Plan of Distribution.” Our ADSs are listed on Nasdaq under the ticker symbol “NAAS.” On December 19, 2024, the closing price of the ADSs on Nasdaq was US$2.01 per ADS. Investing in these securities involves a high degree of risk. Furthermore, investors should be aware that there are various other risks relating to the securities, the issuer and its subsidiaries, their business and ",https://www.sec.gov/Archives/edgar/data/1712178/000110465924131319/tm2430510-2_424b5.htm
0001213900-21-005637,NCEL,424B4,2021-02-01 11:52:11,4.15,patron2,", or, each, a Warrant, in an initial public offering. No public market currently exists for our common shares or any security comprising the Units. The initial public offering price per Unit is $4.15 per Unit. The Units have no stand-alone rights a",,,,https://www.sec.gov/Archives/edgar/data/1783036/000121390021005637/ea134268-424b4_nlspharma.htm
0001213900-24-057574,NCEL,424B5,2024-07-01 08:26:11,0.24,patron0,"offering price per Share offered pursuant to this prospectus supplement is substantially higher than the net tangible book value per share. Accordingly, at the offering price of $0.24 per share and accompanying Private Placement Warr",2024-06-27,0.24,"defined herein) to purchase one common share is $0.24. Our common shares are traded on the Nasdaq Capital Market under the symbol “NLSP.” On June 27, 2024, the last reported sale price of our common shares on the Nasdaq Capital Market was $0.24 per share. In a concurrent private placement, or the Private Placement, we are also selling, to the purchasers of Shares in this offering, warrants to purchase up to 3,277,750 of our common shares, o",https://www.sec.gov/Archives/edgar/data/1783036/000121390024057574/ea0208764-424b5_nlspharma.htm
0001193125-24-078881,NCNA,424B5,2024-03-27 16:47:17,,sin frase,,,,,https://www.sec.gov/Archives/edgar/data/1709626/000119312524078881/d804233d424b5.htm
0001903596-22-000452,NCPL,424B4,2022-07-14 17:29:07,4.15,patron0,"rrants to purchase up to 1,205,000 shares of our common stock, or warrants, to be sold together on a one for one basis in a firm commitment public offering, at public offering price of $4.15 per share of common stock and warrant. The warran",2022-07-11,7.0,"e Nasdaq Capital Market under the symbols “NCPL” and “NCPLW”, respectively. No assurance can be given that a trading market will develop. On July 11, 2022, the last reported sale price for our stock on the OTCQX was $7.00 per share. At present, there is a very limited market for our common stock. The trading price of our common stock has been, and may continue to be, subject to wide price fluctuations in response to various factors, many of",https://www.sec.gov/Archives/edgar/data/1414767/000190359622000452/f2sncpl071322.htm
0001641172-25-019996,NCPL,424B5,2025-07-17 09:06:15,,sin frase,,2025-07-15,4.55," exercise price of $4.55 per Unregistered Warrant Share. Our common stock is traded on The Nasdaq Capital Market under the symbol “NCPL.” On July 15, 2025, the last sale price of our common stock as reported on The Nasdaq Capital Market was $4.55 per share. As of July 16, 2025, the aggregate market value of our outstanding common stock held by non-affiliates was approximately $33,680,759 based on 3,928,387 outstanding shares of com",https://www.sec.gov/Archives/edgar/data/1414767/000164117225019996/form424b5.htm
0001213900-25-115908,NCT,424B4,2025-11-28 12:42:54,7.0,patron0,"ts over -allotment option in part to purchase an additional 175,000 ordinary shares par value US$0.0001 per share (the “Ordinary Shares”) of the Company at the public offering price of $7.00 per share (the “Offering Price”), before deductin",2025-11-26,0.799,"ribution” for more information. Intercont’s Ordinary Shares are traded on the Nasdaq Capital Market (“Nasdaq) under the symbol “NCT”. On November 26, 2025, the closing price for Intercont’s Ordinary Shares was $0.7990 per share as reported on Nasdaq. Intercont is an “emerging growth company” under applicable U.S. federal securities laws, and, as such are eligible for certain reduced public company reporting requirements. See the ",https://www.sec.gov/Archives/edgar/data/2018529/000121390025115908/ea0258017-04.htm
0001104659-20-111026,NCTY,424B4,2020-10-01 16:04:55,0.37,patron0,"tary Shares The9 Limited We are offering 23,500,000 American Depositary Shares, or ADSs, and warrants to purchase 23,500,000 ADSs, or Warrants, at an aggregate offering price of US$0.37 per ADS and Warrant. The ADSs and Warrants will",,,,https://www.sec.gov/Archives/edgar/data/1296774/000110465920111026/tm2032142-1_424b4.htm
0001193125-22-288543,NEUP,424B4,2022-11-18 11:00:50,7.8,patron2," Securities Exchange (“ASX”), under the symbol “BNO.” ADSs representing our ordinary shares are listed on the Nasdaq Global Market under the symbol “BNOX.” The public offering price of the ADSs is $7.80 per ADS. We are an “emerging growth company” as",,,,https://www.sec.gov/Archives/edgar/data/1191070/000119312522288543/d408417d424b4.htm
0001213900-25-100387,NEUP,424B5,2025-10-20 16:30:35,,ATM,,2025-10-17,15.52,"certain liabilities, including liabilities under the Securities Act. Our common stock is listed on the Nasdaq under the symbol “NEUP.” On October 17, 2025, the last reported sale price of our common stock on the Nasdaq was $15.52 per share. INVESTING IN OUR COMMON STOCK INVOLVES A HIGH DEGREE OF RISK. BEFORE MAKING AN INVESTMENT DECISION, PLEASE READ THE INFORMATION UNDER THE HEADING “RISK FACTORS” BEGINNING ON PAGE S-6 OF THE PROSPECTUS SU",https://www.sec.gov/Archives/edgar/data/1191070/000121390025100387/ea0261751-424b5_neuphoria.htm
0001213900-22-051901,NEXR,424B4,2022-08-29 19:32:12,4.16,patron0,"any, each consisting of one ordinary share of the Company, no par value, or Ordinary Shares, a warrant to purchase one Ordinary Share, or each, a Warrant, at a public offering price of $ 4.16 per Unit and the exercise price of each Warrant ",,,,https://www.sec.gov/Archives/edgar/data/1885408/000121390022051901/f424b40822_jeffsbrands.htm
0001213900-25-048281,NEXR,424B5,2025-05-28 16:08:18,,sin frase,,,,,https://www.sec.gov/Archives/edgar/data/1885408/000121390025048281/ea0243648-424b5_jeffs.htm
0001213900-26-006501,NEXR,424B5,2026-01-22 09:22:42,0.6,patron1,"o the Purchase Agreement with the Investors pursuant to which the Company agreed to issue and sell to the Investors, an aggregate of 4,007,125 Ordinary Shares, at a price of $0.60 per Ordinary Share. The Registered Direct Offering is expe",,,,https://www.sec.gov/Archives/edgar/data/1885408/000121390026006501/ea0273683-424b5_jeffs.htm
0001213900-23-037165,NIKI,424B5,2023-05-08 10:30:26,,ATM,,2023-05-05,5.35,"ement and the accompanying prospectus. Our Class A Ordinary Shares are currently listed on the NASDAQ Global Market under the symbol “APM.” On May 5, 2023, the closing sale price of our Class A Ordinary Shares on the NASDAQ Global Market was $5.35 per share. Sales of our shares, if any, under this prospectus supplement and the accompanying prospectus may be made in sales deemed to be an “at-the-market offering” as defined in Rule 415 ",https://www.sec.gov/Archives/edgar/data/1734005/000121390023037165/ea178125-424b5_aptorumgroup.htm
0001213900-25-000606,NIKI,424B5,2025-01-03 12:31:47,2.0,patron0,"torum Group Limited Securities Offered pursuant to this prospectus supplement: 1,535,000 Class A Ordinary Shares with an aggregate offering price of $3,070,000 Offering Price $2.00 per Class A Ordinary Share Class A Ordinary Shares ",2024-12-31,2.8," accompanying base prospectus. Our Class A Ordinary Shares are listed on The Nasdaq Capital Market, or Nasdaq, under the symbol “APM” On December 31, 2024, the last reported sale price of our Class A Ordinary Shares on Nasdaq was US$2.80 per share. The aggregate market value of our outstanding Class A Ordinary Shares held by non-affiliates, or public float, as of December 31, 2024, was approximately US$9.67 million, which was calculated bas",https://www.sec.gov/Archives/edgar/data/1734005/000121390025000606/ea0226717-424b5_aptorum.htm
0001654954-24-007519,NIXX,424B5,2024-06-07 16:01:41,1.0,patron0,"r Common Stock outstanding as of March 31, 2024. S-8 Table of Contents After giving effect to the sale of 481,000 shares of Common Stock in this offering at an offering price of $1.00 per share, and after deducting estimated offering",,,,https://www.sec.gov/Archives/edgar/data/1462223/000165495424007519/rcrt_424b5.htm
0001193125-21-264680,NKTX,424B5,2021-09-02 18:38:51,,ATM,,2021-08-11,38.36,"h or to Cowen, acting as our agent or principal. Our common stock is listed on The Nasdaq Global Select Market under the symbol “NKTX.” On August 11, 2021, the last reported sale price of our common stock on The Nasdaq Global Select Market was $38.36 per share. Sales of our common stock, if any, under this prospectus will be made in sales deemed to be an “at-the-market offering” as defined in Rule 415(a)(4) promulgated under the Securities ",https://www.sec.gov/Archives/edgar/data/1787400/000119312521264680/d86880d424b5.htm
0001493152-20-022631,NMAD,424B4,2020-11-27 17:25:04,,sin frase,,2020-11-24,5.87,"n issuance. Our common stock and Warrants are listed on The Nasdaq Capital Market under the symbols “LIXT” and “LIXTW”, respectively. On November 24, 2020, the last reported sale price of our common stock was $5.87 per share. The closing price gives effect to a 1-for-6 reverse split of our outstanding shares of common stock which was effected on November 18, 2020. The public offering price per Unit was determined between us and the underwri",https://www.sec.gov/Archives/edgar/data/1335105/000149315220022631/form424b4.htm
0001493152-21-023173,NMAD,424B5,2021-09-20 17:22:28,,ATM,,2021-09-14,2.19,"e to time through WestPark Capital acting as agent. Our common stock is listed on the Nasdaq Capital Market under the symbol “LIXT”. On September 14, 2021, the last reported sale price of our common stock on the Nasdaq Capital Market was $2.19 per share. Sales of our common stock, if any, under this prospectus supplement and the accompanying prospectus may be made in sales deemed to be “at-the-market offerings” as defined in Rule 415 under ",https://www.sec.gov/Archives/edgar/data/1335105/000149315221023173/form424b5.htm
0001493152-23-025098,NMAD,424B5,2023-07-20 16:25:31,6.0,patron1,"Shares of Common Stock underlying such Pre-Funded Warrants We are offering (i) 180,000 shares of our common stock, par value $0.001 per share (“Common Stock”), at a price of $6.00 per share and (ii) pre-funded warrants (the “Pre-",2023-07-17,7.53,"n 4(a)(2) under the Securities Act and Rule 506(b) promulgated thereunder. Our Common Stock is listed on The Nasdaq Capital Market under the symbol “LIXT”. The last sale price of our Common Stock on July 17, 2023, as reported by The Nasdaq Capital Market, was $7.53 per share. There is no established public trading market for the Pre-Funded Warrants or Common Warrants and we do not expect a market to develop. Without an active tradi",https://www.sec.gov/Archives/edgar/data/1335105/000149315223025098/form424b5.htm
0001493152-24-017771,NMAD,424B5,2024-05-03 17:21:21,,sin frase,,2024-04-30,2.76,"te by reference, before you invest in our common stock. Our common stock is listed on The Nasdaq Capital Market under the symbol “LIXT”. On April 30, 2024, the last reported sale price for our common stock was $2.76 per share. Investing in common stock involves risk. Please read carefully the section entitled “ Risk Factors ” beginning on page 2 of this prospectus. Neither the Securities and Exchange Commission nor any state securities comm",https://www.sec.gov/Archives/edgar/data/1335105/000149315224017771/form424b5.htm
0001213900-18-002019,NNDM,424B5,2018-02-16 16:08:06,2.0,patron0,"e of 6,000,000 ADSs offered by us in this offering (approximately $12,490,000 if the underwriters exercise their over-allotment option in full), based upon the public offering price of $2.00 per ADS . We currently expect to use the net pr",2018-02-14,3.064," 2018 3.73 3.20 December 2017 3.94 2.95 November 2017 4.66 3.90 October 2017 5.72 4.61 September 2017 5.23 4.90 August 2017 5.59 4.22 On February 14, 2018, the last reported sale price of our ADSs on the Nasdaq Capital Market was $3.064 per ADS. S- 8 DIVIDEND POLICY We have never declared or paid any cash dividends on our ordinary shares and do not anticipate paying any cash dividends on our ordinary shares in the foreseeable future. Paymen",https://www.sec.gov/Archives/edgar/data/1643303/000121390018002019/f424b5021518_nanodimension.htm
0001213900-20-009976,NNDM,424B4,2020-04-23 17:24:27,0.7,patron0," Share American Depositary Shares Underlying the Pre-funded Warrants Nano Dimension Ltd. We are offering 17,428,000 American Depositary Shares, or ADSs, at the public offering price of $0.70 per ADS. Each ADS represents fifty of our ordin",2020-04-20,1.24,"e no assurance that we will sell any of the securities being offered. Our ADSs are listed on the Nasdaq Capital Market, or Nasdaq, under the symbol “NNDM.” The last reported sale price of our ADSs on April 20, 2020 was $1.24 per ADS. The actual offering price per ADS in this offering will be determined between us and the underwriter at the time of pricing, and may be at a discount to the current market price for our ADSs. Our Ordinary Share",https://www.sec.gov/Archives/edgar/data/1643303/000121390020009976/ea120982-424b4_nanodimension.htm
0001213900-23-059830,NNOX,424B5,2023-07-26 09:06:23,,sin frase,,,,,https://www.sec.gov/Archives/edgar/data/1795251/000121390023059830/ea182345-424b5_nanoximag.htm
0001104659-20-132019,NNVC,424B5,2020-12-03 16:30:36,,ATM,,2020-12-02,3.76,"e Prospectus and any future amendments or supplements thereto. Our common stock is quoted on the NYSE American under the symbol “NNVC”. On December 2, 2020 the last reported sale price of our common stock on the NYSE American was $3.76 per share. On October 13, 2020, the date we filed our Annual report on Form 10-K for the fiscal year ended June 30, 2020, our Prospectus became subject to the offering limits in General Instruction I.B.6 OF F",https://www.sec.gov/Archives/edgar/data/1379006/000110465920132019/tm2037631d1_424b5.htm
0001213900-21-051452,NTRB,424B4,2021-10-05 16:47:36,8.6,patron1,"ursuant to a Stock Purchase Agreement (“SPA”), dated December 7, 2020, with the Company, BPM Inno Ltd., Kiryat, Israel, purchased 81,395 shares of common stock at a price of $8.60 per share, or $700,000. The transaction was compl",2021-10-04,6.47," approved for listing of our common stock and Warrants on the NASDAQ Capital Market under the symbols “NTRB” and “NTRBW,” respectively. On October 4, 2021, the last reported sale price of our common stock was $6.47 per share. We are an “emerging growth company” as that term is used in the Jumpstart Our Business Startups Act of 2012, and as such, we have elected to take advantage of certain reduced public company reporting requirements for t",https://www.sec.gov/Archives/edgar/data/1676047/000121390021051452/ea148418-424b4_nutriband.htm
0001493152-20-005871,NTRP,424B5,2020-04-06 09:01:20,,sin frase,,2020-04-01,3.14,"ued in a private placement and not part of this offering. Our common stock is listed on The NASDAQ Capital Market under the symbol “SGLB.” On April 1, 2020 the last reported sale price of our common stock on The NASDAQ Capital Market was $3.14 per share. The pre-funded warrants are not and will not be listed for trading on The NASDAQ Capital Market, or any other securities exchange or nationally recognized trading system. There is no market",https://www.sec.gov/Archives/edgar/data/788611/000149315220005871/form424b5.htm
0001493152-23-028458,NTRP,424B5,2023-08-14 16:11:23,,ATM,,2023-08-11,0.2471,"933, as amended (the “Securities Act”). Our common stock is traded on The NASDAQ Capital Market LLC (“NASDAQ”) under the symbol “SASI.” On August 11, 2023, the closing price of our common stock as reported on NASDAQ was $0.2471 per share. The trading price of our common stock has been, and is likely to continue to be, highly volatile, which could cause you to lose part or all of your investment. During the past twelve months, the",https://www.sec.gov/Archives/edgar/data/788611/000149315223028458/form424b5.htm
0001140361-21-031825,NUWE,424B4,2021-09-20 16:16:09,,sin frase,,2021-09-17,2.6,"e Prospectus, as previously supplemented. The Company’s common stock is listed on the Nasdaq Capital Market under the symbol “NUWE.” On September 17, 2021, the last reported sale price of the Company’s common stock on the Nasdaq Capital Market was $2.60 per share. The information contained in this Supplement modifies and supersedes, in part, the information in the Prospectus. Any information that is modified or superseded in the Prospectus ",https://www.sec.gov/Archives/edgar/data/1506492/000114036121031825/ny20000722x5_424b4.htm
0001140361-24-038439,NUWE,424B5,2024-08-23 21:31:56,1.845,patron0,"f Common Stock, the purchaser of securities in this offering will experience immediate and substantial dilution on the book value basis. Based on the effective offering price of $1.8450 per share of Common Stock and our pro forma net t",,,,https://www.sec.gov/Archives/edgar/data/1506492/000114036124038439/ny20034687x1_424b5.htm
0001140361-25-033737,NUWE,424B5,2025-09-03 08:49:02,12.6,patron2,"(“Series A Warrants”) and Series B Warrants to purchase up to 396,829 shares of common stock (“Series B Warrants”, collectively, the “June 2025 Offering”). The public offering price per share of common stock and accompanying warrants is $12.60 per share and accompanying warrants, and the publ",,,,https://www.sec.gov/Archives/edgar/data/1506492/000114036125033737/ny20054911x1_424b5.htm
0001140361-26-024372,NUWE,424B4,2026-06-08 09:03:34,0.3,patron0,"ts (“Series D common warrants”, and together with the Series C common warrants, the “common warrants”) to purchase up to 20,000,000 shares of common stock at a public offering price of $0.30 per share and accompanying common warrants. Each ",2026-06-04,0.431,"tely fund the intended uses of the proceeds as described in this prospectus. Our common stock is listed on Nasdaq under the symbol “NUWE.” On June 4, 2026, the last reported sale price of our common stock on Nasdaq was $0.431 per share. There is no established trading market for the pre-funded warrants or common warrants, and we do not expect a market to develop. We do not intend to apply for a listing of the pre-funded warrants or common w",https://www.sec.gov/Archives/edgar/data/1506492/000114036126024372/ny20073226x4_424b4.htm
0001104659-23-088612,NVAX,424B5,2023-08-08 07:48:12,,ATM,,2023-08-04,8.06,"eference, carefully before you invest. Our common stock is listed on the Nasdaq Global Select Market (“Nasdaq”), under the symbol “NVAX”. On August 4, 2023 the closing price of our common stock as reported on Nasdaq was $8.06 per share. Sales of shares of our common stock, if any, under this prospectus supplement may be made by any method deemed to be an “at the market offering” as defined in Rule 415 under the Securities Act of ",https://www.sec.gov/Archives/edgar/data/1000694/000110465923088612/tm2323012d1_424b5.htm
0001493152-18-008138,NVNO,424B4,2018-06-01 17:09:27,,sin frase,,,,,https://www.sec.gov/Archives/edgar/data/1661053/000149315218008138/form-424b4.htm
0001821769-25-000027,NVTS,424B5,2025-03-20 06:21:12,,ATM,,2025-03-19,2.53,"hrough Jefferies acting as our agent. Our Class A common stock is listed on The Nasdaq Global Market (“Nasdaq”) under the symbol “NVTS”. On March 19, 2025, the last reported sale price of our Class A common stock on Nasdaq was $2.53 per share. Sales of our Class A common stock, if any, under this prospectus supplement and the accompanying prospectus may be made in sales deemed to be an “at the market offering” as defined in Rule 415(a)(4) p",https://www.sec.gov/Archives/edgar/data/1821769/000182176925000027/nvtsatmprosuppmarch2025.htm
0001829126-25-003425,NXL,424B4,2025-05-06 11:44:26,1.3,patron1,"res of Common Stock NEXALIN TECHNOLOGY, INC. We are offering under this prospectus supplement 3,850,000 shares of our common stock, par value $0.001 per share, at a price of $1.30 per share. Our common stock is traded on The Nasd",2025-04-22,1.74,"-month period that ends on and includes the date hereof. Our common stock is listed on The Nasdaq Capital Market under the symbol “NXL.” On April 22, 2025, the last reported sale price of our common stock was $1.74 per share. The applicable prospectus supplement will contain information, where applicable, as to any other listing, if any, on The Nasdaq Capital Market or any securities market or other securities exchange of the securities cov",https://www.sec.gov/Archives/edgar/data/1527352/000182912625003425/nexalintech_424b4.htm
0001493152-21-015333,NXPL,424B5,2021-06-28 06:14:26,,sin frase,,,,,https://www.sec.gov/Archives/edgar/data/1058307/000149315221015333/form424b5.htm
0001104659-25-123304,NXTC,424B5,2025-12-19 17:29:54,,ATM,,2025-12-18,10.7,".C. Wainwright acting as our agent. Our common stock is listed on the Nasdaq Global Select Market (“Nasdaq”) under the symbol “NXTC.” On December 18, 2025, the last reported sale price of our common stock on Nasdaq was $10.70 per share. As of December 19, 2025, the aggregate market value of our common stock held by our non-affiliates, as calculated pursuant to the rules of the Securities and Exchange Commission (the “SEC”), was approximatel",https://www.sec.gov/Archives/edgar/data/1661059/000110465925123304/tm2533949-1_424b5.htm
0001493152-22-023349,NXTS,424B5,2022-08-17 17:14:24,3.0,patron0,"ses only. S- 2 THE OFFERING Issuer Save Foods, Inc. Securities offered by us in this offering 1,600,000 shares of our common stock, par value $0.0001 per share Offering price $3.00 per share of common stock Common stock outstandin",2022-08-12,5.61,"g prospectus. Our common stock, par value $0.0001 per share is listed on the Nasdaq Capital Market, or Nasdaq, under the symbol “SVFD.” On August 12, 2022, the last reported sale price of our Common Stock as reported on the Nasdaq was $5.61 per share. We are an emerging growth company, as defined in the Jumpstart Our Business Startups Act of 2012, and have elected to comply with certain reduced public company reporting requirements. Investi",https://www.sec.gov/Archives/edgar/data/1789192/000149315222023349/form424b5.htm
0001493152-26-028582,NXTS,424B5,2026-06-15 06:02:05,4.008,patron0,"ril 29, 2026) 311,876 Shares of Common Stock Nexentis Technologies Inc. We are offering to certain institutional investors 311,876 shares of common stock at an offering price of $4.008 per share, pursuant to this prospectus supplement",2026-06-11,5.01,"ot and will not be listed for trading on any national securities exchange. Our common stock is listed on the Nasdaq Capital Market under the symbol “NXTS.” The last reported sale price of our shares of common stock, as reported on the Nasdaq Capital Market on June 11, 2026 was $5.01 per share. The aggregate market value of our outstanding common stock held by non-affiliates pursuant to General Instruction I.B.6 of Form S-3 was approximately",https://www.sec.gov/Archives/edgar/data/1789192/000149315226028582/form424b5.htm
0001477932-22-005228,NXTT,424B4,2022-07-19 17:30:24,4.0,patron0,"ETG”. As of July 18, 2022, our stock price on the OTC Markets is $12.00, however, there has been no established public trading market for our common stock. The offering price is $4.00 per share. Quotes on the OTC Markets may not be i",,,,https://www.sec.gov/Archives/edgar/data/1784970/000147793222005228/wtg_424b4.htm
0001193125-18-111723,OGEN,424B5,2018-04-09 17:55:59,2.0,patron0," substantially exceeds the value of our tangible assets after subtracting liabilities. Investors will incur immediate dilution of $0.66 per share, based on the public offering price of $2.00 per share and the net tangible book value as of D",2018-04-05,1.9,"n Section 4(a)(2) under the Securities Act and Rule 506(b) promulgated thereunder. Our common stock is listed on the NYSE American under the symbol “OGEN.” The last reported sale price of our common stock on the NYSE American on April 5, 2018 was $1.90 per share. We have applied to list the shares being sold in this offering on the NYSE American. There can be no assurances that the NYSE American will grant the application. The aggregate mar",https://www.sec.gov/Archives/edgar/data/1174940/000119312518111723/d568101d424b5.htm
0001493152-20-024364,OGEN,424B5,2020-12-28 16:59:54,0.45,patron1,"ock, par value $0.001 per share, (the “Common Stock ”), pursuant to this prospectus supplement, the accompanying prospectus and a securities purchase agreement at a price of $0.45 per share. Our common stock is listed on the NYSE",2020-12-24,0.43,"ying prospectus and a securities purchase agreement at a price of $0.45 per share. Our common stock is listed on the NYSE American under the symbol “OGEN.” The last reported sale price of our common stock on the NYSE American on December 24, 2020 was $0.43 per share. We have applied to list the shares being sold in this offering on the NYSE American. There can be no assurances that the NYSE American will grant the application. We have retai",https://www.sec.gov/Archives/edgar/data/1174940/000149315220024364/form424b5.htm
0001213900-20-021275,OLB,424B4,2020-08-10 21:56:43,,sin frase,,2020-07-28,10.4,". Our common stock is currently quoted on the Pink Open Market (f/k/a OTC Pink) published by OTC Markets Group, Inc. (“OTC Pink”) under the symbol “OLBG. ” The last reported sale price of our common stock on the OTC Pink, as of July 28, 2020, was $10.40 per share. Each Unit consists of: (a) one share of our common stock; (b) two Series A warrants (the “Series A Warrants”), with each Series A Warrant entitling the holder thereof purchase one",https://www.sec.gov/Archives/edgar/data/1314196/000121390020021275/f424b40820_olbgroup.htm
0001213900-21-044201,OLB,424B5,2021-08-23 08:56:44,,sin frase,,2021-08-18,5.42," Securities Act and Rule 506(b) promulgated thereunder. Our common stock is listed on the Nasdaq Capital Market under the symbol “OLB.” On August 18, 2021, the last reported sale price of our common stock on the Nasdaq Capital Market was $5.42 per share. As of the date of this prospectus, the aggregate market value of our outstanding common stock held by non-affiliates was approximately $18,588,772, which was calculated based on 7,274,427 s",https://www.sec.gov/Archives/edgar/data/1314196/000121390021044201/ea146229-424b5_olbgroup.htm
0001193125-25-007090,OLMA,424B5,2025-01-15 16:46:29,,ATM,,2025-01-03,5.89,"the Prior Sales Agreement subsequent to the date of this prospectus. Our common stock is listed on the Nasdaq Global Select Market under the symbol “OLMA.” The last reported sale price of our common stock on January 3, 2025 was $5.89 per share. Sales of our common stock, if any, under this prospectus may be made in sales deemed to be “at the market” equity offerings as defined in Rule 415 promulgated under the Securities Act of 1933, as ame",https://www.sec.gov/Archives/edgar/data/1750284/000119312525007090/d901834d424b5.htm
0001213900-19-007169,OLOX,424B5,2019-04-26 06:18:54,1.1,patron0," in this offering will incur immediate dilution of $0.87 per share, after giving effect to the sale of an aggregate of 847,750 shares of our common stock at an offering price of $1.10 per share, after deducting placement agent fees a",2019-04-24,1.35," prospectus supplement and the accompanying prospectus. Our common stock is listed on The Nasdaq Capital Market under the symbol “SGBX.” On April 24, 2019, the last reported sale price of our common stock on The Nasdaq Capital Market was $1.35 per share. In a concurrent private placement, we are selling to the purchasers of shares of our common stock in this offering, warrants to purchase up to a number of shares of our common stock equal t",https://www.sec.gov/Archives/edgar/data/1023994/000121390019007169/f424b50419_sgblocks.htm
0001213900-19-025899,OLOX,424B4,2019-12-11 16:48:29,0.15,patron1,"Registration No. 333-235295 PROSPECTUS 15,000,000 Shares of Common Stock SG Blocks, Inc. We are offering 15,000,000 shares of our common stock in this offering at a price of $0.15 per share. Our common stock is listed on The Nasd",2019-12-10,0.22,"tock in this offering at a price of $0.15 per share. Our common stock is listed on The Nasdaq Capital Market under the symbol “SGBX.” On December 10, 2019, the last reported sale price of our common stock on The Nasdaq Capital Market was $0.22 per share. The public offering price per share of our common stock was determined between us, the underwriter and investors based on market conditions at the time of pricing and was at a discount to t",https://www.sec.gov/Archives/edgar/data/1023994/000121390019025899/f424b4121119_sgblocksinc.htm
0001213900-20-011300,OLOX,424B4,2020-05-07 16:28:57,2.5,patron1,"le 424(b)(4) Registration No. 333-237682 6,000,000 Shares of Common Stock SG Blocks, Inc. We are offering 6,000,000 shares of our common stock in this offering at a price of $2.50 per share. Our common stock is listed on the Nasd",2020-05-06,3.3,"mmon stock in this offering at a price of $2.50 per share. Our common stock is listed on the Nasdaq Capital Market under the symbol “SGBX.” On May 6, 2020, the last reported sale price of our common stock on the Nasdaq Capital Market was $3.30 per share. The public offering price per share of our common stock was determined between us, the underwriter and investors based on market conditions at the time of pricing and was at a discount to t",https://www.sec.gov/Archives/edgar/data/1023994/000121390020011300/ea121496-424b4_sgblocks.htm
0001193125-15-027577,OMER,424B5,2015-01-30 15:26:19,20.03,patron0,"is not part of this prospectus supplement or the accompanying prospectus. S-3 Table of Contents THE OFFERING Common stock offered by us 2,995,506 shares at the public offering price of $20.03 per share. Pre-funded warrants offered by us Pre-",2015-01-28,20.03,"pon exercise of these pre-funded warrants. Our common stock is listed for trading on The NASDAQ Global Market under the symbol “OMER.” On January 28, 2015, the last reported sale price of our common stock on The NASDAQ Global Market was $20.03 per share. We do not intend to list the pre-funded warrants on the NASDAQ Global Market or any other national securities exchange or automated quotation system. Investing in our common stock involves ",https://www.sec.gov/Archives/edgar/data/1285819/000119312515027577/d860348d424b5.htm
0001193125-17-259981,OMER,424B5,2017-08-16 17:32:19,22.75,patron0," and the net tangible book value per share of our common stock. After giving effect to the sale of 3,000,000 shares of our common stock in this offering at the public offering price of $22.75 per share and based on our net tangible book valu",2017-08-14,24.61,"ering 3,000,000 shares of our common stock. Our common stock is listed for trading on The Nasdaq Global Market under the symbol “OMER.” On August 14, 2017, the last reported sale price of our common stock on The Nasdaq Global Market was $24.61 per share. Per Share Total Public offering price $ 22.75 $ 68,250,000 Underwriting fees and discount (1) $ 1.46 $ 4,380,000 Proceeds before expenses, to us $ 21.29 $ 63,870,000 (1) See “Underwriting” ",https://www.sec.gov/Archives/edgar/data/1285819/000119312517259981/d398711d424b5.htm
0001104659-25-070553,OMER,424B5,2025-07-25 08:07:41,4.1,patron0,"the price per share you pay and the net tangible book value per share of our common stock. After giving effect to the sale of shares of our common stock at the offering price of $4.10 per share, after deducting the Placement Agent fe",2025-07-24,3.59,"prospectus, at a purchase price equal to $4.10 per share. Our common stock is traded on The Nasdaq Global Market under the symbol “OMER.” On July 24, 2025, the last reported sale price of our common stock on The Nasdaq Global Market was $3.59 per share. We have engaged D. Boral Capital LLC (the “Placement Agent”) to act as our exclusive placement agent in connection with this offering. We have agreed to pay to the Placement Agent the fees s",https://www.sec.gov/Archives/edgar/data/1285819/000110465925070553/tm2516030-3_424b3.htm
0001552781-25-000420,OMER,424B5,2025-11-14 07:25:33,,ATM,,2025-11-13,6.28,"to $150,000,000 through Cantor acting as sales agent. Our common stock is traded on The Nasdaq Global Market under the symbol “OMER.” On November 13, 2025, the last reported sale price of our common stock was $6.28 per share. Sales of our common stock under this prospectus supplement and the accompanying prospectus, if any, may be made by any method that is deemed to be an “at the market offering” as defined in Rule 415(a)(4) under the Secu",https://www.sec.gov/Archives/edgar/data/1285819/000155278125000420/e25416_omer-424b5.htm
0001193125-25-097015,OMEX,424B5,2025-04-25 16:44:09,,ATM,,2025-04-22,0.4565,"tters that investors in our securities should consider. Our common stock is traded on the Nasdaq Capital Market under the symbol “OMEX.” On April 22, 2025, the closing price of our common stock on the Nasdaq Capital Market was $0.4565 per share. As of April 22, 2025, the aggregate market value of our outstanding common stock held by non-affiliates, or the public float, was approximately $12.8 million, which was calculated based u",https://www.sec.gov/Archives/edgar/data/798528/000119312525097015/d857153d424b5.htm
0001493152-23-008567,OMH,424B4,2023-03-22 17:10:18,,ATM,,,,,https://www.sec.gov/Archives/edgar/data/1944902/000149315223008567/form424b4.htm
0001213900-22-008760,ONCO,424B4,2022-02-22 18:12:44,9.0,patron0,"ffering of our common stock. Prior to this offering there has been no public market for our common stock. We are offering 2,222,222 shares of common stock. The initial public offering price is $9.00 per share. Our common stock has been approved for",,,,https://www.sec.gov/Archives/edgar/data/1782107/000121390022008760/f424b40222_bluewatervac.htm
0001213900-23-024170,ONCO,424B5,2023-03-29 17:20:04,,ATM,,2023-03-27,1.03,"mmon stock from time to time through Wainwright acting as agent. Our common stock is listed on The Nasdaq Capital Market (“Nasdaq”) under the symbol “BWV.” The last reported sale price of our common stock on Nasdaq on March 27, 2023 was $1.03 per share. Sales of our common stock, if any, under this prospectus supplement and accompanying prospectus may be made in sales deemed to be “at the market equity offerings” as defined in Rule 415 prom",https://www.sec.gov/Archives/edgar/data/1782107/000121390023024170/ea175630-424b5_bluewater.htm
0001213900-24-098814,ONCO,424B4,2024-11-15 10:45:09,,sin frase,,,,,https://www.sec.gov/Archives/edgar/data/1782107/000121390024098814/ea0221380-424b4_onconetix.htm
0001213900-24-114134,ONDS,424B5,2024-12-31 17:25:20,,sin frase,,,,,https://www.sec.gov/Archives/edgar/data/1646188/000121390024114134/ea0226247-424b5_ondas.htm
0001654954-22-012930,ONFO,424B4,2022-09-23 21:11:42,4.98,patron1,"y option to the representative(s) of the underwriters, exercisable one or more times in whole or in part, to purchase up to an additional 413,063 common shares at a price of $4.98 per share and/or up to 826,126 additional warrant",,,,https://www.sec.gov/Archives/edgar/data/1825452/000165495422012930/onfo_424b4.htm
0001654954-25-010231,ONFO,424B4,2025-09-02 06:03:25,,sin frase,,,,,https://www.sec.gov/Archives/edgar/data/1825452/000165495425010231/onfo_424b4.htm
0001493152-24-015946,ORBS,424B5,2024-04-25 16:38:23,,ATM,,2024-04-01,0.785,"ectus supplement. See “Plan of Distribution.” Our common stock is listed on The Nasdaq Capital Market (“Nasdaq”) under the symbol “OCTO.” On April 1, 2024, the last reported sale price of our common stock was $0.785 per share as reported on Nasdaq. We recommend that you obtain current market quotations for our common stock prior to making an investment decision. We will provide information in any applicable prospectus supplement regarding a",https://www.sec.gov/Archives/edgar/data/1892492/000149315224015946/form424b5.htm
0001493152-24-038350,ORBS,424B5,2024-09-26 17:10:19,,ATM,,2024-09-25,3.63," of our outstanding common stock held by non-affiliates is $7,570,292, based on 2,085,480 outstanding shares of our common stock held by non-affiliates and the last sale price of our common stock on September 25, 2024 of $3.63 per share. During the 12 calendar months prior to, and including, the date of this Amendment, we have sold $1,995,791 of securities pursuant to General Instruction I.B.6 of Form S-3. In no event may we sell s",https://www.sec.gov/Archives/edgar/data/1892492/000149315224038350/form424b5.htm
0001193125-19-070964,ORKA,424B5,2019-03-11 17:11:33,,ATM,,2019-03-08,0.4299,"months prior to and including the date of this prospectus supplement. Our common stock is listed on the Exchange under the symbol “ABIO.” On March 8, 2019, the last reported sale price of our common stock was $0.4299 per share. Sales of our common stock, if any, under this prospectus supplement and accompanying prospectus may be made in sales deemed to be “at the market offerings” as defined in Rule 415 promulgated under the Securities Act ",https://www.sec.gov/Archives/edgar/data/907654/000119312519070964/d718455d424b5.htm
0001193125-19-186177,ORKA,424B5,2019-06-28 17:01:26,,ATM,,2019-06-27,7.07,"months prior to and including the date of this prospectus supplement. Our common stock is listed on the Exchange under the symbol “ABIO.” On June 27, 2019, the last reported sale price of our common stock was $7.07 per share. Sales of our common stock, if any, under this prospectus supplement and accompanying prospectus may be made in sales deemed to be “at the market offerings” as defined in Rule 415 promulgated under the Securities Act of",https://www.sec.gov/Archives/edgar/data/907654/000119312519186177/d40667d424b5.htm
0001213900-24-064156,OSTX,424B4,2024-08-01 17:07:01,4.0,patron0," of common stock of OS Therapies Incorporated. Prior to this offering, no public market has existed for our common stock. We are offering 1,600,000 shares. The initial public offering price is $4.00 per share. Our shares of common stock have been a",,,,https://www.sec.gov/Archives/edgar/data/1795091/000121390024064156/ea0205761-10.htm
0001193125-20-299425,OVID,424B5,2020-11-20 16:23:23,,ATM,,2020-11-10,5.15,"0 from time to time through Cowen. Our common stock is listed on The Nasdaq Global Select Market, or Nasdaq, under the symbol “OVID.” On November 10, 2020, the last reported sale price of our common stock was $5.15 per share. Sales of our common stock, if any, under this prospectus may be made in sales deemed to be an “at the market offering” as defined in Rule 415(a)(4) promulgated under the Securities Act of 1933, as amended, or the Secur",https://www.sec.gov/Archives/edgar/data/1636651/000119312520299425/d947308d424b5.htm
0001193125-18-271267,PACB,424B5,2018-09-12 06:14:38,4.25,patron0," value per share of our common stock immediately afterwards. After giving effect to the sale by us of 14,117,647 shares of common stock in this offering at the public offering price of $4.25 per share and after deducting the underwriting di",2018-09-11,4.565,"fering 14,117,647 shares of our common stock. Our common stock is listed on The NASDAQ Global Select Market under the symbol “PACB.” On September 11, 2018, the last reported sale price for our common stock on The NASDAQ Global Select Market was $4.565 per share. Our business and an investment in our common stock involve significant risks. These risks are described under the caption “ Risk Factors ” beginning on page S-4 of this prospectus. ",https://www.sec.gov/Archives/edgar/data/1299130/000119312518271267/d620303d424b5.htm
0001493152-23-010924,PALI,424B5,2023-04-05 08:49:28,,sin frase,,,,,https://www.sec.gov/Archives/edgar/data/1357459/000149315223010924/form424b5.htm
0001493152-23-032194,PALI,424B5,2023-09-11 08:00:23,,sin frase,,2023-09-08,0.76,"d at a public offering price of $0.84. Our common stock is traded on The Nasdaq Capital Market under the symbol “PALI.” On September 8, 2023, the last reported closing sale price of our common stock on The Nasdaq Capital Market was $0.76 per share. As of the date of this prospectus supplement, the aggregate market value of our outstanding shares of common stock held by non-affiliates was $5,179,295.88, based on 6,862,018 outstanding s",https://www.sec.gov/Archives/edgar/data/1357459/000149315223032194/form424b5.htm
0001641172-25-008633,PAPL,424B4,2025-05-05 10:15:25,0.15,patron0,"mmon Shares Underlying the Warrants PINEAPPLE FINANCIAL INC. Pineapple Financial Inc. is offering on a best efforts basis, 10,000,000 units (the “Units”), at a public offering price of $0.15 per Unit. Each Unit consists of: (i) one common ",2025-05-01,0.1955," Shares issuable upon exercise of the Warrants included in the Units offered hereby. Our Common Shares are listed on NYSE American under the symbol “PAPL.” The closing price of our Common Shares on May 1, 2025, as reported by The NYSE American, was $0.1955 per share. There is no established trading market for the Units or Warrants and we do not intend to list the Units or Warrants on any securities exchange or nationally recogniz",https://www.sec.gov/Archives/edgar/data/1938109/000164117225008633/form424b4.htm
0001493152-24-044908,PARA,424B1,2024-11-13 06:06:15,9.0,patron2,"4,556 shares of our Class A common stock, 173,222 pre-funded warrants (the “ Pre-Funded Warrants ”), and 277,778 common warrants (the “ Common Warrants ”). The public offering price was $9.00 per share and accompanying Common Warrant, or $8.",2024-10-14,3.7,"may continue for an extended period of time. Our Class A Common Stock is listed on The Nasdaq Capital Market, under the symbol “BNZI.” On October 14, 2024, the last reported sale price of our Class A Common Stock was $3.70 per share. We are an “emerging growth company,” as defined in Section 2(a) of the Securities Act, and, as such, have elected to comply with certain reduced public disclosure requirements for this prospectus and future fil",https://www.sec.gov/Archives/edgar/data/1826011/000149315224044908/form424b1.htm
0001213900-19-021187,PAVS,424B4,2019-10-25 17:31:13,5.5,patron0,"public offering of our ordinary shares. We are offering on a firm commitment basis our ordinary shares, US$0.0005 par value per share (“Ordinary Shares”) at an offering price of $5.50 per share. Prior to this offering, there was no p",,,,https://www.sec.gov/Archives/edgar/data/1751876/000121390019021187/f424b4102519_happinessbio.htm
0001929980-26-000266,PAVS,424B5,2026-06-16 12:45:38,0.2,patron0,"t” or “Warrant”, and, collectively, the “Pre-Funded Warrants” or “Warrants”; the Class A Ordinary Shares underlying the Warrants, the “Warrant Shares”), at the public offering price of $0.20 per share (the “Offering”). The purchase price of",2026-06-15,0.21,"e to time upon the exercise of the Warrants. Our Class A Ordinary Shares are listed on the Nasdaq Capital Market under the symbol “PAVS.” On June 15, 2026, the last reported sale price of our Class A Ordinary Shares on the Nasdaq Capital Market was $0.21 per share. The applicable prospectus supplement will contain information, where applicable, as to other listings, if any, on the Nasdaq Capital Market or other securities exchange of the se",https://www.sec.gov/Archives/edgar/data/1751876/000192998026000266/pavs_424b5.htm
0001641172-25-012416,PCLA,424B4,2025-05-27 10:02:09,0.3,patron0,"s 6,100,000 American depositary shares (the “ADSs”), representing 6,100,000 of our common shares (“Common Shares”), no par value. We are offering the ADSs at a public offering price of $0.30 per share. The ADSs are listed on the Nasdaq Capi",,,,https://www.sec.gov/Archives/edgar/data/2018462/000164117225012416/form424b4.htm
0001493152-24-004154,PCSA,424B4,2024-01-29 16:15:23,4.5,patron0,"fering 476,000 shares of our common stock and accompanying common warrants to purchase up to 1,555,555 shares of our common stock (the “Common Warrants”), at a combined public offering price of $4.50 per share of common stock and accompanying Common",2024-01-25,5.1,"e 40 of this prospectus for more information regarding these arrangements. Our common stock is listed on The Nasdaq Capital Market under the symbol “PCSA.” The closing price of our common stock on January 25, 2024, as reported by The Nasdaq Capital Market, was $5.10 per share. We filed an amendment to our Fourth Amended and Restated Certificate of Incorporation to effect a one-for-twenty reverse stock split of our issued and outs",https://www.sec.gov/Archives/edgar/data/1533743/000149315224004154/form424b4.htm
0001493152-24-021623,PCSA,424B5,2024-05-28 16:49:30,,ATM,,2024-05-17,1.96,", including liabilities under the Securities Act. Our common stock is listed on the Nasdaq Capital Market under the trading symbol “PCSA.” On May 17, 2024, the last reported sale price of our common stock on the Nasdaq Capital Market was $1.96 per share. The aggregate market value of our outstanding common stock held by non-affiliates as of the date of this prospectus was approximately $7.7 million, based on 2,858,007 shares of common stock",https://www.sec.gov/Archives/edgar/data/1533743/000149315224021623/form424b5.htm
0001193125-22-008940,PCVX,424B5,2022-01-13 21:44:20,20.0,patron0," common stock, you will suffer substantial dilution with respect to the net tangible book value of the common stock you purchase in this offering. Based on the public offering price of $20.00 per share and our net tangible book value as of S",2022-01-12,22.0,"common stock issuable upon the exercise of such pre-funded warrants. Our common stock is listed on the Nasdaq Global Select Market under the symbol “PCVX.” The last reported sale price of our common stock on the Nasdaq Global Select Market on January 12, 2022 was $22.00 per share. We do not intend to list the pre-funded warrants on the Nasdaq Global Select Market or any other national securities exchange or nationally recognized trading sys",https://www.sec.gov/Archives/edgar/data/1649094/000119312522008940/d276160d424b5.htm
0001193125-23-193285,PDC,424B4,2023-07-25 13:58:12,5.0,patron2,"ic Offering ADSs is being made on a firm commitment basis. Prior to this offering, there has been no public market for ADSs or our Ordinary Shares. The initial public offering price of the Public Offering ADSs is US$5.00 per ADS. The Shareholder ADSs may be sold at pr",,,,https://www.sec.gov/Archives/edgar/data/1944399/000119312523193285/d400449d424b4.htm
0001213900-21-050754,PETZ,424B5,2021-09-30 13:53:29,0.91,patron0,"nts you purchase in this offering. After giving effect to the sale by us of 10,000,000 Common Shares and accompanying warrants in this offering, and based on a public offering price of $0.91 per share and accompanying warrants and a net tan",2021-09-29,1.84,"market, the liquidity of the warrants will be limited. Our Common Shares trade on the NASDAQ Capital Market under the symbol “PETZ.” On September 29, 2021, the closing sale price of our Common Shares was $1.84 per share. As of September 29, 2021, the aggregate market value of our outstanding Common Shares held by non-affiliates was approximately $47,046,500 based on 54,949,995 outstanding Common Shares, of which 29,381,245 shares are ",https://www.sec.gov/Archives/edgar/data/1684425/000121390021050754/ea147699-424b5_tdhholdings.htm
0001213900-25-033838,PFAI,424B4,2025-04-21 17:15:54,,sin frase,,,,,https://www.sec.gov/Archives/edgar/data/2032755/000121390025033838/ea0211833-13.htm
0001683168-20-001063,PHIO,424B5,2020-04-01 17:01:30,2.21,patron1,"064 shares of our Common Stock in this offering pursuant to this prospectus supplement and the accompanying base prospectus and a securities purchase agreement at a price of $2.21 per share. In a concurrent private placement, we ",2020-03-30,2.21,"investor” as such term is defined in Rule 501(a) under the Securities Act. Our Common Stock is listed on The Nasdaq Capital Market under the symbol “PHIO.” The closing price of our Common Stock on March 30, 2020, as reported by Nasdaq, was $2.21 per share. As of March 31, 2020, the aggregate market value of our outstanding common equity held by non-affiliates was $26,918,250 based on 2,867,851 shares of Common Stock then outstand",https://www.sec.gov/Archives/edgar/data/1533040/000168316820001063/phio424b5.htm
0001683168-24-008867,PHIO,424B5,2024-12-20 08:00:15,2.635,patron0,ading on any national securities exchange. Each purchaser will be an “accredited investor” as such term is defined in Rule 501(a) under the Securities Act. The offering price is $2.635 per share of Common Stock offered in this registe,2024-12-18,2.51,"l accompany each share of Common Stock issued in this registered offering. Our Common Stock is listed on The Nasdaq Capital Market under the symbol “PHIO.” The closing price of our Common Stock on December 18, 2024, as reported by Nasdaq, was $2.51 per share. As of December 18, 2024, the aggregate market value of our outstanding common equity held by non-affiliates was approximately $1,153,389, which was calculated based on 1,051",https://www.sec.gov/Archives/edgar/data/1533040/000168316824008867/phio_424b5.htm
0001683168-24-008939,PHIO,424B5,2024-12-23 16:05:30,2.0,patron0,ading on any national securities exchange. Each purchaser will be an “accredited investor” as such term is defined in Rule 501(a) under the Securities Act. The offering price is $2.00 per share of Common Stock offered in this registe,2024-12-20,1.76,"l accompany each share of Common Stock issued in this registered offering. Our Common Stock is listed on The Nasdaq Capital Market under the symbol “PHIO.” The closing price of our Common Stock on December 20, 2024, as reported by Nasdaq, was $1.76 per share. As of December 22, 2024, the aggregate market value of our outstanding common equity held by non-affiliates was approximately $4,898,530.35, which was calculated based on 1,",https://www.sec.gov/Archives/edgar/data/1533040/000168316824008939/phio_424b5.htm
0001683168-25-000413,PHIO,424B5,2025-01-17 08:00:20,3.0,patron0,ading on any national securities exchange. Each purchaser will be an “accredited investor” as such term is defined in Rule 501(a) under the Securities Act. The offering price is $3.00 per share of Common Stock offered in this registe,2025-01-15,2.66,"l accompany each share of Common Stock issued in this registered offering. Our Common Stock is listed on The Nasdaq Capital Market under the symbol “PHIO.” The closing price of our Common Stock on January 15, 2025, as reported by Nasdaq, was $2.66 per share. As of January 16, 2025, the aggregate market value of our outstanding common equity held by non-affiliates was approximately $27,478,123.20, which was calculated based on 4,1",https://www.sec.gov/Archives/edgar/data/1533040/000168316825000413/phio_424b5.htm
0001628280-21-006672,PHUN,424B5,2021-04-07 17:26:41,,ATM,,2021-02-09,2.68,"ll as the specific terms of the plan of distribution. Our Common Stock is listed on the Nasdaq Capital Market under the symbol “PHUN.” On February 9, 2021, the last reported sale price of the Common Stock on the Nasdaq Capital Market was $2.68 per share. We are an ""emerging growth company,"" as defined under the federal securities laws, and, as such, may elect to comply with certain reduced public company reporting requirements for future fi",https://www.sec.gov/Archives/edgar/data/1665300/000162828021006672/a424b5-briley.htm
0001193125-22-076044,PHVS,424B5,2022-03-15 16:16:19,,ATM,,2022-03-10,17.0,"ties under the Securities Act. Our ordinary shares trade on The Nasdaq Global Select Market, or Nasdaq, under the trading symbol “PHVS.” On March 10, 2022, the last sale price of our ordinary shares as reported on Nasdaq was $17.00 per share. We are an “emerging growth company” and a “foreign private issuer” as defined under the U.S. Securities and Exchange Commission and, as such, we have elected to comply with certain reduced pub",https://www.sec.gov/Archives/edgar/data/1830487/000119312522076044/d147359d424b5.htm
0001213900-26-077727,PLAG,424B5,2026-07-13 19:45:17,,ATM,,2026-07-10,1.79,"eement in the section entitled “ Plan of Distribution ” in this prospectus supplement. Our common stock is traded on NYSE American under the symbol “PLAG”. The last reported sale price of our common stock on July 10, 2026, was $1.79 per share. Planet Green is not an operating company in the People's Republic of China (the “PRC”) but a Nevada holding company with its operations conducted through its subsidiaries in the PRC and Canada (collec",https://www.sec.gov/Archives/edgar/data/1117057/000121390026077727/ea0294608-424b5_planet.htm
0001193125-22-193653,PLRX,424B5,2022-07-14 16:01:45,18.5,patron0,"n this offering of approximately $187.6 million, or $215.7 million if the underwriters exercise in full their option to purchase additional shares based on the public offering price of $18.50 per share, in each case after deducting underwrit",2022-07-12,19.97,"re offering 10,810,811 shares of our common stock. Our common stock is listed on the Nasdaq Global Select Market under the symbol “PLRX”. On July 12, 2022, the last reported sale price of our common stock on the Nasdaq Global Select Market was $19.97 per share. Per Share Total Public offering price $ 18.50 $ 200,000,004 Underwriting discounts and commissions(1) $ 1.11 $ 12,000,000 Proceeds to Pliant Therapeutics, Inc., before expenses $ 17.",https://www.sec.gov/Archives/edgar/data/1746473/000119312522193653/d241146d424b5.htm
0001213900-24-091968,PLRZ,424B4,2024-10-30 08:33:15,4.38,patron0,"ecurities offered in such trigger event, or pre-funded warrants in lieu of such shares offered in such trigger event. Upon the closing of the IPO, based on the public offering price of $4.38 per Ordinary Share, SciSparc will receive pre-funded warra",,,,https://www.sec.gov/Archives/edgar/data/1893645/000121390024091968/ea021895002-424b4_polyrizon.htm
0001047469-17-002305,PLUG,424B5,2017-04-03 16:26:21,,ATM,,2017-03-31,1.38,",000, from time to time through FBR as our sales agent. Our common stock is listed on The NASDAQ Capital Market under the symbol ""PLUG."" On March 31, 2017, the last reported sale price of our common stock on The NASDAQ Capital Market was $1.38 per share. Sales of our common stock, if any, under this prospectus supplement and the accompanying prospectus will be made by any method that is deemed an ""at the market offering"" as defined in Rule ",https://www.sec.gov/Archives/edgar/data/1093691/000104746917002305/a2231319z424b5.htm
0001213900-24-076355,PMAX,424B4,2024-09-06 11:41:25,4.0,patron2,"rice (1) $ 4.00 $ 5,707,000 Underwriting discounts (7.0%) (2) $ 0.28 $ 399,490 Proceeds, before expenses, to us (3) $ 3.72 $ 5,307,510 ____________ (1) Initial public offering price per Class A Ordinary Share is $4.00 per share. The table above assumes that the under",,,,https://www.sec.gov/Archives/edgar/data/2012096/000121390024076355/ea0201090-14.htm
0001683168-21-003375,PMCB,424B5,2021-08-10 06:01:17,,sin frase,,2021-08-06,7.0," recent reverse split of the Company’s common stock, until August 6, 2021, the Company’s OTCQB Market Symbol had temporarily been PMCBD. On August 9, 2021, the last reported sale price of our common stock was $7.00 per share. Our common stock has been approved for listing on the Nasdaq Capital Market (“Nasdaq”) under the symbol “PMCB” and is expected to begin trading on August 10, 2021. Except as otherwise indicated, all share and per share",https://www.sec.gov/Archives/edgar/data/1157075/000168316821003375/pharmacyte_424b5.htm
0001558370-25-004073,PMN,424B5,2025-03-31 07:10:28,,ATM,,2025-03-28,0.7,"rospectus supplement prior to making additional sales. Our common shares are listed on the Nasdaq Capital Market under the symbol “PMN.” On March 28, 2025, the last reported sale price of our common shares on the Nasdaq Capital Market was $0.70 per share. The aggregate market value of our common shares held by non-affiliates as of March 28, 2025 pursuant to General Instruction I.B.6 of Form S-3 is $31,064,383, which was calculated based on ",https://www.sec.gov/Archives/edgar/data/1374339/000155837025004073/pmn-20250331x424b5.htm
0001558370-25-009379,PMN,424B5,2025-07-22 16:21:41,,sin frase,,2025-07-21,1.12," certain reduced public company reporting requirements. Our common shares are listed on the Nasdaq Capital Market under the symbol “PMN.” On July 21, 2025, the last reported sale price of our common shares on the Nasdaq Capital Market was $1.12 per share. Investing in our securities involves a high degree of risk. See “ Risk Factors ” beginning on page S-4 of this prospectus supplement and the documents incorporated by reference into this p",https://www.sec.gov/Archives/edgar/data/1374339/000155837025009379/pmn-20250722x424b5.htm
0001213900-18-007238,PPBT,424B5,2018-06-05 13:45:30,,sin frase,,2018-06-04,2.59,"t listed on any securities exchange and we do not expect to list the warrants on any national securities exchange or other trading market. On June 4, 2018, the last reported sale price of our ADSs on NASDAQ was $2.59 per ADS. Our Ordinary Shares are also listed on the Tel Aviv Stock Exchange (“TASE”) under the symbol “KTOV.” On June 4, 2018, the last reported sale price of our Ordinary Shares on the TASE was NIS 0.45, or $0.13 per Ordinary ",https://www.sec.gov/Archives/edgar/data/1614744/000121390018007238/f424b5060518_kitovpharma.htm
0001213900-25-089578,PPBT,424B5,2025-09-19 16:33:45,1.0,patron0,"000 ADSs, pre-funded warrants (the “2025 Pre-Funded Warrants”) to purchase up to 2,944,999 ADSs, and short-term warrants to purchase up to 11,999,998 ADSs at a combined public offering price of $1.00 per ADS and accompanying short-term warrants or",2025-09-18,0.59,"n equity held by non-affiliates (the “public float”) in any 12-month period so long as our public float remains below $75.0 million. On September 18, 2025, the last reported sale price of the ADSs on Nasdaq was $0.59 per ADS. Our Ordinary Shares are listed on the Tel Aviv Stock Exchange (“TASE”) under the symbol “PPBT.” On September 18, 2025, the last reported sale price of our Ordinary Shares on the TASE was NIS 0.011, or $0.003 per Ordina",https://www.sec.gov/Archives/edgar/data/1614744/000121390025089578/ea0257835-424b5_purple.htm
0001641172-25-024613,PPCB,424B4,2025-08-18 16:15:37,4.0,patron0,"r-allotment option to the Representatives, exercisable one or more times in whole or in part, to purchase up to 150,000 additional shares of Common Stock at an public offering price of $4.00 per share, less the underwriting discounts payabl",,,,https://www.sec.gov/Archives/edgar/data/1517681/000164117225024613/form424b4.htm
0001213900-20-025035,PRFX,424B4,2020-09-02 16:09:48,8.0,patron0,"Ordinary Share This is our initial public offering. There is currently no public market for our securities. We are offering 2,500,000 units (the “Units”) at an initial offering price of $8.00 per Unit. Each Unit consists of one of our ordin",,,,https://www.sec.gov/Archives/edgar/data/1801834/000121390020025035/f424b40820_painreform.htm
0001178913-24-003325,PRFX,424B5,2024-10-16 16:30:22,,ATM,,2024-10-15,0.57,"e S-7 regarding the compensation to be paid to Wainwright. Our ordinary shares are traded on the Nasdaq Capital Market, or Nasdaq, under the symbol “PRFX”. The last reported sale price for our ordinary shares on October 15, 2024 as quoted on Nasdaq was $0.57 per share. The highest aggregate market value of our outstanding ordinary shares held by non-affiliates within the 60 days prior to this prospectus supplement was approximately $4.06 mi",https://www.sec.gov/Archives/edgar/data/1801834/000117891324003325/zk2432143.htm
0001178913-25-000010,PRFX,424B5,2025-01-02 16:15:43,,ATM,,2024-12-31,3.355,"n reduced public company reporting requirements. Our ordinary shares are listed on the Nasdaq Capital Market under the symbol “PRFX.” On December 31, 2024, the last reported sale price of our ordinary shares on the Nasdaq Capital Market was $3.355 per share. Investing in the offered securities involves a high degree of risk. Before buying any shares, you should read the discussion of material risks of investing in our ordinary shares in “Ri",https://www.sec.gov/Archives/edgar/data/1801834/000117891325000010/zk2532506.htm
0001193125-17-344284,PRQR,424B5,2017-11-15 17:24:55,3.25,patron0,"2017: • on an actual basis; and S-12 Table of Contents • on an as adjusted basis to give effect to the issue and sale of 1,427,693 ordinary shares by us at the offering price of $3.25 per share in this offering. As of June 30, 2017 A",2017-11-13,3.48,"herapeutics N.V. is a public company with limited liability ( naamloze vennootschap ) incorporated under the laws of the Netherlands. On November 13, 2017, the last reported sale price of our ordinary shares on the NASDAQ Global Market was $3.48 per share. We are an “emerging growth company” under applicable Securities and Exchange Commission rules and are subject to reduced public company reporting requirements. This offering is being made",https://www.sec.gov/Archives/edgar/data/1612940/000119312517344284/d483476d424b5.htm
0001104659-22-032262,PRQR,424B5,2022-03-10 08:55:58,,sin frase,,2022-02-23,1.07," statement of which this prospectus forms a part. Our ordinary shares are listed on the Nasdaq Global Market under the symbol “PRQR.” On February 23, 2022, the last reported sale price of our ordinary shares on the Nasdaq Global Market was $1.07 per share. ProQR Therapeutics N.V. is a public company with limited liability ( naamloze vennootschap ) incorporated under the laws of the Netherlands. Our principal executive offices are located at",https://www.sec.gov/Archives/edgar/data/1612940/000110465922032262/tm227651-4_424b5.htm
0001047469-17-004385,PRSO,424B5,2017-06-30 21:29:42,,sin frase,,2017-06-29,2.32,"n 4(a)(2) under the Securities Act and Rule 506(b) promulgated thereunder. Our common stock is listed on The NASDAQ Capital Market under the symbol ""MOSY."" The last reported sale price of our common stock on June 29, 2017 was $2.32 per share. As of the date of this prospectus supplement, the aggregate market value of our outstanding common stock held by non-affiliates was approximately $15 million, based on 6,676,770 shares of outstanding c",https://www.sec.gov/Archives/edgar/data/890394/000104746917004385/a2232597z424b5.htm
0001213900-24-107434,PRSO,424B5,2024-12-10 16:21:07,,ATM,,2024-12-06,0.8753,"o long as our public float remains below $75,000,000. Our common stock is traded on the Nasdaq Capital Market under the symbol “PRSO.” On December 6, 2024, the last reported sale price of our common stock on the Nasdaq Capital Market was $0.8753 per share. Investing in our common stock involves a high degree of risk. Please read the information contained in and incorporated by reference under the heading “Risk Factors” beginning on page S-8",https://www.sec.gov/Archives/edgar/data/890394/000121390024107434/ea0224305-424b5_peraso.htm
0001213900-25-113697,PRSO,424B5,2025-11-21 17:11:09,,ATM,,2025-11-20,0.8839," long as our public float remains below $75,000,000. Our common stock is traded on the Nasdaq Capital Market under the symbol “PRSO.” On November 20, 2025, the last reported sale price of our common stock on the Nasdaq Capital Market was $0.8839 per share. Investing in our common stock involves a high degree of risk. Please read the information contained in and incorporated by reference under the heading “Risk Factors” beginning on page S-8",https://www.sec.gov/Archives/edgar/data/890394/000121390025113697/ea0266746-424b5_peraso.htm
0001193125-21-366352,PRTA,424B5,2021-12-23 17:16:16,,ATM,,2021-12-20,46.41,"t to this prospectus supplement and the accompanying prospectus. Our ordinary shares are listed on the Nasdaq Global Select Market under the symbol “PRTA.” The closing price of our ordinary shares on the Nasdaq Global Select Market on December 20, 2021 was $46.41 per ordinary share. Sales of our ordinary shares, if any, under this prospectus supplement may be made in sales deemed to be an “at the market offering” as defined in Ru",https://www.sec.gov/Archives/edgar/data/1559053/000119312521366352/d259521d424b5.htm
0001213900-23-060299,PRZO,424B4,2023-07-27 16:48:13,4.0,patron0,"rsion of certain equity investment agreements, which we refer to as SAFEs, which will automatically convert upon the consummation of this offering, based on an initial public offering price of $4.00 per Ordinary Share; • the issuance of 4,178,206 bonus shar",,,,https://www.sec.gov/Archives/edgar/data/1916241/000121390023060299/f424b40723_parazero.htm
0001193125-19-099259,PULM,424B4,2019-04-05 16:31:24,,sin frase,,2019-04-03,1.56,"arately and will be immediately separable upon issuance. Our common stock is listed on the Nasdaq Capital Market under the symbol “PULM.” On April 3, 2019, the last reported sale price of our common stock was $1.56 per share. There is no established public trading market for the pre-funded warrants or common warrants, and we do not expect a market to develop. We do not intend to apply for listing of the pre-funded warrants or common warrant",https://www.sec.gov/Archives/edgar/data/1574235/000119312519099259/d728402d424b4.htm
0001564590-18-025881,PWCM,424B4,2018-10-31 17:20:47,,sin frase,,2018-10-29,3.41," units or pre-funded units will be issued separately. Our common stock is listed on the Nasdaq Capital Market under the symbol “LMFA”. On October 29, 2018, the last reported sale price of our common stock on the Nasdaq Capital Market was $3.41 per share. There is no established public trading market for the common warrants or the pre-funded warrants, and we do not expe ct a market to develop. In addition, we do not intend to apply for listi",https://www.sec.gov/Archives/edgar/data/1640384/000156459018025881/lmfa-424b4.htm
0001493152-17-000343,QCLS,424B5,2017-01-10 17:29:13,1.2,patron0," share of our common stock, you will suffer substantial dilution in the net tangible book value of the common stock you purchase in this offering. Based on the public offering price of $1.20 per share, and after deducting the underwriting d",2017-01-09,1.55,"ng prospectus. Our common stock is listed on the AIM under the symbol “AKR.L” and on the NASDAQ Capital Market under the symbol “AKER.” On January 9, 2017, the last reported sale price of our common stock on the NASDAQ Capital Market was $1.55 per share. There is no established public trading market for the warrants and we do not expect a market to develop. Pursuant to General Instruction I.B.6 of Form S-3, in no event will we sell securiti",https://www.sec.gov/Archives/edgar/data/1321834/000149315217000343/form424b5.htm
0001493152-19-018873,QCLS,424B4,2019-12-09 06:08:13,,sin frase,,2019-12-05,3.16," the Series C Preferred Stock will be negatively affected. Our common stock is currently traded on the NASDAQ under the symbol “AKER”. On December 5, 2019, the last reported sale price of our common stock as reported on NASDAQ was $3.16 per share. There is no public trading market for the pre-funded warrants, investor warrants or Series C Preferred Stock and we do not expect a market to develop. In addition, we do not intend to apply for th",https://www.sec.gov/Archives/edgar/data/1321834/000149315219018873/form424b4.htm
0001213900-26-014927,QH,424B5,2026-02-11 16:31:07,0.494,patron0,"to US$9,880,000 of American depositary shares of (the “ADSs”), each ADS representing nine hundred Class A ordinary shares, par value US$0.0001 per share, at an offering price of $0.494 per ADS in a registered direct offering pursuan",2026-02-10,0.9336,"hase Agreement”), by and among us and the investors. Our ADSs are currently listed on the Nasdaq Global Market under the symbol “QH.” On February 10, 2026, the last reported sale price of the ADSs was US$0.9336 per ADS. Pursuant to General Instruction I.B.5 of Form F-3, in no event will we sell the securities covered hereby in a public primary offering with a value exceeding more than one-third of the aggregate market value of our voting an",https://www.sec.gov/Archives/edgar/data/1781193/000121390026014927/ea0276365-424b5_quhuo.htm
0001193125-22-155097,QNCX,424B5,2022-05-19 16:44:47,,ATM,,2022-05-17,3.26,",708 of our common stock under the sales agreement. Our common stock is listed on the Nasdaq Global Select Market under the symbol “CRTX.” On May 17, 2022, the last reported sale price of our common stock on the Nasdaq Global Select Market was $3.26 per share. Sales of our common stock, if any, under this prospectus will be made in sales deemed to be an “at the market offering” as defined in Rule 415(a)(4) promulgated under the Securities A",https://www.sec.gov/Archives/edgar/data/1662774/000119312522155097/d342730d424b5.htm
0001213900-24-057041,QNME,424B4,2024-06-28 12:48:49,,ATM,,,,,https://www.sec.gov/Archives/edgar/data/1996192/000121390024057041/ea0201917-14.htm
0001213900-17-009492,QNRX,424B5,2017-09-07 17:21:09,8.1,patron0,"escription of American Depositary Shares.” Issuer Cellect Biotechnology Ltd. Securities we are offering 10,622,720 ordinary shares represented by 531,136 ADSs. Offering price $8.10 per ADS. Concurrent private placement In a conc",2017-07-31,0.38," ADSs and warrants on the NASDAQ Capital Market was $7.42 and $2.15. Our ordinary shares also trade on the TASE, under the symbol “APOP.” On July 31, 2017, the last reported sale price of our ordinary shares on the TASE was NIS 1.36 per share or US$0.38 per share (based on the exchange rate reported by the Bank of Israel on July 31, 2017). On September 3, 2017, our ordinary shares will cease trading on the TASE. We are an emerging growth co",https://www.sec.gov/Archives/edgar/data/1671502/000121390017009492/f424b5090717_cellectbiotech.htm
0001213900-19-002116,QNRX,424B4,2019-02-11 17:22:57,1.5,patron0,"ican Depositary Shares Underlying the Pre-funded Warrants and 4,333,800 American Depositary Shares Underlying the Warrants We are offering 1,889,000 Units at a public offering price of $1.50 per Unit , with each Unit consisting of (i) one ",2019-02-06,1.72,"on. Our ADSs and our listed warrants trade on The Nasdaq Capital Market, or Nasdaq, under the symbol “APOP” and “APOPW”, respectively. On February 6, 2019, the last reported sale price of our ADSs and listed warrants on Nasdaq was $1.72 per ADS and $0.40, respectively. We do not intend to apply for listing of the Warrants or Pre -funded Warrants on any securities exchange or other nationally recognized trading system. There is no establishe",https://www.sec.gov/Archives/edgar/data/1671502/000121390019002116/f424b4021119_cellectbio.htm
0001213900-20-000728,QNRX,424B5,2020-01-10 08:42:24,3.0,patron0,"ription of American Depositary Shares.” Issuer Cellect Biotechnology Ltd. Securities we are offering 100,000,000 ordinary shares represented by 1,000,000 ADSs. Offering price $3.00 per ADS. Use of proceeds We estimate the net pr",,,,https://www.sec.gov/Archives/edgar/data/1671502/000121390020000728/f424b5010920_cellectbiotech.htm
0001410578-22-002138,QNRX,424B4,2022-08-08 17:49:38,5.0,patron0,"angible book value per share of our ADSs, you will suffer substantial dilution in the net tangible book value of the ADSs you purchase in this offering. At the public offering price of $5.00 per ADS, if you purchase ADSs in this offering,",2022-08-04,14.06,"ther national securities exchange or any other trading system. Our ADSs are listed on The Nasdaq Capital Market under the symbol “QNRX.” On August 4, 2022, the last reported sale price of our ADSs on The Nasdaq Capital Market was $14.06 per ADS. The securities offered in this prospectus involve a high degree of risk. Before deciding whether to invest in our securities, you should consider carefully the risks and uncertainties under the head",https://www.sec.gov/Archives/edgar/data/1671502/000141057822002138/qnrx-20211231x424b4.htm
0001104659-24-131090,QNRX,424B4,2024-12-23 09:01:00,0.45,patron0,"es to this website are intended to be inactive textual references only. 5 THE OFFERING Issuer Quoin Pharmaceuticals Ltd. ADSs offered by us 3,137,778 ADSs at a public offering price of $0.45 per ADS and accompanying Warrants. Pre-Funded W",2024-12-19,0.647,"ries F Warrant to purchase one ADS and a Series G Warrant to purchase one ADS. Our ADSs are listed on Nasdaq under the symbol “QNRX.” On December 19, 2024, the closing price of our ADSs on Nasdaq was $0.647 per ADS. The public offering price per ADS and accompanying Warrants or Pre-Funded Warrant and accompanying Warrants in this offering was determined at the time of pricing, and was at a discount to the then current market pric",https://www.sec.gov/Archives/edgar/data/1671502/000110465924131090/tm2430640d4_424b4.htm
0001654954-24-011106,QNTM,424B5,2024-08-26 20:20:43,,ATM,,,,,https://www.sec.gov/Archives/edgar/data/1771885/000165495424011106/fsd_424b5.htm
0001564590-20-030860,QS,424B4,2020-06-26 17:16:30,11.5,patron1,"r Class A common stock and one-half of one redeemable warrant. Each whole warrant entitles the holder thereof to purchase one share of our Class A common stock at a price of $11.50 per share, subject to adjustment as described in ",,,,https://www.sec.gov/Archives/edgar/data/1811414/000156459020030860/cik1811414-424b4.htm
0001104659-20-102606,QSI,424B4,2020-09-04 16:01:55,11.5,patron1,"e of Class A common stock and one-third of one redeemable warrant. Each whole warrant entitles the holder thereof to purchase one share of Class A common stock at a price of $11.50 per share, subject to adjustment as described her",,,,https://www.sec.gov/Archives/edgar/data/1816431/000110465920102606/tm2023737-12_424b4.htm
0001213900-21-037050,QTEX,424B4,2021-07-15 16:06:38,5.51,patron0,"ssued upon the conversion of SAFEs, for aggregate proceeds of $5,414,593, which will automatically convert upon the consummation of this offering, based on the public offering price of $5.51 per Unit; ● 707,489 Ordinary Shares to be issued",,,,https://www.sec.gov/Archives/edgar/data/1837493/000121390021037050/ea144229-424b4_inspiratech.htm
0001213900-23-027109,QTEX,424B5,2023-04-04 16:19:34,,ATM,,2023-03-29,1.37,"hange Act of 1934, as amended (the “Exchange Act”). The Ordinary Shares are listed on the Nasdaq Capital Market under the symbol “IINN.” On March 29, 2023, the last reported sale price of the Ordinary Shares on the Nasdaq Capital Market was $1.37 per share. The aggregate market value of our outstanding Ordinary Shares held by non-affiliates was approximately $16.4 million based on 8,700,947 shares of outstanding Ordinary Shares held by non-",https://www.sec.gov/Archives/edgar/data/1837493/000121390023027109/ea176347-424b5_inspira.htm
0001213900-23-099084,QTEX,424B5,2023-12-28 09:28:28,1.28,patron0,"the Ordinary Shares, you will incur immediate dilution in the net tangible book value of the Ordinary Shares you purchase in this offering. Accordingly, at the offering price of $1.28 per share, you will experience immediate and subs",2023-12-22,1.19,"f any Pre-Funded Warrants sold in this offering. The Ordinary Shares are listed on the Nasdaq Capital Market under the symbol “IINN.” On December 22, 2023, the last reported sale price of the Ordinary Shares on the Nasdaq Capital Market was $1.19 per share. There is no established public trading market for the Pre-Funded Warrants, and we do not expect a market to develop. In addition, we do not intend to apply for a listing of the Pre-Funde",https://www.sec.gov/Archives/edgar/data/1837493/000121390023099084/ea190779-424b5_inspiratech.htm
0001193125-26-177170,QTTB,424B5,2026-04-24 16:07:54,,ATM,,2026-04-23,6.48," Form S-3 as of the date of this prospectus supplement. Our common stock is listed on the Nasdaq Capital Market under the symbol “QTTB.” On April 23, 2026, the last reported sale price of our common stock on the Nasdaq Capital Market was $6.48 per share. Sales of our common stock, if any, under this prospectus supplement may be made in sales deemed to be an “at the market offering” as defined in Rule 415(a)(4) promulgated under the Securiti",https://www.sec.gov/Archives/edgar/data/1661998/000119312526177170/d28103d424b5.htm
0001193125-25-159788,RANI,424B5,2025-07-16 14:08:18,0.4,patron0," Warrants to Purchase 3,146,000 Shares of Class A Common Stock We are offering 4,354,000 shares of our Class A common stock, par value $0.0001 per share at the offering price of $0.40 per share of Class A common stock, in a registere",2025-07-14,0.6984,"of the pre-funded warrants sold in this offering. Our Class A common stock is listed on the Nasdaq Global Market under the symbol “RANI.” On July 14, 2025, the last sale price of our Class A common stock on the Nasdaq Global Market was $0.6984 per share. There is no established public trading market for the pre-funded warrants, and we do not expect a market to develop. In addition, we do not intend to apply for the listing of the p",https://www.sec.gov/Archives/edgar/data/1856725/000119312525159788/d145235d424b5.htm
0001140361-25-023646,RBNE,424B5,2025-06-25 16:07:47,5.25,patron0,"ion with our spin off from Toro on April 14, 2025; (2) the issuance and sale of 965,000 common shares to certain institutional investors on June 17, 2025 at an offering price of $5.25 per share resulting in net proceeds of approximat",2025-06-24,4.85,"ng price of the shares is $3.50 per share. Our common shares are listed on The Nasdaq Capital Market, or Nasdaq, under the symbol “RBNE”. On June 24, 2025, the closing price for our common shares as reported on the Nasdaq was $4.85 per share. The aggregate market value of our outstanding common shares held by non-affiliates on June 20, 2025 was $51,496,564 based on 3,678,326 common shares issued and outstanding held by non-affili",https://www.sec.gov/Archives/edgar/data/2039060/000114036125023646/ny20047297x13_424b5.htm
0001554795-21-000247,RCAT,424B5,2021-07-19 06:02:11,,sin frase,,2021-07-16,7.1,"ommon stock. The purchase price for each share is $4.50. Our common stock is listed on The Nasdaq Capital Market under the symbol “RCAT.” On July 16, 2021, the last reported sale price of our common stock on The Nasdaq Capital Market was $7.10 per share. Investing in our common stock involves a high degree of risk. See “Risk Factors” beginning on page S-6 of this prospectus supplement and the documents incorporated by reference into this pr",https://www.sec.gov/Archives/edgar/data/748268/000155479521000247/rcat0718prospectus424b5.htm
0001193125-15-054375,RCKT,424B4,2015-02-19 17:16:03,6.0,patron0,cated an interest in purchasing an aggregate of approximately $18.0 million in shares of our common stock in the concurrent offering of our common stock at the initial public offering price of $6.00 per share. These stockholders would purchase an a,,,,https://www.sec.gov/Archives/edgar/data/1281895/000119312515054375/d826997d424b4.htm
0001104659-20-078335,RCON,424B5,2020-06-30 06:02:11,2.25,patron0,"s of December 31, 2019: ● on an actual basis; ● on a pro forma, as adjusted basis to give effect to (i) the issuance and sale of 911,112 ordinary shares at the offering price of $2.25 per share on May 26, 2020 and (ii) the issuance a",2020-06-25,1.8,"s We Are Offering” beginning on page S-15. Our ordinary shares are currently traded on the Nasdaq Capital Market under the symbol “RCON.” On June 25, 2020, the closing sale price of our ordinary shares was $1.80 per share. As of the date of this prospectus supplement, the aggregate market value of our outstanding ordinary shares held by non-affiliates was approximately $12,500,918.04 based on 5,522,832 outstanding ordinary shares, of ",https://www.sec.gov/Archives/edgar/data/1442620/000110465920078335/tm2023626d1_424b5.htm
0001213900-23-004291,RDGT,424B5,2023-01-23 08:30:46,1.5,patron0,"June 3, 2020 at an exercise price of $30.84 per warrant, (iii) the sale of 1,000,000 ordinary shares in a private placement that closed on August 3, 2022 at an offering price of $1.50 per share, (iv) the cashless exercise of 1,000,00",2023-01-19,2.49,"ng and therefore are not paying any underwriting discounts or commissions. Our ordinary shares trades on the Nasdaq Capital Market under the symbol “CJJD.” The last reported sale price of our ordinary shares on the Nasdaq Capital Market on January 19, 2023 was $2.49 per share. As of January 20, 2023, the aggregate market value of our outstanding ordinary shares held by non-affiliates was approximately $112,509,408 based on 18,616,064 shares",https://www.sec.gov/Archives/edgar/data/1856084/000121390023004291/ea172020-424b5_chinajojo.htm
0001213900-24-051521,RDGT,424B5,2024-06-11 09:01:18,,sin frase,,2024-06-10,2.69,"ing and therefore are not paying any underwriting discounts or commissions. Our Ordinary Shares trade on the Nasdaq Capital Market under the symbol “CJJD.” The last reported sale price of our Ordinary Shares on the Nasdaq Capital Market on June 10, 2024 was $2.69 per share. On April 17, 2023, within the 60-day “look back” period from the filing date of our last Form 20-F, the aggregate market value of our outstanding Ordinary Shares held by",https://www.sec.gov/Archives/edgar/data/1856084/000121390024051521/ea0207558-424b5_chinajojo.htm
0001213900-25-126327,RDGT,424B5,2025-12-30 08:00:13,,ATM,,2025-12-26,3.22,"ement and the accompanying prospectus. Our Ordinary Shares are currently listed on the NASDAQ Capital Market under the symbol “RDGT.” On December 26, 2025, the closing sale price of our Ordinary Shares on the NASDAQ Capital Market was $3.22 per share. Sales of our shares, if any, under this prospectus supplement and the accompanying prospectus may be made in sales deemed to be an “at-the-market offering” as defined in Rule 415 under t",https://www.sec.gov/Archives/edgar/data/1856084/000121390025126327/ea027107202-424b5_ridgetech.htm
0001178913-26-003349,RDHL,424B5,2026-06-29 07:00:15,,ATM,,2026-06-26,0.8786," we will file another prospectus supplement prior to making such additional sales. The ADSs are listed on Nasdaq under the symbol “RDHL.” On June 26, 2026, the last reported sale price of the ADSs on Nasdaq was $0.8786 per ADS. Investing in our securities involves a high degree of risk. Please read “Risk Factors” beginning on page S-8 of the prospectus supplement dated February 3, 2025, on page 5 of the prospectus, dated August 19, 2024, an",https://www.sec.gov/Archives/edgar/data/1553846/000117891326003349/zk2635621.htm
0001654954-20-000302,RDNW,424B5,2020-01-10 17:18:59,3.0,patron1,"stor Notes, having an aggregate principal amount of $1.5 million, will mature on January 31, 2021, and will be convertible at any time at the Investor's option at a price of $3.00 per share. Preliminary Results for Fourth Quarter",2020-01-09,0.81,"s supplement and the accompanying prospectus. Our Class B Common Stock is traded on The NASDAQ Capital Market under the symbol “ RMBL. ” On January 9, 2020 the last reported sale price of our Class B Common Stock on The NASDAQ Capital Market was $0.81 per share. Pursuant to General Instruction I.B.6 of Form S-3, in no event will we sell our Class B Common Stock in a public primary offering with a value exceeding more than one-third of our p",https://www.sec.gov/Archives/edgar/data/1596961/000165495420000302/rmbl_424b5.htm
0001213900-24-012704,REBN,424B5,2024-02-12 17:28:51,,ATM,,2024-02-09,2.32,"ndar month period that ends on and includes the date of this prospectus. Our common stock is traded on NASDAQ under the symbol “REBN.” On February 9, 2024, the last reported sale price on NASDAQ of our common stock was $2.32 per share. Our principal executive office is located at 580 N. Berry Street, Brea, CA 92821, and our telephone number is (714) 784-6369. Investing in our common stock involves significant risks. See “Risk Factors” begin",https://www.sec.gov/Archives/edgar/data/1707910/000121390024012704/ea193417-424b5_reborn.htm
0001213900-24-085561,REBN,424B4,2024-10-04 16:16:20,,sin frase,,2024-09-26,3.02," elected to comply with certain reduced public company reporting and disclosure requirements. Our Common Stock is listed on Nasdaq under the symbol “REBN.” The last reported closing price for our Common Stock on Nasdaq on September 26, 2024 was $3.02 per share. As of September 26, 2024, there were 3,509,754 shares of Common Stock outstanding. If all shares being registered hereby were sold, it would comprise approximately 47.5% of our total sh",https://www.sec.gov/Archives/edgar/data/1707910/000121390024085561/ea0216676-424b4_reborn.htm
0001104659-24-123188,REPL,424B5,2024-11-26 17:27:20,13.0,patron0,"tock offered pursuant to this prospectus supplement is substantially higher than the net tangible book value per share of our common stock. Accordingly, at the public offering price of $13.00 per share, purchasers of common stock in this off",2024-11-25,13.26,"ercise of the pre-funded warrants. Our common stock is listed on the Nasdaq Global Select Market, or Nasdaq, under the symbol “REPL.” On November 25, 2024, the last reported sale price of our common stock on Nasdaq was $13.26 per share. We do not intend to list the pre-funded warrants on Nasdaq, any other national securities exchange or any other nationally recognized trading system. Investing in our common stock or pre-funded warrants invo",https://www.sec.gov/Archives/edgar/data/1737953/000110465924123188/tm2429370-4_424b5.htm
0001213900-24-023716,RETO,424B5,2024-03-19 07:45:39,4.0,patron0,"g receivable of $5,887,546, (ii) issuance of 200,000 Common Shares for consulting service and (iii) issuance of 1,500,000 Common Shares in this offering at the offering price of $4.00 per share, after deducting the estimated offering",,,,https://www.sec.gov/Archives/edgar/data/1687277/000121390024023716/ea0201886-424b5_retoeco.htm
0001213900-21-037613,RGC,424B4,2021-07-20 07:59:50,,sin frase,,,,,https://www.sec.gov/Archives/edgar/data/1829667/000121390021037613/ea144370-424b4_regencellbio.htm
0001193125-18-191772,RKDA,424B5,2018-06-13 17:29:21,9.93,patron1,"345 shares of our Common Stock in this offering pursuant to this prospectus supplement and the accompanying base prospectus and a securities purchase agreement at a price of $9.93 per share. In a concurrent private placement, we ",2018-06-11,10.02,"investor” as such term is defined in Rule 501(a) under the Securities Act. Our Common Stock is listed on the Nasdaq Capital Market under the symbol “RKDA.” The closing price of our Common Stock on June 11, 2018, as reported by Nasdaq, was $10.02 per share. We have retained H.C. Wainwright & Co., LLC to act as our exclusive placement agent in connection with the shares of Common Stock offered by this prospectus supplement and the ",https://www.sec.gov/Archives/edgar/data/1469443/000119312518191772/d605812d424b5.htm
0001193125-19-173160,RKDA,424B5,2019-06-14 10:16:49,4.91,patron0,"cur immediate and substantial dilution as a result of this offering. After giving effect to the sale by us of up to 1,489,575 shares offered in this offering a public offering price of $4.91 per share, and after deducting the placement agen",2019-06-12,5.91,"investor” as such term is defined in Rule 501(a) under the Securities Act. Our Common Stock is listed on The Nasdaq Capital Market under the symbol “RKDA.” The closing price of our Common Stock on June 12, 2019, as reported by Nasdaq, was $5.91 per share. We have retained H.C. Wainwright & Co., LLC to act as our exclusive placement agent in connection with the securities offered by this prospectus supplement and the accompanying ",https://www.sec.gov/Archives/edgar/data/1469443/000119312519173160/d637700d424b5.htm
0001213900-20-013343,RKTO,424B5,2020-05-22 16:35:28,2.75,patron0," an effective price per share of common stock that substantially exceeds our net tangible book value per share after giving effect to this offering. Based on a public offering price of $ 2.75 per share of common stock, if you purchase securi",2020-05-21,3.17,"is prospectus supplement and the accompanying prospectus. Our common stock is traded on The Nasdaq Capital Market under the symbol “HOTH.” On May 21, 2020, the last sale price of our common stock as reported on The Nasdaq Capital Market was $3.17 per share. As of May 20, 2020, the aggregate market value of our outstanding common stock held by non-affiliates was approximately $33,862,086 based on 11,601,707 outstanding shares of com",https://www.sec.gov/Archives/edgar/data/1711786/000121390020013343/ea122284-424b5_hoththerape.htm
0001213900-22-019649,RKTO,424B5,2022-04-13 17:18:49,0.85,patron0," an effective price per share of common stock that substantially exceeds our net tangible book value per share after giving effect to this offering. Based on a public offering price of $0.85 per share of common stock, if you purchase securi",2022-04-11,1.05," prospectus supplement and the accompanying prospectus. Our common stock is traded on The Nasdaq Capital Market under the symbol “HOTH.” On April 11, 2022, the last sale price of our common stock as reported on The Nasdaq Capital Market was $1.05 per share. As of April 8, 2022, the aggregate market value of our outstanding common stock held by non-affiliates was approximately $24,225,711 based on 23,975,098 outstanding shares of co",https://www.sec.gov/Archives/edgar/data/1711786/000121390022019649/ea158364-424b5_hoththerape.htm
0001213900-23-076751,RKTO,424B5,2023-09-14 17:24:30,2.63,patron0,"ess, cause the price of our common stock to decline, and delay the development of our product candidates. You will experience substantial dilution. Based on an offering price of $2.63 per share, and a net tangible book value of $10.2",2023-09-12,2.68,"ise price of $2.505 per Unregistered Warrant Share. Our common stock is traded on The Nasdaq Capital Market under the symbol “HOTH.” On September 12, 2023, the last sale price of our common stock as reported on The Nasdaq Capital Market was $2.68 per share. There is no established public trading market for the Pre-Funded Warrants and we do not expect a market to develop. In addition, we do not intend to apply for a listing of the P",https://www.sec.gov/Archives/edgar/data/1711786/000121390023076751/ea185120-424b5_hoththerap.htm
0001213900-24-096015,RKTO,424B5,2024-11-08 17:40:07,0.89,patron1,"trative purposes that an aggregate of 3,050,847 shares of our common stock are sold pursuant to this prospectus supplement and the accompanying base prospectus at a price of $0.89 per share, the last reported sale price of our co",2024-11-07,0.897,"ommon stock will be sold in the section entitled “Plan of Distribution.” Our common stock is traded on Nasdaq under the symbol “HOTH.” On November 7, 2024, the last reported sale price of our common stock was $0.897 per share. As of the date of this prospectus supplement, the aggregate market value of our common stock held by non-affiliates, or our public float, was approximately $8,139,492 based on a total number of 6,903,804 shares of com",https://www.sec.gov/Archives/edgar/data/1711786/000121390024096015/ea0220451-424b5_hoththerap.htm
0001213900-26-075602,RMCF,424B5,2026-07-06 17:24:28,,sin frase,,,,,https://www.sec.gov/Archives/edgar/data/1616262/000121390026075602/ea0297146-424b5_rocky.htm
0001104659-23-068986,RNAZ,424B4,2023-06-07 17:29:08,,sin frase,,2023-06-06,3.21,"ercise of the pre-funded warrants will trade on the Nasdaq Capital Market. Our common stock is listed on the Nasdaq Capital Market under the symbol “RNAZ.” The last reported sale price of our common stock on the Nasdaq Capital Market on June 6, 2023, was $3.21 per share. The public offering price per share of common stock and accompanying common stock purchase warrants and per pre-funded warrant and accompanying common stock purchase warran",https://www.sec.gov/Archives/edgar/data/1829635/000110465923068986/tm2316056-9_424b4.htm
0001104659-25-027521,RNAZ,424B5,2025-03-25 07:00:52,,sin frase,,2025-03-21,1.12,"l expire on the fifth anniversary of the issuance date. Our common stock is listed on the Nasdaq Capital Market under the symbol “RNAZ.” On March 21, 2025, the last reported sale price of our common stock on the Nasdaq Capital Market was $1.12 per share. There is no established trading market for the Common Warrants and we do not intend to list the Common Warrants on any securities exchange or nationally recognized trading system. We have r",https://www.sec.gov/Archives/edgar/data/1829635/000110465925027521/tm2510082-1_424b5.htm
0001493152-21-021374,RNXT,424B4,2021-08-27 06:06:32,9.0,patron0,"One Share of Common Stock This is our initial public offering. We are offering 1,850,000 of units of securities (the “Units”) pursuant to this prospectus at an initial public offering price of $9.00 per Unit. Prior to this offering, there has been",,,,https://www.sec.gov/Archives/edgar/data/1574094/000149315221021374/form424b4.htm
0001753926-26-000151,ROLR,424B5,2026-01-20 19:56:48,13.21,patron0,"2, 2025) 1,892,506 Shares of Common Stock High Roller Technologies, Inc. We are offering 1,892,506 shares of our common stock, par value $0.001 per share, at a public offering price of $13.21 per share on a best efforts basis. We have engage",2026-01-16,16.88,"prospectus for more information regarding these arrangements. Our common stock is listed on the NYSE American under the symbol “ROLR”. On January 16, 2026, the last reported sale price of our common stock was $16.88 per share. Investing in our securities involves a high degree of risk. See “ Risk Factors ” beginning on page S-5 of this prospectus and under similar headings in the documents incorporated by reference into this prospectus. Nei",https://www.sec.gov/Archives/edgar/data/1947210/000175392626000151/MainDocument.htm
0001171843-26-000207,RUBI,424B4,2026-01-12 09:14:27,0.6,patron0,"hare of our common stock, par value $0.01 per share (“Common Shares”) and 1.5 Class B Warrants (each, a “Class B Warrant”) to purchase one Common Share, at the public offering price of $0.60 per Unit. Each Class B Warrant will be immediate",,,,https://www.sec.gov/Archives/edgar/data/1943421/000117184326000207/f424b4_011226.htm
0001171843-26-003602,RUBI,424B4,2026-05-21 09:29:30,0.95,patron0,"s”) and one and one-half Class C Warrants (each, a “Class C Warrant”) with each whole warrant entitling the holder thereof to purchase one Common Share, at the public offering price of $0.95 per Unit. Each Class C Warrant will be immediate",,,,https://www.sec.gov/Archives/edgar/data/1943421/000117184326003602/f424b4_052026.htm
0001213900-22-017447,RVSN,424B4,2022-04-01 16:05:39,4.13,patron0,"ver-allotment option in full), after deducting the estimated underwriting discounts and commissions and estimated offering expenses payable by us, based upon a public offering price of $4.13 per unit. We currently expect to use the net pro",,,,https://www.sec.gov/Archives/edgar/data/1743905/000121390022017447/ea157812-424b4_railvision.htm
0001213900-23-038313,RVSN,424B5,2023-05-11 09:22:40,0.76,patron0,"standing prior to the offering 16,091,488 Ordinary Shares. Ordinary Shares to be outstanding after this offering 20,038,856 Ordinary Shares. Offering price The offering price is $0.76 per Ordinary Share and accompanying unregistered warrant. ",2023-05-09,0.88,"prospectus supplement and the accompanying prospectus. The Ordinary Shares are listed on the Nasdaq Capital Market under the symbol “RVSN.” On May 9, 2023, the last reported sale price of the Ordinary Shares on the Nasdaq Capital Market was $0.88 per Ordinary Share. The highest aggregate market value of the outstanding Ordinary Shares held by non-affiliates within the 60 days prior to this prospectus supplement was approximately $4,481,946 ",https://www.sec.gov/Archives/edgar/data/1743905/000121390023038313/ea178351-424b5_railvision.htm
0001213900-24-085915,RVSN,424B5,2024-10-07 16:22:13,,sin frase,,2024-10-04,0.54,"tion entitled “Plan of Distribution” on page S-12. Our ordinary shares are listed on the Nasdaq Capital Market under the symbol “RVSN.” On October 4, 2024, the last reported sale price of the ordinary shares on the Nasdaq Capital Market was $0.54 per ordinary share. We are an emerging growth company, as defined in the Jumpstart Our Business Startups Act of 2012, and have elected to comply with certain reduced public company reporting requir",https://www.sec.gov/Archives/edgar/data/1743905/000121390024085915/ea0216099-424b5_railvision.htm
0001601830-23-000042,RXRX,424B5,2023-06-09 07:25:01,,sin frase,,2023-06-08,9.14,"yclica that are parties thereto. Our Class A Common Stock is listed on the Nasdaq Global Select Market (“Nasdaq”) under the symbol “RXRX.” On June 8, 2023, the last reported sale price of our Class A Common Stock on Nasdaq was $9.14 per share. Our principal executive office is located at 41 S Rio Grande Street, Salt Lake City, Utah 84101. Investing in our Class A Common Stock involves risks. Please carefully read the information under the h",https://www.sec.gov/Archives/edgar/data/1601830/000160183023000042/cyclicaprospectussupplement.htm
0001213900-24-017951,RYM,424B1,2024-02-28 14:38:45,,sin frase,,,,,https://www.sec.gov/Archives/edgar/data/1800637/000121390024017951/ea0200849-01.htm
0001641172-25-024105,RYOJ,424B4,2025-08-14 16:47:18,4.0,patron2,"000 common shares, no par value. This is our initial public offering. Prior to the offering, there has been no public market for our common shares. The initial public offering price of the 1,250,000 common shares is $4.00 per share. We are also seeking to register (i) wa",,,,https://www.sec.gov/Archives/edgar/data/2012600/000164117225024105/form424b4.htm
0001193125-24-028442,SANA,424B5,2024-02-08 16:49:21,,sin frase,,2024-02-07,6.1,"common stock issuable upon the exercise of such pre-funded warrants. Our common stock is listed on the Nasdaq Global Select Market under the symbol “SANA.” The last reported sale price of our common stock on the Nasdaq Global Select Market on February 7, 2024 was $6.10 per share. There is no established public trading market for the pre-funded warrants, and we do not expect a market to develop. We do not intend to list the pre-funded warran",https://www.sec.gov/Archives/edgar/data/1770121/000119312524028442/d632258d424b5.htm
0001683168-22-001075,SBFM,424B4,2022-02-17 06:00:35,4.25,patron0,"have an exercise price equal to $4.25 (100% of the public offering price per Unit), and expire five years after the date of issuance. Public offering price The public offering price is $4.25 per Unit. Over-allotment option We have granted ",,,,https://www.sec.gov/Archives/edgar/data/1402328/000168316822001075/sunshine_424b4.htm
0001683168-24-007865,SBFM,424B4,2024-11-12 11:29:46,,sin frase,,2024-11-05,2.86,"Warrants and exercise price are subject to further adjustment. Our common stock is listed on The Nasdaq Capital Market, or Nasdaq, under the symbol “SBFM.” The last reported sale price of our common stock on Nasdaq on November 5, 2024 was $2.86 per share. Neither the Securities and Exchange Commission nor any state securities commission has approved or disapproved of these securities or determined if this prospectus is truthful or complete.",https://www.sec.gov/Archives/edgar/data/1402328/000168316824007865/sunshine_424b4.htm
0000944075-20-000046,SCKT,424B4,2020-11-12 17:01:04,,sin frase,,2020-11-12,2.33,"m the sale of the shares offered by this prospectus. Our Common Stock is quoted on the Nasdaq Capital Market under the symbol “SCKT.” On November 12, 2020, the last reported sale price for our Common Stock on the Nasdaq Capital Market was $2.33 per share. Investment in the securities involves a high degree of risk. See “Risk Factors ” beginning on page 5 of this prosptectus and “Item 1A. Risk Factors” of our most recent report on Form 10-K ",https://www.sec.gov/Archives/edgar/data/944075/000094407520000046/socket_424b4.htm
0000944075-21-000030,SCKT,424B4,2021-03-31 16:05:10,,ATM,,2021-03-30,8.0,"from the sale of the shares offered by this prospectus. Our Common Stock is quoted on the Nasdaq Capital Market under the symbol “SCKT.” On March 30, 2021, the last reported sale price for our Common Stock on the Nasdaq Capital Market was $8.00 per share. Investment in the securities involves a high degree of risk. See “Risk Factors” beginning on page 5 of this prospectus and “Item 1A. Risk Factors” of our most recent report on Form 10-K or",https://www.sec.gov/Archives/edgar/data/944075/000094407521000030/socket_424b4.htm
0001213900-15-003603,SCNI,424B4,2015-05-13 17:26:55,5.0,patron0,"1,910,000 American Depositary Shares We are offering 1,910,000 American Depositary Shares, or ADSs, and warrants to purchase 1,910,000 ADSs, or warrants, at an offering price of $5.00 per ADS and $ 0.01 per warrant. The ADSs and wa",,,,https://www.sec.gov/Archives/edgar/data/1611747/000121390015003603/f424a050715_biondvax.htm
0001213900-21-005818,SCNI,424B5,2021-02-01 17:08:50,,sin frase,,,,,https://www.sec.gov/Archives/edgar/data/1611747/000121390021005818/f424b50121_biondvaxpharma.htm
0001213900-21-067775,SCNI,424B5,2021-12-28 17:20:24,,sin frase,,2021-12-23,2.78,"dinary Shares, no par value (“Ordinary Shares”). The ADSs are listed on The NASDAQ Capital Market (“Nasdaq”) under the symbol “BVXV.” On December 23, 2021, the last reported sale price of the ADSs on Nasdaq was $2.78 per ADS. Investing in the ADSs involves a high degree of risk. Before making an investment decision, you should carefully consider all of the information set forth in this prospectus supplement, the accompanying prospectus and ",https://www.sec.gov/Archives/edgar/data/1611747/000121390021067775/ea153118-424b5_biondvax.htm
0001213900-23-077508,SCNI,424B5,2023-09-19 10:03:16,,sin frase,,2023-09-14,1.16,"onth calendar period so long as our public float remains below $75.0 million. The ADSs are listed on Nasdaq under the symbol “SCNI.” On September 14, 2023, the last reported sale price of the ADSs on Nasdaq was $ 1.16 per ADS. Investing in our securities involves a high degree of risk. Please read “Risk Factors” beginning on page S-5 of this prospectus supplement, on page 3 of the accompanying prospectus and in the documents incorporated by",https://www.sec.gov/Archives/edgar/data/1611747/000121390023077508/ea185368-424b5_scinaiimmu.htm
0001493152-22-027848,SCNX,424B5,2022-10-06 17:28:35,1.15,patron0," certain accredited and institutional investor, 1,521,740 shares of our common stock (or pre-funded warrants in lieu thereof, the “ Pre-Funded Warrants ”) at a public offering price of $1.15 per share. The purchase price of each pre-funded ",,,,https://www.sec.gov/Archives/edgar/data/1382574/000149315222027848/form424b5.htm
0001493152-25-014315,SCNX,424B5,2025-09-19 17:15:16,,ATM,,2025-09-18,0.89,"e section entitled “ Plan of Distribution ” in this prospectus supplement. Our common stock is traded on The Nasdaq Capital Market under the symbol “SCNX”. The last reported sale price of our common stock on September 18, 2025 was $0.89 per share. Our principal executive offices are located at 20 Austin Blvd., Commack, NY 11725. As of September 18, 2025, the aggregate market value of our outstanding common stock held by non-affiliates was a",https://www.sec.gov/Archives/edgar/data/1382574/000149315225014315/form424b5.htm
0001564590-18-023158,SCYX,424B5,2018-09-14 17:20:58,,ATM,,2018-09-14,1.27,"e through Cantor Fitzgerald acting as sales agent. Our common stock is listed on The Nasdaq Global Market under the symbol “ SCYX. ” On September 14, 2018, the last reported sale price of our common stock on The Nasdaq Global Market was $1.27 per share. Sales of our common stock, if any, under this prospectus may be made in sales deemed to be “ at-the-market ” equity offerings as defined in Rule 415 promulgated under the Securities Act of 1",https://www.sec.gov/Archives/edgar/data/1178253/000156459018023158/scyx-424b5.htm
0001564590-22-015281,SCYX,424B5,2022-04-22 16:54:44,3.0,patron0,"2.999 $ 44,988,333.33 Underwriting discount (3) $ 0.18 $ 0.17994 $ 2,699,300.00 Proceeds, before expenses, to SCYNEXIS $ 2.82 $ 2.81906 $ 42,289,033.33 (1) The public offering price is $3.00 per share of common stock and accompanying warran",2022-04-21,3.14,"are immediately separable and will be issued separately. Our common stock is quoted on The Nasdaq Global Market under the symbol “SCYX.” On April 21, 2022, the last reported sale price of our common stock was $3.14 per share. We do not intend to list the warrants or pre-funded warrants on The Nasdaq Global Market, any other national securities exchange or any other nationally recognized trading system. Our business and an investment in our ",https://www.sec.gov/Archives/edgar/data/1178253/000156459022015281/scyx-424b5.htm
0001437749-19-016256,SDEV,424B5,2019-08-09 17:02:04,1.0,patron1," common stock pursuant to this prospectus supplement and the accompanying prospectus. Each share of our common stock will be sold to investors in this offering at a price of $1.00 per share. In a concurrent private placement, we ",2019-08-08,1.15,"es of common stock purchased by such purchaser in this offering. Our common stock is quoted on the NYSE American under the symbol “NBY.” On August 8, 2019, the last reported sale price of our common stock on the NYSE American was $1.15 per share. Additionally, in a concurrent private placement to separate non-U.S. institutional accredited investors, we are selling shares of Series A Non-Voting Convertible Preferred Stock (the “Preferred Sto",https://www.sec.gov/Archives/edgar/data/1389545/000143774919016256/nby20190808_424b5.htm
0001731122-25-001287,SDOT,424B5,2025-09-23 16:00:52,6.14,patron0,"forth on the following basis: ● on an actual basis; ● a pro forma basis, to give effect to the sale of the 44,370 shares of common stock in this Offering at an offering price of $6.14 per share and 37,063 Warrants, after deducting es",2025-07-28,1.0,"”) from the Listing Qualifications Department (the “Staff”) of Nasdaq notifying the Company that the Staff has determined that the Company’s common stock had a closing bid price of less than $1.00 per share over the previous 30 consecutive business days from July 28, 2025 through September 8, 2025, and, as a result, does not comply with the Rule. The Company is not eligible for the 180-calendar day compliance period specified in Nasd",https://www.sec.gov/Archives/edgar/data/1701756/000173112225001287/e6862_424b5.htm
0001731122-25-001394,SDOT,424B5,2025-10-16 09:21:08,5.2,patron0,"nd accredited investors an aggregate of 103,577 shares of our common stock, par value $0.0001 per share (“Common Stock”) in a registered direct offering, at an offering price of $5.20 per share. The Shares are being offered pursuant ",2025-10-14,5.19,", 2025, by and between us and the purchaser identified therein. Our common stock is listed on the Nasdaq Capital Market (“Nasdaq”) under the symbol “SDOT.” The last reported sale price of our common stock on Nasdaq on October 14, 2025 was $5.19 per share. We have retained Dawson James Securities, Inc. to act as our exclusive placement agent in connection with this offering (the “Placement Agent”). The Placement Agent is not purchasing the s",https://www.sec.gov/Archives/edgar/data/1701756/000173112225001394/e6958_424b5.htm
0001047469-20-003039,SENS,424B5,2020-05-13 16:18:10,,sin frase,,2020-04-29,0.6," carefully before you make your investment decision. Our common stock is listed on the NYSE American and trades under the symbol ""SENS."" On April 29, 2020, the closing sale price of our common stock on the NYSE American was $0.600 per share. We are a smaller reporting company as defined in Rule 12b-2 promulgated under the Securities Exchange Act of 1934, as amended (the ""Exchange Act""). As such, we have elected to rely on certain redu",https://www.sec.gov/Archives/edgar/data/1616543/000104746920003039/a2241632z424b5.htm
0001193125-24-244123,SEPN,424B4,2024-10-25 16:06:08,18.0,patron0,"be approximately $262.0 million (or approximately $302.2 million if the underwriters exercise their option to purchase additional shares in full), based on the initial public offering price of $18.00 per share, and after deducting underwriting disco",,,,https://www.sec.gov/Archives/edgar/data/1984086/000119312524244123/d762905d424b4.htm
0001628280-25-020112,SER,424B5,2025-04-25 21:10:45,,ATM,,2025-04-24,1.089," assumed sale of 2,179,064 shares of our common stock in the aggregate amount of approximately $13,270,500 at an assumed offering price of $6.09 per share, the last reported sale price of our common stock on April 24, 2025, and after deducting commissions and estimated offering expenses payable by us, our as adjusted net tangible book value as of December 31, 2024 would have been approximately $12,633,385, or approximately $1.089 per share ",https://www.sec.gov/Archives/edgar/data/1708599/000162828025020112/serinatherapeutics-atmform.htm
0001213900-24-034228,SERV,424B4,2024-04-18 20:30:44,4.0,patron0,"ares of our common stock upon the conversion of our convertible promissory notes (based upon the conversion price of $2.42 per share (calculated based upon the public offering price of $4.00 per share) and (ii) 3,542 shares of our common st",2024-04-18,5.3,"n of market on April 18, 2024, our common stock ceased to be traded on the OTCQB Market (the “OTCQB”) operated by OTC Markets Group Inc. On April 17, 2024, the closing price of our common stock on the OTCQB was $5.30 per share. We are an “emerging growth company” and a “smaller reporting company” as defined under the federal securities laws and, as such, are eligible for reduced public company reporting requirements. See “ Prospe",https://www.sec.gov/Archives/edgar/data/1832483/000121390024034228/ea0204077-424b4_serverob.htm
0001213900-20-042050,SGLY,424B5,2020-12-10 17:20:36,3.1,patron1," LTD. 1,560,000 Shares of Common Stock We are offering 1,560,000 shares of our common stock, no par value per share, directly to the investors in this offering at a price of $3.10 per share pursuant to this prospectus supplement ",2020-12-08,3.85,"ffering” beginning on page S-11. Our shares of common stock are currently traded on the NASDAQ Capital Market under the symbol “SINO.” On December 8, 2020, the closing sale price of our shares of common stock was $3.85 per share. As of the date of this prospectus supplement, the aggregate market value of our outstanding shares of common stock held by non-affiliates was approximately $14,552,548 based on 4,438,788 outstanding shares of",https://www.sec.gov/Archives/edgar/data/1422892/000121390020042050/ea131308-424b5_sinoglobal.htm
0001213900-26-091496,SGLY,424B5,2026-08-19 11:18:39,3.0,patron0,"Common Stock Underlying the 260,000 Pre-Funded Warrants We are offering 340,000 shares of our common stock, without par value per share (“Common Stock”), at an offering price of $3.00 per share, and 260,000 pre-funded warrants (the “",,,,https://www.sec.gov/Archives/edgar/data/1422892/000121390026091496/ea0302658-424b5_singularity.htm
0001104659-23-081319,SGMT,424B4,2023-07-14 18:56:33,16.0,patron0,"million (or approximately $87.4 million if the underwriters exercise their option to purchase additional shares of Series A common stock in full), based on the initial public offering price of $16.00 per share, after deducting underwriting discounts",,,,https://www.sec.gov/Archives/edgar/data/1400118/000110465923081319/tm237052-16_424b4.htm
0001493152-22-024431,SHPH,424B4,2022-08-31 06:16:32,,sin frase,,,,,https://www.sec.gov/Archives/edgar/data/1757499/000149315222024431/form424b4.htm
0001640334-21-003167,SIDU,424B4,2021-12-14 16:05:57,,sin frase,,,,,https://www.sec.gov/Archives/edgar/data/1879726/000164033421003167/sidus_424b4.htm
0001493152-24-045204,SIDU,424B5,2024-11-13 17:18:17,1.25,patron0,"rs of audited financial statements, instead of three years. - 9 - THE OFFERING Class A common stock offered by us 4,520,000 Shares of Class A common stock at a public offering price of $1.25 per share. Pre-Funded Warrants offered by us We a",2024-11-12,2.25,"e Pre-Funded Warrants are exercised in full. Our Class A common stock is listed on The Nasdaq Capital Market under the symbol “SIDU”. On November 12, 2024, the closing price as reported on The Nasdaq Capital Market was $2.25 per share. There is no established trading market for the Pre-Funded Warrants and we do not intend to list the Pre-Funded Warrants on any securities exchange or nationally recognized trading system. We are an",https://www.sec.gov/Archives/edgar/data/1879726/000149315224045204/form424b5.htm
0001493152-25-013526,SIDU,424B5,2025-09-15 17:12:38,1.0,patron0,"rs of audited financial statements, instead of three years. S- 7 THE OFFERING Class A common stock offered by us 9,800,000 Shares of Class A common stock at an offering price of $1.00 per share. Class A common stock outstanding immed",2025-09-12,1.32,"e information regarding these arrangements. Our Class A common stock is listed on The Nasdaq Capital Market under the symbol “SIDU”. On September 12, 2025, the closing price as reported on The Nasdaq Capital Market was $1.32 per share. As of the date of this prospectus supplement, the aggregate market value of our outstanding Class A common stock held by non-affiliates, or our public float, was $51,952,090 based on 25,342,433 out",https://www.sec.gov/Archives/edgar/data/1879726/000149315225013526/form424b5.htm
0001213900-24-050186,SILO,424B5,2024-06-06 06:07:51,2.18,patron0,"ess, cause the price of our common stock to decline, and delay the development of our product candidates. You will experience substantial dilution. Based on an offering price of $2.18 per share, and a pro forma net tangible book valu",2024-06-04,2.25,"n exercise price of $2.06 per Unregistered Warrant Share. Our common stock is traded on The Nasdaq Capital Market under the symbol “SILO.” On June 4, 2024, the last sale price of our common stock as reported on The Nasdaq Capital Market was $2.25 per share. There is no established public trading market for the Pre-Funded Warrants and we do not expect a market to develop. In addition, we do not intend to apply for a listing of the P",https://www.sec.gov/Archives/edgar/data/1514183/000121390024050186/ea0207380-424b5_silopharma.htm
0001213900-24-063203,SILO,424B5,2024-07-22 06:06:13,2.75,patron0,"are located at 677 N Washington Blvd Sarasota Fl 34236 and our telephone number is (718) 400-9031. S- 8 THE OFFERING Common Stock Offered by Us 763,638 shares. Offering Price $2.75 per share. Common Stock to be Outstanding Immedia",2024-07-18,3.47," exercise price of $2.75 per Unregistered Warrant Share. Our common stock is traded on The Nasdaq Capital Market under the symbol “SILO.” On July 18, 2024, the last sale price of our common stock as reported on The Nasdaq Capital Market was $3.47 per share. As of July 18, 2024, the aggregate market value of our outstanding common stock held by non-affiliates was approximately $12,267,789 based on 3,720,818 outstanding shares of com",https://www.sec.gov/Archives/edgar/data/1514183/000121390024063203/ea0209760-424b5_silopharma.htm
0001269026-15-000032,SINT,424B5,2015-09-08 08:59:57,0.381,patron0," book value of the Common Stock you purchase in this offering. After giving effect to the sale by us of shares of Common Stock in this offering, and based on a public offering price of $0.381 per share and Series B Warrant and a pro forma ne",,,,https://www.sec.gov/Archives/edgar/data/1269026/000126902615000032/a20150908_424b5.htm
0001493152-17-000673,SINT,424B5,2017-01-20 16:18:39,0.51,patron0," book value of the Common Stock you purchase in this offering. After giving effect to the sale by us of shares of Common Stock in this offering, and based on a public offering price of $0.51 per share and 0.45 Warrants, and a pro forma net ",,,,https://www.sec.gov/Archives/edgar/data/1269026/000149315217000673/form424b5.htm
0001493152-19-008688,SINT,424B5,2019-06-04 17:22:20,,ATM,,2019-06-03,0.1789,"bilities, including liabilities under the Securities Act. Our common stock is traded on The NASDAQ Capital Market under the symbol “SINT.” On June 3, 2019, the last reported sale price of our common stock was $0.1789 per share. As of the date of this prospectus supplement, the aggregate market value of our outstanding common stock held by non-affiliates was approximately $5,011,879, based on 21,790,778 shares of outstanding common stock hel",https://www.sec.gov/Archives/edgar/data/1269026/000149315219008688/form424b5.htm
0001493152-20-000751,SINT,424B4,2020-01-17 17:01:52,,sin frase,,2020-01-14,1.71,"s within five business days of such date. Our common stock is listed on the Nasdaq Capital Market, or Nasdaq, under the symbol “SINT.” On January 14, 2020, the last reported sale price of our common stock was $1.71 per share. There is no public trading market for the Preferred Stock or the Warrants and they will not be listed for trading on Nasdaq or any other securities exchange or market. The Subscription Rights are non-transferrable and ",https://www.sec.gov/Archives/edgar/data/1269026/000149315220000751/form424b4.htm
0001493152-24-026958,SINT,424B5,2024-07-11 16:15:48,,ATM,,2024-07-09,4.78,"bilities, including liabilities under the Securities Act. Our common stock is traded on The NASDAQ Capital Market under the symbol “SINT.” On July 9, 2024, the last reported sale price of our common stock was $4.78 per share. The aggregate market value of our outstanding common stock held by non-affiliates, or the public float, was approximately $20,953,184, which was calculated based on 748,328 shares of outstanding common stock held by no",https://www.sec.gov/Archives/edgar/data/1269026/000149315224026958/form424b5.htm
0001493152-24-040424,SKK,424B5,2024-10-08 15:31:32,4.0,patron0,"rs. Going Concern Our independent auditors have issued a report raising doubt of our ability to continue as a going concern. 12 The Offering Offering Price The initial public offering price is US$4.00 per Ordinary Share. Ordinary Shares offered by us 1,750,00",,,,https://www.sec.gov/Archives/edgar/data/1991261/000149315224040424/form424b5.htm
0001493152-25-004100,SKYA,424B4,2025-01-29 09:21:50,1.4,patron0,m issuance and will expire two and one-half (2.5) years after the Warrant Stockholder Approval. See “Description of Securities.” We are offering each Unit at a public offering price of $1.40 per Unit. (which Unit offering price does not ac,,,,https://www.sec.gov/Archives/edgar/data/1737995/000149315225004100/form424b4.htm
0001096906-26-000076,SKYQ,424B5,2026-01-12 17:25:47,,ATM,,2026-01-07,0.46," Assuming that an aggregate 6,833,382 shares of our Common Stock are sold pursuant to this Prospectus Supplement at a price of $0.6878 per share, which was the last reported sale price of our Common Stock on NasdaqCM on January 7, 2026, for aggregate gross proceeds of $4,700,000, after deducting estimated commissions and estimated aggregate offering expenses payable by us, you would experience immediate dilution of $0.46 per share, represen",https://www.sec.gov/Archives/edgar/data/1812447/000109690626000076/skyq_424b5.htm
0001654954-19-002037,SLE,424B4,2019-02-27 17:26:24,11.0,patron2," are offering 2,272,727 shares of our common stock. This is our initial public offering and no public market currently exists for our common stock. The initial public offering price of our common stock is $11.00 per share. Our common stock has been approved for",,,,https://www.sec.gov/Archives/edgar/data/1621672/000165495419002037/slg424b4-feb2019.htm
0001437749-25-019092,SLE,424B5,2025-06-02 10:52:22,0.12,patron0,"ock Issuable Upon Exercise of the Pre-Funded Warrants We are offering 3,190,000 shares of our common stock, par value $0.001 per share (“ Common Stock ”), at a public offering price of $0.12 per share (the “ Offering ”) to certain accredite",2025-05-30,0.195,"ntil all of the Pre-Funded Warrants are exercised in full. Our Common Stock is listed on The Nasdaq Capital Market under the symbol “SLE.” On May 30, 2025, the last reported sale price of our Common Stock on The Nasdaq Capital Market was $0.195 per share. There is no established trading market for Pre-Funded Warrants, and we do not intend to list the Pre-Funded Warrants on any securities exchange or nationally recognized trading system. As ",https://www.sec.gov/Archives/edgar/data/1621672/000143774925019092/slgg20250531_424b5.htm
0001893417-25-000019,SLGB,424B4,2025-10-15 10:57:50,5.0,patron2,"” or the “Company”). We are offering on a firm commitment basis our Shares. Prior to this offering, there has been no public market for our Shares. The initial public offering price of our Shares is $5 per share. Our Shares have been approved to list ",,,,https://www.sec.gov/Archives/edgar/data/1987189/000189341725000019/form424b4.htm
0001178913-19-002102,SLGL,424B5,2019-08-08 07:33:36,8.0,patron0,"d substantial dilution in the book value per ordinary share you purchase. After giving effect to the sale of 1,250,000 ordinary shares in this offering, at the public offering price of $8.00 per share, and after deducting the underwriting d",2019-08-07,8.01,"g 1,250,000 of our ordinary shares in this offering. Our ordinary shares are traded on the Nasdaq Global Market under the symbol “SLGL.” On August 7, 2019, the last reported sale price of our ordinary shares was $8.01 per share. The aggregate market value of our outstanding ordinary shares held by non-affiliates is approximately $54.7 million, based on 18,949,968 ordinary shares outstanding, of which 5,223,711 ordinary shares were held by n",https://www.sec.gov/Archives/edgar/data/1684693/000117891319002102/zk1923349.htm
0001193125-16-643948,SLS,424B5,2016-07-08 07:37:34,0.45,patron1,"tus dated December 22, 2015) 28,000,000 Shares of Common Stock We are offering 28,000,000 shares of our common stock directly to the investors in this offering at a price of $0.45 per share. In a concurrent private placement, we ",2016-07-07,0.515,"he Securities Act and Rule 506(b) promulgated thereunder. Our common stock is listed on The NASDAQ Capital Market under the symbol “GALE.” On July 7, 2016, the last reported sale price of our common shares on The NASDAQ Capital Market was $0.515 per share. The warrants will be exercisable six months and one day after the date of issuance of the shares of our common stock in the event shareholders approve additional authorized shares, and wi",https://www.sec.gov/Archives/edgar/data/1390478/000119312516643948/d222399d424b5.htm
0001178913-25-000141,SLXN,424B4,2025-01-17 06:44:54,1.35,patron0,"pany (“New Silexion”, the “Company”, “our company”, “we” or “us”), together with 3,703,703 ordinary warrants to purchase up to 3,703,703 ordinary shares at the public offering price of $1.35 per share and ordinary warrant pursuant to this p",2025-01-10,1.94,"ed hereby. Our ordinary shares and warrants are listed on The Nasdaq Global Market under the symbols “SLXN” and “SLXNW,” respectively. On January 10, 2025, the closing price of our ordinary shares was $1.94 per share and the closing price of our warrants was $0.0251 per warrant. There is no established public trading market for the pre-funded warrants and we do not expect a market to develop. Without an active trading market, the",https://www.sec.gov/Archives/edgar/data/2022416/000117891325000141/zk2532560.htm
0001599298-22-000077,SMMT,424B4,2022-07-18 15:49:53,,sin frase,,2022-07-15,1.1,"ld or transferred except as required by operation of law. Our common stock is listed on the Nasdaq Global Market under the symbol “SMMT.” On July 15, 2022, the last reported sale price for our common stock on the Nasdaq Global Market was $1.10 per share. Investing in our securities involves risks. You should carefully review and consider the information contained in this prospectus supplement, including the risk factors beginning on page S-",https://www.sec.gov/Archives/edgar/data/1599298/000159929822000077/summittherapeutics-prospec.htm
0001641172-25-022492,SNAL,424B5,2025-08-07 06:05:29,,ATM,,2025-08-06,1.01,"(“Nasdaq”) under the symbol “SNAL.” On August 6, 2025, the last trading day before our entry into the Sales Agreement providing for the sale of the Shares, the last reported sale price of our Class A Common Stock on Nasdaq was $1.01 per share. We are an “emerging growth company” and a “smaller reporting company” under applicable Securities and Exchange Commission rules and, as such, have elected to comply with certain reduced public company",https://www.sec.gov/Archives/edgar/data/1886894/000164117225022492/form424b5.htm
0001213900-20-009998,SNES,424B4,2020-04-23 21:51:11,3.176,patron0,"hares of Common Stock at a price of $3.005 per share in March 2020. After giving effect to the sale of 145,586 Class A Units and 1,428,722 Class B Units at the public offering price of $3.176 per Class A Unit and $3.175 per Class B Unit and af",2020-04-21,3.05,"y and will expire five years from the date of issuance. Our Common Stock is listed on The Nasdaq Capital Market under the symbol “SNES.” On April 21, 2020, the last reported sale price for our Common Stock on The Nasdaq Capital Market was $3.05 per share. There is no public trading market for the Pre-Funded Warrants or Warrants and we do not expect a market to develop. In addition, we do not intend to apply for the listing of the Pre-Funded",https://www.sec.gov/Archives/edgar/data/1680378/000121390020009998/ea121010-424b4_senestech.htm
0001213900-23-090748,SNES,424B4,2023-11-29 09:00:19,1.3,patron0," E warrants (the “Series E Warrants” and, together with the Series D Warrants, the “Series Warrants”) to purchase up to 450,306 shares of our Common Stock at a combined public offering price of $1.30 per share of Common Stock and the accompanying Se",2023-11-27,1.88,"o not intend to apply for the listing of the Pre-Funded Warrants or the Series Warrants that are part of this offering on any national securities exchange. The last reported sale price on Nasdaq for our Common Stock on November 27, 2023 was $1.88 per share. Holders As of November 20, 2023, we had 692 record holders of our Common Stock, and no preferred stock issued and outstanding. The number of record holders was determined from the record",https://www.sec.gov/Archives/edgar/data/1680378/000121390023090748/ea189128-424b4_senestech.htm
0001213900-16-019425,SNGX,424B4,2016-12-14 17:27:29,3.1599,patron0,"ons on the date of the modification, and the reclassification of the warrant liability to equity and (iii) the sale of 1,670,000 shares in this offering at the public offering price of $3.1599 per share and warrants at the public offering pri",,,,https://www.sec.gov/Archives/edgar/data/812796/000121390016019425/f424b411016_soligenix.htm
0001558370-24-005363,SNGX,424B4,2024-04-19 16:05:40,0.4,patron0," common warrants issued in this offering. ​ ​ ​ Use of proceeds ​ We estimate that the net proceeds from this offering will be approximately $4.2 million, at a public offering price of $0.40 per share, after deducting the Placement Agent fe",2024-04-17,0.51,"e 415 under the Securities Act of 1933, as amended (the “Securities Act”). Our common stock is listed on The Nasdaq Capital Market under the symbol “SNGX.” The last reported sale price of our common stock on The Nasdaq Capital Market on April 17, 2024 was $0.51 per share. We do not intend to list the pre-funded warrants or the common warrants on any national securities exchange or other nationally recognized trading system. ​ An investment ",https://www.sec.gov/Archives/edgar/data/812796/000155837024005363/sngx-20231231x424b4.htm
0001558370-24-012348,SNGX,424B5,2024-08-16 16:19:57,,ATM,,,,,https://www.sec.gov/Archives/edgar/data/812796/000155837024012348/tmb-20240816x424b5.htm
0001683168-20-004441,SNOA,424B5,2020-12-23 16:15:57,,sin frase,,2020-12-22,8.45,"ities unless accompanied by a prospectus supplement. Our common stock is traded on the Nasdaq Capital Market under the symbol “SNOA.” On December 22, 2020, the last reported sale price for our common stock was $8.45 per share. The aggregate market value of our outstanding voting and non-voting equity held by non-affiliates on December 22, 2020 was $17,380,729 based on a share price of $8.45. We did not sell any securities pursuant to Genera",https://www.sec.gov/Archives/edgar/data/1367083/000168316820004441/sonoma_424b5.htm
0001683168-24-006555,SNOA,424B5,2024-09-20 06:00:49,,ATM,,2024-09-17,5.2,"$835,400 from time to time through the Sales Agent. Our common stock is listed on the Nasdaq Capital Market under the symbol “SNOA.” On September 17, 2024, the last reported sale price for our common stock was $5.20 per share. The aggregate market value of our outstanding voting common equity held by non-affiliates on September 18, 2024 was $11,152,868 based on 1,338,615 outstanding shares of common stock, 1,318,306 of which are held by non",https://www.sec.gov/Archives/edgar/data/1367083/000168316824006555/sonoma_424b5.htm
0001193125-20-010134,SOGP,424B4,2020-01-17 17:00:38,11.0,patron0,"se may be, at any particular rate or at all. On January 10, 2020, the noon buying rate for Renminbi was RMB6.9178 to US$1.00. 13 Table of Contents THE OFFERING Offering price US$11.00 per ADS. ADSs offered by us 4,100,000 ADSs (or ",,,,https://www.sec.gov/Archives/edgar/data/1783407/000119312520010134/d762894d424b4.htm
0001193125-21-280980,SONM,424B5,2021-09-23 21:14:28,,ATM,,2021-09-22,3.27,"ospectus Supplement and this prospectus supplement. Our common stock is listed on The Nasdaq Capital Market under the symbol “SONM.” On September 22, 2021, the last reported sale price of our common stock was $3.27 per share. The securities to which this prospectus supplement and the accompanying prospectus relate will be offered and sold through the Agent over a period of time and from time to time by any method that is deemed to be an “at",https://www.sec.gov/Archives/edgar/data/1178697/000119312521280980/d211953d424b5.htm
0001493152-24-030464,SONM,424B5,2024-08-06 20:51:31,,ATM,,2024-08-05,3.12," to Roth acting as our agent or principal. Our common stock is listed on the Nasdaq Capital Market (“ Nasdaq ”) under the symbol “SONM.” On August 5, 2024, the last reported sale price of our common stock on Nasdaq was $3.12 per share. Sales of our common stock, if any, under this prospectus supplement will be made in sales deemed to be an “at the market offering” as defined in Rule 415(a)(4) promulgated under the Securities Act of 1933, as",https://www.sec.gov/Archives/edgar/data/1178697/000149315224030464/form424b5.htm
0001213900-20-044526,SOS,424B5,2020-12-23 21:55:01,,sin frase,,2020-12-23,1.26,"6 million of our securities hereunder. Our ADSs are currently traded on the New York Stock Exchange, or NYSE, under the symbol “SOS.” On December 23, 2020, the closing sale price of our ADSs was $1.26 per ADS. We have retained Maxim Group LLC to act as our exclusive placement agent in connection with this offering. The placement agent is not purchasing or selling any of the securities offered pursuant to this prospectus supplement and",https://www.sec.gov/Archives/edgar/data/1346610/000121390020044526/ea132223-424b5_soslimited.htm
0001493152-24-034473,SPAI,424B5,2024-08-30 06:08:13,,sin frase,,,,,https://www.sec.gov/Archives/edgar/data/2011208/000149315224034473/form424b5.htm
0001564590-22-007241,SPRB,424B5,2022-02-25 17:42:18,,ATM,,2022-02-24,2.21,"o time through Jefferies, acting as our agent. Our common stock is listed on the Nasdaq Global Select Market under the symbol “SPRB.” On February 24, 2022, the last reported sale price of our common stock on the Nasdaq Global Select Market was $2.21 per share. Sales of our common stock, if any, under this prospectus supplement may be made by any method deemed to be an “at the market offering” as defined in Rule 415(a)(4) promulgated under t",https://www.sec.gov/Archives/edgar/data/1683553/000156459022007241/sprb-424b5.htm
0001213900-23-066565,SPRC,424B5,2023-08-14 09:14:41,0.2,patron0,"to December 31, 2022 as a result of expenses incurred in the ordinary course of business, and (v) the sale of 5,525,000 Ordinary Shares in this offering at the public offering price of $0.20 per Ordinary Share and 975,000 pre-funded warrants at the ",2023-08-09,0.495,"-funded warrants sold in this offering. Our Ordinary Shares are traded on the Nasdaq Capital Market, or Nasdaq, under the symbol “SPRC.” On August 9, 2023, the last reported sale price of our Ordinary Shares on Nasdaq was $0.495 per share. The aggregate market value of our outstanding ordinary shares held by non-affiliates as of the date of this prospectus supplement was approximately $4,661,309, based on 7,363,837 outstanding Ordinary Shar",https://www.sec.gov/Archives/edgar/data/1611746/000121390023066565/ea183376-424b5_scisparc.htm
0001213900-26-004172,SPRC,424B5,2026-01-14 08:29:05,1.0,patron0,"ct offering in November 2025; and ● on a pro forma as adjusted basis to give effect to the issuance and sale of 766,170 Ordinary Shares in this offering at the offering price of $1.00 per Ordinary Share, after deducting the estimated offering",2026-01-12,1.45,"ment and the accompanying prospectus. Our Ordinary Shares are listed on the Nasdaq Capital Market, or Nasdaq, under the symbol “SPRC”. On January 12, 2026, the last reported sale price of our Ordinary Shares on the Nasdaq Capital Market was $1.45 per share. The aggregate market value of our outstanding Ordinary Shares held by non-affiliates as of the date of this prospectus supplement was approximately $9,175,887 based on 3,584,331 Ordinary",https://www.sec.gov/Archives/edgar/data/1611746/000121390026004172/ea0272764-424b5_scisparc.htm
0001104659-23-108812,SRRK,424B5,2023-10-12 16:05:27,6.85,patron0,", 2022) 12,408,760 shares Scholar Rock Holding Corporation Common stock We are offering 12,408,760 shares of our common stock, par value $0.001 per share, at a public offering price of $6.85 per share of common stock. Our common stock is li",2023-10-11,6.85,"ering price of $6.85 per share of common stock. Our common stock is listed on The Nasdaq Global Select Market under the symbol “SRRK.” On October 11, 2023, the closing price of our common stock, as reported on The Nasdaq Global Select Market, was $6.85 per share. We are an “emerging growth company” and a “smaller reporting company” as defined under U.S. federal securities laws and are subject to reduced public company reporting r",https://www.sec.gov/Archives/edgar/data/1727196/000110465923108812/tm2328103-3_424b5.htm
0001493152-24-029688,SRXH,424B1,2024-07-31 07:44:52,3.0,patron0,"Choice Company Inc. This is a firm commitment public offering of 639,000 shares of common stock of Better Choice Company Inc., par value $0.001 per share, at a public offering price of $3.00 per share and pre-funded warrants to purchase 1,0",2024-07-29,3.35,"ercise price of each Pre-Funded Warrant will be $0.01 per share. Our common stock is quoted on the NYSE American under the symbol “BTTR.” On July 29, 2024, the closing price of our common stock was $3.35 per share. There is no established public trading market for the Pre-Funded Warrants and we do not expect a market to develop. Without an active trading market, the liquidity of the Pre-Funded Warrants will be limited. We are a “",https://www.sec.gov/Archives/edgar/data/1471727/000149315224029688/form424b1.htm
0001193125-26-132378,SRZN,424B5,2026-03-30 18:21:09,,ATM,,2026-03-20,25.15,"rom time to time through TD Cowen, acting as our agent. Our common stock is listed on the Nasdaq Capital Market under the symbol “SRZN.” On March 20, 2026, the last reported sale price of our common stock was $25.15 per share. Sales of our common stock, if any, under this prospectus may be made in negotiated transactions, including block trades or block sales, or by any method permitted by law deemed to be an “at the market offerings” as de",https://www.sec.gov/Archives/edgar/data/1824893/000119312526132378/srzn_424b5_20260330.htm
0001171843-26-005852,SSM,424B5,2026-09-02 16:05:16,,sin frase,,2026-08-28,2.67,"diately preceding the date of the Purchase Agreement. Our Ordinary Shares are listed on the Nasdaq Capital Market under the symbol SSM. On August 28, 2026, the closing price of our Ordinary Shares was $2.67 per share. We are a smaller reporting company as defined under Rule 405 of the Securities Act of 1933, as amended (the “ Securities Act ”), and, as such, are subject to certain reduced public company reporting requirements. Th",https://www.sec.gov/Archives/edgar/data/1840416/000117184326005852/f424b5_090126.htm
0001493152-25-008310,STAK,424B4,2025-02-26 13:00:30,4.0,patron2,"s the initial public offering of our Ordinary Shares (the “Offering”). Prior to this Offering, there has been no public market for Ordinary Shares. The initial public offering price of the Ordinary Shares is $4.00 per share. Our Ordinary Shares have been approved",,,,https://www.sec.gov/Archives/edgar/data/2002453/000149315225008310/form424b4.htm
0001493152-24-021897,STEX,424B5,2024-05-30 11:25:37,1.91,patron0,"n the effective price per share of common stock you pay and the pro forma as adjusted net tangible book value per share of common stock. Based on the effective offering price of $1.91 per share of common stock, you will experience im",2024-05-28,2.06,"will expire five years from the issuance date. Our common stock is traded on the Nasdaq Capital Market (“Nasdaq”) under the symbol “BSGM.” On May 28, 2024, the last reported sale price of our common stock on Nasdaq was $2.06 per share. There is no established public trading market for the private placement warrants and we do not expect a market to develop. In addition, we do not intend to list the private placement warrants on Nasdaq, or an",https://www.sec.gov/Archives/edgar/data/1530766/000149315224021897/form424b5.htm
0001213900-25-084491,STKH,424B5,2025-09-04 16:01:26,,ATM,,2025-09-03,0.71,"ding the compensation to be paid to Wainwright. The ADSs are listed on the Nasdaq Capital Market, or Nasdaq, under the symbol “STKH”. On September 3, 2025, the closing price of the ADSs on the Nasdaq was $ 0.71 per ADS. We are an “emerging growth company” and a “foreign private issuer” under the federal securities laws and, as such, are subject to reduced public company disclosure standards for this prospectus supplement and futu",https://www.sec.gov/Archives/edgar/data/1828098/000121390025084491/ea0255778-424b5_steak.htm
0001213900-24-005750,SUGP,424B4,2024-01-23 16:16:12,4.0,patron2,"any”, “we,” “us,” “our,” or “SU Group”). We are offering 1,250,000 of our ordinary shares, par value HK$0.01 per share, on a firm commitment basis. The initial public offering price of our ordinary shares is US$4.00 per share. Prior to this offering, no public mark",,,,https://www.sec.gov/Archives/edgar/data/1969863/000121390024005750/f424b40124_sugroupholdings.htm
0000897101-22-000350,SUNE,424B5,2022-03-29 17:21:30,,sin frase,,2022-03-25,8.89,"istribution ,” beginning on page 27 of this prospectus. Our common stock is listed on the Nasdaq Capital Market under the symbol “PEGY.” On March 25, 2022, the last reported sale price of our common stock on the Nasdaq Capital Market was $8.89 per share. Investing in our shares of common stock involves a high degree of risk. See “ Risk Factors ” beginning on page 10 of this prospectus, as well as those risk factors described in any applicab",https://www.sec.gov/Archives/edgar/data/22701/000089710122000350/csi220415_424b5.htm
0000897101-24-000047,SUNE,424B5,2024-02-06 21:29:49,0.37,patron1,"h respect to the net tangible book value of the Common Stock you purchase in this offering. After giving effect to the sale of 2,702,703 shares of Common Stock at a price of $0.37 per share, and after deducting the estimated offe",2024-02-02,0.45,"rospectus supplement and the accompanying prospectus. Our Common Stock is listed on The Nasdaq Capital Market under the symbol “PEGY.” On February 2, 2024, the last reported sale price of our Common Stock as reported on The Nasdaq Capital Market was $0.45 per share. As of the date of this prospectus supplement, the aggregate market value of our outstanding Common Stock held by non-affiliates was approximately $5.8 million, based on 10,246,6",https://www.sec.gov/Archives/edgar/data/22701/000089710124000047/pegy240133_424b5.htm
0001213900-26-041767,SUNE,424B5,2026-04-09 09:00:42,,ATM,,2026-03-26,3.17,"on stock held by non-affiliates, or public float, was approximately $10,798,757 based on 3,406,548 non-affiliate shares of common stock outstanding, based on a closing price of $3.17 per share on March 26, 2026, which was the highest closing sale price of our common stock on the Nasdaq Global Market, the principal market for our common equity, within 60 days of the filing date of this registration statement, as amended. In the pa",https://www.sec.gov/Archives/edgar/data/22701/000121390026041767/ea0285361-424b5_sunation.htm
0001213900-22-031402,SVRE,424B4,2022-06-06 17:20:45,4.13,patron0,"es Representing 15,751,000 Ordinary Shares Underlying the Warrants SaverOne 2014 Ltd. This is a firm commitment initial public offering of 2,941,918 units at a public offering price of $4.13 per unit, each consisting of one of our American",,,,https://www.sec.gov/Archives/edgar/data/1894693/000121390022031402/ea161182-424b4_saverone.htm
0001493152-23-026651,TAOP,424B5,2023-08-03 17:15:09,,ATM,,2023-08-01,4.9,"NASDAQ Stock Market. Immediately following the reverse stock split, the Company had approximately 1,864,554 ordinary shares outstanding. On August 1, 2023, the closing price of our ordinary shares was $4.90 per share. The aggregate market value of our outstanding ordinary shares held by non-affiliates is $9,349,694, based on 1,864,554 ordinary shares outstanding as of the date of this prospectus supplement, of which 1,236,732 are",https://www.sec.gov/Archives/edgar/data/1552670/000149315223026651/form424b5.htm
0001493152-26-018678,TDIC,424B5,2026-04-23 12:27:13,0.75,patron0,"directed best efforts offering of (i) up to 6,000,000 of our Class A Ordinary Shares, US$0.00005 par value per share (the “Class A Ordinary Shares”) at a fixed public offering price of US$0.75 per Class A Ordinary Share (post-split; pre-split e",2026-04-20,0.6695,"ed as a condition to closing this offering. Our Class A Ordinary Shares are listed on the Nasdaq Capital Market under the symbol “TDIC”. On April 20, 2026, the last reported sale price of our Class A Ordinary Shares was US$0.6695 per share (post-split). There is no established public trading market for the Common Warrants, and we do not expect a market to develop. We do not intend to list the Common Warrants on the Nasdaq Capital Market or ",https://www.sec.gov/Archives/edgar/data/2041338/000149315226018678/form424b5.htm
0001213900-24-077083,TDTH,424B4,2024-09-09 21:41:49,5.0,patron2,"lso forms a part. Prior to this offering of the Public Offering ADSs, there has been no public market for our ADSs or our Class B ordinary shares. T he initial public offering price in this offering is US$5.00 per ADS . We have been approved to list the ADS",,,,https://www.sec.gov/Archives/edgar/data/1983550/000121390024077083/ea0200176-10.htm
0001193125-24-189184,TECX,424B5,2024-07-30 21:22:08,,sin frase,,,,,https://www.sec.gov/Archives/edgar/data/1681087/000119312524189184/d861966d424b5.htm
0001654954-20-002580,TENX,424B5,2020-03-13 08:08:26,1.1651,patron0,"a 27560, and our telephone number is (919) 855-2100. S-3 THE OFFERING Issuer Tenax Therapeutics, Inc. Common stock offered by us 750,000 shares of common stock Offering price $1.1651 per share Pre-funded warrants offered by us Pre-f",2020-03-10,1.04,"listed for trading on any national securities exchange. Our common stock is listed on the Nasdaq Capital Market under the symbol “TENX.” On March 10, 2020, the last reported sale price of our common stock on the Nasdaq Capital Market was $1.04 per share. We have retained H.C. Wainwright & Co., LLC to act as our exclusive placement agent in connection with the sale of securities offered by this prospectus supplement and the accompanying pros",https://www.sec.gov/Archives/edgar/data/34956/000165495420002580/tenx_424b5.htm
0001654954-20-007442,TENX,424B5,2020-07-08 08:49:55,1.0278,patron0,"7560, and our telephone number is (919) 855-2100. S-4 T HE OFFERING Issuer Tenax Therapeutics, Inc. Common stock offered by us 2,523,611 shares of common stock Offering price $1.02780 per share Pre-funded warrants offered by us Pre-f",2020-07-02,0.903,"e listed for trading on any national securities exchange. Our common stock is listed on the Nasdaq Capital Market under the symbol “TENX.” On July 2, 2020, the last reported sale price of our common stock on the Nasdaq Capital Market was $0.903 per share. We have retained H.C. Wainwright & Co., LLC to act as our exclusive placement agent in connection with the sale of securities offered by this prospectus supplement and the accompanying pro",https://www.sec.gov/Archives/edgar/data/34956/000165495420007442/tenx_424b5.htm
0001654954-23-001338,TENX,424B4,2023-02-06 17:08:47,1.8,patron0,"er share (the “Common Stock”) and (ii) Common Stock purchase warrants to purchase up to an aggregate of 17,333,332 shares of Common Stock (the “Warrants”) at a combined public offering price of $1.80 per share of Common Stock and accompanying Warran",2023-02-02,2.21,"ed separately, and will be immediately separable upon issuance. Our Common Stock is listed on The Nasdaq Capital Market (“Nasdaq”) under the symbol “TENX.” The last reported closing price for our Common Stock on Nasdaq on February 2, 2023 was $2.21 per share. None of the Warrants or Pre-Funded Warrants are listed on a national securities exchange. We do not intend to apply to list Warrants or Pre-Funded Warrants on any national securities exch",https://www.sec.gov/Archives/edgar/data/34956/000165495423001338/tenx_424b4.htm
0001654954-24-001542,TENX,424B4,2024-02-09 17:00:57,5.65,patron0,"0001 per share (the “Common Stock”) and (ii) up to 1,600,000 warrants to purchase up to an aggregate of 3,200,000 shares of Common Stock (the “Warrants”), at a combined public offering price of $5.65 per share of Common Stock and accompanying Warran",2024-02-07,14.26,"ble from time to time upon exercise of the Pre-Funded Warrants. Our Common Stock is listed on the Nasdaq Capital Market (“Nasdaq”) under the symbol “TENX.” The last reported closing price for our Common Stock on Nasdaq on February 7, 2024 was $14.26 per share. None of the Warrants or Pre-Funded Warrants are listed on a national securities exchange. We do not intend to apply to list Warrants or Pre-Funded Warrants on any national securities exc",https://www.sec.gov/Archives/edgar/data/34956/000165495424001542/tenx_424b4.htm
0001641172-25-025766,TGHL,424B4,2025-08-28 10:03:20,4.0,patron0,",000,000 Underwriting discounts and commissions to be paid by us (2)(3) $ 0.30 $ 1,125,000 Proceeds, before expenses, to us $ 3.70 $ 13,875,000 (1) Based on an initial public offering price of $4.00 per share. (2) The Underwriter will receive compe",,,,https://www.sec.gov/Archives/edgar/data/2024114/000164117225025766/form424b4.htm
0001213900-23-091300,TGL,424B4,2023-11-30 11:17:47,0.1,patron0,",000,000 Shares of Common Stock Treasure Global Inc Treasure Global Inc is offering 26,014,000 shares of its common stock, par value, $0.00001 per share, at an offering price of $0.10 per share. We are also offering to those purchase",,,,https://www.sec.gov/Archives/edgar/data/1905956/000121390023091300/ea189200-424b4_treasure.htm
0001213900-24-103534,TGL,424B5,2024-11-27 16:48:34,0.33,patron0,"pproximately $0.27 per share of our common stock. After giving further effect to the sale of a total of 3,566,668 shares of common stock in this offering at an offering price of $0.33 per share for net proceeds of $1,177,000.00, our ",2024-11-26,0.328,"ly before you invest in our securities. Our common stock is listed on the Nasdaq Capital Market (“ Nasdaq ”) under the symbols “TGL.” On November 26, 2024, the last reported sale price of our common stock on Nasdaq was $0.3280 per share. The aggregate market value of our outstanding common stock held by non-affiliates is $15,504,279, based on 11,125,688 shares of outstanding common stock, of which 11,074,485 shares are held by non-affiliate",https://www.sec.gov/Archives/edgar/data/1905956/000121390024103534/ea0222928-424b5_treasure.htm
0001213900-22-001448,TKLF,424B4,2022-01-11 06:02:13,4.0,patron2,"6,000,000 ADSs and each ADS represents one Ordinary Share. Prior to this offering, there has been no public market for ADSs or our Ordinary Shares. The initial public offering price of the ADSs is $4.00 per ADS. The ADSs have been approved for listin",,,,https://www.sec.gov/Archives/edgar/data/1836242/000121390022001448/ea153750-424b4_yoshitsuco.htm
0001213900-20-003950,TLSA,424B5,2020-02-14 16:16:14,,sin frase,,2020-02-13,2.15,"nd the accompanying prospectus. ADSs representing our ordinary shares are listed on The Nasdaq Global Market under the symbol “TLSA”. On February 13, 2020, the last reported price of the ADSs on The Nasdaq Global Market was $2.15 per ADS. Our ordinary shares are currently listed on AIM, a market of London Stock Exchange plc, under the symbol “TILS”. On February 13, 2020, the last reported price of our ordinary shares on AIM was £0.3950",https://www.sec.gov/Archives/edgar/data/1723069/000121390020003950/f424b5021420_tiziana.htm
0001213900-20-006237,TLSA,424B5,2020-03-13 12:23:47,3.0,patron0,"sultancy fee of $105,577 (£82,000) in November 2019; and • on a pro forma, as adjusted basis to give effect to the sale of 3,333,333 ADSs in this offering at a public offering price of $3.00 per ADS. As of June 30, 2019 (unaudited) Actual",2020-03-11,3.95,"nt and the accompanying prospectus. ADSs representing our ordinary shares are listed on The Nasdaq Global Market under the symbol “TLSA”. On March 11 2020, the last reported price of the ADSs on The Nasdaq Global Market was $3.95 per ADS. Our ordinary shares are currently listed on AIM, a market of London Stock Exchange plc, under the symbol “TILS”. On March 11, 2020, the last reported price of our ordinary shares on AIM was £0.85 per ",https://www.sec.gov/Archives/edgar/data/1723069/000121390020006237/f424b50320_tiziana.htm
0001641172-25-005493,TMDE,424B4,2025-04-21 09:00:35,3.25,patron0,"rice less the underwriting discounts. If the underwriters exercise the option in full, the total underwriting discounts payable will be $984,831.25 based on an initial public offering price of $3.25 per ordinary share, and the total gross proceeds to us, be",,,,https://www.sec.gov/Archives/edgar/data/2009714/000164117225005493/form424b4.htm
0001104659-25-052605,TMQ,424B5,2025-05-27 06:02:59,,ATM,,,,,https://www.sec.gov/Archives/edgar/data/1543418/000110465925052605/tm2515855d1_424b5.htm
0001575872-22-000346,TNON,424B4,2022-04-27 17:08:42,5.0,patron0," 3,200,000 Shares of Common Stock This is an initial public offering of 3,200,000 shares of Tenon Medical, Inc. common stock, par value, $0.001 per share at an offering price of $5.00 per share. Prior to this offering, there has been",,,,https://www.sec.gov/Archives/edgar/data/1560293/000157587222000346/cm056_424b4.htm
0001213900-24-078804,TNON,424B4,2024-09-16 10:53:15,3.68,patron0,"of our common stock, par value $0.001 per share, together with common warrants to purchase up to 1,222,850 shares of common stock (the “Common Warrants”), at a public offering price of $3.68 per share and accompanying Common Warrant. Common",2024-09-12,4.4,"issuable upon exercise of the Common Warrants and the Pre-Funded Warrants. Our common stock is listed on The Nasdaq Capital Market under the symbol “TNON.” The last reported sale price of our common stock on The Nasdaq Capital Market on September 12, 2024 was $4.40 per share. We do not intend to apply to list the Common Warrants or Pre-Funded Warrants on any national securities exchange or other nationally recognized trading system. Without",https://www.sec.gov/Archives/edgar/data/1560293/000121390024078804/ea0214585-424b4_tenon.htm
0001615774-18-014150,TNXP,424B4,2018-12-10 16:53:00,3.5,patron0," of approximately $13.7 million, or approximately $15.8 million if the underwriters exercise their option to purchase additional securities in full, based on a public offering price of $3.50 per Class A Unit and $1,000 per Class B Unit and af",2018-12-07,2.94,"Preferred Shares convert their shares to common stock. Our common stock is listed on the NASDAQ Global Market under the symbol “TNXP.” On December 7, 2018, the last reported sale price of our common stock as reported on the NASDAQ Global Market was $2.94 per share. There is no established trading market for the warrants or Series A Preferred Shares, and we do not expect an active trading market to develop. We do not intend to list the warra",https://www.sec.gov/Archives/edgar/data/1430306/000161577418014150/s114519_424b4.htm
0001387131-20-001265,TNXP,424B4,2020-02-11 07:45:36,0.57,patron0,"eferred Shares, with a stated value of $1,000 and convertible into 1,754.386 shares of our common stock, together with an equivalent number of warrants. At the offering price of $0.57 per Class A Unit, the Series B Preferred Shares inc",2020-02-06,0.87,"arable and will be issued separately in this offering. Our common stock is listed on The Nasdaq Global Market under the symbol “TNXP.” On February 6, 2020, the last reported sale price of our common stock as reported on The Nasdaq Global Market was $0.87 per share. There is no established trading market for the warrants or Series B Preferred Shares, and we do not expect an active trading market to develop. We do not intend to list the warra",https://www.sec.gov/Archives/edgar/data/1430306/000138713120001265/tnxp-424b4_021020.htm
0001387131-20-008176,TNXP,424B5,2020-09-04 09:02:59,,sin frase,,2020-09-02,0.83,"ares of our common stock. See “Plan of Distribution.” Our common stock is quoted on The NASDAQ Global Market under the symbol “TNXP.” On September 2, 2020, the last reported sale price of our common stock was $0.83 per share. Investing in our securities involves a high degree of risk. Before buying any of our securities, you should carefully read the discussion of material risks of investing in our securities under the heading “Risk Factors",https://www.sec.gov/Archives/edgar/data/1430306/000138713120008176/tnxp-424b5_090420.htm
0001493152-23-002489,TONX,424B5,2023-01-25 17:27:02,0.2,patron0," share of our common stock, you will suffer substantial dilution in the net tangible book value of the common stock you purchase in this offering. Based on the public offering price of $0.20 per share, and after deducting the underwriting d",2023-01-23,0.2287,"re of common stock is being sold at a price of $0.20. Our common stock is quoted on the Nasdaq Capital Market under the symbol “VERB.” On January 23, 2023, the last reported sale price of our common stock on the Nasdaq Capital Market was $0.2287 per share. You should read this prospectus supplement and the accompanying prospectus and the documents incorporated by reference in this prospectus supplement carefully before you invest. INVESTING",https://www.sec.gov/Archives/edgar/data/1566610/000149315223002489/form424b5.htm
0000919574-17-004753,TOPS,424B5,2017-06-08 16:16:14,,sin frase,,,,,https://www.sec.gov/Archives/edgar/data/1296484/000091957417004753/d7493501_424b-5.htm
0001171843-22-004183,TOPS,424B5,2022-06-07 09:00:53,,sin frase,,2022-05-18,1.0,"ad regained compliance with the minimum bid price requirement. S- 5 On May 18, 2022, we received a written notification from Nasdaq indicating that because the closing bid price of our common shares for the last 30 consecutive business days was below $1.00 per share, we no longer met the minimum bid price requirement under Nasdaq rules. Pursuant to the Nasdaq Listing Rules, the applicable grace period to regain compliance is 180 days",https://www.sec.gov/Archives/edgar/data/1296484/000117184322004183/f424b5_060622.htm
0001104659-24-103658,TOVX,424B5,2024-09-27 15:20:19,1.75,patron0," (1) $ 1.75 $ 1.7499 $ 2,499,999 Placement agent fees (2) $ 0.1225 $ 0.1225 $ 175,000 Proceeds to us, before expenses (3) $ 1.6275 $ 1.6274 $ 2,324,999 (1) The combined public offering price is $1.75 per share of Common Stock and accompanying Common",2024-09-25,2.37,"e the section entitled “Risk Factors” for more information. Our Common Stock is listed on the NYSE American under the symbol “TOVX.” On September 25, 2024, the last reported sale price of our Common Stock on the NYSE American was $2.37 per share. The public offering price per share of Common Stock and accompanying Common Warrant is $1.75, and per Pre-Funded Warrant and accompanying Common Warrant is $1.7499. There is no established public t",https://www.sec.gov/Archives/edgar/data/894158/000110465924103658/tm2425095d1_424b5.htm
0001493152-24-038602,TPET,424B5,2024-09-27 17:18:27,,ATM,,2024-09-26,0.18,"September 26, 2024 (the “ATM Agreement”). Our common stock is listed on the NYSE American (“NYSE American”) under the symbol “TPET.” On September 24, 2024, the last sale price of our common stock as reported on the NYSE American was $0.18 per share. Sales of our common stock, if any, under this prospectus supplement and the accompanying base prospectus may be made in sales deemed to be “at the market offerings” as defined in Rule 4",https://www.sec.gov/Archives/edgar/data/1898766/000149315224038602/form424b5.htm
0001493152-26-001111,TPET,424B5,2026-01-09 16:30:15,,ATM,,2026-01-07,0.818," acting as our sales agent or principal. Our common stock is listed on the NYSE American (the “NYSE American”) under the symbol “TPET.” On January 7, 2026, the last sale price of our common stock as reported on the NYSE American was $0.818 per share. Sales of our common stock, if any, under this prospectus supplement and the accompanying base prospectus may be made in sales deemed to be an “at the market offering” as defined in Rul",https://www.sec.gov/Archives/edgar/data/1898766/000149315226001111/form424b5.htm
0001104659-25-032678,TRAW,424B5,2025-04-07 17:00:24,,ATM,,2025-04-04,1.96,"th the ATM Agreement under the Prior Prospectus. Our common stock is listed on the Nasdaq Capital Market under the trading symbol “TRAW.” On April 4, 2025, the closing price of our common stock, as reported on the Nasdaq Capital Market, was $1.96 per share. As of the date of this prospectus supplement, the aggregate market value of our outstanding common stock held by non-affiliates was approximately $31,960,763 based on 3,855,33",https://www.sec.gov/Archives/edgar/data/1130598/000110465925032678/tm2511684d2_424b5.htm
0001178913-24-004056,TRIB,424B5,2024-12-27 16:05:19,,ATM,,,,,https://www.sec.gov/Archives/edgar/data/888721/000117891324004056/zk2432496.htm
0000950170-25-024272,TRNR,424B4,2025-02-20 17:09:47,4.82,patron1," Warrants are exercisable for shares of Common Stock (the “Warrant Shares,” and collectively with the Note Conversion Shares, the “Note Conversion Securities”) at a price of $4.82 per share (the “Warrant Exercise Price”). The War",,,,https://www.sec.gov/Archives/edgar/data/1785056/000095017025024272/424b4.htm
0001493152-24-048993,TRON,424B5,2024-12-06 12:21:30,0.7385,patron0,"g. You may incur immediate and substantial dilution as a result of this offering after giving effect to the sale by us of 1,580,000 shares of Common Stock at a public offering price of $0.7385 per share and Pre-Funded Warrants to purchase 712",2024-12-04,1.16,"ock issuable upon exercise of any Pre-Funded Warrants. Our Common Stock is listed on The Nasdaq Capital Market under the symbol “SRM”. On December 4, 2024, the last reported sale price of our Common Stock on The Nasdaq Capital Market was $1.16 per share. We have retained D. Boral Capital LLC (the “Placement Agent”) as placement agent in connection with this offering. The Placement Agent has agreed to use its reasonable best efforts to place",https://www.sec.gov/Archives/edgar/data/1956744/000149315224048993/form424b5.htm
0001193125-24-279709,TRVI,424B5,2024-12-16 17:18:12,4.0,patron0,"common stock in this offering, you will pay a price per share that substantially exceeds our net tangible book value per share after this offering. Based on an offering price of $4.00 per share, you will experience immediate dilution",2024-12-13,4.17,"ock We are offering 12,500,000 shares of our common stock in this offering. Our common stock is listed on the Nasdaq Global Market under the symbol “TRVI.” The last reported sale price for our common stock on December 13, 2024, was $4.17 per share. We are an “emerging growth company” and a “smaller reporting company” under applicable Securities and Exchange Commission, or the SEC, rules and, as such, have elected to comply with certain redu",https://www.sec.gov/Archives/edgar/data/1563880/000119312524279709/d853760d424b5.htm
0001193125-23-082441,TSHA,424B5,2023-03-28 19:12:05,,sin frase,,,,,https://www.sec.gov/Archives/edgar/data/1806310/000119312523082441/d434040d424b5.htm
0001213900-26-034192,TURB,424B5,2026-03-25 17:20:42,,ATM,,2026-03-23,1.96,"s will be sold in the section entitled “Plan of Distribution.” Our ADSs are listed on the Nasdaq Capital Market under the symbol “TURB.” On March 23, 2026, the last reported sale price of our ADSs was $1.96 per ADS. The aggregate market value of our outstanding ADSs held by non-affiliates as of the date of this prospectus supplement was approximately $18,688,711, based on 60,085,700 ordinary shares outstanding, approximately 18,503,675 of w",https://www.sec.gov/Archives/edgar/data/1963439/000121390026034192/ea0282598-424b5_turbo.htm
0001213900-24-033208,TWG,424B4,2024-04-16 10:22:22,4.0,patron2,"0 US$ 8,000,000 Underwriting discounts (2) US$ 0.28 US$ 560,000 Proceeds to the company before expenses (3) US$ 3.72 US$ 7,440,000 ____________ (1) The initial public offering price per share is US$4.00 per share. (2) We have agreed to pay the underwri",,,,https://www.sec.gov/Archives/edgar/data/1978057/000121390024033208/ea0202666-02.htm
0001213900-25-119930,TWG,424B4,2025-12-10 10:44:01,7.0,patron0,"Warrants are immediately separable and will be issued separately in this offering, but must be purchased together in this offering. The Class A Warrants have a combined public offering price of $7.00 per Class A Ordinary Share and will be exercisable ",,,,https://www.sec.gov/Archives/edgar/data/1978057/000121390025119930/ea0268808-424b4_topwealth.htm
0001493152-24-039180,UAVS,424B4,2024-10-02 15:11:41,0.24,patron0,"). Use of Proceeds: We estimate that our proceeds from the sale of the Registered Securities we are offering will be approximately $5.5 million, based upon the public offering price of $0.24 per share of Common Stock, after deducting the es",2024-09-30,0.09,"fering. See “ Description of Securities ” in this prospectus for more information. Our common stock is listed on The NYSE American under the symbol “UAVS.” The closing price of our common stock on The NYSE American on September 30, 2024 was $0.09 per share. There is no established public trading market for the Series A Warrants, Series B Warrants, or the Pre-Funded Warrants, and we do not intend to list the Series A Warrants, Ser",https://www.sec.gov/Archives/edgar/data/8504/000149315224039180/form424b4.htm
0001683168-24-000999,UMAC,424B1,2024-02-14 17:31:41,4.0,patron0,"effrey Thompson, the Chief Executive Officer of Red Cat, and a director of Unusual Machines, Inc. will own approximately 3.76% of our common stock based on the offering price of $4.00 per share. Mr. Thompson will not have the power t",,,,https://www.sec.gov/Archives/edgar/data/1956955/000168316824000999/unusual_424b1.htm
0001041657-20-000044,UONE,424B5,2020-08-18 09:06:18,,ATM,,2020-08-17,9.56,", which we refer to as the Sales Agent. Our Class A common stock trades on the NASDAQ Stock Market, or NASDAQ, under the symbol “UONE.” On August 17, 2020, the last reported sale price of our common stock, as reported on NASDAQ, was $9.56 per share. The shares of our Class A common stock to which this prospectus supplement relates may be offered and sold by any method permitted by law and deemed to be an “at the market” offering as defined ",https://www.sec.gov/Archives/edgar/data/1041657/000104165720000044/prospectussupplementaug2020.htm
0001213900-24-055732,UPC,424B4,2024-06-25 16:10:22,1.25,patron0,"le of an aggregate of 20,000,000 ordinary shares, par value US$0.01875 per share (the “ordinary shares”), of Universe Pharmaceuticals INC (the “Company”) at an offering price of US$1.25 per share. This is a best efforts self-underwritt",2024-06-21,2.63,"fforts self-underwritten public offering. Our ordinary shares are listed on the Nasdaq Capital Market, or Nasdaq, under the symbol “UPC.” On June 21, 2024, the last reported sale price of our ordinary shares on Nasdaq was US$2.63 per share. The recent market price used throughout this prospectus may not be indicative of the actual offering price. We expect to close the offering on or about June 28, 2024. This offering will be terminated by ",https://www.sec.gov/Archives/edgar/data/1809616/000121390024055732/ea0208459-424b4_universe.htm
0001477932-21-004256,UPXI,424B4,2021-06-24 14:27:32,5.0,patron0,"ursuant to Rule 424(b)(4) Registration No. 333-255266 GROVE, INC. 2,200,000 Shares of Common Stock This is the initial public offering of our Common Stock. The initial public offering price is $5.00 per share of our Common Stock. Prior to this offe",,,,https://www.sec.gov/Archives/edgar/data/1775194/000147793221004256/grove_424b4.htm
0001654954-24-016024,USBC,424B5,2025-01-02 06:09:16,0.24,patron0,"tock, par value $0.001 per share, and one warrant to purchase one share of our common stock at an exercise price equal to $0.24 per share of common stock at an offering price of $0.24 per unit, for an aggregate purchase price of $30",2024-12-30,0.16,"symbol “KNW”. On December 30, 2024, the last trading day before our entry into the Issuance Agreement providing for the sale of the shares of common stock, the last reported sale price of our common stock on the NYSE American was $0.16 per share. i We are currently subject to General Instruction I.B.6 of Form S-3, which limits the amounts of securities that we may sell under the registration statement of which the prospectus supplement and ",https://www.sec.gov/Archives/edgar/data/1074828/000165495424016024/knwn_424b5.htm
0001213900-25-000513,UZX,424B4,2025-01-03 08:03:52,,sin frase,,,,,https://www.sec.gov/Archives/edgar/data/1969401/000121390025000513/ea0222497-04.htm
0001144204-19-031680,VAI,424B5,2019-06-20 14:38:54,,sin frase,,,,,https://www.sec.gov/Archives/edgar/data/1711012/000114420419031680/tv523913_424b5.htm
0001193125-21-315379,VALN,424B4,2021-11-01 16:06:28,39.416,patron0,"Our ADSs are listed on the Nasdaq Global Select Market under the symbol “VALN” and our ordinary shares are listed on Euronext Paris under the symbol “VLA.” The public offering price is $39.416 per ADS in the U.S. offering, corresponding to ",2021-10-28,45.3," offering price is $39.416 per ADS in the U.S. offering, corresponding to €17.00 per ordinary share in the European private placement. On October 28, 2021, the last reported sale price of our ordinary shares on Euronext Paris was €19.45 per ordinary share and the last reported sale price of our ADSs was $45.30 per ADS on the Nasdaq Global Select Market. We are an “emerging growth company” as defined under U.S. federal securities laws and, a",https://www.sec.gov/Archives/edgar/data/1836564/000119312521315379/d199317d424b4.htm
0000950123-20-003746,VANI,424B5,2020-05-01 08:58:04,1.0,patron0," substantially exceeds the value of our tangible assets after subtracting liabilities. Investors will incur immediate dilution of $0.40 per share, based on the public offering price of $1.00 per share and the net tangible book value as of D",2020-04-30,1.33," prospectus supplement and the accompanying prospectus. Our common stock is listed on the Nasdaq Capital Market under the symbol “EYES.” On April 30, 2020, the last reported sale price of our common stock on the Nasdaq Capital Market was $1.33 per share. The aggregate market value of our outstanding common stock held by non-affiliates, or our public float, is approximately $22,937,000, based on 15,657,700 shares of common stock outstanding ",https://www.sec.gov/Archives/edgar/data/1266806/000095012320003746/eyes-424b5.htm
0001193125-23-206265,VBIO,424B5,2023-08-08 16:30:44,0.041,patron0,"d February 8, 2023) 33,173,000 Shares of Common Stock We are offering 33,173,000 shares of our common stock, par value $0.0001 per share (“Common Stock”), at a public offering price of $0.041 per share, to certain investors pursuant to this ",2023-08-03,0.0577,"ment and the accompanying prospectus. Our Common Stock is traded on The Nasdaq Capital Market tier of The Nasdaq Stock Market, LLC under the symbol “TIVC.” The last reported sale price of our Common Stock on the Nasdaq Capital Market on August 3, 2023 was $0.0577 per share. As of August 3, 2023, the aggregate market value of our Common Stock held by our non-affiliates was $15,592,804.26, based upon 112,097,802 shares of our outstanding Comm",https://www.sec.gov/Archives/edgar/data/1787740/000119312523206265/d496179d424b5.htm
0001683168-25-002545,VBIO,424B5,2025-04-14 17:00:19,,sin frase,,2025-04-11,4.37,"tribution Agreement under the Prior Prospectus. Our common stock is listed on the Nasdaq Capital Market under the trading symbol “TIVC.” On April 11, 2025, the closing price of our common stock, as reported on the Nasdaq Capital Market, was $4.37 per share. As of the date of this prospectus supplement, the aggregate market value of our outstanding common stock held by non-affiliates was approximately $9,031,416 based on 704,869 s",https://www.sec.gov/Archives/edgar/data/1787740/000168316825002545/tivic_424b5.htm
0001104659-15-054400,VCEL,424B5,2015-07-29 17:14:44,,sin frase,,2015-07-27,3.33,"amendment carefully before you invest in our securities. Our common stock is listed on the Nasdaq Capital Market under the symbol “VCEL.” On July 27, 2015, the last reported sale price of our common stock on the Nasdaq Capital Market was $3.33 per share. Investing in our securities involves a high degree of risk. You should review carefully the risks and uncertainties described under the heading “Risk Factors” contained in this prospectus s",https://www.sec.gov/Archives/edgar/data/887359/000110465915054400/a15-16401_1424b5.htm
0001104659-16-149401,VCEL,424B5,2016-10-11 06:00:57,,ATM,,2016-10-10,1.66,"common stock outstanding prior to this offering. Assuming that an aggregate of 8,305,648 shares of our common stock are sold at a price of $3.01 per share, the last reported sale price of our common stock on the NASDAQ Capital Market on October 10, 2016, for aggregate gross proceeds of $25 million, and after deducting commissions and estimated offering expenses payable by us, you will experience immediate dilution of $1.66 per share, repres",https://www.sec.gov/Archives/edgar/data/887359/000110465916149401/a16-19590_1424b5.htm
0001213900-24-003798,VCIG,424B4,2024-01-16 17:14:22,1.25,patron0," Warrants”, each a “Series A Warrant”) and Series B warrants (“Series B Warrants”, each a “Series B Warrant”) to purchase up to 2,200,000 Ordinary Shares, at a combined public offering price of $1.25 per Ordinary Share and accompanying Series A Warrant and S",,,,https://www.sec.gov/Archives/edgar/data/1930510/000121390024003798/ea191654-424b4_vciglobal.htm
0001213900-25-075843,VCIG,424B5,2025-08-13 17:26:43,,sin frase,,2025-08-12,0.896,"before you invest in our securities. Our ordinary shares are listed on the Nasdaq Capital Market (“ Nasdaq ”) under the symbols “VCIG.” On August 12, 2025, the last reported sale price of our ordinary shares on Nasdaq was $0.896 per share. Investing in our securities involves a high degree of risk. See “Risk Factors” section beginning on page S-8. We are an “emerging growth company,” as that term is defined under the federal securities laws",https://www.sec.gov/Archives/edgar/data/1930510/000121390025075843/ea0253069-424b5_vciglobal.htm
0001213900-26-005930,VCIG,424B5,2026-01-21 09:13:20,0.5832,patron0,y Share and accompanying Initial Common A Warrant to purchase one Ordinary Share and Initial Common B Warrant to purchase one Ordinary Share is being sold at a combined offering price of $0.5832 per Ordinary Share and each Initial Pre-Funded Warrant and,,,,https://www.sec.gov/Archives/edgar/data/1930510/000121390026005930/ea0273341-424b5_vciglobal.htm
0001213900-26-088706,VEEA,424B5,2026-08-13 08:00:19,,ATM,,2026-08-11,0.1,"rative purposes that an aggregate of 34,575,059 shares of our common stock are sold during the term of the Sales Agreement at a price of $0.1259 per share, the last reported sale price of our common stock on the Nasdaq on August 11, 2026, for aggregate gross proceeds of $4,353,000. In fact, the shares subject to the Sales Agreement will be sold, if at all, from time to time, at prices that may vary. An increase of $0.10 per share in the pri",https://www.sec.gov/Archives/edgar/data/1840317/000121390026088706/ea0301578-424b5_veea.htm
0001731122-25-000702,VEEE,424B5,2025-05-12 06:01:37,4.0,patron1,"in Vee PowerCats Co. We are offering 750,000 shares of our common stock in this offering pursuant to this prospectus supplement and the accompanying prospectus at a price of $4.00 per share. Our common stock is listed on the Nasd",2025-05-08,7.45,"the accompanying prospectus at a price of $4.00 per share. Our common stock is listed on the Nasdaq Capital Market under the symbol “VEEE.” On May 8, 2025, the last reported sale price of our common stock on the Nasdaq Capital Market was $7.45 per share. We are an “emerging growth company” as that term is used in the Jumpstart Our Business Startups Act of 2012 and a “smaller reporting company.” As such, we have elected to comply with certai",https://www.sec.gov/Archives/edgar/data/1855509/000173112225000702/e6585_424b5.htm
0001731122-26-000474,VEEE,424B5,2026-03-24 10:01:14,0.384,patron1,"e offering on a best efforts basis 6,491,900 shares of our common stock in this offering pursuant to this prospectus supplement and the accompanying prospectus at a price of $0.384 per share. Our common stock is listed on the Nasd",2026-03-20,0.39,"accompanying prospectus at a price of $0.384 per share. Our common stock is listed on the Nasdaq Capital Market under the symbol “VEEE.” On March 20, 2026, the last reported sale price of our common stock on the Nasdaq Capital Market was $0.39 per share. We are an “emerging growth company” as that term is used in the Jumpstart Our Business Startups Act of 2012 and a “smaller reporting company.” As such, we have elected to comply with certai",https://www.sec.gov/Archives/edgar/data/1855509/000173112226000474/e7487_424b5.htm
0001140361-15-034492,VHC,424B1,2015-09-04 17:10:30,,ATM,,2015-08-18,3.91,"$35,000,000 from time to time through Cowen acting as our agent. Our common stock is listed on the NYSE MKT LLC under the symbol “VHC.” On August 18, 2015, the last reported sale price of our common stock on the NYSE MKT LLC was $3.91 per share. Sales of our common stock, if any, under this prospectus supplement may be made in sales deemed to be “at-the-market” equity offerings as defined in Rule 415 promulgated under the Securities Act of ",https://www.sec.gov/Archives/edgar/data/1082324/000114036115034492/form424b1.htm
0001193125-19-266864,VIR,424B4,2019-10-11 17:31:57,20.0,patron0,"lumn reflects: (i) the pro forma adjustments set forth in footnote (1) above; and (ii) the sale of 7,142,858 shares of our common stock in this offering at the initial public offering price of $20.00 per share, after deducting the underwriting disco",,,,https://www.sec.gov/Archives/edgar/data/1706431/000119312519266864/d755217d424b4.htm
0001683168-22-001042,VIVK,424B4,2022-02-15 17:17:24,5.0,patron0,"ering of 1,600,000 shares of our common stock, par value $0.001 (“Common Stock”) of Vivakor, Inc., a Nevada corporation (the “Company,” “we,” “us,” “our”). The public offering price is $5.00 per share. Our Common Stock has been approved for",,,,https://www.sec.gov/Archives/edgar/data/1450704/000168316822001042/vivakor_424b4.htm
0001437749-23-034590,VIVO,424B5,2023-12-15 17:21:32,1.15,patron0,"ities. “Book value per share” is book value divided by the total number of shares outstanding. After giving effect to the sale of 220,000 Ordinary Shares at an offering price of $1.15 per share, and after deducting estimated offering",2023-12-14,1.68,"upplement for additional information. Our Ordinary Shares are listed on The Nasdaq Capital Market (“Nasdaq”) under the symbol “VVPR.” On December 14, 2023, the last reported sale price for our Ordinary Shares on Nasdaq was $1.68 per share. Investing in our Ordinary Shares involves a high degree of risks. See “ Risk Factors ” beginning on page S-5 of this prospectus supplement, on page 6 of the accompanying prospectus and in the documents in",https://www.sec.gov/Archives/edgar/data/1681348/000143774923034590/vpip20231215_424b5.htm
0001437749-24-011238,VIVO,424B5,2024-04-05 17:16:13,6.41,patron0,"ities. “Book value per share” is book value divided by the total number of shares outstanding. After giving effect to the sale of 542,122 Ordinary Shares at an offering price of $6.41 per share, and after deducting estimated offering",2024-04-05,5.69,"luding liabilities under the Securities Act. Our Ordinary Shares trade on the Capital Market of The Nasdaq Stock Market (“Nasdaq”) under the symbol “VVPR.” The last sale price of our Ordinary Shares on April 5, 2024 was US$5.69 per share. Investing in our Ordinary Shares involves a high degree of risks. See “ Risk Factors ” beginning on page S- 5 of this prospectus supplement, on page 6 of the accompanying prospectus and in the doc",https://www.sec.gov/Archives/edgar/data/1681348/000143774924011238/vpip20240404_424b5.htm
0001493152-24-037182,VIVO,424B4,2024-09-19 17:30:14,1.25,patron0,"nary shares offered by us Up to 10,000,000 Ordinary Shares on a best-efforts basis Ordinary shares outstanding prior to this offering 4,439,733 Ordinary Shares Offering price $1.25 per Ordinary Share Ordinary shares to be outstanding after",2024-09-17,1.25,"g price of the Ordinary Shares is $1.25 per Ordinary Share. Our Ordinary Shares are listed on The Nasdaq Capital Market (“Nasdaq”) under the symbol “VVPR.” The last sale price of our Ordinary Shares on September 17, 2024 was $1.25 per share. We have engaged Chardan Capital Markets LLC (“Chardan”) as our exclusive placement agent, or the Placement Agent, to use its reasonable best efforts to solicit offers to purchase our securities",https://www.sec.gov/Archives/edgar/data/1681348/000149315224037182/form424b4.htm
0001193125-24-028469,VIVS,424B5,2024-02-08 16:56:43,,ATM,,2024-02-07,0.97,"ck for gross proceeds of approximately $45.1 million. Our common stock is listed on the Nasdaq Capital Market under the symbol “ONVO.” On February 7, 2024, the last reported sale price of our common stock on the Nasdaq Capital Market was $0.97 per share. Sales of our common stock, if any, under this prospectus may be made in sales deemed to be an “at the market offering” as defined in Rule 415(a)(4) promulgated under the Securities Act of 1",https://www.sec.gov/Archives/edgar/data/1497253/000119312524028469/d747667d424b5.htm
0000950170-24-059277,VIVS,424B4,2024-05-14 12:45:20,0.8,patron0,"ng our common stock and accompanying common warrants in this offering will incur immediate dilution of $0.23 per share, representing the difference between the public offering price of $0.80 per share, and our as adjusted net tangible book ",,,,https://www.sec.gov/Archives/edgar/data/1497253/000095017024059277/onvo_prospectus_may_2024.htm
0001213900-25-030814,VIVS,424B5,2025-04-11 09:16:35,,sin frase,,2025-04-10,2.18,"nother amendment prior to making such additional sales. Our common stock is listed on the Nasdaq Capital Market under the symbol “ONVO”. On April 10, 2025, the last reported sale price of our common stock on the Nasdaq Capital Market was $2.18 per share. Investing in our securities involves risks. You should read this Amendment and the documents we incorporate herein by reference carefully before you make your investment decision. See “Risk",https://www.sec.gov/Archives/edgar/data/1497253/000121390025030814/ea0237935-424b5_organovo.htm
0001213900-26-039307,VIVS,424B4,2026-04-02 16:00:55,1.14,patron0,"ares of common stock, together with an aggregate of 429,836 accompanying common warrants to purchase up to an aggregate of 429,836 shares of common stock, at a combined public offering price of $1.14 per share of common stock and accompanying 1.5 co",,,,https://www.sec.gov/Archives/edgar/data/1497253/000121390026039307/ea0284536-424b4_vivosim.htm
0001104659-24-109572,VMAR,424B5,2024-10-17 17:02:55,,ATM,,2024-10-15,4.08,"s Agent with respect to certain liabilities, including liabilities under the Securities Act. Our common shares trade on the Nasdaq under the symbol “VMAR.” The last reported sale price of our common shares on the Nasdaq on October 15, 2024 was US$4.08 per share. For a more detailed description of our common shares, see the section entitled “Description of the Securities we are Offering” beginning on page S-17 of this prospectus supplement. ",https://www.sec.gov/Archives/edgar/data/1813783/000110465924109572/tm2425807d1_424b5.htm
0001213900-22-040585,VRAX,424B4,2022-07-21 10:01:09,5.0,patron0,"ring of our ordinary shares (“Ordinary Shares”). We are offering 1,350,000 of our Ordinary Shares, par value $0.0001 per share, on a firm commitment basis. The initial public offering price is $5.00 per share. The selling shareholders (as defined h",,,,https://www.sec.gov/Archives/edgar/data/1885827/000121390022040585/f424b40722_viraxbiolabs.htm
0000950170-24-006155,VRAX,424B5,2024-01-22 17:27:44,,ATM,,2024-01-19,1.05,"inwright, acting as our sales agent. Our ordinary shares are listed on the Nasdaq Capital Market (“ Nasdaq ”) under the symbol “VRAX”. On January 19, 2024, the closing price of the ordinary shares on Nasdaq was $1.05 per ordinary share. Sales of our ordinary shares, if any, under this prospectus supplement may be made by any method permitted that is deemed an “at the market offering” as defined in Rule 415(a)(4) under the Securit",https://www.sec.gov/Archives/edgar/data/1885827/000095017024006155/424b5_prosup_atm_jan24.htm
0000950170-24-110179,VRAX,424B5,2024-09-30 09:13:11,,ATM,,2024-09-27,1.94,"ior to making such additional sales. Our ordinary shares are listed on the Nasdaq Capital Market (“Nasdaq”) under the symbol “VRAX”. On September 27, 2024, the closing price of the ordinary shares on Nasdaq was $1.94 per ordinary share. As of the date of this Supplement, the aggregate market value of our outstanding ordinary shares held by non-affiliates, or the public float, as calculated pursuant to the rules of the U.S. Securi",https://www.sec.gov/Archives/edgar/data/1885827/000095017024110179/pro_sup_september_2024.htm
0001193125-20-028285,VRDN,424B5,2020-02-07 17:03:09,1.0,patron0,"ur common stock, you will suffer substantial dilution with respect to the net tangible book value of the common stock you purchase in this offering. Based on a public offering price of $1.00 per share and accompanying one-half warrant and o",,,,https://www.sec.gov/Archives/edgar/data/1590750/000119312520028285/d879879d424b5.htm
0001214659-25-003969,VRME,424B5,2025-03-06 07:55:32,,ATM,,2025-03-03,0.97,"g as our agent. Our common stock and certain warrants are listed on the Nasdaq Capital Market and trade under the symbols “VRME” and “VRMEW,” respectively. The closing price of our common stock on Nasdaq on March 3, 2025 was $0.97 per share. Sales of our common stock, if any, under this prospectus supplement and the accompanying prospectus will be made by any method permitted that is deemed an “at the market offering” as defined ",https://www.sec.gov/Archives/edgar/data/1104038/000121465925003969/w34250424b5.htm
0001213900-22-078316,VS,424B4,2022-12-07 21:02:51,1.0,patron0,"g up to 2,100,000 units, with each unit consisting of one of our common shares, no par value per share, and two warrants to purchase one common share each at a public offering price of $ 1.00 per unit, on a best -efforts basis . All of the ",,,,https://www.sec.gov/Archives/edgar/data/1701963/000121390022078316/f424b41222_versussystemsinc.htm
0001213900-23-008032,VS,424B5,2023-02-03 17:12:51,0.9,patron0,"a pro forma as adjusted basis to reflect such pro forma adjustments and to give effect to the sale by us of (i) 2,500,000 common shares in this offering at the offering price of $0.90 per share, and (ii) to reflect the application of",2023-02-01,1.66," share, pursuant to this prospectus supplement and the accompanying prospectus. Our common shares trade on the NASDAQ Capital Market under the symbol “VS.” The last reported sale price of our common shares on the NASDAQ Capital Market on February 1, 2023 was $1.66 per share. For a more detailed description of our common shares, see the section entitled “Description of the Securities we are Offering” beginning on page S -15 of this prospectu",https://www.sec.gov/Archives/edgar/data/1701963/000121390023008032/f424b50223_versus.htm
0001013762-23-004159,VS,424B4,2023-10-16 17:14:05,0.23,patron0,"ng on a “reasonable best efforts” basis up to 13,043,490 common shares, no par value per share, and common share purchase warrants (the “common warrants”) at a public offering price of $0.23 per share and accompanying common warrant. Each c",,,,https://www.sec.gov/Archives/edgar/data/1701963/000101376223004159/f424b41023_versus.htm
0001213900-26-044483,VSA,424B5,2026-04-16 13:09:04,,sin frase,,2026-04-15,0.805,"two hundred and fifty (250) Class A ordinary shares, par value US$0.001 per share. The ADSs are listed on the Nasdaq Capital Market under the symbol “VSA.” The last reported sale price of the ADSs on April 15, 2026 was US$0.805 per ADS. We have retained Univest Securities, LLC (the “Placement Agent”) to act as our exclusive placement agent in connection with this Offering. The Placement Agent is not purchasing or selling any of the securiti",https://www.sec.gov/Archives/edgar/data/1592560/000121390026044483/ea0286580-424b5_vision.htm
0001654954-24-011367,VTAK,424B1,2024-09-03 06:08:01,,sin frase,,,,,https://www.sec.gov/Archives/edgar/data/1716621/000165495424011367/rmed_424b1.htm
0001437749-25-025439,VTAK,424B5,2025-08-07 16:16:18,,ATM,,2025-08-04,0.17,"le another prospectus supplement prior to making additional sales. Our common stock trades on the NYSE American under the symbol “VTAK.” On August 4, 2025, the last reported sale price of our common stock on the NYSE American was $0.17 per share. Investing in our common stock involves a high degree of risk. Please read “ Risk Factors ” beginning on page S-3 of the ATM Prospectus and contained in the documents incorporated by reference into ",https://www.sec.gov/Archives/edgar/data/1716621/000143774925025439/vtak20250805_424b5.htm
0001654954-17-011539,VTGN,424B4,2017-12-12 17:28:14,1.5,patron0,"o purchase up to 10,000,000 shares of our common stock. Each share of common stock will be accompanied by a warrant to purchase one share of common stock for a combined public offering price of $1.50 per share and related warrant . The common stock ",2017-12-12,1.18,"being offered pursuant to this prospectus. Our common stock is presently traded on the NASDAQ Capital Market under the symbol “VTGN.” On December 12, 2017, the last reported sale price of our common stock was $1.18 per share. There is no established public trading market for the warrants being offered by this prospectus and we do not intend to have the warrants listed on a national securities exchange or any other recognized trading system ",https://www.sec.gov/Archives/edgar/data/1411685/000165495417011539/vtgn424dec2017.htm
0001564590-19-008563,VTVT,424B5,2019-03-20 08:57:32,1.65,patron0," part of this prospectus supplement. The Offering Issuer vTv Therapeutics Inc. Class A common stock offered by us 3,636,364 shares of our Class A common stock. Offering price $1.65 per share of Class A common stock. S-1 Class A co",2019-03-15,2.3,"ommon stock is being sold at a purchase price of $1.65. Our common stock is traded on The Nasdaq Capital Market under the symbol “VTVT.” On March 15, 2019, the last reported sale price of our common stock as reported on The Nasdaq Capital Market was $2.30 per share. As of March 18, 2019, the aggregate market value of the outstanding Class A common stock held by non-affiliates, computed by reference to the price at which our Class A common s",https://www.sec.gov/Archives/edgar/data/1641489/000156459019008563/vtvt-424b5.htm
0001564590-20-018575,VTVT,424B5,2020-04-24 17:23:19,,ATM,,2020-04-23,2.31,"tus supplement and the accompanying prospectus. Our Class A common stock is traded on The Nasdaq Capital Market under the symbol “VTVT.” On April 23, 2020, the last reported sale price of our Class A common stock as reported on The Nasdaq Capital Market was $2.31 per share. As of April 23, 2020, the aggregate market value of the outstanding Class A common stock held by non-affiliates, computed by reference to the price at which our Class A ",https://www.sec.gov/Archives/edgar/data/1641489/000156459020018575/vtvt-424b5.htm
0001493152-21-012285,VVOS,424B4,2021-05-19 17:30:31,,sin frase,,2021-05-18,5.82," to purchase additional shares of common stock. Our common stock listed on the NASDAQ Stock Market LLC (“NASDAQ”) under the symbol “VVOS.” On May 18, 2021, the last reported sale price of the shares of our common stock as reported on NASDAQ was $5.82 per share. We are an “emerging growth company”, as that term is used in the Jumpstart Our Business Startups Act of 2012, and will be subject to reduced public company reporting requirements. In",https://www.sec.gov/Archives/edgar/data/1716166/000149315221012285/form424b4.htm
0001493152-23-004284,VVOS,424B1,2023-02-10 16:11:01,,sin frase,,2023-02-07,1.1,"ed may be deemed underwriting compensation. Our common stock listed on the NASDAQ Stock Market LLC (“NASDAQ”) under the symbol “VVOS.” On February 7, 2023, the last reported sale price of the shares of our common stock as reported on NASDAQ was $1.10 per share. We are an “emerging growth company”, as that term is used in the Jumpstart Our Business Startups Act of 2012, and will be subject to reduced public company reporting requirements. In",https://www.sec.gov/Archives/edgar/data/1716166/000149315223004284/form424b1.htm
0001193125-19-266846,WATT,424B5,2019-10-11 17:16:21,,ATM,,2019-10-10,3.34,"ons or as otherwise agreed between us and the sales agent. Our common stock trades on The Nasdaq Stock Market under the symbol “WATT.” On October 10, 2019, the last reported sale price of our common stock on The Nasdaq Stock Market was $3.34 per share. The compensation of our sales agent for sales of common stock shall be a commission rate equal to 2.5% of the gross sales price per share of common stock. The net proceeds from any sales unde",https://www.sec.gov/Archives/edgar/data/1575793/000119312519266846/d811136d424b5.htm
0001104659-24-073958,WATT,424B5,2024-06-21 16:29:11,,ATM,,2024-06-20,1.08,"be received in any escrow, trust or similar arrangement. Our common stock is traded on the Nasdaq Capital Market under the symbol “WATT.” On June 20, 2024, the last reported sale price of our common stock on the Nasdaq Capital Market was $1.08 per share. As of June 21, 2024, the aggregate market value of our outstanding common stock held by non-affiliates (“public float”) was approximately $10.5 million based on 6,533,783 shares of outstand",https://www.sec.gov/Archives/edgar/data/1575793/000110465924073958/tm2417721d1_424b5.htm
0001213900-24-109783,WBUY,424B5,2024-12-17 16:24:09,0.1756,patron0,"mediate and substantial dilution in the book value of your shares. After giving effect to the sale of 21,013,239 Class A ordinary shares in this offering, at a public offering price of $0.1756 per Share, and assuming all Pre-Funded Warrants a",2024-12-16,0.23,"pany with limited liability. Our Class A ordinary shares are listed on The Nasdaq Capital Market, or Nasdaq, under the symbol “WBUY.” On December 16, 2024, the last reported sale price of our Class A ordinary shares on Nasdaq was US$0.23 per share. This prospectus supplement and the accompanying base prospectus relates to an offering of an aggregate of (i) 5,372,792 Class A ordinary shares (the “Shares”) of the Company, par value $0.0000003",https://www.sec.gov/Archives/edgar/data/1946703/000121390024109783/ea0225039-424b5_webuy.htm
0001213900-25-070089,WBUY,424B4,2025-07-31 17:20:35,3.65,patron0," decreased on a one-for-one basis. We will pay all of the expenses incident to the registration, offering and sale of the Securities under this prospectus. The offering price is $3.65 per Class A Share. Our Class A Shares are listed on",,,,https://www.sec.gov/Archives/edgar/data/1946703/000121390025070089/ea0251040-424b4_webuy.htm
0001575872-25-000194,WETO,424B4,2025-02-27 17:26:09,,sin frase,,,,,https://www.sec.gov/Archives/edgar/data/1941158/000157587225000194/vc073_424b4.htm
0001013762-25-003577,WFF,424B4,2025-03-28 06:41:22,4.0,patron0,"0,000 Ordinary Shares This is the initial public offering of our ordinary shares, par value $0.00005 per share. We are offering 2,000,000 ordinary shares at an initial public offering price of $4.00 per share. Prior to this offering, there was no p",,,,https://www.sec.gov/Archives/edgar/data/1980210/000101376225003577/ea0235917-424b4_wfholding.htm
0001193125-25-097064,WHWK,424B5,2025-04-25 16:50:18,,ATM,,2025-04-24,1.51,"ment, and any future amendments or supplements thereto. Our common stock is listed on the Nasdaq Capital Market under the symbol “WHWK.” On April 24, 2025, the last reported sale price of our common stock on the Nasdaq Capital Market was $1.51 per share. Sales of our common stock, if any, under this prospectus supplement and the accompanying prospectus will be made in negotiated transactions, including block trades or block sales, or at mar",https://www.sec.gov/Archives/edgar/data/1422142/000119312525097064/d936092d424b5.htm
0001047469-20-001982,WIMI,424B4,2020-04-01 16:09:19,5.5,patron0,"ion. These and other factors could cause results to differ materially from those expressed in these publications and reports. 15 Table of Contents THE OFFERING Offering price $5.50 per ADS. ADSs offered by us in this offering 4,",,,,https://www.sec.gov/Archives/edgar/data/1770088/000104746920001982/a2241085z424b4.htm
0001213900-22-056095,WLDS,424B4,2022-09-15 10:19:15,4.23,patron0,"s issuable upon the conversion of $400 thousand received under the SAFEs, which will automatically convert upon the consummation of this offering, based on the public offering price of $4.23 per Ordinary Share. But does not assume or give effect to:",,,,https://www.sec.gov/Archives/edgar/data/1887673/000121390022056095/ea165825-424b4_wearabledev.htm
0001213900-25-008102,WLDS,424B4,2025-01-30 08:46:52,1.0,patron0,"re, or the Ordinary Shares, together with accompanying warrants to purchase 2,500,000 Ordinary Shares, or the Warrants, together with the Ordinary Shares, at a public offering price of $ 1.00 per Ordinary Share and accompanying Warrant. Each Warrant ",2025-01-28,1.06," and certain previously issued warrants, or the IPO Warrants, are listed on Nasdaq under the symbols “WLDS” and “WLDSW,” respectively. On January 28, 2025, the last reported sale price of our Ordinary Shares and IPO Warrants on Nasdaq was $1.06 per share and $0.208 per IPO Warrant, respectively. The Ordinary Shares and accompanying Warrants will be issued separately and will be immediately separable upon issuance but can only be purchased t",https://www.sec.gov/Archives/edgar/data/1887673/000121390025008102/ea0229198-424b4_wearable.htm
0001213900-25-104417,WLDS,424B5,2025-10-31 09:01:05,2.67,patron0," You will suffer immediate and substantial dilution in the net tangible book value of the Ordinary Shares if you purchase shares in this offering. Based on the public offering price of $2.67 per share, after giving effect to this offering, ",2025-10-29,2.67,"ase Ordinary Shares issued as part of our initial public offering, or the IPO Warrants, are listed on Nasdaq under the symbol “WLDSW”. On October 29, 2025, the last reported sale price of our Ordinary Shares and IPO Warrants on Nasdaq was $2.67 per share and $3.39 per IPO Warrant, respectively. The aggregate market value of our outstanding Ordinary Shares held by non-affiliates as of the date of this prospectus supplement was approximately ",https://www.sec.gov/Archives/edgar/data/1887673/000121390025104417/ea0263262-424b5_wearable.htm
0001493152-26-011043,WNW,424B5,2026-03-18 11:18:25,2.0,patron0,"ts to purchase Ordinary Shares (each a “Warrant”, and, collectively, the “Warrants”; the Ordinary Shares underlying the Warrants, the “Warrant Shares”), at the public offering price of $2.00 per share (the “Offering”). The Warrants will be ",2026-03-16,1.92,"e upon full exercise of the Warrants offered hereby. Our Ordinary Shares are listed on the Nasdaq Capital Market under the symbol “WNW.” On March 16, 2026, the last reported sale price of our Ordinary Shares on the Nasdaq Capital Market was $1.92 per share. The applicable prospectus supplement will contain information, where applicable, as to other listings, if any, on the Nasdaq Capital Market or other securities exchange of the securities",https://www.sec.gov/Archives/edgar/data/1787803/000149315226011043/form424b5.htm
0001213900-24-072468,WOK,424B4,2024-08-26 11:08:11,4.0,patron2,"oup LTD, a holding company, and references to “we,” the “Company” or “our company” are to Work Cayman . We are offering 2,000,000 Ordinary Shares. T he initial public offering price of the shares is $4.00 per share. Prior to this offering, there has been",,,,https://www.sec.gov/Archives/edgar/data/1929783/000121390024072468/ea0200911-12.htm
0001193125-24-243435,WRD,424B4,2024-10-25 06:52:46,,sin frase,,,,,https://www.sec.gov/Archives/edgar/data/1867729/000119312524243435/d343706d424b4.htm
0001493152-25-024312,WSHP,424B4,2025-11-19 17:03:42,,sin frase,,,,,https://www.sec.gov/Archives/edgar/data/2048271/000149315225024312/form424b4.htm
0001052918-16-000915,WWR,424B5,2016-04-04 17:21:05,2.82,patron1,"or gross proceeds of $838,000. Net proceeds to URI, after deducting offering expenses, were approximately $0.8 million. URI sold 296,667 shares of common stock at a price of $2.82 per share. On December 18, 2015, URI completed a ",2016-04-01,2.46,"$15,000. Our common stock is currently traded on the Nasdaq Capital Market under the symbol “URRE” and on the ASX under the symbol “URI.” On April 1, 2016, the last reported sale price of our common stock on the Nasdaq Capital Market was $2.46 per share. We do not intend to list the pre-funded warrants on the Nasdaq Capital Market or any other national securities exchange or automated quotation system. The aggregate market value of our outs",https://www.sec.gov/Archives/edgar/data/839470/000105291816000915/urre424b5apr416final2.htm
0001052918-20-000082,WWR,424B5,2020-04-13 16:26:15,,ATM,,2020-04-09,1.0,"o $3,100,000 from time to time through Cantor Fitzgerald. Our common stock is listed on the Nasdaq Capital Market under the symbol “WWR.” On April 9, 2020, the last reported sale price of our common stock on the Nasdaq Capital Market was $1.00 per share. Sales of our common stock, if any, under this prospectus supplement and the accompanying prospectus may be made in sales deemed to be an “at the market offering” as defined in Rule 415(a)(4",https://www.sec.gov/Archives/edgar/data/839470/000105291820000082/wwr424b5apr13-20.htm
0001731122-25-001482,WXM,424B4,2025-11-05 17:03:32,2.0,patron0,", with each Unit consisting of one (1) ordinary share and one (1) warrant to purchase one ordinary share (the “Warrant”, or collectively, the “Warrants”) at an offering price of $2.00 per Unit. We do not intend to apply for listing ",,,,https://www.sec.gov/Archives/edgar/data/1979610/000173112225001482/e7002_424b4.htm
0001493152-25-006903,XAIR,424B5,2025-02-14 16:36:32,,ATM,,2025-02-13,0.12,"ommon stock outstanding prior to this offering. Assuming that an aggregate of 26,736,534 shares of our common stock are sold at a price of $0.37 per share, the last reported sale price of our common stock on the Nasdaq Capital Market on February 13, 2025, for aggregate gross proceeds of $9,892,518, and after deducting commissions and estimated offering expenses payable by us, you would experience immediate dilution of $0.12 per share, repre",https://www.sec.gov/Archives/edgar/data/1641631/000149315225006903/form424b5.htm
0001171843-19-003791,XBIT,424B5,2019-06-03 16:46:09,,sin frase,,2019-05-30,9.08,"ffering 4,848,485 common shares in this offering. Our common shares are listed on the NASDAQ Global Select Market under the symbol “XBIT.” On May 30, 2019, the last reported sale price for our common shares on the NASDAQ Global Select Market was $9.08 per share. We are an emerging growth company as that term is used in the Jumpstart Our Business Startups Act of 2012 and, as such, have elected to comply with certain reduced public company re",https://www.sec.gov/Archives/edgar/data/1626878/000117184319003791/f424b5_060319.htm
0001213900-23-091091,XBP,424B5,2023-11-29 16:44:55,10.0,patron1,"cket expenses incurred by the Sponsor on behalf of CF VIII that are to be repaid in shares pursuant to the Merger Agreement (which such shares are being issued at a price of $10.00 per share) (the “ Loan Shares ”), (ii) up to 1,00",,,,https://www.sec.gov/Archives/edgar/data/1839530/000121390023091091/f424b51123_xbpeurope.htm
0001564590-21-012120,XENE,424B5,2021-03-10 17:26:44,16.0,patron0,"nses. In February 2020, the underwriters of the January 2020 public offering exercised their option to purchase an additional 562,500 of our common shares at a public offering price of $16.00 per share, raising additional proceeds of $8.5 mi",2021-03-09,20.04,"o not intend to list the pre-funded warrants on the Nasdaq Global Market or any other national securities exchange or nationally recognized trading system. The last reported sale price of our common shares on the Nasdaq Global Market on March 9, 2021 was $20.04 per share. Investing in our common shares involves a high degree of risk. See “ Risk Factors ” beginning on page S‑7 of this prospectus supplement and under similar headings in the d",https://www.sec.gov/Archives/edgar/data/1582313/000156459021012120/xene-424b5.htm
0001213900-24-081225,XHG,424B5,2024-09-24 09:18:52,,sin frase,,2024-09-17,0.66," for a description of the Purchase Agreement. The ADSs are listed on the NASDAQ Global Market and are traded under the symbol “XHG.” On September 17, 2024, the closing price of the ADSs on the NASDAQ Global Market was US$0.66 per ADS. As of September 24, 2024, the aggregate market value of our outstanding Class A Ordinary Shares held by non-affiliates was approximately $106.8 million, based on 61,177,892,046,400 outstanding Class",https://www.sec.gov/Archives/edgar/data/1769256/000121390024081225/ea0215300-424b5_xchange.htm
0001558370-24-005063,XLO,424B5,2024-04-15 09:00:31,,sin frase,,2024-04-12,1.18,"ile another prospectus supplement prior to making additional sales. ​ Our common stock is listed on The Nasdaq Global Select Market under the symbol “XLO.” The last reported sale price of our common stock on April 12, 2024, was $1.18 per share. ​ The aggregate market value of our common stock held by non-affiliates as of April 12, 2024 pursuant to General Instruction I.B.6 of Form S-3 is $56,168,724, which was calculated based on 36,912,217",https://www.sec.gov/Archives/edgar/data/1840233/000155837024005063/tmb-20240415x424b5.htm
0001213900-25-076164,XOS,424B5,2025-08-14 10:01:46,,sin frase,,2025-08-13,3.49,"s acting as our sales agent (the “Offering”). Our common stock is currently listed on the Nasdaq Capital Market under the symbol “XOS.” On August 13, 2025, the last reported sale price of our common stock on the Nasdaq Capital Market was $3.49 per share. Sales of our common stock, if any, under this prospectus supplement and the accompanying prospectus will be made in sales deemed to be an “at -the -market ” equity offering as defined in Ru",https://www.sec.gov/Archives/edgar/data/1819493/000121390025076164/ea0252793-01.htm
0001213900-26-070815,XOS,424B5,2026-06-22 21:44:34,,ATM,,2026-06-17,3.385,"ers acting as our sales agent (the “Offering”). Our common stock is currently listed on the Nasdaq Capital Market under the symbol “XOS.” On June 17, 2026, the last reported sale price of our common stock on the Nasdaq Capital Market was $3.385 per share. Sales of our common stock, if any, under this prospectus supplement and the accompanying prospectus will be made in sales deemed to be an “at-the-market” equity offering as defined in Rule",https://www.sec.gov/Archives/edgar/data/1819493/000121390026070815/ea0295358-424b5_xos.htm
0001903596-22-000141,XPON,424B4,2022-04-04 17:22:41,7.0,patron2,"ering 2,145,000 shares of our common stock, par value $0.001 per share. Prior to this offering, there has been no public market for our securities. The initial public offering price for our common stock is $7.00 per share. Our common stock has been approved for",,,,https://www.sec.gov/Archives/edgar/data/1894954/000190359622000141/sfs424b4xpon040422.htm
0001903596-24-000475,XPON,424B4,2024-08-08 06:31:34,0.2,patron0,"estors should not rely on any such information in deciding whether to purchase our Common Stock. 4 THE OFFERING Units to be offered 50,000,000 Units based on a public offering price of $0.20 per Unit, on a firm commitment basis. Each Unit ",2024-08-06,0.2603,"n of Securities We Are Offering ” in this prospectus for more information. Our Common Stock is listed on Nasdaq under the symbol “XPON.” On August 6, 2024, the last reported sale price of our Common Stock on Nasdaq was $0.2603 per share. There is no established public trading market for the Warrants, and we do not intend to list the Series A Warrants, Series B Warrants, or the Pre-Funded Warrants on any national securities exchange or tradi",https://www.sec.gov/Archives/edgar/data/1894954/000190359624000475/xpon_424b4.htm
0001903596-25-000083,XPON,424B4,2025-02-18 06:03:17,0.2,patron1,"Warrants, and one Series B Warrant, through Aegis Capital Corp. serving as underwriter (in its capacity as such, the “Underwriter”). The Common Units were sold at a price of $0.20 per unit and the August 2024 Pre-Funded Warrants",2025-02-12,1.43,"elling stockholders prior to such resale. Our Common Stock is listed on The Nasdaq Capital Market (“Nasdaq”) under the symbol “XPON.” On February 12, 2025, the last reported sale price of our Common Stock on Nasdaq was $1.43 per share. We are an “emerging growth company” as that term is used in the Jumpstart Our Business Startups Act of 2012 (the “JOBS Act”) and, as such, have elected to comply with certain reduced public company reporting ",https://www.sec.gov/Archives/edgar/data/1894954/000190359625000083/xpon_424b4.htm
0001903596-25-000584,XPON,424B5,2025-12-15 17:23:20,,ATM,,2025-12-12,1.05,"s acting as our sales agent or principal. Our common stock is listed on The Nasdaq Capital Market (“Nasdaq”) under the symbol “XPON.” On December 12, 2025, the last reported sale price of our common stock on Nasdaq was $1.05 per share. Sales of our common stock, if any, under this prospectus supplement may be made in sales deemed to be “at the market offerings” as defined in Rule 415(a)(4) promulgated under the Securities Act of 1933, as am",https://www.sec.gov/Archives/edgar/data/1894954/000190359625000584/xpon_424b5.htm
0001753926-21-000570,XRTX,424B4,2021-10-14 16:30:50,4.13,patron0,"d the underwriters the right to purchase up to an additional 435,900 common shares and/or Common Share Purchase Warrants to cover over-allotments, if any at an initial public offering price of US$4.13 per unit. The underwriters can exercise this rig",,,,https://www.sec.gov/Archives/edgar/data/1729214/000175392621000570/g082389_424b4.htm
0001213900-19-002939,XTIA,424B5,2019-02-20 17:26:26,,sin frase,,,,,https://www.sec.gov/Archives/edgar/data/1529113/000121390019002939/f424b5020619_inpixon.htm
0001213900-22-065091,XTIA,424B5,2022-10-20 08:45:37,,sin frase,,2022-10-17,9.11,"s prospectus supplement for more information regarding these arrangements. Our common stock is listed on the Nasdaq Capital Market under the symbol “INPX.” The last reported sale price of our common stock on the Nasdaq Capital Market on October 17, 2022, was $9.11 per share. There is no established trading market for any of the Warrants, and we do not expect a market to develop. We do not intend to apply for a listing for any of the Warrant",https://www.sec.gov/Archives/edgar/data/1529113/000121390022065091/ea167295-424b5_inpixon.htm
0001213900-24-048531,XTIA,424B5,2024-05-31 17:03:00,,ATM,,2024-05-24,0.885,"bilities, including liabilities under the Securities Act. Our common stock is traded on the Nasdaq Capital Market under the symbol “XTIA.” On May 24, 2024, the last reported sale price of our common stock was $0.885 per share. As of May 31, 2024, the aggregate market value of our outstanding common stock held by non-affiliates, or public float, was approximately $41,706,039, based on 11,941,121 shares of outstanding common stock, of which 2",https://www.sec.gov/Archives/edgar/data/1529113/000121390024048531/ea0207166-424b5_xtiaerospace.htm
0001104659-20-044361,XWEL,424B5,2020-04-07 20:31:32,0.175,patron0,"nt with certain purchasers named therein, pursuant to which we issued and sold, in a registered direct offering, (i) 4,153,383 shares of our Common Stock at an offering price of $0.175 per share and (ii) an aggregate of 2,132,333 pre-",2020-04-06,0.26,"pon exercise of the pre-funded warrants sold in this offering. Our Common Stock is listed on The Nasdaq Capital Market, or Nasdaq, under the symbol “XSPA.” The last reported sale price of our Common Stock on April 6, 2020 was $0.26 per share. You should read this prospectus supplement and the accompanying prospectus and the documents incorporated by reference in this prospectus supplement carefully before you invest. See “Risk Factors” on p",https://www.sec.gov/Archives/edgar/data/1410428/000110465920044361/tm2015326-1_424b5.htm
0001104659-24-108394,XXII,424B5,2024-10-15 09:09:49,0.15,patron0,"s exceeds $700 million as of the prior June 30. S- 2 The Offering Issuer 22nd Century Group, Inc. Common stock offered by us 14,266,666 shares of common stock. Offering price $0.15 per share of common stock and accompanying common",2024-10-10,0.166,"nd accompanying common warrant sold in this offering. Our common stock is listed on the Nasdaq Capital Market under the symbol “XXII.” On October 10, 2024, the closing price of our common stock was $0.166 per share. The aggregate market value of our outstanding common stock held by non-affiliates as of the date of this prospectus supplement was approximately $22.6 million, based on approximately 31.4 million shares of common stoc",https://www.sec.gov/Archives/edgar/data/1347858/000110465924108394/tm2426133d1_424b5.htm
0001104659-20-069812,YARW,424B5,2020-06-04 16:06:01,,sin frase,,,,,https://www.sec.gov/Archives/edgar/data/1566044/000110465920069812/tm2021463-1_424b5.htm
0001437749-23-012160,YCBD,424B5,2023-05-02 18:05:55,,sin frase,,2023-04-28,3.28," public offering price for each share of common stock is $2.10. Our common stock is listed on the NYSE American under the symbol “YCBD.” On April 28, 2023, the last reported sale price of our common stock was $3.28 per share. As of the date of this prospectus supplement, the aggregate market value of our outstanding common stock held by non-affiliates was $12,235,748 based on 1,465,662 shares of outstanding common stock, of which 1,087,622 ",https://www.sec.gov/Archives/edgar/data/1644903/000143774923012160/ycbd20230501_424b5.htm
0001104659-24-075641,YDKG,424B5,2024-06-27 16:01:23,,sin frase,,2024-06-26,1.03,"represented by the ADSs, each representing one ordinary share, are currently listed on the Nasdaq Capital Market under the symbol “ANTE.” On June 26, 2024, the last reported sale price of the ADSs was US$1.03 per ADS. Pursuant to General Instruction I.B.5 of Form F-3, in no event will we sell the securities covered hereby in a public primary offering with a value exceeding more than one-third of the aggregate market value of our voting and ",https://www.sec.gov/Archives/edgar/data/1413745/000110465924075641/tm2413829-3_424b5.htm
0001185185-26-000700,YFOR,424B5,2026-02-27 17:15:43,,ATM,,2026-02-26,0.1839,"s Act or the Exchange Act of 1934, as amended (the “Exchange Act”). Our Class A Ordinary Shares trade on The Nasdaq Capital Market under the symbol “YYGH”. The last reported sale price of our Class A Ordinary Shares on The Nasdaq Capital Market on February 26, 2026 was $0.1839 per share. For a more detailed description of our Class A Ordinary Shares, see the section entitled “Description of the Securities we are Offering” beginning on page ",https://www.sec.gov/Archives/edgar/data/1985337/000118518526000700/yygh424b5020926.htm
0001213900-25-013829,YHC,424B5,2025-02-14 08:57:08,,ATM,,2025-02-13,1.06,"e another prospectus supplement prior to making additional sales. Our common stock trades on the Nasdaq Capital Market (“ Nasdaq ”) under the symbol “YHC.” The last reported sale price of our common stock on Nasdaq on February 13, 2025 was $1.06 per share. INVESTING IN OUR SECURITIES INVOLVES RISKS. SEE THE “RISK FACTORS” BEGINNING ON PAGE 5 OF THE ATM PROSPECTUS AND IN THE DOCUMENTS INCORPORATED BY REFERENCE IN THE REGISTRATION STATEMENT C",https://www.sec.gov/Archives/edgar/data/1843165/000121390025013829/ea0230958-424b5_lqrhouse.htm
0001641172-25-021687,YMAT,424B4,2025-07-31 10:04:04,4.0,patron2,"rdinary shares of J-Star Holding Co., Ltd. We are offering 1,250,000 of our ordinary shares, par value $0.50 per share, on a firm commitment basis. The initial public offering price of our ordinary shares is $4.00 per share. Our ordinary shares have been approved",,,,https://www.sec.gov/Archives/edgar/data/1875016/000164117225021687/form424b4.htm
0001213900-24-029449,ZBAO,424B4,2024-04-02 17:25:30,4.0,patron2,"ectus only, Taiwan, Hong Kong and Macau. We are offering 1,500,000 Class A ordinary shares, par value $0.0001 per share on a firm commitment basis. The initial public offering price of our Class A ordinary shares is $4.00 per share . Our Class A ordinary shares have been",,,,https://www.sec.gov/Archives/edgar/data/1966750/000121390024029449/ea0201103-03.htm
0001213900-26-063256,ZCMD,424B4,2026-06-01 10:41:12,0.54,patron0,"pre-funded warrant (each, a “Pre-Funded Warrant”); and one warrant to purchase one Class A Ordinary Share (each, a “Warrant”). We are offering the Units at the public offering price of $0.54 per Unit. We are also registering up to 18,518,5",,,,https://www.sec.gov/Archives/edgar/data/1785566/000121390026063256/ea0292844-424b4_zhongchao.htm
0001493152-24-028654,ZDAI,424B4,2024-07-22 13:39:22,4.0,patron2," Ordinary Shares will be held by shareholders for general trading. Prior to this offering, there has been no public market for our Ordinary Shares. The initial public offering price of our Ordinary Shares is $4.00 per share. We have received the approval letter t",,,,https://www.sec.gov/Archives/edgar/data/1966678/000149315224028654/form424b4.htm
0001376474-24-000565,ZENA,424B4,2024-09-30 14:10:36,,sin frase,,,,,https://www.sec.gov/Archives/edgar/data/1997403/000137647424000565/zt_424b4.htm
0001731122-24-001512,ZJK,424B4,2024-09-30 15:34:19,5.0,patron0,", a Cayman Islands exempted company incorporated with limited liability whose principal place of business is in the People’s Republic of China (the “PRC”). The initial public offering price is $5.00 per Ordinary Share. Following the completion of a reorgani",,,,https://www.sec.gov/Archives/edgar/data/1941506/000173112224001512/e5994_424b4.htm
0001104659-20-107422,ZKIN,424B5,2020-09-22 17:09:33,,sin frase,,2020-07-28,1.46,"remains below $75,000,000. The aggregate market value of our outstanding voting and non-voting common equity held by non-affiliates is $11,553,216 based on the closing price of $1.46 per ordinary share on July 28, 2020 and 7,913,162 shares held by non-affiliates. During the 12 calendar months prior to and including the date of this prospectus supplement, we have not offered or sold any securities pursuant to General Instruction I",https://www.sec.gov/Archives/edgar/data/1687451/000110465920107422/tm2031434-1_424b5.htm
0001213900-20-011895,ZNB,424B5,2020-05-13 06:04:07,,sin frase,,2020-05-11,0.4475,"ies We Are Offering” beginning on page S-18. Our ordinary shares are currently traded on the NASDAQ Capital Market under the symbol “HHT.” On May 11, 2020, the closing sale price of our ordinary shares was $0.4475 per share. The aggregate market value of our outstanding ordinary shares held by non-affiliates was approximately $8.83 million based on 17,970,489 ordinary shares outstanding, of which 8,215,832 shares are held by non-affil",https://www.sec.gov/Archives/edgar/data/1747661/000121390020011895/ea121729-424b5_colorstartech.htm
0001213900-24-104541,ZNB,424B5,2024-12-02 16:05:17,,sin frase,,2024-11-22,5.3,"pply to list the New Notes on any securities exchange. Our Ordinary Shares trade on the NASDAQ Capital Market under the symbol “ADD.” On November 22, 2024, the closing sale price of our Ordinary Shares was $5.30 per share. As of November 26, 2024, the aggregate market value of our outstanding Ordinary Shares held by non-affiliates was approximately $95.2 million based on 842,853 outstanding Ordinary Shares held by non-affiliates, and ",https://www.sec.gov/Archives/edgar/data/1747661/000121390024104541/ea0222907-424b5_colorstar.htm
0001213900-25-076221,ZNB,424B5,2025-08-14 11:05:49,,sin frase,,2025-08-12,0.56,"o apply to list the Warrants on any securities exchange. Our Ordinary Shares trade on the Nasdaq Capital Market under the symbol “ADD.” On August 12, 2025, the closing sale price of our Ordinary Shares was $0.56 per share. As of August 13, 2025, the aggregate market value of our outstanding Ordinary Shares held by non-affiliates was approximately $15 million based on 14,588,231 outstanding Ordinary Shares held by non-affiliates, and a",https://www.sec.gov/Archives/edgar/data/1747661/000121390025076221/ea0253245-424b5_colorstar.htm
0001641172-25-021270,ZOOZ,424B5,2025-07-29 08:42:30,,ATM,,2025-07-25,3.66,"nder the symbols “ZOOZ” and “ZOOZW,” respectively. Our ordinary shares are also traded on the Tel Aviv Stock Exchange (the “TASE”) under the symbol “ZOOZ.” The last reported sale price for our ordinary shares on the Nasdaq Capital Market on July 25, 2025 was $3.66 per share and on the TASE on July 28, 2025 was NIS 11.90 per share ($3.54 at a current exchange rate of NIS 1 to $3.356, in accordance with the NIS-$ exchange rate published by th",https://www.sec.gov/Archives/edgar/data/1992818/000164117225021270/form424b5.htm
0001062993-24-020628,ZSTK,424B5,2024-12-16 06:02:47,,sin frase,,2024-12-12,1.98,"shares""), directly to certain investors, referred to as ""the investors."" Our common shares are listed on the Nasdaq Capital Market under the symbol ""FLGC."" The last reported sale price of our common shares on the Nasdaq Capital Market on December 12, 2024 was $1.98 per share. As of the date of this prospectus supplement, the aggregate market value of our outstanding common shares held by non-affiliates, or our public float, was $21.8 millio",https://www.sec.gov/Archives/edgar/data/1790169/000106299324020628/form424b5.htm
