sym,date,gap,sic2,s3,venta90,serie,cat,rs_aviso,extranjera,mcap,R,corto_pct,mae,dia2,tema,sin8k,solo_pr,municion,A,cap_menor30,per,open,f,ambiguo,precio,mcap_real,fecha,acciones,tipo,pocas,sin_mun
AACG,2021-02-04,1.6985294394788029,82.0,False,False,False,sin 8-K,False,True,232326015.1297188,-1.2500000000000009,-2.906457736637256,4.381471277772841,0.557342668582107,False,True,False,False,False,False,DEV 2015-21,3.670000076293945,1.0,False,3.670000076293945,232326015.1297188,2021-02-04,63304090.000000015,,False,True
AAME,2021-02-05,0.5690375880340612,63.0,False,False,False,sin 8-K,False,False,76553546.25,-1.2500000000000004,-0.3966666158040364,3.258666737874349,-0.2500000458497284,False,True,False,False,False,False,DEV 2015-21,3.75,1.0,False,3.75,76553546.25,2021-02-05,20414279.0,,False,True
ABEO,2015-05-05,0.5874125874125875,28.0,False,False,False,sin 8-K,True,False,2268728913.5,-1.2500000000000004,-0.3249779735682819,0.7114537444933922,-0.440536013400335,False,True,False,False,False,False,DEV 2015-21,113.5,0.04,False,4.54,90749156.54,2015-05-05,19988801.0,,False,True
ABEO,2015-05-06,0.5242881072026802,28.0,False,False,False,sin 8-K,True,False,4547452227.5,0.1498168498168498,0.0449450549450549,0.2252747252747253,0.1511627906976744,True,True,False,False,False,False,DEV 2015-21,227.5,0.04,False,9.1,181898089.1,2015-05-06,19988801.0,,False,True
ABOS,2022-09-28,0.7234044064219214,28.0,True,False,False,sin 8-K,False,False,328075319.85071564,-0.642386614212227,-0.1927159842636681,0.2629628469696587,-0.0939456811793069,True,True,False,False,False,False,VAL 2022-26,8.100000381469727,1.0,False,8.100000381469727,328075319.85071564,2022-09-28,40503124.0,,False,False
ABOS,2023-07-17,0.7531846912498485,28.0,True,True,False,8-K solo nota de prensa (7.01/8.01),True,False,451685942.0098915,0.3572206887786288,0.1071662066335886,0.0272479731606083,0.176954755121069,False,False,True,True,False,False,VAL 2022-26,11.010000228881836,1.0,False,11.010000228881836,451685942.0098915,2023-07-17,41025062.0,B,False,False
ABTC,2025-05-12,3.25,61.0,True,False,True,8-K con acuerdo (1.01),True,False,11599661697.0,-1.25,0.3474660633484163,0.3257918552036198,0.0985915492957746,False,False,False,True,False,False,VAL 2022-26,165.75,0.0133333333333333,False,2.21,154662155.96,2025-05-12,69982876.0,H,False,False
ABTS,2020-08-10,0.6885245036643175,61.0,False,False,False,sin 8-K,False,False,,1.06699023695181,0.320097071085543,0.1553398934708723,-0.0869565254949366,False,True,False,False,False,False,DEV 2015-21,2.059999942779541,1.0,False,2.059999942779541,,2020-08-10,,,False,True
ABTS,2020-08-27,0.5714286200854266,61.0,False,False,False,sin 8-K,False,False,,0.9161616876798933,0.2748485063039679,0.0424242748264005,-0.0805085024009055,False,True,False,False,False,False,DEV 2015-21,3.299999952316284,1.0,False,3.299999952316284,,2020-08-27,,,False,True
ABTS,2026-06-01,0.5927420047758223,61.0,True,False,False,sin 8-K,False,True,3744592.2017091513,-1.2500000000000009,-0.3644304093533718,1.044303754013599,-0.2056073818844893,True,True,False,False,False,True,VAL 2022-26,1.5800000429153442,1.0,False,1.58,3744592.2017091513,2026-06-01,2369995.0643728804,,True,False
ABUS,2021-12-01,0.6093750058207661,28.0,True,True,False,sin 8-K,False,True,696636634.9502807,0.3161811986105737,0.0948543595831721,0.2621358989579303,0.0650759613983264,False,True,False,True,True,False,DEV 2015-21,5.150000095367432,1.0,False,5.150000095367432,696636634.9502807,2021-12-01,135269247.0,,False,False
ABVC,2021-11-01,2.248031544843532,28.0,True,True,True,sin 8-K,True,False,2018818395.0,-1.2500000000000009,0.25909091833866,0.4169697154651988,0.2620232079099235,True,True,False,True,False,False,DEV 2015-21,82.5,0.1,False,8.25,201881839.5,2021-11-01,24470526.0,,False,False
ABVC,2023-01-05,1.064516223308078,28.0,True,True,True,sin 8-K,True,False,417693817.4241228,-1.2500000000000009,0.1540625273576002,0.4609375378349789,0.1485981477505362,False,True,False,True,True,False,VAL 2022-26,12.800000190734863,0.1,False,1.2800000190734864,41769381.74241229,2023-01-05,32632329.000000007,,False,False
ABVC,2023-08-01,0.7269077005083486,28.0,True,True,True,sin 8-K,True,False,142247188.30965042,0.5015505930486313,0.1504651779145893,0.1813952786913459,0.1634348840205853,False,True,False,True,True,False,VAL 2022-26,4.300000190734863,1.0,False,4.300000190734863,142247188.30965042,2023-08-01,33080740.0,,False,False
ABVC,2023-10-26,2.894117470513584,28.0,True,True,True,sin 8-K,True,False,13079094.053899763,2.0109768443934346,0.6032930533180304,0.0120845808291578,-0.0781250203726817,False,True,False,True,True,True,VAL 2022-26,3.309999942779541,1.0,False,3.309999942779541,13079094.053899763,2023-10-26,3951387.9999999995,,True,False
ABVC,2024-01-03,0.8083333250549107,28.0,True,True,True,sin 8-K,True,False,15693310.351753237,0.3353304459416105,0.1005991337824831,0.1290322403434984,0.2694300492532032,False,True,False,True,True,True,VAL 2022-26,2.1700000762939453,1.0,False,2.1700000762939453,15693310.351753237,2024-01-03,7231940.000000001,,False,False
ACET,2018-07-25,1.2042176144781158,28.0,False,False,False,8-K solo nota de prensa (7.01/8.01),True,False,62383981298.02856,1.0391742670661186,0.3117522801198356,0.0370089832797615,0.0423162352850552,False,False,True,False,False,False,DEV 2015-21,2224.320068359375,0.0089285714285714,False,19.86000061035156,556999833.0181121,2018-07-25,28046315.0,B,False,True
ACHV,2018-09-27,0.5274725981065407,28.0,True,False,False,sin 8-K,True,False,379553823.9442825,0.2544366285334167,0.076330988560025,0.2589927827209768,0.1732283133450531,False,True,False,False,False,False,DEV 2015-21,83.4000015258789,0.05,False,4.170000076293945,18977691.197214123,2018-09-27,4551004.999999999,,True,False
ACHV,2019-02-22,0.553072616173784,28.0,True,False,False,sin 8-K,True,False,373693316.5444107,-1.2500000000000004,-0.1970503922894812,0.633093624885988,0.1969696969696969,True,True,False,False,False,False,DEV 2015-21,55.59999847412109,0.05,False,2.779999923706055,18684665.827220537,2019-02-22,6721103.0,,False,False
ACHV,2019-03-15,0.6979591213926977,28.0,True,False,False,8-K otros items,True,False,559203819.4885254,0.8881409066080769,0.266442271982423,0.0336538840680447,-0.0531561581791448,False,False,False,False,False,False,DEV 2015-21,83.19999694824219,0.05,False,4.159999847412109,27960190.97442627,2019-03-15,6721200.0,R,False,False
ACIU,2020-07-16,0.5048678176237817,28.0,True,False,False,sin 8-K,False,True,777519021.490242,0.6659887763752947,0.1997966329125884,0.2014787769558432,0.031579000203562,False,True,False,False,False,False,DEV 2015-21,10.81999969482422,1.0,False,10.81999969482422,777519021.490242,2020-07-16,71859430.99999999,B,False,False
ACIU,2021-02-11,0.5896032799612738,28.0,True,False,False,sin 8-K,False,True,835904887.3274937,0.8817554824441715,0.2645266447332514,0.075731508012711,0.0284698358367943,True,True,False,False,False,False,DEV 2015-21,11.619999885559082,1.0,False,11.619999885559082,835904887.3274937,2021-02-11,71936738.0,B,False,False
ACIU,2021-08-31,0.7181689015936321,28.0,True,False,False,sin 8-K,False,True,,1.0435470553698056,0.3130641166109417,0.0499583194305459,0.1033210505244446,False,True,False,False,False,False,DEV 2015-21,12.010000228881836,1.0,False,12.010000228881836,,2021-08-31,,B,False,False
ACON,2023-04-24,0.729729721843162,80.0,False,False,False,sin 8-K,True,False,1456279567889.5312,-1.2500000000000002,-0.01,0.8515625962109279,0.2976562195551721,False,True,False,False,False,False,VAL 2022-26,185241.59375,6.9098949695964615e-06,False,1.2799999568131564,10062738.86048598,2023-04-24,7861514.999999999,,False,True
ACON,2023-05-30,1.5254237846425749,80.0,False,False,False,sin 8-K,True,False,1695200467124.7656,0.951006677367246,0.2853020032101738,0.0201342719563981,0.0609523686132827,False,True,False,False,False,False,VAL 2022-26,215632.796875,6.9098949695964615e-06,False,1.489999978406578,11713657.18024299,2023-05-30,7861515.0,,False,True
ACON,2025-03-03,1.152238858342256,80.0,True,True,True,8-K otros items,True,False,2030633703.4299767,-0.2136384458886223,-0.0640915337665866,0.1789181802982671,0.2434210413796503,False,False,False,True,False,False,VAL 2022-26,194.6699981689453,1.0,False,7.21,2030633703.4299767,2025-03-03,281641290.3508983,S,False,False
ACRS,2019-09-17,0.7272726681606843,28.0,True,False,False,sin 8-K,False,False,78599624.61370468,0.1421053071871804,0.0426315921561541,0.0947368156876917,0.0944444231045093,False,True,False,False,False,False,DEV 2015-21,1.899999976158142,1.0,False,1.899999976158142,78599624.61370468,2019-09-17,41368224.0,,False,False
ACRS,2021-01-19,1.389455768245468,28.0,True,False,False,8-K solo nota de prensa (7.01/8.01),True,False,603016046.7362051,-1.2500000000000009,-0.3502134995075172,0.4199288606483642,0.0456718329174746,False,False,True,False,False,False,DEV 2015-21,14.050000190734863,1.0,False,14.050000190734863,603016046.7362051,2021-01-19,42919291.0,B,False,False
ACRV,2024-04-09,0.6869713239323527,28.0,True,False,False,8-K con acuerdo (1.01),False,False,225690407.5147181,0.0836845108978889,0.0251053532693666,0.1935806719969757,-0.0800416285783481,False,False,False,False,False,False,VAL 2022-26,9.970000267028809,1.0,False,9.970000267028809,225690407.5147181,2024-04-09,22636951.000000004,F,False,False
ACXP,2025-10-08,0.6713287039743767,28.0,True,False,True,sin 8-K,True,False,11362836.870908735,-0.4656905138446819,-0.1397071541534045,0.1631799252223578,0.0814815176748809,True,True,False,True,False,True,VAL 2022-26,7.170000076293945,1.0,False,7.17,11362836.870908735,2025-10-08,1584775.016863143,,True,False
ADIL,2024-03-01,0.5343137254901962,28.0,True,True,True,sin 8-K,True,False,95307013.25,-1.2500000000000009,-0.0515335463258785,0.3322683706070288,0.156441717791411,True,True,False,True,False,False,VAL 2022-26,78.25,0.04,False,3.13,3812280.53,2024-03-01,1217981.0,,True,False
ADIL,2024-04-10,1.256637168141593,28.0,True,True,True,sin 8-K,True,False,258497388.75,0.2542483660130719,0.0762745098039215,0.0745098039215685,-0.278969957081545,True,True,False,True,False,False,VAL 2022-26,63.75,0.04,False,2.5500000000000003,10339895.55,2024-04-10,4054861.0,,True,False
ADIL,2024-07-23,0.5188679245283019,28.0,True,False,True,sin 8-K,True,False,163208155.25,-1.2500000000000004,0.176335403726708,0.8633540372670807,0.0916030534351145,True,True,False,True,False,False,VAL 2022-26,40.25,0.04,False,1.61,6528326.21,2024-07-23,4054860.9999999995,,True,False
ADMA,2019-04-02,0.5380835294477395,28.0,True,False,False,8-K solo nota de prensa (7.01/8.01),False,False,290170216.2893753,0.60564443143087,0.1816933294292609,0.0084664490989301,-0.0118576963355817,False,False,True,False,False,False,DEV 2015-21,6.260000228881836,1.0,False,6.260000228881836,290170216.2893753,2019-04-02,46353068.0,B,False,False
ADT,2020-08-03,0.6132405223211304,73.0,True,False,False,8-K con acuerdo (1.01),True,False,10567296327.254614,0.0650589851097502,0.019517695532925,0.2390207817918379,0.052670557016567,True,False,False,False,False,False,DEV 2015-21,13.890000343322754,1.0,False,13.890000343322754,10567296327.254614,2020-08-03,760784454.0,K,False,False
ADVB,2026-04-07,0.6142534175846321,80.0,False,False,False,sin 8-K,True,False,9861519.27134514,0.2539828209422507,0.0761948462826752,0.0637701344232977,0.0276073357155201,False,True,False,False,False,True,VAL 2022-26,7.135000228881836,1.0,False,7.135,9861519.27134514,2026-04-07,1382133.0443370906,,True,True
ADXN,2021-01-21,0.5636705824908088,28.0,False,True,False,sin 8-K,False,True,9011026191.616028,0.7037961082648468,0.211138832479454,0.1357890793395499,0.0633693766230152,True,True,False,True,False,False,DEV 2015-21,332.2799987792969,0.05,False,16.613999938964845,450551309.5808014,2021-01-21,27118774.0,O,False,False
ADXN,2022-07-21,0.7230098210773879,28.0,True,True,True,sin 8-K,False,True,,-1.2500000000000004,-0.2315189243085001,0.5759493239203668,-0.0259067367754026,False,True,False,True,True,False,VAL 2022-26,31.600000381469727,0.05,False,1.5800000190734864,,2022-07-21,,O,False,False
ADXN,2024-08-27,0.5665796656711601,28.0,False,False,True,sin 8-K,False,True,,0.0833333545260959,0.0250000063578287,0.1058333714803059,0.0837651358738844,True,True,False,True,False,False,VAL 2022-26,12.0,1.0,False,12.0,,2024-08-27,,O,False,True
AEHL,2019-12-13,0.675,48.0,True,False,False,sin 8-K,False,True,,0.66318407960199,0.198955223880597,0.1492537313432835,0.0849056603773584,False,True,False,False,False,False,DEV 2015-21,154368.0,8.680555555555556e-06,False,1.34,,2019-12-13,,,False,False
AEHL,2020-05-20,0.6176470588235294,48.0,True,False,False,sin 8-K,False,True,1015671444480.0,-1.2500000000000009,0.1354545454545454,0.6090909090909091,0.1595744680851064,False,True,False,False,False,False,DEV 2015-21,126720.0,8.680555555555556e-06,False,1.1,8816592.4,2020-05-20,8015084.0,,False,False
AEHL,2021-06-09,0.568922305764411,48.0,True,False,False,sin 8-K,False,True,1059096807936.0,0.877209797657082,0.2631629392971246,0.2300319488817892,0.0989010989010989,False,True,False,False,False,False,DEV 2015-21,240384.0,2.6041666666666672e-05,False,6.260000000000002,27580646.040000007,2021-06-09,4405854.0,,True,False
AEHL,2025-09-10,1.2270268886316351,48.0,True,False,False,sin 8-K,False,True,,1.54838185923134,0.464514557769402,0.0218446978368489,0.0877597698025446,False,True,False,False,False,False,VAL 2022-26,791.0399780273438,0.0104166666666666,False,8.24,,2025-09-10,,,False,False
AEHL,2025-12-30,0.5132743232130159,48.0,True,False,False,sin 8-K,False,True,751942612.2944641,-1.2500000000000009,-0.2848537652938776,0.4444443824773036,0.1880733985088558,False,True,False,False,False,False,VAL 2022-26,164.16000366210938,0.0104166666666666,False,1.71,7832735.544734001,2025-12-30,4580547.102183627,,True,False
AEHL,2026-08-31,0.90960460500776,48.0,True,False,False,sin 8-K,False,True,,0.0998029825551906,0.0299408947665571,0.2544377596328862,0.2295839481765423,False,True,False,False,False,False,VAL 2022-26,6.760000228881836,1.0,False,6.76,,2026-08-31,,,False,False
AEI,2021-06-21,0.5050917275451452,65.0,False,True,True,sin 8-K,True,False,1258019974.5754547,0.5395128777948248,0.1618538633384474,0.0338294986249023,0.021241817334221,False,True,False,True,True,False,DEV 2015-21,147.8000030517578,0.05,False,7.390000152587891,62900998.72877274,2021-06-21,8511637.0,,False,False
AEI,2025-01-02,1.0196078248044151,65.0,True,False,False,sin 8-K,True,False,19024344.61156225,1.06699023695181,0.320097071085543,0.266990275530869,0.1449275712860756,False,True,False,False,False,True,VAL 2022-26,2.059999942779541,1.0,False,2.0601,19024344.61156225,2025-01-02,9234670.458503107,,False,False
AEMD,2017-09-12,0.55,38.0,True,False,True,8-K solo nota de prensa (7.01/8.01),True,False,1649740206000.0,0.3967741935483871,0.1190322580645161,0.2419354838709677,0.1222222222222222,False,False,True,True,False,False,DEV 2015-21,186000.0,1.666666666666667e-05,False,3.100000000000001,27495670.100000005,2017-09-12,8869570.999999998,B,False,False
AEMD,2020-02-27,0.5714285714285714,38.0,True,True,True,sin 8-K,True,False,109964238120.0,-0.067003367003367,-0.0201010101010101,0.1548821548821548,0.09,False,True,False,True,True,False,DEV 2015-21,11880.0,0.00025,False,2.9700000000000006,27491059.530000005,2020-02-27,9256249.0,,False,False
AEMD,2020-06-18,1.3900709219858154,38.0,True,True,True,sin 8-K,True,False,124774236520.0,0.6590504451038576,0.1977151335311572,0.1068249258160236,0.0074906367041198,False,True,False,True,True,False,DEV 2015-21,13480.0,0.00025,False,3.370000000000001,31193559.130000006,2020-06-18,9256249.0,,False,False
AEMD,2020-12-16,0.7962962962962963,38.0,True,False,False,sin 8-K,False,False,140707963320.0,0.7112256586483391,0.2133676975945017,0.0549828178694158,-0.0309734513274336,False,True,False,False,False,False,DEV 2015-21,11640.0,0.00025,False,2.9100000000000006,35176990.830000006,2020-12-16,12088313.0,,False,False
AEMD,2021-06-09,3.7963800904977374,38.0,True,True,False,sin 8-K,False,False,514037417600.0,-0.0930817610062893,-0.0279245283018867,0.1783018867924528,0.3605189990732159,False,True,False,True,True,False,DEV 2015-21,42400.0,0.00025,False,10.600000000000003,128509354.40000004,2021-06-09,12123524.0,,False,False
AEMD,2022-08-01,0.54,38.0,True,False,False,sin 8-K,False,False,97514142880.0,0.312987012987013,0.0938961038961039,0.1168831168831168,-0.4420289855072464,False,True,False,False,False,False,VAL 2022-26,6160.0,0.00025,False,1.5400000000000005,24378535.720000006,2022-08-01,15830218.0,,False,False
AEMD,2026-09-17,4.930069827469139,38.0,True,True,True,8-K con acuerdo (1.01),True,False,20102347.71484375,0.6349054340395471,0.1904716302118641,0.1202830793425584,0.069321571162915,False,False,False,True,False,True,VAL 2022-26,8.479999542236328,1.0,False,8.48,20102347.71484375,2026-09-17,2370559.872033461,O,True,False
AGEN,2026-07-13,0.6179105165940046,28.0,True,False,False,8-K con acuerdo (1.01),False,False,208119081.60956192,-1.2500000000000004,-0.1391512545039996,0.6051659938746661,0.1699346374674025,True,False,False,False,False,False,VAL 2022-26,5.420000076293945,1.0,False,5.42,208119081.60956192,2026-07-13,38398354.54050958,F,False,False
AGIG,2020-09-29,1.7981652355426907,13.0,True,False,False,sin 8-K,True,False,212297568.0,-1.25,0.0129508446865394,1.0852458516105274,0.3489932847245308,True,True,False,False,False,False,DEV 2015-21,30.5,0.1,False,3.0500000000000003,21229756.8,2020-09-29,6960576.0,,False,False
AGIG,2022-03-07,0.7263157493189762,13.0,False,False,False,sin 8-K,False,False,325649478.82527924,-1.2500000000000009,-2.455122031354253,3.2499999127736885,0.3849557522123893,False,True,False,False,False,False,VAL 2022-26,32.79999923706055,0.1,False,3.279999923706055,32564947.882527925,2022-03-07,9928338.0,,False,True
AGL,2026-05-07,0.5651705405932752,80.0,True,False,False,8-K otros items,True,False,727246234.2857437,-1.25,-0.4016035704306092,0.4652672208989752,0.1060006647106857,False,False,False,False,False,False,VAL 2022-26,43.59000015258789,1.0,False,43.59,727246234.2857437,2026-05-07,16683786.058402011,R,False,False
AGMH,2025-09-19,2.134529018534425,73.0,False,False,False,sin 8-K,False,True,,-1.2500000000000009,-0.4892561503809376,1.5894135871444153,0.0647969116447506,False,True,False,False,False,False,VAL 2022-26,6.989999771118164,1.0,False,6.99,,2025-09-19,,O,False,True
AGPU,2024-05-28,0.5159236483863021,61.0,True,False,False,sin 8-K,False,False,145043855.19971085,0.3798320307976782,0.1139496092393034,0.0882352281194258,0.0743404918928686,True,True,False,False,False,False,VAL 2022-26,35.70000076293945,0.0666666666666666,False,2.38000005086263,9669590.34664739,2024-05-28,4062853.0,,True,False
AGPU,2024-07-25,1.4299066575620971,61.0,True,False,False,sin 8-K,False,False,158451267.0,0.9025641677726028,0.2707692503317808,0.1499999608748998,0.2620320382900418,False,True,False,False,False,False,VAL 2022-26,39.0,0.0666666666666666,False,2.6,10563417.8,2024-07-25,4062853.0,,True,False
AGPU,2025-03-25,0.8834080287914412,61.0,True,True,False,sin 8-K,True,False,210010279.5,0.6174602770931507,0.1852380831279451,0.2380952380952381,0.0532544521165587,False,True,False,True,True,False,VAL 2022-26,31.5,0.0666666666666666,False,2.1,14000685.3,2025-03-25,6666993.0,,False,False
AHG,2020-05-28,1.7083332919412206,73.0,False,False,False,sin 8-K,False,True,190391530.6556797,-1.2500000000000002,-0.01,0.3000000122265935,0.1307692251261876,False,True,False,False,False,False,DEV 2015-21,3.900000095367432,0.3333333333333333,False,1.3000000317891438,63463843.551893234,2020-05-28,48818340.0,H,False,True
AHMA,2025-12-01,1.193347259093389,79.0,False,True,False,sin 8-K,False,True,,-1.2500000000000002,-0.3692416960505319,0.6436018804830057,0.1457461736644902,False,True,False,True,True,False,VAL 2022-26,10.550000190734863,1.0,False,10.55,,2025-12-01,,,False,False
AHMA,2026-01-13,1.1534089836658894,79.0,False,True,False,sin 8-K,False,True,,-0.3177074983265965,-0.0953122494979789,0.2163588445828739,-0.2560777802542739,False,True,False,True,True,False,VAL 2022-26,11.369999885559082,1.0,False,11.37,,2026-01-13,,,False,False
AHMA,2026-05-06,0.5999999566511685,79.0,False,False,False,sin 8-K,False,True,,0.2696969081219231,0.0809090724365769,0.0363636425211411,-0.0999999776482585,False,True,False,False,False,False,VAL 2022-26,1.7599999904632568,1.0,False,1.76,,2026-05-06,,,False,True
AHMA,2026-06-09,1.5925924454206362,79.0,False,False,False,sin 8-K,False,True,,-1.2500000000000009,0.4649999808413638,0.9285714954746024,-0.0204081434053665,False,True,False,False,False,False,VAL 2022-26,2.799999952316284,1.0,False,2.8002,,2026-06-09,,,False,True
AHMA,2026-06-16,0.5569949202634983,79.0,False,False,False,sin 8-K,False,True,,0.3160843541033331,0.0948253062309999,0.1247920085586316,0.0669145215346923,False,True,False,False,False,False,VAL 2022-26,3.005000114440918,1.0,False,3.005,,2026-06-16,,,False,True
AIFA,2020-06-18,0.5673077070031181,79.0,True,True,False,sin 8-K,True,False,468166063.9773998,0.3245399520803021,0.0973619856240906,0.012269927283794,0.07560136105609,False,True,False,True,True,False,DEV 2015-21,19.559999465942383,0.1666666666666666,False,3.259999910990397,78027677.32956663,2020-06-18,23934870.999999996,,False,False
AIFA,2025-09-12,0.8331504410743649,79.0,True,False,False,8-K solo nota de prensa (7.01/8.01),True,False,380949215.043663,-1.25,0.1037724841558726,0.3652694291621789,0.1216216114625637,False,False,True,False,False,False,VAL 2022-26,10.020000457763672,0.1666666666666666,False,1.670000076293945,63491535.8406105,2025-09-12,38018882.0,S,False,False
AIFC,2019-11-25,1.6666667913299782,62.0,False,False,False,8-K con acuerdo (1.01),True,False,13040897.565787315,1.3686274771046878,0.4105882431314063,0.0588234716633215,0.0406091582505111,False,False,False,False,False,True,DEV 2015-21,6.800000190734863,1.0,False,6.800000190734863,13040897.565787315,2019-11-25,1917779.0,H,True,True
AIFC,2020-02-06,1.038338620182612,62.0,False,False,False,sin 8-K,True,False,12235430.23947239,1.1474400148083594,0.3442320044425078,0.0031347931924397,0.0655339777733694,False,True,False,False,False,True,DEV 2015-21,6.380000114440918,1.0,False,6.380000114440918,12235430.23947239,2020-02-06,1917779.0,,True,True
AIFC,2020-07-21,0.6189111976871895,62.0,False,False,False,8-K solo nota de prensa (7.01/8.01),True,False,11263715.890122414,1.1997050839589254,0.3599115251876776,0.0,0.0196629029123365,False,False,True,False,False,True,DEV 2015-21,5.650000095367432,1.0,False,5.650000095367432,11263715.890122414,2020-07-21,1993578.0,H,True,True
AIFC,2021-01-28,1.3424367820145044,62.0,True,False,False,sin 8-K,True,False,40808597.20383453,-1.2500000000000004,0.4074887795722441,0.4273543055018372,0.3063895005668452,False,True,False,False,False,False,DEV 2015-21,22.299999237060547,1.0,False,22.299999237060547,40808597.20383453,2021-01-28,1829982.0,,True,False
AIFC,2022-05-31,1.0624999401292632,62.0,True,False,False,8-K con acuerdo (1.01),True,False,13062633.876428604,0.6088022283777565,0.1826406685133269,0.05844155576074,0.3297587165640316,False,False,False,False,False,True,VAL 2022-26,4.619999885559082,1.0,False,4.619999885559082,13062633.876428604,2022-05-31,2827410.0,K,True,False
AIFF,2023-11-16,0.7151899803832804,73.0,False,False,False,sin 8-K,True,False,16367153.630390167,-0.1317342221155546,-0.0395202666346663,0.099630929217777,-0.0215054130987909,False,True,False,False,False,True,VAL 2022-26,8.130000114440918,0.3333333333333333,False,2.7100000381469727,5455717.876796722,2023-11-16,2013180.0,,True,True
AIFF,2024-10-16,0.8434504057381331,73.0,False,False,False,sin 8-K,True,False,,0.9314269681192074,0.2794280904357622,0.0086655443501117,0.3073170779929993,True,True,False,False,False,False,VAL 2022-26,5.769999980926514,1.0,False,5.77,,2024-10-16,,,False,True
AIFF,2025-01-14,1.3631578039264405,73.0,False,False,False,sin 8-K,True,False,38180106.90373421,0.9614697431762724,0.2884409229528817,0.2917595738073866,-0.174603154179311,False,True,False,False,False,False,VAL 2022-26,4.489999771118164,1.0,False,4.49,38180106.90373421,2025-01-14,8503364.56653323,,False,True
AIFF,2026-03-04,0.7681159896025311,73.0,True,True,False,sin 8-K,False,False,16448663.805737734,-1.2500000000000002,-0.280491734399364,0.5491802798135097,0.0838709672457469,False,True,False,True,True,True,VAL 2022-26,1.2200000286102295,1.0,False,1.215,16448663.805737734,2026-03-04,13537994.901841756,,False,False
AIM,2019-09-19,1.024096396960235,28.0,True,True,True,sin 8-K,True,False,751834054.1391907,1.1174603880632137,0.335238116418964,0.0714286048720485,0.1590908814627267,False,True,False,True,True,False,DEV 2015-21,325.8971862792969,0.01031,False,3.3599999905395506,7751409.098175055,2019-09-19,2306967.0,,True,False
AIM,2020-02-27,0.5249999786965054,28.0,True,False,True,sin 8-K,True,False,1466833560.404724,0.1852460049866691,0.0555738014960007,0.0710382419709088,-0.1988304179648095,True,True,False,True,False,False,DEV 2015-21,177.49757385253906,0.01031,False,1.8299999864196776,15123054.007772705,2020-02-27,8263964.0,,False,False
AIM,2020-03-09,0.6666665917532797,28.0,True,True,True,8-K solo nota de prensa (7.01/8.01),True,False,2805419317.185913,-1.25,-0.7528571505625201,1.0314285644937318,0.3852458711988589,False,False,True,True,False,False,DEV 2015-21,339.4762268066406,0.01031,False,3.4999998983764646,28923873.160186764,2020-03-09,8263964.000000001,H,False,False
AIM,2025-07-28,1.259523597715142,28.0,True,False,True,8-K solo nota de prensa (7.01/8.01),True,False,1330809665.7627678,2.03551109375565,0.6106533281266949,0.0721811860422443,0.5625000170701084,False,False,True,True,False,False,VAL 2022-26,18.409311294555664,1.031,False,18.98,1372064765.4014134,2025-07-28,72290029.78932631,B,False,False
AIM,2026-02-05,0.6226412862889401,28.0,True,False,False,8-K solo nota de prensa (7.01/8.01),True,False,4759801.542426109,0.916279607074324,0.2748838821222971,0.0930232092842853,0.0731700371232517,False,False,True,False,False,True,VAL 2022-26,1.668282985687256,1.0,False,1.72,4759801.542426109,2026-02-05,2767326.4781547147,B,True,False
AIM,2026-03-18,1.0422536500080637,28.0,True,True,True,sin 8-K,True,False,4137015.436047077,0.9551725347506028,0.2865517604251809,0.1172413458580363,0.0980391824580021,True,True,False,True,False,True,VAL 2022-26,1.4500000476837158,1.0,False,1.45,4137015.436047077,2026-03-18,2853114.093825571,,True,False
AIMD,2023-03-14,0.6805555555555556,35.0,False,False,False,sin 8-K,True,False,605350960.5,-0.2537190082644628,-0.0761157024793388,0.1983471074380165,0.0155038759689922,False,True,False,False,False,False,VAL 2022-26,30.25,0.04,False,1.2100000000000002,24214038.42000001,2023-03-14,20011602.000000004,,False,True
AIMD,2023-07-14,0.5205479452054795,35.0,False,False,False,sin 8-K,True,False,555321955.5,0.1468468468468468,0.044054054054054,0.0990990990990992,0.0285714285714285,False,True,False,False,False,False,VAL 2022-26,27.75,0.04,False,1.1100000000000003,22212878.220000003,2023-07-14,20011601.999999996,,False,True
AIMD,2024-01-05,1.3381504362315997,35.0,False,False,False,sin 8-K,True,False,410418328.1410217,1.0420684712211985,0.3126205413663595,0.0605686209327382,-0.0510948773000519,False,True,False,False,False,False,VAL 2022-26,20.225000381469727,0.2,False,4.045000076293945,82083665.62820435,2024-01-05,20292624.0,,False,True
AIMD,2024-03-08,1.5000000425747468,35.0,False,False,False,sin 8-K,True,False,0.0,0.8595238095238095,0.2578571428571428,0.1071428571428572,0.2000000186082793,False,True,False,False,False,True,VAL 2022-26,14.0,0.2,False,2.8000000000000003,0.0,2024-03-08,0.0,,True,True
AIP,2025-08-05,0.5111111133537316,36.0,True,False,False,sin 8-K,False,False,609040803.3712435,0.2654527910612844,0.0796358373183853,0.0007002961532798,0.2396153670090895,False,True,False,False,False,False,VAL 2022-26,14.279999732971191,1.0,False,14.28,609040803.3712435,2025-08-05,42649916.20246803,,False,False
AIRE,2023-11-14,0.9015280135823428,65.0,False,True,True,sin 8-K,False,False,,-1.2499999999999998,-0.0814285714285714,0.3285714285714285,-0.0166666666666666,False,True,False,True,True,False,VAL 2022-26,280.0,0.04,False,11.2,,2023-11-14,,,False,False
AIRE,2025-10-22,0.5247252108091749,65.0,True,True,True,sin 8-K,True,False,2324479832.25,1.1558558100336669,0.3467567430100999,0.1711711711711712,-0.3809523300693986,False,True,False,True,True,False,VAL 2022-26,27.75,0.04,False,1.11,92979193.29,2025-10-22,83765039.0,,False,False
AIRI,2024-08-22,0.6453333536783854,37.0,False,False,False,sin 8-K,True,False,20455820.812942505,-1.2500000000000009,-0.172074552290874,0.5299837056166625,0.111576036572146,False,True,False,False,False,True,VAL 2022-26,6.170000076293945,1.0,False,6.170000076293945,20455820.812942505,2024-08-22,3315368.0,,True,True
AIRS,2026-03-16,0.5486486338454499,80.0,True,False,False,8-K otros items,False,False,178881060.1454425,0.0364746277833843,0.0109423883350153,0.1378708480319981,0.0409982198929827,False,False,False,False,False,False,VAL 2022-26,2.865000009536743,1.0,False,2.865,178881060.1454425,2026-03-16,62436670.20783333,R,False,False
AISP,2024-03-05,1.0,73.0,False,True,False,sin 8-K,True,False,,-1.2500000000000009,-0.5099999638759724,0.8090908716532805,-0.3979798672600897,False,True,False,True,True,False,VAL 2022-26,3.299999952316284,1.0,False,3.299999952316284,,2024-03-05,,,False,False
AIXC,2020-07-01,0.6246851385390428,61.0,True,True,True,sin 8-K,True,False,147427204950.0,0.9382428940568476,0.2814728682170542,0.1627906976744186,0.1028446389496717,False,True,False,True,True,False,DEV 2015-21,3225.0,0.002,False,6.45,294854409.90000004,2020-07-01,45713862.00000001,,False,False
AIXC,2021-11-23,0.536,61.0,True,False,False,sin 8-K,True,False,27952416000.0,-1.2500000000000004,-0.3433333333333333,0.625,0.31640625,False,True,False,False,False,False,DEV 2015-21,960.0,0.002,False,1.92,55904832.0,2021-11-23,29117100.0,,False,False
AIXC,2025-07-16,0.5382435899003188,61.0,True,False,False,8-K solo nota de prensa (7.01/8.01),True,False,8880628.96925211,0.8874768624933609,0.2662430587480082,0.228361010525983,0.1704834770770853,False,False,True,False,False,True,VAL 2022-26,5.429999828338623,1.0,False,5.429999828338623,8880628.96925211,2025-07-16,1635475.0,H,True,False
AIXC,2025-09-22,1.922535366752847,61.0,True,False,False,sin 8-K,True,False,13574442.8119421,1.0791164326392078,0.3237349297917623,0.0614458092966239,0.2531645646024217,True,True,False,False,False,True,VAL 2022-26,8.300000190734863,1.0,False,8.300000190734863,13574442.8119421,2025-09-22,1635475.0,,True,False
AIXC,2025-10-24,0.6402266313825178,61.0,True,False,False,sin 8-K,True,False,9469400.18761158,1.204432856139299,0.3613298568417897,0.0310880534584694,0.1840659497210601,False,True,False,False,False,True,VAL 2022-26,5.789999961853027,1.0,False,5.789999961853027,9469400.18761158,2025-10-24,1635475.0,,True,False
AIXI,2026-08-25,2.1877729791845746,73.0,True,True,False,sin 8-K,False,True,,0.309132628877214,0.0927397886631642,0.1849314889533817,0.3854961509047712,True,True,False,True,False,False,VAL 2022-26,1.4600000381469729,0.1428571428571428,False,1.46,,2026-08-25,,,False,False
AKAN,2023-05-03,1.12612609375,28.0,False,False,False,sin 8-K,False,True,460271470693.80176,1.3367231129797614,0.4010169338939284,0.1440678458114144,0.1798561204938926,False,True,False,False,False,False,VAL 2022-26,13288.2880859375,0.0001776,False,2.3599999640625,81744213.19521919,2023-05-03,34637379.0,,False,True
AKAN,2026-08-14,0.558882152890166,28.0,True,False,True,sin 8-K,False,True,,0.5471191393420962,0.1641357418026288,0.1075543766843845,0.161240308931345,True,True,False,True,False,False,VAL 2022-26,7.809999942779541,1.0,False,7.81,,2026-08-14,,H,False,False
AKBA,2015-09-09,0.660691467612591,28.0,True,True,True,8-K solo nota de prensa (7.01/8.01),False,False,374606421.8124676,0.3804421940900968,0.114132658227029,0.0948341955985248,0.1487675731917776,False,False,True,True,False,False,DEV 2015-21,12.970000267028809,1.0,False,12.970000267028809,374606421.8124676,2015-09-09,28882530.0,B,False,False
AKTX,2015-08-18,0.8688524590163935,28.0,True,False,False,8-K con acuerdo (1.01),True,True,507402900960.0,0.3175438596491228,0.0952631578947368,0.0614035087719297,-2.877450980392157,True,False,False,False,False,False,DEV 2015-21,9120.0,0.000125,False,1.1400000000000003,63425362.62000001,2015-08-18,55636282.99999999,F,False,False
AKTX,2026-05-22,0.929961154469175,28.0,True,False,True,sin 8-K,True,True,908344741553.3684,-1.2500000000000009,-0.8517339029486417,0.914213727257223,0.0251779409028868,False,True,False,True,True,False,VAL 2022-26,9.920000076293944,1.0,False,9.92,908344741553.3684,2026-05-22,91567010237.23473,,False,False
ALAR,2018-12-26,0.5371024734982333,73.0,False,False,False,sin 8-K,False,True,,0.9321839080459772,0.2796551724137931,0.0689655172413792,0.1877022653721682,False,True,False,False,False,False,DEV 2015-21,870.0,0.005,False,4.3500000000000005,,2018-12-26,,H,False,True
ALDX,2017-09-12,0.642857240170853,28.0,True,False,True,8-K con acuerdo (1.01),False,False,104536215.84483336,0.5705313926199477,0.1711594177859842,0.0579710275128817,-0.1238937694601249,False,False,False,True,False,False,DEV 2015-21,6.900000095367432,1.0,False,6.900000095367432,104536215.84483336,2017-09-12,15150175.999999998,B,False,False
ALDX,2019-03-26,0.70868347862731,28.0,True,True,True,8-K con acuerdo (1.01),False,False,334224179.77473736,0.6469944836193535,0.194098345085806,0.0483606690009801,0.0350154635687082,False,False,False,True,False,False,DEV 2015-21,12.199999809265137,1.0,False,12.199999809265137,334224179.77473736,2019-03-26,27395425.0,B,False,False
ALLO,2026-04-13,0.5036765108703531,28.0,True,False,False,8-K solo nota de prensa (7.01/8.01),False,False,997051729.9975586,0.8061126091129289,0.2418337827338786,0.0904645163215873,0.2549019562011037,True,False,True,False,False,False,VAL 2022-26,4.090000152587891,1.0,False,4.09,997051729.9975586,2026-04-13,243777929.09475762,B,False,False
ALLR,2023-12-05,0.6666666666666667,28.0,True,True,True,8-K solo nota de prensa (7.01/8.01),True,False,2735173800.0,1.3666666666666667,0.41,0.1100000000000001,0.1396551899526311,True,False,True,True,False,False,VAL 2022-26,600.0,0.0016666666666666,False,1.0,4558623.0,2023-12-05,4558623.0,B,True,False
ALLR,2024-05-02,1.218978110319564,28.0,True,True,True,sin 8-K,True,False,563514931.5435181,1.951315688573236,0.5853947065719707,0.1381579662844327,0.186991903537992,True,True,False,True,False,False,VAL 2022-26,91.1999969482422,0.0333333333333333,False,3.03999989827474,18783831.051450603,2024-05-02,6178892.0,,False,False
ALLR,2025-08-26,1.1041445814879751,28.0,True,False,False,sin 8-K,True,False,28946879.558847427,0.8925927040865025,0.2677778112259507,0.1868686272701241,-0.1118881760136062,True,True,False,False,False,True,VAL 2022-26,1.9800000190734863,1.0,False,1.98,28946879.558847427,2025-08-26,14619636.140832035,,False,False
ALMS,2025-03-25,0.5099336861633481,28.0,False,False,False,8-K solo nota de prensa (7.01/8.01),True,False,,0.9608186351760052,0.2882455905528015,0.0,-0.2300000190734863,False,False,True,False,False,False,VAL 2022-26,5.699999809265137,1.0,False,5.7,,2025-03-25,,K,False,True
ALMS,2026-01-06,1.6714801013167015,28.0,True,False,False,8-K solo nota de prensa (7.01/8.01),False,False,,0.8630632155456812,0.2589189646637043,0.0045044356164181,-0.1041281935750906,True,False,True,False,False,False,VAL 2022-26,22.200000762939453,1.0,False,22.2,,2026-01-06,,B,False,False
ALOY,2025-01-22,0.9704140893242936,10.0,False,False,False,8-K con acuerdo (1.01),True,False,11748366.270832062,-1.2500000000000009,-0.6676576899086363,0.8018018430830545,0.2844202787441456,False,False,False,False,False,True,VAL 2022-26,3.3299999237060547,1.0,False,3.3299999237060547,11748366.270832062,2025-01-22,3528038.0,F,True,True
ALT,2020-02-28,1.3749999153343109,28.0,True,False,False,sin 8-K,False,False,64113138.32704544,0.3494416270870895,0.1048324881261268,0.0645932995250451,0.1459459337550764,True,True,False,False,False,False,DEV 2015-21,4.179999828338623,1.0,False,4.179999828338623,64113138.32704544,2020-02-28,15338072.0,,False,False
ALT,2023-12-01,0.8164555744337125,28.0,True,False,False,8-K solo nota de prensa (7.01/8.01),False,False,308403707.24243736,1.2268292243924868,0.368048767317746,0.0226481044642261,-0.2969188238150112,False,False,True,False,False,False,VAL 2022-26,5.739999771118164,1.0,False,5.739999771118164,308403707.24243736,2023-12-01,53728871.0,B,False,False
ALXO,2023-10-03,0.6819127336440143,28.0,True,True,False,sin 8-K,True,False,332918221.98926926,0.2056447930640726,0.0616934379192217,0.0284301035720937,0.1504660559256951,True,True,False,True,False,False,VAL 2022-26,8.09000015258789,1.0,False,8.09000015258789,332918221.98926926,2023-10-03,41151819.0,,False,False
ALZN,2024-08-19,2.446078341745336,28.0,True,True,True,sin 8-K,True,False,53225255.18508911,-1.2500000000000004,0.157852044492622,1.142247389054683,0.2495727032009113,True,True,False,True,False,False,VAL 2022-26,63.27000045776367,0.1111111111111111,False,7.03000005086263,5913917.242787679,2024-08-19,841240.0,,True,False
ALZN,2025-05-29,1.3373495135291416,28.0,True,True,True,sin 8-K,True,False,51196655.83004952,0.9632302848938074,0.2889690854681422,0.0592783536828909,0.2959559037830279,False,True,False,True,True,False,VAL 2022-26,7.760000228881836,1.0,False,7.76,51196655.83004952,2025-05-29,6597507.194594011,,False,False
AMBO,2020-06-11,0.570588280172909,82.0,True,False,False,sin 8-K,False,True,,0.47852687444622,0.143558062333866,0.2059925034771608,0.0,True,True,False,False,False,False,DEV 2015-21,26.700000762939453,0.1,False,2.6700000762939453,,2020-06-11,,,False,False
AMBR,2025-11-26,0.7088607432578284,61.0,True,False,False,sin 8-K,False,True,,0.2506173024833826,0.0751851907450147,0.1703703814900294,-0.0161943163521069,False,True,False,False,False,False,VAL 2022-26,2.700000047683716,1.0,False,2.7,,2025-11-26,,O,False,False
AMCI,2025-09-19,0.5757776311676175,57.0,False,True,False,sin 8-K,True,False,91784119.3012848,-1.2500000000000004,0.057618594670943,0.7639647602712649,0.0851351906326159,False,True,False,True,True,False,VAL 2022-26,23.809999465942383,1.0,False,23.809999465942383,91784119.3012848,2025-09-19,3854856.0000000005,,True,False
AMCI,2025-10-21,0.5625000573121606,57.0,False,True,False,sin 8-K,True,False,50113128.0,-0.1615384615384615,-0.0484615384615384,0.2284615590022161,0.3022222165708189,False,True,False,True,True,False,VAL 2022-26,13.0,1.0,False,13.0,50113128.0,2025-10-21,3854856.0,,True,False
AMIX,2024-10-28,1.4928663207216255,38.0,False,False,False,8-K otros items,True,False,9298166784.974976,1.1529308579732676,0.3458792573919802,0.1181061741351388,0.1575121566141665,False,False,False,False,False,False,VAL 2022-26,403.6199951171875,0.0476190476190476,False,19.22,442769846.90357023,2024-10-28,23036932.721309587,S,False,True
AMIX,2024-10-31,0.5126953994650199,38.0,False,False,False,sin 8-K,True,False,7493684132.418793,0.2205939123895635,0.066178173716869,0.1071658656455425,0.2368972750589208,False,True,False,False,False,False,VAL 2022-26,325.2900085449219,0.0476190476190476,False,15.49,356842101.543752,2024-10-31,23036933.605148613,,False,True
AMIX,2025-11-17,0.6299862386553237,38.0,True,True,True,sin 8-K,False,False,171374237.05622864,-1.2500000000000009,0.0195358892341303,0.3080168349479306,0.1739129988378204,False,True,False,True,True,False,VAL 2022-26,24.88500022888184,0.0476190476190476,False,1.185,8160677.955058506,2025-11-17,6886648.063340511,,False,False
AMIX,2026-07-29,0.5690909298983486,38.0,True,False,True,sin 8-K,True,False,49231320.0128479,-1.2500000000000002,-0.069096201867765,0.6801853774876063,0.2144420614180844,False,True,False,True,True,False,VAL 2022-26,4.315000057220459,1.0,False,4.315,49231320.0128479,2026-07-29,11409344.15129731,,False,False
AMOD,2025-01-30,0.772727267097554,67.0,False,False,False,sin 8-K,True,False,,-1.2500000000000009,-0.1601831683534942,1.029304141908978,0.0828025609253629,False,True,False,False,False,False,VAL 2022-26,109.1999969482422,0.025,False,2.73,,2025-01-30,,,False,True
AMOD,2025-07-23,0.706896429821658,67.0,False,True,True,8-K con acuerdo (1.01),True,False,988160937.9238892,-1.2500000000000002,0.0556565296541668,0.3131313637292789,0.2432432432432432,False,False,False,True,False,False,VAL 2022-26,79.19999694824219,0.025,False,1.98,24704023.44809723,2025-07-23,12476779.519241026,H,False,False
AMPG,2024-12-11,0.7741935677694607,36.0,True,True,False,sin 8-K,True,False,19521217.65422225,-1.25,-0.1065908852305785,0.4204545531514263,-0.1398964287428305,True,True,False,True,False,True,VAL 2022-26,1.7599999904632568,1.0,False,1.76,19521217.65422225,2024-12-11,11091600.939899005,,False,False
AMRN,2018-09-24,2.491638891566336,28.0,True,False,False,8-K solo nota de prensa (7.01/8.01),False,True,,-0.6591314874729705,-0.1977394462418911,0.1944443977554086,-0.0483870967741935,True,False,True,False,False,False,DEV 2015-21,208.8000030517578,0.05,False,10.440000152587892,,2018-09-24,,B,False,False
AMSC,2023-08-01,0.5873015993156252,36.0,True,False,False,sin 8-K,False,False,473527136.0,-0.0604164918263753,-0.0181249475479126,0.0856250524520874,0.2895225893116339,False,True,False,False,False,False,VAL 2022-26,16.0,1.0,False,16.0,473527136.0,2023-08-01,29595446.0,,False,False
AMST,2021-06-11,0.5090251899688156,73.0,False,False,False,sin 8-K,False,False,1031568787.4219435,0.7481657600549836,0.224449728016495,0.0765550271983503,0.0937500558793522,False,True,False,False,False,False,DEV 2015-21,50.15999984741211,0.0833333333333333,False,4.179999987284342,85964065.61849529,2021-06-11,20565566.0,,False,True
AMST,2024-04-24,0.8999999761581421,73.0,True,False,False,sin 8-K,False,False,9661271.878767014,0.3614035555530459,0.1084210666659137,0.1421053176441358,-0.0447761491455576,False,True,False,False,False,True,VAL 2022-26,3.799999952316284,1.0,False,3.799999952316284,9661271.878767014,2024-04-24,2542440.0,,True,False
AMST,2025-05-16,0.7187499501077195,73.0,True,False,False,sin 8-K,True,False,17604944.613912106,0.3909091096748198,0.1172727329024459,0.057142927916463,0.0982142660741491,False,True,False,False,False,True,VAL 2022-26,3.849999904632568,1.0,False,3.8499,17604944.613912106,2025-05-16,4572831.66157877,,True,False
AMST,2025-09-11,0.5373133518404267,73.0,True,False,False,sin 8-K,True,False,18839577.036694527,0.168932044453261,0.0506796133359783,0.1601942579082635,0.0620154465672528,True,True,False,False,False,True,VAL 2022-26,4.119999885559082,1.0,False,4.12,18839577.036694527,2025-09-11,4572712.8729841085,,True,False
AMST,2026-05-19,2.0788804518911657,73.0,True,True,False,8-K solo nota de prensa (7.01/8.01),True,False,14164224.146547318,0.9170799386600904,0.2751239815980271,0.103305781867105,-0.1734103751495628,False,False,True,True,False,True,VAL 2022-26,2.4200000762939453,1.0,False,2.42,14164224.146547318,2026-05-19,5852985.184523685,H,False,False
AMTD,2022-08-02,4.163461923481694,61.0,False,False,False,sin 8-K,False,True,,1.1274364572332436,0.338230937169973,0.2011172966086845,0.1071428571428571,False,True,False,False,False,False,VAL 2022-26,64.44000244140625,0.1666666666666666,False,10.74000040690104,,2022-08-02,,,False,True
AMTX,2019-05-06,0.7586206471310504,28.0,True,False,False,sin 8-K,True,False,31174418.02705407,0.489542514214864,0.1468627542644592,0.1111111630541576,0.0310077232836264,False,True,False,False,False,False,DEV 2015-21,1.5299999713897705,1.0,False,1.5299999713897705,31174418.02705407,2019-05-06,20375437.0,,False,False
AMTX,2020-12-22,0.6440679181824178,28.0,True,True,False,sin 8-K,True,False,84644740.01660347,0.5594502034955767,0.167835061048673,0.0025773170536871,0.0783699045503567,True,True,False,True,False,False,DEV 2015-21,3.880000114440918,1.0,False,3.880000114440918,84644740.01660347,2020-12-22,21815654.0,,False,False
AMTX,2021-01-25,0.6181817570993737,28.0,True,False,False,sin 8-K,True,False,155327453.98339653,-1.2500000000000004,-0.245955102834087,0.5449438450568529,0.0011363896210325,True,True,False,False,False,False,DEV 2015-21,7.119999885559082,1.0,False,7.119999885559082,155327453.98339653,2021-01-25,21815654.0,,False,False
ANAB,2017-10-10,0.5202857164811117,28.0,False,False,False,sin 8-K,False,False,721615677.4771271,-1.2500000000000004,-0.3332475413536397,0.3245631495708034,0.0066751515375123,False,True,False,False,False,False,DEV 2015-21,35.473331451416016,1.5,False,53.20999717712402,1082423516.2156906,2017-10-10,20342484.0,,False,True
ANGH,2022-02-04,0.8223804051697334,48.0,False,True,False,sin 8-K,False,True,4616252732.651871,1.0542703499569863,0.3162811049870959,0.0,-0.6157096367171795,False,True,False,True,True,False,VAL 2022-26,179.13999938964844,0.1,False,17.913999938964846,461625273.2651871,2022-02-04,25768966.999999996,,False,False
ANGH,2025-12-31,0.7629311509811387,48.0,False,False,False,sin 8-K,False,True,37075066.10317993,0.2274654928467434,0.068239647854023,0.0244498535212265,-0.0610079629276182,False,True,False,False,False,False,VAL 2022-26,4.090000152587891,1.0,False,4.09,37075066.10317993,2025-12-31,9064808.338185802,R,False,True
ANGI,2017-05-02,0.5500849012990825,73.0,False,False,False,sin 8-K,False,False,,-0.1720699268107388,-0.0516209780432216,0.0843373131529587,-0.0862250758065798,False,True,False,False,False,False,DEV 2015-21,91.3000030517578,0.1,False,9.130000305175782,,2017-05-02,,,False,True
ANPA,2026-01-09,1.0549585939846011,73.0,False,False,False,sin 8-K,False,True,621624994.2779541,-1.2500000000000009,-0.7564307113125605,1.1854011925512378,-0.0710420066476316,False,True,False,False,False,False,VAL 2022-26,49.72999954223633,1.0,False,49.73,621624994.2779541,2026-01-09,12499999.884937746,O,False,True
ANVS,2020-07-07,1.382812453918934,28.0,False,False,False,sin 8-K,True,False,62766654.98321533,0.8300544654021188,0.2490163396206356,0.1202186259376494,0.0073746591722121,True,True,False,False,False,False,DEV 2015-21,9.149999618530272,1.0,False,9.149999618530272,62766654.98321533,2020-07-07,6859744.000000001,,False,True
API,2024-10-02,1.1927273490212182,73.0,False,False,False,sin 8-K,False,True,,0.5692095713998512,0.1707628714199553,0.066334926138085,-0.0020242412811436,False,True,False,False,False,False,VAL 2022-26,6.03000020980835,1.0,False,6.03,,2024-10-02,,,False,True
APLD,2024-09-05,0.5401233816143218,73.0,True,True,True,sin 8-K,True,False,612470276.5071487,-0.2871744367874437,-0.0861523310362331,0.144288637285342,0.1527001326442015,False,True,False,True,True,False,VAL 2022-26,4.989999771118164,1.0,False,4.989999771118164,612470276.5071487,2024-09-05,122739540.0,,False,False
APLM,2023-03-30,0.7206290471785384,28.0,False,True,False,sin 8-K,False,True,,-1.2500000000000002,-0.5906451612903226,1.6344086021505375,0.1768707482993197,True,True,False,True,False,False,VAL 2022-26,1860.0,0.01,False,18.6,,2023-03-30,,O,False,False
APLM,2023-10-27,1.2535211570299332,28.0,False,True,True,sin 8-K,False,True,,1.0552084128061932,0.3165625238418579,0.1328125,-0.0440835636460576,False,True,False,True,True,False,VAL 2022-26,128.0,0.01,False,1.28,,2023-10-27,,,False,False
APLM,2023-11-16,1.0344827586206895,28.0,False,True,True,sin 8-K,False,True,,1.69924670433145,0.509774011299435,0.0112994350282484,0.1058823529411764,False,True,False,True,True,False,VAL 2022-26,177.0,0.01,False,1.77,,2023-11-16,,,False,False
APRE,2021-06-16,0.50721646338394,28.0,True,False,False,sin 8-K,True,False,3097514042.742935,0.8467396096637468,0.254021882899124,0.0670314860213521,0.063196984375411,False,True,False,False,False,False,DEV 2015-21,146.1999969482422,0.05,False,7.30999984741211,154875702.13714677,2021-06-16,21186827.0,,False,False
APUS,2026-09-24,2.0524016976236017,28.0,False,False,False,sin 8-K,True,False,105487323.7759037,0.9537910169788598,0.2861373050936579,0.2503576619888872,-0.473577212921744,True,True,False,False,False,False,VAL 2022-26,6.989999771118164,1.0,False,6.99,105487323.7759037,2026-09-24,15091176.505851746,,False,True
APVO,2017-09-01,0.8195487688322256,28.0,False,False,False,8-K con acuerdo (1.01),False,False,425311086284840.0,0.393663719000953,0.1180991157002859,0.0206611574410051,-0.0284359483304957,False,False,False,False,False,False,DEV 2015-21,19856390.0,1.218751218751219e-07,False,2.419999951249951,51834840.47580535,2017-09-01,21419356.0,K,False,True
APVO,2020-06-25,0.5669565810870159,28.0,True,False,False,8-K solo nota de prensa (7.01/8.01),True,False,239100715560764.0,-1.2500000000000004,-0.0044506106430334,0.3018867620816725,0.0848214634268959,False,False,True,False,False,False,DEV 2015-21,5280581.0,1.7062517062517064e-06,False,9.010000341250342,407966003.8915575,2020-06-25,45279244.00000001,O,False,False
APVO,2022-12-12,0.9809962719039538,28.0,True,False,True,8-K solo nota de prensa (7.01/8.01),True,False,20531141906219.0,1.405620243353317,0.421686073005995,0.0465116019533109,0.2710997283415942,True,False,True,True,False,False,VAL 2022-26,4032230.5,1.7062517062517064e-06,False,6.880000170625172,35031295.90878208,2022-12-12,5091758.0,B,False,False
APVO,2025-06-18,1.18439718124224,28.0,True,True,True,8-K con acuerdo (1.01),True,False,899158052.9271698,-1.250000000000001,0.1572078046065773,1.1282467674327503,0.1871344971258812,False,False,False,True,False,False,VAL 2022-26,110.87999725341795,0.0555555555555555,False,6.16,49953225.162620544,2025-06-18,8109289.799126712,F,False,False
APVO,2025-09-16,0.5277777144120719,28.0,True,True,True,sin 8-K,True,False,130201547.78303528,1.0272726396993248,0.3081817919097974,0.2318181984571283,0.0600000310827184,False,True,False,True,True,False,VAL 2022-26,39.59999847412109,0.0555555555555555,False,2.2,7233419.321279737,2025-09-16,3287917.873308971,,True,False
APVO,2025-09-18,0.7801419148593511,28.0,True,True,True,sin 8-K,True,False,148548136.24339294,0.670517991079226,0.2011553973237678,0.0159362818910968,0.111111087325743,False,True,False,True,True,False,VAL 2022-26,45.18000030517578,0.0555555555555555,False,2.51,8252674.235744052,2025-09-18,3287918.0222087856,,True,False
ARBB,2023-12-26,1.3684210526315788,73.0,False,False,False,sin 8-K,False,True,892265625.0,-1.2500000000000002,-0.1611110658998842,1.0177777325665511,0.1042470887034486,False,True,False,False,False,False,VAL 2022-26,33.75,0.0666666666666666,False,2.25,59484375.0,2023-12-26,26437500.0,,False,True
ARBB,2024-02-13,1.474025999225666,73.0,False,True,False,sin 8-K,False,True,,1.0340333953430212,0.3102100186029063,0.1942256898994963,0.1003860454146355,False,True,False,True,True,False,VAL 2022-26,57.150001525878906,0.0666666666666666,False,3.81000010172526,,2024-02-13,,,False,False
ARBE,2023-02-21,0.5011495064296834,73.0,True,False,False,sin 8-K,False,True,,0.033027110905577,0.0099081332716731,0.1653904883622894,0.070312543655745,False,True,False,False,False,False,VAL 2022-26,6.53000020980835,1.0,False,6.53000020980835,,2023-02-21,,,False,False
ARBE,2025-01-06,0.7110265415165598,73.0,True,True,True,sin 8-K,False,True,,0.337037037037037,0.1011111111111111,0.0888889100816514,0.0600000023841857,False,True,False,True,True,False,VAL 2022-26,4.5,1.0,False,4.5,,2025-01-06,,,False,False
ARDX,2022-11-17,0.6147540839440528,28.0,True,False,False,sin 8-K,True,False,369295506.01326346,0.3896785048549244,0.1169035514564773,0.0050761372172727,-0.2093022611090927,False,True,False,False,False,False,VAL 2022-26,1.9700000286102293,1.0,False,1.9700000286102293,369295506.01326346,2022-11-17,187459645.00000003,,False,False
AREC,2020-10-07,0.8957054743611899,12.0,True,False,False,8-K solo nota de prensa (7.01/8.01),True,False,80465179.84492493,-1.2500000000000004,0.1485760592710147,0.5954692444268113,0.1846153987229933,False,False,True,False,False,False,DEV 2015-21,3.0899999141693115,1.0,False,3.0899999141693115,80465179.84492493,2020-10-07,26040512.0,H,False,False
ARKO,2019-09-11,0.6363637764810803,54.0,False,False,False,sin 8-K,False,False,,-0.1279833462569933,-0.0383950038770979,0.0326542780061756,0.0048019162328192,False,True,False,False,False,False,DEV 2015-21,16.200000762939453,1.0,False,16.200000762939453,,2019-09-11,,,False,True
ARTL,2020-02-03,0.6600985748292589,28.0,True,False,False,sin 8-K,True,False,28067313485.606934,-1.2500000000000009,0.1739762708588022,0.3124628494300105,0.2,True,True,False,False,False,False,DEV 2015-21,8189.10009765625,0.0004115226337448,False,3.3700000401877563,11550334.767739477,2020-02-03,3427399.0,,True,False
ARTL,2020-09-29,0.5750000251173482,28.0,True,True,True,sin 8-K,False,False,13766973638.34912,0.945502736209453,0.2836508208628359,0.0317460152922386,-0.1157303577534546,False,True,False,True,True,False,DEV 2015-21,3061.800048828125,0.0004115226337448,False,1.2600000200938783,5665421.25034943,2020-09-29,4496365.999999999,,True,False
ARTL,2021-02-02,0.6538462244422523,28.0,True,False,True,sin 8-K,True,False,65668150559.53467,0.8775194364461594,0.2632558309338478,0.0058139066225799,-0.0239999678497942,True,True,False,True,False,False,DEV 2015-21,4179.60009765625,0.0004115226337448,False,1.7200000401877569,27023930.271413434,2021-02-02,15711586.999999998,,False,False
ARTL,2021-02-12,0.7668711845514313,28.0,True,False,True,sin 8-K,True,False,109955968926.46532,0.2212963463630277,0.0663889039089083,0.2743055175209903,0.0187969930491796,False,True,False,True,True,False,DEV 2015-21,6998.39990234375,0.0004115226337448,False,2.879999959812242,45249369.928586535,2021-02-12,15711586.999999998,,False,False
ARTL,2021-11-01,0.6340782638327656,28.0,True,False,False,sin 8-K,True,False,69638842616.19043,0.8213674920098212,0.2464102476029463,0.1282051238014732,-0.1494252342611238,True,True,False,False,False,False,DEV 2015-21,2843.10009765625,0.0004115226337448,False,1.1700000401877568,28657959.9243582,2021-11-01,24493982.000000007,,False,False
ARTL,2025-06-30,2.019145772496476,28.0,True,False,False,sin 8-K,True,False,1816051212.0,1.1422763713042947,0.3426829113912883,0.247804829529415,0.2840994895679866,False,True,False,False,False,False,VAL 2022-26,553.5,0.037037037037037,False,20.5,67261156.0,2025-06-30,3281032.0,,True,False
ARTL,2025-07-07,1.1452735655923227,28.0,True,False,False,sin 8-K,True,False,1909954331.819336,1.08602339785859,0.325807019357577,0.090909062313695,-0.1103351218919256,True,True,False,False,False,False,VAL 2022-26,582.1199951171875,0.037037037037037,False,21.56,70739049.32664207,2025-07-07,3281031.9724787604,,True,False
ARTL,2026-05-26,0.6050420609551934,28.0,True,True,True,sin 8-K,True,False,36524831.81475067,0.3157068324243932,0.0947120497273179,0.0,0.2046783951873839,True,True,False,True,False,False,VAL 2022-26,17.190000534057617,0.1111111111111111,False,1.91,4058314.646083408,2026-05-26,2124772.0660122554,,True,False
ARTV,2025-10-17,1.0180506104978884,28.0,True,False,False,sin 8-K,False,False,136540013.3070755,-1.2500000000000004,-0.0851341797548084,0.3166368394653964,0.1830283426918242,True,True,False,False,False,False,VAL 2022-26,5.590000152587891,1.0,False,5.59,136540013.3070755,2025-10-17,24425762.666739803,,False,False
ARTW,2019-02-19,0.8031088671763265,35.0,False,False,False,sin 8-K,False,False,14680613.24046278,0.7521072114448956,0.2256321634334686,0.0948275637636097,0.1541353656395278,False,True,False,False,False,True,DEV 2015-21,3.4800000190734863,1.0,False,3.4800000190734863,14680613.24046278,2019-02-19,4218567.0,,True,True
ARVN,2020-12-14,1.2933511089132383,28.0,True,False,False,8-K solo nota de prensa (7.01/8.01),False,False,2783282305.650864,0.4649183378382774,0.1394755013514832,0.0926573523733262,-0.2718396478507827,False,False,True,False,False,False,DEV 2015-21,68.63999938964844,1.0,False,68.63999938964844,2783282305.650864,2020-12-14,40548985.00000001,B,False,False
ASM,2021-02-01,1.2032520293685165,10.0,True,False,False,sin 8-K,False,True,242731131.6367741,1.024477247477778,0.3073431742433333,0.0405903666226663,0.2432432658834294,False,True,False,False,False,False,DEV 2015-21,2.7100000381469727,1.0,False,2.7100000381469727,242731131.6367741,2021-02-01,89568682.00000001,F,False,False
ASMB,2023-10-17,0.9863012744180356,28.0,True,False,False,8-K con acuerdo (1.01),True,False,915486955.5292778,0.4264367186104943,0.1279310155831483,0.151724215797429,0.1920000076293945,True,False,False,False,False,False,VAL 2022-26,17.399999618530273,0.0833333333333333,False,1.449999968210856,76290579.62743981,2023-10-17,52614194.0,K,False,False
ASND,2019-03-04,0.6325206393236906,28.0,True,True,False,sin 8-K,False,True,4767626005.493591,-0.2528059168589074,-0.0758417750576722,0.1175430423597598,-0.039801020833245,False,True,False,True,True,False,DEV 2015-21,113.1500015258789,1.0,False,113.1500015258789,4767626005.493591,2019-03-04,42135448.0,O,False,False
ASPC,2025-12-10,1.4809161389001222,67.0,False,False,False,sin 8-K,True,False,,-1.250000000000001,0.343461559002216,1.4607692131629355,0.2266507785239118,False,True,False,False,False,False,VAL 2022-26,26.0,1.0,False,26.0,,2025-12-10,,,False,True
ASPC,2025-12-26,0.651266745263074,67.0,False,False,False,sin 8-K,True,False,,-1.2500000000000004,-0.0934837723018203,1.5270758296751432,-0.1486880325194597,False,True,False,False,False,False,VAL 2022-26,22.15999984741211,1.0,False,22.16,,2025-12-26,,,False,True
ASST,2023-06-12,1.617391304347826,61.0,False,False,True,sin 8-K,False,False,,1.0630121816168328,0.3189036544850498,0.1594684385382059,0.1089108910891089,False,True,False,True,True,False,VAL 2022-26,301.0,0.01,False,3.0100000000000007,,2023-06-12,,,False,True
ASST,2025-01-21,1.451612770908873,61.0,True,True,True,sin 8-K,True,False,,0.6684209645730057,0.2005262893719017,0.2719298671230472,-0.5111111534966363,True,True,False,True,False,False,VAL 2022-26,22.799999237060547,0.05,False,1.14,,2025-01-21,,,False,False
ASST,2025-05-07,1.836065493037513,61.0,True,False,True,8-K con acuerdo (1.01),True,False,,-1.25,-0.9695377468721136,0.9710982646213716,-1.2684365210772706,False,False,False,True,False,False,VAL 2022-26,34.599998474121094,0.05,False,1.73,,2025-05-07,,H,False,False
ASTC,2018-06-19,2.466666718833467,38.0,False,False,False,sin 8-K,True,False,834130202.9520874,0.1639053224757169,0.049171596742715,0.2056212836328197,0.2169811765885714,False,True,False,False,False,False,DEV 2015-21,202.8000030517578,0.0333333333333333,False,6.76000010172526,27804340.09840292,2018-06-19,4113068.0000000014,,True,True
ASTC,2020-03-25,2.2500000567663307,38.0,True,False,False,sin 8-K,True,False,693216541.0270233,-1.2500000000000009,-0.1226373937316836,1.1291209386223575,0.143209889101884,False,True,False,False,False,False,DEV 2015-21,109.1999969482422,0.0333333333333333,False,3.63999989827474,23107218.03423411,2020-03-25,6348136.999999999,,False,False
ASTC,2020-03-27,0.628242098794431,38.0,True,True,False,sin 8-K,True,False,1076009221.5,1.1584070496385663,0.3475221148915698,0.0619469026548673,0.1294765681961022,False,True,False,True,True,False,DEV 2015-21,169.5,0.0333333333333333,False,5.65,35866974.05,2020-03-27,6348136.999999999,,False,False
ASTC,2020-10-21,1.887573800659574,38.0,True,False,True,8-K solo nota de prensa (7.01/8.01),True,False,1148375460.1234436,1.4693987960425814,0.4408196388127744,0.2581967529212139,0.0783582454252813,False,False,True,True,False,False,DEV 2015-21,146.39999389648438,0.0333333333333333,False,4.87999979654948,38279182.004114784,2020-10-21,7844094.999999997,H,False,False
ASTC,2026-05-27,2.004048579088027,38.0,True,False,False,sin 8-K,False,False,13051431.394197464,-1.2500000000000009,-0.8711860212425168,1.661725040017048,-1.1310644033993895,False,True,False,False,False,True,VAL 2022-26,7.420000076293945,1.0,False,7.42,13051431.394197464,2026-05-27,1758953.0180859116,,True,False
ASTI,2023-10-24,0.5065722720035708,36.0,True,True,True,8-K con acuerdo (1.01),True,False,10271711042.0,-1.2500000000000004,0.1846308724832214,0.3288590604026846,0.0916666666666666,False,False,False,True,False,False,VAL 2022-26,149.0,0.01,False,1.49,102717110.42,2023-10-24,68937658.0,O,False,False
ASTI,2025-06-26,1.4635192957380991,36.0,True,False,False,sin 8-K,True,False,4896173.884765625,0.0015098404018768,0.000452952120563,0.292682991666481,-0.1408451082592479,False,True,False,False,False,True,VAL 2022-26,2.869999885559082,1.0,False,2.87,4896173.884765625,2025-06-26,1705983.9319740853,,True,False
ATCH,2025-02-24,0.7106383591768939,61.0,False,True,False,sin 8-K,True,False,4826858.197098255,-1.2500000000000009,-0.3930845694427327,2.28109443854856,0.3129496452237168,False,True,False,True,True,True,VAL 2022-26,4.019999980926514,1.0,False,4.02,4826858.197098255,2025-02-24,1200710.9943030486,,True,False
ATER,2026-04-28,0.674277039665031,36.0,False,False,False,sin 8-K,True,False,11906182.45805955,-1.2500000000000009,-0.0190909002241026,0.6999999674883763,0.0450451089019804,False,True,False,False,False,True,VAL 2022-26,1.100000023841858,1.0,False,1.1,11906182.45805955,2026-04-28,10823802.23459959,,False,True
ATHE,2019-01-02,0.7968749732244764,28.0,True,False,False,sin 8-K,False,True,12279503810.0,0.5173911937768909,0.1552173581330672,0.0608695486317509,0.0885417028847653,False,True,False,False,False,False,DEV 2015-21,23.0,0.1,False,2.3000000000000003,1227950381.0,2019-01-02,533891469.99999994,,False,False
ATHE,2020-05-21,0.5538462125338042,28.0,True,False,False,sin 8-K,False,True,,1.1547855595710594,0.3464356678713178,0.2871286642573645,0.0769230769230769,False,True,False,False,False,False,DEV 2015-21,10.100000381469728,0.1,False,1.0100000381469727,,2020-05-21,,H,False,False
ATHE,2020-06-30,1.491525351127926,28.0,True,False,False,sin 8-K,False,True,15249162872.539658,0.6015873530760355,0.1804762059228106,0.1088434999017455,-0.5714286859152877,False,True,False,False,False,False,DEV 2015-21,14.699999809265137,0.1,False,1.4699999809265138,1524916287.253966,2020-06-30,1037358032.0000001,H,False,False
ATHE,2020-08-04,1.8148148148148149,28.0,True,False,False,sin 8-K,False,True,39419605216.0,-1.2499999999999998,0.0873684411299856,0.3552631578947369,0.151603468549711,False,True,False,False,False,False,DEV 2015-21,38.0,0.1,False,3.8,3941960521.6,2020-08-04,1037358032.0,S,False,False
ATHE,2020-11-16,1.530434815779976,28.0,True,False,False,sin 8-K,False,True,30187119126.920685,0.0583048263370016,0.0174914479011005,0.2302405074831972,0.2120141399913057,False,True,False,False,False,False,DEV 2015-21,29.100000381469727,0.1,False,2.910000038146973,3018711912.6920686,2020-11-16,1037358032.0,H,False,False
ATHE,2021-07-01,0.5846154139592097,28.0,True,False,True,sin 8-K,False,True,42930744361.78928,-1.2500000000000009,-0.0488349137012719,0.3349514315901185,0.1822429760771239,False,True,False,True,True,False,DEV 2015-21,20.600000381469727,0.1,False,2.0600000381469727,4293074436.178928,2021-07-01,2084016678.0000002,H,False,False
ATHE,2023-12-04,1.5602410153357007,28.0,True,False,False,sin 8-K,False,True,10369564876.5,0.0058825025371476,0.0017647507611443,0.2729411405675552,0.2285713912678396,False,True,False,False,False,False,VAL 2022-26,4.25,1.0,False,4.25,10369564876.5,2023-12-04,2439897618.0,H,False,False
ATHE,2025-01-30,0.975944958901472,28.0,True,False,False,sin 8-K,False,True,,0.6507245381673177,0.1952173614501953,0.020869545314623,-0.0503282298542829,True,True,False,False,False,False,VAL 2022-26,5.75,1.0,False,5.75,,2025-01-30,,F,False,False
ATOS,2019-03-14,2.0794702505397207,28.0,True,False,False,sin 8-K,True,False,393847002.0,-1.2499999999999998,-0.530430151279682,0.5892472899515568,0.5035360677907476,False,True,False,False,False,False,DEV 2015-21,69.75,0.0666666666666666,False,4.65,26256466.8,2019-03-14,5646552.0,,False,False
ATOS,2020-04-16,0.9607842485420626,28.0,True,True,False,sin 8-K,True,False,410894280.0,0.9555555838125724,0.2866666751437717,0.0366667005750867,0.0189573582528083,False,True,False,True,True,False,DEV 2015-21,45.0,0.0666666666666666,False,3.0,27392952.0,2020-04-16,9130984.0,,False,False
ATPC,2024-09-13,0.6758620689655173,80.0,False,False,False,8-K con acuerdo (1.01),True,False,9352484734.5,0.8994513031550069,0.269835390946502,0.213991769547325,-0.2857142857142857,False,False,False,False,False,False,VAL 2022-26,121.5,0.02,False,2.43,187049694.69,2024-09-13,76975183.0,H,False,True
ATPC,2025-01-13,0.7380952380952381,80.0,False,False,False,sin 8-K,True,False,436801632.0,-1.25,0.0904566210045662,0.3378995433789955,0.3147208121827411,False,True,False,False,False,False,VAL 2022-26,109.5,0.02,False,2.19,8736032.64,2025-01-13,3989056.0000000005,,True,True
ATPC,2025-02-24,0.5918803678313747,80.0,False,False,False,8-K solo nota de prensa (7.01/8.01),True,False,297184672.0,-1.2500000000000004,-0.0838255033557047,0.523489932885906,0.275,False,False,True,False,False,False,VAL 2022-26,74.5,0.02,False,1.49,5943693.44,2025-02-24,3989056.0000000005,O,True,True
ATPC,2025-04-03,0.5891472868217054,80.0,False,False,False,8-K con acuerdo (1.01),True,False,5125551552.5,1.21869918699187,0.3656097560975609,0.0536585365853659,0.046875,True,False,False,False,False,False,VAL 2022-26,102.5,0.02,False,2.0501,102511031.05,2025-04-03,50002941.83210575,H,False,True
ATPC,2026-03-10,1.0297029422505344,80.0,True,False,False,8-K con acuerdo (1.01),True,False,205110695.2290535,0.2268292200700067,0.068048766021002,0.2439024446976463,-0.103174631707943,False,False,False,False,False,False,VAL 2022-26,4.099999904632568,1.0,False,4.1,205110695.2290535,2026-03-10,50026998.83635452,H,False,False
ATPC,2026-05-21,0.5933014643350318,80.0,True,False,False,sin 8-K,True,False,3332084.5036582947,-0.2935935900101515,-0.0880780770030454,0.2792793773222544,0.2256267304025734,False,True,False,False,False,True,VAL 2022-26,3.3299999237060547,1.0,False,3.33,3332084.5036582947,2026-05-21,1000625.9770745629,,True,False
ATPC,2026-05-28,1.024561464562716,80.0,True,False,False,sin 8-K,True,False,5773612.000914574,-1.25,-0.0619931008191599,0.4731369199476354,0.1976936165018017,False,True,False,False,False,True,VAL 2022-26,5.769999980926514,1.0,False,5.77,5773612.000914574,2026-05-28,1000625.9966923005,,True,False
ATRA,2026-05-07,0.5242717979158606,28.0,True,True,True,8-K solo nota de prensa (7.01/8.01),True,False,64198194.12007427,-1.2500000000000009,-0.274968207109879,0.5859872561167729,0.1601208563668563,False,False,True,True,False,False,VAL 2022-26,7.849999904632568,1.0,False,7.85,64198194.12007427,2026-05-07,8178113.900646404,O,False,False
ATXG,2022-08-31,2.6,73.0,False,False,False,sin 8-K,False,False,108106666200.0,-1.25,-23.3262962962963,23.316296296296297,0.9543059067231242,False,True,False,False,False,False,VAL 2022-26,4050.0,0.0666666666666666,False,270.0,7207111080.0,2022-08-31,26693004.0,,False,True
ATXG,2025-05-15,1.3226703376422728,73.0,False,False,False,8-K solo nota de prensa (7.01/8.01),True,False,151396408.83897018,1.962674584587577,0.5888023753762731,0.1137724737832828,0.0895522940421736,True,False,True,False,False,False,VAL 2022-26,25.049999237060547,0.0666666666666666,False,1.67,10093093.922598012,2025-05-15,6043768.815926953,H,False,True
ATYR,2020-01-06,0.7018778428335857,28.0,True,False,False,8-K con acuerdo (1.01),True,False,28203841.25,0.4908045363152163,0.1472413608945649,0.0510344669736664,0.0392799087906528,False,False,False,False,False,True,DEV 2015-21,7.25,1.0,False,7.25,28203841.25,2020-01-06,3890185.0,K,True,False
AUC,2020-04-22,1.0689656348389531,87.0,False,False,False,sin 8-K,False,True,,1.3370371373319994,0.4011111411995998,0.0138887940447398,0.0801887155536384,False,True,False,False,False,False,DEV 2015-21,64.80000305175781,0.0555555555555555,False,3.6000001695421004,,2020-04-22,,,False,True
AUC,2021-08-30,4.45454566472162,87.0,True,True,True,sin 8-K,False,True,494715060.0,-1.2500000000000009,-0.1366666694923683,0.8833332768192999,-0.0147929244513754,False,True,False,True,True,False,DEV 2015-21,54.0,0.0555555555555555,False,3.0,27484170.0,2021-08-30,9161390.0,,False,False
AUID,2026-01-15,0.9436052407670572,73.0,True,True,True,sin 8-K,False,False,25946417.49484777,0.3466319782036823,0.1039895934611047,0.2694301110196762,0.1169590896035559,True,True,False,True,False,True,VAL 2022-26,1.9299999475479128,1.0,False,1.93,25946417.49484777,2026-01-15,13443739.63463615,,False,False
AUPH,2017-03-02,0.6037735170043212,28.0,False,False,False,sin 8-K,False,True,,0.7621846750569707,0.2286554025170912,0.0084033936701988,-0.0618100927158759,False,True,False,False,False,False,DEV 2015-21,5.949999809265137,1.0,False,5.949999809265137,,2017-03-02,,B,False,True
AUPH,2019-12-05,0.9904648485777808,28.0,False,False,False,sin 8-K,False,True,,0.3059881607335183,0.0917964482200554,0.046706511596565,-0.0293333053588867,False,True,False,False,False,False,DEV 2015-21,16.700000762939453,1.0,False,16.700000762939453,,2019-12-05,,,False,True
AURE,2024-08-26,1.0026525806186817,61.0,False,False,False,sin 8-K,False,True,,0.1432671458111572,0.0429801437433471,0.1589403680728036,0.0069930335759378,False,True,False,False,False,False,VAL 2022-26,15.100000381469728,0.1,False,1.5100000381469727,,2024-08-26,,H,False,True
AUUD,2024-04-08,1.87412594773508,73.0,True,True,True,sin 8-K,True,False,1188437836.8085938,-1.25,0.1286861688125533,0.3868612373721438,0.2062146632097948,False,True,False,True,True,False,VAL 2022-26,541.6279296875,0.0075882352941176,False,4.110000172334559,9018145.9381358,2024-04-08,2194196.0,,True,False
AUUD,2024-09-03,0.7076024373832859,73.0,True,True,True,sin 8-K,True,False,537611991.0992432,0.7200913133370289,0.2160273940011086,0.0821917580077609,0.1831858736242319,True,True,False,True,False,False,VAL 2022-26,192.40310668945312,0.0075882352941176,False,1.460000044878791,4079526.28540014,2024-09-03,2794196.000000001,,True,False
AUUD,2026-02-18,0.7125748494171609,73.0,True,False,False,8-K con acuerdo (1.01),True,False,34380114.07358837,0.6426574048240947,0.1927972214472284,0.0419581496468997,0.0263156957573448,True,False,False,False,False,False,VAL 2022-26,11.085270881652832,0.129,False,1.43,4435034.7154929,2026-02-18,3101422.8779670633,O,True,False
AUUD,2026-04-23,0.7700258674924945,73.0,True,False,False,sin 8-K,True,False,26415983.43223,-1.25,0.2513138666823152,0.4744526309612389,0.6383399083775295,False,True,False,False,False,True,VAL 2022-26,6.849999904632568,1.0,False,6.85,26415983.43223,2026-04-23,3856347.946310949,,True,False
AUUD,2026-08-10,0.7396592470729915,73.0,True,False,False,sin 8-K,True,False,5514577.437726498,0.2230766879501106,0.0669230063850331,0.0769230897481758,0.0530303406594964,False,True,False,False,False,True,VAL 2022-26,1.4299999475479126,1.0,False,1.43,5514577.437726498,2026-08-10,3856347.8585499986,,True,False
AVTX,2024-03-28,2.93684226588199,28.0,True,False,False,8-K con acuerdo (1.01),True,False,19338231.788978577,-1.2500000000000002,-0.1731015568248093,0.8427806245209954,0.1770115117917115,True,False,False,False,False,True,VAL 2022-26,18.700000762939453,1.0,False,18.700000762939453,19338231.788978577,2024-03-28,1034130.0,F,True,False
AVX,2023-11-30,0.9666666666666666,61.0,True,False,False,sin 8-K,True,False,27020676276.0,-1.25,0.5171186645022494,0.5084745762711864,0.0800477499716417,False,True,False,False,False,False,VAL 2022-26,19116.0,9.25925925925926e-05,False,1.77,2501914.47,2023-11-30,1413511.0,,True,False
AVX,2025-09-22,2.008298747250519,61.0,True,True,True,8-K con acuerdo (1.01),True,False,113935026.0,0.6655171595313997,0.1996551478594199,0.2399999684300915,0.2652705222773098,True,False,False,True,False,False,VAL 2022-26,87.0,0.0833333333333333,False,7.25,9494585.5,2025-09-22,1309598.0,F,True,False
AVXL,2021-02-04,0.921001957053602,28.0,True,False,True,sin 8-K,False,False,1335241398.3420773,-1.2500000000000002,0.2422567979902629,0.4393179535737581,0.1690140529764489,False,True,False,True,True,False,DEV 2015-21,19.940000534057617,1.0,False,19.940000534057617,1335241398.3420773,2021-02-04,66962957.0,,False,False
AWX,2018-07-30,0.6556096891077554,49.0,False,False,False,sin 8-K,False,False,,2.109664076216621,0.6328992228649861,0.1903359799810433,0.3943894206357656,False,True,False,False,False,False,DEV 2015-21,16.969999313354492,1.0,False,16.969999313354492,,2018-07-30,,,False,True
AWX,2018-08-10,0.5862068115034824,49.0,False,False,False,sin 8-K,False,False,,-1.2500000000000009,0.0726087222432825,0.4760869788312285,0.1090046972982201,False,True,False,False,False,False,DEV 2015-21,4.599999904632568,1.0,False,4.599999904632568,,2018-08-10,,,False,True
AXIL,2025-12-11,0.6832669006714951,28.0,False,False,False,sin 8-K,True,False,57102707.36106777,0.1441813883323907,0.0432544164997172,0.1668638910341859,-0.0862499475479126,False,True,False,False,False,False,VAL 2022-26,8.449999809265137,1.0,False,8.45,57102707.36106777,2025-12-11,6757716.847463642,,False,True
AXSM,2019-01-07,1.6882128760531665,28.0,True,False,False,8-K solo nota de prensa (7.01/8.01),False,False,210779102.87776947,0.0609619430675331,0.0182885829202599,0.2574257606041465,-0.2925764574038652,False,False,True,False,False,False,DEV 2015-21,7.070000171661377,1.0,False,7.070000171661377,210779102.87776947,2019-01-07,29813168.0,O,False,False
AYTU,2020-03-10,2.7142857142857144,28.0,True,True,True,sin 8-K,True,False,5984693520.0,-1.2500000000000009,-0.5869230769230769,1.2999999999999998,0.3414634146341463,False,True,False,True,True,False,DEV 2015-21,260.0,0.005,False,1.3000000000000005,29923467.600000005,2020-03-10,23018051.999999996,,False,False
AZI,2025-12-22,0.6699999999999999,75.0,False,False,False,sin 8-K,False,True,,0.6493013362922593,0.1947904008876777,0.0514970425360217,0.0210843598449808,False,True,False,False,False,False,VAL 2022-26,41.75,0.1,False,4.175,,2025-12-22,,,False,True
AZI,2026-06-09,1.592920424001071,75.0,True,False,False,sin 8-K,False,True,,-1.2500000000000002,0.3586006888425234,1.3890784438606851,-0.2702702023497117,False,True,False,False,False,False,VAL 2022-26,2.930000066757202,1.0,False,2.93,,2026-06-09,,,False,False
AZIO,2026-01-12,1.4838012469600668,37.0,True,False,False,sin 8-K,True,False,5553942.13485539,-1.2500000000000009,-1.192608732609308,1.2782608172843934,-0.4023904359763948,False,True,False,False,False,True,VAL 2022-26,1.149999976158142,1.0,False,1.149999976158142,5553942.13485539,2026-01-12,4829515.0,,True,False
AZTR,2025-08-27,0.6886542796999009,28.0,True,True,True,sin 8-K,True,False,30049732.448336124,0.617708347885249,0.1853125043655746,0.0625000349245974,0.0485436443739116,False,True,False,True,True,False,VAL 2022-26,1.2799999713897705,1.0,False,1.28,30049732.448336124,2025-08-27,23476353.475262597,,False,False
BAER,2023-02-24,1.2669683902279885,73.0,False,True,False,sin 8-K,True,False,,0.6719229093626194,0.2015768728087858,0.2425148942601753,0.16075948931586,False,True,False,True,True,False,VAL 2022-26,10.020000457763672,1.0,False,10.020000457763672,,2023-02-24,,,False,False
BAOS,2023-05-05,0.6217532497691676,73.0,False,False,False,sin 8-K,False,True,91376649.78646088,-0.0299965868832325,-0.0089989760649697,0.2852853300066422,0.2064127816062781,False,True,False,False,False,False,VAL 2022-26,9.989999771118164,1.0,False,9.989999771118164,91376649.78646088,2023-05-05,9146812.0,,False,True
BAOS,2023-06-08,0.9258010804181468,73.0,False,False,False,sin 8-K,False,True,104456593.73784636,-0.7980735166536977,-0.2394220549961093,0.2705779450038907,0.3383190892383083,False,True,False,False,False,False,VAL 2022-26,11.420000076293944,1.0,False,11.420000076293944,104456593.73784636,2023-06-08,9146812.0,,False,True
BAOS,2024-12-24,0.7225433446350169,73.0,True,False,False,sin 8-K,False,True,,-1.2500000000000009,-1.3925502883184655,3.583892536906476,0.3774647696248547,False,True,False,False,False,False,VAL 2022-26,2.9800000190734863,1.0,False,2.98,,2024-12-24,,,False,False
BAOS,2025-06-04,0.8312237814999246,73.0,True,False,False,sin 8-K,False,True,6659673.814144135,0.4889401250763598,0.1466820375229079,0.0115206709999515,-0.0519125175809269,False,True,False,False,False,True,VAL 2022-26,4.340000152587891,1.0,False,4.34,6659673.814144135,2025-06-04,1534487.0539502618,,True,False
BATL,2023-12-15,0.8142179188259555,13.0,True,False,False,sin 8-K,True,False,157489302.88785553,-0.04029970686223,-0.012089912058669,0.0113897815537657,0.0020855534353953,False,True,False,False,False,False,VAL 2022-26,9.56999969482422,1.0,False,9.56999969482422,157489302.88785553,2023-12-15,16456562.999999996,,False,False
BATL,2024-09-20,1.217687025180083,13.0,True,False,False,8-K con acuerdo (1.01),True,False,107296790.44611596,-0.0588958031089636,-0.017668740932689,0.0076687409326889,0.0,False,False,False,False,False,False,VAL 2022-26,6.519999980926514,1.0,False,6.519999980926514,107296790.44611596,2024-09-20,16456562.999999998,C,False,False
BATL,2025-06-16,0.7804878669292856,13.0,False,False,False,sin 8-K,True,False,48053165.21553612,0.1721461895595309,0.0516438568678592,0.256849308357518,-0.0328466838890734,True,True,False,False,False,False,VAL 2022-26,2.9200000762939453,1.0,False,2.92,48053165.21553612,2025-06-16,16456563.429978123,,False,True
BATL,2026-01-26,4.101562777941587,13.0,False,False,False,8-K solo nota de prensa (7.01/8.01),True,False,107461359.84272432,1.2632466149370172,0.3789739844811051,0.0551301141057407,0.1629072916826633,False,False,True,False,False,False,VAL 2022-26,6.53000020980835,1.0,False,6.53,107461359.84272432,2026-01-26,16456563.528747981,O,False,True
BBAI,2023-01-12,3.29078019730828,73.0,False,True,True,sin 8-K,True,False,458379171.9510555,0.4992655131674045,0.1497796539502213,0.0606060008969266,0.2163933959772297,False,True,False,True,True,False,VAL 2022-26,3.630000114440918,1.0,False,3.630000114440918,458379171.9510555,2023-01-12,126275250.0,,False,False
BBGI,2020-11-03,0.5241935645132239,48.0,True,False,False,sin 8-K,False,False,,0.3017636079151808,0.0905290823745542,0.0846561065483315,0.0235293893253102,False,True,False,False,False,False,DEV 2015-21,37.79999923706055,0.05,False,1.889999961853028,,2020-11-03,,,False,False
BBGI,2026-04-08,0.6719744664340441,48.0,False,False,False,8-K otros items,False,False,,-0.3000000484406002,-0.09000001453218,0.2476190839494978,-0.9435626648115713,False,False,False,False,False,False,VAL 2022-26,5.25,1.0,False,5.25,,2026-04-08,,R,False,True
BBLG,2024-07-24,0.7199999491373699,38.0,True,False,False,sin 8-K,True,False,14196307.680196762,-1.2499999999999998,0.0969766822926331,0.976744244501402,-0.0885416201005397,False,True,False,False,False,True,VAL 2022-26,12.899999618530272,0.1666666666666666,False,2.149999936421712,2366051.280032793,2024-07-24,1100488.9999999998,,True,False
BBLG,2024-08-01,0.6944443688144084,38.0,True,False,False,sin 8-K,True,False,24166737.43247223,0.82276861335517,0.246830584006551,0.0109290386371871,0.0,False,True,False,False,False,True,VAL 2022-26,21.959999084472656,0.1666666666666666,False,3.659999847412109,4027789.572078705,2024-08-01,1100489.0000000002,,True,False
BBLG,2024-09-16,0.5749999254941971,38.0,True,False,False,sin 8-K,True,False,13618788.01692152,-1.2499999999999998,-0.5100000315368494,0.5714285984601566,0.0846560868809064,False,True,False,False,False,True,VAL 2022-26,7.559999942779541,0.1666666666666666,False,1.2599999904632568,2269798.0028202534,2024-09-16,1801427.0,,True,False
BCDA,2023-11-14,2.225000063578288,28.0,True,False,False,8-K solo nota de prensa (7.01/8.01),True,False,418336017.4471588,0.5351423047979855,0.1605426914393956,0.2015503639092977,0.1121494905061568,False,False,True,False,False,False,VAL 2022-26,19.350000381469727,0.0666666666666666,False,1.290000025431315,27889067.829810586,2023-11-14,21619432.0,B,False,False
BCDA,2024-08-29,0.9545454988794868,28.0,True,False,False,8-K solo nota de prensa (7.01/8.01),True,False,9132667.205097198,0.1837210832468188,0.0551163249740456,0.0837208466764563,0.2412935406001339,False,False,True,False,False,True,VAL 2022-26,4.300000190734863,1.0,False,4.300000190734863,9132667.205097198,2024-08-29,2123876.0,B,True,False
BCG,2026-04-01,0.5547263755358338,61.0,False,False,True,8-K otros items,True,False,52237500.0,0.7613332112630209,0.2283999633789062,0.0048000335693358,0.0294118354182603,False,False,False,True,False,False,VAL 2022-26,3.125,1.0,False,3.125,52237500.0,2026-04-01,16716000.0,R,False,True
BCTX,2021-06-02,1.0786163540874063,28.0,False,False,False,sin 8-K,False,True,,-1.2500000000000009,0.0550529400351506,0.3615734051073547,0.0210355866198936,False,True,False,False,False,False,DEV 2015-21,66.0999984741211,0.1,False,6.6099998474121096,,2021-06-02,,B,False,True
BCTX,2024-09-11,2.112903198516083,28.0,True,False,False,8-K solo nota de prensa (7.01/8.01),True,True,352893943.34991074,2.19464588111176,0.6583937643335279,0.0155441013610564,0.0156249848660083,True,False,True,False,False,False,VAL 2022-26,19.299999237060547,0.1,False,1.9299999237060548,35289394.334991075,2024-09-11,18284661.0,H,False,False
BCTX,2025-04-24,0.7219153096448825,28.0,True,True,True,sin 8-K,True,True,346832640.0,1.150267406878412,0.3450802220635235,0.0502673470400234,0.1376450968835061,True,True,False,True,False,False,VAL 2022-26,93.5,0.1,False,9.35,34683264.0,2025-04-24,3709440.0,,True,False
BCTX,2026-01-13,0.5654450585283295,28.0,True,False,True,sin 8-K,False,True,22531515.83186531,0.256521727574108,0.0769565182722324,0.0117057142873091,0.5549450458278933,True,True,False,True,False,True,VAL 2022-26,11.960000038146973,1.0,False,11.96,22531515.83186531,2026-01-13,1883906.006008805,,True,False
BDRX,2019-07-19,1.0384615384615383,28.0,False,False,False,sin 8-K,False,True,,0.960377358490566,0.2881132075471698,0.0264150943396226,0.1182795698924731,False,True,False,False,False,False,DEV 2015-21,26500000.0,1.0000000000000005e-07,False,2.650000000000001,,2019-07-19,,B,False,True
BDRX,2020-01-08,0.6299559471365639,28.0,True,True,False,sin 8-K,False,True,0.0,0.1768768768768768,0.053063063063063,0.2432432432432432,0.1019230769230769,False,True,False,True,True,True,DEV 2015-21,11100000.0,1.0000000000000005e-07,False,1.1100000000000003,0.0,2020-01-08,0.0,B,True,False
BDRX,2020-07-21,0.8117647058823529,28.0,True,True,False,sin 8-K,False,True,,-1.25,-0.4061038961038961,1.2954545454545454,0.3162790697674418,False,True,False,True,True,False,DEV 2015-21,6160000.0,5.000000000000002e-07,False,3.080000000000001,,2020-07-21,,H,False,False
BDRX,2021-06-17,0.696078431372549,28.0,True,False,False,sin 8-K,False,True,436471055840000.0,0.4579961464354528,0.1373988439306358,0.0433526011560694,0.0406779661016949,True,True,False,False,False,False,DEV 2015-21,6920000.0,5.000000000000002e-07,False,3.4600000000000013,218235527.92000008,2021-06-17,63073852.0,H,False,False
BDRX,2023-11-27,0.7275985663082438,28.0,True,True,True,sin 8-K,False,True,,-1.25,-0.0701659751037344,0.8278008298755186,0.1878669275929549,True,True,False,True,False,False,VAL 2022-26,6025.0,0.0008,False,4.82,,2023-11-27,,H,False,False
BDRX,2024-03-28,0.8742724097788126,28.0,True,True,True,sin 8-K,False,True,2394025165525.0,-0.0540372670807453,-0.0162111801242236,0.2422360248447204,0.0987654320987654,True,True,False,True,False,False,VAL 2022-26,2012.5,0.0008,False,1.61,1915220132.42,2024-03-28,1189577722.0,,False,False
BDRX,2024-04-26,1.2896551724137932,28.0,True,True,True,sin 8-K,False,True,2468373773150.0,0.6895582329317269,0.206867469879518,0.0481927710843372,-0.0076923076923076,False,True,False,True,True,False,VAL 2022-26,2075.0,0.0008,False,1.66,1974699018.52,2024-04-26,1189577722.0,H,False,False
BDRX,2024-05-21,0.7795275590551181,28.0,True,True,True,sin 8-K,False,True,3360557064650.0,-1.25,-0.0409734513274336,0.3097345132743363,0.4506437768240343,False,True,False,True,True,False,VAL 2022-26,2825.0,0.0008,False,2.26,2688445651.7200003,2024-05-21,1189577722.0000002,,False,False
BDRX,2024-07-11,1.2644163150492265,28.0,True,True,True,sin 8-K,False,True,2394025165525.0,1.0639751552795031,0.3191925465838509,0.0310559006211179,0.0185185185185185,True,True,False,True,False,False,VAL 2022-26,2012.5,0.0008,False,1.61,1915220132.42,2024-07-11,1189577722.0,,False,False
BDRX,2024-10-16,0.6926147704590819,28.0,True,True,True,sin 8-K,False,True,,-0.0018867924528301,-0.000566037735849,0.284198113207547,0.3011904761904762,False,True,False,True,True,False,VAL 2022-26,424.0,0.02,False,8.48,,2024-10-16,,S,False,False
BDRX,2025-02-10,1.176904176904177,28.0,True,True,True,sin 8-K,False,True,2961862038146.0,1.279683972911964,0.3839051918735892,0.0383747178329572,0.0800744878957169,False,True,False,True,True,False,VAL 2022-26,443.0,0.02,False,8.86,59237240762.92001,2025-02-10,6685918822.000002,O,False,False
BDTX,2023-06-27,1.2663043481781937,28.0,True,False,False,8-K solo nota de prensa (7.01/8.01),False,False,152257428.02568817,-1.2500000000000009,-0.4920143202086099,0.6426857983946255,0.0728155051399266,False,False,True,False,False,False,VAL 2022-26,4.170000076293945,1.0,False,4.170000076293945,152257428.02568817,2023-06-27,36512572.0,B,False,False
BEAT,2022-09-15,0.5760000228881836,38.0,False,False,False,sin 8-K,True,False,15751643.488760471,-0.6255497454306839,-0.1876649236292051,0.243654828478409,0.1767241286288824,False,True,False,False,False,True,VAL 2022-26,1.9700000286102293,1.0,False,1.9700000286102293,15751643.488760471,2022-09-15,7995758.000000001,,False,True
BEAT,2025-12-10,0.7990075161013888,38.0,True,False,False,sin 8-K,False,False,49943167.99239707,-0.2632181640092861,-0.0789654492027858,0.2344826917160727,-0.3677419037278053,False,True,False,False,False,False,VAL 2022-26,1.4500000476837158,1.0,False,1.45,49943167.99239707,2025-12-10,34443564.132687636,,False,False
BENF,2023-06-08,0.6483516483516483,61.0,False,True,False,8-K con acuerdo (1.01),True,False,,1.3,0.39,0.1,0.0811111450195312,False,False,False,True,False,False,VAL 2022-26,9600.0,0.0015625,False,15.0,,2023-06-08,,F,False,False
BENF,2024-09-06,0.586666742960612,61.0,True,True,True,8-K otros items,True,False,,-1.2500000000000009,0.1286555236372976,0.3991595645314916,0.1268292665907061,False,False,False,True,False,False,VAL 2022-26,19.040000915527344,0.125,False,2.380000114440918,,2024-09-06,,S,False,False
BENF,2024-10-04,0.7478990115045974,61.0,True,False,True,8-K con acuerdo (1.01),True,False,,0.2711537579812915,0.0813461273943874,0.0288462420187085,0.1481481341317706,False,False,False,True,False,False,VAL 2022-26,16.639999389648438,0.125,False,2.08,,2024-10-04,,H,False,False
BENF,2026-09-23,4.4275095605630845,61.0,True,True,True,8-K solo nota de prensa (7.01/8.01),True,False,,-0.0105023054749395,-0.0031506916424818,0.0787671277616546,0.5,False,False,True,True,False,False,VAL 2022-26,2.9200000762939453,1.0,False,2.92,,2026-09-23,,H,False,False
BFRG,2023-07-25,0.554913310729966,28.0,False,False,False,8-K solo nota de prensa (7.01/8.01),True,False,32789185.41747665,0.2083025619745005,0.0624907685923501,0.0687732114662849,-0.0040081079521152,False,False,True,False,False,False,VAL 2022-26,5.380000114440918,1.0,False,5.380000114440918,32789185.41747665,2023-07-25,6094643.999999999,H,False,True
BFRG,2026-03-30,1.066928974028098,28.0,True,False,True,sin 8-K,True,False,13297605.74611497,-1.2500000000000004,-0.01,0.4761904978157452,-0.6000000227065324,True,True,False,True,False,True,VAL 2022-26,1.0499999523162842,1.0,False,1.05,13297605.74611497,2026-03-30,12664386.424871398,,False,False
BFRI,2021-11-24,1.2737642955058948,28.0,False,True,False,sin 8-K,True,False,,0.3903009236947202,0.117090277108416,0.2307692209552423,-0.5134099395662807,True,True,False,True,False,False,DEV 2015-21,119.5999984741211,0.05,False,5.979999923706055,,2021-11-24,,,False,False
BFRI,2024-02-20,0.6933333079020183,28.0,False,False,False,sin 8-K,True,False,1927387.531053543,-1.25,0.0844881941500715,0.4803149791073984,0.1504347666540305,True,True,False,False,False,True,VAL 2022-26,1.2699999809265137,1.0,False,1.2699999809265137,1927387.531053543,2024-02-20,1517628.0,,True,True
BGLC,2024-02-13,1.5790754348238458,80.0,False,False,False,sin 8-K,True,False,187277234.53967857,-1.2500000000000004,-0.4911320041752939,2.1981132364052383,0.2738853657945446,False,True,False,False,False,False,VAL 2022-26,10.600000381469728,0.1,False,1.0600000381469727,18727723.45396785,2024-02-13,17667662.999999993,,False,True
BGLC,2025-07-01,2.304560481552731,80.0,False,False,False,sin 8-K,True,False,18226477.38741684,-1.2500000000000004,-0.1080778551663482,0.537703270336622,0.3877917449303094,False,True,False,False,False,True,VAL 2022-26,10.145000457763672,1.0,False,10.145,18226477.38741684,2025-07-01,1796597.0810662238,,True,True
BGMS,2026-06-05,1.575471855135064,50.0,True,False,True,8-K con acuerdo (1.01),True,False,15068114.985275269,1.468498181294185,0.4405494543882555,0.025641001008694,0.2666666507720947,False,False,False,True,False,True,VAL 2022-26,2.7300000190734863,1.0,False,2.73,15068114.985275269,2026-06-05,5519456.0385623695,O,False,False
BIAF,2025-09-26,0.8123166018155721,87.0,True,True,True,sin 8-K,True,False,2639040245.520691,0.4467097775481369,0.134012933264441,0.1796116728587942,0.3856332585072558,False,True,False,True,True,False,VAL 2022-26,92.6999969482422,0.0666666666666666,False,6.18,175936016.36804605,2025-09-26,28468611.062790625,,False,False
BIAF,2026-03-13,0.677570125666354,87.0,True,False,True,8-K otros items,True,False,121126820.94278336,-1.2500000000000002,-0.1910585009521513,0.5208914363337989,0.0990565941542282,True,False,False,True,False,False,VAL 2022-26,26.924999237060547,0.0666666666666666,False,1.795,8075121.396185557,2026-03-13,4498674.872526773,R,True,False
BIAF,2026-09-01,0.6929824313738777,87.0,True,True,True,sin 8-K,True,False,62545315.30019045,0.454576713434387,0.1363730140303161,0.1139897169940507,-0.4795143815241307,False,True,False,True,True,False,VAL 2022-26,7.71999979019165,1.0,False,7.72,62545315.30019045,2026-09-01,8101724.779817416,,False,False
BIRD,2026-04-15,1.738955881743236,73.0,True,False,False,8-K con acuerdo (1.01),True,False,,-1.2500000000000009,-1.5012022497763864,2.5645159610047896,0.3578575636028929,False,False,False,False,False,False,VAL 2022-26,6.820000171661377,1.0,False,6.82,,2026-04-15,,O,False,False
BIVI,2024-03-01,1.411290322580645,28.0,True,True,True,sin 8-K,True,False,11921458302.0,1.1929765886287624,0.3578929765886287,0.1070234113712373,0.4365079365079365,True,True,False,True,False,False,VAL 2022-26,299.0,0.01,False,2.9900000000000007,119214583.02000004,2024-03-01,39871098.00000001,,False,False
BIVI,2024-10-21,0.7446808510638299,28.0,True,True,True,sin 8-K,True,False,326223060.0,-1.2500000000000004,0.348536603974133,0.8292682926829269,-0.2775665189668059,True,True,False,True,False,False,VAL 2022-26,41.0,0.1,False,4.1,32622306.0,2024-10-21,7956660.000000001,,False,False
BIYA,2026-04-28,0.7201540030999924,73.0,False,True,False,sin 8-K,False,True,15890188.547639849,-1.2500000000000009,-0.1517910915144476,0.6343283762669456,-0.2418300498784127,False,True,False,True,True,True,VAL 2022-26,13.399999618530272,0.1,False,1.34,1589018.854763985,2026-04-28,1185834.9662417797,,True,False
BJDX,2023-08-03,0.9230769230769232,38.0,True,False,False,sin 8-K,True,False,343712157600.0,0.6619047619047619,0.1985714285714285,0.0609523809523808,0.0421179302045728,False,True,False,False,False,False,VAL 2022-26,16800.0,0.000625,False,10.5,214820098.5,2023-08-03,20459057.0,,False,False
BJDX,2023-09-20,0.6774193548387097,38.0,True,True,False,sin 8-K,True,False,8514230400.0,0.2551282051282051,0.0765384615384615,0.1442307692307691,0.0063157894736842,False,True,False,True,True,False,VAL 2022-26,8320.0,0.000625,False,5.2,5321394.0,2023-09-20,1023345.0,,True,False
BJDX,2024-12-05,0.6812338780166003,38.0,True,False,False,8-K solo nota de prensa (7.01/8.01),True,False,703284677.2578316,0.1399593040627255,0.0419877912188176,0.0993883943667885,0.3290322620340243,False,False,True,False,False,False,VAL 2022-26,26.15999984741211,0.25,False,6.54,175821169.3144579,2024-12-05,26883970.84318928,S,False,False
BJDX,2025-04-07,1.3371105005284043,38.0,True,False,False,sin 8-K,True,False,18282396.0,0.2696969696969697,0.0809090909090909,0.236363613244259,0.6066666603088379,False,True,False,False,False,True,VAL 2022-26,33.0,0.25,False,8.25,4570599.0,2025-04-07,554012.0,,True,False
BJDX,2025-10-09,1.0267379423469452,38.0,True,False,False,8-K con acuerdo (1.01),True,False,22651798.89200592,0.4152154754586549,0.1245646426375964,0.1002638834474094,0.0274389984616913,False,False,False,False,False,True,VAL 2022-26,15.15999984741211,0.25,False,3.79,5662949.72300148,2025-10-09,1494181.9849608126,H,True,False
BJDX,2026-06-02,1.820276345801416,38.0,True,False,False,8-K con acuerdo (1.01),True,False,5949955.688738823,0.9361654500306592,0.2808496350091978,0.1437908710615159,-0.0391705231145156,True,False,False,False,False,True,VAL 2022-26,6.119999885559082,1.0,False,6.12,5949955.688738823,2026-06-02,972214.9818200691,H,True,False
BKKT,2021-01-08,0.5629202689721422,61.0,False,False,False,sin 8-K,True,False,,-0.0763573038311821,-0.0229071911493546,0.0448678549477565,0.0898058252427184,False,True,False,False,False,False,DEV 2015-21,406.75,0.04,False,16.27,,2021-01-08,,,False,True
BKKT,2021-10-25,0.5147540983606558,61.0,False,True,False,sin 8-K,True,False,,-1.2500000000000002,-1.217792207792208,1.2777777777777777,0.222875816993464,False,True,False,True,True,False,DEV 2015-21,346.5,0.04,False,13.86,,2021-10-25,,,False,False
BKYI,2020-03-11,1.7346939375721742,73.0,True,False,False,sin 8-K,True,False,27802730009.828857,-1.2500000000000004,0.1094029992377564,0.7164179321645598,0.3559321705139554,False,True,False,False,False,False,DEV 2015-21,1929.5999755859373,0.0006944444444444,False,1.33999998304579,19307451.395714484,2020-03-11,14408545.999999998,,False,False
BKYI,2020-03-27,2.8888890109871133,73.0,True,False,False,sin 8-K,True,False,43571443104.0,1.6333333333333333,0.49,0.2285714124245619,0.238095238095238,False,True,False,False,False,False,DEV 2015-21,3024.0,0.0006944444444444,False,2.1,30257946.6,2020-03-27,14408546.0,,False,False
BKYI,2024-09-10,0.8712870202664282,73.0,False,False,False,sin 8-K,True,False,34288908.50792694,-1.2500000000000002,-0.0682010795593479,0.666666700305973,-0.1550000190734863,False,True,False,False,False,False,VAL 2022-26,18.89999961853028,0.1,False,1.889999961853028,3428890.8507926944,2024-09-10,1814227.9999999995,,True,True
BKYI,2024-10-29,1.2753622597492291,73.0,False,True,True,sin 8-K,True,False,28483379.25396347,0.709766463380151,0.2129299390140453,0.2420382316496809,-0.0245901799528744,False,True,False,True,True,True,VAL 2022-26,15.699999809265137,0.1,False,1.57,2848337.9253963474,2024-10-29,1814227.9779594569,,True,False
BKYI,2025-10-27,1.467532528655127,73.0,False,False,False,sin 8-K,True,False,130411744.0,1.5105263492517305,0.4531579047755191,0.036842145417866,0.0784313927151435,True,True,False,False,False,False,VAL 2022-26,19.0,0.1,False,1.9,13041174.4,2025-10-27,6863776.000000001,,False,True
BLDR,2015-04-13,0.5942028765166618,52.0,True,False,False,8-K con acuerdo (1.01),False,False,1080485758.0,-0.2060605135830966,-0.0618181540749289,0.0672727064652876,-0.1745894996580949,False,False,False,False,False,False,DEV 2015-21,11.0,1.0,False,11.0,1080485758.0,2015-04-13,98225978.0,K,False,False
BLFS,2016-07-11,0.9426750639610968,38.0,True,False,False,sin 8-K,False,False,38713701.24474978,0.709836150151177,0.212950845045353,0.1737704851396042,0.126582264473618,False,True,False,False,False,False,DEV 2015-21,3.049999952316284,1.0,False,3.049999952316284,38713701.24474978,2016-07-11,12693016.999999998,,False,False
BLIN,2016-06-08,1.7142857142857144,73.0,False,False,False,sin 8-K,True,False,3871943025.0,1.4871345029239766,0.4461403508771929,0.2175438596491228,0.2838709677419355,False,True,False,False,False,False,DEV 2015-21,712.5,0.004,False,2.85,15487772.1,2016-06-08,5434306.0,,False,True
BLIN,2018-07-10,1.213740458015267,73.0,True,False,False,sin 8-K,True,False,614977625.0,0.6563218390804597,0.1968965517241379,0.2931034482758621,0.1826086956521739,False,True,False,False,False,False,DEV 2015-21,145.0,0.02,False,2.9,12299552.5,2018-07-10,4241225.0,,True,False
BLIN,2020-05-15,1.0887095921369552,73.0,True,False,False,sin 8-K,True,False,8837807.497121572,1.2794078449411426,0.3838223534823428,0.1389961951523333,-0.0509553637155028,False,True,False,False,False,True,DEV 2015-21,2.5899999141693115,1.0,False,2.5899999141693115,8837807.497121572,2020-05-15,3412281.0,,True,False
BLNE,2024-09-05,2.3947367843168257,61.0,True,False,False,8-K con acuerdo (1.01),True,False,45498014.85456467,1.4395348779900583,0.4318604633970175,0.1550387642746198,0.0138888760113418,False,False,False,False,False,False,VAL 2022-26,25.799999237060547,0.1,False,2.5799999237060547,4549801.485456467,2024-09-05,1763489.0,H,True,False
BLNE,2025-03-26,0.579787253267682,61.0,True,True,True,sin 8-K,True,False,14823463.192795517,0.9655444403263056,0.2896633320978916,0.0606060824994101,0.0480768789906457,False,True,False,True,True,True,VAL 2022-26,2.970000028610229,1.0,False,2.97,14823463.192795517,2025-03-26,4991065.048079298,,True,False
BLRX,2020-10-30,0.5405404691368765,28.0,True,True,True,sin 8-K,False,True,,-1.2500000000000009,0.1215789517713497,0.3596491683039471,-0.1565656818646395,False,True,False,True,True,False,DEV 2015-21,91.1999969482422,0.025,False,2.279999923706055,,2020-10-30,,O,False,False
BLRX,2021-05-04,0.5329154266658225,28.0,True,False,True,sin 8-K,False,True,68297565133.16177,-0.026516544942203,-0.0079549634826609,0.2965235081296735,0.2315573650353442,False,True,False,True,True,False,DEV 2015-21,195.6000061035156,0.025,False,4.890000152587891,1707439128.3290443,2021-05-04,349169544.99999994,O,False,False
BLRX,2025-05-30,0.5488126503012127,28.0,True,True,True,sin 8-K,False,True,13105373425.79898,-1.25,0.0956217883554576,0.3236797499846064,0.2190476372128441,False,True,False,True,True,False,VAL 2022-26,5.869999885559082,1.0,False,5.87,13105373425.79898,2025-05-30,2232601946.473421,O,False,False
BLZE,2026-05-05,0.601293112528948,73.0,True,False,False,8-K otros items,False,False,445799989.7003174,-0.1051145482036277,-0.0315343644610883,0.1332436434492745,0.0250329451120862,False,False,False,False,False,False,VAL 2022-26,7.429999828338623,1.0,False,7.43,445799989.7003174,2026-05-05,59999998.61377085,R,False,False
BMGL,2025-07-09,0.7087911828792754,80.0,False,False,False,sin 8-K,False,True,701084184.2670441,-0.5799570366139389,-0.1739871109841816,0.1993568780157522,0.17955799916312,False,True,False,False,False,False,VAL 2022-26,37.31999969482422,0.0833333333333333,False,3.11,58423682.02225367,2025-07-09,18785749.846383817,,False,True
BMGL,2026-09-14,0.7598254484455733,80.0,False,False,False,sin 8-K,False,True,,0.3471466109323334,0.1041439832797,0.14392056910926,0.2521008049799431,False,True,False,False,False,False,VAL 2022-26,8.0600004196167,1.0,False,8.06,,2026-09-14,,,False,True
BMNR,2025-06-30,2.5169989377655377,61.0,False,True,False,8-K otros items,True,False,595014105.0,-1.2500000000000004,-1.2700001017252605,1.2906667073567708,-0.3569320923152195,False,False,False,True,False,False,VAL 2022-26,15.0,1.0,False,15.0,595014105.0,2025-06-30,39667607.0,F,False,False
BMR,2023-05-25,1.6200873798901316,73.0,False,True,False,sin 8-K,False,True,65597376.0,-1.2500000000000009,0.1633333269755045,0.3399999936421711,0.1854838849230436,False,True,False,True,True,False,VAL 2022-26,6.0,1.0,False,6.0,65597376.0,2023-05-25,10932896.0,H,False,False
BMR,2024-02-12,1.8767774755674616,73.0,False,False,False,sin 8-K,False,True,79221654.25041151,-1.2500000000000004,-0.6492091479203027,4.756177535188735,-0.4130653958932195,False,True,False,False,False,False,VAL 2022-26,6.070000171661377,1.0,False,6.070000171661377,79221654.25041151,2024-02-12,13051343.0,H,False,True
BMRA,2020-03-18,1.649789246013782,28.0,True,False,False,8-K solo nota de prensa (7.01/8.01),True,False,496867336.5998268,-1.2500000000000004,-0.6501273641118548,0.7356686710784226,-0.5533980294866834,False,False,True,False,False,False,DEV 2015-21,50.2400016784668,0.125,False,6.28000020980835,62108417.07497835,2020-03-18,9889875.0,H,False,False
BMRA,2020-03-19,0.9223299874179804,28.0,True,False,False,sin 8-K,True,False,1566556139.6369934,0.6063972026066071,0.1819191607819821,0.1813131460060022,0.5531249940395355,True,True,False,False,False,False,DEV 2015-21,158.39999389648438,0.125,False,19.799999237060547,195819517.45462412,2020-03-19,9889874.999999996,,False,False
BMRA,2023-12-18,0.5252525009265814,28.0,True,False,True,sin 8-K,True,False,203205482.39661023,-1.25,-0.1027152229000572,0.4105961111876892,0.1333333525994814,False,True,False,True,True,False,VAL 2022-26,12.079999923706056,0.125,False,1.5099999904632568,25400685.29957628,2023-12-18,16821645.999999996,,False,False
BMRA,2025-01-16,2.142857264499277,28.0,True,False,False,sin 8-K,True,False,161365550.69750404,1.14848496014093,0.3445454880422789,0.1545454121818237,0.098591542201391,False,True,False,False,False,False,VAL 2022-26,8.800000190734863,0.125,False,1.1,20170693.837188005,2025-01-16,18336994.39744364,,False,False
BNAI,2024-05-29,0.6377952401137952,73.0,False,True,True,8-K con acuerdo (1.01),True,False,692577470.5964088,-1.2500000000000009,-0.2792307974459867,0.5192308432957151,0.022727287505284,False,False,False,True,False,False,VAL 2022-26,20.799999237060547,0.1,False,2.0799999237060547,69257747.05964088,2024-05-29,33296995.0,F,False,False
BNC,2025-07-28,4.858028358137104,7.0,True,True,False,sin 8-K,True,False,43741579.952171326,-1.2500000000000009,-0.1176167960256711,0.5941526173819145,0.2883563394327419,False,True,False,True,True,False,VAL 2022-26,51.9900016784668,1.0,False,51.9900016784668,43741579.952171326,2025-07-28,841346.0,,True,False
BNC,2026-09-08,0.5386819114283863,7.0,True,False,False,sin 8-K,True,False,221103569.7880268,0.0411544929338414,0.0123463478801524,0.0391061531885132,0.1561905088878813,False,True,False,False,False,False,VAL 2022-26,5.369999885559082,1.0,False,5.37,221103569.7880268,2026-09-08,41173849.12253758,,False,False
BNGO,2019-10-16,1.0363636363636362,38.0,False,False,False,sin 8-K,True,False,7323134784.0,-1.2500000000000004,-1.5546428571428572,3.196428571428571,0.5157894736842106,False,True,False,False,False,False,DEV 2015-21,672.0,0.0016666666666666,False,1.12,12205224.64,2019-10-16,10897522.0,,False,True
BNGO,2019-11-07,0.5333333333333334,38.0,False,True,False,sin 8-K,True,False,21933504720.0,0.836231884057971,0.2508695652173913,0.0869565217391303,0.1372549019607843,False,True,False,True,True,False,DEV 2015-21,828.0,0.0016666666666666,False,1.38,36555841.2,2019-11-07,26489740.000000004,,False,False
BNTC,2018-07-09,0.9274375580337362,28.0,False,False,False,sin 8-K,False,False,,0.6725490196078431,0.2017647058823529,0.1529411764705881,0.044776119402985,False,True,False,False,False,False,DEV 2015-21,1083.75,0.0039215686274509,False,4.25,,2018-07-09,,,False,True
BNTC,2021-03-23,1.163009478921353,28.0,True,False,False,sin 8-K,False,False,532597027.5564117,-1.2500000000000009,-0.3520289349820804,0.5202898311295678,0.4146868221230537,False,True,False,False,False,False,DEV 2015-21,117.3000030517578,0.0588235294117647,False,6.900000179515166,31329236.91508304,2021-03-23,4540468.999999999,,True,False
BNTX,2020-03-16,0.5958616270072177,28.0,False,False,False,sin 8-K,False,True,,0.5987574618187657,0.1796272385456296,0.0696920296631349,-0.6649999618530273,False,True,False,False,False,False,DEV 2015-21,49.36000061035156,1.0,False,49.36000061035156,,2020-03-16,,H,False,True
BNTX,2020-03-17,0.625,28.0,False,False,False,sin 8-K,False,True,,-0.115384537134415,-0.0346153611403245,0.1692307692307693,-0.3813814130303417,True,True,False,False,False,False,DEV 2015-21,65.0,1.0,False,65.0,,2020-03-17,,K,False,True
BOF,2024-04-24,0.6666667685549521,20.0,False,False,True,sin 8-K,True,False,7886291.592844963,-0.2555553381938933,-0.0766666014581679,0.287179450813209,0.0576922547887748,False,True,False,True,True,True,VAL 2022-26,1.950000047683716,1.0,False,1.950000047683716,7886291.592844963,2024-04-24,4044251.9999999995,,True,True
BOF,2024-08-28,0.7436660960254806,20.0,False,True,False,sin 8-K,True,False,7947469.238488555,-1.2500000000000004,-0.4202564416066519,0.4786325491705223,-0.1393939529678164,False,True,False,True,True,True,VAL 2022-26,1.1699999570846558,1.0,False,1.1699999570846558,7947469.238488555,2024-08-28,6792709.0,,False,False
BOLD,2026-06-23,0.7142858115994217,28.0,True,False,False,8-K con acuerdo (1.01),False,False,53777404.53692198,-0.3111108351636926,-0.0933332505491077,0.1458332878020092,0.0,False,False,False,False,False,False,VAL 2022-26,2.400000095367432,1.0,False,2.4,53777404.53692198,2026-06-23,22407251.89038416,F,False,False
BON,2025-03-14,1.1875000453513609,28.0,True,False,False,sin 8-K,False,True,159814959.5,-1.2500000000000004,0.0955900621118012,0.8322981366459627,0.5743055608537462,False,True,False,False,False,False,VAL 2022-26,40.25,0.04,False,1.61,6392598.38,2025-03-14,3970557.9999999995,,True,False
BON,2025-09-09,0.9545454967683444,28.0,True,False,False,sin 8-K,False,True,,1.1737541936125206,0.3521262580837562,0.1295681415746952,-0.0052083284826948,False,True,False,False,False,False,VAL 2022-26,3.009999990463257,1.0,False,3.01,,2025-09-09,,K,False,False
BOXL,2018-05-03,0.5498652574412304,82.0,False,False,True,sin 8-K,True,False,159774158880.0,-1.2500000000000004,0.2656521621188104,0.5130434782608695,0.2256902887181844,False,True,False,True,True,False,DEV 2015-21,16560.0,0.0006944444444444,False,11.499999999999998,110954277.0,2018-05-03,9648198.000000002,,False,True
BOXL,2025-09-22,2.884615460378466,82.0,True,False,False,8-K otros items,True,False,579567574.448822,-1.25,0.2028712947462792,0.674917435656186,0.400419296805482,False,False,False,False,False,False,VAL 2022-26,218.16000366210932,0.0277777777777777,False,6.06,16099099.290245056,2025-09-22,2656617.0445948937,S,True,False
BOXL,2026-01-21,0.7439999898274741,82.0,True,False,True,sin 8-K,True,False,74703005.68426704,0.5171253465879482,0.1551376039763844,0.1605504888164186,0.0824175469086367,False,True,False,True,True,False,VAL 2022-26,13.079999923706056,0.1666666666666666,False,2.18,12450500.94737784,2026-01-21,5711238.966687082,,False,False
BOXL,2026-08-12,0.5580204618468847,82.0,True,False,False,8-K con acuerdo (1.01),True,False,3046649.083188534,-1.2500000000000009,-0.7339868098382838,1.166484166342943,0.1359593024629639,False,False,False,False,False,True,VAL 2022-26,4.565000057220459,1.0,False,4.565,3046649.083188534,2026-08-12,667393.0083655057,F,True,False
BRFH,2024-04-25,0.6699029867830457,20.0,True,False,False,sin 8-K,True,False,24952291.535052776,-0.2271318259272715,-0.0681395477781814,0.273255826042045,0.2252747659420641,False,True,False,False,False,True,VAL 2022-26,1.7200000286102295,1.0,False,1.7200000286102295,24952291.535052776,2024-04-25,14507146.0,,False,False
BRIA,2025-09-04,0.8867187623691282,23.0,False,True,False,sin 8-K,False,True,120749998.09265137,0.4359557205519648,0.1307867161655894,0.0248446971955655,0.2939759037528922,False,True,False,True,True,False,VAL 2022-26,4.829999923706055,1.0,False,4.83,120749998.09265137,2025-09-04,24999999.605103802,O,False,False
BRN,2020-06-23,1.4358974946791392,13.0,False,False,False,sin 8-K,True,False,15726603.802657127,0.9315788758208318,0.2794736627462495,0.1052631215705761,0.0148148004246676,False,True,False,False,False,True,DEV 2015-21,1.899999976158142,1.0,False,1.899999976158142,15726603.802657127,2020-06-23,8277160.0,,False,True
BRNX,2024-08-30,1.2015503875968991,34.0,True,False,False,sin 8-K,False,True,,-1.2500000000000004,-0.1015492957746478,0.767605633802817,0.2064516129032258,False,True,False,False,False,False,VAL 2022-26,1491.0,0.0009523809523809,False,1.42,,2024-08-30,,R,False,False
BSIN,2020-09-29,2.9884256614763163,13.0,True,True,False,8-K con acuerdo (1.01),True,False,24117760.77924347,1.990268879707736,0.5970806639123208,0.0777713399993491,0.2614475606961935,True,False,False,True,False,True,DEV 2015-21,17.229999542236328,1.0,False,17.229999542236328,24117760.77924347,2020-09-29,1399754.0,O,True,False
BSIN,2022-03-08,0.5870252310981416,13.0,True,False,False,sin 8-K,True,False,46903297.78129292,-1.25,0.2562013629651266,0.3878365350833781,0.0394021680152541,False,True,False,False,False,False,VAL 2022-26,10.029999732971191,1.0,False,10.029999732971191,46903297.78129292,2022-03-08,4676301.000000001,,True,False
BSIN,2025-06-13,0.7957746685792761,13.0,True,False,False,sin 8-K,True,False,86243596.83728814,0.4111110072250181,0.1233333021675054,0.0784313927151436,0.2217194575017272,True,True,False,False,False,False,VAL 2022-26,2.549999952316284,1.0,False,2.549999952316284,86243596.83728814,2025-06-13,33821019.0,,False,False
BTBD,2022-01-24,0.5397082869392791,58.0,False,True,False,sin 8-K,False,False,24500522.49255896,0.5807018039189114,0.1742105411756734,0.0315789803903854,0.0225806243213722,False,True,False,True,True,True,VAL 2022-26,3.799999952316284,1.0,False,3.799999952316284,24500522.49255896,2022-01-24,6447506.000000001,,False,False
BTBD,2024-01-09,0.5550870413215101,58.0,False,False,False,sin 8-K,False,False,18426048.39783812,0.3960453201114204,0.1188135960334261,0.033898272208872,0.0622567515829556,False,True,False,False,False,True,VAL 2022-26,2.950000047683716,1.0,False,2.950000047683716,18426048.39783812,2024-01-09,6246118.000000001,,False,True
BTBD,2025-09-03,1.1378377690465027,58.0,True,False,False,sin 8-K,False,False,24341932.950431824,0.746270518466077,0.223881155539823,0.1378002747932418,0.0528053093536173,False,True,False,False,False,True,VAL 2022-26,3.954999923706055,1.0,False,3.955,24341932.950431824,2025-09-03,6154723.8812722685,,False,False
BTCT,2021-10-26,0.5263157894736843,61.0,True,True,True,sin 8-K,False,True,,0.1390804597701149,0.0417241379310344,0.1896551724137931,0.2363636363636363,False,True,False,True,True,False,DEV 2015-21,348.0,0.05,False,17.400000000000002,,2021-10-26,,,False,False
BTCT,2023-09-29,1.704433422902771,61.0,True,False,False,sin 8-K,False,True,,1.1263508968071076,0.3379052690421322,0.0491804133005784,-0.2011173973108515,False,True,False,False,False,False,VAL 2022-26,5.489999771118164,1.0,False,5.489999771118164,,2023-09-29,,,False,False
BTCT,2024-11-12,0.8730158039351554,61.0,False,False,False,sin 8-K,False,True,15563972.748167038,-1.25,-1.2345763700709105,2.6016950753529025,-0.6809523446219308,False,True,False,False,False,True,VAL 2022-26,4.71999979019165,1.0,False,4.72,15563972.748167038,2024-11-12,3297451.85342522,,True,True
BTCT,2026-06-30,0.6323529450435539,61.0,True,False,False,sin 8-K,False,True,10563842.38614142,0.8375375907516502,0.251261277225495,0.0,-0.1585365809336224,False,True,False,False,False,True,VAL 2022-26,1.1100000143051147,1.0,False,1.11,10563842.38614142,2026-06-30,9516975.122649927,,False,False
BTCT,2026-08-20,0.8333333451596521,61.0,True,False,False,sin 8-K,False,True,,0.1181816774388518,0.0354545032316555,0.1688311668205551,0.2244898207432918,False,True,False,False,False,False,VAL 2022-26,1.5399999618530271,1.0,False,1.54,,2026-08-20,,,False,False
BTTC,2025-12-11,1.6998490662982002,73.0,False,True,True,sin 8-K,False,True,69126397.5268364,1.7655493581523083,0.5296648074456926,0.122905073174526,0.3325242533042385,False,True,False,True,True,False,VAL 2022-26,8.949999809265137,1.0,False,8.95,69126397.5268364,2025-12-11,7723619.8354007155,,False,False
BTTC,2026-01-20,0.6176470134497527,73.0,False,True,True,sin 8-K,False,True,21239955.0,0.4030301758737275,0.1209090527621182,0.2072727029973811,0.0167364847346775,False,True,False,True,True,True,VAL 2022-26,2.75,1.0,False,2.75,21239955.0,2026-01-20,7723620.0,F,False,False
BULL,2025-04-14,1.0860376897847877,62.0,False,True,False,sin 8-K,False,True,,-1.2500000000000002,-1.2856875150089846,1.878437022990314,0.3497615177473176,False,True,False,True,True,False,VAL 2022-26,27.63999938964844,1.0,False,27.64,,2025-04-14,,O,False,False
BVC,2024-10-16,4.844155988920038,62.0,False,False,False,sin 8-K,False,True,,-1.2500000000000009,-0.2100000211927626,0.4444444444444444,0.4111111091488183,False,True,False,False,False,False,VAL 2022-26,2.25,1.0,False,2.25,,2024-10-16,,,False,True
BVC,2025-02-24,2.8000001833989137,62.0,False,False,False,sin 8-K,False,True,,1.1002699374477818,0.3300809812343345,0.085020257374301,-0.0674846715502495,False,True,False,False,False,False,VAL 2022-26,2.470000028610229,1.0,False,2.470000028610229,,2025-02-24,,,False,True
BVC,2025-09-09,3.499999864534904,62.0,False,False,False,sin 8-K,False,True,474457504.57048416,-0.1006733358042167,-0.030202000741265,0.0202020007412651,0.2937293316466202,False,True,False,False,False,False,VAL 2022-26,2.970000028610229,1.0,False,2.970000028610229,474457504.57048416,2025-09-09,159750000.00000003,,False,True
BWEN,2020-04-28,0.5611511500909292,33.0,True,False,False,sin 8-K,False,False,35504612.48828888,0.7961598495802222,0.2388479548740666,0.0368663229923398,0.0122699269846756,False,True,False,False,False,False,DEV 2015-21,2.1700000762939453,1.0,False,2.1700000762939453,35504612.48828888,2020-04-28,16361572.0,,False,False
BWEN,2023-01-11,0.5973450930660598,33.0,True,False,False,sin 8-K,False,False,74630484.4812882,-1.2500000000000009,-0.2426869635953311,0.3850415914949157,0.0089887558578643,False,True,False,False,False,False,VAL 2022-26,3.609999895095825,1.0,False,3.609999895095825,74630484.4812882,2023-01-11,20673265.0,,False,False
BWMN,2026-08-10,0.5552698929881437,87.0,True,False,False,8-K con acuerdo (1.01),False,False,734158906.7481079,-0.0388429513849918,-0.0116528854154975,0.0035419487906374,0.001178671363007,False,False,False,False,False,False,VAL 2022-26,42.34999847412109,1.0,False,42.35,734158906.7481079,2026-08-10,17335511.375398062,R,False,False
BYAH,2026-06-12,1.7333333484710214,28.0,True,False,False,sin 8-K,False,True,,1.5926828255211232,0.4778048476563369,0.268292770051834,-0.0068027144684555,False,True,False,False,False,False,VAL 2022-26,22.959999084472656,0.125,False,2.87,,2026-06-12,,H,False,False
BYFC,2020-06-19,1.211764638234177,60.0,False,False,False,sin 8-K,True,False,,-1.2500000000000004,0.1096808640492238,0.9228723503753792,0.1027190090776254,False,True,False,False,False,False,DEV 2015-21,30.07999992370605,0.125,False,3.759999990463257,,2020-06-19,,,False,True
BYRN,2020-06-10,1.7580646625046472,36.0,False,False,False,sin 8-K,True,False,2133956141.0046573,1.1362572838500928,0.3408771851550278,0.1403508517538405,-0.2162161744189503,False,True,False,False,False,False,DEV 2015-21,17.100000381469727,0.1,False,1.7100000381469729,213395614.10046577,2020-06-10,124792753.99999999,,False,True
BYSI,2021-08-04,1.9179646986017824,28.0,True,False,False,sin 8-K,False,True,,0.146975140821946,0.0440925422465837,0.0676156438696424,0.1835966581931495,False,True,False,False,False,False,DEV 2015-21,28.100000381469727,1.0,False,28.100000381469727,,2021-08-04,,B,False,False
BZAI,2025-07-18,0.7524752451875445,36.0,False,True,True,8-K solo nota de prensa (7.01/8.01),True,False,539941588.1415997,0.2805398652780857,0.0841619595834257,0.0244821310436529,0.0249480014525193,False,False,True,True,False,False,VAL 2022-26,5.309999942779541,1.0,False,5.31,539941588.1415997,2025-07-18,101683914.90425606,K,False,False
BZFD,2026-05-12,1.3287671277616546,48.0,False,False,False,8-K con acuerdo (1.01),True,False,,0.5745099084187515,0.1723529725256254,0.0588234716633215,0.0575539883011947,False,False,False,False,False,False,VAL 2022-26,1.7000000476837158,1.0,False,1.7,,2026-05-12,,R,False,True
CAAS,2020-11-30,0.95822458208895,37.0,False,False,False,sin 8-K,False,False,,-1.2500000000000004,-0.41,0.3999999999999999,0.1733333042689732,False,True,False,False,False,False,DEV 2015-21,7.5,1.0,False,7.5,,2020-11-30,,,False,True
CADL,2023-12-12,0.5535097772535373,28.0,True,False,False,8-K solo nota de prensa (7.01/8.01),True,False,39041744.189502,0.8061729070962581,0.2418518721288774,0.0814814906388479,-0.1782178895612083,True,False,True,False,False,False,VAL 2022-26,1.350000023841858,1.0,False,1.350000023841858,39041744.189502,2023-12-12,28919810.0,B,False,False
CADL,2024-12-11,1.721908887696164,28.0,True,False,False,8-K solo nota de prensa (7.01/8.01),True,False,407503049.1778221,1.2412390307442662,0.3723717092232798,0.1635320362511754,-0.2645161536432082,False,False,True,False,False,False,VAL 2022-26,12.54800033569336,1.0,False,12.548,407503049.1778221,2024-12-11,32475537.86880954,B,False,False
CAMP,2025-09-10,0.5427135268996659,28.0,False,False,False,8-K con acuerdo (1.01),True,False,61894492.76410317,0.2706840146345003,0.08120520439035,0.2052117681238701,0.0035842260214997,False,False,False,False,False,False,VAL 2022-26,3.069999933242798,1.0,False,3.07,61894492.76410317,2025-09-10,20161072.561597124,F,False,True
CANF,2019-10-17,0.5948275862068966,28.0,True,False,True,sin 8-K,False,True,,1.047747747747748,0.3143243243243243,0.0810810810810811,-0.064,True,True,False,True,False,False,DEV 2015-21,740.0,0.005,False,3.7000000000000006,,2019-10-17,,H,False,False
CANF,2021-03-16,1.0392156862745097,28.0,True,False,True,sin 8-K,False,True,385856193216.0,0.9602564102564104,0.288076923076923,0.0552884615384614,0.1095890410958904,False,True,False,True,True,False,DEV 2015-21,832.0,0.005,False,4.160000000000001,1929280966.0800004,2021-03-16,463769463.0,K,False,False
CANF,2021-12-20,0.889763779527559,28.0,True,False,False,sin 8-K,False,True,,0.3138888888888889,0.0941666666666666,0.0833333333333332,0.3209302325581395,False,True,False,False,False,False,DEV 2015-21,480.0,0.005,False,2.4000000000000004,,2021-12-20,,H,False,False
CANF,2026-03-04,0.731999969482422,28.0,True,False,True,sin 8-K,False,True,22675560.10046005,0.9828329149353328,0.2948498744805998,0.2009237646393415,0.2358804120918616,False,True,False,True,True,True,VAL 2022-26,8.65999984741211,1.0,False,8.66,22675560.10046005,2026-03-04,2618424.953863747,B,True,False
CANF,2026-07-01,0.6902356675314758,28.0,True,True,True,sin 8-K,False,True,13144493.450057508,0.2256307224219123,0.0676892167265736,0.1912350680865522,0.1555075617308426,False,True,False,True,True,True,VAL 2022-26,5.019999980926514,1.0,False,5.02,13144493.450057508,2026-07-01,2618424.9900512965,B,True,False
CAPR,2019-07-15,1.2204969042976723,28.0,True,False,False,8-K solo nota de prensa (7.01/8.01),True,False,240678627.1101961,0.3955711254185969,0.118671337625579,0.2377622746052472,0.0369181409902614,False,False,True,False,False,False,DEV 2015-21,7.150000095367432,1.0,False,7.150000095367432,240678627.1101961,2019-07-15,33661346.0,B,False,False
CAPR,2020-04-29,1.1493774455834345,28.0,True,False,True,sin 8-K,True,False,46146059.55075359,-1.2499999999999998,-0.6509266953057405,1.1389961951523335,0.1764705882352941,False,True,False,True,True,False,DEV 2015-21,5.179999828338623,1.0,False,5.179999828338623,46146059.55075359,2020-04-29,8908506.0,,False,False
CAPR,2025-12-03,3.7169810330526873,28.0,True,False,False,8-K solo nota de prensa (7.01/8.01),False,False,1371554250.0,-1.2500000000000004,-0.0086666361490885,0.3456666310628256,0.1522029240750441,True,False,True,False,False,False,VAL 2022-26,30.0,1.0,False,30.0,1371554250.0,2025-12-03,45718475.0,B,False,False
CAPS,2025-05-16,0.6626506300965114,50.0,False,True,False,sin 8-K,False,False,14325092.71050191,0.341062734119199,0.1023188202357597,0.1920289758047468,0.1469388271460469,False,True,False,True,True,True,VAL 2022-26,2.759999990463257,1.0,False,2.76,14325092.71050191,2025-05-16,5190250.98206591,,False,False
CAPS,2025-08-25,0.6999999674883763,50.0,False,True,True,sin 8-K,False,False,10436853.37661326,0.2518715975283601,0.075561479258508,0.1069518331360643,0.1695906868964594,False,True,False,True,True,True,VAL 2022-26,1.870000004768372,1.0,False,1.87,10436853.37661326,2025-08-25,5581205.014231689,,False,False
CAST,2026-06-15,2.1225808396671924,73.0,False,False,False,sin 8-K,False,False,,0.7173554533223726,0.2152066359967117,0.0227272010763119,0.0,True,True,False,False,False,False,VAL 2022-26,4.840000152587891,1.0,False,4.84,,2026-06-15,,,False,True
CATX,2021-01-06,2.283018677800784,28.0,True,True,True,sin 8-K,False,False,1198821328.317583,0.5796934634905145,0.1739080390471543,0.1494253125558022,0.0492957618779969,False,True,False,True,True,False,DEV 2015-21,17.399999618530273,0.1,False,1.7399999618530275,119882132.83175832,2021-01-06,68897779.0,,False,False
CBAT,2020-09-25,1.5925925468057605,36.0,False,False,False,sin 8-K,False,False,,0.966666621253604,0.2899999863760812,0.0714285714285714,-0.0734694135730234,False,True,False,False,False,False,DEV 2015-21,3.5,1.0,False,3.5,,2020-09-25,,,False,True
CCCC,2023-12-12,0.5423729943667546,28.0,True,False,False,8-K con acuerdo (1.01),False,False,89691506.30489373,-1.2500000000000004,-0.2957142015005043,0.4835164669616376,-1.3547010388835246,True,False,False,False,False,False,VAL 2022-26,1.820000052452088,1.0,False,1.820000052452088,89691506.30489373,2023-12-12,49281045.999999985,K,False,False
CCG,2024-02-14,1.0628930204611868,64.0,False,False,False,sin 8-K,False,True,,-1.2500000000000009,0.265914627830412,0.5243902571991326,-0.2126316271330181,False,True,False,False,False,False,VAL 2022-26,6.559999942779541,1.0,False,6.559999942779541,,2024-02-14,,,False,True
CCHH,2026-06-11,1.933525868966804,58.0,False,False,False,sin 8-K,False,True,,1.5922824286706392,0.4776847286011917,0.004926127351136,0.0365383821831623,False,True,False,False,False,False,VAL 2022-26,10.149999618530272,0.1,False,1.015,,2026-06-11,,,False,True
CCTG,2024-10-24,0.5000000548088699,36.0,False,False,False,sin 8-K,False,True,,0.2220945045681486,0.0666283513704446,0.214559398452943,0.0041493933563011,False,True,False,False,False,False,VAL 2022-26,26.100000381469727,0.1,False,2.61,,2024-10-24,,,False,True
CCTG,2025-11-05,1.0239519576591465,36.0,True,True,False,sin 8-K,False,True,,2.079092663325007,0.6237277989975021,0.0,0.3182552906006615,False,True,False,True,True,False,VAL 2022-26,16.899999618530273,0.1,False,1.6897,,2025-11-05,,,False,False
CD,2019-05-21,0.6967213028254478,61.0,False,False,False,sin 8-K,False,True,6790559741.217771,0.1599035468979893,0.0479710640693968,0.043478323967111,0.2205126997516852,False,True,False,False,False,False,DEV 2015-21,4.599999904632568,0.45,False,2.069999957084656,3055751883.547997,2019-05-21,1476208669.9999998,,False,True
CDIO,2023-02-28,1.831460766195057,28.0,False,True,False,sin 8-K,True,False,1078971870.7183456,0.2576719986086783,0.0773015995826035,0.0582010439621989,-0.9130434782608696,False,True,False,True,True,False,VAL 2022-26,113.4000015258789,0.0333333333333333,False,3.7800000508626304,35965729.023944855,2023-02-28,9514743.0,,False,False
CDLX,2024-03-15,0.5271839014086463,73.0,True,False,False,8-K con acuerdo (1.01),False,False,4906768250.0,-0.5666666666666668,-0.17,0.1799999999999999,0.099310302734375,False,False,False,False,False,False,VAL 2022-26,125.0,0.1,False,12.5,490676825.0,2024-03-15,39254146.0,R,False,False
CDT,2023-10-04,0.6645962732919255,28.0,False,True,True,sin 8-K,True,False,,1.6665008291873962,0.4999502487562188,0.0883084577114428,0.2106598984771573,False,True,False,True,True,False,VAL 2022-26,24120000.0,3.3333333333333335e-07,False,8.040000000000001,,2023-10-04,,,False,False
CDT,2025-02-07,0.7225806451612904,28.0,True,True,True,sin 8-K,True,False,8238122637300.0,-1.25,-0.0774157303370786,0.3857677902621723,0.3614035087719298,False,True,False,True,True,False,VAL 2022-26,80100.0,3.3333333333333335e-05,False,2.67,274604087.91,2025-02-07,102847973.00000001,,False,False
CDT,2025-09-17,0.557632398753894,28.0,True,True,True,sin 8-K,True,False,6124050000.0,0.3033333333333334,0.091,0.1799999999999999,0.2369299221357063,True,True,False,True,False,False,VAL 2022-26,2000.0,0.0005,False,1.0,3062025.0,2025-09-17,3062025.0,,True,False
CDT,2026-06-18,0.9336219264730844,28.0,True,True,True,sin 8-K,True,False,65102785.946661,-1.2500000000000009,0.2288059627136106,0.3432836203300027,-0.4705882627933775,False,True,False,True,True,False,VAL 2022-26,13.399999618530272,0.1,False,1.34,6510278.594666101,2026-06-18,4858416.86169112,,True,False
CDXS,2026-03-12,0.5196850208926016,28.0,True,False,False,8-K otros items,False,False,175377838.80371296,0.3466319782036823,0.1039895934611047,0.1036270322945385,0.0584795448017779,False,False,False,False,False,False,VAL 2022-26,1.9299999475479128,1.0,False,1.93,175377838.80371296,2026-03-12,90869346.53042123,R,False,False
CELC,2021-04-09,0.5429768886266377,80.0,True,True,True,8-K con acuerdo (1.01),False,False,227514284.3338604,0.039130365926161,0.0117391097778483,0.0982789893021756,-0.2935185203990491,False,False,False,True,False,False,DEV 2015-21,22.07999992370605,1.0,False,22.07999992370605,227514284.3338604,2021-04-09,10304089.000000002,H,False,False
CELC,2025-07-28,2.337690454364504,80.0,True,False,False,8-K solo nota de prensa (7.01/8.01),True,False,1739098421.677002,0.6317376234125693,0.1895212870237708,0.0100086834994752,-0.0464799957031516,False,False,True,False,False,False,VAL 2022-26,45.959999084472656,1.0,False,45.96,1739098421.677002,2025-07-28,37839391.2462359,B,False,False
CELZ,2022-03-23,1.0294117647058822,28.0,False,False,False,sin 8-K,True,False,224757943.5,0.3048309178743962,0.0914492753623188,0.1304347826086955,-0.0451613395444808,False,True,False,False,False,False,VAL 2022-26,34.5,0.1,False,3.45,22475794.35,2022-03-23,6514723.0,,False,True
CELZ,2023-02-08,1.648366553849923,28.0,True,False,False,sin 8-K,True,False,192844567.5151692,0.769586432281825,0.2308759296845474,0.0364963508730749,0.1603845508423053,False,True,False,False,False,False,VAL 2022-26,13.699999809265137,0.1,False,1.3699999809265138,19284456.75151692,2023-02-08,14076246.000000004,,False,False
CELZ,2023-04-12,1.603305781867105,28.0,True,False,False,sin 8-K,True,False,177360604.16965866,0.98518525526707,0.295555576580121,0.0555555387359032,0.2571428571428571,False,True,False,False,False,False,VAL 2022-26,12.600000381469728,0.1,False,1.2600000381469727,17736060.41696587,2023-04-12,14076238.000000002,,False,False
CELZ,2024-03-07,0.6743696233106842,28.0,True,False,False,sin 8-K,True,False,11015543.930018423,0.6651190478540902,0.199535714356227,0.2899875382165249,0.0079365379716013,True,True,False,False,False,True,VAL 2022-26,7.96999979019165,1.0,False,7.96999979019165,11015543.930018423,2024-03-07,1382125.9999999998,,True,False
CELZ,2026-06-30,2.2214267742718623,28.0,True,False,False,sin 8-K,False,False,9648303.092204094,-1.2500000000000009,0.4344444038452807,0.8083909275606682,0.1241379729916154,False,True,False,False,False,True,VAL 2022-26,2.609999895095825,1.0,False,2.61,9648303.092204094,2026-06-30,3696667.851419193,,True,False
CELZ,2026-08-06,0.7045454423924848,28.0,True,True,False,sin 8-K,False,False,4214201.46711874,-1.2500000000000004,-0.0187719215690703,0.5350877385610582,-0.2347825969775365,True,True,False,True,False,True,VAL 2022-26,1.1399999856948853,1.0,False,1.14,4214201.46711874,2026-08-06,3696667.95361293,,True,False
CENN,2020-04-27,1.5556471558120362,37.0,True,False,True,sin 8-K,False,True,,1.203225806451613,0.3609677419354838,0.1935483870967742,0.1991025641025641,False,True,False,True,True,False,DEV 2015-21,111600.0,1.1111111111111112e-05,False,1.24,,2020-04-27,,,False,False
CETX,2020-01-15,0.6440677966101696,17.0,True,True,True,sin 8-K,True,False,96844753876500.0,-1.25,0.0518556701030927,0.4175257731958763,-0.3791208791208791,False,True,False,True,True,False,DEV 2015-21,21388500.0,9.0702947845805e-08,False,1.94,8784104.66,2020-01-15,4527889.0,,True,False
CETX,2020-01-16,0.7582417582417582,17.0,True,True,True,8-K solo nota de prensa (7.01/8.01),True,False,159743923920000.0,0.6854166666666667,0.205625,0.0343750566893423,0.1952191235059761,False,False,True,True,False,False,DEV 2015-21,35280000.0,9.0702947845805e-08,False,3.2,14489244.8,2020-01-16,4527889.0,H,True,False
CETX,2020-06-01,1.6504751847940864,17.0,True,False,True,sin 8-K,True,False,271398005077500.0,-0.1262948207171314,-0.0378884462151394,0.2669322709163346,0.3023255813953488,False,True,False,True,True,False,DEV 2015-21,27672750.0,9.0702947845805e-08,False,2.51,24616599.1,2020-06-01,9807410.000000002,,False,False
CETX,2021-03-10,0.8682634730538923,17.0,True,False,False,sin 8-K,True,False,618069352446000.0,-1.25,0.1694871794871794,0.3461538461538462,0.17578125,False,True,False,False,False,False,DEV 2015-21,34398000.0,9.0702947845805e-08,False,3.12,56060712.24,2021-03-10,17968177.0,,False,False
CETX,2025-12-08,1.6482085026493505,17.0,True,False,False,sin 8-K,True,False,461636295.2284393,0.4094712032127164,0.1228413609638149,0.1931118863334744,0.3631205457322141,False,True,False,False,False,False,VAL 2022-26,81.30000305175781,0.1,False,8.13,46163629.52284393,2025-12-08,5678183.213141934,,False,False
CETX,2026-04-07,1.116834208633029,17.0,True,True,True,sin 8-K,True,False,116461524.1865902,0.7480713498545566,0.2244214049563669,0.0326409035376278,0.1627906581314045,False,True,False,True,True,False,VAL 2022-26,16.850000381469727,0.1,False,1.685,11646152.41865902,2026-04-07,6911663.156474195,,False,False
CETY,2025-11-25,0.607476583453016,49.0,True,False,False,sin 8-K,True,False,8914796.26828742,-1.2500000000000004,-0.3588371480536381,0.7325581218050006,0.1120689646313221,False,True,False,False,False,True,VAL 2022-26,1.7200000286102295,1.0,False,1.72,8914796.26828742,2025-11-25,5183021.086213617,,False,False
CGEN,2023-12-19,1.7808218059586354,28.0,True,False,False,sin 8-K,False,True,,0.0159277041257493,0.0047783112377248,0.2118226959692108,0.074999988079071,False,True,False,False,False,False,VAL 2022-26,2.0299999713897705,1.0,False,2.0299999713897705,,2023-12-19,,K,False,False
CGTX,2024-12-18,1.5274724022315191,28.0,True,False,True,8-K solo nota de prensa (7.01/8.01),True,False,47780193.25941861,1.6188405932310477,0.4856521779693142,0.121739120519454,-0.0931034854844701,False,False,True,True,False,False,VAL 2022-26,1.149999976158142,1.0,False,1.15,47780193.25941861,2024-12-18,41547994.13862488,O,False,False
CHAI,2021-12-07,0.7028985507246377,48.0,False,False,False,sin 8-K,False,True,,-1.25,0.0112765957446808,0.5319148936170213,0.0695652173913043,False,True,False,False,False,False,DEV 2015-21,2368800.0,1.984126984126984e-06,False,4.7,,2021-12-07,,K,False,True
CHAI,2024-05-22,0.625,48.0,True,True,True,sin 8-K,False,True,1601857296.0,1.3598290308475045,0.4079487092542512,0.2615384267605947,0.1497797633207247,True,True,False,True,False,False,VAL 2022-26,2808.0,0.0013888888888888,False,3.9,2224801.8000000003,2024-05-22,570462.0000000001,,True,False
CHAI,2024-10-21,1.623762277140012,48.0,True,True,True,sin 8-K,False,True,,0.985534639178582,0.2956603917535745,0.1018868212429982,0.3206521598287698,False,True,False,True,True,False,VAL 2022-26,106.0,0.025,False,2.6500000000000004,,2024-10-21,,,False,False
CHAI,2025-02-26,0.9971427917480468,48.0,True,True,True,sin 8-K,False,True,22025013.9588089,1.3114448198201272,0.3934334459460381,0.0,0.2853717111386871,False,True,False,True,True,True,VAL 2022-26,27.959999084472656,0.25,False,6.989999771118164,5506253.489702225,2025-02-26,787733.0,H,True,False
CHAI,2025-05-09,0.6836734122904289,48.0,True,False,True,sin 8-K,False,True,5199037.724875927,-0.0737373357889002,-0.02212120073667,0.2121212296358923,0.1616766394400732,False,True,False,True,True,True,VAL 2022-26,6.599999904632568,0.25,False,1.649999976158142,1299759.4312189815,2025-05-09,787732.9999999999,,True,False
CHAI,2026-06-09,3.3536584931495,48.0,True,False,False,sin 8-K,False,True,71122973.81003618,1.5633052762967516,0.4689915828890255,0.1344538561534534,0.2634408633162319,False,True,False,False,False,False,VAL 2022-26,3.569999933242798,1.0,False,3.57,71122973.81003618,2026-06-09,19922401.627461117,,False,False
CHCI,2020-04-15,0.9312499175779534,65.0,False,False,False,sin 8-K,False,False,24402038.32218647,-1.2500000000000004,0.1615210311040578,1.0258900979823231,0.0937500058207662,False,True,False,False,False,True,DEV 2015-21,3.0899999141693115,1.0,False,3.0899999141693115,24402038.32218647,2020-04-15,7897100.0,,False,True
CHCI,2021-02-09,2.1848341821298827,65.0,False,False,False,sin 8-K,False,False,,1.2216268908539345,0.3664880672561802,0.1696429135290555,0.2100238907931395,False,True,False,False,False,False,DEV 2015-21,13.4399995803833,1.0,False,13.4399995803833,,2021-02-09,,,False,True
CHEF,2020-03-19,0.9416666545249794,51.0,False,False,False,8-K otros items,False,False,212030368.1872387,0.987172120437837,0.2961516361313511,0.0600858497920608,-0.1422680558326181,False,False,False,False,False,False,DEV 2015-21,6.989999771118164,1.0,False,6.989999771118164,212030368.1872387,2020-03-19,30333387.0,F,False,True
CHGA,2019-01-28,0.6501182033096926,73.0,True,False,False,sin 8-K,True,False,1529473325940.0,-1.2500000000000004,-0.002836676217765,0.3252148997134669,0.1096681096681096,False,True,False,False,False,False,DEV 2015-21,20940.0,0.0003333333333333,False,6.980000000000001,509824441.9800001,2019-01-28,73040751.0,,False,False
CHGA,2024-11-05,0.8348213916986567,73.0,True,False,False,sin 8-K,True,False,912792660.9116516,0.3802918624058137,0.1140875587217441,0.1411193009024034,0.1555555661519368,False,True,False,False,False,False,VAL 2022-26,82.19999694824219,0.05,False,4.1099998474121096,45639633.045582585,2024-11-05,11104534.0,,False,False
CHGA,2024-12-06,1.375939844232719,73.0,True,False,False,sin 8-K,True,False,138309536.06964874,1.127004205401889,0.3381012616205666,0.0363923925521416,0.0169903094654581,False,True,False,False,False,False,VAL 2022-26,126.4000015258789,0.05,False,6.320000076293946,6915476.8034824375,2024-12-06,1094221.0,,True,False
CHGA,2026-02-26,1.3622047598862048,73.0,True,False,False,8-K con acuerdo (1.01),True,False,102048216.0,0.2722223281860352,0.0816666984558105,0.0583333174387614,-0.3669724899072381,False,False,False,False,False,False,VAL 2022-26,24.0,0.05,False,1.2000000000000002,5102410.800000001,2026-02-26,4252009.0,F,True,False
CHNR,2020-06-12,4.06315773411801,10.0,True,False,False,sin 8-K,False,True,4792860086.355835,2.281288962190295,0.6843866886570885,0.2557173272754987,-0.1496598529122781,False,True,False,False,False,False,DEV 2015-21,192.3999938964844,0.025,False,4.80999984741211,119821502.15889588,2020-06-12,24910916.0,,False,False
CHNR,2024-02-15,1.533980551061738,10.0,True,False,False,sin 8-K,False,True,174930482.32898903,-1.2500000000000009,-0.3395019801074856,2.390804880145331,0.4899135543709442,False,True,False,False,False,False,VAL 2022-26,20.8799991607666,0.125,False,2.609999895095825,21866310.29112363,2024-02-15,8377897.0,,False,False
CHNR,2026-03-19,0.5151515370448652,10.0,False,False,False,sin 8-K,False,True,6281940.0,0.3933332443237305,0.1179999732971191,0.1600000381469726,-0.0435779934408644,False,True,False,False,False,True,VAL 2022-26,5.0,1.0,False,5.0,6281940.0,2026-03-19,1256388.0,H,True,True
CHOW,2026-01-02,0.743421014578924,73.0,False,False,False,sin 8-K,False,True,37619397.96924591,0.8157230688581384,0.2447169206574415,0.0754717426734641,0.1265823052224003,False,True,False,False,False,False,VAL 2022-26,1.059999942779541,1.0,False,1.06,37619397.96924591,2026-01-02,35489998.08419425,,False,True
CHR,2023-04-18,1.3125,73.0,True,False,False,sin 8-K,False,True,113427129330.0,1.1678678678678678,0.3503603603603603,0.1261261261261261,0.0704225352112676,True,True,False,False,False,False,VAL 2022-26,1665.0,0.0006666666666666,False,1.11,75618086.22,2023-04-18,68124402.0,F,False,False
CHRN,2020-06-25,0.7935484199113743,35.0,True,True,True,sin 8-K,True,False,487343071.7163849,-1.2500000000000004,-0.3220503722988947,0.5755394663357547,-0.2021932774316206,False,True,False,True,True,False,DEV 2015-21,83.4000015258789,0.0666666666666666,False,5.560000101725261,32489538.11442566,2020-06-25,5843442.0,,False,False
CHRN,2025-12-30,0.6025640913675883,35.0,True,True,False,8-K solo nota de prensa (7.01/8.01),False,False,22953288.75,-1.2499999999999998,-0.2191428484235491,0.4514285496303014,0.1833648009804276,False,False,True,True,False,True,VAL 2022-26,8.75,1.0,False,8.75,22953288.75,2025-12-30,2623233.0,H,True,False
CHSN,2023-05-10,0.5283018867924529,20.0,False,True,False,sin 8-K,False,True,,0.7074074074074074,0.2122222222222222,0.2222222222222223,-0.0582010582010582,False,True,False,True,True,False,VAL 2022-26,19440.0,0.000125,False,2.43,,2023-05-10,,,False,False
CIIT,2026-06-10,1.6749998728434243,35.0,False,False,False,sin 8-K,True,False,813150837.6467361,-1.2499999999999998,0.4884423318758257,0.4485981997004808,0.0186335517780576,True,True,False,False,False,False,VAL 2022-26,32.099998474121094,0.1,False,3.21,81315083.76467362,2026-06-10,25331801.79584848,,False,True
CING,2023-02-24,0.5585586400890326,28.0,True,True,True,sin 8-K,False,False,4695668000.454346,0.294219790550831,0.0882659371652493,0.115606933017299,-0.0128205619358904,False,True,False,True,True,False,VAL 2022-26,415.2000122070313,0.0041666666666666,False,1.73000005086263,19565283.33522644,2023-02-24,11309412.0,,False,False
CING,2023-12-27,0.914141376436201,28.0,True,False,True,sin 8-K,True,False,852295464.301506,-1.2500000000000009,-0.0627704826305038,0.3456464683141496,-1.4611527508165387,False,True,False,True,True,False,VAL 2022-26,45.47999954223633,0.0833333333333333,False,3.7899999618530273,71024622.0251255,2023-12-27,18740006.0,,False,False
CING,2023-12-28,1.506265608250199,28.0,True,False,True,8-K otros items,True,False,2248800720.0,0.026666768391927,0.0080000305175781,0.2699999491373697,0.2209775466342223,True,False,False,True,False,False,VAL 2022-26,120.0,0.0833333333333333,False,10.0,187400060.0,2023-12-28,18740006.0,S,False,False
CIRC,2023-02-07,2.703703638293944,73.0,True,False,False,sin 8-K,True,False,950910320.0,0.7333333969116211,0.2200000190734863,0.1999999999999999,0.1103896007386641,False,True,False,False,False,False,VAL 2022-26,80.0,0.025,False,2.0,23772758.0,2023-02-07,11886379.0,,False,False
CIRC,2023-02-10,1.392857296937184,73.0,True,False,False,sin 8-K,True,False,955664889.737175,1.110945346808008,0.3332836040424023,0.0746268642553289,0.1893939421306081,False,True,False,False,False,False,VAL 2022-26,80.4000015258789,0.025,False,2.010000038146973,23891622.243429378,2023-02-10,11886379.0,,False,False
CIRC,2026-06-23,1.6818180771406026,73.0,True,True,True,sin 8-K,True,False,95925773.49601078,-1.25,-0.1371187305381986,0.5423729943667546,0.4135338750215226,False,True,False,True,True,False,VAL 2022-26,1.1799999475479126,1.0,False,1.1799999475479126,95925773.49601078,2026-06-23,81293032.0,,False,False
CISS,2026-05-18,0.6016392942334785,44.0,True,True,True,sin 8-K,False,True,,1.1369156087942065,0.3410746826382619,0.2405322490690498,0.1892744433941659,False,True,False,True,True,False,VAL 2022-26,195.3999938964844,0.025,False,4.885,,2026-05-18,,R,False,False
CJMB,2026-01-15,1.3482143778962137,73.0,False,False,False,sin 8-K,False,False,12158561.539063454,-1.2500000000000002,-0.6069580328926971,1.1330798058565752,0.0714285065527646,True,True,False,False,False,True,VAL 2022-26,2.630000114440918,1.0,False,2.63,12158561.539063454,2026-01-15,4623027.201164812,,True,True
CLGN,2018-10-22,0.587272782759233,38.0,False,False,False,sin 8-K,False,True,,0.967048631605944,0.2901145894817832,0.0,-0.0392798950215265,False,True,False,False,False,False,DEV 2015-21,87.30000305175781,0.1,False,8.730000305175782,,2018-10-22,,K,False,True
CLIK,2025-10-27,0.7214169910976576,73.0,False,False,False,sin 8-K,False,True,,0.0383846433628145,0.0115153930088443,0.1038354213211074,0.2772466620259379,True,True,False,False,False,False,VAL 2022-26,10.6899995803833,1.0,False,10.69,,2025-10-27,,R,False,True
CLIR,2020-06-16,0.9493670167878668,38.0,True,False,False,sin 8-K,True,False,411291809.2119885,-1.2500000000000002,-0.5489611266238009,1.1623376663588898,-0.0759493324521436,False,True,False,False,False,False,DEV 2015-21,15.399999618530272,0.1,False,1.5399999618530271,41129180.92119885,2020-06-16,26707261.000000007,,False,False
CLLS,2023-11-01,1.7938143899126824,28.0,True,False,True,sin 8-K,False,True,,0.0527674443511102,0.015830233305333,0.1033210211986666,-0.1401514662335636,True,True,False,True,False,False,VAL 2022-26,2.7100000381469727,1.0,False,2.7100000381469727,,2023-11-01,,K,False,False
CLPS,2018-06-15,0.5819671753112163,73.0,False,True,False,sin 8-K,False,True,,0.2257340344206934,0.067720210326208,0.2487047323396805,-0.2134832195103343,False,True,False,True,True,False,DEV 2015-21,9.649999618530272,1.0,False,9.649999618530272,,2018-06-15,,,False,False
CLPS,2021-02-17,1.718367231751126,73.0,True,False,False,sin 8-K,False,True,214362058.44873047,-1.2500000000000009,0.1761861560852728,0.4849850705575815,0.1420664151453332,False,True,False,False,False,False,DEV 2015-21,13.31999969482422,1.0,False,13.31999969482422,214362058.44873047,2021-02-17,16093247.999999998,,False,False
CLRB,2026-05-05,0.593639699811624,28.0,True,False,False,sin 8-K,True,False,19122982.76048851,0.9496674757038616,0.2849002427111585,0.0421285079248006,-0.1100628607814716,False,True,False,False,False,True,VAL 2022-26,4.510000228881836,1.0,False,4.51,19122982.76048851,2026-05-05,4240129.215185923,,True,False
CLRO,2023-05-09,0.7741935119999401,36.0,True,False,False,sin 8-K,True,False,790540311.0,0.05757591170494,0.017272773511482,0.0318181586988044,0.0373831436957311,False,True,False,False,False,False,VAL 2022-26,33.0,0.0666666666666666,False,2.2,52702687.4,2023-05-09,23955766.999999996,,False,False
CLRO,2024-03-12,0.8351648305582691,36.0,True,False,False,8-K solo nota de prensa (7.01/8.01),True,False,600215115.9194489,-1.2499999999999998,-0.2435329564727039,0.4850300158054867,0.029126201606506,False,False,True,False,False,False,VAL 2022-26,25.049999237060547,0.0666666666666666,False,1.6699999491373698,40014341.06129659,2024-03-12,23960684.0,O,False,False
CLRO,2025-07-01,1.1739130434782608,36.0,False,False,False,8-K solo nota de prensa (7.01/8.01),True,False,324912437.5,0.5053334554036458,0.1516000366210937,0.2336000061035157,0.0696564479124541,False,False,True,False,False,False,VAL 2022-26,12.5,1.0,False,12.5,324912437.5,2025-07-01,25992995.0,O,False,True
CLRO,2026-08-06,2.1766302631305305,36.0,True,False,False,8-K con acuerdo (1.01),True,False,31275565.157352448,0.5055886676620014,0.1516766002986004,0.0684345782250774,-0.0377550896283541,False,False,False,False,False,False,VAL 2022-26,11.6899995803833,1.0,False,11.685,31275565.157352448,2026-08-06,2676556.710085789,F,True,False
CLSK,2020-04-09,2.1531531125169217,61.0,True,False,False,sin 8-K,True,False,16716413.0,1.5380952153887069,0.461428564616612,0.1857143129621232,0.0540540662449235,False,True,False,False,False,True,DEV 2015-21,3.5,1.0,False,3.5,16716413.0,2020-04-09,4776118.0,,True,False
CLWT,2019-03-28,1.3263473594606316,50.0,False,False,False,sin 8-K,False,True,16021032.890672209,-1.2500000000000009,0.1084041285138127,0.5096524544441008,0.1985401682406818,False,True,False,False,False,True,DEV 2015-21,7.769999980926514,1.0,False,7.769999980926514,16021032.890672209,2019-03-28,2061909.0000000002,,True,True
CLWT,2022-08-10,0.5136986167150361,50.0,False,False,False,sin 8-K,False,True,17088012.014957428,0.253242916954531,0.0759728750863593,0.1990950450794506,0.0742574146408365,False,True,False,False,False,True,VAL 2022-26,2.2100000381469727,1.0,False,2.2100000381469727,17088012.014957428,2022-08-10,7732132.0,,False,True
CLWT,2026-06-17,1.0499999503294646,50.0,False,False,False,sin 8-K,False,True,18319649.804080963,1.1726286882029069,0.351788606460872,0.0894309045523216,-0.2165604476498497,False,True,False,False,False,True,VAL 2022-26,2.4600000381469727,1.0,False,2.46,18319649.804080963,2026-06-17,7447012.115480066,,False,True
CLYM,2024-04-11,0.5018727019842855,28.0,False,False,False,8-K con acuerdo (1.01),False,False,111172540.58547974,-0.5071485139567018,-0.1521445541870105,0.1845385857557691,0.0589519618830112,True,False,False,False,False,False,VAL 2022-26,4.010000228881836,1.0,False,4.010000228881836,111172540.58547974,2024-04-11,27723824.0,F,False,True
CMCT,2025-11-12,0.8463073852295409,67.0,True,False,False,8-K con acuerdo (1.01),True,False,730057175.0,-0.0981981981981982,-0.0294594594594594,0.2605405405405405,0.28101802757158,False,False,False,False,False,False,VAL 2022-26,925.0,0.01,False,9.25,7300571.750000002,2025-11-12,789251.0000000002,O,True,False
CMCT,2026-01-22,0.5358361774744027,67.0,False,False,False,sin 8-K,True,False,355162950.0,-1.25,0.1344444444444444,0.3155555555555556,0.0129870129870129,False,True,False,False,False,False,VAL 2022-26,450.0,0.01,False,4.5,3551629.5000000005,2026-01-22,789251.0000000001,,True,True
CMMB,2020-12-15,1.7207793253311388,28.0,False,False,False,sin 8-K,True,True,9948562368.181885,-1.25,0.3026491467516977,0.310262457313686,0.0902778536633178,True,True,False,False,False,False,DEV 2015-21,268.1600036621094,0.015625,False,4.190000057220459,155446287.00284195,2020-12-15,37099352.0,,False,True
CMMB,2023-01-03,0.5031249597202994,28.0,True,False,False,8-K solo nota de prensa (7.01/8.01),False,True,4251967607.017975,1.2625778986866754,0.3787733696060026,0.1122661056708826,0.0986394408873582,True,False,True,False,False,False,VAL 2022-26,19.239999771118164,0.25,False,4.809999942779541,1062991901.7544936,2023-01-03,220996239.99999997,B,False,False
CMMB,2023-11-15,0.6721310770598143,28.0,True,False,False,sin 8-K,False,True,45083232.11696625,0.6300654014898824,0.1890196204469647,0.0588235912850996,0.1921664027501307,True,True,False,False,False,False,VAL 2022-26,4.079999923706055,0.25,False,1.0199999809265137,11270808.029241562,2023-11-15,11049812.0,,False,False
CMND,2023-12-05,0.5300261096605745,28.0,False,True,False,sin 8-K,False,True,1423597928.0,0.8142207053469852,0.2442662116040955,0.1604095563139931,0.080091533180778,True,True,False,True,False,False,VAL 2022-26,2344.0,0.0025,False,5.860000000000001,3558994.8200000008,2023-12-05,607337.0,,True,False
CMND,2024-01-10,0.6956521739130435,28.0,True,False,False,sin 8-K,False,True,852701148.0,0.5174738841405507,0.1552421652421652,0.0199430199430199,0.4300341296928328,False,True,False,False,False,False,VAL 2022-26,1404.0,0.0025,False,3.5100000000000007,2131752.8700000006,2024-01-10,607337.0,,True,False
CMND,2024-12-24,0.639344262295082,28.0,True,False,False,sin 8-K,False,True,3412148800.0,0.4333333333333333,0.13,0.09,0.0930232558139534,True,True,False,False,False,False,VAL 2022-26,800.0,0.0025,False,2.0,8530372.000000002,2024-12-24,4265186.000000001,,True,False
CMND,2026-04-20,0.847222297647855,28.0,True,False,True,sin 8-K,False,True,2102410.830150604,0.4428572794377805,0.1328571838313341,0.1428571121264994,0.2807017470477504,True,True,False,True,False,True,VAL 2022-26,13.300000190734863,0.1,False,1.33,210241.0830150604,2026-04-20,158076.0022669627,,True,False
CNDT,2020-08-07,0.7079645625594002,73.0,False,False,False,8-K otros items,True,False,807621300.9710755,-0.2664941508488391,-0.0799482452546517,0.2046632698812533,-0.0871669846735535,False,False,False,False,False,False,DEV 2015-21,3.859999895095825,1.0,False,3.859999895095825,807621300.9710755,2020-08-07,209228322.0,R,False,True
CNET,2018-01-04,1.4273504343171477,73.0,True,False,False,sin 8-K,False,False,700942776.1849136,-1.2500000000000002,-2.2987324922686896,3.190140901352532,0.3897216373791314,False,True,False,False,False,False,DEV 2015-21,56.79999923706055,0.05,False,2.839999961853028,35047138.80924568,2018-01-04,12340541.999999998,,False,False
CNET,2018-04-17,0.5829958407445794,73.0,True,False,False,8-K otros items,False,False,1261564813.367386,0.6145779003163955,0.1843733700949186,0.0204604369048071,-0.0730158487955729,False,False,False,False,False,False,DEV 2015-21,78.19999694824219,0.05,False,3.909999847412109,63078240.66836931,2018-04-17,16132543.000000006,R,False,False
CNET,2018-10-19,0.7066667344835069,73.0,False,False,False,sin 8-K,False,False,1238979351.632614,1.0430556452384665,0.3129166935715399,0.013020832815932,0.1923076923076923,False,True,False,False,False,False,DEV 2015-21,76.80000305175781,0.05,False,3.84000015258789,61948967.5816307,2018-10-19,16132543.0,,False,True
CNET,2020-12-09,0.9589040845347344,73.0,True,False,False,sin 8-K,True,False,1243638183.7877731,0.9340327545108296,0.2802098263532488,0.1118880703814304,0.3103448016667409,False,True,False,False,False,False,DEV 2015-21,57.20000076293945,0.05,False,2.860000038146973,62181909.18938866,2020-12-09,21741926.0,,False,False
CNSP,2020-04-09,0.6909090909090909,28.0,False,False,False,sin 8-K,False,False,68844229290000.0,0.9057347670250896,0.2717204301075269,0.2086021505376343,-0.1077844311377245,True,True,False,False,False,False,DEV 2015-21,4185000.0,1.111111111111111e-06,False,4.65,76493588.1,2020-04-09,16450233.999999998,,False,True
CNSP,2023-04-06,0.535796766743649,28.0,True,False,False,sin 8-K,True,False,88830367500.0,1.4203007518796993,0.4260902255639097,0.0601503759398496,0.0013333333333333,False,True,False,False,False,False,VAL 2022-26,39900.0,3.3333333333333335e-05,False,1.33,2961012.25,2023-04-06,2226325.0,,True,False
CNSP,2023-04-17,0.5404255319148936,28.0,True,False,False,sin 8-K,True,False,241778895000.0,0.7677716390423572,0.2303314917127071,0.2154696132596685,0.2581818181818182,False,True,False,False,False,False,VAL 2022-26,108600.0,3.3333333333333335e-05,False,3.62,8059296.5,2023-04-17,2226325.0,,True,False
CNSP,2024-07-03,1.0793650793650795,28.0,True,True,True,sin 8-K,True,False,16718113104.0,1.4424936386768448,0.4327480916030534,0.1297709923664123,0.1643835616438356,False,True,False,True,True,False,VAL 2022-26,1572.0,0.0016666666666666,False,2.62,27863521.84,2024-07-03,10634932.0,,False,False
CNSP,2025-05-13,1.0165289093355256,28.0,True,True,True,sin 8-K,True,False,86211477.70174599,1.4420765810446508,0.4326229743133952,0.188524536235161,0.1544117372066224,True,True,False,True,False,False,VAL 2022-26,29.280000686645508,0.0833333333333333,False,2.44,7184289.808478832,2025-05-13,2944381.069048702,,True,False
CNSP,2026-05-04,2.976633123344108,28.0,True,False,False,8-K con acuerdo (1.01),True,False,7457215.969502449,0.4563291583012614,0.1368987474903784,0.1468988512634317,0.0880102096672406,False,False,False,False,False,True,VAL 2022-26,9.1899995803833,1.0,False,9.19,7457215.969502449,2026-05-04,811448.9629491239,F,True,False
CNSY,2019-09-23,0.8453865336658355,38.0,True,False,False,8-K solo nota de prensa (7.01/8.01),True,False,2514793800.0,2.387837837837838,0.7163513513513513,0.0810810810810811,0.0345679012345679,False,False,True,False,False,False,DEV 2015-21,5550.0,0.0026666666666666,False,14.8,6706116.8,2019-09-23,453115.99999999994,O,True,False
CNSY,2020-03-30,0.5,38.0,True,False,False,8-K con acuerdo (1.01),True,False,3143276280.0,-0.2030864197530864,-0.0609259259259259,0.25,0.171806167400881,False,False,False,False,False,False,DEV 2015-21,810.0,0.0026666666666666,False,2.16,8382070.08,2020-03-30,3880588.0,H,True,False
CNSY,2022-01-04,0.834862385321101,38.0,True,False,True,sin 8-K,True,False,11520018750.0,1.1666666666666667,0.35,0.08,-0.0078125,False,True,False,True,True,False,VAL 2022-26,750.0,0.0026666666666666,False,2.0,30720050.0,2022-01-04,15360025.0,,False,False
CNSY,2022-08-18,0.9454545454545455,38.0,True,True,True,8-K solo nota de prensa (7.01/8.01),True,False,9040967006.25,0.65202492211838,0.195607476635514,0.1214953271028036,0.1529411764705882,False,False,True,True,False,False,VAL 2022-26,401.25,0.0026666666666666,False,1.07,24109245.35,2022-08-18,22532005.0,K,False,False
CNTN,2023-01-31,0.8479880774962743,61.0,False,False,False,sin 8-K,True,False,5361385365.0,-1.2500000000000002,0.022258064516129,0.4516129032258065,0.1416666666666666,False,True,False,False,False,False,VAL 2022-26,465.0,0.0026666666666666,False,1.24,14297027.64,2023-01-31,11529861.0,,False,True
CNTN,2023-02-10,0.9152542372881356,61.0,False,False,False,sin 8-K,True,False,9771557197.5,0.9548672566371682,0.2864601769911504,0.1725663716814158,-0.1886792452830188,False,True,False,False,False,False,VAL 2022-26,847.5,0.0026666666666666,False,2.26,26057485.86,2023-02-10,11529861.0,,False,True
CNTN,2024-10-30,1.8128079402079085,61.0,True,False,True,sin 8-K,True,False,6559419.643821716,1.297664889759314,0.3892994669277941,0.1190892861288488,0.1690962538881169,False,True,False,True,True,True,VAL 2022-26,5.710000038146973,1.0,False,5.710000038146973,6559419.643821716,2024-10-30,1148760.0,,True,False
CNTN,2025-11-03,1.2915254642757246,61.0,True,True,True,8-K con acuerdo (1.01),True,False,31334297.82092476,1.722090759695618,0.5166272279086854,0.0192307149707393,-0.0124999878928067,True,False,False,True,False,False,VAL 2022-26,6.760000228881836,1.0,False,6.760000228881836,31334297.82092476,2025-11-03,4635251.0,F,True,False
CNTX,2023-01-09,0.5128205010641722,28.0,True,True,True,sin 8-K,False,False,18839941.7025472,0.9129941633580196,0.2738982490074058,0.0932203552497601,0.0970414371476448,False,True,False,True,True,True,VAL 2022-26,1.1799999475479126,1.0,False,1.1799999475479126,18839941.7025472,2023-01-09,15966053.000000006,,False,False
CNTX,2023-01-31,0.7862371571849469,28.0,True,True,True,sin 8-K,True,False,19478585.11679244,0.4038253608702877,0.1211476082610863,0.270491734399364,0.0566037226588981,False,True,False,True,True,True,VAL 2022-26,1.2200000286102295,1.0,False,1.2200000286102295,19478585.11679244,2023-01-31,15966053.0,,False,False
CNTY,2020-03-24,0.7124999804422263,70.0,True,False,False,sin 8-K,False,False,80830896.26133704,-0.0211678948558987,-0.0063503684567696,0.2372263113522135,-0.0952380910793899,False,True,False,False,False,False,DEV 2015-21,2.740000009536743,1.0,False,2.740000009536743,80830896.26133704,2020-03-24,29500327.0,,False,False
CNVS,2020-06-04,2.343511294779558,78.0,True,True,False,sin 8-K,True,False,3529460002.5213623,-1.25,0.1612328796949844,0.3698630375598757,0.2451790580051528,False,True,False,True,True,False,DEV 2015-21,87.5999984741211,0.05,False,4.379999923706055,176473000.12606812,2020-06-04,40290639.99999999,,False,False
CNVS,2024-02-14,1.051613009410151,78.0,True,False,False,sin 8-K,True,False,42382913.68973732,0.8366877827050117,0.2510063348115035,0.2358490516526343,0.2978723220773381,False,True,False,False,False,False,VAL 2022-26,3.180000066757202,1.0,False,3.180000066757202,42382913.68973732,2024-02-14,13327960.0,,False,False
COCH,2025-10-07,0.9950434342084729,38.0,True,True,True,sin 8-K,True,False,34648700.8278594,0.0080744943039556,0.0024223482911866,0.1739130241626862,0.4150943474030032,False,True,False,True,True,False,VAL 2022-26,1.6100000143051147,1.0,False,1.61,34648700.8278594,2025-10-07,21520932.19121702,,False,False
COCP,2020-02-25,0.7969924960291954,28.0,True,True,True,sin 8-K,True,False,1008103674.1669464,0.2456066472562245,0.0736819941768673,0.0460250934720527,0.1917808517443639,False,True,False,True,True,False,DEV 2015-21,28.68000030517578,0.0833333333333333,False,2.390000025431315,84008639.5139122,2020-02-25,35150058.0,,False,False
COCP,2025-09-12,0.7013888543954616,28.0,True,False,False,sin 8-K,True,False,25134222.18918085,1.1503401195044722,0.3451020358513416,0.0897959282973166,0.0949367666412579,False,True,False,False,False,True,VAL 2022-26,2.450000047683716,1.0,False,2.45,25134222.18918085,2025-09-12,10258866.199665653,,False,False
COCP,2026-04-02,0.676470656983444,28.0,True,False,True,8-K solo nota de prensa (7.01/8.01),True,False,23573648.41588497,0.3565302986785197,0.1069590896035559,0.1871344597100495,0.0066225102823933,True,False,True,True,False,True,VAL 2022-26,1.7100000381469729,1.0,False,1.71,23573648.41588497,2026-04-02,13785759.30753507,B,False,False
CODA,2018-07-16,1.1205865860351945,38.0,True,True,False,sin 8-K,False,False,82385938.97073364,0.7083437783379526,0.2125031335013857,0.0670037602016628,0.2178862002940883,False,True,False,True,True,False,DEV 2015-21,7.909999847412109,1.0,False,7.909999847412109,82385938.97073364,2018-07-16,10415416.0,,False,False
CODX,2019-01-30,1.903225754995026,38.0,True,False,False,sin 8-K,True,False,1255277988.1884308,0.9954732833299242,0.2986419849989772,0.1635802677478011,0.3928571266381911,False,True,False,False,False,False,DEV 2015-21,97.1999969482422,0.0333333333333333,False,3.23999989827474,41842599.60628103,2019-01-30,12914382.999999998,,False,False
CODX,2019-07-11,0.6628440463964016,38.0,True,False,False,sin 8-K,True,False,740185821.0,0.805747184899575,0.2417241554698724,0.2296552109992367,0.1382488511666821,False,True,False,False,False,False,DEV 2015-21,43.5,0.0333333333333333,False,1.45,24672860.7,2019-07-11,17015766.0,,False,False
CODX,2019-07-18,1.100558686204073,38.0,True,False,False,sin 8-K,True,False,959689228.3639984,1.260992962965919,0.3782978888897756,0.063829758452564,0.0260870007501132,False,True,False,False,False,False,DEV 2015-21,56.400001525878906,0.0333333333333333,False,1.8800000508626304,31989640.94546661,2019-07-18,17015765.999999996,,False,False
CODX,2020-01-23,1.4424778561897456,38.0,True,False,False,sin 8-K,True,False,1435745594.5172424,0.8483092076775786,0.2544927623032735,0.0144927162320522,0.0738916237643732,False,True,False,False,False,False,DEV 2015-21,82.80000305175781,0.0333333333333333,False,2.7600001017252604,47858186.48390808,2020-01-23,17339922.0,,False,False
COGT,2024-02-14,0.5659340899265968,28.0,True,False,False,8-K con acuerdo (1.01),True,False,736362345.3768969,-0.091812715471367,-0.0275438146414101,0.1011695616165615,-0.0206896907036812,True,False,False,False,False,False,VAL 2022-26,8.550000190734863,1.0,False,8.550000190734863,736362345.3768969,2024-02-14,86124249.0,F,False,False
COHN,2020-03-05,0.9249999523162842,62.0,False,False,False,8-K otros items,True,False,9599666.76220894,1.0878786752844147,0.3263636025853244,0.0012987310557857,0.1682974776994651,False,False,False,False,False,True,DEV 2015-21,7.699999809265137,1.0,False,7.699999809265137,9599666.76220894,2020-03-05,1246710.0000000002,R,True,True
COHN,2020-06-19,1.694805261557573,62.0,False,False,False,sin 8-K,True,False,25869232.5,1.1297188387338415,0.3389156516201524,0.1778313510389213,0.1154700513092303,False,True,False,False,False,True,DEV 2015-21,20.75,1.0,False,20.75,25869232.5,2020-06-19,1246710.0,,True,True
COHN,2021-03-03,1.2752137915114612,62.0,True,False,False,8-K otros items,False,False,53067249.91558075,-1.2500000000000002,-0.0367968867179178,0.3198096759370274,0.2195121951219512,False,False,False,False,False,False,DEV 2015-21,39.93000030517578,1.0,False,39.93000030517578,53067249.91558075,2021-03-03,1329007.0,R,True,False
COOT,2025-10-15,3.031088301164428,20.0,False,False,False,sin 8-K,True,True,108525315.7466731,1.0377891741991716,0.3113367522597514,0.1568123081351051,0.166666681718344,False,True,False,False,False,False,VAL 2022-26,3.890000104904175,1.0,False,3.89,108525315.7466731,2025-10-15,27898538.752358124,,False,True
COSM,2022-04-27,1.2547172018114416,51.0,False,False,False,sin 8-K,True,False,41931414.20049381,1.3195259487354856,0.3958577846206456,0.0418409624448856,0.225352072474549,False,True,False,False,False,False,VAL 2022-26,2.390000104904175,1.0,False,2.390000104904175,41931414.20049381,2022-04-27,17544524.0,,False,True
COSM,2024-06-28,0.7967599302300881,51.0,True,False,True,sin 8-K,True,False,,0.4584701162186319,0.1375410348655895,0.1393442238508078,-0.0576923694130959,False,True,False,True,True,False,VAL 2022-26,1.2200000286102295,1.0,False,1.2200000286102295,,2024-06-28,,,False,False
CPHI,2020-03-02,0.7543859649122806,28.0,False,False,False,sin 8-K,False,False,21789778500.0,-1.25,-0.15,0.3999999999999999,0.2280701754385964,True,True,False,False,False,False,DEV 2015-21,500.0,0.002,False,1.0000000000000002,43579557.00000001,2020-03-02,43579557.0,,False,True
CPHI,2021-03-29,0.8433734939759037,28.0,True,False,False,sin 8-K,False,False,34868361105.0,0.8163398692810457,0.2449019607843137,0.065359477124183,0.175438596491228,True,True,False,False,False,False,DEV 2015-21,765.0,0.002,False,1.5300000000000005,69736722.21000002,2021-03-29,45579557.0,,False,False
CPIX,2021-11-30,0.8772727386025356,28.0,True,False,False,sin 8-K,False,False,61163765.33482742,-1.2500000000000004,-0.2279176925977556,0.3268764811681655,0.1848907090226971,False,True,False,False,False,False,DEV 2015-21,4.130000114440918,1.0,False,4.130000114440918,61163765.33482742,2021-11-30,14809628.0,,False,False
CPIX,2024-12-10,1.3467742447178268,28.0,True,False,False,8-K solo nota de prensa (7.01/8.01),False,False,40863105.84526062,0.5050401085309743,0.1515120325592922,0.0481099183354942,0.0081967133022516,True,False,True,False,False,False,VAL 2022-26,2.9100000858306885,1.0,False,2.91,40863105.84526062,2024-12-10,14042304.414178906,B,False,False
CPIX,2026-04-23,0.8754097965961174,28.0,True,False,False,8-K con acuerdo (1.01),False,False,85551903.30197477,1.0272725883341562,0.3081817765002468,0.0559440880068031,-0.0410256008973341,False,False,False,False,False,False,VAL 2022-26,5.71999979019165,1.0,False,5.715,85551903.30197477,2026-04-23,14969711.863862602,K,False,False
CPSH,2020-01-31,0.7938143899126822,32.0,False,False,False,sin 8-K,False,False,22980938.765955925,-1.2500000000000009,0.1681609541895145,0.3735632711522154,0.0069930005804575,False,True,False,False,False,True,DEV 2015-21,1.7400000095367432,1.0,False,1.7400000095367432,22980938.765955925,2020-01-31,13207436.0,,False,True
CPSH,2020-05-06,0.6250000399138245,32.0,False,False,False,sin 8-K,False,False,24037534.212757587,0.6992675528195933,0.2097802658458779,0.2362637006348287,-0.0563380600937404,False,True,False,False,False,True,DEV 2015-21,1.820000052452088,1.0,False,1.820000052452088,24037534.212757587,2020-05-06,13207435.999999994,,False,True
CRBP,2015-08-19,0.5053763646686562,28.0,False,True,True,sin 8-K,False,False,2687190576.0,-1.2500000000000004,0.0971428571428571,0.507142838977632,0.18,False,True,False,True,True,False,DEV 2015-21,84.0,0.0333333333333333,False,2.8,89573019.2,2015-08-19,31990364.000000004,,False,False
CRBP,2016-11-14,0.6837606837606838,28.0,True,False,False,8-K solo nota de prensa (7.01/8.01),False,False,13131332371.5,0.3050761421319797,0.0915228426395939,0.0456852791878172,0.0790960451977401,False,False,True,False,False,False,DEV 2015-21,295.5,0.0333333333333333,False,9.85,437711079.05,2016-11-14,44437673.0,B,False,False
CRBP,2024-01-26,0.9917061968833604,28.0,True,False,False,8-K solo nota de prensa (7.01/8.01),True,False,74362108.8674984,-1.2500000000000009,-0.7643129511018655,1.377156475550933,0.368599491904052,False,False,True,False,False,False,VAL 2022-26,16.809999465942383,1.0,False,16.809999465942383,74362108.8674984,2024-01-26,4423683.0,B,True,False
CRDF,2019-03-08,1.1549635283085395,28.0,True,False,False,sin 8-K,True,False,204619375.02965164,1.5022470425200891,0.4506741127560267,0.0842696665332951,-0.0104166066481031,True,True,False,False,False,False,DEV 2015-21,8.899999618530273,1.0,False,8.899999618530273,204619375.02965164,2019-03-08,22990942.0,,False,False
CRDF,2019-10-22,0.5428572174643207,28.0,True,True,True,sin 8-K,True,False,8822137.705967426,-1.2500000000000002,-0.1149382448051056,0.5061728703941155,0.0502792827303429,False,True,False,True,True,True,DEV 2015-21,1.6200000047683716,1.0,False,1.6200000047683716,8822137.705967426,2019-10-22,5445764.0,,False,False
CRE,2026-08-26,1.3696499263731865,27.0,False,False,False,sin 8-K,False,True,,-1.2500000000000004,-0.1282265635717091,0.4121510945800608,0.1336269978059188,False,True,False,False,False,False,VAL 2022-26,6.090000152587891,1.0,False,6.09,,2026-08-26,,H,False,True
CREX,2021-11-15,0.746575318604509,73.0,True,False,False,sin 8-K,False,False,91325548.13849448,-1.250000000000001,-0.0374509850364761,0.4078431795426513,0.0648855242008503,False,True,False,False,False,False,DEV 2015-21,7.650000095367432,0.3333333333333333,False,2.550000031789144,30441849.37949816,2021-11-15,11937979.999999998,,False,False
CRGO,2023-01-26,2.041055914216665,47.0,False,True,False,sin 8-K,False,False,1124271494.7372437,2.176031333406905,0.6528094000220716,0.0012857282993881,0.2183031469798524,False,True,False,True,True,False,VAL 2022-26,31.11000061035156,1.0,False,31.11000061035156,1124271494.7372437,2023-01-26,36138588.00000001,,False,False
CRIS,2019-03-25,0.8461538461538463,28.0,True,False,False,sin 8-K,True,False,35007223680.0,0.9136363636363636,0.2740909090909091,0.0037878787878788,-0.0634920634920634,False,True,False,False,False,False,DEV 2015-21,1056.0,0.05,False,52.8,1750361184.0,2019-03-25,33150780.0,,False,False
CRIS,2020-06-10,0.7950819672131149,28.0,True,False,True,sin 8-K,True,False,32046102684.0,-1.25,0.2137442922374429,0.639269406392694,0.2117647058823529,False,True,False,True,True,False,DEV 2015-21,876.0,0.05,False,43.8,1602305134.2,2020-06-10,36582309.0,,False,False
CRIS,2020-12-08,2.798611111111111,28.0,True,False,True,8-K solo nota de prensa (7.01/8.01),True,False,128692567472.0,-1.2500000000000009,-0.2074405850091407,0.4442413162705667,-0.1740458015267175,False,False,True,True,False,False,DEV 2015-21,2188.0,0.05,False,109.4,6434628373.6,2020-12-08,58817444.0,H,False,False
CRIS,2022-08-18,0.6476190476190475,28.0,True,False,False,8-K solo nota de prensa (7.01/8.01),False,False,63535748180.0,0.8722543352601155,0.2616763005780346,0.0231213872832369,0.0714285714285714,True,False,True,False,False,False,VAL 2022-26,692.0,0.05,False,34.6,3176787409.0,2022-08-18,91814665.0,B,False,False
CRVO,2017-10-17,0.7391304347826086,28.0,True,False,False,sin 8-K,True,False,44169678000.0,0.9904761904761904,0.2971428571428571,0.0607142857142857,0.1546391752577319,False,True,False,False,False,False,DEV 2015-21,3150.0,0.0008888888888888,False,2.8,39261936.0,2017-10-17,14022120.0,,False,False
CRVS,2020-07-07,0.839416038069704,28.0,True,False,False,8-K solo nota de prensa (7.01/8.01),False,False,147807574.88126755,-1.2500000000000004,0.0068650870615723,0.3650793981179692,-0.0837537776474134,True,False,True,False,False,False,DEV 2015-21,5.039999961853027,1.0,False,5.039999961853027,147807574.88126755,2020-07-07,29326900.0,H,False,False
CRVS,2021-09-17,0.6769911406398501,28.0,True,False,False,sin 8-K,False,False,160776190.9917612,-1.2500000000000009,-0.4136939908200668,0.5303430736445431,-0.1597744130085474,False,True,False,False,False,False,DEV 2015-21,3.7899999618530273,1.0,False,3.7899999618530273,160776190.9917612,2021-09-17,42421159.0,,False,False
CRVS,2026-01-20,0.6782608582334138,28.0,True,False,False,8-K solo nota de prensa (7.01/8.01),False,False,1008952107.813324,-1.2500000000000009,-0.5947519973864666,0.635825315104295,-0.0345632777390052,True,False,True,False,False,False,VAL 2022-26,13.510000228881836,1.0,False,13.51,1008952107.813324,2026-01-20,74681873.26523493,B,False,False
CSTL,2023-07-07,0.5060241266680594,80.0,True,False,False,sin 8-K,False,False,533825720.0,-0.0833332061767578,-0.0249999618530273,0.0479999542236329,0.0226600542739362,False,True,False,False,False,False,VAL 2022-26,20.0,1.0,False,20.0,533825720.0,2023-07-07,26691286.0,,False,False
CTM,2024-12-30,0.5633803490867855,87.0,True,True,True,8-K con acuerdo (1.01),False,False,124564041.76531792,-0.5738737093938888,-0.1721621128181666,0.2747747239794853,0.2248061786269011,False,False,False,True,False,False,VAL 2022-26,2.220000028610229,1.0,False,2.22,124564041.76531792,2024-12-30,56109928.723116174,F,False,False
CTMX,2023-01-06,0.6536313414681576,28.0,True,False,False,8-K con acuerdo (1.01),False,False,195609728.8409185,0.4621622202139216,0.1386486660641764,0.0067567502259338,-0.1428571969203131,True,False,False,False,False,False,VAL 2022-26,2.9600000381469727,1.0,False,2.9600000381469727,195609728.8409185,2023-01-06,66084366.99999999,K,False,False
CTMX,2024-05-01,0.9938650365076622,28.0,True,False,False,sin 8-K,True,False,220095388.5,-1.250000000000001,-0.5884615736741287,0.7999999706561749,0.1228070371124303,True,True,False,False,False,False,VAL 2022-26,3.25,1.0,False,3.25,220095388.5,2024-05-01,67721658.0,,False,False
CTMX,2025-05-12,1.0474138263254198,28.0,True,False,False,8-K otros items,True,False,153180454.7778386,-0.43684235292789,-0.131052705878367,0.147368470585578,-0.1737088571266107,False,False,False,False,False,False,VAL 2022-26,1.899999976158142,1.0,False,1.9,153180454.7778386,2025-05-12,80621291.9883361,R,False,False
CTNT,2024-05-14,1.773109243697479,50.0,False,False,False,sin 8-K,False,False,115508754240.0,-1.2500000000000009,-0.9493939393939396,1.121212121212121,-0.0890625,False,True,False,False,False,False,VAL 2022-26,10560.0,0.0003125,False,3.3000000000000003,36096485.7,2024-05-14,10938329.0,,False,True
CTNT,2024-12-03,3.1818181818181817,50.0,True,False,True,8-K con acuerdo (1.01),True,False,3065780952.0,1.2156010230179028,0.3646803069053708,0.0869565217391303,0.2719836400817996,False,False,False,True,False,False,VAL 2022-26,1564.0,0.005,False,7.82,15328904.76,2024-12-03,1960218.0,O,True,False
CTOR,2025-03-31,0.5037593499741728,28.0,False,False,False,sin 8-K,True,False,71552402.0,0.199999976158142,0.0599999928474426,0.1699999570846557,0.0752688089344926,False,True,False,False,False,False,VAL 2022-26,1.0,1.0,False,1.0,71552402.0,2025-03-31,71552402.0,,False,True
CTRM,2019-06-04,1.0835266821345706,44.0,False,False,False,sin 8-K,False,True,2155200000.0,1.1247958426132143,0.3374387527839643,0.069042316258352,0.1808873720136518,False,True,False,False,False,False,DEV 2015-21,898.0,0.01,False,8.980000000000002,21552000.000000004,2019-06-04,2400000.0,R,True,True
CUE,2026-05-01,1.2896879595704194,28.0,True,False,False,8-K con acuerdo (1.01),True,False,3296051696.25,0.2955555480203511,0.0886666644061053,0.125925925925926,0.018737662504755,False,False,False,False,False,False,VAL 2022-26,33.75,1.0,False,33.75,3296051696.25,2026-05-01,97660791.0,H,False,False
CUPR,2025-09-10,1.6068375865180071,38.0,False,False,False,sin 8-K,False,True,107823602.52857208,-1.2500000000000009,0.1047541165148963,0.3387978088681678,0.1913580623928174,False,True,False,False,False,False,VAL 2022-26,14.640000343322754,0.125,False,1.83,13477950.31607151,2025-09-10,7365000.172716672,,False,True
CUPR,2026-06-15,1.7581863300636758,38.0,False,False,False,sin 8-K,False,True,80646748.59523773,-1.25,0.2219634708763971,0.3515982144777867,0.3733650325156454,False,True,False,False,False,False,VAL 2022-26,10.949999809265137,1.0,False,10.95,80646748.59523773,2026-06-15,7364999.8717112085,B,False,True
CURR,2024-12-19,1.190000057220459,73.0,False,True,False,sin 8-K,True,False,203792640.9447069,1.4811262994991612,0.4443378898497483,0.0,0.1799163380264548,False,True,False,True,True,False,VAL 2022-26,4.380000114440918,1.0,False,4.38,203792640.9447069,2024-12-19,46528000.21568651,,False,False
CURR,2025-01-08,0.9496403352782744,73.0,False,True,False,sin 8-K,True,False,126090879.0649023,-1.2500000000000004,-0.4564944727360001,1.6125460605333326,0.2704082042264314,False,True,False,True,True,False,VAL 2022-26,2.7100000381469727,1.0,False,2.71,126090879.0649023,2025-01-08,46527999.6549455,,False,False
CVKD,2023-07-12,0.5172412986720103,28.0,False,False,False,sin 8-K,False,False,460729152.2470474,0.4590907996241559,0.1377272398872467,0.1893939466917229,0.2977777551721643,True,True,False,False,False,False,VAL 2022-26,39.59999847412109,0.0666666666666666,False,2.6399998982747395,30715276.81646983,2023-07-12,11634575.000000002,,False,True
CVM,2017-08-14,0.5151514484289283,28.0,True,True,True,8-K otros items,True,False,980249655.0,0.4428571428571428,0.1328571428571428,0.0542856852213542,0.0899999830457899,False,False,False,True,False,False,DEV 2015-21,105.0,0.0333333333333333,False,3.5,32674988.5,2017-08-14,9335711.0,F,False,False
CVM,2025-07-11,0.6387435440522957,28.0,True,True,True,sin 8-K,False,False,569893243.3967743,1.4203408720320445,0.4261022616096133,0.1325878423896336,-0.0283286526520217,True,True,False,True,False,False,VAL 2022-26,6.260000228881836,1.0,False,6.26,569893243.3967743,2025-07-11,91037259.32855819,,False,False
CVU,2025-10-30,0.5508475629326577,37.0,False,False,False,sin 8-K,False,False,47692520.49843764,0.8865209169196172,0.2659562750758851,0.2704917995410507,0.0603773887066611,False,True,False,False,False,False,VAL 2022-26,3.660000085830689,1.0,False,3.6597,47692520.49843764,2025-10-30,13031811.48685347,,False,True
CWD,2025-08-28,0.8499999368892015,65.0,True,True,True,8-K otros items,True,False,,-1.2500000000000002,-0.4281240270892025,0.5007948549497745,0.2219730944101214,False,False,False,True,False,False,VAL 2022-26,3.1449999809265137,1.0,False,3.145,,2025-08-28,,H,False,False
CWD,2026-07-02,1.2635660175520438,65.0,True,True,True,sin 8-K,True,False,,0.4917808517443638,0.1475342555233091,0.0410958501451086,0.146341515419479,False,True,False,True,True,False,VAL 2022-26,1.4600000381469729,1.0,False,1.46,,2026-07-02,,,False,False
CXAI,2023-04-13,0.71875,73.0,False,True,False,sin 8-K,True,False,,-1.25,-1.6027272727272728,2.538181818181818,-0.9424964936886396,True,True,False,True,False,False,VAL 2022-26,137.5,0.02,False,2.75,,2023-04-13,,,False,False
CXAI,2024-04-01,0.5428571428571429,73.0,False,True,True,sin 8-K,False,False,2883079521.0,-1.2500000000000002,-0.636984126984127,0.8703703703703705,0.2715447154471544,False,True,False,True,True,False,VAL 2022-26,189.0,0.02,False,3.78,57661590.42,2024-04-01,15254389.000000002,,False,False
CXAI,2024-08-13,0.653061224489796,73.0,False,False,True,sin 8-K,True,False,1853408263.5,-1.2500000000000009,-0.1252263374485596,0.5473251028806585,0.1734317343173431,False,True,False,True,True,False,VAL 2022-26,121.5,0.02,False,2.43,37068165.27,2024-08-13,15254389.0,,False,True
CYN,2022-04-21,0.8611111111111112,73.0,False,False,False,sin 8-K,False,False,816897064500.0,-0.2157545605306799,-0.0647263681592039,0.2189054726368158,-0.2688679245283019,False,True,False,False,False,False,VAL 2022-26,30150.0,6.666666666666667e-05,False,2.01,54459804.3,2022-04-21,27094430.0,,False,True
CYN,2025-06-26,2.2734528681230284,73.0,True,False,True,sin 8-K,True,False,28731257.731700897,-1.2500000000000009,0.1607316647676529,1.5329269440098958,-0.2007352548280812,False,True,False,True,True,True,VAL 2022-26,16.399999618530273,1.0,False,16.4,28731257.731700897,2025-06-26,1751905.9592500548,,True,False
DAIC,2026-08-24,1.5352113740213853,73.0,False,False,True,sin 8-K,True,False,31636789.017133,-1.2499999999999998,-0.6118518058606154,1.8981481389499009,-1.2427746078979116,False,True,False,True,True,False,VAL 2022-26,1.0800000429153442,1.0,False,1.0803,31636789.017133,2026-08-24,29285188.38945941,,False,True
DAIC,2026-08-25,1.1011560406860612,73.0,False,False,True,sin 8-K,True,False,106481225.19063713,-1.2500000000000002,-0.0774003093866411,0.3920219961636582,-0.3273195730587013,True,True,False,True,False,False,VAL 2022-26,3.634999990463257,1.0,False,3.635,106481225.19063713,2026-08-25,29293321.923146393,,False,True
DARE,2016-10-19,0.7474302608745012,28.0,True,True,False,8-K con acuerdo (1.01),False,False,3910505541.170837,0.6389356310989074,0.1916806893296722,0.0084033397940983,0.0368420784933525,False,False,False,True,False,False,DEV 2015-21,142.8000030517578,0.0083333333333333,False,1.190000025431315,32587546.17642364,2016-10-19,27384491.999999996,K,False,False
DARE,2018-02-12,0.7741935042814507,28.0,True,True,False,8-K con acuerdo (1.01),True,False,239467566.3727646,0.4818181117594598,0.1445454335278379,0.0878788760360129,0.3978494586901209,False,False,False,True,False,False,DEV 2015-21,39.59999847412109,0.0833333333333333,False,3.2999998728434243,19955630.53106372,2018-02-12,6047161.000000002,H,False,False
DARE,2018-12-06,0.5393654946583217,28.0,True,True,True,sin 8-K,True,False,179556373.97004604,0.8063613169805288,0.2419083950941586,0.0305343821728425,0.1224490226217057,False,True,False,True,True,False,DEV 2015-21,15.720000267028809,0.0833333333333333,False,1.3100000222524006,14963031.164170504,2018-12-06,11422161.0,,False,False
DARE,2019-03-18,1.95652169406076,28.0,True,False,False,sin 8-K,True,False,372819328.0684662,0.7264704621970195,0.2179411386591058,0.1948529635196192,0.1428571536697765,False,True,False,False,False,False,DEV 2015-21,32.63999938964844,0.0833333333333333,False,2.7199999491373696,31068277.33903885,2019-03-18,11422161.0,,False,False
DARE,2020-01-13,0.9093079981184468,28.0,True,False,True,8-K con acuerdo (1.01),True,False,320321503.92843246,-1.2500000000000004,-0.04124991928538,0.387499913076563,0.1696969107308787,False,False,False,True,False,False,DEV 2015-21,19.200000762939453,0.0833333333333333,False,1.6000000635782876,26693458.660702705,2020-01-13,16683411.000000002,K,False,False
DARE,2025-07-14,2.145129032793218,28.0,True,False,False,8-K solo nota de prensa (7.01/8.01),True,False,70006551.90953827,1.9978508327952087,0.5993552498385626,0.1618204497677664,0.0809061511146377,False,False,True,False,False,False,VAL 2022-26,7.909999847412109,1.0,False,7.91,70006551.90953827,2025-07-14,8850385.829271588,B,False,False
DBGI,2021-09-28,0.6203389830508474,56.0,False,True,True,sin 8-K,True,False,262304268600000.0,0.8453277545327755,0.2535983263598326,0.0188284518828452,0.0767045454545454,False,True,False,True,True,False,DEV 2015-21,23900000.0,2.0000000000000004e-07,False,4.780000000000001,52460853.72000001,2021-09-28,10975074.0,,False,False
DBGI,2021-10-28,0.7590759075907592,56.0,False,True,True,sin 8-K,True,False,292485722100000.0,0.9235146966854284,0.2770544090056285,0.2457786116322702,-0.0921052631578947,False,True,False,True,True,False,DEV 2015-21,26650000.0,2.0000000000000004e-07,False,5.330000000000001,58497144.42000001,2021-10-28,10975074.0,,False,False
DBGI,2024-02-13,1.6841186736474696,56.0,True,True,True,sin 8-K,True,False,121925703620.0,-1.2500000000000002,0.0992327698309493,0.6644993498049414,0.2598540145985401,False,True,False,True,True,False,VAL 2022-26,15380.0,0.0005,False,7.69,60962851.81,2024-02-13,7927549.0,,False,False
DBVT,2020-11-02,0.7692308141186153,28.0,True,False,False,sin 8-K,False,True,,0.9811594066323778,0.2943478219897133,0.0316205235615514,-0.1704545192851506,False,True,False,False,False,False,DEV 2015-21,5.059999942779541,0.5,False,2.5299999713897705,,2020-11-02,,O,False,False
DBVT,2025-03-28,0.542199508296753,28.0,True,False,False,sin 8-K,True,True,581904222.0268259,-0.127307680233171,-0.0381923040699513,0.1243781051251136,-0.1000000615273771,True,True,False,False,False,False,VAL 2022-26,6.03000020980835,1.0,False,6.03,581904222.0268259,2025-03-28,96501529.35768257,,False,False
DCOY,2025-01-13,1.8434503560167288,28.0,True,True,True,8-K con acuerdo (1.01),True,False,1154366757.0,-1.25,0.1652809293558832,0.6179775280898876,0.2806539058898096,True,False,False,True,False,False,VAL 2022-26,801.0,0.0055555555555555,False,4.449999999999999,6413148.649999999,2025-01-13,1441157.0,O,True,False
DCOY,2025-06-17,1.0,28.0,True,False,True,8-K solo nota de prensa (7.01/8.01),True,False,392789250.0,0.5,0.15,0.0080000135633679,-0.0285713962776951,True,False,True,True,False,False,VAL 2022-26,225.0,0.0055555555555555,False,1.2499999999999998,2182162.4999999995,2025-06-17,1745730.0,S,True,False
DCOY,2025-07-29,1.1052629893039758,28.0,True,False,False,8-K solo nota de prensa (7.01/8.01),True,False,490200962.68981934,-1.2500000000000004,0.3489743311074773,0.480769251669392,0.2169999864366319,False,False,True,False,False,False,VAL 2022-26,280.79998779296875,0.0055555555555555,False,1.5599999321831597,2723338.681610107,2025-07-29,1745729.9999999998,S,True,False
DCOY,2026-01-13,0.6564418410283379,28.0,True,True,True,sin 8-K,True,False,94967288.07248688,0.213580392268598,0.0640741176805794,0.044444399965809,0.3040000279744466,True,True,False,True,False,False,VAL 2022-26,16.200000762939453,0.0833333333333333,False,1.35,7913940.672707239,2026-01-13,5862178.276079436,,False,False
DCOY,2026-06-29,1.1747009290028547,28.0,True,False,False,8-K con acuerdo (1.01),True,False,6383616.0,0.636111068725586,0.1908333206176757,0.1258333524068196,0.2502606941794244,True,False,False,False,False,True,VAL 2022-26,12.0,1.0,False,12.0,6383616.0,2026-06-29,531968.0,F,True,False
DCOY,2026-09-22,1.0117188322183228,28.0,True,True,False,sin 8-K,True,False,3374202.8124833107,-1.2500000000000009,0.3880582820918577,0.4776699014743342,-0.2419354913137956,False,True,False,True,True,True,VAL 2022-26,5.150000095367432,1.0,False,5.15,3374202.8124833107,2026-09-22,655185.0121326817,,True,False
DCTH,2023-08-15,0.8717949893582779,38.0,True,True,True,8-K solo nota de prensa (7.01/8.01),True,False,89214686.41100693,0.0636986711485003,0.0191096013445501,0.2448629779067632,0.0458554189388615,False,False,True,True,False,False,VAL 2022-26,5.840000152587891,1.0,False,5.840000152587891,89214686.41100693,2023-08-15,15276487.0,B,False,False
DFDV,2025-04-07,2.5674962772457834,61.0,True,False,False,8-K con acuerdo (1.01),True,False,2912025.1147994995,-1.2500000000000002,-1.651906692867433,2.396637298012043,0.1294430173690029,False,False,False,False,False,True,VAL 2022-26,2.0385708808898926,7.0,False,14.269996166229248,20384175.803596497,2025-04-07,1428464.0,F,True,False
DFNS,2024-12-17,0.60431654676259,87.0,False,False,False,8-K con acuerdo (1.01),True,False,4680759965.0,-1.2500000000000004,-4.337354260089686,6.9192825112107625,-3.275252525252525,False,False,False,False,False,False,VAL 2022-26,278.75,0.008,False,2.23,37446079.72,2024-12-17,16791964.0,O,False,True
DFNS,2026-07-27,0.600000043847096,87.0,False,True,True,sin 8-K,True,False,419482856.29913807,-1.2500000000000009,-0.8921839525388084,1.2974137476262624,-0.8320610153529913,False,True,False,True,True,False,VAL 2022-26,6.960000038146973,1.0,False,6.96,419482856.29913807,2026-07-27,60270525.33033593,,False,False
DFSC,2024-12-17,0.6346153582236007,73.0,True,True,True,sin 8-K,False,True,39463557.89855576,0.9470588833917458,0.2841176650175237,0.260504213225551,0.2369047104160269,False,True,False,True,True,False,VAL 2022-26,24.989999771118164,0.0476190476190476,False,1.1899999891008648,1879217.0427883696,2024-12-17,1579174.0000000005,,True,False
DFSC,2025-06-18,0.6822915269682861,73.0,True,False,False,sin 8-K,False,True,,-1.2500000000000009,-0.1668627991316741,0.5861713675070253,-0.0927743049343415,True,True,False,False,False,False,VAL 2022-26,9.6899995803833,1.0,False,9.6899995803833,,2025-06-18,,,False,False
DFSC,2026-08-13,1.0806450837608683,73.0,True,True,False,sin 8-K,False,True,,-1.2500000000000004,0.0946511584925439,0.3837209452760961,-0.2987013308711196,True,True,False,True,False,False,VAL 2022-26,2.5799999237060547,1.0,False,2.58,,2026-08-13,,R,False,False
DKI,2026-02-02,2.543543340362385,73.0,False,False,False,sin 8-K,False,True,,0.616384095176701,0.1849152285530103,0.0084746695907291,0.2842105098048073,False,True,False,False,False,False,VAL 2022-26,1.1799999475479126,1.0,False,1.18,,2026-02-02,,,False,True
DLPN,2020-06-04,1.1235955537772684,72.0,True,False,False,sin 8-K,True,False,377957505.171463,-1.2500000000000002,0.1222751349449185,0.3174603238678044,0.4024389988605917,False,True,False,False,False,False,DEV 2015-21,18.89999961853028,0.1,False,1.889999961853028,37795750.517146304,2020-06-04,19997751.999999993,,False,False
DLPN,2021-03-23,0.9633027860065,72.0,False,False,False,sin 8-K,True,False,701956581.4871407,-1.2500000000000004,-0.723084135556161,0.713084135556161,-0.0452809562008029,False,True,False,False,False,False,DEV 2015-21,21.39999961853028,0.5,False,10.699999809265137,350978290.7435703,2021-03-23,32801710.0,,False,True
DLXY,2026-03-04,0.6058394277026138,51.0,False,False,False,sin 8-K,False,True,21582000.85759163,-0.3363636363636363,-0.1009090909090909,0.2424241822175328,0.1875000620881691,False,True,False,False,False,True,VAL 2022-26,1.3200000524520874,1.0,False,1.32,21582000.85759163,2026-03-04,16350000.649690628,,False,True
DLXY,2026-09-16,1.457831328762064,51.0,False,False,False,sin 8-K,False,True,,-1.2500000000000009,-1.2550980437988963,3.3627449926253856,0.6310043481719229,True,True,False,False,False,False,VAL 2022-26,1.0199999809265137,1.0,False,1.02,,2026-09-16,,,False,True
DMRA,2025-09-23,0.5300000508626301,28.0,False,False,False,sin 8-K,True,False,6079730.602111816,0.2353669935338528,0.0706100980601558,0.093681876698018,-0.0094787774120645,False,True,False,False,False,True,VAL 2022-26,4.590000152587891,1.0,False,4.590000152587891,6079730.602111816,2025-09-23,1324560.0,,True,True
DMRA,2025-11-10,3.3313134060990075,28.0,False,False,False,8-K con acuerdo (1.01),True,False,28455425.98880768,0.6180970817299758,0.1854291245189927,0.2070894830275778,-0.366956517316293,False,False,False,False,False,True,VAL 2022-26,21.440000534057617,1.0,False,21.440000534057617,28455425.98880768,2025-11-10,1327212.0,F,True,True
DOGZ,2021-02-17,0.6681615262621388,39.0,True,True,False,sin 8-K,False,True,,-1.25,0.2158064880000599,0.303763414121168,0.128472185889143,False,True,False,True,True,False,DEV 2015-21,74.4000015258789,0.05,False,3.7200000762939456,,2021-02-17,,,False,False
DOMH,2016-05-24,0.7329842989854691,62.0,True,False,False,8-K con acuerdo (1.01),True,False,634002232.8348083,-1.2500000000000002,0.0625075552271518,0.4169183893615367,0.0618892944051953,False,False,False,False,False,False,DEV 2015-21,215.1363983154297,0.0153855882352941,False,3.310000038905424,9754497.294653429,2016-05-24,2946978.0,H,True,False
DOMH,2017-06-29,0.7172775075038902,62.0,True,False,False,sin 8-K,True,False,1053979035.631836,-1.2500000000000009,-0.2051219320165091,0.4481706618782151,0.3367346773774807,False,True,False,False,False,False,DEV 2015-21,213.1865234375,0.0153855882352941,False,3.2800000669232534,16216087.450863814,2017-06-29,4943929.0,,True,False
DOMH,2020-03-09,1.9451220617645752,62.0,True,True,True,sin 8-K,True,False,396225831.3352814,1.0777777261573602,0.323333317847208,0.1428570897618561,0.4316770249097494,False,True,False,True,True,False,DEV 2015-21,82.11000061035156,0.0588235294117647,False,4.830000035903033,23307401.843251847,2020-03-09,4825549.000000001,,True,False
DOMH,2020-04-14,2.1343283307158227,62.0,True,True,True,sin 8-K,True,False,172272102.98160172,-1.2500000000000009,0.5995238296225875,0.3047619281680767,-0.0731707667480163,False,True,False,True,True,False,DEV 2015-21,35.70000076293945,0.0588235294117647,False,2.1000000448787914,10133653.116564808,2020-04-14,4825549.000000001,,True,False
DOMH,2021-01-06,0.7058823490589281,62.0,True,False,True,sin 8-K,True,False,860783385.0289936,0.9091953240322296,0.2727585972096688,0.2068965704013998,-0.0673077213527675,False,True,False,True,True,False,DEV 2015-21,24.64999961853028,0.0588235294117647,False,1.4499999775606045,50634316.76641139,2021-01-06,34920218.99999999,,False,False
DOMH,2025-02-11,0.6931819096647462,62.0,True,False,False,sin 8-K,False,False,65460121.25532532,0.9158517673788166,0.2747555302136449,0.0862895102777376,0.079088491899585,False,True,False,False,False,False,VAL 2022-26,10.43000030517578,1.0,False,10.43,65460121.25532532,2025-02-11,6276138.183636176,,False,False
DPRO,2022-03-22,0.8802395209580838,37.0,False,False,False,sin 8-K,False,True,2606041744.0,0.7946921443736731,0.2384076433121019,0.2229299363057324,-0.0932203389830508,False,True,False,False,False,False,VAL 2022-26,78.5,0.04,False,3.14,104241669.76,2022-03-22,33197984.0,,False,True
DRCT,2022-03-09,0.9583333333333331,73.0,False,True,False,sin 8-K,True,False,,-1.2500000000000004,-0.0695744444738273,0.553191489361702,0.0401606434652103,False,True,False,True,True,False,VAL 2022-26,517.0,0.0045454545454545,False,2.35,,2022-03-09,,,False,False
DRCT,2022-03-30,0.8255813878466052,73.0,False,True,False,8-K otros items,True,False,,0.3700635954707616,0.1110190786412284,0.1656051975896944,-0.0531401241356452,False,False,False,True,False,False,VAL 2022-26,1036.199951171875,0.0045454545454545,False,4.709999778053977,,2022-03-30,,R,False,False
DRCT,2022-07-20,0.7248323534751218,73.0,False,True,True,sin 8-K,True,False,,0.2520105077475639,0.0756031523242691,0.2451361330052504,0.0425531914893617,False,True,False,True,True,False,VAL 2022-26,565.4000244140625,0.0045454545454545,False,2.570000110973011,,2022-07-20,,,False,False
DRCT,2026-01-23,1.3549784380837258,73.0,True,True,True,sin 8-K,True,False,,0.7816175917380483,0.2344852775214145,0.110294098956156,0.1727493953971873,True,True,False,True,False,False,VAL 2022-26,21.76000022888184,0.25,False,5.44,,2026-01-23,,,False,False
DRIO,2019-12-03,0.880239517310579,38.0,True,False,False,8-K con acuerdo (1.01),True,False,8232484389.295654,0.6566879204435006,0.1970063761330501,0.1942675546137509,-0.1619813466913449,False,False,False,False,False,False,DEV 2015-21,188.3999938964844,0.05,False,9.419999694824218,411624219.4647827,2019-12-03,43696840.0,F,False,False
DRK,2021-08-06,0.5552325384294308,61.0,False,True,False,sin 8-K,True,True,,0.2719625081706164,0.0815887524511849,0.0485981634366654,-0.1111110712423057,False,True,False,True,True,False,DEV 2015-21,374.5,0.0142857142857142,False,5.35,,2021-08-06,,H,False,False
DRK,2026-06-01,0.6657894745097597,61.0,True,False,False,sin 8-K,True,True,11922827.046297072,-1.2500000000000004,-0.2801421893771226,0.5260663449986938,0.0273631581138646,True,True,False,False,False,True,VAL 2022-26,3.164999961853028,1.0,False,3.164999961853028,11922827.046297072,2026-06-01,3767085.999999999,,True,False
DRMA,2023-04-18,1.1012658227848102,28.0,True,True,True,sin 8-K,True,False,6026902572.0,0.7598393574297189,0.2279518072289156,0.1837349397590362,-0.0118577075098814,False,True,False,True,True,False,VAL 2022-26,498.0,0.0066666666666666,False,3.3200000000000003,40179350.48,2023-04-18,12102213.999999998,,False,False
DRMA,2023-05-12,0.7098445595854923,28.0,True,True,True,8-K otros items,True,False,1157387715.0,0.6636363636363636,0.199090909090909,0.1151515151515152,0.0114942528735632,True,False,False,True,False,False,VAL 2022-26,495.0,0.0066666666666666,False,3.3000000000000003,7715918.100000001,2023-05-12,2338157.0,R,True,False
DRMA,2024-07-24,1.2153845566969652,28.0,True,True,True,sin 8-K,True,False,191832186.9181824,-1.2499999999999998,0.0629166156163908,0.7361111571023506,0.0337079213543746,True,True,False,True,False,False,VAL 2022-26,28.799999237060547,0.1,False,2.879999923706055,19183218.69181824,2024-07-24,6660840.000000001,,False,False
DRMA,2024-09-16,0.5063290474526001,28.0,True,True,True,sin 8-K,True,False,31320346.795986176,0.0507000690973127,0.0152100207291938,0.046218504904691,0.1120689782744776,True,True,False,True,False,False,VAL 2022-26,23.799999237060547,0.1,False,2.379999923706055,3132034.679598618,2024-09-16,1315981.0,,True,False
DRMA,2025-03-27,0.6296296296296295,28.0,True,True,True,8-K solo nota de prensa (7.01/8.01),True,False,119474256.0,1.1484848773840703,0.344545463215221,0.0772727619517932,0.1690140599131793,False,False,True,True,False,False,VAL 2022-26,22.0,0.1,False,2.2,11947425.6,2025-03-27,5430647.999999999,B,False,False
DSY,2024-06-10,1.0639078685673944,26.0,False,True,False,sin 8-K,False,True,,-1.2500000000000009,0.0737564193897375,0.3045685161234854,0.2299168860910214,False,True,False,True,True,False,VAL 2022-26,78.80000305175781,0.05,False,3.9400001525878894,,2024-06-10,,,False,False
DSY,2026-06-10,4.206521603217199,26.0,True,False,False,sin 8-K,False,True,,-1.2500000000000009,0.2384342519201406,1.0772442355961829,0.461111080940858,False,True,False,False,False,False,VAL 2022-26,9.579999923706056,1.0,False,9.58,,2026-06-10,,,False,False
DSY,2026-08-07,0.74782612361319,26.0,True,False,False,sin 8-K,False,True,,0.7571587923826572,0.2271476377147971,0.0331674630690423,-0.0478261459977968,False,True,False,False,False,False,VAL 2022-26,6.03000020980835,1.0,False,6.03,,2026-08-07,,,False,False
DTIL,2025-01-10,0.5111111534966364,28.0,True,False,False,sin 8-K,True,False,52163202.66313839,0.5058825248115429,0.1517647574434628,0.0941176247844239,-0.0070175374020204,False,True,False,False,False,False,VAL 2022-26,6.800000190734863,1.0,False,6.8,52163202.66313839,2025-01-10,7671059.215167411,,False,False
DTSS,2020-08-03,1.963917486919423,73.0,False,False,False,sin 8-K,False,False,,1.5144927241376058,0.4543478172412817,0.0852173736129981,0.0422078080246201,True,True,False,False,False,False,DEV 2015-21,86.25,0.0666666666666666,False,5.75,,2020-08-03,,,False,True
DTSS,2021-07-14,1.1399317729037413,73.0,False,False,False,sin 8-K,False,False,,1.1841042415105785,0.3552312724531735,0.0909090392868783,-0.0175879266941712,False,True,False,False,False,False,DEV 2015-21,94.0500030517578,0.0666666666666666,False,6.270000203450521,,2021-07-14,,,False,True
DTST,2021-07-07,0.7283951231005168,73.0,False,True,False,sin 8-K,True,False,1619596715.8338966,0.7391534359496958,0.2217460307849087,0.0396825384811359,-0.0320247372075628,False,True,False,True,True,False,DEV 2015-21,12.600000381469728,1.0,False,12.600000381469728,1619596715.8338966,2021-07-07,128539417.99999999,,False,False
DTST,2022-05-16,0.5956522401654667,73.0,True,False,False,sin 8-K,False,False,24578456.60095024,0.166485035455722,0.0499455106367166,0.0354223088064935,0.0724637671143937,False,True,False,False,False,True,VAL 2022-26,3.670000076293945,1.0,False,3.670000076293945,24578456.60095024,2022-05-16,6697127.000000001,,False,False
DUO,2024-03-11,0.8347107096046036,65.0,True,False,False,sin 8-K,False,True,,1.29399407139634,0.388198221418902,0.1891892211176569,-0.1152694968761097,False,True,False,False,False,False,VAL 2022-26,17.760000228881836,0.0625,False,1.1100000143051147,,2024-03-11,,,False,False
DUO,2024-05-17,2.809523866432411,65.0,True,False,False,sin 8-K,False,True,,-1.25,-0.1152631372560091,0.3815789019632201,0.3095238078343354,False,True,False,False,False,False,VAL 2022-26,24.31999969482422,0.0625,False,1.5199999809265137,,2024-05-17,,,False,False
DUO,2024-12-09,0.7474048004012692,65.0,True,True,True,sin 8-K,False,True,,-1.2500000000000009,0.1187128677813168,0.5247524518754454,0.1250000169331378,False,True,False,True,True,False,VAL 2022-26,16.15999984741211,0.0625,False,1.01,,2024-12-09,,,False,False
DVLT,2024-09-04,0.7500000657404164,73.0,True,True,True,sin 8-K,True,False,13377052.443227768,-1.2500000000000009,-0.2957141998492553,0.3655461528259012,0.1633986958659308,False,True,False,True,True,True,VAL 2022-26,2.380000114440918,1.0,False,2.380000114440918,13377052.443227768,2024-09-04,5620610.0,,False,False
DWSN,2025-06-16,3.0145985261729216,13.0,False,False,False,sin 8-K,False,False,170408903.5,1.5424241846257989,0.4627272553877397,0.007272720336914,0.2068965942482588,True,True,False,False,False,False,VAL 2022-26,5.5,1.0,False,5.5,170408903.5,2025-06-16,30983437.0,,False,True
DWTX,2023-04-25,0.92,28.0,True,False,False,sin 8-K,True,False,549911700.0,0.6055555555555556,0.1816666666666666,0.1999999999999999,0.2010309278350515,False,True,False,False,False,False,VAL 2022-26,30.0,0.04,False,1.2,21996468.0,2023-04-25,18330390.0,,False,False
DWTX,2025-09-29,0.5380434421112346,28.0,True,False,False,8-K con acuerdo (1.01),True,False,16225476.282577517,0.1943855278140039,0.0583156583442011,0.1189635166207803,0.0265486779011351,False,False,False,False,False,True,VAL 2022-26,8.489999771118164,1.0,False,8.49,16225476.282577517,2025-09-29,1911127.9484779171,H,True,False
DXF,2026-05-14,0.6710526274512019,61.0,False,False,False,sin 8-K,False,True,118970494083.0524,-1.25,-0.3879527766002862,0.5669291649004293,0.205714293888637,True,True,False,False,False,False,VAL 2022-26,1.2699999809265137,1.0,False,1.27,118970494083.0524,2026-05-14,93677554396.10425,,False,True
DXR,2020-03-02,0.9767440983641824,,False,False,False,sin 8-K,False,False,,0.5058823529411764,0.1517647058823529,0.0529411540311925,0.1621052926046806,False,True,False,False,False,False,DEV 2015-21,17.0,1.0,False,17.0,,2020-03-02,,,False,True
DXST,2026-06-02,0.8562499902211131,49.0,True,False,False,sin 8-K,False,True,,-1.2500000000000009,-0.6766665863910516,0.8417507533665787,0.0303029544060814,False,True,False,False,False,False,VAL 2022-26,2.970000028610229,1.0,False,2.97,,2026-06-02,,F,False,False
DYAI,2021-03-22,0.5272045890880332,28.0,True,False,False,sin 8-K,False,False,223704767.41524985,0.4867323522516613,0.1460197056754983,0.0786240003261706,0.1892284913468977,False,True,False,False,False,False,DEV 2015-21,8.140000343322754,1.0,False,8.140000343322754,223704767.41524985,2021-03-22,27482157.000000004,,False,False
EBS,2024-05-02,0.5284974755733673,28.0,True,False,False,8-K con acuerdo (1.01),True,False,154585459.99871492,-1.2500000000000004,-0.1286440335509084,0.6135593735394336,-0.1787879276100495,True,False,False,False,False,False,VAL 2022-26,2.950000047683716,1.0,False,2.950000047683716,154585459.99871492,2024-05-02,52401850.0,R,False,False
ECOR,2020-04-03,0.7402945232283744,38.0,True,True,False,8-K solo nota de prensa (7.01/8.01),False,False,584211517.5,0.6589743915786092,0.1976923174735827,0.0769230769230768,0.0970873798393494,False,False,True,True,False,False,DEV 2015-21,19.5,0.0666666666666666,False,1.3,38947434.5,2020-04-03,29959565.0,H,False,False
ECOR,2020-07-13,2.6941175273820464,38.0,True,False,False,8-K solo nota de prensa (7.01/8.01),False,False,1411095465.7853315,1.4104032818168306,0.4231209845450491,0.0509554480601008,-0.0280898868377946,False,False,True,False,False,False,DEV 2015-21,47.09999847412109,0.0666666666666666,False,3.1399998982747395,94073031.05235544,2020-07-13,29959564.999999996,B,False,False
EDBL,2024-05-15,0.8571428571428572,1.0,True,False,True,8-K otros items,True,False,538522067362.5,1.2234972677595628,0.3670491803278688,0.1601513240857504,0.0384615384615384,False,False,False,True,False,False,VAL 2022-26,89212.5,8.888888888888889e-05,False,7.930000000000001,47868628.21,2024-05-15,6036397.0,R,False,False
EDBL,2024-05-21,0.5,1.0,True,False,True,sin 8-K,True,False,387083957625.0,0.7678362573099415,0.2303508771929824,0.0280701754385965,0.4688221709006928,False,True,False,True,True,False,VAL 2022-26,64125.0,8.888888888888889e-05,False,5.7,34407462.9,2024-05-21,6036397.0,,False,False
EDBL,2026-07-27,1.509554092731916,1.0,True,False,False,sin 8-K,True,False,7200397.384571075,2.069035514564773,0.6207106543694318,0.0913705909355677,0.1649484552975418,False,True,False,False,False,True,VAL 2022-26,7.880000114440918,1.0,False,7.88,7200397.384571075,2026-07-27,913756.0132704411,,True,False
EDRY,2020-11-12,1.3162583850066247,44.0,True,False,False,sin 8-K,False,True,,1.0243589214554416,0.3073076764366325,0.0288461732441158,0.253521089869769,False,True,False,False,False,False,DEV 2015-21,10.399999618530272,1.0,False,10.399999618530272,,2020-11-12,,,False,False
EDSA,2018-06-21,0.5757574623291781,28.0,True,True,False,sin 8-K,True,True,164113399.41360474,0.6205127828925309,0.1861538348677592,0.2500000349331261,0.1196172265438268,False,True,False,True,True,False,DEV 2015-21,109.1999969482422,0.0238095238095238,False,2.5999999273391,3907461.890800112,2018-06-21,1502869.9999999995,,True,False
EDSA,2019-05-31,0.7833332248465759,28.0,True,False,True,8-K otros items,False,True,479124649.558754,0.2626166730230809,0.0787850019069242,0.2149532742012796,0.2717948928144612,False,False,False,True,False,False,DEV 2015-21,89.87999725341797,0.0238095238095238,False,2.1399999346051897,11407729.751398904,2019-05-31,5330715.0,S,False,False
EDSA,2020-06-15,1.4034484112912788,28.0,True,False,False,sin 8-K,True,True,432238375.7208023,-1.2500000000000004,0.1578623137471554,0.4347202026332122,-0.1413793569998664,False,True,False,False,False,False,DEV 2015-21,48.790000915527344,0.1428571428571428,False,6.97000013078962,61748339.38868604,2020-06-15,8859159.0,,False,False
EDSA,2020-07-30,1.9192307055449973,28.0,True,False,False,sin 8-K,True,True,941374254.2652054,1.2249011796219302,0.367470353886579,0.2582344650890587,0.2751322803192881,True,True,False,False,False,False,DEV 2015-21,106.26000213623048,0.1428571428571428,False,15.18000030517578,134482036.32360077,2020-07-30,8859159.000000002,,False,False
EDSA,2021-01-26,0.6130198941739293,28.0,True,False,False,sin 8-K,True,True,657061537.8287392,0.5047831645341976,0.1514349493602592,0.0201794068536622,0.184491973544827,False,True,False,False,False,False,DEV 2015-21,62.43999862670898,0.1428571428571428,False,8.91999980381557,93865933.97553416,2021-01-26,10523086.999999998,,False,False
EDSA,2021-09-20,0.6071429001727271,28.0,True,False,True,sin 8-K,False,True,876855248.0763779,-0.9045855639556424,-0.2713756691866927,0.2698412405499022,0.2986577331555335,False,True,False,True,True,False,DEV 2015-21,66.1500015258789,0.1428571428571428,False,9.4500002179827,125265035.43948254,2021-09-20,13255559.0,,False,False
EDSA,2025-02-13,0.6075268744843478,28.0,True,False,False,8-K con acuerdo (1.01),True,True,10368297.453070164,-1.2500000000000009,-0.0969565182722324,0.5016721594639137,0.1723076747013972,True,False,False,False,False,True,VAL 2022-26,2.990000009536743,1.0,False,2.99,10368297.453070164,2025-02-13,3467658.011060255,F,True,False
EDVA,2022-01-11,0.5355450682518934,20.0,True,False,False,sin 8-K,True,False,8454776510.177917,-0.4037035292776824,-0.1211110587833047,0.1728394509379327,0.0,False,True,False,False,False,False,VAL 2022-26,259.20001220703125,0.00625,False,1.6200000762939455,52842353.188611984,2022-01-11,32618734.999999996,,False,False
EEIQ,2023-05-24,0.60958893372029,82.0,True,False,False,sin 8-K,False,True,430114128.14515686,-1.2500000000000004,-0.0270213625084638,0.4042553558453237,-0.0083681924889771,False,True,False,False,False,False,VAL 2022-26,37.59999847412109,0.0625,False,2.3499999046325684,26882133.009072304,2023-05-24,11439206.0,,False,False
EEIQ,2025-08-22,1.541436535650604,82.0,True,False,False,sin 8-K,False,True,,0.3048308844894518,0.0914492653468355,0.2608695764848099,0.4032258033504347,True,True,False,False,False,False,VAL 2022-26,22.07999992370605,0.0625,False,1.38,,2025-08-22,,R,False,False
EEIQ,2026-03-26,0.754578728346921,82.0,True,False,False,sin 8-K,False,True,112070034.03748798,-1.2500000000000009,-0.772004101795078,1.651356975032647,0.1729857386134501,False,True,False,False,False,False,VAL 2022-26,4.789999961853027,1.0,False,4.79,112070034.03748798,2026-03-26,23396666.813671812,,False,False
EFC,2020-04-08,0.5383141869199908,65.0,True,True,True,8-K solo nota de prensa (7.01/8.01),True,False,353866799.1125488,-0.4858033162451834,-0.145740994873555,0.1581569738475889,-0.2105263267967951,False,False,True,True,False,False,DEV 2015-21,8.029999732971191,1.0,False,8.029999732971191,353866799.1125488,2020-04-08,44068096.0,O,False,False
EFOI,2021-12-08,0.794871845032181,36.0,False,False,False,sin 8-K,False,False,124645563.0,0.1380952692356239,0.0414285807706871,0.262857164655413,-0.0632529831252991,False,True,False,False,False,False,DEV 2015-21,24.5,0.1428571428571428,False,3.5,17806509.0,2021-12-08,5087574.0,,False,True
EFOI,2025-02-18,0.5116279886416646,36.0,True,False,False,sin 8-K,False,False,10258445.20085168,-1.2500000000000002,-0.4048717754346462,0.4820512996074162,0.0404412251313866,False,True,False,False,False,True,VAL 2022-26,1.950000047683716,1.0,False,1.95,10258445.20085168,2025-02-18,5260741.128641888,,False,False
EFOI,2026-04-17,1.5741628398962138,36.0,True,False,False,sin 8-K,False,False,33928610.26171398,-1.2500000000000002,-0.2163196343988546,0.828996271984364,0.161787326799366,False,True,False,False,False,False,VAL 2022-26,5.380000114440918,1.0,False,5.38,33928610.26171398,2026-04-17,6306433.134147581,,False,False
EHGO,2026-06-17,2.643939205793427,73.0,True,False,False,sin 8-K,False,True,,-1.2500000000000009,0.389168370211219,0.4012473703322623,0.3771626688657273,False,True,False,False,False,False,VAL 2022-26,4.809999942779541,1.0,False,4.81,,2026-06-17,,,False,False
EHGO,2026-06-22,0.5222222678455317,73.0,True,False,False,sin 8-K,False,True,,-1.2500000000000002,-0.4917517987768083,1.4635036410606563,0.0147783112377248,True,True,False,False,False,False,VAL 2022-26,2.740000009536743,1.0,False,2.74,,2026-06-22,,,False,False
EHGO,2026-08-19,0.5027624942535851,73.0,True,True,True,sin 8-K,False,True,,1.817156831593593,0.545147049478078,0.0257352693038623,-0.1735536465430883,False,True,False,True,True,False,VAL 2022-26,2.720000028610229,1.0,False,2.72,,2026-08-19,,H,False,False
ELAB,2024-01-16,0.976608134920635,28.0,False,True,False,sin 8-K,False,False,69055777695830.0,1.9291912577713244,0.5787573773313973,0.1508876638019776,0.2158273578850174,False,True,False,True,True,False,VAL 2022-26,3984842.0,8.482142857142857e-07,False,3.379999910714285,58574097.15271294,2024-01-16,17329615.0,,False,False
ELAB,2024-02-01,0.5050651190131499,28.0,False,True,False,sin 8-K,False,False,21247931931978.75,0.6076922161997649,0.1823076648599294,0.0,0.0107143220032145,False,True,False,True,True,False,VAL 2022-26,1226105.25,8.482142857142857e-07,False,1.0399999888392857,18022799.40658912,2024-02-01,17329615.000000004,,False,False
ELAB,2025-01-24,1.0,28.0,False,False,False,sin 8-K,True,False,12083848897897.447,0.6905725131195455,0.2071717539358636,0.0277777289702039,0.3387096325979363,True,True,False,False,False,False,VAL 2022-26,23343.158203125,0.0001696428571428,False,3.96,2049938652.321888,2025-01-24,517661275.83886063,,False,True
ELAB,2025-10-14,0.8598848786379594,28.0,True,False,False,sin 8-K,True,False,3453113816.2026367,0.1937050507866928,0.0581115152360078,0.1486067419174612,0.1760797269211796,False,True,False,False,False,False,VAL 2022-26,2325.60009765625,0.0041666666666666,False,9.69,14387974.234177653,2025-10-14,1484827.062350635,,True,False
ELAB,2026-03-30,1.4311375221143932,28.0,True,True,True,sin 8-K,True,False,47059945.43133545,0.3771757132936066,0.113152713988082,0.2019704697320672,-0.6825843846432282,True,True,False,True,False,False,VAL 2022-26,40.59999847412109,0.1,False,4.06,4705994.543133545,2026-03-30,1159111.9564368338,,True,False
ELBM,2023-07-25,0.6260162349481313,14.0,False,False,False,sin 8-K,False,True,,-1.2500000000000009,-0.0599999523162841,0.3300000429153442,0.1857142305698499,False,True,False,False,False,False,VAL 2022-26,8.0,0.25,False,2.0,,2023-07-25,,,False,True
ELBM,2025-10-13,1.0,14.0,True,False,False,sin 8-K,False,True,,-1.2500000000000009,-1.1372727522311463,1.6363636166596214,0.3290598218028289,False,True,False,False,False,False,VAL 2022-26,3.299999952316284,1.0,False,3.3,,2025-10-13,,,False,False
ELDN,2020-09-15,1.8232190198612952,28.0,True,False,False,sin 8-K,True,False,373346668.5567741,-0.1579438049148789,-0.0473831414744636,0.2616821883844451,0.0990990784584727,False,True,False,False,False,False,DEV 2015-21,19.26000022888184,0.0555555555555555,False,1.0700000127156577,20741481.58648745,2020-09-15,19384561.999999996,,False,False
ELMD,2016-02-10,0.6206896079233892,38.0,False,False,False,8-K otros items,False,False,23087655.29345131,-0.5416076559533022,-0.1624822967859906,0.2056738212251214,0.0799999970656174,False,False,False,False,False,True,DEV 2015-21,2.819999933242798,1.0,False,2.819999933242798,23087655.29345131,2016-02-10,8187112.0,R,False,True
ELOG,2025-12-24,0.9929577529820584,47.0,False,False,False,sin 8-K,False,True,,1.356537078161981,0.4069611234485942,0.0,0.0424242025783452,False,True,False,False,False,False,VAL 2022-26,2.8299999237060547,1.0,False,2.83,,2025-12-24,,,False,True
ELPW,2026-04-08,0.7500000543404193,36.0,False,True,False,sin 8-K,False,True,,0.5527472186245416,0.1658241655873624,0.1062270702845171,0.1333333333333333,True,True,False,True,False,False,VAL 2022-26,122.8499984741211,0.0222222222222222,False,2.73,,2026-04-08,,,False,False
ELPW,2026-06-09,0.7250323966150511,36.0,False,True,True,sin 8-K,False,True,,-1.2500000000000009,0.1178195138883666,0.7518797184173334,0.0,False,True,False,True,True,False,VAL 2022-26,59.84999847412109,0.0222222222222222,False,1.33,,2026-06-09,,,False,False
ELTK,2019-05-29,0.7317072798424287,36.0,False,True,False,sin 8-K,False,True,5761087.505887985,-1.2500000000000004,-1.4747888068853945,2.070422722030037,-0.1885713849748884,False,True,False,True,True,True,DEV 2015-21,2.8399999141693115,1.0,False,2.8399999141693115,5761087.505887985,2019-05-29,2028552.0,R,True,False
ELVA,2026-07-15,0.5462610919788675,36.0,False,False,False,sin 8-K,False,True,,0.0868851331317641,0.0260655399395292,0.0081967527076338,0.1887755292365237,False,True,False,False,False,False,VAL 2022-26,12.199999809265137,1.0,False,12.2,,2026-07-15,,H,False,True
EMPD,2022-08-19,0.6521739130434783,61.0,False,False,True,sin 8-K,True,False,106576708147200.0,0.6464912280701754,0.1939473684210526,0.0986842105263157,0.1859504132231405,False,True,False,True,True,False,VAL 2022-26,4377600.0,6.944444444444445e-07,False,3.04,74011602.88000001,2022-08-19,24345922.000000004,,False,True
EMPD,2024-07-11,0.6690410543718455,61.0,True,False,True,sin 8-K,True,False,7309992576.194763,1.2536003475306927,0.3760801042592078,0.1490479302746978,0.0133689711734726,False,True,False,True,True,False,VAL 2022-26,389.8880004882813,0.015625,False,6.0920000076293945,114218634.00304316,2024-07-11,18748954.999999996,,False,False
EMPD,2025-02-04,0.7095808936770891,61.0,True,False,False,8-K con acuerdo (1.01),True,False,25622003.531173702,-1.2500000000000004,0.4295796801566764,0.7688266749552266,0.4281249951105565,False,False,False,False,False,True,VAL 2022-26,45.68000030517578,0.125,False,5.710000038146973,3202750.441396713,2025-02-04,560901.9999999999,H,True,False
EMPD,2025-07-17,3.415329715009153,61.0,True,False,True,8-K con acuerdo (1.01),True,False,156832513.63119507,1.53131256260534,0.459393768781602,0.0825741857766038,0.2082369214670185,False,False,False,True,False,False,VAL 2022-26,40.72700119018555,1.0,False,40.72700119018555,156832513.63119507,2025-07-17,3850824.0,F,True,False
ENGN,2024-02-14,0.8044619693575177,28.0,False,False,False,8-K con acuerdo (1.01),True,False,318972170.0,-0.7000000000000001,-0.21,0.2225454157049005,0.0484848600445371,True,False,False,False,False,False,VAL 2022-26,13.75,1.0,False,13.75,318972170.0,2024-02-14,23197976.0,F,False,True
ENLV,2020-10-01,0.7693602311595267,28.0,True,False,True,sin 8-K,False,True,,0.5121786402755262,0.1536535920826578,0.125594695961478,-0.1774743482234881,True,True,False,True,False,False,DEV 2015-21,157.64999389648438,0.0666666666666666,False,10.50999959309896,,2020-10-01,,B,False,False
ENLV,2025-11-24,0.7781493402246433,28.0,True,True,False,sin 8-K,False,True,,1.168338463443613,0.3505015390330838,0.1347962584874027,0.0392157107182956,False,True,False,True,True,False,VAL 2022-26,23.924999237060547,0.0666666666666666,False,1.595,,2025-11-24,,F,False,False
ENSC,2023-05-09,0.9156977014969728,28.0,True,False,True,sin 8-K,True,False,1524818954.8624268,1.2210924809466448,0.3663277442839934,0.0925645085191819,0.1411192302937323,False,True,False,True,True,False,VAL 2022-26,98.8499984741211,0.0666666666666666,False,6.58999989827474,101654596.99082844,2023-05-09,15425583.999999998,,False,False
ENSC,2025-04-23,1.262032089993196,28.0,True,True,True,sin 8-K,True,False,5943716.846800804,0.4079589757718251,0.1223876927315475,0.1465720763034141,0.0980926773925141,False,True,False,True,True,True,VAL 2022-26,4.230000019073486,1.0,False,4.23,5943716.846800804,2025-04-23,1405134.0063358874,,True,False
ENTX,2021-03-11,1.9062500162981448,28.0,True,False,False,sin 8-K,False,True,110384687.56389332,-1.25,0.1211828217212549,0.6924730589574781,-0.7079208318117428,False,True,False,False,False,False,DEV 2015-21,4.650000095367432,1.0,False,4.650000095367432,110384687.56389332,2021-03-11,23738642.0,O,False,False
ENTX,2021-06-23,0.6057907362323618,28.0,True,True,False,sin 8-K,False,True,171155609.72555733,0.2949144865420594,0.0884743459626178,0.2038835311028113,0.0599999794593224,False,True,False,True,True,False,DEV 2015-21,7.210000038146973,1.0,False,7.210000038146973,171155609.72555733,2021-06-23,23738642.0,F,False,False
ENVB,2018-01-10,1.845029239766082,28.0,False,True,False,sin 8-K,False,False,2082797587395000.0,-1.25,0.38568345323741,0.3874614594039054,0.1666666666666666,False,True,False,True,True,False,DEV 2015-21,131355000.0,7.407407407407407e-08,False,9.73,154281302.77,2018-01-10,15856249.0,,False,False
ENVB,2018-06-05,1.4472049689440991,28.0,False,False,False,sin 8-K,False,False,499746591810000.0,-1.25,0.2031979695431472,0.4162436548223349,0.0774193548387096,False,True,False,False,False,False,DEV 2015-21,26595000.0,7.407407407407407e-08,False,1.97,37018266.06,2018-06-05,18790998.0,,False,True
ENVB,2018-07-17,0.7796610169491525,28.0,False,False,False,sin 8-K,False,False,532724793300000.0,0.5380952380952381,0.1614285714285714,0.1857142857142857,0.1379310344827586,False,True,False,False,False,False,DEV 2015-21,28350000.0,7.407407407407407e-08,False,2.1,39461095.8,2018-07-17,18790997.999999996,,False,True
ENVB,2020-06-02,2.246268656716418,28.0,True,False,False,sin 8-K,True,False,7626510045000.0,1.100766283524904,0.3302298850574712,0.2183908045977012,0.1986062717770035,True,True,False,False,False,False,DEV 2015-21,2349000.0,1.851851851851852e-06,False,4.35,14123166.75,2020-06-02,3246705.0000000005,,True,False
ENVB,2021-03-10,0.7030716723549488,28.0,True,True,True,sin 8-K,True,False,5046678615600.0,-1.25,0.0801803607214429,0.4028056112224449,0.2334801762114537,True,True,False,True,False,False,DEV 2015-21,673650.0,7.407407407407407e-06,False,4.99,37382804.56,2021-03-10,7491544.0,,False,False
ENVB,2024-02-29,1.370637837390828,28.0,True,True,True,8-K solo nota de prensa (7.01/8.01),True,False,12347074485.0,-1.2500000000000004,0.2539593908629441,0.482233502538071,-0.1448275862068965,False,False,True,True,False,False,VAL 2022-26,5319.0,0.0003703703703703,False,1.97,4572990.55,2024-02-29,2321315.0,H,True,False
ENVB,2024-03-19,0.5454545454545454,28.0,True,True,True,8-K solo nota de prensa (7.01/8.01),True,False,10654835850.0,0.9666666666666668,0.29,0.1,0.0168067226890756,False,False,True,True,False,False,VAL 2022-26,4590.0,0.0003703703703703,False,1.7,3946235.5,2024-03-19,2321315.0,H,True,False
ENVB,2025-02-26,1.6016949540660337,28.0,True,True,True,8-K solo nota de prensa (7.01/8.01),True,False,366370854.3174744,-1.2500000000000002,0.2408143249958451,0.4657980395314052,0.0782608629549985,False,False,True,True,False,False,VAL 2022-26,36.84000015258789,0.0833333333333333,False,3.07,30530904.5264562,2025-02-26,9944920.041190945,O,False,False
ENVB,2025-12-10,0.9695945434364815,28.0,True,True,False,sin 8-K,True,False,6960763.388908386,0.3468839168413434,0.104065175052403,0.1363636512345911,0.4733784997678131,False,True,False,True,True,True,VAL 2022-26,11.65999984741211,1.0,False,11.66,6960763.388908386,2025-12-10,596977.9921876832,,True,False
ENVB,2026-04-20,1.3076921363856413,28.0,True,True,True,8-K con acuerdo (1.01),True,False,7927646.63998127,0.4031743959324426,0.1209523187797328,0.2928571606979897,0.0767123842445168,True,False,False,True,False,True,VAL 2022-26,4.199999809265137,1.0,False,4.2,7927646.63998127,2026-04-20,1887534.9142812546,F,True,False
EOCN,2018-06-12,2.620000155009921,28.0,True,True,True,sin 8-K,False,True,526733273380.5391,0.9861353623360308,0.2958406087008092,0.067876785959356,-0.0210347099625214,False,True,False,True,True,False,DEV 2015-21,36489.6015625,0.0006944444444444,False,25.34000108506944,365786995.4031521,2018-06-12,14435161.000000002,B,False,False
EOCN,2025-04-28,0.5859872142346516,28.0,True,False,False,sin 8-K,False,True,32956205.88622284,1.0643909629336987,0.3193172888801096,0.0763052435713877,0.1796406946261236,False,True,False,False,False,False,VAL 2022-26,19.920000076293945,0.125,False,2.490000009536743,4119525.735777855,2025-04-28,1654428.0,H,True,False
EOCN,2026-04-09,0.8649517777325473,28.0,True,False,False,sin 8-K,False,True,61075297.44257927,1.044252733292672,0.3132758199878016,0.0862069195856243,0.0560509912024306,False,True,False,False,False,False,VAL 2022-26,9.279999732971191,0.125,False,1.159999966621399,7634412.180322409,2026-04-09,6581390.0,H,False,False
EONR,2023-11-28,0.7341040271240409,13.0,False,False,False,sin 8-K,True,False,22546959.0,-1.2500000000000009,-0.2233333683013916,0.3833333651224773,0.2252747659420641,False,True,False,False,False,True,VAL 2022-26,3.0,1.0,False,3.0,22546959.0,2023-11-28,7515653.0,,False,True
EONR,2025-01-21,0.5196078248044149,13.0,False,True,False,sin 8-K,True,False,,0.4182794094581832,0.1254838228374549,0.2258064739413869,-0.0298507170572031,False,True,False,True,True,False,VAL 2022-26,1.5499999523162842,1.0,False,1.55,,2025-01-21,,,False,False
EPOW,2025-09-30,0.5795327874285232,36.0,True,True,False,sin 8-K,False,True,,0.0136150234741784,0.0040845070422535,0.1197183098591549,0.0071428571428571,False,True,False,True,True,False,VAL 2022-26,35.5,0.04,False,1.42,,2025-09-30,,,False,False
EQ,2020-07-13,1.821316563812844,28.0,True,False,False,8-K solo nota de prensa (7.01/8.01),False,False,158567319.0,-1.2500000000000009,-1.9544444444444444,2.0055554707845054,0.47245284746278,False,False,True,False,False,False,DEV 2015-21,9.0,1.0,False,9.0,158567319.0,2020-07-13,17618591.0,B,False,False
EQ,2025-08-11,1.180000066757202,28.0,True,False,False,8-K con acuerdo (1.01),True,False,38814799.81860888,0.5782875888660569,0.173486276659817,0.1467889557080632,-0.0449438450568527,False,False,False,False,False,False,VAL 2022-26,1.090000033378601,1.0,False,1.09,38814799.81860888,2025-08-11,35609908.09046686,F,False,False
ERII,2015-10-20,1.88211383847316,35.0,False,False,False,8-K con acuerdo (1.01),False,False,370319116.7098465,-0.1414668613650805,-0.0424400584095241,0.1509167379120102,0.0778688740839206,False,False,False,False,False,False,DEV 2015-21,7.090000152587891,1.0,False,7.090000152587891,370319116.7098465,2015-10-20,52231186.0,K,False,True
ERNA,2020-08-13,0.6054054054054054,28.0,False,False,False,8-K otros items,True,False,131369663700.0,-1.25,-0.4409764309764309,1.612794612794613,0.2635294117647059,False,False,False,False,False,False,DEV 2015-21,44550.0,6.666666666666667e-05,False,2.97,8757977.58,2020-08-13,2948814.0,O,True,True
ERNA,2021-04-06,0.7880085653104925,28.0,False,True,False,sin 8-K,True,False,186420471750.0,0.8768463073852295,0.2630538922155688,0.0215568862275448,0.0527182866556836,False,True,False,True,True,False,DEV 2015-21,62625.0,0.0001333333333333,False,8.35,24856062.9,2021-04-06,2976774.0,,True,False
ERNA,2025-10-29,0.736,28.0,True,False,True,sin 8-K,True,False,416145728.25,-1.2500000000000009,0.1789400921658986,0.3179723502304148,-0.0113636363636363,True,True,False,True,False,False,VAL 2022-26,54.25,0.04,False,2.17,16645829.13,2025-10-29,7670889.000000001,,False,False
ESEA,2020-05-27,0.6337453209308181,44.0,True,True,False,sin 8-K,False,True,18090342.7889514,0.4452561728417842,0.1335768518525352,0.2846345007982298,0.1911763970806603,False,True,False,True,True,True,DEV 2015-21,3.230268955230713,1.0,False,3.230268955230713,18090342.7889514,2020-05-27,5600259.000000001,,False,False
ESYN,2024-04-04,0.5477706708455015,51.0,False,False,False,sin 8-K,True,False,197113100.9613018,0.1449930422326769,0.043497912669803,0.0576132333265149,0.3086956687595533,False,True,False,False,False,False,VAL 2022-26,12.149999618530272,0.2,False,2.4299999237060548,39422620.19226036,2024-04-04,16223301.0,,False,True
ESYN,2025-09-02,0.6874999793039436,51.0,False,False,False,sin 8-K,True,False,15737652.432346344,-1.2500000000000009,-0.9523866915733948,2.197530768505476,0.0614406726152104,False,True,False,False,False,True,VAL 2022-26,2.430000066757202,1.0,False,2.430000066757202,15737652.432346344,2025-09-02,6476400.0,,False,True
ESYN,2026-06-10,0.6163265147242933,51.0,False,False,False,8-K con acuerdo (1.01),True,False,14803272.142601011,-1.2499999999999998,0.2728283114112669,0.3131312523164531,-0.3098592045902629,False,False,False,False,False,True,VAL 2022-26,1.9800000190734863,1.0,False,1.9800000190734863,14803272.142601011,2026-06-10,7476399.999999999,F,False,True
EVAX,2021-11-04,2.583076923076923,28.0,False,False,False,sin 8-K,False,True,,1.4852010877343638,0.4455603263203091,0.0751395448690426,0.446372239747634,False,True,False,False,False,False,DEV 2015-21,1164.5,0.02,False,23.290000000000006,,2021-11-04,,,False,True
EVAX,2022-09-21,0.7105263157894737,28.0,True,True,False,sin 8-K,False,True,,0.9102564102564102,0.273076923076923,0.083076923076923,-0.0429184549356223,False,True,False,True,True,False,VAL 2022-26,162.5,0.02,False,3.2500000000000004,,2022-09-21,,,False,False
EVAX,2025-01-24,0.914835052010291,28.0,True,False,False,sin 8-K,False,True,488809960.6060238,-1.2500000000000004,0.1248636454345508,0.4060258946529176,0.0049751589990911,True,True,False,False,False,False,VAL 2022-26,6.96999979019165,1.0,False,6.97,488809960.6060238,2025-01-24,70130553.88895607,,False,False
EVAX,2025-02-04,0.6374999627470985,28.0,True,True,False,sin 8-K,False,True,275613089.7617197,0.526463167616246,0.1579389502848737,0.0305343821728425,0.0856269030651296,True,True,False,True,False,False,VAL 2022-26,3.930000066757202,1.0,False,3.93,275613089.7617197,2025-02-04,70130557.19127728,,False,False
EVC,2026-05-06,0.6306532010090258,48.0,False,False,False,8-K otros items,False,False,,-0.6496663217372999,-0.1948998965211899,0.2865948653232544,0.0962289001884343,False,False,False,False,False,False,VAL 2022-26,6.489999771118164,1.0,False,6.4897,,2026-05-06,,R,False,True
EVGN,2025-06-10,0.8407079048524195,28.0,True,False,True,sin 8-K,False,True,13550344.622976303,-0.321794989358278,-0.0965384968074834,0.1634616178168377,0.1991150661870022,True,True,False,True,False,True,VAL 2022-26,2.0799999237060547,1.0,False,2.08,13550344.622976303,2025-06-10,6514588.7610463,,False,False
EVGO,2021-01-22,0.5554722460759949,75.0,False,False,False,8-K con acuerdo (1.01),True,False,,-0.2341365461847389,-0.0702409638554216,0.1566265060240963,0.1059090874411843,False,False,False,False,False,False,DEV 2015-21,20.75,1.0,False,20.75,,2021-01-22,,O,False,True
EVMN,2026-02-10,0.7374926930808823,28.0,False,False,False,8-K solo nota de prensa (7.01/8.01),True,False,930591239.7905846,0.0219963599277085,0.0065989079783125,0.1246612550172896,0.0196349152149715,True,False,True,False,False,False,VAL 2022-26,29.520000457763672,1.0,False,29.52,930591239.7905846,2026-02-10,31524093.48884094,B,False,True
EYPT,2023-12-04,2.3282904017587427,38.0,True,False,False,8-K solo nota de prensa (7.01/8.01),False,True,776807504.0,0.5212120980927438,0.1563636294278231,0.0200000242753461,0.0327153967545121,False,False,True,False,False,False,VAL 2022-26,22.0,1.0,False,22.0,776807504.0,2023-12-04,35309432.0,B,False,False
EZRA,2021-12-21,1.4622950819672131,64.0,False,False,True,sin 8-K,False,False,839259861618.0,0.8810031069684865,0.2643009320905459,0.0985352862849533,0.1119266055045871,False,True,False,True,True,False,DEV 2015-21,76602.0,9.803921568627452e-05,False,7.510000000000001,82280378.59,2021-12-21,10956109.0,,False,True
EZRA,2024-12-23,2.200000127156576,64.0,True,False,True,8-K solo nota de prensa (7.01/8.01),True,False,263051223.2527161,-1.2500000000000004,0.1801041889149272,0.3307290740518143,0.1864952113590643,False,False,True,True,False,False,VAL 2022-26,153.60000610351562,0.025,False,3.84000015258789,6576280.581317903,2024-12-23,1712573.0000000005,H,True,False
EZRA,2025-09-15,0.972010144619369,64.0,True,True,True,8-K otros items,True,False,269455348.0,1.5838709636401105,0.4751612890920331,0.0774194040606099,0.1441102872955822,False,False,False,True,False,False,VAL 2022-26,62.0,0.025,False,1.55,6736383.7,2025-09-15,4346054.0,O,True,False
EZRA,2026-08-03,0.7527472336731911,64.0,True,False,True,sin 8-K,True,False,3199563.677392006,-1.2499999999999998,0.1592789818704721,0.4420062138308185,0.1622641702952773,False,True,False,True,True,True,VAL 2022-26,3.190000057220459,1.0,False,3.19,3199563.677392006,2026-08-03,1002998.0179912244,,True,False
FABC,2020-07-06,0.5229357945324713,48.0,True,True,False,sin 8-K,True,False,2901551673.192993,-1.25,-0.0842971654903566,0.6425703361137025,-0.1084112026252247,False,True,False,True,True,False,DEV 2015-21,637.4400024414062,0.0078125,False,4.980000019073486,22668372.44682026,2020-07-06,4551882.0,,True,False
FAMI,2024-02-13,0.6000000000000001,20.0,True,False,False,sin 8-K,False,True,146257872.0,0.933333206176758,0.2799999618530273,0.1750000317891438,0.0492957809540055,False,True,False,False,False,False,VAL 2022-26,24.0,0.0833333333333333,False,2.0,12188156.0,2024-02-13,6094078.0,,False,False
FATE,2015-05-06,0.7580645564443484,28.0,True,False,False,8-K con acuerdo (1.01),False,False,179956537.75073147,0.5324160743842613,0.1597248223152783,0.0068806724891106,0.0069060380494988,True,False,False,False,False,False,DEV 2015-21,8.720000267028809,1.0,False,8.720000267028809,179956537.75073147,2015-05-06,20637217.0,K,False,False
FATN,2026-02-03,0.7146738663893237,73.0,False,False,False,sin 8-K,False,False,43931696.141617775,0.5530375824512035,0.165911274735361,0.0237718061375062,-0.0346154445727217,False,True,False,False,False,False,VAL 2022-26,3.1549999713897705,1.0,False,3.155,43931696.141617775,2026-02-03,13924467.873729883,,False,True
FBIO,2019-01-31,0.5337836967061464,28.0,True,False,False,8-K con acuerdo (1.01),False,False,1929937102.0069687,0.2603524294879429,0.0781057288463828,0.0308369826897885,-0.1932367197239264,True,False,False,False,False,False,DEV 2015-21,34.04999923706055,0.0666666666666666,False,2.26999994913737,128662473.46713129,2019-01-31,56679504.99999999,K,False,False
FBIO,2019-04-18,0.5479453021174967,28.0,True,False,False,sin 8-K,False,False,2078146402.439812,0.9106196515939996,0.2731858954781998,0.1017698169012912,-0.1604938949928407,True,True,False,False,False,False,DEV 2015-21,33.900001525878906,0.0666666666666666,False,2.2600001017252604,138543093.49598747,2019-04-18,61302251.000000015,,False,False
FCHL,2026-03-26,0.7748538870538766,79.0,False,False,False,sin 8-K,False,True,1547850051.8798828,-1.2500000000000004,-0.1796869459681353,0.4332783704116587,0.4647887323943662,False,True,False,False,False,False,VAL 2022-26,91.0500030517578,0.0333333333333333,False,3.035,51595001.72932943,2026-03-26,17000000.569795527,,False,True
FCUV,2026-04-06,1.2395210213452446,38.0,True,False,False,sin 8-K,True,False,30672039.2782116,0.7420678447051876,0.2226203534115562,0.2673796147143021,0.3423344519346464,True,True,False,False,False,False,VAL 2022-26,29.920000076293945,0.25,False,7.48,7668009.819552899,2026-04-06,1025135.0026140239,,True,False
FCUV,2026-07-31,4.436170368590686,38.0,True,True,False,sin 8-K,True,False,10476879.973740578,-1.2499999999999998,-0.1450293618771221,0.721134999314605,0.0086207222569984,False,True,False,True,True,True,VAL 2022-26,10.220000267028809,1.0,False,10.22,10476879.973740578,2026-07-31,1025135.0267847923,,True,False
FDMT,2024-02-05,0.7181246215156125,28.0,True,False,False,sin 8-K,True,False,1284745857.7315865,-0.2818082901096174,-0.0845424870328852,0.1851247875734043,-0.0284917356104165,False,True,False,False,False,False,VAL 2022-26,30.049999237060547,1.0,False,30.049999237060547,1284745857.7315865,2024-02-05,42753607.0,,False,False
FEMY,2023-09-26,2.674698811619804,38.0,True,True,False,sin 8-K,True,False,367784927.4500485,-1.2500000000000002,-0.2231147886982087,0.3606557902454281,0.2499999838906367,False,True,False,True,True,False,VAL 2022-26,24.39999961853028,0.05,False,1.2199999809265138,18389246.372502428,2023-09-26,15073153.000000002,,False,False
FENG,2020-11-19,0.5909091096748198,48.0,False,False,False,sin 8-K,False,True,,0.1299320354582603,0.038979610637478,0.0204081765052661,-0.0300429248960303,False,True,False,False,False,False,DEV 2015-21,14.699999809265137,0.1666666666666666,False,2.449999968210856,,2020-11-19,,O,False,True
FGI,2025-09-16,1.7103274940399862,34.0,True,False,False,sin 8-K,True,False,20641026.799066544,0.3570013017595055,0.1071003905278516,0.1728624179472284,0.0989473242508737,False,True,False,False,False,True,VAL 2022-26,10.760000228881836,1.0,False,10.76,20641026.799066544,2025-09-16,1918311.0408054409,,True,False
FGI,2026-08-13,0.7906977236520001,34.0,True,False,False,8-K otros items,True,False,16357865.885704994,-1.2500000000000009,-0.3937071897921046,1.353010587586088,0.1476109604517291,False,False,False,False,False,True,VAL 2022-26,8.470000267028809,1.0,False,8.47,16357865.885704994,2026-08-13,1931271.0608860676,R,True,False
FHTX,2021-12-13,0.5104254342002092,28.0,False,False,False,8-K con acuerdo (1.01),False,False,671728681.3189087,-0.1198415787804821,-0.0359524736341446,0.0491440839123837,0.046824587879754,False,False,False,False,False,False,DEV 2015-21,18.11000061035156,1.0,False,18.11000061035156,671728681.3189087,2021-12-13,37091588.00000001,K,False,True
FIEE,2024-01-04,1.9883041049822512,36.0,False,False,False,sin 8-K,True,False,13453654.341517923,0.938617227021854,0.2815851681065562,0.1487279319349035,-0.0635359188797224,False,True,False,False,False,True,VAL 2022-26,5.110000133514404,1.0,False,5.110000133514404,13453654.341517923,2024-01-04,2632808.9999999995,,True,True
FIRY,2026-07-28,0.6704546323077722,73.0,False,False,False,sin 8-K,True,False,,0.95127102397145,0.2853813071914349,0.0110991572701464,0.0,False,True,False,False,False,False,VAL 2022-26,13.96500015258789,1.0,False,13.965,,2026-07-28,,,False,True
FLD,2026-06-10,1.2140523601491906,61.0,True,True,True,8-K solo nota de prensa (7.01/8.01),False,False,67521409.74045658,1.5583025969853337,0.4674907790956,0.1808118090920001,0.0536722985478776,False,False,True,True,False,False,VAL 2022-26,1.3550000190734863,1.0,False,1.355,67521409.74045658,2026-06-10,49831298.70144397,F,False,False
FLNA,2017-03-21,0.5882352057271747,28.0,False,False,False,8-K solo nota de prensa (7.01/8.01),True,False,348833025.9597373,0.24444449700586,0.073333349101758,0.2314815463072272,-0.0404040716802551,False,False,True,False,False,False,DEV 2015-21,7.559999942779541,0.1428571428571428,False,1.0799999918256489,49833289.422819614,2017-03-21,46141934.99999999,O,False,True
FLNA,2020-09-14,1.1536145298604557,28.0,True,False,False,sin 8-K,False,False,178173233.3264928,-0.3130535648623349,-0.0939160694587004,0.1762237391942198,0.0941935508481917,False,True,False,False,False,False,DEV 2015-21,7.150000095367432,1.0,False,7.150000095367432,178173233.3264928,2020-09-14,24919333.0,,False,False
FLYX,2026-01-08,0.936305643496659,45.0,True,True,True,sin 8-K,False,False,,-1.25,-0.1991447549009919,0.4605263529391834,0.116182593412432,False,True,False,True,True,False,VAL 2022-26,6.079999923706055,1.0,False,6.08,,2026-01-08,,,False,False
FOCL,2018-06-08,0.8099547198894601,38.0,False,False,False,sin 8-K,False,True,115991464.0,0.3000000794728597,0.0900000238418579,0.0625,0.069444446284094,False,True,False,False,False,False,DEV 2015-21,4.0,1.0,False,4.0,115991464.0,2018-06-08,28997866.0,O,False,True
FOXX,2024-12-05,0.6906249271240097,35.0,False,False,False,sin 8-K,True,False,39388028.65906906,-1.25,0.0750277358819178,0.3031424010311669,-0.2121212588270268,False,True,False,False,False,False,VAL 2022-26,5.409999847412109,1.0,False,5.41,39388028.65906906,2024-12-05,7280596.794652321,,False,True
FOXX,2026-06-04,0.7762238146990728,35.0,False,False,False,sin 8-K,True,False,35769254.82279968,-1.25,-0.0434645824502146,0.5551181523648683,0.0361904870896112,False,True,False,False,False,False,VAL 2022-26,5.079999923706055,1.0,False,5.08,35769254.82279968,2026-06-04,7041191.894251906,,False,True
FRGT,2019-03-04,0.5169231082141534,47.0,False,False,False,sin 8-K,False,True,300173321818332.0,-1.2499999999999998,-0.0160851837316758,0.3062880231893983,0.0362903426586883,False,True,False,False,False,False,DEV 2015-21,13573789.0,1.8160000000000005e-06,False,24.650000824000003,545114752.422091,2019-03-04,22114188.0,,False,True
FRGT,2020-06-18,1.301886801072742,47.0,True,False,False,sin 8-K,False,True,111423364547742.0,1.1506375797067667,0.3451912739120299,0.0710382448589093,0.1949152770611888,False,True,False,False,False,False,DEV 2015-21,5038546.5,1.8160000000000005e-06,False,9.150000444000002,202344830.0186995,2020-06-18,22114188.0,,False,False
FRGT,2022-03-21,0.5365853658536586,47.0,True,True,True,sin 8-K,False,True,5946780262500.0,0.5169312169312169,0.155079365079365,0.1428571428571428,0.0304182509505703,False,True,False,True,True,False,VAL 2022-26,787500.0,4.0000000000000015e-06,False,3.150000000000001,23787121.05000001,2022-03-21,7551467.000000001,,False,False
FRGT,2022-07-26,0.9864864864864864,47.0,True,False,True,sin 8-K,False,True,,0.4882086167800453,0.1464625850340136,0.0717687074829931,0.1733870967741935,False,True,False,True,True,False,VAL 2022-26,735000.0,4.0000000000000015e-06,False,2.9400000000000013,,2022-07-26,,,False,False
FRGT,2023-12-14,3.2857142857142856,47.0,True,False,False,sin 8-K,False,True,,1.6333333333333333,0.49,0.1666666666666667,0.2766666666666666,False,True,False,False,False,False,VAL 2022-26,30000.0,4e-05,False,1.2000000000000002,,2023-12-14,,,False,False
FRGT,2024-06-06,0.6319999999999999,47.0,True,True,False,sin 8-K,False,True,55894062000.0,-1.25,0.3135294117647059,0.6666666666666667,0.108695652173913,False,True,False,True,True,False,VAL 2022-26,2550.0,0.0004,False,1.02,22357624.8,2024-06-06,21919240.0,F,False,False
FRGT,2025-05-02,2.1776649746192893,47.0,True,False,False,sin 8-K,True,True,708968162.0,1.0848775292864752,0.3254632587859425,0.1150159744408945,0.3028846153846153,False,True,False,False,False,False,VAL 2022-26,313.0,0.04,False,3.13,28358726.480000004,2025-05-02,9060296.000000002,,False,False
FRMM,2021-03-26,0.6814310051107326,61.0,False,False,True,sin 8-K,True,False,676308867108.0,0.9494427558257346,0.2848328267477203,0.0739614994934143,0.050287356321839,False,True,False,True,True,False,DEV 2015-21,37506.0,0.0002631578947368,False,9.87,177976017.66,2021-03-26,18032018.0,,False,True
FRMM,2025-08-12,0.7904190570388585,61.0,True,True,True,8-K solo nota de prensa (7.01/8.01),True,False,361144633.79245,-1.2500000000000002,-0.722374629302961,1.130434835305547,-0.0449218594294509,False,False,True,True,False,False,VAL 2022-26,59.79999923706055,0.1,False,5.979999923706055,36114463.379245006,2025-08-12,6039208.000000001,H,False,False
FRSX,2019-06-19,0.5425531339264043,73.0,True,False,False,sin 8-K,False,True,24104597908.1651,0.2655170570631115,0.0796551171189334,0.0620689465096333,-0.0227272643869493,False,True,False,False,False,False,DEV 2015-21,182.6999969482422,0.0079365079365079,False,1.4499999757796995,191306332.6044849,2019-06-19,131935404.00000001,,False,False
FRSX,2020-06-05,1.0396913847696505,73.0,True,True,False,sin 8-K,False,True,36048823170.10626,1.318017982634089,0.3954053947902267,0.0540540133625355,-0.0272727172643392,False,True,False,True,True,False,DEV 2015-21,233.1000061035156,0.0079365079365079,False,1.8500000484406,286101771.1913195,2020-06-05,154649602.0,,False,False
FRSX,2020-12-11,0.6835525443066162,73.0,True,True,True,sin 8-K,False,True,,1.046515543599681,0.3139546630799041,0.0746385624101499,-0.1040462812143498,False,True,False,True,True,False,DEV 2015-21,322.4339904785156,0.0079365079365079,False,2.558999924432664,,2020-12-11,,H,False,False
FRTT,2026-06-24,0.7740113778196365,28.0,False,False,False,sin 8-K,False,True,,1.9518047362026325,0.5855414208607898,0.2484076259015202,0.0078740083570406,False,True,False,False,False,False,VAL 2022-26,3.140000104904175,1.0,False,3.1403,,2026-06-24,,,False,True
FTEK,2020-05-08,1.5319150217845467,35.0,False,False,False,sin 8-K,True,False,29317305.509705544,0.7509804412626807,0.2252941323788042,0.252100788143665,-0.0109890001923723,False,True,False,False,False,True,DEV 2015-21,1.190000057220459,1.0,False,1.190000057220459,29317305.509705544,2020-05-08,24636390.0,,False,True
FTEK,2020-11-24,1.152482381331588,35.0,False,False,False,sin 8-K,True,False,149936039.37023497,-0.0168587540033306,-0.0050576262009991,0.159802267340984,0.105960243464844,False,True,False,False,False,False,DEV 2015-21,6.070000171661377,1.0,False,6.070000171661377,149936039.37023497,2020-11-24,24701159.0,,False,True
FTFT,2016-06-22,0.6815642458100559,73.0,True,False,False,8-K con acuerdo (1.01),True,False,,-1.2500000000000002,0.0996345514950166,0.308970099667774,0.0932835820895522,False,False,False,False,False,False,DEV 2015-21,9632.0,0.0015625,False,15.05,,2016-06-22,,O,False,False
FTFT,2019-04-11,2.076923076923077,73.0,True,False,False,sin 8-K,True,False,238211197440.0,0.4527777777777778,0.1358333333333333,0.1875,0.2,False,True,False,False,False,False,DEV 2015-21,7680.0,0.0015625,False,12.0,372204996.0,2019-04-11,31017083.0,,False,False
FTFT,2019-10-17,0.5810810810810811,73.0,True,False,False,sin 8-K,True,False,120995158752.0,0.7643874643874644,0.2293162393162393,0.2649572649572649,0.0898876404494382,False,True,False,False,False,False,DEV 2015-21,3744.0,0.0015625,False,5.8500000000000005,189054935.55,2019-10-17,32317083.0,,False,False
FTFT,2025-07-11,0.543046316835557,73.0,False,False,False,sin 8-K,True,False,454930807.5036621,-1.2500000000000002,-0.70098720439165,0.7296138805868739,0.3401015566312496,True,True,False,False,False,False,VAL 2022-26,149.1199951171875,0.015625,False,2.33,7108293.86724472,2025-07-11,3050769.9001050303,,True,True
FTH,2026-02-18,2.066812666925645,28.0,False,False,False,8-K con acuerdo (1.01),True,False,35316120.0,0.175,0.0525,0.1407143047877721,-0.0369523547944568,False,False,False,False,False,False,VAL 2022-26,28.0,1.0,False,28.0,35316120.0,2026-02-18,1261290.0,F,True,True
FTHM,2026-06-17,0.6666665411171284,65.0,True,False,False,8-K con acuerdo (1.01),True,False,34585392.30049658,-1.2500000000000009,-0.0621327672906868,0.3554502546389648,0.0360360012049803,False,False,False,False,False,False,VAL 2022-26,1.0549999475479126,1.0,False,1.055,34585392.30049658,2026-06-17,32782362.37013894,O,False,False
FTK,2019-01-11,1.028368767143733,28.0,True,False,False,sin 8-K,False,False,978765842.2167472,0.0832168583537239,0.0249650575061171,0.013986000772276,0.0797101290696872,False,True,False,False,False,False,DEV 2015-21,17.15999984741211,0.1666666666666666,False,2.8599999745686846,163127640.36945784,2019-01-11,57037636.99999999,,False,False
FUBO,2025-01-06,1.763888681928325,78.0,True,False,False,8-K otros items,False,False,15956263448.036612,-1.2500000000000004,-0.2813568541589906,0.3316583063079008,-0.0790513064207033,False,False,False,False,False,False,VAL 2022-26,47.7599983215332,0.0833333333333333,False,3.98,1329688620.6697176,2025-01-06,334092618.258723,R,False,False
FUFU,2024-03-04,0.9263322478686202,61.0,False,True,False,sin 8-K,False,True,,-1.2500000000000004,-0.0783482632380122,0.4906427788191805,0.235338928077341,False,True,False,True,True,False,VAL 2022-26,12.289999961853027,1.0,False,12.289999961853027,,2024-03-04,,,False,False
FULC,2021-08-10,0.585834352837519,28.0,True,False,False,8-K otros items,False,False,432078295.4977274,-1.2499999999999998,-0.4308932932294393,0.6722180233760662,-0.0761854166382986,False,False,False,False,False,False,DEV 2015-21,13.210000038146973,1.0,False,13.210000038146973,432078295.4977274,2021-08-10,32708425.0,R,False,False
FWDI,2016-07-06,0.7826086956521738,61.0,False,False,False,sin 8-K,True,False,180041168.0,0.7146342083690612,0.2143902625107183,0.0292683112912062,0.0880502925860877,False,True,False,False,False,False,DEV 2015-21,20.5,0.1,False,2.0500000000000003,18004116.8,2016-07-06,8782496.0,,False,True
FWDI,2018-01-19,1.0967742580528954,61.0,False,False,False,8-K otros items,False,False,231941580.0,-1.250000000000001,-0.1446153846153846,0.7115384615384615,0.1559322163210076,False,False,False,False,False,False,DEV 2015-21,26.0,0.1,False,2.6,23194158.0,2018-01-19,8920830.0,O,False,True
FWDI,2020-08-18,0.5912408423770548,61.0,False,False,False,8-K con acuerdo (1.01),False,False,207837944.52624893,0.5935777702767061,0.1780733310830118,0.1788991588242263,-0.0451976950608724,False,False,False,False,False,False,DEV 2015-21,21.799999237060547,0.1,False,2.1799999237060548,20783794.45262489,2020-08-18,9533850.999999998,O,False,True
FWDI,2025-09-08,0.864303108931521,61.0,True,True,False,8-K con acuerdo (1.01),True,False,52404520.5,0.4628416301122779,0.1388524890336833,0.0481966987985078,-0.1159476246161424,False,False,False,True,False,False,VAL 2022-26,30.5,1.0,False,30.5,52404520.5,2025-09-08,1718181.0,F,True,False
FXHO,2026-07-06,0.8145833231232782,36.0,True,True,False,sin 8-K,False,True,22111505.784831047,-1.2500000000000002,-0.5063643218492158,0.9135094376533116,0.2276214337213397,False,True,False,True,True,True,VAL 2022-26,13.0649995803833,1.0,False,13.065,22111505.784831047,2026-07-06,1692422.9456434022,,True,False
GBR,2018-06-28,1.1478873552771898,13.0,False,False,False,sin 8-K,True,False,6212651.65287137,1.4202185185784488,0.4260655555735346,0.1803278560377004,-1.453488209300459,False,True,False,False,False,True,DEV 2015-21,3.049999952316284,1.0,False,3.049999952316284,6212651.65287137,2018-06-28,2036935.0,,True,True
GBR,2020-12-29,0.5254237721914494,13.0,False,False,False,sin 8-K,True,False,13856222.044709682,0.2876543035450517,0.0862962910635155,0.2962962734028802,0.1393443215633379,False,True,False,False,False,True,DEV 2015-21,2.700000047683716,1.0,False,2.700000047683716,13856222.044709682,2020-12-29,5131934.0,,False,True
GBTG,2026-05-04,0.5691400631596164,47.0,True,False,False,8-K con acuerdo (1.01),False,False,4875817070.652008,-0.0458713402343616,-0.0137614020703084,0.0091348775238291,-0.0149892277688718,False,False,False,False,False,False,VAL 2022-26,9.30500030517578,1.0,False,9.305,4875817070.652008,2026-05-04,523999685.18560004,C,False,False
GCDT,2026-06-10,0.7761194441466683,35.0,False,False,False,sin 8-K,False,True,15321250.73671341,0.8910364903290884,0.2673109470987265,0.2100840235116772,0.2325581218050005,True,True,False,False,False,True,VAL 2022-26,1.190000057220459,1.0,False,1.19,15321250.73671341,2026-06-10,12875000.619086899,,False,True
GCT,2023-05-24,0.945229774858718,59.0,False,False,False,sin 8-K,False,True,,1.1322737818449402,0.339682134553482,0.0699363749393451,0.1913407702172299,False,True,False,False,False,False,VAL 2022-26,11.010000228881836,1.0,False,11.010000228881836,,2023-05-24,,R,False,True
GCTK,2025-06-25,1.3743961291327629,38.0,True,False,True,8-K solo nota de prensa (7.01/8.01),True,False,5658951115.356827,1.527647837662722,0.4582943512988166,0.0783316229645894,0.3341836388799919,True,False,True,True,False,False,VAL 2022-26,221.1750030517578,0.0666666666666666,False,14.745,377263407.6904552,2025-06-25,25585853.35303189,B,False,False
GCTK,2025-07-21,0.665523144416897,38.0,True,False,True,sin 8-K,True,False,3726579333.2863455,0.5639888302656164,0.1691966490796849,0.0041195065476078,0.0966123191712288,False,True,False,True,True,False,VAL 2022-26,145.64999389648438,0.0666666666666666,False,9.71,248438622.2190897,2025-07-21,25585851.92781562,,False,False
GCTK,2025-09-12,1.308008200684922,38.0,True,False,True,8-K con acuerdo (1.01),True,False,151640531.489563,0.1594305980039284,0.0478291794011785,0.2580071080975656,0.2653447122174242,False,False,False,True,False,False,VAL 2022-26,168.60000610351562,0.0666666666666666,False,11.24,10109368.765970863,2025-09-12,899410.0325596853,F,True,False
GCTS,2024-03-27,0.9103343222752524,36.0,False,True,False,sin 8-K,True,False,,-1.25,-2.510397857457172,3.455051818581855,0.2486363324252042,False,True,False,True,True,False,VAL 2022-26,12.56999969482422,1.0,False,12.56999969482422,,2024-03-27,,,False,False
GCTS,2024-04-05,0.9249563169730476,36.0,False,True,False,sin 8-K,True,False,,0.8339981731761353,0.2501994519528406,0.0788757848251304,0.142156846703863,False,True,False,True,True,False,VAL 2022-26,11.029999732971191,1.0,False,11.029999732971191,,2024-04-05,,,False,False
GDC,2020-10-19,1.727272727272727,50.0,True,False,False,sin 8-K,True,False,641576700000.0,-1.25,0.2266666666666666,0.3666666666666667,0.1834061135371179,False,True,False,False,False,False,DEV 2015-21,22500.0,0.0001333333333333,False,3.0,85543560.0,2020-10-19,28514520.0,,False,False
GDC,2023-05-01,0.6000000000000001,50.0,True,False,False,sin 8-K,True,False,1711544000.0,-1.25,-6.76,10.0,0.8903225806451613,False,True,False,False,False,False,VAL 2022-26,1000.0,0.004,False,4.0,6846176.0,2023-05-01,1711544.0,,True,False
GDC,2023-08-28,0.9606299212598426,50.0,True,False,False,sin 8-K,True,False,3801685935.0,0.9572958500669344,0.2871887550200803,0.072289156626506,0.02,False,True,False,False,False,False,VAL 2022-26,1245.0,0.004,False,4.98,15206743.74,2023-08-28,3053563.0,,True,False
GDC,2024-08-22,0.5816326530612246,50.0,True,False,False,sin 8-K,True,False,12308954550.0,-0.8666666666666667,-0.26,0.2903225806451612,0.2967741935483871,False,True,False,False,False,False,VAL 2022-26,1550.0,0.004,False,6.2,49235818.2,2024-08-22,7941261.0,,False,False
GDC,2025-05-12,0.5340909090909092,50.0,True,False,False,sin 8-K,True,False,10363691812.5,0.8209876543209876,0.2462962962962963,0.1703703703703702,0.147410358565737,False,True,False,False,False,False,VAL 2022-26,843.75,0.004,False,3.375,41454767.25,2025-05-12,12282894.0,,False,False
GDTC,2023-07-11,1.126074514618372,28.0,False,True,False,sin 8-K,False,True,85547614.63961792,0.7663073636594908,0.2298922090978472,0.2466307149446933,0.2624113571115571,False,True,False,True,True,False,VAL 2022-26,7.420000076293945,1.0,False,7.420000076293945,85547614.63961792,2023-07-11,11529328.0,,False,False
GELS,2025-04-22,3.2666666843273022,28.0,False,False,False,sin 8-K,False,True,36242207.189923525,0.7999998447795674,0.2399999534338702,0.070312558692726,0.0763888957875743,True,True,False,False,False,False,VAL 2022-26,3.839999914169312,1.0,False,3.84,36242207.189923525,2025-04-22,9438074.789042585,,False,True
GELS,2026-06-15,0.5151515005559488,28.0,False,False,False,sin 8-K,False,True,,-1.2500000000000009,0.2166666889190673,0.3066666920979817,-0.0603448745399266,False,True,False,False,False,False,VAL 2022-26,1.5,1.0,False,1.5,,2026-06-15,,,False,True
GETY,2022-07-29,1.521904718308222,73.0,False,True,False,8-K con acuerdo (1.01),True,False,,0.0082074432793066,0.002462232983792,0.115181314091201,-0.1892925749578906,False,False,False,True,False,False,VAL 2022-26,26.479999542236328,1.0,False,26.479999542236328,,2022-07-29,,O,False,False
GETY,2023-04-24,0.5573122931919057,73.0,False,True,True,sin 8-K,True,False,3114709410.914797,0.4954314644019887,0.1486294393205966,0.0380710896418747,0.0467571549666077,False,True,False,True,True,False,VAL 2022-26,7.880000114440918,1.0,False,7.880000114440918,3114709410.914797,2023-04-24,395267686.0,,False,False
GETY,2025-10-31,0.5223880384567983,73.0,True,False,False,sin 8-K,False,False,1269322572.624307,1.252069683674638,0.3756209051023914,0.049019639925607,-0.042553214424603,False,True,False,False,False,False,VAL 2022-26,3.059999942779541,1.0,False,3.06,1269322572.624307,2025-10-31,414811298.24323756,,False,False
GETY,2026-06-22,1.3140494744151257,73.0,True,False,False,sin 8-K,True,False,584871852.4396915,0.5619047720416064,0.1685714316124819,0.0571428887698119,0.1913043248405523,True,True,False,False,False,False,VAL 2022-26,1.399999976158142,1.0,False,1.4,584871852.4396915,2026-06-22,417765608.885494,,False,False
GEVO,2016-06-08,0.9166666666666669,28.0,True,True,True,sin 8-K,True,False,17690932080.0,0.5173913043478261,0.1552173913043478,0.1826086956521739,0.2708333333333333,False,True,False,True,True,False,DEV 2015-21,460.0,0.0025,False,1.15,44227330.20000001,2016-06-08,38458548.000000015,,False,False
GFAI,2021-10-29,0.5413222339307853,73.0,False,True,False,sin 8-K,False,True,,0.5743520443385783,0.1723056133015734,0.1796246890075661,0.1344262420154008,False,True,False,True,True,False,DEV 2015-21,149.1999969482422,0.025,False,3.729999923706055,,2021-10-29,,,False,False
GHRS,2025-02-03,0.8867923849288515,28.0,True,False,False,sin 8-K,False,True,1040562900.0,0.3016667048136393,0.0905000114440918,0.0249999999999999,0.0931072405987272,True,True,False,False,False,False,VAL 2022-26,20.0,1.0,False,20.0,1040562900.0,2025-02-03,52028145.0,B,False,False
GIPR,2026-09-18,2.3863636763874165,67.0,False,True,False,sin 8-K,True,False,2773341.4877507687,1.69373603991223,0.508120811973669,0.1610738308729016,0.048746471973655,False,True,False,True,True,True,VAL 2022-26,1.4900000095367432,1.0,False,1.49,2773341.4877507687,2026-09-18,1861303.0119132677,,True,False
GITS,2025-05-30,2.1789473882342314,73.0,False,False,False,sin 8-K,True,False,8880013.983916283,0.6399557383536602,0.191986721506098,0.033112551411967,0.037344460324726,False,True,False,False,False,True,VAL 2022-26,3.0199999809265137,1.0,False,3.02,8880013.983916283,2025-05-30,2940401.9814292328,,True,True
GITS,2025-07-03,1.5276072991482534,73.0,False,False,False,sin 8-K,True,False,12114455.903497696,0.1932038666402168,0.057961159992065,0.1893204445326104,-0.0416666899497315,False,True,False,False,False,True,VAL 2022-26,4.119999885559082,1.0,False,4.12,12114455.903497696,2025-07-03,2940401.9183246833,,True,True
GLBS,2017-11-07,0.6564885496183206,44.0,True,False,False,sin 8-K,False,True,,0.4121351766513057,0.1236405529953917,0.0414746543778801,0.3829787234042553,True,True,False,False,False,False,DEV 2015-21,2170.0,0.001,False,2.17,,2017-11-07,,,False,False
GLBS,2019-03-11,0.9391891891891893,44.0,True,False,False,sin 8-K,False,True,2763230547.0,-0.0062330623306233,-0.0018699186991869,0.0220673635307782,0.180327868852459,False,True,False,False,False,False,DEV 2015-21,861.0,0.01,False,8.61,27632305.47,2019-03-11,3209327.0,,True,False
GLE,2025-09-10,1.2533334096272788,73.0,False,False,False,sin 8-K,False,True,,-1.2500000000000009,0.3509467418056665,0.6686389572559235,0.0277778605620033,False,True,False,False,False,False,VAL 2022-26,1.690000057220459,1.0,False,1.69,,2025-09-10,,,False,True
GLND,2026-09-21,1.516666550768751,13.0,False,False,True,sin 8-K,True,False,132065185.04591274,0.121191906589179,0.0363575719767537,0.1225165981173774,0.1284722601649922,False,True,False,True,True,False,VAL 2022-26,3.0199999809265137,1.0,False,3.015,132065185.04591274,2026-09-21,43802714.77476376,,False,True
GLSI,2020-12-09,2.09097904603767,28.0,False,True,True,sin 8-K,True,False,193146756.56206512,-1.2500000000000009,-2.5632047018340454,8.836341650655383,-0.2647986541266675,True,True,False,True,False,False,DEV 2015-21,16.06999969482422,1.0,False,16.06999969482422,193146756.56206512,2020-12-09,12019089.0,,False,False
GLUE,2025-09-15,0.5010394752768852,28.0,True,False,False,8-K con acuerdo (1.01),False,False,445902494.0423727,0.1005540028994605,0.0301662008698381,0.0249307909150233,0.0663780735269154,False,False,False,False,False,False,VAL 2022-26,7.21999979019165,1.0,False,7.22,445902494.0423727,2025-09-15,61759348.20531478,K,False,False
GLXG,2025-04-08,0.7127660675359713,87.0,False,False,False,sin 8-K,False,True,,1.3351967813117434,0.400559034393523,0.0434781887580875,0.3150684766313609,False,True,False,False,False,False,VAL 2022-26,16.100000381469727,0.1,False,1.61,,2025-04-08,,,False,True
GLXG,2026-06-11,1.61270483981771,87.0,True,True,False,sin 8-K,False,True,,-1.25,0.174313740156468,0.8784313927151435,0.2980768789906457,False,True,False,True,True,False,VAL 2022-26,2.549999952316284,1.0,False,2.55,,2026-06-11,,,False,False
GMEX,2025-11-06,0.5360360424248012,39.0,True,True,True,sin 8-K,False,True,36126839135.9989,1.8239492243076063,0.5471847672922819,0.0234603791052254,0.1258277508346981,False,True,False,True,True,False,VAL 2022-26,1718.6400146484375,0.0019841269841269,False,3.41000002906436,71680236.3809502,2025-11-06,21020597.0,F,False,False
GMEX,2025-12-02,0.5166667457190366,39.0,True,True,True,sin 8-K,False,True,19281773831.997803,1.12051285463553,0.336153856390659,0.0989010638034546,0.2067227003639558,False,True,False,True,True,False,VAL 2022-26,917.280029296875,0.0019841269841269,False,1.82000005812872,38257487.7619004,2025-12-02,21020597.000000004,H,False,False
GMHS,2025-08-29,1.3008848810655245,73.0,False,False,False,sin 8-K,False,True,,0.8641025053208611,0.2592307515962583,0.0230769936149668,-0.121052705878367,True,True,False,False,False,False,VAL 2022-26,2.5999999046325684,1.0,False,2.6,,2025-08-29,,H,False,True
GMHS,2026-06-08,0.5708200291408947,73.0,False,False,False,sin 8-K,False,True,,1.0785311535356088,0.3235593460606826,0.0101694816626616,0.1668361932750073,False,True,False,False,False,False,VAL 2022-26,1.475000023841858,1.0,False,1.475,,2026-06-08,,,False,True
GMM,2024-04-30,0.6236559139784945,73.0,False,False,True,sin 8-K,False,True,,0.0328918322295805,0.0098675496688741,0.2450331125827813,0.1216216216216216,False,True,False,True,True,False,VAL 2022-26,75.5,0.02,False,1.51,,2024-04-30,,,False,True
GMM,2026-06-12,0.513888875091518,73.0,True,True,False,sin 8-K,False,True,,0.7311928194159044,0.2193578458247713,0.08944950792266,-0.023809572804273,False,True,False,True,True,False,VAL 2022-26,4.360000133514404,1.0,False,4.36,,2026-06-12,,S,False,False
GMM,2026-07-10,2.0751351656123087,73.0,True,True,False,sin 8-K,False,True,,0.6223178839438676,0.1866953651831602,0.0177535295923172,0.2450766043561211,True,True,False,True,False,False,VAL 2022-26,5.689000129699707,1.0,False,5.6888,,2026-07-10,,,False,False
GNPX,2020-01-21,2.333333333333333,28.0,True,True,False,8-K solo nota de prensa (7.01/8.01),True,False,836766744000.0,-1.25,0.0316666666666666,0.4499999999999999,-0.6521739130434783,True,False,True,True,False,False,DEV 2015-21,52800.0,2.272727272727273e-05,False,1.2000000000000002,19017426.0,2020-01-21,15847854.999999998,B,False,False
GNPX,2020-01-22,0.6000000000000001,28.0,True,True,False,sin 8-K,True,False,1283042340800.0,-0.1420289855072463,-0.0426086956521739,0.0869565217391303,0.2631578947368421,False,True,False,True,True,False,DEV 2015-21,80960.0,2.272727272727273e-05,False,1.84,29160053.200000003,2020-01-22,15847855.0,,False,False
GNPX,2020-05-05,0.6190476190476191,28.0,True,True,True,8-K solo nota de prensa (7.01/8.01),True,False,5405769834960.0,0.1805704099821747,0.0541711229946524,0.2165775401069518,0.0914285714285714,False,False,True,True,False,False,DEV 2015-21,164560.0,2.272727272727273e-05,False,3.74,122858405.34,2020-05-05,32849841.0,H,False,False
GNTA,2025-10-24,2.086687370945796,28.0,True,False,False,sin 8-K,False,True,,1.2271147966535885,0.3681344389960765,0.0030090002174223,0.46451612332609,True,True,False,False,False,False,VAL 2022-26,9.970000267028809,1.0,False,9.97,,2025-10-24,,,False,False
GNTA,2026-06-01,0.7815534845802201,28.0,False,False,False,sin 8-K,False,True,42998056.69886685,0.3027249012587634,0.090817470377629,0.2534059425082517,-0.3333333814987035,False,True,False,False,False,False,VAL 2022-26,1.8350000381469729,1.0,False,1.835,42998056.69886685,2026-06-01,23432183.4871209,O,False,True
GOVX,2021-01-11,1.1484848484848484,28.0,False,True,False,sin 8-K,True,False,10132060215.0,0.7800188058298073,0.2340056417489421,0.0437235543018335,0.0111940298507462,False,True,False,True,True,False,DEV 2015-21,2658.75,0.0026666666666666,False,7.09,27018827.24,2021-01-11,3810836.0,,True,False
GOVX,2021-08-20,0.7279069767441861,28.0,True,True,True,8-K solo nota de prensa (7.01/8.01),True,False,17630559697.5,0.7383131449080305,0.2214939434724091,0.009421265141319,0.021015761821366,False,False,True,True,False,False,DEV 2015-21,2786.25,0.0026666666666666,False,7.43,47014825.86,2021-08-20,6327702.0,H,False,False
GOVX,2022-07-25,0.7480314960629921,28.0,True,True,True,sin 8-K,False,False,2950806656.25,-1.2499999999999998,-0.4424324324324324,0.6756756756756757,-0.0691823899371069,True,True,False,True,False,False,VAL 2022-26,416.25,0.0026666666666666,False,1.11,7868817.75,2022-07-25,7089024.999999999,,False,False
GOVX,2026-05-18,1.4634145726860703,28.0,True,True,True,sin 8-K,True,False,8764487.017242908,-1.25,0.2606270432295378,0.4488448541047456,0.0904977575708146,True,True,False,True,False,True,VAL 2022-26,3.0299999713897705,1.0,False,3.03,8764487.017242908,2026-05-18,2892569.972687429,,True,False
GP,2026-01-09,0.6686967578412053,37.0,True,True,True,sin 8-K,False,True,,0.2829683571268984,0.0848905071380695,0.1313868225703733,-0.0403225418804342,False,True,False,True,True,False,VAL 2022-26,1.3700000047683716,1.0,False,1.37,,2026-01-09,,K,False,False
GPCR,2023-09-29,0.7371228774320604,28.0,False,False,False,8-K con acuerdo (1.01),True,False,7472688468.039764,0.717934090966987,0.2153802272900961,0.0064526935315765,-0.1225704190719738,False,False,False,False,False,False,VAL 2022-26,65.08999633789062,1.0,False,65.08999633789062,7472688468.039764,2023-09-29,114805483.0,F,False,True
GPMT,2020-03-26,1.231111102634006,67.0,True,False,False,sin 8-K,False,False,276857888.42807865,-1.2500000000000002,-0.3665736989350858,0.8904382086006795,0.0014683923830689,False,True,False,False,False,False,DEV 2015-21,5.019999980926514,1.0,False,5.019999980926514,276857888.42807865,2020-03-26,55150974.0,,False,False
GPRO,2025-07-23,0.6897810577831789,38.0,False,False,False,sin 8-K,True,False,,1.082577503544352,0.3247732510633056,0.0237580246130357,0.0454545032316555,False,True,False,False,False,False,VAL 2022-26,2.315000057220459,1.0,False,2.315,,2025-07-23,,,False,True
GPRO,2026-09-01,0.5410959402772337,38.0,False,True,True,sin 8-K,True,False,,0.262962969503939,0.0788888908511817,0.2148147827640325,-0.3739837650518686,False,True,False,True,True,False,VAL 2022-26,1.350000023841858,1.0,False,1.350000023841858,,2026-09-01,,,False,False
GPUS,2020-04-01,0.5714286425170627,35.0,True,False,False,sin 8-K,True,False,3209080848962.625,0.7242424050504908,0.2172727215151472,0.0,0.0588235438754431,False,True,False,False,False,False,DEV 2015-21,986841.375,1.028291047619048e-06,False,1.0147601513325717,3299869.108074001,2020-04-01,3251871.0,,True,False
GPUS,2020-04-07,0.6000000000000001,35.0,True,False,False,sin 8-K,True,False,3734203140139.5,-1.2500000000000004,-0.2131249659830474,0.5234375170084762,0.1948051607297199,False,True,False,False,False,False,DEV 2015-21,1148324.5,1.028291047619048e-06,False,1.1808118031116193,3839847.6589963846,2020-04-07,3251871.0,,True,False
GPUS,2020-06-10,2.3239435679956983,35.0,True,False,False,sin 8-K,True,False,,-1.2500000000000002,0.3438135385581091,0.3877119477126467,0.1311475739353463,False,True,False,False,False,False,DEV 2015-21,4234446.5,1.028291047619048e-06,False,4.35424342757181,,2020-06-10,,,False,False
GPUS,2020-07-20,1.3737864294372866,35.0,True,False,False,8-K solo nota de prensa (7.01/8.01),True,False,26813603626144.5,1.275460105218684,0.3826380315656051,0.0715746456229298,-0.0235690245167733,False,False,True,False,False,False,DEV 2015-21,4386958.5,1.028291047619048e-06,False,4.511070151826287,27572188.56317003,2020-07-20,6112117.000000001,O,False,False
GPUS,2023-07-12,0.627272786655962,35.0,True,True,True,sin 8-K,True,False,29331250138.714844,0.0039108173002463,0.0011732451900738,0.1918062684046408,0.2071563295895738,False,True,False,True,True,False,VAL 2022-26,21165.236328125,0.0002340571428571,False,4.953874742857144,6865188.603895772,2023-07-12,1385822.0,,True,False
GPUS,2025-05-05,1.3138687010419623,35.0,True,False,False,8-K otros items,True,False,24250421.33364677,-1.2499999999999998,-1.4547948938413098,1.8643533396350045,0.3935483870967742,False,False,False,False,False,True,VAL 2022-26,15.850000381469728,0.2,False,3.17,4850084.266729354,2025-05-05,1529995.03682314,O,True,False
GRCE,2017-11-20,0.9133858454954972,28.0,False,False,False,sin 8-K,False,True,,-1.250000000000001,-0.2857201974485222,0.3827160461526044,0.3258064674909352,False,True,False,False,False,False,DEV 2015-21,116.63999938964844,0.0208333333333333,False,2.4299999872843423,,2017-11-20,,O,False,True
GRDX,2023-06-13,1.50437849548377,49.0,True,True,True,sin 8-K,True,False,265908109.05789185,1.5284383507300714,0.4585315052190214,0.0489510116416731,-0.15131582799931,False,True,False,True,True,False,VAL 2022-26,171.60000610351562,0.0166666666666666,False,2.8600001017252605,4431801.817631531,2023-06-13,1549580.9999999998,,True,False
GRI,2022-04-22,1.141592888714248,28.0,False,False,False,8-K otros items,False,False,21424608101894.0,0.1732782434846658,0.0519834730453997,0.1074380835435917,0.145374403416887,False,False,False,False,False,False,VAL 2022-26,3144741.5,7.69538584664635e-07,False,2.419999923046141,16487062.59572598,2022-04-22,6812836.0,O,False,True
GRI,2024-10-21,1.8793104229671536,28.0,True,True,True,sin 8-K,True,False,2327292798.405945,0.6652693737216359,0.1995808121164907,0.0718562828274544,0.2651515217747133,True,True,False,True,False,False,VAL 2022-26,794.9199829101562,0.0021008403361344,False,1.67,4889270.584886438,2024-10-21,2927706.9370577475,,True,False
GRI,2025-04-01,1.9156249406614465,28.0,True,False,True,sin 8-K,True,False,137244518.78955078,2.578313638957708,0.7734940916873123,0.1918542221358286,0.1732673764818119,True,True,False,True,False,False,VAL 2022-26,261.239990234375,0.0357142857142857,False,9.33,4901589.95676967,2025-04-01,525357.9803611651,,True,False
GRML,2024-06-26,1.727272727272727,28.0,False,False,False,sin 8-K,True,False,1162168650.0,0.6185185185185186,0.1855555555555555,0.1355555555555556,0.1712707182320442,False,True,False,False,False,False,VAL 2022-26,225.0,0.02,False,4.5,23243373.0,2024-06-26,5165194.0,,False,True
GRML,2026-09-21,1.571929883854176,28.0,True,True,True,sin 8-K,True,False,1164375157.0906582,-1.2500000000000004,-0.2951296281502803,0.593451627114119,-0.5021230895888935,False,True,False,True,True,False,VAL 2022-26,7.329999923706055,1.0,False,7.33,1164375157.0906582,2026-09-21,158850635.34661093,,False,False
GRNQ,2020-05-27,1.1428571824423797,87.0,False,False,False,sin 8-K,True,False,9686128353.0,-1.2500000000000004,-0.4676271186440678,0.576271186440678,0.3527131782945736,False,True,False,False,False,False,DEV 2015-21,177.0,0.01,False,1.7700000000000002,96861283.53000002,2020-05-27,54723889.0,,False,True
GRNQ,2020-10-05,1.2660550458715596,87.0,False,False,False,sin 8-K,True,False,14614578251.0,0.7898785425101215,0.2369635627530364,0.1093117408906882,-0.0376344086021505,False,True,False,False,False,False,DEV 2015-21,247.0,0.01,False,2.4700000000000006,146145782.51000002,2020-10-05,59168332.99999999,,False,True
GRNQ,2020-12-28,0.875,87.0,False,False,False,sin 8-K,False,False,14208799920.0,0.7027777777777777,0.2108333333333333,0.1374999999999999,0.0053475935828877,False,True,False,False,False,False,DEV 2015-21,240.0,0.01,False,2.4000000000000004,142087999.20000002,2020-12-28,59203333.0,,False,True
GRNQ,2021-08-20,1.052067285414818,87.0,True,False,False,sin 8-K,False,False,8981828916.0,1.409452736318408,0.4228358208955223,0.1865671641791044,-0.3421052631578947,False,True,False,False,False,False,DEV 2015-21,134.0,0.01,False,1.3400000000000003,89818289.16000001,2021-08-20,67028573.99999999,,False,False
GRNQ,2021-10-25,1.5647058823529414,87.0,True,False,False,sin 8-K,True,False,14612229132.0,1.0522935779816514,0.3156880733944954,0.0871559633027523,0.1360544217687075,False,True,False,False,False,False,DEV 2015-21,218.0,0.01,False,2.1800000000000006,146122291.32000002,2021-10-25,67028573.99999999,,False,False
GRRR,2023-07-07,0.6746411788911442,73.0,False,False,True,sin 8-K,False,True,2398999470.0,-1.2499999999999998,-0.3528571428571428,0.6542857578822545,-0.2787233717898105,False,True,False,True,True,False,VAL 2022-26,35.0,0.1,False,3.5,239899947.0,2023-07-07,68542842.0,H,False,True
GSAT,2021-08-30,0.671328540745856,48.0,True,False,False,sin 8-K,False,False,,0.022454532743724,0.0067363598231172,0.0125523230709283,0.1531914785398659,False,True,False,False,False,False,DEV 2015-21,35.849998474121094,0.0666666666666666,False,2.3899998982747395,,2021-08-30,,,False,False
GSL,2016-11-17,0.9800000190734864,44.0,True,False,False,sin 8-K,False,True,,1.1956229158945155,0.3586868747683546,0.1363636254169615,0.1479999542236328,False,True,False,False,False,False,DEV 2015-21,31.68000030517578,0.125,False,3.9600000381469727,,2016-11-17,,,False,False
GSL,2018-10-30,0.6235293606160848,44.0,False,False,False,sin 8-K,False,True,,1.005314030527426,0.3015942091582277,0.0144927398518988,0.0,False,True,False,False,False,False,DEV 2015-21,11.039999961853027,0.125,False,1.3799999952316284,,2018-10-30,,O,False,True
GSUN,2023-04-28,0.5488867490968714,82.0,False,False,False,sin 8-K,False,True,,0.4875,0.14625,0.2312500476837158,0.0592592733877676,False,True,False,False,False,False,VAL 2022-26,16.0,0.1,False,1.6,,2023-04-28,,,False,True
GTBP,2024-12-23,0.8567335247467895,28.0,True,False,False,sin 8-K,True,False,7239222.741308212,0.409053565320497,0.1227160695961491,0.2654320656063171,-0.1387900757458386,True,True,False,False,False,True,VAL 2022-26,3.240000009536743,0.04,False,3.24,289568.9096523285,2024-12-23,89373.12026306435,,True,False
GTE,2026-08-05,0.5124451008926001,13.0,True,False,False,8-K con acuerdo (1.01),False,False,365479828.8706875,0.2538561955133916,0.0761568586540174,0.1151985036637526,-0.0031780389808332,False,False,False,False,False,False,VAL 2022-26,10.329999923706056,1.0,False,10.33,365479828.8706875,2026-08-05,35380428.73869192,R,False,False
GTEC,2021-02-18,1.931125642609106,35.0,True,False,False,sin 8-K,False,False,224755413.93662643,1.079786062644755,0.3239358187934265,0.1938545448810009,0.1221167041170392,False,True,False,False,False,False,DEV 2015-21,22.1299991607666,1.0,False,22.1299991607666,224755413.93662643,2021-02-18,10156142.0,,False,False
GTEC,2021-11-19,0.6819923536144121,35.0,True,False,False,sin 8-K,False,False,99838878.34356976,-0.4547458785536634,-0.136423763566099,0.234624200713909,-0.1820019387841395,False,True,False,False,False,False,DEV 2015-21,8.779999732971191,1.0,False,8.779999732971191,99838878.34356976,2021-11-19,11371171.0,,False,False
GTEC,2025-03-27,0.7251909077705896,35.0,False,False,False,sin 8-K,False,False,30723637.67035246,0.0994099034647388,0.0298229710394216,0.1415928914128905,0.2027649961984873,False,True,False,False,False,False,VAL 2022-26,2.259999990463257,1.0,False,2.26,30723637.67035246,2025-03-27,13594529.942633832,,False,True
GURE,2025-12-05,0.8924052110054825,28.0,True,False,False,sin 8-K,True,False,12397562.949064257,-1.2500000000000002,0.07695659569962,0.3188405319439953,0.3272282648121989,False,True,False,False,False,True,VAL 2022-26,8.970000267028809,1.0,False,8.97,12397562.949064257,2025-12-05,1382114.0411442872,,True,False
GVH,2026-02-17,0.5869565344149763,47.0,True,True,False,sin 8-K,False,True,2228125.038216591,0.3319636567356078,0.0995890970206823,0.2260273390984903,0.0846153070235364,False,True,False,True,True,True,VAL 2022-26,1.4600000381469729,1.0,False,1.46,2228125.038216591,2026-02-17,1526113.0398743774,,True,False
GWAV,2025-10-14,1.0164511616783862,50.0,True,False,False,sin 8-K,True,False,981028765.7166252,-1.25,-0.032727237361092,0.3986014110378577,0.3048432854913037,False,True,False,False,False,False,VAL 2022-26,17.15999984741211,1.0,False,17.16,981028765.7166252,2025-10-14,57169508.49164482,,False,False
GWH,2021-10-12,0.5191938087781869,36.0,False,True,False,sin 8-K,True,False,,-1.2500000000000009,-0.5134744349894288,0.8269109006875484,0.1987395299916841,False,True,False,True,True,False,DEV 2015-21,237.4499969482422,0.0666666666666666,False,15.82999979654948,,2021-10-12,,,False,False
GWH,2025-10-10,1.1104651477093173,36.0,True,True,True,sin 8-K,True,False,51508478.31387806,-1.2500000000000004,-0.1560054314771889,0.4683194919201718,-1.1754808948766595,False,True,False,True,True,False,VAL 2022-26,3.630000114440918,1.0,False,3.63,51508478.31387806,2025-10-10,14189663.447349329,,False,False
GXAI,2024-02-16,3.705882316275496,73.0,False,False,False,sin 8-K,True,False,173844758.5946865,-1.2499999999999998,0.4008333034206311,0.3333334216365131,0.1131541743090442,False,True,False,False,False,False,VAL 2022-26,14.399999618530272,0.0833333333333333,False,1.199999968210856,14487063.216223877,2024-02-16,12072553.000000002,,False,True
GXAI,2025-08-19,0.5545454555306553,73.0,True,False,True,sin 8-K,False,False,12181104.901738169,-1.2500000000000002,-0.2146783022366729,0.4210526389171614,0.1165048043659767,False,True,False,True,True,True,VAL 2022-26,1.7100000381469729,1.0,False,1.71,12181104.901738169,2025-08-19,7123453.15891121,,False,False
GXAI,2026-01-26,0.7857142781116524,73.0,True,True,False,8-K con acuerdo (1.01),False,False,14246906.0,0.8,0.24,0.0800000429153442,0.1133333047231038,False,False,False,True,False,True,VAL 2022-26,2.0,1.0,False,2.0,14246906.0,2026-01-26,7123453.0,F,False,False
GXAI,2026-03-05,0.6088709592136956,73.0,True,True,False,sin 8-K,False,False,14211288.76896727,0.2757728680812876,0.0827318604243862,0.2180451433328873,0.1049723447611796,False,True,False,True,True,True,VAL 2022-26,1.995000004768372,1.0,False,1.995,14211288.76896727,2026-03-05,7123453.017026201,,False,False
GXAI,2026-06-02,0.6890755410198144,73.0,True,True,True,sin 8-K,False,False,20542067.242535114,1.044610247499442,0.3133830742498325,0.0796020331292699,-0.0294117363472713,False,True,False,True,True,True,VAL 2022-26,2.009999990463257,1.0,False,2.01,20542067.242535114,2026-06-02,10219933.951510008,,False,False
GXAI,2026-08-13,0.5040183179924937,73.0,True,False,True,8-K otros items,False,False,14075469.92518711,0.0938930139955958,0.0281679041986787,0.0992367329154881,0.3412698495294923,True,False,False,True,False,True,VAL 2022-26,1.309999942779541,1.0,False,1.31,14075469.92518711,2026-08-13,10744633.530677183,R,False,False
GYRE,2016-12-15,1.074074074074074,28.0,True,False,False,8-K con acuerdo (1.01),True,False,3030626844.0,0.1154761904761904,0.0346428571428571,0.2678571428571428,0.1869158878504672,False,False,False,False,False,False,DEV 2015-21,252.0,0.0044444444444444,False,1.12,13469452.64,2016-12-15,12026297.0,O,False,False
GYRE,2017-03-28,0.5553398255777204,28.0,True,False,False,sin 8-K,True,False,120154326.92593384,-1.2500000000000009,-0.8839075408832991,1.3570537545605714,0.2998001413716848,True,True,False,False,False,False,DEV 2015-21,120.1500015258789,0.0666666666666666,False,8.010000101725261,8010288.461728922,2017-03-28,1000035.9999999999,,True,False
HAO,2026-07-10,0.5233644418335752,73.0,True,True,False,sin 8-K,False,True,,2.565848653946172,0.7697545961838516,0.165644226338403,0.259052883168053,True,True,False,True,False,False,VAL 2022-26,32.599998474121094,0.05,False,1.63,,2026-07-10,,,False,False
HCAI,2026-04-30,1.0237660181768238,39.0,False,False,False,sin 8-K,False,True,,-1.2500000000000002,0.0008400983619889,0.305329738719075,-0.0977169559028826,False,True,False,False,False,False,VAL 2022-26,11.06999969482422,1.0,False,11.07,,2026-04-30,,,False,True
HCTI,2022-06-21,0.6666666666666667,73.0,False,False,False,sin 8-K,True,False,,0.8111111111111112,0.2433333333333333,0.1200000000000001,-0.0089285714285714,False,True,False,False,False,False,VAL 2022-26,224100.0,6.693440428380186e-06,False,1.4999999999999998,,2022-06-21,,,False,True
HCTI,2023-07-12,0.9079754571704332,73.0,False,False,False,sin 8-K,True,False,3875933114988.516,-1.2500000000000004,-0.0067845994368887,0.7508038501407779,0.3064516129032258,False,True,False,False,False,False,VAL 2022-26,92926.796875,6.693440428380186e-05,False,6.219999790829986,259433274.09561685,2023-07-12,41709531.00000001,,False,True
HCTI,2023-07-17,0.5013699203205517,73.0,False,False,False,sin 8-K,True,False,3414809484749.4844,0.4776156158895663,0.1432846847668699,0.2135036033159552,0.0107758618260789,False,True,False,False,False,False,VAL 2022-26,81871.203125,6.693440428380186e-05,False,5.480000209170012,228568238.6043831,2023-07-17,41709531.0,,False,True
HCTI,2024-10-28,0.7962003489328016,73.0,True,False,False,8-K con acuerdo (1.01),True,False,88048174252.01367,-1.2500000000000009,-0.260000031425784,0.8269231228530689,0.0692307491182679,True,False,False,False,False,False,VAL 2022-26,15537.599609375,6.693440428380186e-05,False,1.04,5893452.091834917,2024-10-28,5666780.857533573,F,False,False
HCWB,2021-10-28,0.6061643767015357,28.0,False,False,False,8-K solo nota de prensa (7.01/8.01),True,False,40210929025.43213,-1.2499999999999998,-0.0185287631433539,0.5031983268471729,0.0549682038651729,False,False,True,False,False,False,DEV 2015-21,1125.5999755859375,0.0041666666666666,False,4.689999898274739,167545537.6059672,2021-10-28,35723996.0,B,False,True
HCWB,2025-05-13,1.879078673737402,28.0,True,True,False,sin 8-K,True,False,4044070800.0,1.0666666949236834,0.320000008477105,0.1866667005750868,0.1233830633638937,True,True,False,True,False,False,VAL 2022-26,90.0,0.1666666666666666,False,15.0,674011800.0,2025-05-13,44934120.0,,False,False
HCWB,2025-08-25,0.5850478453803998,28.0,False,False,True,sin 8-K,True,False,70615741.08338165,-1.2500000000000009,-0.0246252147074829,0.3436928362030349,-0.0612612901581381,False,True,False,True,True,False,VAL 2022-26,32.81999969482422,0.1666666666666666,False,5.47,11769290.180563608,2025-08-25,2151606.979993347,,True,True
HCWB,2026-05-15,2.2937683493570185,28.0,False,True,False,8-K otros items,True,False,44849131.61245728,-0.3636638335188177,-0.1090991500556453,0.2792793773222544,-0.0983606247687063,False,False,False,True,False,False,VAL 2022-26,6.659999847412109,0.1666666666666666,False,1.11,7474855.26874288,2026-05-15,6734103.8457143055,R,False,False
HEPS,2024-10-18,0.6045454067632197,59.0,False,False,False,sin 8-K,False,True,,-0.0144476099257685,-0.0043342829777305,0.1473088452010291,-0.0113960005588911,False,True,False,False,False,False,VAL 2022-26,3.5299999713897705,1.0,False,3.53,,2024-10-18,,,False,True
HHS,2026-08-14,0.5053381157329624,73.0,False,False,False,sin 8-K,False,False,31531435.342178345,-0.0884950128808032,-0.0265485038642409,0.0638297824371294,0.0279070597845095,False,True,False,False,False,False,VAL 2022-26,4.230000019073486,1.0,False,4.23,31531435.342178345,2026-08-14,7454240.033611901,,False,True
HIHO,2020-08-03,0.6007604011233776,34.0,True,False,False,sin 8-K,False,True,16721383.4015131,0.4496438067990257,0.1348931420397077,0.175771915537529,0.0388888528317571,False,True,False,False,False,True,DEV 2015-21,4.210000038146973,1.0,False,4.210000038146973,16721383.4015131,2020-08-03,3971825.0,,True,False
HIHO,2025-12-23,0.6265060855266347,34.0,True,False,False,sin 8-K,False,True,,-1.2500000000000004,0.064074090426514,0.6370370363829394,-0.1199999809265136,False,True,False,False,False,False,VAL 2022-26,1.350000023841858,1.0,False,1.35,,2025-12-23,,,False,False
HIND,2018-12-21,0.6768292682926829,28.0,True,False,True,8-K otros items,False,False,556984503075000.0,0.0878787878787878,0.0263636363636363,0.2363636363636363,-0.0037735849056603,False,False,False,True,False,False,DEV 2015-21,23925000.0,3.448275862068966e-07,False,8.25,192063621.75,2018-12-21,23280439.0,O,False,False
HIND,2019-05-22,1.418181818181818,28.0,True,True,True,sin 8-K,True,False,194398882874700.0,-1.25,-0.4063480128893663,0.7615467239527389,0.4769230769230769,False,True,False,True,True,False,DEV 2015-21,8099700.0,3.448275862068966e-07,False,2.793,67034097.543000005,2019-05-22,24000751.0,,False,False
HIND,2021-01-20,0.9937888198757764,28.0,True,False,False,8-K con acuerdo (1.01),True,False,21701228304600.0,-1.25,-1.589439252336449,2.355140186915888,0.3731884057971014,True,False,False,False,False,False,DEV 2015-21,2792700.0,3.448275862068966e-06,False,9.63,74831821.74000001,2021-01-20,7770698.0,O,False,False
HIND,2023-02-03,1.085714285714286,28.0,True,True,False,sin 8-K,True,False,1842534388008.0,-1.2500000000000002,-0.3068036529680365,0.7047184170471841,0.5921361502347418,False,True,False,True,True,False,VAL 2022-26,76212.0,0.0001724137931034,False,13.14,317678342.76000005,2023-02-03,24176434.000000004,,False,False
HIND,2025-09-17,0.5467328806391023,28.0,True,True,True,sin 8-K,True,False,25182711.32742691,1.046880601136426,0.3140641803409278,0.0224598962116793,-0.0458860686671141,True,True,False,True,False,True,VAL 2022-26,9.350000381469728,1.0,False,9.35,25182711.32742691,2025-09-17,2693338.109885231,,True,False
HKD,2023-01-05,0.6959999084472657,61.0,False,False,False,sin 8-K,False,True,,-1.2500000000000009,-0.775919951632515,1.2240567958070718,0.2340567629486042,False,True,False,False,False,False,VAL 2022-26,16.959999084472656,1.0,False,16.959999084472656,,2023-01-05,,,False,True
HKD,2025-10-31,0.6508874954961463,61.0,False,False,False,sin 8-K,False,True,,-1.2500000000000009,-0.0673477017986844,0.960573428308814,0.1864406587885087,False,True,False,False,False,False,VAL 2022-26,2.789999961853028,1.0,False,2.79,,2025-10-31,,R,False,True
HKIT,2024-02-08,3.9824561403508776,73.0,False,False,False,sin 8-K,False,True,,1.169718309859155,0.3509154929577465,0.1408450704225352,0.256198347107438,True,True,False,False,False,False,VAL 2022-26,21300.0,0.0002666666666666,False,5.680000000000001,,2024-02-08,,,False,True
HKIT,2026-06-01,1.1883561643835616,73.0,True,True,True,sin 8-K,False,True,,-1.2500000000000009,-1.0694679186228482,1.7543035993740217,0.905775075987842,False,True,False,True,True,False,VAL 2022-26,79.875,0.04,False,3.195,,2026-06-01,,,False,False
HLP,2023-05-01,0.8809524890787257,35.0,False,True,False,sin 8-K,False,True,79000000.95367432,1.7008439172570444,0.5102531751771133,0.0987342025813067,0.2427440858981259,False,True,False,True,True,False,VAL 2022-26,7.900000095367432,1.0,False,7.900000095367432,79000000.95367432,2023-05-01,10000000.0,,False,False
HOLO,2022-09-19,2.990487514863258,73.0,False,False,False,sin 8-K,False,False,2002323840000.0,3.0069924513309494,0.9020977353992848,0.0429082240762812,0.1389830508474576,False,True,False,False,False,False,VAL 2022-26,268480.0,0.000125,False,33.56000000000001,250290480.0000001,2022-09-19,7458000.000000001,,False,True
HOLO,2024-12-30,0.8791666030883789,73.0,True,True,True,sin 8-K,False,True,,-1.2500000000000009,-0.4312860452955984,0.7317073418291973,0.2308892291633315,False,True,False,True,True,False,VAL 2022-26,180.3999938964844,0.025,False,4.51,,2024-12-30,,,False,False
HOLO,2025-07-11,0.5976820661385773,73.0,True,True,True,sin 8-K,False,True,525961166.7084694,0.9131260378002912,0.2739378113400874,0.0352331778267649,0.1490592989458517,True,True,False,True,False,False,VAL 2022-26,9.649999618530272,1.0,False,9.65,525961166.7084694,2025-07-11,54503747.84543724,,False,False
HOUR,2023-05-02,1.6582276551812545,59.0,False,False,False,sin 8-K,False,False,147200870.91515732,1.4031744337766634,0.420952330132999,0.1642857353703515,0.1380753755815692,False,True,False,False,False,False,VAL 2022-26,4.199999809265137,1.0,False,4.199999809265137,147200870.91515732,2023-05-02,35047828.0,,False,True
HOUR,2025-09-05,0.5634920349587236,59.0,False,False,False,8-K otros items,False,False,103931971.89162254,-1.2500000000000002,-0.2451946496126242,0.827411246967122,-0.5616437425575846,False,False,False,False,False,False,VAL 2022-26,2.9549999237060547,1.0,False,2.955,103931971.89162254,2025-09-05,35171564.09191964,S,False,True
HOVR,2024-06-10,0.7777776673988104,37.0,False,True,True,sin 8-K,True,False,23322157.558709145,0.6958332751256712,0.2087499825377013,0.0234374781721267,0.0500000119209289,False,True,False,True,True,True,VAL 2022-26,1.2799999713897705,1.0,False,1.2799999713897705,23322157.558709145,2024-06-10,18220436.0,,False,False
HRTX,2024-12-04,0.6779661924460303,28.0,True,False,False,8-K solo nota de prensa (7.01/8.01),True,False,301147928.6609802,0.539057289736289,0.1617171869208866,0.0050505001853162,-0.0487805143982653,True,False,True,False,False,False,VAL 2022-26,1.9800000190734863,1.0,False,1.98,301147928.6609802,2024-12-04,152094913.46514153,O,False,False
HSCS,2023-02-03,0.852112676056338,61.0,False,True,True,sin 8-K,True,False,2159362289.0,-1.2500000000000009,-0.3027756653992395,0.5019011406844107,0.1764705882352941,False,True,False,True,True,False,VAL 2022-26,263.0,0.01,False,2.63,21593622.89,2023-02-03,8210503.000000001,,False,False
HSCS,2026-06-23,0.5367231965654793,61.0,True,False,False,8-K con acuerdo (1.01),True,False,8662384.091114998,-1.25,-0.0210294011302267,0.3786764560866729,0.0436363220214843,False,False,False,False,False,True,VAL 2022-26,2.720000028610229,1.0,False,2.72,8662384.091114998,2026-06-23,3184700.0334981605,H,True,False
HSDT,2022-06-01,0.5684931506849316,61.0,True,False,True,sin 8-K,False,False,325832850375.0,0.4179039301310044,0.1253711790393013,0.1528384279475982,-0.0101010101010101,False,True,False,True,True,False,VAL 2022-26,85875.0,2.6666666666666667e-05,False,2.29,8688876.01,2022-06-01,3794269.0,,True,False
HSDT,2022-08-03,2.1055900621118013,61.0,True,False,True,sin 8-K,False,False,284570175000.0,-1.25,0.1999999999999999,0.3799999999999999,0.3544303797468354,False,True,False,True,True,False,VAL 2022-26,75000.0,2.6666666666666667e-05,False,2.0,7588538.0,2022-08-03,3794269.0,,True,False
HSDT,2024-12-20,1.1458333333333337,61.0,True,False,False,sin 8-K,True,False,2880012870.0,-1.2500000000000004,0.106504854368932,0.4077669902912622,-0.0549450549450549,False,True,False,False,False,False,VAL 2022-26,772.5,0.0013333333333333,False,1.03,3840017.16,2024-12-20,3728172.0,,True,False
HSDT,2025-01-21,0.6511318242343542,61.0,True,False,False,sin 8-K,True,False,3467199960.0,0.5311827956989247,0.1593548387096774,0.2903225806451612,0.203883495145631,True,True,False,False,False,False,VAL 2022-26,930.0,0.0013333333333333,False,1.24,4622933.28,2025-01-21,3728172.0000000005,,True,False
HSDT,2025-06-11,0.7278106508875739,61.0,True,True,False,sin 8-K,True,False,447254794.0,0.7657534246575342,0.2297260273972602,0.2671232876712328,0.4585585723052153,False,True,False,True,True,False,VAL 2022-26,73.0,0.02,False,1.46,8945095.88,2025-06-11,6126778.000000001,,False,False
HSDT,2025-07-21,0.5516855069143534,61.0,True,True,True,8-K solo nota de prensa (7.01/8.01),True,False,84610806.75089836,0.9876660312290924,0.2962998093687277,0.046343183939324,0.1336116642134605,False,False,True,True,False,False,VAL 2022-26,13.8100004196167,1.0,False,13.81,84610806.75089836,2025-07-21,6126778.1861620825,B,False,False
HSDT,2025-09-15,2.214285637696223,61.0,True,True,True,8-K con acuerdo (1.01),True,False,26177344.278118134,0.793827019014932,0.2381481057044796,0.0078189522643212,-0.2222221874229413,True,False,False,True,False,True,VAL 2022-26,24.299999237060547,1.0,False,24.3,26177344.278118134,2025-09-15,1077256.966177701,F,True,False
HTCR,2023-04-12,1.045454501120513,73.0,True,False,False,8-K con acuerdo (1.01),False,False,750336840.0,0.7074074074074074,0.2122222222222222,0.0,0.1500000272478376,False,False,False,False,False,False,VAL 2022-26,36.0,0.05,False,1.8,37516842.0,2023-04-12,20842690.0,H,False,False
HTCR,2023-05-23,0.5468749173451228,73.0,True,False,False,8-K otros items,False,False,825370492.196579,-1.2500000000000002,-0.252424309563851,0.7323232605413288,0.1869918825259343,False,False,False,False,False,False,VAL 2022-26,39.59999847412109,0.05,False,1.9799999237060548,41268524.60982895,2023-05-23,20842690.0,R,False,False
HTOO,2024-02-16,2.433333260672433,35.0,True,False,False,sin 8-K,False,True,2505037732.584961,1.4553396962414529,0.4366019088724358,0.1286408005848709,-0.0877192948910019,False,True,False,False,False,False,VAL 2022-26,144.1999969482422,0.0285714285714285,False,4.11999991280692,71572506.6452846,2024-02-16,17371967.999999996,,False,False
HTOO,2025-07-22,1.2920560604495792,35.0,True,True,True,sin 8-K,False,True,,1.020013676136299,0.3060041028408897,0.2874617302956652,0.0685544017186035,False,True,False,True,True,False,VAL 2022-26,9.8100004196167,1.0,False,9.81,,2025-07-22,,H,False,False
HTT,2022-07-18,0.6134452645063673,61.0,False,False,False,sin 8-K,False,True,,0.4006944541457215,0.1202083362437164,0.1354167268145842,0.0179640551860503,False,True,False,False,False,False,VAL 2022-26,1.919999957084656,1.0,False,1.919999957084656,,2022-07-18,,,False,True
HUIZ,2026-08-20,1.102739625362772,64.0,False,False,False,sin 8-K,False,True,,1.3021714729756415,0.3906514418926925,0.039087989116308,0.0815217246940548,False,True,False,False,False,False,VAL 2022-26,3.069999933242798,1.0,False,3.07,,2026-08-20,,,False,True
HUMA,2024-12-20,0.67052027343441,28.0,True,True,True,sin 8-K,False,False,727467913.2863731,0.6241062871637009,0.1872318861491102,0.1712802310003705,-0.0021552218037907,True,True,False,True,False,False,VAL 2022-26,5.78000020980835,1.0,False,5.78,727467913.2863731,2024-12-20,125859500.56857666,,False,False
HURA,2017-09-20,0.6085790884718498,28.0,True,False,True,sin 8-K,False,False,424041817500.0,1.3185185185185186,0.3955555555555555,0.2722222222222221,0.0841121495327102,False,True,False,True,True,False,DEV 2015-21,31500.0,5.714285714285714e-05,False,1.8,24230961.0,2017-09-20,13461645.0,,False,False
HYFM,2026-08-03,4.759258836139884,51.0,True,False,False,sin 8-K,True,False,14817942.82017231,0.9956053934730804,0.2986816180419241,0.0289389567921891,0.1069768037584524,False,True,False,False,False,True,VAL 2022-26,3.109999895095825,1.0,False,3.11,14817942.82017231,2026-08-03,4764611.839283701,,True,False
HYLN,2020-06-19,0.5587084040074104,37.0,False,False,False,8-K con acuerdo (1.01),False,False,,0.3621469569189061,0.1086440870756718,0.0295040366823964,-0.302706621454534,False,False,False,False,False,False,DEV 2015-21,15.93000030517578,1.0,False,15.93000030517578,,2020-06-19,,O,False,True
HYMC,2022-03-08,2.42424253151984,10.0,True,False,True,sin 8-K,True,False,682643430.122469,0.3501475424164931,0.1050442627249479,0.2300884410539401,0.3699999809265136,False,True,False,True,True,False,VAL 2022-26,11.300000190734863,0.1,False,1.1300000190734865,68264343.01224689,2022-03-08,60410921.99999999,,False,False
HYPD,2019-01-30,0.5209125916488297,28.0,True,True,False,8-K solo nota de prensa (7.01/8.01),True,False,3228478720.0,0.5583332061767579,0.1674999618530273,0.05,-0.063829737894366,False,False,True,True,False,False,DEV 2015-21,320.0,0.0125,False,4.0,40355984.0,2019-01-30,10088996.0,B,False,False
HYPD,2020-08-11,0.8873624744053736,28.0,True,True,False,8-K con acuerdo (1.01),False,False,10868899559.587036,0.8594370950284996,0.2578311285085499,0.0072780207017577,-0.0139165163729008,False,False,False,True,False,False,DEV 2015-21,549.5999755859375,0.0125,False,6.86999969482422,135861244.49483797,2020-08-11,19776018.999999996,K,False,False
HYPD,2025-05-20,0.5752212202663811,28.0,True,True,True,8-K otros items,True,False,5038371.799017429,0.1726592061295185,0.0517977618388555,0.0112359445213352,0.1616766394400732,False,False,False,True,False,True,VAL 2022-26,1.7799999713897705,1.0,False,1.7799999713897705,5038371.799017429,2025-05-20,2830546.0,R,True,False
IBG,2025-04-02,2.062880371943048,20.0,False,False,False,sin 8-K,False,True,327438101.75,-1.2500000000000002,0.1621854304635761,0.304635761589404,0.152,False,True,False,False,False,False,VAL 2022-26,37.75,0.04,False,1.51,13097524.070000002,2025-04-02,8673857.000000002,,False,True
IBG,2025-09-23,1.845528337617028,20.0,False,False,False,sin 8-K,False,True,,0.8968254937065973,0.2690476481119792,0.2380952380952381,0.0528401606506654,False,True,False,False,False,False,VAL 2022-26,26.25,0.2,False,1.05,,2025-09-23,,,False,True
IBIO,2019-08-20,0.6285714285714286,28.0,False,False,False,sin 8-K,True,False,11230401060.0,0.6976608187134502,0.209298245614035,0.2280701754385965,0.0786516853932584,False,True,False,False,False,False,DEV 2015-21,570.0,0.002,False,1.14,22460802.12,2019-08-20,19702458.000000004,,False,True
IBIO,2020-02-28,1.1379310344827585,28.0,True,False,False,sin 8-K,True,False,70861773150.0,-1.2500000000000002,-0.3272043010752688,0.8279569892473118,0.0979591836734693,True,True,False,False,False,False,DEV 2015-21,930.0,0.002,False,1.86,141723546.3,2020-02-28,76195455.0,,False,False
IBIO,2020-04-28,0.5543478260869565,28.0,True,True,False,sin 8-K,True,False,54479750325.0,0.6892773892773892,0.2067832167832167,0.0629370629370629,0.0089285714285714,False,True,False,True,True,False,DEV 2015-21,715.0,0.002,False,1.43,108959500.65,2020-04-28,76195455.00000001,,False,False
IBIO,2020-06-26,0.5652173913043479,28.0,True,True,True,sin 8-K,True,False,149133640320.0,0.4560846560846561,0.1368253968253968,0.0674603174603174,-0.1441860465116279,False,True,False,True,True,False,DEV 2015-21,1260.0,0.002,False,2.52,298267280.64,2020-06-26,118360032.0,,False,False
IBIO,2023-02-17,1.1733332316080731,28.0,True,True,False,8-K con acuerdo (1.01),True,False,403234401.5261688,0.2734149522566042,0.0820244856769812,0.2208589294461176,-0.1216216329417147,False,False,False,True,False,False,VAL 2022-26,32.599998474121094,0.05,False,1.6299999237060547,20161720.076308444,2023-02-17,12369154.000000002,O,False,False
IBIO,2024-03-27,1.347826177095873,28.0,False,False,True,sin 8-K,True,False,9407518.36614275,-1.2500000000000004,-0.2544443836133677,0.492592643939254,-0.2083333540293911,True,True,False,True,False,True,VAL 2022-26,2.700000047683716,1.0,False,2.700000047683716,9407518.36614275,2024-03-27,3484266.0,,True,True
IBIO,2025-12-08,0.6083332257138401,28.0,True,False,True,sin 8-K,True,False,37933446.44907332,0.4157167487553386,0.1247150246266016,0.1813471675408784,-0.3293413686583065,True,True,False,True,False,False,VAL 2022-26,1.9299999475479128,1.0,False,1.93,37933446.44907332,2025-12-08,19654635.4658411,,False,False
IBO,2025-03-21,0.5192307121125925,28.0,False,False,False,sin 8-K,False,False,483416480.0,-1.2500000000000002,-0.5796202278137207,0.952531623840332,0.2741935689665156,False,True,False,False,False,False,VAL 2022-26,40.0,0.079,False,3.16,38189901.92,2025-03-21,12085412.0,,False,True
IBO,2025-06-23,1.9834258662545563,28.0,False,False,False,8-K con acuerdo (1.01),False,False,165218290.1952324,-1.250000000000001,-0.5007407853093168,0.8055555497422631,0.4782609163604155,True,False,False,False,False,False,VAL 2022-26,13.670886039733888,0.079,False,1.08,13052244.92542336,2025-06-23,12085411.96798459,O,False,True
ICCM,2022-12-20,2.148345716058423,38.0,True,False,False,sin 8-K,False,True,,-1.2500000000000004,0.1086440677966101,0.6033897615421964,0.4692307496682191,False,True,False,False,False,False,VAL 2022-26,88.5,0.0333333333333333,False,2.95,,2022-12-20,,B,False,False
ICCM,2023-11-28,0.5945946085270166,38.0,True,False,False,sin 8-K,False,True,,-0.5276835945107731,-0.1583050783532319,0.2627118315309069,0.1734318028812271,False,True,False,False,False,False,VAL 2022-26,35.400001525878906,0.0333333333333333,False,1.1800000508626305,,2023-11-28,,,False,False
ICCM,2026-06-17,0.9859153952129134,38.0,True,True,True,sin 8-K,False,True,309307300.78469706,-1.2500000000000004,-0.5230023797894093,1.2553191297485171,0.1562499976716936,False,True,False,True,True,False,VAL 2022-26,4.230000019073486,1.0,False,4.23,309307300.78469706,2026-06-17,73122293.32971561,,False,False
ICON,2025-06-13,0.608938539152061,44.0,False,True,True,sin 8-K,False,True,,-0.0796298074624222,-0.0238889422387266,0.1423611943552545,0.2123287877036111,True,True,False,True,False,False,VAL 2022-26,14.399999618530272,0.2,False,2.88,,2025-06-13,,,False,False
ICU,2022-11-21,0.5979643765903309,38.0,False,True,False,sin 8-K,True,False,19938478760.0,0.513375796178344,0.1540127388535031,0.035031847133758,-0.0361904761904761,False,True,False,True,True,False,VAL 2022-26,1570.0,0.004,False,6.28,79753915.04,2022-11-21,12699668.0,,False,False
IDAI,2022-04-28,1.995238167898996,73.0,False,False,False,sin 8-K,False,False,740019178.4019814,0.8092740402842534,0.242782212085276,0.2798091899390484,0.1234042390863946,False,True,False,False,False,False,VAL 2022-26,31.450000762939453,0.2,False,6.290000152587891,148003835.6803963,2022-04-28,23530021.000000004,,False,True
IDYA,2020-06-16,0.6268157240119747,28.0,True,False,False,8-K con acuerdo (1.01),False,False,296215404.37687683,0.3604396102240608,0.1081318830672182,0.0611263299449731,-0.4462616412883338,False,False,False,False,False,False,DEV 2015-21,14.5600004196167,1.0,False,14.5600004196167,296215404.37687683,2020-06-16,20344464.0,K,False,False
IFBD,2024-02-27,1.1340579300136082,73.0,True,True,True,sin 8-K,False,True,63282111.44552231,2.5756083755490744,0.7726825126647223,0.1595925430438645,0.2148437361756802,False,True,False,True,True,False,VAL 2022-26,47.119998931884766,0.125,False,5.889999866485596,7910263.930690289,2024-02-27,1342999.0,,True,False
IFRX,2020-04-01,0.7120419047497788,28.0,False,False,False,sin 8-K,False,True,170728366.70416355,0.3795106766076278,0.1138532029822883,0.0657492096095957,0.1780104672829378,True,True,False,False,False,False,DEV 2015-21,6.539999961853027,1.0,False,6.539999961853027,170728366.70416355,2020-04-01,26105255.0,H,False,True
IGC,2017-12-26,1.2121211820178577,28.0,True,True,True,sin 8-K,True,False,40975298.19060516,0.4232877681691827,0.1269863304507548,0.1164383237280042,0.1746031986312503,False,True,False,True,True,False,DEV 2015-21,1.4600000381469729,1.0,False,1.4600000381469729,40975298.19060516,2017-12-26,28065271.999999996,,False,False
IGC,2018-08-27,0.5633803490867855,28.0,True,False,True,sin 8-K,True,False,34441605.47386587,-1.2500000000000004,-0.3793693345383137,0.4864864458502549,0.1315789019632201,False,True,False,True,True,False,DEV 2015-21,1.1100000143051147,1.0,False,1.1100000143051147,34441605.47386587,2018-08-27,31028473.0,,False,False
IGC,2019-06-14,0.5294116657085512,28.0,True,False,True,sin 8-K,True,False,51364827.2159493,0.0692306751800442,0.0207692025540132,0.1461538955304768,0.0476190025664057,False,True,False,True,True,False,DEV 2015-21,1.2999999523162842,1.0,False,1.2999999523162842,51364827.2159493,2019-06-14,39511407.0,,False,False
IGC,2020-08-12,0.5625000349245974,28.0,True,False,False,8-K solo nota de prensa (7.01/8.01),False,False,41186130.0,-1.2500000000000009,-1.569999942779541,1.670000076293945,0.0078124927240422,True,False,True,False,False,False,DEV 2015-21,1.0,1.0,False,1.0,41186130.0,2020-08-12,41186130.0,O,False,False
IGC,2021-07-22,1.6554054162901104,28.0,True,False,False,sin 8-K,False,False,189926186.1161936,0.9251061028380808,0.2775318308514242,0.1832061110381431,0.3285714188400578,True,True,False,False,False,False,DEV 2015-21,3.930000066757202,1.0,False,3.930000066757202,189926186.1161936,2021-07-22,48327273.000000015,,False,False
IHT,2018-08-02,0.9375000582076622,67.0,False,False,False,8-K con acuerdo (1.01),False,False,23764515.862771034,1.243548441367392,0.3730645324102176,0.0887096882734783,0.1111110851395878,False,False,False,False,False,True,DEV 2015-21,2.4800000190734863,1.0,False,2.4800000190734863,23764515.862771034,2018-08-02,9582466.0,O,False,True
IHT,2025-09-15,0.5,67.0,True,False,False,sin 8-K,False,False,26373900.0,-1.2500000000000009,-0.1166666444142659,0.4133332570393879,0.307228916095258,False,True,False,False,False,True,VAL 2022-26,3.0,1.0,False,3.0,26373900.0,2025-09-15,8791300.0,,False,False
ILLR,2023-04-28,0.6331360836849795,62.0,False,False,False,sin 8-K,True,False,3397365160.783367,-1.2500000000000009,0.1530434658997597,0.9456522895257764,0.1255410857506319,True,True,False,False,False,False,VAL 2022-26,57.0247917175293,0.0484,False,2.759999919128418,164432473.78191498,2023-04-28,59576985.00000001,,False,True
ILLR,2024-04-18,2.174999809598937,62.0,False,False,False,8-K con acuerdo (1.01),True,False,1952004643.639389,-1.2499999999999998,0.1789763602096481,0.3070865580821136,-0.2135922008136506,False,False,False,False,False,False,VAL 2022-26,26.239669799804688,0.0484,False,1.2700000183105469,94477024.75214642,2024-04-18,74391357.0,O,False,True
ILLR,2026-06-25,2.4590378508099606,62.0,False,False,False,8-K con acuerdo (1.01),True,True,525262213.0087278,-1.2500000000000009,-0.1566164864290984,0.9924812104206124,-0.4622951173359467,False,False,False,False,False,False,VAL 2022-26,2.6600000858306885,1.0,False,2.66,525262213.0087278,2026-06-25,197466997.37170216,H,False,True
IMCC,2026-09-18,0.8620689607923389,28.0,True,False,False,sin 8-K,False,True,,-1.2500000000000002,-0.3155555575996105,1.6697529608239274,0.2706855734665712,False,True,False,False,False,False,VAL 2022-26,3.240000009536743,1.0,False,3.24,,2026-09-18,,,False,False
IMDX,2019-01-29,1.2472527368879742,28.0,True,False,False,8-K otros items,False,False,3326355896.8981934,-1.2500000000000009,-0.4549876838446178,0.6919314026053729,0.1201353410733177,False,False,False,False,False,False,DEV 2015-21,81.80000305175781,0.05,False,4.090000152587891,166317794.84490967,2019-01-29,40664496.0,B,False,False
IMDX,2020-12-15,0.6273584320011343,28.0,True,False,True,sin 8-K,True,False,4640294091.0,0.8555556292695123,0.2566666887808537,0.0173912601194519,-0.03952569289153,True,True,False,True,False,False,DEV 2015-21,69.0,0.05,False,3.45,232014704.55,2020-12-15,67250639.0,,False,False
IMMP,2015-08-14,0.5099999914169304,28.0,True,False,False,sin 8-K,False,True,,0.1211916054420325,0.0363574816326097,0.1920531005913033,0.0625000372529015,True,True,False,False,False,False,DEV 2015-21,5.033332824707031,0.3,False,1.5099998474121092,,2015-08-14,,,False,False
IMMP,2020-07-15,0.509090846038063,28.0,True,False,False,sin 8-K,False,True,809467340.8035614,0.3682729568191629,0.1104818870457488,0.1746988475262167,0.0273973150802686,False,True,False,False,False,False,DEV 2015-21,1.659999966621399,1.0,False,1.659999966621399,809467340.8035614,2020-07-15,487630938.0,,False,False
IMMP,2020-12-10,2.245370347374752,28.0,True,False,False,sin 8-K,False,True,3418292986.9898643,0.5943414781561427,0.1783024434468428,0.1340940869745506,0.3866432382354678,False,True,False,False,False,False,DEV 2015-21,7.010000228881836,1.0,False,7.010000228881836,3418292986.9898643,2020-12-10,487630938.0,,False,False
IMMP,2026-04-15,2.2580644603078253,28.0,True,False,False,sin 8-K,False,True,,1.5178216945329202,0.455346508359876,0.0396039230007125,-0.0740740004880958,False,True,False,False,False,False,VAL 2022-26,1.0099999904632568,1.0,False,1.01,,2026-04-15,,,False,False
IMMX,2022-01-03,0.9803371640591756,28.0,False,True,False,sin 8-K,True,False,,0.5671394546416951,0.1701418363925085,0.2312056837364444,-0.122837289885385,False,True,False,True,True,False,VAL 2022-26,7.050000190734863,1.0,False,7.050000190734863,,2022-01-03,,,False,False
IMMX,2022-05-20,0.527607372282787,28.0,False,False,False,sin 8-K,True,False,34508135.74216676,0.4619814224371543,0.1385944267311462,0.1526103913923424,-0.0141510431263245,False,True,False,False,False,False,VAL 2022-26,2.490000009536743,1.0,False,2.490000009536743,34508135.74216676,2022-05-20,13858689.0,,False,True
IMNM,2021-02-18,1.6647165127897514,28.0,False,False,False,sin 8-K,True,False,624169843.4388504,1.1038620207892522,0.3311586062367756,0.0771829043318237,0.0258907553188919,False,True,False,False,False,False,DEV 2015-21,59.209999084472656,1.0,False,59.209999084472656,624169843.4388504,2021-02-18,10541629.0,,False,True
IMNM,2023-06-29,0.5025381292233573,28.0,True,False,False,8-K con acuerdo (1.01),False,False,108469361.23789787,0.4096097184566586,0.1228829155369975,0.0112611966786788,-0.0272727329024459,False,False,False,False,False,False,VAL 2022-26,8.880000114440918,1.0,False,8.880000114440918,108469361.23789787,2023-06-29,12215018.0,F,False,False
IMNN,2017-06-16,0.614634214263198,28.0,True,True,True,sin 8-K,True,False,35920582978.09644,0.0774420386649439,0.0232326115994831,0.0876133001697105,0.2375000353389305,False,True,False,True,True,False,DEV 2015-21,647.6087036132812,0.0051111111111111,False,3.310000040690104,183594090.77693737,2017-06-16,55466492.000000015,,False,False
IMNN,2017-11-21,0.7523365286378778,28.0,True,True,True,sin 8-K,True,False,11784870181.68152,0.757777737107769,0.2273333211323306,0.0559999401041688,-0.0944055230866509,False,True,False,True,True,False,DEV 2015-21,733.6956787109375,0.0051111111111111,False,3.75000013563368,60233780.92859443,2017-11-21,16062341.000000004,,False,False
IMNN,2021-01-21,0.8976377880225648,28.0,True,False,True,8-K otros items,True,False,17643266125.426758,0.8933609322928884,0.2680082796878665,0.1618258029474673,0.2126436539470194,True,False,False,True,False,False,DEV 2015-21,471.521728515625,0.0051111111111111,False,2.409999945746528,90176693.52995898,2021-01-21,37417715.99999999,F,False,False
IMNN,2024-07-30,1.8235294985052275,28.0,True,False,False,8-K solo nota de prensa (7.01/8.01),True,False,411955979.44104767,0.0063492685218502,0.001904780556555,0.0863095067120467,0.5933734878732555,True,False,True,False,False,False,VAL 2022-26,43.82608795166016,0.0766666666666666,False,3.3600000762939453,31583291.757146984,2024-07-30,9399789.0,B,False,False
IMNN,2025-05-23,2.023809212946304,28.0,True,False,True,sin 8-K,True,False,242195584.60046387,0.2553802918399167,0.076614087551975,0.0944883467296968,-0.956896546833864,False,True,False,True,True,False,VAL 2022-26,16.565216064453125,0.0766666666666666,False,1.27,18568328.152702227,2025-05-23,14620730.828899391,,False,False
IMPP,2022-01-28,0.9224138790966754,44.0,False,True,False,sin 8-K,False,True,159732852.0432434,-1.25,0.012421524152279,0.5470851665072554,0.5504587319176646,False,True,False,True,True,False,VAL 2022-26,33.45000076293945,0.0666666666666666,False,2.23000005086263,10648856.802882891,2022-01-28,4775271.999999999,,True,False
IMRN,2018-03-08,0.6213017891720605,28.0,False,True,True,sin 8-K,False,True,,-0.0299270221022495,-0.0089781066306748,0.2189781748497146,0.1706853361806521,False,True,False,True,True,False,DEV 2015-21,13.699999809265137,1.0,False,13.699999809265137,,2018-03-08,,B,False,False
IMRN,2019-07-16,1.2320818473875388,28.0,True,True,False,sin 8-K,False,True,1067430711.0138148,1.1083587075350625,0.3325076122605187,0.108562697597601,0.1279070154275665,False,True,False,True,True,False,DEV 2015-21,6.539999961853027,1.0,False,6.539999961853027,1067430711.0138148,2019-07-16,163215705.99999997,R,False,False
IMRN,2020-06-09,3.7619049781574514,28.0,True,False,False,sin 8-K,False,True,,-1.2500000000000002,-1.01,1.898999977111816,0.5059999942779541,False,True,False,False,False,False,DEV 2015-21,10.0,1.0,False,10.0,,2020-06-09,,H,False,False
IMRN,2020-07-20,0.6483516779652871,28.0,True,False,False,sin 8-K,False,True,1871935443.0,-1.2500000000000004,-0.0014285568963913,0.8600000653948103,-0.4226705702880884,False,True,False,False,False,False,DEV 2015-21,10.5,1.0,False,10.5,1871935443.0,2020-07-20,178279566.0,H,False,False
IMRN,2022-01-12,0.5458016670373378,28.0,True,False,False,sin 8-K,False,True,920348757.1438484,0.1477368367636957,0.0443210510291087,0.0024690744626516,0.080939934452942,False,True,False,False,False,False,VAL 2022-26,4.050000190734863,1.0,False,4.050000190734863,920348757.1438484,2022-01-12,227246596.0,K,False,False
IMRN,2023-05-08,0.577540128428566,28.0,False,False,False,sin 8-K,False,True,,0.2717513859460359,0.0815254157838107,0.0881355885629235,0.0335821456515076,False,True,False,False,False,False,VAL 2022-26,2.950000047683716,1.0,False,2.950000047683716,,2023-05-08,,B,False,True
IMRN,2024-03-07,1.0424242025783452,28.0,False,False,False,sin 8-K,False,True,,-1.2500000000000002,-0.3601484703997311,0.7685460654424356,0.1648352103250017,True,True,False,False,False,False,VAL 2022-26,3.369999885559082,1.0,False,3.369999885559082,,2024-03-07,,B,False,True
IMRN,2026-09-04,0.6306305580659313,28.0,True,False,False,sin 8-K,False,True,584355008.1364846,-0.0149171440526856,-0.0044751432158057,0.0994475538384733,-0.0222222678455317,False,True,False,False,False,False,VAL 2022-26,1.809999942779541,1.0,False,1.81,584355008.1364846,2026-09-04,322848070.79363793,H,False,False
IMRX,2025-01-07,0.5847458371962702,28.0,True,False,False,8-K solo nota de prensa (7.01/8.01),True,False,,1.1966132895918111,0.3589839868775434,0.0160427654081671,0.1525423352110817,True,False,True,False,False,False,VAL 2022-26,3.740000009536743,1.0,False,3.74,,2025-01-07,,B,False,False
IMTE,2020-06-17,0.8181818181818181,36.0,True,False,False,sin 8-K,False,True,,-1.2500000000000002,0.3025,0.6637500762939452,-0.0818181818181818,True,True,False,False,False,False,DEV 2015-21,80.0,0.1,False,8.0,,2020-06-17,,,False,False
IMTE,2025-03-24,1.3333332229543655,36.0,False,False,False,sin 8-K,False,True,4323606.807275295,-1.2500000000000004,-0.676666603592968,0.7698412983746097,0.0999999659402014,False,True,False,False,False,True,VAL 2022-26,1.2599999904632568,1.0,False,1.26,4323606.807275295,2025-03-24,3431433.9740280122,,True,True
IMXI,2025-08-11,0.6395474774131789,73.0,False,False,False,8-K con acuerdo (1.01),False,False,451642886.1394272,0.0356776275382946,0.0107032882614884,0.0036148737840417,0.0093959324317249,False,False,False,False,False,False,VAL 2022-26,15.21500015258789,1.0,False,15.215,451642886.1394272,2025-08-11,29684054.297694854,R,False,True
INAB,2023-04-24,1.4095238579644098,28.0,True,False,False,8-K solo nota de prensa (7.01/8.01),False,False,1892798640.252457,-1.2500000000000009,-0.1957707271496371,0.5612647907470223,0.3633333418104383,False,False,True,False,False,False,VAL 2022-26,75.9000015258789,0.0333333333333333,False,2.5300000508626304,63093288.00841523,2023-04-24,24938058.0,B,False,False
INBS,2023-01-23,2.816793967226023,38.0,True,False,False,sin 8-K,True,False,35735769600.0,-1.25,-0.04,0.6000000000000001,-0.1553398058252427,False,True,False,False,False,False,VAL 2022-26,2400.0,0.0004166666666666,False,1.0,14889904.000000002,2023-01-23,14889904.000000002,,False,False
INBS,2024-02-02,0.7178423597748569,38.0,True,False,True,sin 8-K,True,False,361603386.7276077,-1.2500000000000004,-0.447198014662074,0.6884057717288925,0.3882352684726234,False,True,False,True,True,False,VAL 2022-26,41.400001525878906,0.1,False,4.14000015258789,36160338.67276078,2024-02-02,8734381.000000004,,False,False
INBS,2024-09-09,0.6139240311499001,38.0,True,False,True,sin 8-K,True,False,79484749.5,0.960130768819572,0.2880392306458716,0.1764705882352941,-0.1005587252943737,True,True,False,True,False,False,VAL 2022-26,25.5,0.1,False,2.5500000000000003,7948474.95,2024-09-09,3117048.9999999995,,True,False
INBX,2025-10-24,0.7323695349351476,28.0,False,False,True,8-K solo nota de prensa (7.01/8.01),False,False,711668749.2020988,-0.5869665289374377,-0.1760899586812313,0.2253205669480131,-0.0272298400011186,True,False,True,True,False,False,VAL 2022-26,49.130001068115234,1.0,False,49.13,711668749.2020988,2025-10-24,14485421.314921612,B,False,True
INDO,2020-12-30,1.1460991174132444,13.0,False,False,False,sin 8-K,False,True,,1.017354823178095,0.3052064469534284,0.1953675247494324,-0.1029411455339222,False,True,False,False,False,False,DEV 2015-21,9.93000030517578,1.0,False,9.93000030517578,,2020-12-30,,,False,True
INDP,2020-12-09,0.9537572682230748,28.0,False,False,False,sin 8-K,False,False,,1.0120315756758176,0.3036094727027452,0.0532544478870591,-0.0323275631729966,True,True,False,False,False,False,DEV 2015-21,757.1199951171875,0.0089285714285714,False,6.759999956403459,,2020-12-09,,,False,True
INDP,2021-03-15,0.5272330551996056,28.0,False,False,False,sin 8-K,False,False,,0.4659532993568474,0.1397859898070542,0.0684736219940505,0.1501677662113656,False,True,False,False,False,False,DEV 2015-21,785.1199951171875,0.0089285714285714,False,7.009999956403459,,2021-03-15,,,False,True
INDP,2021-09-15,0.6760960625372923,28.0,True,False,False,sin 8-K,True,False,33179.998779296875,-1.2499999999999998,0.0828269708442148,1.4329114524804134,-0.0772092698816445,False,True,False,False,False,True,DEV 2015-21,331.79998779296875,0.0357142857142857,False,11.849999564034595,1184.9999564034597,2021-09-15,100.00000000000001,,True,False
INDP,2025-12-24,0.5256409394278663,28.0,True,False,False,8-K con acuerdo (1.01),True,False,5209709.757996082,0.3308121228945903,0.099243636868377,0.0588235954099893,0.0377359016801401,True,False,False,False,False,True,VAL 2022-26,2.9749999046325684,1.0,False,2.975,5209709.757996082,2025-12-24,1751162.9438642294,F,True,False
INEO,2025-03-20,0.6592592370199408,50.0,False,False,True,sin 8-K,False,True,11060000.04708767,-1.2500000000000009,-0.0546428143780452,0.3928570858373936,0.2769230369515188,False,True,False,True,True,True,VAL 2022-26,1.1200000047683716,1.0,False,1.1200000047683716,11060000.04708767,2025-03-20,9875000.0,,False,True
INEO,2025-04-28,0.9108910552193958,50.0,False,False,True,sin 8-K,False,True,19058749.48203564,0.8129532014582075,0.2438859604374622,0.010362746465985,0.1666666666666666,False,True,False,True,True,True,VAL 2022-26,1.9299999475479128,1.0,False,1.9299999475479128,19058749.48203564,2025-04-28,9875000.0,,False,True
INKT,2025-07-11,1.7257438089048875,28.0,True,False,False,sin 8-K,True,False,83571878.22955322,-1.2500000000000004,-2.055562368219136,2.6070242572746296,0.3671497308846032,True,True,False,False,False,False,VAL 2022-26,21.06999969482422,1.0,False,21.07,83571878.22955322,2025-07-11,3966391.9425511733,,True,False
INKT,2026-03-10,0.5033493133864209,28.0,True,False,False,sin 8-K,False,False,73745175.2290678,0.4334605991774037,0.1300381797532211,0.0774665820925701,0.1724648322895623,False,True,False,False,False,False,VAL 2022-26,15.710000038146973,1.0,False,15.71,73745175.2290678,2026-03-10,4694155.011398332,,True,False
INLF,2026-09-25,1.1186440335509085,35.0,True,False,False,sin 8-K,False,True,,0.5800000508626302,0.174000015258789,0.0991999816894531,,False,True,False,False,False,False,VAL 2022-26,6.25,1.0,False,6.25,,2026-09-25,,F,False,False
INM,2023-10-24,1.9310343863706128,28.0,True,False,False,sin 8-K,True,False,113158494.0,1.3607842464073032,0.4082352739221909,0.2235293668859146,0.2416582669722924,False,True,False,False,False,False,VAL 2022-26,34.0,0.05,False,1.7000000000000002,5657924.7,2023-10-24,3328190.9999999995,,True,False
INM,2025-06-02,1.2289157307141632,28.0,False,False,True,sin 8-K,True,False,6699882.530252457,-1.2500000000000009,0.3737837912144088,0.4378377918608453,0.0292398072574056,True,True,False,True,False,True,VAL 2022-26,5.550000190734863,1.0,False,5.55,6699882.530252457,2025-06-02,1207186.0414869292,,True,True
INM,2025-06-24,0.7183673290648298,28.0,False,False,True,sin 8-K,True,False,5082253.106050491,-1.2500000000000002,0.0707601305242603,0.3064132898252465,0.0206718155224176,True,True,False,True,False,True,VAL 2022-26,4.210000038146973,1.0,False,4.21,5082253.106050491,2025-06-24,1207186.010938359,,True,True
INM,2026-05-19,1.6284874844248949,28.0,True,True,False,8-K con acuerdo (1.01),True,False,5932172.643578529,0.3204840634269799,0.0961452190280939,0.0055865869700379,-0.0062499939464033,True,False,False,True,False,True,VAL 2022-26,1.7899999618530271,1.0,False,1.79,5932172.643578529,2026-05-19,3314062.92937348,F,True,False
INMB,2020-07-14,0.9875705530384062,28.0,True,True,True,8-K solo nota de prensa (7.01/8.01),False,False,189038816.95985413,-1.2500000000000009,0.0946048969088374,0.3882887927491691,0.1714285593184213,False,False,True,True,False,False,DEV 2015-21,17.59000015258789,1.0,False,17.59000015258789,189038816.95985413,2020-07-14,10746948.0,H,False,False
INSM,2017-09-05,1.400325475310427,28.0,True,False,False,8-K solo nota de prensa (7.01/8.01),False,False,1840148522.0,0.2502825117380606,0.0750847535214181,0.0006779816191075,-0.0878103319500403,False,False,True,False,False,False,DEV 2015-21,29.5,1.0,False,29.5,1840148522.0,2017-09-05,62377916.0,B,False,False
INTS,2023-12-08,1.1525,28.0,False,False,False,sin 8-K,True,False,2950943399.25,-1.2500000000000004,0.1909291521486643,0.3286875725900116,-0.1642441860465116,True,True,False,False,False,False,VAL 2022-26,215.25,0.04,False,8.61,118037735.97,2023-12-08,13709377.0,,False,True
INTZ,2024-12-27,3.488888965418312,35.0,True,False,True,sin 8-K,True,False,16273162.266343594,-0.2643566109341594,-0.0793069832802478,0.1633663004069403,-1.629629445664684,False,True,False,True,True,True,VAL 2022-26,2.0199999809265137,1.0,False,2.02,16273162.266343594,2024-12-27,8056020.923932472,,False,False
INUV,2018-11-05,1.682926891674109,73.0,True,False,False,8-K con acuerdo (1.01),False,False,356789906.0,-1.2500000000000002,-0.2281817835027521,0.4090909090909091,-0.0149254304950039,False,False,False,False,False,False,DEV 2015-21,11.0,0.1,False,1.1,35678990.6,2018-11-05,32435446.0,O,False,False
IOTR,2026-01-22,1.2457337111901552,48.0,False,False,False,sin 8-K,False,True,,0.7164133922157178,0.2149240176647153,0.1352583399399678,-0.0450980437988962,False,True,False,False,False,False,VAL 2022-26,6.579999923706055,1.0,False,6.58,,2026-01-22,,,False,True
IOTR,2026-05-29,0.6250000957931807,48.0,False,False,False,sin 8-K,False,True,,-1.25,0.1306593578187981,0.3362636634799973,0.0409207371658397,False,True,False,False,False,False,VAL 2022-26,4.550000190734863,1.0,False,4.55,,2026-05-29,,,False,True
IPDN,2025-06-30,0.9828571592058456,73.0,True,False,False,sin 8-K,True,False,7229144.749604464,-1.2500000000000009,0.0159365744747147,0.4236311286714829,0.2011834448915929,False,True,False,False,False,True,VAL 2022-26,3.470000028610229,0.0333333333333333,False,3.47,240971.4916534821,2025-06-30,69444.23390590263,,True,False
IPDN,2025-08-29,0.5699482143714152,73.0,True,False,False,sin 8-K,True,False,7574039.418483496,-1.25,-1.2179208318117427,2.577557839915064,-0.0388639386877227,True,True,False,False,False,True,VAL 2022-26,3.0299999713897705,0.0333333333333333,False,3.03,252467.9806161165,2025-08-29,83322.76587990644,,True,False
IPST,2026-08-17,2.5999999566511685,20.0,True,False,False,sin 8-K,True,False,5433753.65234375,0.1897307258850246,0.0569192177655073,0.2196969386813911,-1.1326117068492851,False,True,False,False,False,True,VAL 2022-26,7.920000076293945,1.0,False,7.92,5433753.65234375,2026-08-17,686080.0066090594,,True,False
IPWR,2019-10-16,0.8000000847710504,36.0,True,False,False,sin 8-K,True,False,59627504.80815888,-1.2500000000000009,0.3109876862990915,0.3580246274018168,0.1563636606389826,False,True,False,False,False,False,DEV 2015-21,4.050000190734863,1.0,False,4.050000190734863,59627504.80815888,2019-10-16,14722840.000000002,,False,False
IRD,2025-06-02,0.7070707484248118,28.0,True,True,True,sin 8-K,True,False,76867663.47260523,1.1500986262858026,0.3450295878857408,0.0355029235195547,0.0733945325371902,True,True,False,True,False,False,VAL 2022-26,1.690000057220459,1.0,False,1.69,76867663.47260523,2025-06-02,45483824.5400031,,False,False
ISPC,2021-11-22,1.315040650406504,87.0,False,False,False,sin 8-K,True,False,63754458896.0,0.7012291483757682,0.2103687445127304,0.1211589113257243,-0.4853603603603603,False,True,False,False,False,False,DEV 2015-21,9112.0,0.00125,False,11.390000000000002,79693073.62000002,2021-11-22,6996758.0,,False,True
ISPC,2024-10-21,0.5964913484168921,87.0,True,False,False,sin 8-K,True,False,3813855587.075866,0.4153847363069666,0.1246154208920899,0.1401098423167703,0.2587301466200087,False,True,False,False,False,False,VAL 2022-26,291.20001220703125,0.025,False,7.28,95346389.67689666,2024-10-21,13097031.549024267,,False,False
IVDA,2025-11-21,0.5692307974459867,73.0,True,False,True,sin 8-K,True,False,5992235.707948208,0.4241829683425311,0.1272548905027593,0.1568627153071742,0.0,False,True,False,True,True,True,VAL 2022-26,1.0199999809265137,1.0,False,1.02,5992235.707948208,2025-11-21,5874740.890145302,,False,False
IVF,2021-03-09,0.707395498392283,38.0,False,False,False,8-K con acuerdo (1.01),True,False,757608217632.0,-1.25,-0.7802448210922788,1.3163841807909606,0.3148936170212766,False,False,False,False,False,False,DEV 2015-21,152928.0,3.472222222222222e-05,False,5.31,26305840.89,2021-03-09,4954019.000000001,O,True,True
IVF,2023-10-23,1.7407407639975454,38.0,True,True,True,sin 8-K,True,False,5220719534.787598,-1.2500000000000004,-0.4424324881621235,1.0540541469368725,0.3018868196133656,False,True,False,True,True,False,VAL 2022-26,2131.199951171875,0.0006944444444444,False,1.47999996609158,3625499.676935832,2023-10-23,2449662.0,,True,False
IVF,2023-11-10,0.8922852423600556,38.0,True,False,True,8-K solo nota de prensa (7.01/8.01),True,False,4585767264.0,-1.2500000000000004,-0.0176923207340077,0.5692308213975694,-0.2290075659132116,False,False,True,True,False,False,VAL 2022-26,1872.0,0.0006944444444444,False,1.3,3184560.6,2023-11-10,2449662.0,F,True,False
IVF,2024-04-17,1.6447366938733397,38.0,False,True,True,8-K otros items,True,False,7939428658.525879,-1.2500000000000002,0.0845273157638226,0.7412935910890692,0.1648351617641209,False,False,False,True,False,False,VAL 2022-26,2894.39990234375,0.0006944444444444,False,2.00999993218316,5513492.123976305,2024-04-17,2743030.9999999995,R,True,False
IVF,2026-01-20,3.119458280095325,38.0,True,True,False,sin 8-K,True,False,253053972.2217445,-1.25,0.2814798139796278,0.3692077187574876,0.15189874538313,False,True,False,True,True,False,VAL 2022-26,16.725000381469727,0.2,False,3.345,50610794.4443489,2026-01-20,15130282.34509683,,False,False
IVF,2026-08-17,1.3251028640031732,38.0,True,True,True,8-K otros items,True,False,4036439.082967043,1.043362864533833,0.3130088593601499,0.2389380372264238,0.0653594939292862,False,False,False,True,False,True,VAL 2022-26,2.259999990463257,1.0,False,2.26,4036439.082967043,2026-08-17,1786034.9924632935,R,True,False
IXHL,2024-02-28,0.6848341676351559,28.0,True,False,False,8-K solo nota de prensa (7.01/8.01),True,True,3385735051.3408966,0.3604781463931397,0.1081434439179419,0.1912798990530608,0.1339713524153908,True,False,True,False,False,False,VAL 2022-26,213.3000030517578,0.0333333333333333,False,7.1100001017252605,112857835.04469655,2024-02-28,15873113.0,B,False,False
IZEA,2017-09-25,0.5687499706633394,73.0,True,False,False,sin 8-K,False,False,114579531.72465517,0.0795485238644491,0.0238645571593347,0.2649402248524677,-0.3649484568516929,False,True,False,False,False,False,DEV 2015-21,20.07999992370605,0.25,False,5.019999980926514,28644882.93116379,2017-09-25,5706152.000000001,,False,False
IZEA,2017-11-08,0.5902140182250954,73.0,True,False,False,sin 8-K,False,False,119107784.43115234,0.6717948365258499,0.2015384509577549,0.0769230980844899,0.0,False,True,False,False,False,False,DEV 2015-21,20.799999237060547,0.25,False,5.199999809265137,29776946.10778809,2017-11-08,5726336.000000001,,False,False
IZEA,2018-07-12,0.6880342528029149,73.0,True,True,False,sin 8-K,True,False,36777635.71893978,-1.2500000000000009,-0.6302530843327988,0.6835443123929144,0.2617187390860633,False,True,False,True,True,False,DEV 2015-21,6.320000171661377,0.25,False,1.5800000429153442,9194408.929734943,2018-07-12,5819245.999999999,,False,False
IZEA,2018-08-17,0.509090846038063,73.0,True,True,False,sin 8-K,True,False,70820233.29597569,0.3682729568191629,0.1104818870457488,0.024096434859411,0.0205480067227505,False,True,False,True,True,False,DEV 2015-21,6.639999866485596,0.25,False,1.659999966621399,17705058.32399392,2018-08-17,10665698.0,,False,False
IZEA,2020-06-09,0.8412698022242182,73.0,True,True,False,sin 8-K,True,False,325520675.43325424,0.3114942764980763,0.0934482829494229,0.1163793054722717,-0.0432693057159022,False,True,False,True,True,False,DEV 2015-21,9.279999732971191,0.25,False,2.319999933242798,81380168.85831356,2020-06-09,35077660.0,,False,False
JANX,2024-02-27,1.3701986762495566,28.0,True,False,False,8-K solo nota de prensa (7.01/8.01),True,False,1652368151.96846,-1.2500000000000009,-0.4000530518962957,0.4529197728363292,0.0634170608903894,False,False,True,False,False,False,VAL 2022-26,35.790000915527344,1.0,False,35.790000915527344,1652368151.96846,2024-02-27,46168430.0,B,False,False
JBDI,2025-09-10,0.8976742989440607,34.0,False,False,False,sin 8-K,False,True,78558240.21100044,-1.2500000000000009,-0.171764671508278,0.4705882627933775,0.1983122076354308,False,True,False,False,False,False,VAL 2022-26,4.079999923706055,0.5,False,2.04,39279120.10550022,2025-09-10,19254470.639951088,,False,True
JCSE,2024-12-02,0.5798318528007771,39.0,False,False,False,sin 8-K,False,True,,0.1262411943384295,0.0378723583015288,0.1010637970707868,0.0782122841779034,False,True,False,False,False,False,VAL 2022-26,1.8799999952316284,1.0,False,1.88,,2024-12-02,,,False,True
JDZG,2024-10-18,0.5294117647058822,82.0,False,False,False,sin 8-K,False,True,,0.6205128205128205,0.1861538461538461,0.0230769230769229,0.2631578947368421,False,True,False,False,False,False,VAL 2022-26,5200.0,0.0005,False,2.6,,2024-10-18,,,False,True
JEM,2025-09-03,0.5135135940119562,56.0,False,True,False,sin 8-K,False,True,,2.547023817182758,0.7641071451548275,0.098214222190063,0.4466403105769976,False,True,False,True,True,False,VAL 2022-26,806.4000244140625,0.0041666666666666,False,3.36,,2025-09-03,,,False,False
JEM,2026-06-30,3.574073966420509,56.0,False,False,False,sin 8-K,False,True,,0.6211875635032135,0.186356269050964,0.0,0.1914357482940359,False,True,False,False,False,False,VAL 2022-26,59.27999877929688,0.0833333333333333,False,4.9399,,2026-06-30,,O,False,True
JF,2019-12-27,1.148437467985787,73.0,False,False,False,sin 8-K,False,True,,0.7181819106593277,0.2154545731977983,0.0618182095614345,0.0845070094617032,False,True,False,False,False,False,DEV 2015-21,13.75,0.2,False,2.75,,2019-12-27,,,False,True
JFIN,2020-06-10,2.5728812852490752,61.0,False,False,False,sin 8-K,False,True,,-1.2500000000000009,0.4397153499310667,1.8462998205481709,0.3275862125664345,False,True,False,False,False,False,DEV 2015-21,10.539999961853027,1.0,False,10.539999961853027,,2020-06-10,,,False,True
JFIN,2020-06-12,0.5307691395400331,61.0,False,False,False,sin 8-K,False,True,,0.759519625550496,0.2278558876651488,0.0150754029733393,-0.2571427583320216,False,True,False,False,False,False,DEV 2015-21,5.96999979019165,1.0,False,5.96999979019165,,2020-06-12,,,False,True
JG,2020-12-22,0.8965517468174633,73.0,False,False,False,sin 8-K,False,True,,0.6608814586292614,0.1982644375887784,0.0016528673408444,0.2066806098227416,False,True,False,False,False,False,DEV 2015-21,121.0,0.05,False,6.050000000000001,,2020-12-22,,,False,True
JG,2021-02-05,1.7562813831939197,73.0,False,False,False,sin 8-K,False,True,,1.786782114176454,0.5360346342529362,0.0027347589799784,-0.1546184915844176,False,True,False,False,False,False,DEV 2015-21,219.3999938964844,0.05,False,10.96999969482422,,2021-02-05,,,False,True
JG,2025-01-27,1.733776984935755,73.0,True,False,False,sin 8-K,False,True,,0.3521405025184431,0.1056421507555329,0.2744978785825764,0.2222986649412578,False,True,False,False,False,False,VAL 2022-26,16.43000030517578,1.0,False,16.43,,2025-01-27,,,False,False
JILL,2020-06-16,0.6005873289451711,23.0,False,False,False,8-K con acuerdo (1.01),True,False,244019386.9099989,0.6792048945717382,0.2037614683715214,0.0183486944898096,0.1248541111933103,False,False,False,False,False,False,DEV 2015-21,5.449999809265137,0.2,False,1.0899999618530274,48803877.38199978,2020-06-16,44774201.0,O,False,True
JILL,2020-07-16,0.7936507696227189,23.0,False,False,False,8-K con acuerdo (1.01),True,False,252974239.9200005,-1.2500000000000009,0.2200885254498958,0.3805309839074635,0.1724137968833703,False,False,False,False,False,False,DEV 2015-21,5.650000095367432,0.2,False,1.1300000190734865,50594847.98400011,2020-07-16,44774200.99999999,F,False,True
JILL,2020-10-13,0.6058394384152967,23.0,False,False,False,sin 8-K,True,False,246507519.5,0.6030304186271899,0.1809091255881569,0.0454545454545454,0.1348314450223877,False,True,False,False,False,False,DEV 2015-21,5.5,0.2,False,1.1,49301503.900000006,2020-10-13,44819549.0,,False,True
JL,2024-02-29,1.054687409778127,56.0,False,True,False,sin 8-K,False,True,,3.046514568058529,0.9139543704175586,0.0269962362136038,-0.1549999713897705,False,True,False,True,True,False,VAL 2022-26,26.299999237060547,0.1,False,2.629999923706055,,2024-02-29,,O,False,False
JOB,2020-07-02,1.9215687007823403,73.0,False,False,False,sin 8-K,False,False,23591226.770995617,-1.2500000000000009,-0.016711402952518,0.6711409353016786,-0.0399999618530273,False,True,False,False,False,True,DEV 2015-21,1.4900000095367432,1.0,False,1.4900000095367432,23591226.770995617,2020-07-02,15833038.0,,False,True
JRSH,2026-06-15,0.5231213649780475,23.0,True,False,False,sin 8-K,False,False,66928683.55776787,0.9280834828765244,0.2784250448629572,0.0379506280814017,-0.1186667124430338,False,True,False,False,False,False,VAL 2022-26,5.269999980926514,1.0,False,5.27,66928683.55776787,2026-06-15,12699939.95403565,,False,False
JSPR,2023-01-03,2.1055901111672304,28.0,True,True,True,sin 8-K,True,False,,-1.2500000000000004,-0.8366666412353516,1.5333333333333332,0.2189781052384495,True,True,False,True,False,False,VAL 2022-26,15.0,0.1,False,1.5,,2023-01-03,,,False,False
JTAI,2024-03-15,0.6338879952348713,45.0,False,True,False,sin 8-K,True,False,41538594839.97949,-0.0333333333333333,-0.01,0.2962963708713815,0.1018518410580895,False,True,False,True,True,False,VAL 2022-26,4607.50830078125,0.0002344,False,1.079999945703125,9736646.630491192,2024-03-15,9015413.999999998,,False,False
JTAI,2024-12-24,1.21052646440417,45.0,True,True,True,sin 8-K,True,False,111909216.11480711,-1.2500000000000009,0.1791534269034458,0.3214285904371818,0.0212072238585223,False,True,False,True,True,False,VAL 2022-26,143.34471130371094,0.05274,False,7.56,5902092.057894927,2024-12-24,780700.0076580592,,True,False
JTAI,2025-02-14,1.259689850546036,45.0,True,True,True,sin 8-K,True,False,86300359.63897705,-1.2500000000000009,-0.0443053398171495,0.4065179662527387,0.3266998744432154,False,True,False,True,True,False,VAL 2022-26,110.5422821044922,0.05274,False,5.83,4551480.96735965,2025-02-14,780699.9944013122,,True,False
JUNS,2026-08-21,0.5957446573025811,28.0,True,True,True,sin 8-K,True,False,6353168.25,-1.2500000000000002,0.2384848716042258,0.3575757344563801,0.0870967707202287,True,True,False,True,False,True,VAL 2022-26,8.25,1.0,False,8.25,6353168.25,2026-08-21,770081.0,,True,False
JWEL,2026-08-10,1.561290419833596,59.0,True,False,False,sin 8-K,False,True,,-1.2500000000000009,-0.0175566678019074,0.3022670123515836,0.0224999785423278,False,True,False,False,False,False,VAL 2022-26,3.9700000286102295,1.0,False,3.97,,2026-08-10,,,False,False
JXG,2017-11-09,0.7031630170316301,50.0,False,False,False,sin 8-K,False,True,,2.002380952380953,0.6007142857142858,0.0321428571428572,-0.128440366972477,False,True,False,False,False,False,DEV 2015-21,2100.0,0.0066666666666666,False,14.000000000000002,,2017-11-09,,,False,True
JXG,2018-08-09,0.5262135922330098,50.0,False,False,False,sin 8-K,False,True,0.0,1.4212892281594571,0.4263867684478371,0.0114503816793893,0.0970654627539503,False,True,False,False,False,True,DEV 2015-21,1179.0,0.0066666666666666,False,7.86,0.0,2018-08-09,0.0,,True,True
JXG,2020-06-12,1.018181818181818,50.0,False,False,False,sin 8-K,False,True,1725805134.0,1.1303303303303305,0.3390990990990991,0.0022522522522523,0.1072664359861591,False,True,False,False,False,False,DEV 2015-21,666.0,0.0066666666666666,False,4.44,11505367.56,2020-06-12,2591299.0,,True,True
JZ,2025-05-08,1.4319418788766023,82.0,True,False,False,sin 8-K,False,True,67982220000.0,1.834825895951557,0.5504477687854672,0.0895522388059701,0.2071306818157285,False,True,False,False,False,False,VAL 2022-26,402.0,0.0033333333333333,False,1.34,226607400.0,2025-05-08,169110000.0,,False,False
JZ,2026-08-20,1.1294116376593073,82.0,True,True,True,sin 8-K,False,True,,-1.2499999999999998,0.0728729176244024,0.5082873510377794,0.3373493699034885,False,True,False,True,True,False,VAL 2022-26,3.619999885559082,1.0,False,3.62,,2026-08-20,,,False,False
JZXN,2026-06-09,0.5793650988878909,55.0,True,False,True,sin 8-K,False,True,,-1.2499999999999998,0.3015577898478014,0.4221105076099256,-0.1167882963974517,False,True,False,True,True,False,VAL 2022-26,1.9900000095367432,1.0,False,1.99,,2026-06-09,,,False,False
KALA,2022-12-28,0.596938775510204,28.0,True,False,False,8-K con acuerdo (1.01),True,False,475266712.0,-1.2500000000000009,-1.0036102236421724,1.792332268370607,-0.9903846153846154,False,False,False,False,False,False,VAL 2022-26,313.0,0.02,False,6.26,9505334.24,2022-12-28,1518424.0,F,True,False
KAPA,2025-07-15,1.4525547532360288,28.0,False,True,True,8-K solo nota de prensa (7.01/8.01),False,False,196313282.38079453,0.9785715926917624,0.2935714778075287,0.0833332927859566,0.0683760066708299,False,False,True,True,False,False,VAL 2022-26,11.760000228881836,0.1428571428571428,False,1.68,28044754.62582779,2025-07-15,16693306.324897494,B,False,False
KELYB,2026-02-05,4.550416065768061,73.0,True,False,False,sin 8-K,False,False,,-1.2500000000000004,0.3573333485921224,1.0833333333333337,0.4238671926580943,False,True,False,False,False,False,VAL 2022-26,60.0,1.0,False,60.0,,2026-02-05,,,False,False
KIDZ,2025-05-01,1.0956521739130434,82.0,False,False,False,8-K con acuerdo (1.01),True,False,118120378050.0,-1.25,-1.234066390041494,1.2531120331950207,-0.3395522388059701,False,False,False,False,False,False,VAL 2022-26,18075.0,0.0001333333333333,False,2.41,15749383.74,2025-05-01,6535014.0,F,False,True
KIDZ,2026-03-31,0.7658536585365854,82.0,False,True,True,8-K otros items,True,False,637871874.0,0.4639042357274401,0.139171270718232,0.1988950276243093,-0.1363636363636363,False,False,False,True,False,False,VAL 2022-26,543.0,0.0066666666666666,False,3.62,4252479.16,2026-03-31,1174718.0,S,True,False
KIDZ,2026-07-06,0.7279412087822186,82.0,True,True,True,8-K solo nota de prensa (7.01/8.01),True,False,20704404.75,-1.2500000000000009,0.0963829787234042,0.4297872773298981,0.2990476214696491,True,False,True,True,False,True,VAL 2022-26,17.625,0.0666666666666666,False,1.175,1380293.65,2026-07-06,1174717.9999999998,H,True,False
KITT,2022-10-05,0.6521738791286154,35.0,False,True,False,sin 8-K,True,False,1784008813476.5625,-0.6598997446402948,-0.1979699233920884,0.1992480848022102,0.1566456131359279,False,True,False,True,True,False,VAL 2022-26,82736.640625,6.430041152263374e-05,False,5.3200000401877565,114712500.8665485,2022-10-05,21562500.0,,False,False
KITT,2025-10-27,0.7954543874119331,35.0,True,True,True,8-K con acuerdo (1.01),True,False,6411155780.662537,1.1797466592894388,0.3539239977868316,0.0854430863638651,0.0845771494422626,False,False,False,True,False,False,VAL 2022-26,151.67999267578125,0.0208333333333333,False,3.16,133565745.43046951,2025-10-27,42267640.959009334,F,False,False
KNTK,2020-11-05,0.8215354879527541,49.0,True,False,False,8-K otros items,True,False,,-1.25,-0.6815927832694523,0.74603168140451,0.0422397143698667,False,False,False,False,False,False,DEV 2015-21,9.135000228881836,2.0,False,18.270000457763672,,2020-11-05,,R,False,False
KOD,2026-03-26,0.5564835097763565,28.0,True,False,False,sin 8-K,False,False,2190033067.262764,-0.4428220364177726,-0.1328466109253318,0.1426150595544162,0.0694164597094171,True,True,False,False,False,False,VAL 2022-26,35.40999984741211,1.0,False,35.41,2190033067.262764,2026-03-26,61847869.733486705,,False,False
KODK,2020-07-28,2.675572723311769,38.0,False,False,False,sin 8-K,True,False,419664523.0872059,0.551644180386587,0.1654932541159761,0.2253374922643942,-3.181360267466008,False,True,False,False,False,False,DEV 2015-21,9.630000114440918,1.0,False,9.630000114440918,419664523.0872059,2020-07-28,43578870.0,,False,True
KOSS,2020-12-29,0.6166666501098215,36.0,False,False,False,sin 8-K,False,False,28730745.127415657,-1.25,0.1034020732584076,0.3144329263421799,-0.0755813913193182,False,True,False,False,False,True,DEV 2015-21,3.880000114440918,1.0,False,3.880000114440918,28730745.127415657,2020-12-29,7404831.0,,False,True
KOSS,2021-01-26,0.9483332633972168,36.0,False,False,False,sin 8-K,False,False,86562471.28280926,0.448559920458066,0.1345679761374198,0.1890504805368444,-4.8,False,True,False,False,False,False,DEV 2015-21,11.6899995803833,1.0,False,11.6899995803833,86562471.28280926,2021-01-26,7404831.0,,False,True
KPRX,2017-02-21,0.524390243902439,28.0,True,False,True,8-K con acuerdo (1.01),True,False,129409420500.0,-1.25,-0.49,0.56,0.3162162162162162,False,False,False,True,False,False,DEV 2015-21,13500.0,0.0001851851851851,False,2.5,23964707.5,2017-02-21,9585883.0,K,False,False
KPRX,2019-11-22,0.8496868780433071,28.0,True,True,False,8-K solo nota de prensa (7.01/8.01),True,False,11598853171.123049,0.6325810716111623,0.1897743214833486,0.0722347301509835,0.0380817876864126,False,False,True,True,False,False,DEV 2015-21,3189.60009765625,0.0027777777777777,False,8.860000271267362,32219036.58645292,2019-11-22,3636460.000000001,B,True,False
KPRX,2020-03-31,0.5253012375020918,28.0,True,False,False,8-K solo nota de prensa (7.01/8.01),True,False,10543449519.915771,0.5617167516698423,0.1685150255009526,0.0426540060949447,-0.0326922816089075,False,False,True,False,False,False,DEV 2015-21,2278.800048828125,0.0027777777777777,False,6.33000013563368,29287359.77754381,2020-03-31,4626755.0,B,True,False
KPRX,2020-12-21,1.1540616305030662,28.0,True,False,False,8-K con acuerdo (1.01),True,False,12808708090.168455,1.041655779814615,0.3124967339443845,0.0637191708954452,-0.0959693561597965,False,False,False,False,False,False,DEV 2015-21,2768.39990234375,0.0027777777777777,False,7.689999728732639,35579744.694912374,2020-12-21,4626754.999999999,O,True,False
KPRX,2021-07-27,1.048076925166939,28.0,True,True,False,8-K otros items,True,False,16328036071.644531,1.3333854854408875,0.4000156456322662,0.0062598448511945,0.1485411014138822,False,False,False,True,False,False,DEV 2015-21,2300.39990234375,0.0027777777777777,False,6.389999728732639,45355655.75456815,2021-07-27,7097912.000000001,H,False,False
KPRX,2023-02-07,0.6463413861953189,28.0,True,True,True,8-K solo nota de prensa (7.01/8.01),True,False,55494540.05765533,0.4913578841814965,0.1474073652544489,0.0907407404500306,-0.5252746745001327,False,False,True,True,False,False,VAL 2022-26,48.59999847412109,0.1111111111111111,False,5.399999830457899,6166060.006406147,2023-02-07,1141862.9999999998,B,True,False
KRKR,2022-08-02,0.5905512650640181,73.0,False,False,False,sin 8-K,False,True,,0.5772278256094214,0.1731683476828264,0.1831682532596303,-0.0181817719430634,False,True,False,False,False,False,VAL 2022-26,40.400001525878906,0.05,False,2.0200000762939454,,2022-08-02,,,False,True
KRSA,2024-11-27,0.5808822969605438,28.0,False,False,False,sin 8-K,False,False,40786945.31690979,-0.0488371415143042,-0.0146511424542912,0.0883720234668512,-0.0185185009980466,False,True,False,False,False,False,VAL 2022-26,15.050000190734863,0.1428571428571428,False,2.1500000272478377,5826706.473844255,2024-11-27,2710095.9999999995,,True,True
KRSA,2024-12-04,2.20496871914521,28.0,False,False,False,sin 8-K,False,False,97888664.62530518,-1.2500000000000009,-0.2406202125521497,0.835271397447638,0.1622047010285779,True,True,False,False,False,False,VAL 2022-26,36.119998931884766,0.1428571428571428,False,5.159999847412109,13984094.946472168,2024-12-04,2710096.0,,True,True
KRSA,2026-01-06,0.5724637495157585,28.0,True,False,False,8-K con acuerdo (1.01),False,False,59625518.012872696,0.3046082958952847,0.0913824887685854,0.0506912757758115,0.0769230231798059,True,False,False,False,False,False,VAL 2022-26,15.1899995803833,0.1428571428571428,False,2.169999940054757,8517931.1446961,2026-01-06,3925314.0000000005,H,True,False
KRSA,2026-04-01,2.49677394403646,28.0,True,False,False,sin 8-K,False,False,148926407.76940155,-1.2500000000000002,-0.1871218098034505,0.5645757184757338,0.0360501705296099,False,True,False,False,False,False,VAL 2022-26,37.93999862670898,0.1428571428571428,False,5.419999803815569,21275201.109914508,2026-04-01,3925314.0000000005,,True,False
KRYS,2021-11-29,1.2908815323334628,28.0,True,False,True,sin 8-K,False,False,2028104072.9350584,0.0748537713275186,0.0224561313982555,0.1292763301540285,0.0871486287191894,False,True,False,True,True,False,DEV 2015-21,91.1999969482422,1.0,False,91.1999969482422,2028104072.9350584,2021-11-29,22237983.999999993,,False,False
KTTA,2021-11-23,1.882352925946112,28.0,False,True,False,sin 8-K,False,False,1682746485.5543747,-1.2500000000000009,0.1108791314084143,0.334379889826514,0.2874999727521624,False,True,False,True,True,False,DEV 2015-21,127.4000015258789,0.05,False,6.3700000762939455,84137324.27771874,2021-11-23,13208371.0,,False,False
KTTA,2024-09-26,0.8439532119198871,28.0,True,False,False,8-K solo nota de prensa (7.01/8.01),True,False,7402534.449314117,0.5496474947195946,0.1648942484158783,0.0578279038911524,-0.041025684079972,False,False,True,False,False,True,VAL 2022-26,7.090000152587891,1.0,False,7.090000152587891,7402534.449314117,2024-09-26,1044081.0,B,True,False
KTTA,2025-02-05,0.7451924267252565,28.0,True,True,False,sin 8-K,False,False,4597130.154931068,0.7839302817682785,0.2351790845304835,0.0606060008969266,0.218978066621982,True,True,False,True,False,True,VAL 2022-26,3.630000114440918,1.0,False,3.63,4597130.154931068,2025-02-05,1266427.0399259143,,True,False
KTTA,2025-04-10,0.7064219792175561,28.0,True,False,False,sin 8-K,False,False,5031789.218699098,0.432616466780676,0.1297849400342028,0.2580644603078252,0.1125000400468701,True,True,False,False,False,True,VAL 2022-26,1.8600000143051147,1.0,False,1.86,5031789.218699098,2025-04-10,2705263.020805966,,True,False
KTTA,2025-05-06,0.5563381020688436,28.0,True,False,False,sin 8-K,False,False,5978631.333197594,-1.2500000000000004,0.3022172150725418,0.71493207983419,0.2565789411768027,False,True,False,False,False,True,VAL 2022-26,2.2100000381469727,1.0,False,2.21,5978631.333197594,2025-05-06,2705263.0466957437,,True,False
KUST,2020-02-04,0.8229166666666667,36.0,True,False,False,sin 8-K,True,False,12683049750000.0,0.9571428571428572,0.2871428571428571,0.1542857142857143,0.032520325203252,False,True,False,False,False,False,DEV 2015-21,1050000.0,1.6666666666666669e-06,False,1.7500000000000002,21138416.250000004,2020-02-04,12079095.0,,False,False
KUST,2020-06-01,1.0178571428571428,36.0,True,True,True,sin 8-K,True,False,21868361160000.0,0.3943952802359882,0.1183185840707964,0.2345132743362832,0.1624365482233502,False,True,False,True,True,False,DEV 2015-21,1356000.0,1.6666666666666669e-06,False,2.26,36447268.6,2020-06-01,16127110.000000002,,False,False
KUST,2024-08-14,0.6588235294117648,36.0,True,True,False,8-K otros items,True,False,121816639800.0,0.084869976359338,0.0254609929078014,0.2978723404255319,-0.0735294117647058,False,False,False,True,False,False,VAL 2022-26,42300.0,3.3333333333333335e-05,False,1.41,4060554.66,2024-08-14,2879826.0000000005,O,True,False
KUST,2026-01-23,0.7107844205142828,36.0,True,True,True,sin 8-K,True,False,33127709.648391724,0.797612261944866,0.2392836785834597,0.2836675437919576,0.1717557201893429,False,True,False,True,True,False,VAL 2022-26,17.450000762939453,0.2,False,3.49,6625541.929678345,2026-01-23,1898436.083002391,,True,False
KUST,2026-06-25,0.5140846199611933,36.0,False,False,True,8-K con acuerdo (1.01),True,False,5661085.701108456,1.08294591609692,0.324883774829076,0.1767441205426538,0.335664319632962,False,False,False,True,False,True,VAL 2022-26,2.150000095367432,1.0,False,2.145,5661085.701108456,2026-06-25,2639200.793057555,K,True,True
KXIN,2020-10-19,0.5942028985507246,55.0,False,False,False,sin 8-K,False,True,,-1.25,-1.4796969696969695,3.060606060606061,0.4171779141104294,False,True,False,False,False,False,DEV 2015-21,1336500.0,2.469135802469136e-06,False,3.3,,2020-10-19,,,False,True
KXIN,2024-11-13,0.7277397260273972,55.0,True,False,False,sin 8-K,False,True,,-1.2500000000000009,0.1614568880079286,0.4469772051536174,0.4019138755980861,False,True,False,False,False,False,VAL 2022-26,2270.25,0.0022222222222222,False,5.045,,2024-11-13,,,False,False
KYNB,2017-08-08,0.5089820359281436,28.0,True,False,False,8-K otros items,False,False,89705984760.0,0.0261904761904761,0.0078571428571428,0.0257936507936507,0.1181818181818181,False,False,False,False,False,False,DEV 2015-21,1260.0,0.04,False,50.4,3588239390.4,2017-08-08,71195226.0,R,False,False
KZIA,2020-08-07,0.8032786885245902,28.0,True,False,False,sin 8-K,False,True,36420372065.0,0.5294372294372295,0.1588311688311688,0.0636363636363637,0.06875,False,True,False,False,False,False,DEV 2015-21,385.0,0.02,False,7.700000000000001,728407441.3000002,2020-08-07,94598369.00000001,O,False,False
KZIA,2024-07-11,0.5373134328358209,28.0,True,True,True,sin 8-K,False,True,17141815376.0,-1.25,-0.213883495145631,0.5339805825242718,0.2741935483870967,True,True,False,True,False,False,VAL 2022-26,51.5,0.02,False,1.0300000000000002,342836307.52000004,2024-07-11,332850783.99999994,,False,False
KZIA,2025-01-30,0.5652173973136376,28.0,True,True,True,sin 8-K,False,True,,0.3679012863506278,0.1103703859051883,0.2222221829763662,0.1684210425929019,True,True,False,True,False,False,VAL 2022-26,10.800000190734863,0.2,False,2.16,,2025-01-30,,H,False,False
KZIA,2025-06-11,0.9961976317693196,28.0,True,True,True,sin 8-K,False,True,,0.2714285835387215,0.0814285750616164,0.2247618720644997,-0.0262054508385386,False,True,False,True,True,False,VAL 2022-26,10.5,1.0,False,10.5,,2025-06-11,,R,False,False
LABT,2026-07-22,2.489247161937679,28.0,False,True,True,sin 8-K,True,False,45400592.20886421,1.5485874647711126,0.4645762394313338,0.055469976303617,0.1026393355547045,False,True,False,True,True,False,VAL 2022-26,6.489999771118164,1.0,False,6.49,45400592.20886421,2026-07-22,6995468.753291866,,False,False
LAES,2023-12-28,0.5304348060449269,36.0,False,True,True,sin 8-K,False,True,,0.6484848792723718,0.1945454637817115,0.1534090809031458,0.085714290579971,False,True,False,True,True,False,VAL 2022-26,1.7599999904632568,1.0,False,1.7599999904632568,,2023-12-28,,,False,False
LAES,2024-12-11,0.8301225809751571,36.0,True,True,True,sin 8-K,False,True,,-1.2500000000000004,-0.1104784912780434,0.3875599112261503,-0.6086957062575238,True,True,False,True,False,False,VAL 2022-26,1.0449999570846558,1.0,False,1.045,,2024-12-11,,,False,False
LASE,2024-04-09,1.7762238980622156,36.0,False,False,False,sin 8-K,True,False,32766073.66613221,1.1253569307269518,0.3376070792180855,0.1284634727425408,0.0308880024545147,False,True,False,False,False,False,VAL 2022-26,3.9700000286102295,1.0,False,3.9700000286102295,32766073.66613221,2024-04-09,8253419.0,,False,True
LASE,2025-08-19,0.8699186314231031,36.0,False,False,False,sin 8-K,True,False,65670288.63852024,0.4594201756785609,0.1378260527035682,0.1608696224558794,0.1352040717026832,False,True,False,False,False,False,VAL 2022-26,4.599999904632568,1.0,False,4.6,65670288.63852024,2025-08-19,14276149.70402614,,False,True
LBTYB,2026-02-06,1.411471394248892,48.0,False,False,False,sin 8-K,False,False,,1.2305986341735815,0.3691795902520744,0.0,0.1465852476275432,False,True,False,False,False,False,VAL 2022-26,29.01000022888184,1.0,False,29.01,,2026-02-06,,,False,True
LCFY,2023-06-22,1.0842857360839844,73.0,True,False,False,sin 8-K,False,True,,1.5910669543420746,0.4773200863026223,0.1507882618184366,0.085561479258508,False,True,False,False,False,False,VAL 2022-26,14.59000015258789,1.0,False,14.59000015258789,,2023-06-22,,,False,False
LCFY,2025-06-27,2.847059060023047,73.0,True,True,False,sin 8-K,False,True,,-1.2500000000000009,0.143924583516056,0.4250763449796633,0.2409638498843124,False,True,False,True,True,False,VAL 2022-26,9.8100004196167,1.0,False,9.81,,2025-06-27,,,False,False
LCFY,2026-01-16,0.8562299457990039,73.0,True,False,False,sin 8-K,False,True,,0.6895580977934203,0.206867429338026,0.0671256231198889,0.1582418102959513,False,True,False,False,False,False,VAL 2022-26,5.809999942779541,1.0,False,5.81,,2026-01-16,,,False,False
LEDS,2016-07-07,0.5303031102137581,36.0,False,False,False,8-K con acuerdo (1.01),True,False,14848465.060815811,-1.2500000000000002,-1.019900838647943,1.2475247431264165,0.3123152432113889,False,False,False,False,False,True,DEV 2015-21,5.050000190734863,1.0,False,5.050000190734863,14848465.060815811,2016-07-07,2940290.0,F,True,True
LEDS,2018-04-11,0.6465115371299772,36.0,False,False,False,sin 8-K,False,False,25100652.92951584,0.4845573994755869,0.145367219842676,0.2358757195324625,0.0802675614619572,False,True,False,False,False,True,DEV 2015-21,7.079999923706055,1.0,False,7.079999923706055,25100652.92951584,2018-04-11,3545290.0,,True,True
LEE,2020-01-29,0.8809523845565921,27.0,True,False,False,8-K con acuerdo (1.01),True,False,1370411590.5156555,-1.2500000000000009,0.1039240791570581,0.3037974102874172,0.0428571246919177,False,False,False,False,False,False,DEV 2015-21,23.700000762939453,0.1,False,2.370000076293945,137041159.05156556,2020-01-29,57823272.00000001,K,False,False
LEU,2016-03-22,0.5063291584930336,14.0,False,False,False,8-K otros items,True,False,32129999.39918518,0.4055089051344477,0.1216526715403343,0.0840336016599809,-0.0774193602967834,False,False,False,False,False,False,DEV 2015-21,3.569999933242798,1.0,False,3.569999933242798,32129999.39918518,2016-03-22,9000000.0,R,False,True
LFS,2026-05-22,0.8933333079020183,82.0,False,False,False,sin 8-K,False,True,92870196.20256448,-0.0333333333333333,-0.01,0.2901408409083841,-0.0197182913191659,False,True,False,False,False,False,VAL 2022-26,3.549999952316284,1.0,False,3.55,92870196.20256448,2026-05-22,26160618.648609713,O,False,True
LFWD,2019-06-05,1.3885541575384588,38.0,True,True,True,sin 8-K,True,True,3009241041.8615723,0.1894494478351846,0.0568348343505554,0.271122285638889,0.2905405126756945,False,True,False,True,True,False,DEV 2015-21,666.1199951171875,0.0119047619047619,False,7.929999941871279,35824298.11739967,2019-06-05,4517566.0,,True,False
LGCL,2026-06-29,0.6621621621621621,73.0,True,True,True,sin 8-K,False,True,429024615.0,-1.2500000000000002,0.2973170731707317,0.3008130081300812,-1.1713615023474178,True,True,False,True,False,False,VAL 2022-26,153.75,0.008,False,1.23,3432196.92,2026-06-29,2790404.0,,True,False
LGCL,2026-07-23,0.6701680672268908,73.0,True,True,True,sin 8-K,False,True,,-0.3897274633123689,-0.1169182389937106,0.1949685534591194,0.2272727272727272,False,True,False,True,True,False,VAL 2022-26,198.75,0.008,False,1.59,,2026-07-23,,,False,False
LGHL,2020-07-16,1.456140350877193,62.0,False,True,False,sin 8-K,False,False,,1.423015873015873,0.4269047619047619,0.0630952380952381,0.0,False,True,False,True,True,False,DEV 2015-21,49140000.0,1.7094017094017097e-07,False,8.400000000000002,,2020-07-16,,,False,False
LGHL,2021-01-08,1.1695652173913045,62.0,False,True,True,sin 8-K,False,True,,0.8551102204408817,0.2565330661322645,0.0801603206412826,-0.0901639344262295,False,True,False,True,True,False,DEV 2015-21,29191500.0,1.7094017094017097e-07,False,4.990000000000001,,2021-01-08,,H,False,False
LGHL,2025-06-18,0.6223021696134028,62.0,True,True,True,sin 8-K,False,True,,0.8388026901627468,0.251640807048824,0.0731706549706932,0.0480480969739747,False,True,False,True,True,False,VAL 2022-26,10553.400390625,0.0004273504273504,False,4.51,,2025-06-18,,F,False,False
LGHL,2026-07-27,1.2447861178513286,62.0,True,False,False,sin 8-K,False,True,,1.5559088166137989,0.4667726449841396,0.0073349443977581,-0.0093458302104955,False,True,False,False,False,False,VAL 2022-26,40.900001525878906,0.05,False,2.045,,2026-07-27,,,False,False
LGPS,2025-07-07,1.404761957135602,15.0,False,False,False,sin 8-K,False,True,47777261.7488718,0.4947193667728377,0.1484158100318513,0.0742574736553369,0.0058823471663321,False,True,False,False,False,False,VAL 2022-26,2.0199999809265137,1.0,False,2.02,47777261.7488718,2025-07-07,23652109.776669208,R,False,True
LGVN,2024-04-08,0.7000000693581321,28.0,True,False,True,sin 8-K,True,False,,-1.2500000000000002,0.415133713293485,0.462566805648118,0.0046511805334756,False,True,False,True,True,False,VAL 2022-26,37.400001525878906,0.1,False,3.740000152587891,,2024-04-08,,,False,False
LHAI,2026-07-01,1.7575757274724029,65.0,False,False,False,sin 8-K,False,False,29538600.85129738,-1.2500000000000004,-0.5154944673463823,0.5604394683082441,0.3576642392928957,False,True,False,False,False,True,VAL 2022-26,1.820000052452088,1.0,False,1.82,29538600.85129738,2026-07-01,16230000.467745813,,False,True
LHSW,2026-07-06,2.7777779838185306,73.0,False,False,False,sin 8-K,False,True,,-0.0333333333333333,-0.01,0.1382352285319152,0.4132353091734911,False,True,False,False,False,False,VAL 2022-26,6.800000190734863,1.0,False,6.8,,2026-07-06,,,False,True
LHSW,2026-09-22,1.933025371412305,73.0,False,True,False,sin 8-K,False,True,,0.9666666353781388,0.2899999906134416,0.0551181523648682,0.1383577344737107,False,True,False,True,True,False,VAL 2022-26,1.2699999809265137,1.0,False,1.27,,2026-09-22,,,False,False
LICN,2025-05-13,0.5258620441597794,87.0,True,False,True,sin 8-K,False,True,,-1.2500000000000002,-0.2171562931235681,0.5593220004136181,0.0842433657890085,False,True,False,True,True,False,VAL 2022-26,5.309999942779541,1.0,False,5.31,,2025-05-13,,,False,False
LIDR,2025-07-24,2.566371882136404,37.0,True,False,True,sin 8-K,True,False,77507704.43517685,0.8847808732224949,0.2654342619667484,0.1910669828384776,-0.5188355571580767,False,True,False,True,True,False,VAL 2022-26,4.03000020980835,1.0,False,4.03,77507704.43517685,2025-07-24,19232681.001284577,,False,False
LIMN,2025-06-05,0.6750590086546027,28.0,False,False,False,8-K otros items,True,False,27692576828.5,-0.5515735086895256,-0.1654720526068576,0.1686237670267731,0.0154471544715447,True,False,False,False,False,False,VAL 2022-26,1064.5,0.02,False,21.29,553851536.57,2025-06-05,26014633.000000004,S,False,True
LITB,2019-12-10,0.6117647883801327,59.0,False,False,False,sin 8-K,False,True,,1.037226381817384,0.3111679145452151,0.0,0.0967741880351813,False,True,False,False,False,False,DEV 2015-21,8.220000267028809,0.1666666666666666,False,1.3700000445048013,,2019-12-10,,R,False,True
LITS,2020-04-14,0.8323352684735843,28.0,True,False,False,8-K con acuerdo (1.01),True,False,6487119113.270573,0.576688487108744,0.1730065461326231,0.1895425186962238,0.04,False,False,False,False,False,False,DEV 2015-21,61.20000076293945,0.05,False,3.0600000381469727,324355955.6635287,2020-04-14,105998677.00000001,K,False,False
LITS,2025-07-18,0.9955554538302952,28.0,True,False,False,sin 8-K,False,False,59832452.80998612,1.102523987352876,0.3307571962058628,0.0022272225816495,-0.106418936878682,True,True,False,False,False,False,VAL 2022-26,8.979999542236328,1.0,False,8.979999542236328,59832452.80998612,2025-07-18,6662857.000000001,,False,False
LIVE,2017-12-28,0.789592694768557,59.0,False,False,False,8-K otros items,False,False,47707099.56970596,0.4948307769931365,0.1484492330979409,0.1167298993341079,0.1997996949579232,False,False,False,False,False,False,DEV 2015-21,23.729999542236328,1.0,False,23.729999542236328,47707099.56970596,2017-12-28,2010413.0,R,True,True
LIVE,2021-01-13,1.4055999755859374,59.0,False,False,False,8-K otros items,True,False,46764111.775398254,0.6506263317716797,0.1951878995315039,0.1303625548196232,0.1213388981095142,False,False,False,False,False,False,DEV 2015-21,30.06999969482422,1.0,False,30.06999969482422,46764111.775398254,2021-01-13,1555175.0,R,True,True
LNAI,2020-06-08,2.2160193579216494,28.0,False,False,False,8-K solo nota de prensa (7.01/8.01),False,False,49287253540.0,1.7754717365000985,0.5326415209500295,0.0135849286925118,0.1716171282681286,False,False,True,False,False,False,DEV 2015-21,1060.0,0.0125,False,13.25,616090669.25,2020-06-08,46497409.0,H,False,True
LNAI,2021-06-14,1.6938777134305891,28.0,True,False,False,sin 8-K,False,False,45425273947.69336,1.394837267630462,0.4184511802891386,0.0934342639695944,0.1251840914430668,False,True,False,False,False,False,DEV 2015-21,950.4000244140624,0.0125,False,11.880000305175782,567815924.346167,2021-06-14,47795951.99999999,,False,False
LNAI,2023-08-09,1.1882353389964386,28.0,True,False,False,8-K solo nota de prensa (7.01/8.01),True,False,8288981694.799759,0.5222222791920129,0.1566666837576038,0.2580644698181056,0.0451612780171055,False,False,True,False,False,False,VAL 2022-26,148.8000030517578,0.0125,False,1.8600000381469728,103612271.184997,2023-08-09,55705521.00000001,H,False,False
LNAI,2026-06-17,0.6660807463800391,28.0,True,False,False,8-K solo nota de prensa (7.01/8.01),True,False,171925095.7581997,0.4870603423704374,0.1461181027111312,0.0590717770735877,0.0550000071525573,True,False,True,False,False,False,VAL 2022-26,4.739999771118164,1.0,False,4.74,171925095.7581997,2026-06-17,36271117.24856533,S,False,False
LNKS,2026-06-18,0.8687499781139199,36.0,False,True,False,sin 8-K,False,True,,0.3122630343264012,0.0936789102979203,0.187290950165015,0.1194030461531207,False,True,False,True,True,False,VAL 2022-26,2.990000009536743,1.0,False,2.99,,2026-06-18,,,False,False
LOBO,2025-05-13,1.6052632156831743,37.0,False,False,False,sin 8-K,False,True,15404400.148391724,1.2292929171299574,0.3687878751389872,0.2171717487954443,0.2951219753308494,False,True,False,False,False,True,VAL 2022-26,1.9800000190734863,1.0,False,1.9802,15404400.148391724,2025-05-13,7779214.295723525,,False,True
LOBO,2025-05-15,0.603229540584989,37.0,False,False,False,sin 8-K,False,True,10814199.888706207,0.4223020143082595,0.1266906042924778,0.1366906900545574,0.1083333250549107,False,True,False,False,False,True,VAL 2022-26,1.3899999856948853,1.0,False,1.39,10814199.888706207,2025-05-15,7779999.919932524,,False,True
LOBO,2026-04-21,0.9720767329165864,37.0,False,True,False,sin 8-K,False,True,14202420.760068657,1.279351016888651,0.3838053050665952,0.1946902916270665,0.1240875594839125,False,True,False,True,True,True,VAL 2022-26,1.1299999952316284,1.0,False,1.13,14202420.760068657,2026-04-21,12568513.946963415,,False,False
LOCL,2026-04-21,0.5106382560492533,1.0,True,False,True,sin 8-K,True,False,63619675.87728143,-0.1154931617100086,-0.0346479485130025,0.1021127496605682,0.0515464230045246,False,True,False,True,True,False,VAL 2022-26,2.8399999141693115,1.0,False,2.84,63619675.87728143,2026-04-21,22401294.32298642,,False,False
LODE,2020-08-17,0.7215190148471999,28.0,True,True,True,sin 8-K,True,False,439740549.1343899,-1.25,-0.0761764406827915,0.5588235417864311,0.199999973691743,False,True,False,True,True,False,DEV 2015-21,13.600000381469728,0.1,False,1.3600000381469728,43974054.91343899,2020-08-17,32333863.0,,False,False
LODE,2021-02-01,0.6544117183008833,28.0,True,False,False,sin 8-K,False,False,774917235.0,-1.2500000000000004,-0.3211111111111111,0.8533333672417536,0.3559322033898305,False,True,False,False,False,False,DEV 2015-21,22.5,0.1,False,2.25,77491723.5,2021-02-01,34440766.0,,False,False
LONA,2025-12-18,0.7557436099211645,28.0,True,False,False,8-K con acuerdo (1.01),True,False,28632620.522684097,0.2146007445665305,0.0643802233699591,0.151515067922364,-0.0372023821138944,False,False,False,False,False,True,VAL 2022-26,7.260000228881836,1.0,False,7.260000228881836,28632620.522684097,2025-12-18,3943887.0,F,True,False
LPA,2024-06-06,0.927939354510771,65.0,False,True,False,sin 8-K,False,True,1934294567.0,0.724043749199539,0.2172131247598616,0.18049183829886,0.4802715248787211,False,True,False,True,True,False,VAL 2022-26,61.0,1.0,False,61.0,1934294567.0,2024-06-06,31709747.0,,False,False
LRE,2025-09-15,0.5887251990646232,15.0,False,False,False,sin 8-K,False,True,33831912.26019859,0.4102149478065203,0.123064484341956,0.1975806474871739,0.0186047434871255,False,True,False,False,False,False,VAL 2022-26,2.4800000190734863,1.0,False,2.48,33831912.26019859,2025-09-15,13641900.104918787,,False,True
LRHC,2026-01-09,0.5,65.0,True,False,True,8-K con acuerdo (1.01),True,False,190163493.0,0.6333333768056669,0.1900000130417,0.0683760683760683,0.195512774793719,True,False,False,True,False,False,VAL 2022-26,117.0,0.0166666666666666,False,1.17,3169391.55,2026-01-09,2708881.6666666665,F,True,False
LRHC,2026-01-30,0.5050167416093085,65.0,True,False,True,sin 8-K,True,False,73139805.0,1.1592592875162762,0.3477777862548828,0.0533333672417535,0.1522491237580867,False,True,False,True,True,False,VAL 2022-26,45.0,0.0166666666666666,False,4.5,1218996.75,2026-01-30,270888.1666666667,,True,False
LSE,2025-06-18,0.71171165288593,35.0,False,False,False,sin 8-K,False,True,,0.6789474420380175,0.2036842326114052,0.0294736561022306,0.190093659884876,False,True,False,False,False,False,VAL 2022-26,9.5,1.0,False,9.5,,2025-06-18,,,False,True
LSTA,2017-03-17,0.5098039215686274,28.0,True,True,True,8-K con acuerdo (1.01),True,False,959604492.0,0.819480607554338,0.2458441822663014,0.0116882984772388,0.1082023938635344,False,False,False,True,False,False,DEV 2015-21,115.5,0.0666666666666666,False,7.7,63973632.8,2017-03-17,8308263.999999999,K,False,False
LSTA,2018-06-20,0.7216338307739529,28.0,True,False,False,sin 8-K,True,False,1630637837.9476166,0.7692441237943404,0.2307732371383021,0.0237258530999611,0.1724537426770178,False,True,False,False,False,False,DEV 2015-21,170.6999969482422,0.0666666666666666,False,11.37999979654948,108709189.19650777,2018-06-20,9552652.999999998,,False,False
LSTA,2021-01-20,1.1717790109278203,28.0,True,False,True,sin 8-K,False,False,1029926349.1040878,-1.2500000000000009,0.1736158244854145,0.3813559431620148,0.1349480664368051,True,True,False,True,False,False,DEV 2015-21,53.09999847412109,0.0666666666666666,False,3.53999989827474,68661756.60693918,2021-01-20,19395976.999999996,,False,False
LSTA,2026-01-21,0.8472221532353676,28.0,True,False,False,8-K con acuerdo (1.01),False,False,35194724.754121065,-0.0667503760868834,-0.020025112826065,0.0451127985781887,-0.0074441020866889,False,False,False,False,False,False,VAL 2022-26,3.990000009536743,1.0,False,3.99,35194724.754121065,2026-01-21,8820733.021082973,C,False,False
LSTA,2026-09-17,0.7006802390089442,28.0,True,False,False,8-K con acuerdo (1.01),True,False,22527342.5,0.9799999872843425,0.2939999961853027,0.0239999771118164,0.0229884836975816,False,False,False,False,False,True,VAL 2022-26,2.5,1.0,False,2.5,22527342.5,2026-09-17,9010937.0,F,False,False
LTBR,2018-01-22,0.7142857606255757,28.0,True,False,False,sin 8-K,False,False,347673904.0885105,-1.2499999999999998,0.0693650673510415,0.3214285511548826,-0.0129310563354324,False,True,False,False,False,False,DEV 2015-21,30.239999771118164,0.0833333333333333,False,2.5199999809265137,28972825.34070921,2018-01-22,11497153.0,,False,False
LTBR,2018-01-25,1.1395349765610503,28.0,True,True,False,8-K solo nota de prensa (7.01/8.01),False,False,634642854.3716316,0.828985651970108,0.2486956955910323,0.0434782188045361,0.1231670900868953,False,False,True,True,False,False,DEV 2015-21,55.20000076293945,0.0833333333333333,False,4.600000063578287,52886904.5309693,2018-01-25,11497153.000000002,H,False,False
LUCY,2022-10-07,0.8765430979531796,38.0,False,True,False,8-K solo nota de prensa (7.01/8.01),True,False,444275140.0250816,0.4162281176445123,0.1248684352933536,0.1776315686280045,0.1787071860050792,False,False,True,True,False,False,VAL 2022-26,60.79999923706055,0.05,False,3.039999961853028,22213757.00125408,2022-10-07,7307156.999999999,H,False,False
LUCY,2022-12-28,1.0435306750998996,38.0,False,False,False,8-K solo nota de prensa (7.01/8.01),True,False,246981901.02508163,1.031755372863906,0.3095266118591717,0.0473373468915352,-0.1391304679538892,False,False,True,False,False,False,VAL 2022-26,33.79999923706055,0.05,False,1.6899999618530277,12349095.051254082,2022-12-28,7307156.999999999,H,False,True
LUCY,2023-04-11,1.606164263211492,38.0,False,False,False,sin 8-K,True,False,587169095.9266891,-1.2500000000000004,-0.1663732163532917,0.4454665204416146,-0.0136363289572975,False,True,False,False,False,False,VAL 2022-26,76.0999984741211,0.05,False,3.804999923706055,29358454.79633446,2023-04-11,7715757.0,,False,True
LUCY,2024-08-29,0.8791540476488542,38.0,True,True,True,sin 8-K,True,False,9768938.85048151,0.5722399119614452,0.1716719735884335,0.1254019672216606,0.011787807658323,False,True,False,True,True,True,VAL 2022-26,6.21999979019165,1.0,False,6.21999979019165,9768938.85048151,2024-08-29,1570569.0,,True,False
LUCY,2024-10-29,0.6789297541521713,38.0,True,False,True,sin 8-K,True,False,15768512.700087547,0.7402390214338938,0.2220717064301681,0.0358565396459227,-0.0142672027198642,False,True,False,True,True,True,VAL 2022-26,10.039999961853027,1.0,False,10.04,15768512.700087547,2024-10-29,1570568.9940326244,,True,False
LUCY,2025-05-14,0.5151515005559488,38.0,True,False,True,sin 8-K,True,False,7357896.0,0.0777776718139648,0.0233333015441894,0.0800000031789143,0.0379310792748326,False,True,False,True,True,True,VAL 2022-26,3.0,1.0,False,3.0,7357896.0,2025-05-14,2452632.0,,True,False
LUCY,2026-01-07,0.5254237562101223,38.0,True,False,False,sin 8-K,False,False,9630329.144883394,0.0777776747574013,0.0233333024272204,0.1111111405455043,0.0057471209243954,False,True,False,False,False,True,VAL 2022-26,1.7999999523162842,1.0,False,1.8,9630329.144883394,2026-01-07,5350182.858268552,,False,False
LVWR,2026-07-24,0.6428571649738948,37.0,True,False,False,sin 8-K,False,False,259023712.02085853,-1.2500000000000004,-0.1641502408357504,0.3992094869109612,-0.6643835638808273,False,True,False,False,False,False,VAL 2022-26,1.2649999856948853,1.0,False,1.265,259023712.02085853,2026-07-24,204761827.68447316,,False,False
LXEH,2023-05-02,2.28502423530675,82.0,False,False,False,sin 8-K,False,True,27200136000.0,-1.2499999999999998,0.4998039215686274,0.3186274509803921,0.09,False,True,False,False,False,False,VAL 2022-26,408.0,0.005,False,2.0400000000000005,136000680.00000003,2023-05-02,66667000.0,,False,True
LXRX,2020-11-17,0.7441860980894723,28.0,True,True,False,8-K solo nota de prensa (7.01/8.01),False,False,264318318.0,0.6185186032895689,0.1855555809868706,0.057777828640408,0.1160220583295682,False,False,True,True,False,False,DEV 2015-21,2.25,1.0,False,2.25,264318318.0,2020-11-17,117474808.0,B,False,False
MAAS,2025-06-23,0.614814835745938,62.0,True,True,False,sin 8-K,False,True,,-1.2500000000000009,-1.2875229360306566,2.057339338419086,0.3162135193174266,False,True,False,True,True,False,VAL 2022-26,4.360000133514404,1.0,False,4.360000133514404,,2025-06-23,,,False,False
MAGN,2024-02-07,0.9765625358201004,26.0,True,False,False,sin 8-K,True,False,1482908738.3911283,-0.1782609031836234,-0.053478270955087,0.0711462510189151,0.1590908838293514,False,True,False,False,False,False,VAL 2022-26,32.88999938964844,0.0769230769230769,False,2.52999995304988,114069902.95316371,2024-02-07,45086918.999999985,,False,False
MARA,2017-11-24,0.5825687807503908,61.0,True,True,True,sin 8-K,True,False,120721449.46853542,-1.2500000000000004,-0.7346376020371036,0.7507246024266587,-0.0941177205997024,False,True,False,True,True,False,DEV 2015-21,13.800000190734863,0.25,False,3.450000047683716,30180362.367133856,2017-11-24,8747931.0,,False,False
MASS,2025-03-04,0.7676767506486069,38.0,True,False,False,8-K con acuerdo (1.01),False,False,123654975.5,-0.3952382042294456,-0.1185714612688337,0.1428571428571428,0.1314433540823035,False,False,False,False,False,False,VAL 2022-26,3.5,1.0,False,3.5,123654975.5,2025-03-04,35329993.0,R,False,False
MB,2026-08-07,2.813333384195964,58.0,False,False,False,sin 8-K,False,True,,-1.2500000000000009,0.3662237792085263,0.3811188626973765,0.237668146572471,False,True,False,False,False,False,VAL 2022-26,14.300000190734863,1.0,False,14.3,,2026-08-07,,,False,True
MBAI,2021-03-15,1.6470588612426824,73.0,True,False,True,sin 8-K,False,True,26217616761.0,0.7732511005704366,0.2319753301711309,0.1086419322503307,0.2214983350239419,False,True,False,True,True,False,DEV 2015-21,567.0,0.0071428571428571,False,4.05,187268691.15,2021-03-15,46239183.0,O,False,False
MBAI,2025-09-15,3.088471827343679,73.0,False,False,False,sin 8-K,False,True,124916845.33194353,0.983060126864143,0.2949180380592429,0.0262294827136595,-0.1886791919319667,False,True,False,False,False,False,VAL 2022-26,21.350000381469727,0.1428571428571428,False,3.050000054495675,17845263.618849073,2025-09-15,5850906.0,S,False,True
MBI,2023-12-08,0.6951219559472255,63.0,False,False,False,8-K solo nota de prensa (7.01/8.01),False,False,639755119.174902,-0.2758059767553515,-0.0827417930266054,0.0799360496965699,-0.0283159547153935,False,False,True,False,False,False,VAL 2022-26,12.510000228881836,1.0,False,12.510000228881836,639755119.174902,2023-12-08,51139497.0,O,False,True
MBIO,2019-04-18,2.0,28.0,True,False,False,sin 8-K,False,False,,0.944110275689223,0.2832330827067669,0.2781954887218045,-0.1134751773049645,True,True,False,False,False,False,DEV 2015-21,5985.0,0.0013333333333333,False,7.979999999999999,,2019-04-18,,,False,False
MBIO,2025-07-07,1.9915964467218648,28.0,True,False,True,sin 8-K,True,False,,-1.2500000000000004,0.0517977618388555,0.9662921664359944,0.2035927682075241,True,True,False,True,False,False,VAL 2022-26,3.559999942779541,1.0,False,3.56,,2025-07-07,,,False,False
MBOT,2019-01-14,0.8749999254941969,38.0,True,False,False,8-K solo nota de prensa (7.01/8.01),True,False,13390542.0,-1.2500000000000009,-1.1855555470784505,1.3288887871636286,0.072522986814454,False,False,True,False,False,True,DEV 2015-21,4.5,1.0,False,4.5,13390542.0,2019-01-14,2975676.0,H,True,False
MBOT,2021-12-27,0.7140221090559997,38.0,True,False,False,8-K con acuerdo (1.01),True,False,66034555.298846245,0.0886616985949095,0.0265985095784728,0.0333692595144925,0.0603351925543074,False,False,False,False,False,False,DEV 2015-21,9.289999961853027,1.0,False,9.289999961853027,66034555.298846245,2021-12-27,7108133.0,H,False,False
MBOT,2023-05-22,0.5284552569745187,38.0,True,False,False,8-K otros items,False,False,15285580.601230145,-1.2500000000000004,-0.7068085453784428,1.3244680301292604,0.313479618201427,False,False,False,False,False,True,VAL 2022-26,1.8799999952316284,1.0,False,1.8799999952316284,15285580.601230145,2023-05-22,8130628.0,H,False,False
MBRX,2020-04-08,1.895204262877442,28.0,True,True,True,8-K solo nota de prensa (7.01/8.01),True,False,195212589750.0,0.7028629856850716,0.2108588957055214,0.2085889570552146,0.1102362204724409,False,False,True,True,False,False,DEV 2015-21,3667.5,0.0004444444444444,False,1.63,86761151.0,2020-04-08,53227700.0,H,False,False
MBRX,2025-02-14,0.5905511811023623,28.0,True,False,True,8-K con acuerdo (1.01),True,False,151595697.5,-1.2500000000000004,-0.0892079207920792,0.3762376237623761,0.1192660550458715,False,False,False,True,False,False,VAL 2022-26,50.5,0.04,False,2.02,6063827.9,2025-02-14,3001895.0,F,True,False
MBX,2025-09-22,1.2399999618530275,28.0,False,False,False,8-K solo nota de prensa (7.01/8.01),False,False,752502585.5849571,0.3238094731253012,0.0971428419375903,0.1816964180417812,0.0520000457763671,False,False,True,False,False,False,VAL 2022-26,22.39999961853028,1.0,False,22.4,752502585.5849571,2025-09-22,33593865.427899875,B,False,True
MCRB,2020-08-10,3.338361992067732,28.0,True,False,False,8-K solo nota de prensa (7.01/8.01),False,False,30701685046.04513,-1.2500000000000004,-0.1376701269678285,0.6393442374422176,0.1171806436278221,False,False,True,False,False,False,DEV 2015-21,402.6000061035156,0.05,False,20.130000305175784,1535084252.3022566,2020-08-10,76258530.99999999,B,False,False
MDAI,2023-10-19,0.5637066891694538,38.0,False,True,False,sin 8-K,True,False,,0.3288068106314509,0.0986420431894352,0.1555554587491137,0.1274237709406313,False,True,False,True,True,False,VAL 2022-26,4.050000190734863,1.0,False,4.050000190734863,,2023-10-19,,,False,False
MDGL,2017-12-06,0.5118790745890323,28.0,True,False,False,sin 8-K,True,False,874699350.0,-1.2499999999999998,-0.2554285757882254,0.4428571428571428,0.0551731766661646,False,True,False,False,False,False,DEV 2015-21,70.0,1.0,False,70.0,874699350.0,2017-12-06,12495705.0,,False,False
MDIA,2022-08-03,0.6886543957214999,48.0,True,False,False,sin 8-K,True,False,,0.3572916608459007,0.1071874982537702,0.0359375024447217,0.1008849844319,False,True,False,False,False,False,VAL 2022-26,6.400000095367432,1.0,False,6.400000095367432,,2022-08-03,,,False,False
MDIA,2024-04-05,0.6214285854174169,48.0,True,False,False,sin 8-K,True,False,,-1.2500000000000004,-0.719251166097928,2.0220265159273065,0.2216495124094409,False,True,False,False,False,False,VAL 2022-26,2.2699999809265137,1.0,False,2.2699999809265137,,2024-04-05,,,False,False
MDRR,2020-10-14,0.7339056198023726,67.0,False,False,False,sin 8-K,True,False,153454324.31103516,-1.2500000000000009,-0.4208910552193958,2.034653550654624,-0.0105263897586752,False,True,False,False,False,False,DEV 2015-21,32.31999969482422,0.0625,False,2.0199999809265137,9590895.269439695,2020-10-14,4747967.999999999,,True,True
MEDS,2025-05-08,0.5277777777777777,51.0,False,True,True,sin 8-K,False,False,17141651010.0,1.784848484848485,0.5354545454545454,0.0666666666666666,0.0966666666666666,False,True,False,True,True,False,VAL 2022-26,330.0,0.02,False,6.6000000000000005,342833020.2,2025-05-08,51944396.99999999,,False,False
MEDS,2026-09-16,1.4907406392193412,51.0,True,False,False,sin 8-K,True,False,12354842.69778824,-1.2500000000000009,-0.5143371502366815,2.0508056716561835,0.2355848871062529,True,True,False,False,False,True,VAL 2022-26,4.034999847412109,1.0,False,4.035,12354842.69778824,2026-09-16,3061918.8842102205,,True,False
MEGL,2023-04-28,3.504310289457634,61.0,False,False,False,sin 8-K,False,True,84670490.34281015,-1.2500000000000004,0.0330621616580701,0.404306250388571,0.375,False,True,False,False,False,False,VAL 2022-26,4.179999828338623,1.0,False,4.179999828338623,84670490.34281015,2023-04-28,20256099.0,,False,True
MEGL,2025-01-06,1.2241993807268057,61.0,False,False,False,sin 8-K,False,True,25320123.75,0.9026666959126792,0.2708000087738037,0.1039999961853026,-0.0122358590962092,False,True,False,False,False,True,VAL 2022-26,1.25,1.0,False,1.25,25320123.75,2025-01-06,20256099.0,,False,True
MEGL,2025-06-10,0.670569925553288,61.0,False,False,False,sin 8-K,False,True,43348053.98494935,0.1068538133582952,0.0320561440074885,0.042056032596943,0.0390243539350638,False,True,False,False,False,False,VAL 2022-26,2.140000104904175,1.0,False,2.14,43348053.98494935,2025-06-10,20256099.992966983,,False,True
MESO,2020-04-24,1.4201550570984791,28.0,True,False,False,sin 8-K,False,True,,-1.2500000000000009,0.0002498302966758,0.3177450446659882,0.2498381685650547,False,True,False,False,False,False,DEV 2015-21,31.21999931335449,0.5,False,15.609999656677246,,2020-04-24,,B,False,False
MESO,2020-08-14,0.5588483652238192,28.0,False,False,False,sin 8-K,False,True,21501024535.63272,0.0626291310951151,0.0187887393285345,0.0646388128148136,-0.1079418565863642,False,True,False,False,False,False,DEV 2015-21,36.81999969482422,0.5,False,18.40999984741211,10750512267.81636,2020-08-14,583949612.0,,False,True
MESO,2024-12-19,0.5248979840959822,28.0,True,False,False,sin 8-K,False,True,21328527597.96486,0.3092790943838046,0.0927837283151413,0.0251605624023607,0.127088310581904,True,True,False,False,False,False,VAL 2022-26,18.68000030517578,1.0,False,18.68,21328527597.96486,2024-12-19,1141784132.6533651,,False,False
MFI,2024-06-05,0.6615385885069403,73.0,False,True,False,sin 8-K,False,True,200188807.9547882,0.954321110297618,0.2862963330892854,0.0879628755796138,0.1513158039207935,True,True,False,True,False,False,VAL 2022-26,17.280000686645508,0.125,False,2.1600000858306885,25023600.99434853,2024-06-05,11585000.000000002,,False,False
MFI,2025-01-03,0.8543956747986889,73.0,False,False,False,sin 8-K,False,True,45411570.80199719,0.1395062992983753,0.0418518897895126,0.1703703814900294,0.2367187344294503,True,True,False,False,False,False,VAL 2022-26,10.800000190734863,0.125,False,1.35,5676446.350249649,2025-01-03,4204775.074258999,,True,True
MGIH,2024-02-12,0.7961165778923935,27.0,False,False,False,sin 8-K,False,True,,-1.25,-0.6910810027112059,4.172972741346453,0.1414790461876599,False,True,False,False,False,False,VAL 2022-26,1.850000023841858,1.0,False,1.850000023841858,,2024-02-12,,,False,True
MGIH,2024-12-26,1.6666666666666663,27.0,False,False,False,sin 8-K,False,True,45899999.14169312,-1.2500000000000009,0.2620588029049668,0.6740196204469646,0.1885521674697037,False,True,False,False,False,False,VAL 2022-26,4.079999923706055,1.0,False,4.08,45899999.14169312,2024-12-26,11249999.789630666,,False,True
MGLD,2026-09-25,0.9500000476837158,61.0,True,False,False,sin 8-K,False,False,83288889.53667879,0.0008548711910034,0.000256461357301,0.0051282001121668,,False,True,False,False,False,False,VAL 2022-26,1.950000047683716,1.0,False,1.95,83288889.53667879,2026-09-25,42712251.04445066,,False,False
MGNX,2019-02-06,1.6435645136659986,28.0,True,False,False,8-K solo nota de prensa (7.01/8.01),False,False,1241149215.065231,0.3945409544929922,0.1183622863478976,0.1004425866971756,0.1066406055295377,False,False,True,False,False,False,DEV 2015-21,29.3700008392334,1.0,False,29.3700008392334,1241149215.065231,2019-02-06,42259079.99999999,B,False,False
MGRX,2023-04-21,0.8823529651758248,80.0,False,True,False,sin 8-K,False,False,,-1.2500000000000009,0.1490908680408776,0.8068182368252239,-0.3175675222871962,False,True,False,True,True,False,VAL 2022-26,26.39999961853028,0.0666666666666666,False,1.759999974568685,,2023-04-21,,,False,False
MIMI,2026-09-03,0.8018721066523342,73.0,True,True,False,sin 8-K,False,True,,0.5380951201392282,0.1614285360417684,0.0303031053659457,0.0062696362111227,False,True,False,True,True,False,VAL 2022-26,1.1549999713897705,1.0,False,1.155,,2026-09-03,,H,False,False
MIRA,2024-07-22,0.9013061289318518,28.0,False,False,True,8-K solo nota de prensa (7.01/8.01),True,False,19362958.504230976,-1.2500000000000009,-2.834427822685001,2.824427822685001,0.4890219908531025,False,False,True,True,False,True,VAL 2022-26,1.309999942779541,1.0,False,1.309999942779541,19362958.504230976,2024-07-22,14780885.0,H,False,True
MIRA,2025-10-16,0.7689393525472812,28.0,True,False,False,8-K solo nota de prensa (7.01/8.01),True,False,44526851.25243664,0.7304069622988928,0.2191220886896678,0.0492505386115564,0.099999973509046,True,False,True,False,False,False,VAL 2022-26,2.3350000381469727,1.0,False,2.335,44526851.25243664,2025-10-16,19069315.311536033,H,False,False
MIST,2020-07-23,1.3233534216457663,28.0,True,False,False,8-K con acuerdo (1.01),False,False,190581492.8212165,-0.5273194091971399,-0.1581958227591419,0.2873710665544216,0.0707070847620609,False,False,False,False,False,False,DEV 2015-21,7.760000228881836,1.0,False,7.760000228881836,190581492.8212165,2020-07-23,24559469.99999999,F,False,False
MITQ,2024-06-05,0.7142858115994217,38.0,False,False,False,sin 8-K,True,False,12222444.485676289,0.5222223326011897,0.1566666997803568,0.1999999999999999,0.3299999833106994,True,True,False,False,False,True,VAL 2022-26,1.2000000476837158,1.0,False,1.2000000476837158,12222444.485676289,2024-06-05,10185370.0,,False,True
MKDW,2024-08-02,0.9567306969292788,36.0,False,True,False,sin 8-K,False,True,,0.6628173715171308,0.1988452114551392,0.1056511194683842,0.329192504396182,False,True,False,True,True,False,VAL 2022-26,122.0999984741211,0.0333333333333333,False,4.06999994913737,,2024-08-02,,,False,False
MLEC,2024-04-22,1.1214285714285714,20.0,False,True,True,sin 8-K,False,True,,0.5278338945005612,0.1583501683501683,0.0942760942760942,0.2995951417004048,False,True,False,True,True,False,VAL 2022-26,445.5,0.0066666666666666,False,2.97,,2024-04-22,,,False,False
MLEC,2026-02-13,1.1901961343465346,20.0,True,False,False,sin 8-K,False,True,,0.7246493418395049,0.2173948025518514,0.0948969971980586,-0.1100810888374688,False,True,False,False,False,False,VAL 2022-26,11.170000076293944,1.0,False,11.17,,2026-02-13,,,False,False
MLGO,2022-12-13,4.55396370582617,73.0,False,False,False,sin 8-K,False,False,2110845000000.0,3.064975637718544,0.9194926913155632,0.2295786758383491,0.2682926829268293,False,True,False,False,False,False,VAL 2022-26,348900.0,0.0001666666666666,False,58.150000000000006,351807500.00000006,2022-12-13,6050000.0,,False,True
MLGO,2023-01-26,0.6896345116836429,73.0,False,False,False,sin 8-K,True,False,102366000000.0,-1.2499999999999998,0.0183687943262411,0.3297872340425531,-0.0583941605839416,False,True,False,False,False,False,VAL 2022-26,16920.0,0.0001666666666666,False,2.8200000000000003,17061000.000000004,2023-01-26,6050000.000000001,,False,True
MLGO,2023-12-06,0.7066115702479339,73.0,False,False,False,sin 8-K,True,True,,-1.2500000000000009,-1.3296125907990315,1.6053268765133173,0.7860125260960334,False,True,False,False,False,False,VAL 2022-26,24780.0,0.0001666666666666,False,4.130000000000001,,2023-12-06,,,False,True
MLGO,2024-06-04,2.269230769230769,73.0,True,False,True,sin 8-K,False,True,157916520360.0,-1.2500000000000009,-1.3649019607843138,1.9411764705882355,0.4196502914238135,False,True,False,True,True,False,VAL 2022-26,3060.0,0.0016666666666666,False,5.1000000000000005,263194200.6,2024-06-04,51606705.99999999,,False,False
MLGO,2024-12-31,0.6953317165181891,73.0,True,True,True,sin 8-K,False,True,,1.4835748300844152,0.4450724490253245,0.1144927388803971,0.0531914879226282,False,True,False,True,True,False,VAL 2022-26,207.0,0.0333333333333333,False,6.9,,2024-12-31,,S,False,False
MLGO,2025-02-21,1.7217391746631567,73.0,True,False,True,sin 8-K,False,True,,-1.2500000000000002,-1.0419488812699669,2.7412138667127737,0.2830188633977724,False,True,False,True,True,False,VAL 2022-26,93.9000015258789,0.0333333333333333,False,3.1301,,2025-02-21,,,False,False
MLTX,2023-06-26,0.9515070597328106,28.0,True,True,True,8-K solo nota de prensa (7.01/8.01),False,False,,0.2672969810806478,0.0801890943241943,0.0360360292314343,-0.1270946693280163,True,False,True,True,False,False,VAL 2022-26,50.505001068115234,1.0,False,50.505001068115234,,2023-06-26,,B,False,False
MMA,2025-09-09,0.8235293045175971,73.0,False,True,False,sin 8-K,False,True,20213873.328146696,-1.2500000000000009,0.054516069489635,0.9806451791531094,0.0827586212566434,False,True,False,True,True,True,VAL 2022-26,1.5499999523162842,1.0,False,1.55,20213873.328146696,2025-09-09,13041208.59880432,H,False,False
MNDR,2025-11-20,0.5481927728147669,73.0,True,True,True,sin 8-K,False,True,13658974.387580872,-0.6429311891205429,-0.1928793567361628,0.2334630586029771,-0.5625000196067913,False,True,False,True,True,True,VAL 2022-26,15.420000076293944,0.1666666666666666,False,2.57,2276495.7312634783,2025-11-20,885796.0043826764,H,True,False
MNOV,2021-03-10,0.7341550491473892,28.0,True,True,False,sin 8-K,False,False,442536483.138504,0.3423013764343762,0.1026904129303128,0.0974619290323042,0.19679631982091,True,True,False,True,False,False,DEV 2015-21,9.850000381469728,1.0,False,9.850000381469728,442536483.138504,2021-03-10,44927559.99999999,,False,False
MNPR,2020-08-12,0.8449884124636629,28.0,True,False,False,8-K solo nota de prensa (7.01/8.01),False,False,732222174.4351196,1.591788742578027,0.4775366227734081,0.0557185223137426,0.1344778443588269,True,False,True,False,False,False,DEV 2015-21,68.19999694824219,0.2,False,13.639999389648438,146444434.88702393,2020-08-12,10736396.0,H,False,False
MNPR,2021-01-28,0.6742424242424243,28.0,True,False,False,sin 8-K,False,False,632732779.25,0.7328808906750801,0.219864267202524,0.0497737556561086,0.0070505109856559,False,True,False,False,False,False,DEV 2015-21,55.25,0.2,False,11.05,126546555.85,2021-01-28,11452176.999999998,,False,False
MNPR,2021-02-11,0.8988095238095237,28.0,True,False,False,8-K solo nota de prensa (7.01/8.01),False,False,913311115.75,1.0847439916405432,0.325423197492163,0.0664577185173393,0.0396226127192659,True,False,True,False,False,False,DEV 2015-21,79.75,0.2,False,15.95,182662223.15,2021-02-11,11452177.0,H,False,False
MNPR,2024-02-20,3.1690961843783283,28.0,True,False,False,8-K solo nota de prensa (7.01/8.01),True,False,106294761.4177704,1.740559448021316,0.5221678344063948,0.0909091030346382,0.1479820985781343,True,False,True,False,False,False,VAL 2022-26,7.150000095367432,0.2,False,1.4300000190734865,21258952.28355408,2024-02-20,14866400.0,B,False,False
MNPR,2024-09-12,1.1458332878020094,28.0,True,False,False,8-K solo nota de prensa (7.01/8.01),True,False,90649410.72864103,0.7433657122732543,0.2230097136819762,0.0565048318417589,0.0227848484813732,False,False,True,False,False,False,VAL 2022-26,5.150000095367432,1.0,False,5.150000095367432,90649410.72864103,2024-09-12,17601827.0,B,False,False
MNTS,2024-08-23,0.8923611111111112,37.0,True,False,True,sin 8-K,True,False,6959764177.5,-1.2500000000000004,0.026697247706422,0.871559633027523,-0.0095238095238095,False,True,False,True,True,False,VAL 2022-26,272.5,0.004,False,1.09,27839056.71,2024-08-23,25540419.0,,False,False
MNTS,2025-08-13,0.7027027261091727,37.0,True,True,True,sin 8-K,True,False,161252977.5,-0.0686067557629244,-0.0205820267288773,0.2910053394458911,0.1832460703705621,False,True,False,True,True,False,VAL 2022-26,33.75,0.056,False,1.89,9030166.74,2025-08-13,4777866.0,,True,False
MNTS,2026-01-05,0.724738678273803,37.0,True,True,True,sin 8-K,True,False,239071744.5880165,0.3303030186265767,0.099090905587973,0.1818182080902026,-0.1145125015678319,False,True,False,True,True,False,VAL 2022-26,9.899999618530272,1.0,False,9.9,239071744.5880165,2026-01-05,24148661.069496617,,False,False
MNTS,2026-05-26,0.7560975389129483,37.0,True,False,True,sin 8-K,True,False,74260877.97858238,-0.6814813520246631,-0.2044444056073989,0.2561728887906107,-0.2596899597312856,False,True,False,True,True,False,VAL 2022-26,12.960000038146973,1.0,False,12.96,74260877.97858238,2026-05-26,5730006.016865924,,False,False
MNY,2024-02-20,0.5428572174643207,73.0,False,True,True,sin 8-K,False,True,,0.1518519199870194,0.0455555759961058,0.0679012431983558,0.160130725065195,False,True,False,True,True,False,VAL 2022-26,3.240000009536743,1.0,False,3.240000009536743,,2024-02-20,,,False,False
MOB,2023-02-21,0.6903225588128661,37.0,False,False,False,sin 8-K,False,True,3487952569.947133,0.513740263512601,0.1541220790537803,0.0419847856180082,0.1050228370155394,False,True,False,False,False,False,VAL 2022-26,2.619999885559082,1.0,False,2.619999885559082,3487952569.947133,2023-02-21,1331279665.0,H,False,True
MOB,2023-07-10,0.9600000381469728,37.0,False,False,False,sin 8-K,False,True,3913962291.2764335,0.1027212263516211,0.0308163679054863,0.1326530132296357,0.1276595402900776,False,True,False,False,False,False,VAL 2022-26,2.940000057220459,1.0,False,2.940000057220459,3913962291.2764335,2023-07-10,1331279665.0,H,False,True
MOBX,2024-08-22,0.5340908758403848,36.0,False,True,True,8-K otros items,True,False,,0.6086420694986979,0.1825926208496093,0.0,0.0275228667485951,False,False,False,True,False,False,VAL 2022-26,13.5,0.1,False,1.35,,2024-08-22,,R,False,False
MOBX,2026-05-14,0.6781609541895146,36.0,True,True,True,sin 8-K,True,False,,-1.2500000000000002,-0.0750684293964221,0.4554794140259359,0.2765273067860753,False,True,False,True,True,False,VAL 2022-26,2.9200000762939453,1.0,False,2.92,,2026-05-14,,,False,False
MOGU,2025-09-11,1.844000053405762,73.0,False,False,False,sin 8-K,False,True,,1.1387247787407444,0.3416174336222233,0.139240538588566,-0.0629067144152006,True,True,False,False,False,False,VAL 2022-26,7.110000133514404,1.0,False,7.11,,2025-09-11,,H,False,True
MOVE,2025-08-29,0.8365695209634798,73.0,True,False,False,8-K solo nota de prensa (7.01/8.01),True,False,58813999.486029625,0.1575623336613086,0.0472687000983925,0.1541850627422516,0.1448597251347453,True,False,True,False,False,False,VAL 2022-26,8.357878684997559,0.1358,False,1.135,7986941.130202823,2025-08-29,7036952.537623633,S,False,False
MOVE,2025-11-10,1.836478202578125,73.0,True,False,False,8-K con acuerdo (1.01),True,False,83183391.39953613,-1.2500000000000002,0.1097338757969636,0.5691057237417432,-0.1167085713192103,True,False,False,False,False,False,VAL 2022-26,9.963180541992188,1.358,False,13.53,112963045.52057008,2025-11-10,8349079.491542505,H,False,False
MOVE,2026-01-23,1.8895265239299408,73.0,True,False,False,sin 8-K,True,False,123822142.73231506,0.5293943014079782,0.1588182904223934,0.1866931652057359,-0.1672640919343527,True,True,False,False,False,False,VAL 2022-26,14.830633163452148,1.358,False,20.14,168150469.83048385,2026-01-23,8349079.932000191,,False,False
MOVE,2026-08-04,0.7453531865395786,73.0,True,True,False,sin 8-K,True,False,22702335.29005623,0.8630104649925535,0.258903139497766,0.005857225717843,0.1143481243385751,True,True,False,True,False,True,VAL 2022-26,18.780000686645508,1.0,False,18.78,22702335.29005623,2026-08-04,1208857.044198947,,True,False
MPU,2020-12-28,1.2304834114065568,78.0,False,False,False,sin 8-K,False,False,,-1.2500000000000004,-1.31833322571384,5.339999582767503,0.3306859259532138,False,True,False,False,False,False,DEV 2015-21,1.2000000476837158,5.0,False,6.000000238418579,,2020-12-28,,,False,True
MRM,2021-09-23,1.083502582884095,72.0,False,False,False,sin 8-K,False,True,,0.5285374450292517,0.1585612335087755,0.1984410662121902,0.1132812334108168,False,True,False,False,False,False,DEV 2015-21,15.395000457763672,1.0,False,15.395000457763672,,2021-09-23,,O,False,True
MRM,2024-08-26,1.8266129737776096,72.0,False,False,False,sin 8-K,False,True,,0.5182597652754993,0.1554779295826498,0.1968616361459152,-0.0034188002141121,False,True,False,False,False,False,VAL 2022-26,7.010000228881836,1.0,False,7.010000228881836,,2024-08-26,,H,False,True
MRM,2025-08-08,0.6916665756040186,72.0,False,False,False,sin 8-K,False,True,,-1.2500000000000004,-0.3696059257940366,0.7389162665717064,0.0579710457911389,False,True,False,False,False,False,VAL 2022-26,2.0299999713897705,1.0,False,2.03,,2025-08-08,,,False,True
MRM,2025-09-26,1.9172412965300565,72.0,True,False,False,sin 8-K,False,True,,0.9832150953792675,0.2949645286137802,0.0520094064301772,0.1666666666666666,False,True,False,False,False,False,VAL 2022-26,4.230000019073486,1.0,False,4.23,,2025-09-26,,H,False,False
MRNO,2024-03-22,1.2869023141076092,70.0,False,True,False,sin 8-K,False,True,,0.0803030303030302,0.024090909090909,0.2799999930641867,0.1524705774643842,False,True,False,True,True,False,VAL 2022-26,22.0,1.0,False,22.0,,2024-03-22,,,False,False
MRNO,2026-01-28,1.058823472694543,70.0,False,False,True,sin 8-K,False,True,223212725.79870987,1.1571428774165462,0.3471428632249638,0.0392857626384626,0.1611110941863349,False,True,False,True,True,False,VAL 2022-26,2.799999952316284,1.0,False,2.8,223212725.79870987,2026-01-28,79718830.64239639,,False,True
MSAI,2023-12-21,0.942748093270219,38.0,False,False,False,8-K otros items,True,False,1055654630.0463868,-1.2499999999999998,0.0194695472501579,1.750491076681408,0.0688259396934991,False,False,False,False,False,False,VAL 2022-26,203.6000061035156,0.025,False,5.090000152587891,26391365.75115967,2023-12-21,5184944.000000001,S,False,True
MSAI,2025-01-07,0.575,38.0,False,True,True,8-K otros items,True,False,3835591578.0,0.6756614563957093,0.2026984369187127,0.0571428329225569,0.298387090571837,False,False,False,True,False,False,VAL 2022-26,126.0,0.025,False,3.15,95889789.45,2025-01-07,30441203.0,O,False,False
MSGM,2023-01-31,1.8212926819097417,73.0,True,True,False,sin 8-K,True,False,,-1.2500000000000009,-1.894096953974547,2.7196765630297746,-0.728971993436938,False,True,False,True,True,False,VAL 2022-26,7.420000076293945,1.0,False,7.420000076293945,,2023-01-31,,,False,False
MSGM,2025-11-07,1.079908543070914,73.0,True,False,False,8-K otros items,True,False,,0.5630807533964572,0.1689242260189371,0.0691547901408706,0.0828876850238135,False,False,False,False,False,False,VAL 2022-26,4.554999828338623,1.0,False,4.555,,2025-11-07,,R,False,False
MSS,2024-09-24,1.3636363636363638,54.0,False,False,True,8-K otros items,True,False,1474565222.0,0.1639053254437869,0.049171597633136,0.1183431952662721,0.1886792452830188,False,False,False,True,False,False,VAL 2022-26,84.5,0.02,False,1.6900000000000004,29491304.440000005,2024-09-24,17450476.0,R,False,True
MSS,2025-09-29,2.968586387434555,54.0,False,False,False,8-K con acuerdo (1.01),True,False,,2.3149516270888304,0.6944854881266491,0.0448548812664908,-0.0178571428571428,False,False,False,False,False,False,VAL 2022-26,189.5,0.02,False,3.79,,2025-09-29,,F,False,True
MTC,2020-05-26,1.4545454545454546,62.0,False,False,False,sin 8-K,False,True,4335120000.0,0.7691358024691357,0.2307407407407407,0.0740740740740741,0.024390243902439,False,True,False,False,False,False,DEV 2015-21,216.0,0.0125,False,2.7,54189000.0,2020-05-26,20070000.0,,False,True
MTC,2020-11-25,1.066666603088379,62.0,True,False,False,sin 8-K,False,True,3981887877.5024414,0.5983869623898013,0.1795160887169403,0.1169355489957117,-0.0447760995746043,False,True,False,False,False,False,DEV 2015-21,198.3999938964844,0.0125,False,2.479999923706055,49773598.46878052,2020-11-25,20069999.999999996,,False,False
MTVA,2018-06-29,1.1049618320610688,28.0,True,False,True,8-K solo nota de prensa (7.01/8.01),False,False,10356170682000.0,0.2205197944998489,0.0661559383499546,0.0362647325475975,0.1795878312070657,False,False,True,True,False,False,DEV 2015-21,727980.0,1.5151515151515151e-05,False,11.03,156911677.0,2018-06-29,14225900.0,B,False,False
MTVA,2019-07-25,0.5277777777777777,28.0,True,False,False,8-K con acuerdo (1.01),True,False,1035668838600.0,0.4969696969696969,0.149090909090909,0.009090909090909,0.1135135135135135,False,False,False,False,False,False,DEV 2015-21,72600.0,1.5151515151515151e-05,False,1.1,15691952.1,2019-07-25,14265410.999999998,O,False,False
MTVA,2026-05-19,0.6171170576140637,28.0,True,True,True,sin 8-K,True,False,9138229.901520727,-0.1911792760987494,-0.0573537828296248,0.1699164093815788,-0.5372341022522756,True,True,False,True,False,True,VAL 2022-26,1.7949999570846558,1.0,False,1.795,9138229.901520727,2026-05-19,5090935.878284528,,False,False
MVIS,2020-05-05,0.5363636594830137,36.0,True,False,False,sin 8-K,True,False,3246767918.6577377,0.7358974744823468,0.220769242344704,0.0769230306211838,0.1307691916441306,False,True,False,False,False,False,DEV 2015-21,25.350000381469727,0.0666666666666666,False,1.690000025431315,216451194.5771825,2020-05-05,128077628.0,,False,False
MWYN,2025-08-01,0.9111111935274124,51.0,False,False,False,sin 8-K,False,False,29332887.36791897,0.6255814490757561,0.1876744347227268,0.0174418435411367,0.2318840967810122,False,True,False,False,False,True,VAL 2022-26,1.7200000286102295,1.0,False,1.72,29332887.36791897,2025-08-01,17054004.28367382,,False,True
MXC,2020-07-22,1.663013702209324,13.0,False,False,False,sin 8-K,False,False,19830414.064783096,-1.2500000000000009,0.1566666503142268,0.5051440033461017,0.0864197843377485,False,True,False,False,False,True,DEV 2015-21,9.720000267028809,1.0,False,9.720000267028809,19830414.064783096,2020-07-22,2040166.0,,True,True
MYO,2017-11-07,0.6674529181775009,38.0,False,False,False,8-K otros items,False,False,1295578951.2823486,-1.2500000000000002,-0.2617679979246321,0.612446912580882,0.2937853107344633,False,False,False,False,False,False,DEV 2015-21,212.1000061035156,0.0333333333333333,False,7.070000203450521,43185965.04274496,2017-11-07,6108340.0,R,False,True
MYO,2020-02-05,1.309468862863393,38.0,True,False,True,sin 8-K,True,False,515991300.0,-1.2500000000000004,0.1733333333333333,0.3333333333333332,0.0204081632653061,False,True,False,True,True,False,DEV 2015-21,30.0,1.0,False,30.0,515991300.0,2020-02-05,17199710.0,,False,False
MYSE,2024-07-15,0.8846154904224501,48.0,True,False,False,sin 8-K,True,False,5898284.954796791,0.0857143726015213,0.0257143117804563,0.0510203585134163,0.0158730008554685,False,True,False,False,False,True,VAL 2022-26,1.9600000381469729,1.0,False,1.9600000381469729,5898284.954796791,2024-07-15,3009328.9999999995,,True,False
MYSE,2024-11-06,0.9497207172696572,48.0,True,False,False,sin 8-K,True,False,10502558.238699198,1.1605539604434203,0.3481661881330261,0.0315185944972036,0.1026785795063692,False,True,False,False,False,True,VAL 2022-26,3.490000009536743,1.0,False,3.490000009536743,10502558.238699198,2024-11-06,3009329.0,,True,False
MYSE,2025-03-25,0.7175925420022324,48.0,True,True,False,sin 8-K,True,False,11164610.704796791,-1.2500000000000009,-0.0288679063404432,0.5983826866213375,0.0,False,True,False,True,True,True,VAL 2022-26,3.7100000381469727,1.0,False,3.7100000381469727,11164610.704796791,2025-03-25,3009329.0,,True,False
MYSE,2026-04-16,2.833333167764882,48.0,True,True,False,8-K otros items,True,False,23870295.99751997,1.307246398720464,0.3921739196161392,0.0452898552289557,-0.154545453888654,False,False,False,True,False,True,VAL 2022-26,5.519999980926514,1.0,False,5.52,23870295.99751997,2026-04-16,4324328.985057966,H,True,False
MYSZ,2017-11-30,0.5279878971255674,73.0,True,False,False,sin 8-K,True,False,445890364080.0,0.0029702970297029,0.0008910891089108,0.2673267326732673,0.1511511511511511,False,True,False,False,False,False,DEV 2015-21,24240.0,4.1666666666666665e-05,False,1.01,18578765.17,2017-11-30,18394817.0,,False,False
MYSZ,2018-01-08,0.5060240963855422,73.0,True,True,False,sin 8-K,True,False,1103689020000.0,-1.25,-0.154,0.4319999999999999,0.3986013986013986,False,True,False,True,True,False,DEV 2015-21,60000.0,4.1666666666666665e-05,False,2.5,45987042.5,2018-01-08,18394817.0,,False,False
MYSZ,2024-12-20,3.111111179791359,73.0,True,False,False,sin 8-K,True,False,55949818.32280731,-1.2500000000000009,0.2242342605510312,0.4306305917746538,-0.1247059317196116,True,True,False,False,False,False,VAL 2022-26,44.400001525878906,0.125,False,5.55,6993727.290350914,2024-12-20,1260131.043306471,,True,False
NAAS,2025-02-21,0.6474820038996019,59.0,True,True,True,sin 8-K,False,True,,0.9273653240403532,0.2782095972121059,0.1004366912248218,0.1533742335775124,False,True,False,True,True,False,VAL 2022-26,36.63999938964844,0.0625,False,2.29,,2025-02-21,,H,False,False
NAMI,2026-08-07,2.130583982122704,82.0,True,False,False,sin 8-K,False,True,,1.6863885789941588,0.5059165736982476,0.0395170827572641,0.2789115245381924,False,True,False,False,False,False,VAL 2022-26,9.109999656677246,1.0,False,9.11,,2026-08-07,,,False,False
NBTX,2023-05-05,1.2068965922233028,28.0,True,False,False,sin 8-K,False,True,156243907.22520447,-1.2500000000000009,-0.5010713839059583,0.7321429008579983,0.197604749812174,False,True,False,False,False,False,VAL 2022-26,4.480000019073486,1.0,False,4.480000019073486,156243907.22520447,2023-05-05,34875872.0,O,False,False
NBTX,2023-07-10,0.5366795949682448,28.0,True,False,False,sin 8-K,False,True,277611942.45040894,0.5989950676907084,0.1796985203072125,0.0414572766488172,0.0759689590090066,True,True,False,False,False,False,VAL 2022-26,7.960000038146973,1.0,False,7.960000038146973,277611942.45040894,2023-07-10,34875872.0,O,False,False
NCEL,2021-03-12,1.0744680851063828,28.0,False,True,False,sin 8-K,False,True,16286400000.0,-0.0333333333333333,-0.01,0.2564102564102564,0.1658119658119658,False,True,False,True,True,False,DEV 2015-21,2340.0,0.0025,False,5.850000000000001,40716000.00000001,2021-03-12,6960000.0,H,False,False
NCEL,2024-12-30,0.5494505264177207,28.0,True,False,False,sin 8-K,False,True,,0.084869973161396,0.0254609919484187,0.0460992624783547,0.2242647136165194,False,True,False,False,False,False,VAL 2022-26,28.200000762939453,0.1,False,2.8200000762939457,,2024-12-30,,O,False,False
NCEL,2025-01-31,0.5303030507368243,28.0,True,False,False,sin 8-K,False,True,95733908.0894661,0.5607260455995242,0.1682178136798572,0.1122112743065779,0.1285140122335351,False,True,False,False,False,False,VAL 2022-26,30.299999237060547,0.1,False,3.029999923706055,9573390.80894661,2025-01-31,3159535.0,O,True,False
NCNA,2020-03-02,1.2360097323600971,28.0,True,False,False,sin 8-K,False,True,1492393737750.0,1.127348567283279,0.3382045701849837,0.1523394994559304,-0.3105175292153589,True,True,False,False,False,False,DEV 2015-21,45950.0,0.0002,False,9.19,298478747.55,2020-03-02,32478645.000000004,,False,False
NCNA,2024-09-16,1.5236220472440944,28.0,True,False,False,sin 8-K,False,True,,-0.012532501300052,-0.0037597503900156,0.2870514820592824,0.4191522762951334,True,True,False,False,False,False,VAL 2022-26,1282.0,0.005,False,6.41,,2024-09-16,,B,False,False
NCPL,2022-12-13,1.158273313601979,61.0,True,False,False,sin 8-K,False,False,969995670.0,0.8555555555555555,0.2566666666666666,0.0800000145321799,0.368181798365209,False,True,False,False,False,False,VAL 2022-26,210.0,0.0142857142857142,False,3.0,13857081.0,2022-12-13,4619027.0,,True,False
NCPL,2025-12-09,0.5781487013829816,61.0,True,False,True,8-K con acuerdo (1.01),True,False,5114604.372397423,-1.2500000000000002,-0.3561538726056125,0.8653847388261919,0.1714285811599421,False,False,False,True,False,True,VAL 2022-26,1.0399999618530271,1.0,False,1.04,5114604.372397423,2025-12-09,4917888.819612906,H,True,False
NCRA,2026-07-29,1.4335665361672243,2.0,True,False,False,sin 8-K,True,False,59422639.40568876,0.311494378870962,0.0934483136612886,0.1436781601320564,0.2371794225196137,False,True,False,False,False,False,VAL 2022-26,3.4800000190734863,1.0,False,3.48,59422639.40568876,2026-07-29,17075471.093588725,,False,False
NCT,2026-05-28,1.1163265306122447,44.0,False,True,False,sin 8-K,False,True,,0.8056252009000322,0.2416875602700096,0.1417550626808099,0.2809278350515464,False,True,False,True,True,False,VAL 2022-26,129.625,0.04,False,5.185,,2026-05-28,,,False,False
NCTY,2018-10-19,3.789808917197452,61.0,True,False,False,sin 8-K,False,True,,2.147517730496454,0.6442553191489362,0.0811170212765957,0.2038461538461538,False,True,False,False,False,False,DEV 2015-21,752.0,0.01,False,7.520000000000001,,2018-10-19,,,False,False
NCTY,2019-03-05,0.764102564102564,61.0,True,False,False,sin 8-K,False,True,50448479952.0,1.119767441860465,0.3359302325581395,0.1337209302325581,0.1955555555555555,False,True,False,False,False,False,DEV 2015-21,344.0,0.01,False,3.440000000000001,504484799.5200001,2019-03-05,146652558.0,,False,False
NCTY,2019-03-25,0.5198412698412698,61.0,True,False,False,sin 8-K,False,True,56167929714.0,1.5506527415143605,0.465195822454308,0.0,0.1144278606965174,False,True,False,False,False,False,DEV 2015-21,383.0,0.01,False,3.830000000000001,561679297.1400001,2019-03-25,146652558.0,H,False,False
NCTY,2021-01-04,0.6129942376521811,61.0,False,True,True,sin 8-K,False,True,,-1.2500000000000004,-0.1693695046812549,0.4185639608503821,-0.2930513960755407,False,True,False,True,True,False,DEV 2015-21,57.09999847412109,0.1,False,5.70999984741211,,2021-01-04,,H,False,False
NDRA,2025-07-08,2.0662425018322783,38.0,True,False,False,sin 8-K,True,False,5959458.014467239,0.6899371408689076,0.2069811422606722,0.128301849786224,-0.0650602348727436,False,True,False,False,False,True,VAL 2022-26,10.600000381469728,1.0,False,10.6,5959458.014467239,2025-07-08,562213.0202327585,,True,False
NDRA,2025-10-13,0.5169752924030937,38.0,True,False,False,sin 8-K,True,False,7399581.592569351,0.546524262942984,0.1639572788828951,0.0020346345797459,0.1391625776313806,False,True,False,False,False,True,VAL 2022-26,9.829999923706056,1.0,False,9.83,7399581.592569351,2025-10-13,752754.9941576145,,True,False
NEGG,2020-01-27,1.0183486944898097,59.0,True,False,False,sin 8-K,False,True,,-0.8666666666666667,-0.26,0.2818182164972478,0.3272727272727272,False,True,False,False,False,False,DEV 2015-21,352.0,0.00625,False,2.2,,2020-01-27,,,False,False
NERV,2016-05-26,1.8163842865721307,28.0,True,True,True,8-K solo nota de prensa (7.01/8.01),False,False,2214190061.6231613,-1.2500000000000002,-0.1935506393874369,0.3259779250706622,0.0406780074705025,False,False,True,True,False,False,DEV 2015-21,79.76000213623047,0.125,False,9.970000267028809,276773757.7028952,2016-05-26,27760657.000000007,B,False,False
NERV,2019-06-24,0.836879419832345,28.0,True,False,False,sin 8-K,False,False,2425823271.4051857,0.7560275234254181,0.2268082570276254,0.0712999200791464,0.0607082069306071,False,True,False,False,False,False,DEV 2015-21,62.15999984741211,0.125,False,7.769999980926514,303227908.9256482,2019-06-24,39025471.0,,False,False
NERV,2025-10-21,1.533834418660681,28.0,True,False,False,sin 8-K,False,False,47135554.8393364,-1.2500000000000002,0.0389614146754351,0.848664756865394,0.1606863896240231,False,True,False,False,False,False,VAL 2022-26,6.739999771118164,1.0,False,6.74,47135554.8393364,2025-10-21,6993405.762512819,,False,False
NEUP,2023-09-28,4.807106697278914,28.0,True,False,False,sin 8-K,False,True,102049518595.92873,1.336130585358187,0.4008391756074561,0.1206293539178786,0.1988129914406076,False,True,False,False,False,False,VAL 2022-26,68.63999938964844,0.0833333333333333,False,5.719999949137369,8504126549.660727,2023-09-28,1486735424.0000002,B,False,False
NEUP,2025-10-24,0.5555555293916523,28.0,True,True,True,sin 8-K,True,True,14852962.349678991,-1.2500000000000009,-0.0004761241587041,0.3396824325173262,0.2740384012872158,True,True,False,True,False,True,VAL 2022-26,6.300000190734863,1.0,False,6.3,14852962.349678991,2025-10-24,2357613.071377618,,True,False
NEXR,2023-04-10,0.9093406882982272,59.0,False,False,False,sin 8-K,False,True,205675665077.7656,-0.0812949015128884,-0.0243884704538665,0.129496387432596,0.0921986142607513,False,True,False,False,False,False,VAL 2022-26,25473.140625,5.456728145803776e-05,False,1.3900000341045509,11223161.905367542,2023-04-10,8074216.999999998,,False,True
NEXR,2025-04-30,1.0117645651937082,59.0,True,False,False,sin 8-K,False,True,7681334860.627441,0.3955163789133999,0.1186549136740199,0.052631607649934,0.0604027135469999,False,True,False,False,False,False,VAL 2022-26,4476.77978515625,0.0003819709702062,False,1.7099999179359244,2934046.929193064,2025-04-30,1715817.0,,True,False
NEXR,2026-01-16,1.2043010743141496,59.0,True,True,True,sin 8-K,False,True,47492707.88090515,-1.2500000000000002,-0.0587805172763375,0.5934959310298216,0.1007752134471513,False,True,False,True,True,False,VAL 2022-26,189.4199981689453,0.0064935064935064,False,1.2299999881100343,308394.2070188646,2026-01-16,250727.0,,True,False
NEXR,2026-04-28,0.6700000762939453,59.0,True,False,True,sin 8-K,False,True,9211710.400836945,1.0045909924487204,0.3013772977346161,0.0179640668824174,0.0478260522118987,False,True,False,True,True,True,VAL 2022-26,36.7400016784668,0.0909090909090909,False,3.34,837428.218257904,2026-04-28,250727.0114544623,,True,False
NEXR,2026-06-08,0.5123965834815731,59.0,True,False,True,sin 8-K,False,True,5047134.299581528,1.6060109341394289,0.4818032802418286,0.1202185880370292,0.1354838457072348,False,True,False,True,True,True,VAL 2022-26,20.1299991607666,0.0909090909090909,False,1.83,458830.390871048,2026-06-08,250726.98954702073,,True,False
NIKI,2023-05-03,1.2768167446468677,38.0,True,True,False,sin 8-K,False,True,,-1.2500000000000004,0.1191793832898643,0.3677810915784707,0.1605584796760183,False,True,False,True,True,False,VAL 2022-26,65.80000305175781,0.1,False,6.580000305175782,,2023-05-03,,,False,False
NIKI,2024-03-06,1.2620689129007272,38.0,True,False,False,sin 8-K,False,True,,-1.2500000000000009,-1.9032927967465283,4.3323170111194935,0.2634351907063203,False,True,False,False,False,False,VAL 2022-26,32.79999923706055,0.1,False,3.279999923706055,,2024-03-06,,O,False,False
NIKI,2024-12-31,2.5571955781888,38.0,True,False,False,sin 8-K,False,True,,-1.25,0.409087146124509,0.5539419157741765,0.2142857142857142,False,True,False,False,False,False,VAL 2022-26,48.20000076293945,0.1,False,4.820000076293946,,2024-12-31,,,False,False
NIKI,2025-08-21,1.1338583298008589,38.0,True,False,False,sin 8-K,False,True,,-1.2499999999999998,-0.5782656605813331,0.6494464993994666,0.378823538387523,False,True,False,False,False,False,VAL 2022-26,27.100000381469727,0.1,False,2.7100000381469727,,2025-08-21,,,False,False
NIVF,2025-06-03,2.058139534883721,80.0,False,False,False,sin 8-K,False,True,,0.9552598225602028,0.2865779467680608,0.1653992395437262,0.1756756756756756,False,True,False,False,False,False,VAL 2022-26,14202.0,0.0003703703703703,False,5.26,,2025-06-03,,,False,True
NIXX,2024-10-17,2.1898735476082694,73.0,True,False,False,sin 8-K,True,False,25020439.7306242,2.109523779488715,0.6328571338466145,0.1243386328485678,-0.0407407011678359,True,True,False,False,False,True,VAL 2022-26,7.559999942779541,1.0,False,7.56,25020439.7306242,2024-10-17,3309581.974950291,,True,False
NKTR,2025-06-24,1.0880503308120275,28.0,True,False,False,8-K solo nota de prensa (7.01/8.01),True,False,3707183487.158577,-1.25,-0.2374096721533899,0.3895582429297641,-0.1910020421501412,True,False,True,False,False,False,VAL 2022-26,19.920000076293945,1.0,False,19.92,3707183487.158577,2025-06-24,186103588.71277994,B,False,False
NKTX,2022-04-25,0.864864839985539,28.0,True,False,False,8-K solo nota de prensa (7.01/8.01),False,False,478182497.3167019,-1.25,-0.3019254388580233,0.3077985550221385,0.1030982087937537,False,False,True,False,False,False,VAL 2022-26,14.489999771118164,1.0,False,14.489999771118164,478182497.3167019,2022-04-25,33000863.0,B,False,False
NMAD,2021-02-26,0.7506630945450943,28.0,True,False,False,sin 8-K,True,False,4425023724.0,0.4818182203504774,0.1445454661051432,0.0893939625133166,0.1971326191828002,False,True,False,False,False,False,DEV 2015-21,66.0,0.1,False,6.6000000000000005,442502372.4,2021-02-26,67045813.99999999,,False,False
NMAD,2022-01-05,1.2296296578866466,28.0,True,False,False,sin 8-K,False,False,413772454.5439091,0.8526024250955369,0.255780727528661,0.0299003191735616,-0.0045249040607969,True,True,False,False,False,False,VAL 2022-26,30.100000381469727,0.1,False,3.010000038146973,41377245.45439091,2022-01-05,13746593.0,,False,False
NMAD,2022-04-12,1.272727272727273,28.0,True,False,False,sin 8-K,False,False,343664825.0,-1.25,0.254000015258789,0.98,-0.0652174341205396,False,True,False,False,False,False,VAL 2022-26,25.0,0.1,False,2.5,34366482.5,2022-04-12,13746593.0,,False,False
NMAD,2024-03-27,0.7654867373335119,28.0,True,False,False,sin 8-K,True,False,8974667.121450901,0.3593149770149154,0.1077944931044746,0.1027569134964216,0.0397726895580112,True,True,False,False,False,True,VAL 2022-26,3.990000009536743,1.0,False,3.990000009536743,8974667.121450901,2024-03-27,2249290.0,,True,False
NMAD,2024-10-29,0.648855099373232,28.0,True,False,False,sin 8-K,True,False,4858466.593058109,0.0901237020767177,0.0270371106230153,0.1064814860806051,-0.0240385541196439,True,True,False,False,False,True,VAL 2022-26,2.1600000858306885,1.0,False,2.1600000858306885,4858466.593058109,2024-10-29,2249290.0,,True,False
NNDM,2018-06-11,0.8181818181818181,36.0,True,False,False,sin 8-K,False,True,1512771281.2922668,-1.2500000000000002,-0.1174379500889439,0.3842974770192082,0.0820895118738861,False,True,False,False,False,False,DEV 2015-21,24.200000762939453,0.1,False,2.4200000762939453,151277128.12922668,2018-06-11,62511208.0,H,False,False
NNDM,2020-05-19,0.6103896626655694,36.0,True,True,True,sin 8-K,False,True,259722043.157502,-1.2500000000000009,-1.7519355396921747,2.201612901675217,0.1294117779055265,False,True,False,True,True,False,DEV 2015-21,1.2400000095367432,1.0,False,1.2400000095367432,259722043.157502,2020-05-19,209453259.00000006,H,False,False
NNOX,2024-02-15,0.9559747357283804,38.0,True,False,False,sin 8-K,False,True,718766108.0751228,0.754447931284339,0.2263343793853016,0.0209003406472643,-0.363157874659488,False,True,False,False,False,False,VAL 2022-26,12.4399995803833,1.0,False,12.4399995803833,718766108.0751228,2024-02-15,57778628.0,,False,False
NNVC,2021-03-02,0.9431280134951704,28.0,True,True,True,sin 8-K,True,False,0.0,0.5967478658338375,0.1790243597501512,0.0621951513103193,0.1503759376930876,False,True,False,True,True,True,DEV 2015-21,8.199999809265137,1.0,False,8.199999809265137,0.0,2021-03-02,0.0,,True,False
NRGV,2022-02-18,0.6522522092165488,36.0,False,True,False,sin 8-K,True,False,,1.0535442468479348,0.3160632740543804,0.0125408691560928,0.0922329628894912,False,True,False,True,True,False,VAL 2022-26,18.34000015258789,1.0,False,18.34000015258789,,2022-02-18,,,False,False
NRXP,2021-03-29,0.5568141815186831,28.0,False,False,False,8-K solo nota de prensa (7.01/8.01),True,False,1529609698.0,0.8910954176506664,0.2673286252951999,0.0017574692442883,0.1191634205869854,True,False,True,False,False,False,DEV 2015-21,569.0,0.1,False,56.900000000000006,152960969.8,2021-03-29,2688242.0,H,True,True
NRXS,2025-05-20,1.4537445896312071,38.0,True,False,False,sin 8-K,True,False,40192363.71868515,0.912208326409778,0.2736624979229333,0.1131058560480884,0.197994977434787,False,True,False,False,False,False,VAL 2022-26,5.570000171661377,1.0,False,5.57,40192363.71868515,2025-05-20,7215864.222385125,,False,False
NSYS,2019-11-13,1.2000000693581323,36.0,False,False,False,sin 8-K,False,False,16076750.206842422,1.0410469557166733,0.3123140867150019,0.233057818671051,-0.0463414784487626,False,True,False,False,False,True,DEV 2015-21,6.050000190734863,1.0,False,6.050000190734863,16076750.206842422,2019-11-13,2657314.0,,True,True
NSYS,2020-08-28,0.5277778112259508,36.0,False,False,False,sin 8-K,False,False,16078057.00688362,0.5011020586491296,0.1503306175947388,0.0743801314178929,-0.0826771816145105,False,True,False,False,False,True,DEV 2015-21,6.050000190734863,1.0,False,6.050000190734863,16078057.00688362,2020-08-28,2657529.9999999995,,True,True
NTRB,2021-12-31,0.8030688773253907,38.0,False,True,True,sin 8-K,False,False,47003798.60337734,-1.2500000000000009,-0.4397873783471418,0.7276595845358471,0.0644841623333664,False,True,False,True,True,False,DEV 2015-21,6.046311855316162,1.166,False,7.049999623298644,54806429.17153798,2021-12-31,7773962.000000001,,False,False
NTRP,2020-08-25,0.6265060490145711,47.0,True,True,True,sin 8-K,True,False,318035322.0,0.937860019511156,0.2813580058533468,0.2987653944227431,0.097561012891151,False,True,False,True,True,False,DEV 2015-21,81.0,0.05,False,4.05,15901766.1,2020-08-25,3926362.0,,True,False
NTRP,2023-10-13,1.5619833114881496,47.0,True,True,False,8-K con acuerdo (1.01),True,False,66790818.54526806,0.1064514838942092,0.0319354451682627,0.2903226203402433,0.3316498332715612,False,False,False,True,False,False,VAL 2022-26,6.199999809265137,1.0,False,6.199999809265137,66790818.54526806,2023-10-13,10772713.0,O,False,False
NTRP,2024-01-03,0.6172413458580364,47.0,True,False,False,8-K con acuerdo (1.01),True,False,3660183.914656162,0.4570718186226699,0.1371215455868009,0.2153517568703946,-0.0375000238418579,False,False,False,False,False,True,VAL 2022-26,4.690000057220459,1.0,False,4.690000057220459,3660183.914656162,2024-01-03,780422.9999999999,O,True,False
NUAI,2025-01-22,0.5255473772955728,13.0,False,True,False,8-K con acuerdo (1.01),True,False,,0.891706455382927,0.2675119366148781,0.0334929064766009,0.0397350616943603,False,False,False,True,False,False,VAL 2022-26,4.179999828338623,1.0,False,4.179999828338623,,2025-01-22,,H,False,False
NUWE,2022-08-31,0.9047619047619048,38.0,True,False,True,sin 8-K,True,False,65059179444000.0,-1.25,-0.2266666666666666,0.5416666666666667,0.1643835616438356,False,True,False,True,True,False,VAL 2022-26,6174000.0,1.943634596695821e-07,False,1.2,12645127.2,2022-08-31,10537606.0,,False,False
NUWE,2024-11-04,0.6397059712485085,38.0,True,True,True,8-K otros items,True,False,4535379331.01123,-1.2500000000000009,-0.2700897081409549,0.8789236512610543,0.3451957486777859,False,False,False,True,False,False,VAL 2022-26,3278.10009765625,0.0006802721088435,False,2.23,3085292.0619124016,2024-11-04,1383539.0412163236,R,True,False
NUWE,2025-07-16,1.7391304347826089,38.0,True,True,True,sin 8-K,True,False,2893391739.0,-1.2500000000000009,0.146084656084656,0.373015873015873,0.0119122694385356,False,True,False,True,True,False,VAL 2022-26,661.5,0.0285714285714285,False,18.9,82668335.39999999,2025-07-16,4373986.0,,True,False
NUWE,2026-01-27,1.0558139129334512,38.0,True,False,False,sin 8-K,True,False,256616200.2377472,0.411613753584262,0.1234841260752786,0.1176470414174044,-0.0078329207598182,False,True,False,False,False,False,VAL 2022-26,154.6999969482422,0.0285714285714285,False,4.42,7331891.435364205,2026-01-27,1658798.9672769695,,True,False
NUWE,2026-07-30,1.7195766695182284,38.0,True,True,True,sin 8-K,True,False,11875851.47151804,0.4141375325185479,0.1242412597555643,0.2451362376675203,0.6089887451424222,False,True,False,True,True,True,VAL 2022-26,5.139999866485596,1.0,False,5.14,11875851.47151804,2026-07-30,2310476.939984055,,True,False
NVA,2025-10-14,0.6753513568292897,10.0,False,False,False,sin 8-K,False,True,4595585258.803765,-1.2500000000000009,-0.2652856811126745,0.4223309929735883,0.2403257280992755,False,True,False,False,False,False,VAL 2022-26,11.446000099182127,1.0,False,57.23,4595585258.803765,2025-10-14,80300284.09581977,H,False,True
NVAX,2020-01-21,0.5940766521577463,28.0,True,False,False,sin 8-K,True,False,243183501.8115139,-0.2774135170224792,-0.0832240551067437,0.0918032991921387,0.2780040353438316,True,True,False,False,False,False,DEV 2015-21,9.149999618530272,1.0,False,9.149999618530272,243183501.8115139,2020-01-21,26577433.000000004,,False,False
NVAX,2024-05-10,1.2416109458774869,28.0,True,False,False,8-K otros items,True,False,1406843675.3516464,0.3459082805195755,0.1037724841558726,0.0978043410643765,-0.4763512936624154,False,False,False,False,False,False,VAL 2022-26,10.020000457763672,1.0,False,10.020000457763672,1406843675.3516464,2024-05-10,140403554.0,R,False,False
NVCR,2017-04-03,0.6543208626490058,38.0,False,False,False,8-K con acuerdo (1.01),False,False,1162857501.0958996,0.538805796650914,0.1616417389952741,0.0671642237183363,0.0945946085270165,False,False,False,False,False,False,DEV 2015-21,13.399999618530272,1.0,False,13.399999618530272,1162857501.0958996,2017-04-03,86780413.00000001,F,False,True
NVNI,2024-12-20,1.1722845821227863,73.0,False,False,False,sin 8-K,False,True,,-1.2500000000000009,-0.4893103974441002,1.1017241642392914,0.335664359293607,True,True,False,False,False,False,VAL 2022-26,58.0,0.1,False,5.8,,2024-12-20,,,False,True
NVNO,2019-03-14,0.6494252873563218,38.0,False,False,False,sin 8-K,True,False,35578631602.5,0.8725900116144019,0.2617770034843205,0.2020905923344946,-0.124401913875598,False,True,False,False,False,False,DEV 2015-21,2511.25,0.0011428571428571,False,2.87,40661293.260000005,2019-03-14,14167698.000000002,,False,True
NVTS,2025-05-22,1.5680629819511511,36.0,True,True,False,sin 8-K,True,False,,-0.1318722220348142,-0.0395616666104442,0.0703363456543317,0.1267327364654263,False,True,False,True,True,False,VAL 2022-26,4.90500020980835,1.0,False,4.905,,2025-05-22,,,False,False
NXAT,2025-06-04,1.4791667853240646,78.0,False,False,False,sin 8-K,False,True,,-1.2500000000000009,0.0488235922672134,0.3592437111725,0.2031249751647302,False,True,False,False,False,False,VAL 2022-26,142.8000030517578,0.0333333333333333,False,4.76000010172526,,2025-06-04,,,False,True
NXL,2025-10-08,0.9509595848134378,38.0,True,False,True,sin 8-K,False,False,968827463.9273834,-0.0879780015887854,-0.0263934004766356,0.0928961444876652,0.1935483760703627,False,True,False,True,True,False,VAL 2022-26,54.900001525878906,0.0333333333333333,False,1.83,32294248.79757945,2025-10-08,17647130.490480572,,False,False
NXPL,2021-07-06,0.6452205420881008,48.0,False,True,True,sin 8-K,True,False,552859668.5,0.1715083798882681,0.0514525139664804,0.2067039106145252,0.1083333151681082,False,True,False,True,True,False,DEV 2015-21,89.5,0.1,False,8.950000000000001,55285966.85,2021-07-06,6177202.999999999,,False,False
NXPL,2024-04-12,0.6599999745686849,48.0,True,False,False,8-K otros items,False,False,466242433.2571335,0.7966531393005668,0.23899594179017,0.0763052067324658,0.2085561718229336,False,False,False,False,False,False,VAL 2022-26,24.89999961853028,0.1,False,2.4899999618530275,46624243.32571335,2024-04-12,18724596.0,R,False,False
NXTC,2026-07-14,3.2385318753053367,28.0,True,False,True,8-K con acuerdo (1.01),False,False,33375766.21325684,0.9262625949864116,0.2778787784959234,0.0714285566840702,-0.007598813269697,False,False,False,True,False,False,VAL 2022-26,9.239999771118164,1.0,False,9.24,33375766.21325684,2026-07-14,3612095.910525632,O,True,False
NXTS,2023-08-07,0.8641390258662973,28.0,True,False,False,sin 8-K,True,False,14174316226.300049,-1.25,-0.3320338819470206,1.0,0.1987179194699098,False,True,False,False,False,False,VAL 2022-26,2023.699951171875,0.0005830903790087,False,1.17999997152879,8264907.420583117,2023-08-07,7004158.999999998,,False,False
NXTS,2023-12-07,0.9023255582211084,28.0,True,True,False,sin 8-K,True,False,1469851012.2941897,-1.2500000000000009,0.244278719521937,0.8459657926588116,0.0360655901064319,False,True,False,True,True,False,VAL 2022-26,1002.0499877929688,0.0040816326530612,False,4.089999950175383,5999391.886915059,2023-12-07,1466843.9999999998,,True,False
NXTS,2026-06-22,1.1653543632290213,28.0,True,True,False,sin 8-K,True,False,56224982.0,-1.2500000000000002,-0.1918181818181818,1.1636362942782317,0.5530769274784968,False,True,False,True,True,False,VAL 2022-26,11.0,1.0,False,11.0,56224982.0,2026-06-22,5111362.0,,False,False
NXTT,2023-05-17,0.6842105263157894,73.0,True,False,False,8-K otros items,True,False,46189616710400.0,0.4354166666666667,0.130625,0.140625,0.0545454545454545,False,False,False,False,False,False,VAL 2022-26,236800.0,5e-05,False,11.84,2309480835.52,2023-05-17,195057503.0,F,False,False
NXTT,2023-06-14,1.4040284360189572,73.0,True,False,False,sin 8-K,True,False,,0.932659766715952,0.2797979300147856,0.1414489896500739,0.0895211658570437,False,True,False,False,False,False,VAL 2022-26,405800.0,5e-05,False,20.290000000000003,,2023-06-14,,,False,False
OCC,2026-06-08,0.5943089679887203,33.0,False,False,False,sin 8-K,False,False,173099279.5076294,0.0703553614423925,0.0211066084327177,0.1218765586568531,-0.1057894857306229,False,True,False,False,False,False,VAL 2022-26,19.61000061035156,1.0,False,19.61,173099279.5076294,2026-06-08,8827092.274738878,,False,True
ODYS,2026-05-11,1.1973094410121434,73.0,True,False,False,sin 8-K,False,False,160322221.12030983,1.684353772941503,0.5053061318824509,0.1530612215108049,-0.0231579228451377,False,True,False,False,False,False,VAL 2022-26,9.800000190734863,1.0,False,9.8,160322221.12030983,2026-05-11,16359410.318398962,,False,False
OFAL,2026-08-12,2.5624122910963787,87.0,False,False,False,sin 8-K,True,True,66981122.33404446,-1.25,0.4545669154605252,0.4921259916429594,-0.1985293956518587,False,True,False,False,False,False,VAL 2022-26,2.539999961853028,1.0,False,2.54,66981122.33404446,2026-08-12,26370520.60395451,,False,True
OGEN,2018-05-30,0.75,28.0,True,True,False,8-K solo nota de prensa (7.01/8.01),True,False,23007480300.0,0.1253968253968254,0.0376190476190476,0.1571428571428572,0.25,False,False,True,True,False,False,DEV 2015-21,3780.0,0.0005555555555555,False,2.1,12781933.5,2018-05-30,6086635.0,B,False,False
OGEN,2021-01-07,0.7580645161290323,28.0,True,True,True,8-K solo nota de prensa (7.01/8.01),False,False,119691647154.0,0.7311926605504587,0.2193577981651376,0.0550458715596329,0.0357142857142857,False,False,True,True,False,False,DEV 2015-21,1962.0,0.0005555555555555,False,1.09,66495359.53,2021-01-07,61004917.0,H,False,False
OLB,2021-02-10,0.7127516573707529,73.0,False,False,False,sin 8-K,True,False,786022881.0005035,0.6615464679261187,0.1984639403778356,0.2852664730498511,0.0910890786954672,False,True,False,False,False,False,DEV 2015-21,127.5999984741211,0.1,False,12.75999984741211,78602288.10005036,2021-02-10,6160054.0,,False,True
OLB,2021-11-02,0.7124182104831867,73.0,True,True,False,sin 8-K,False,False,571769951.1001053,-1.2500000000000009,-0.1041476039381265,0.6284987593497697,0.1709301970725835,False,True,False,True,True,False,DEV 2015-21,78.5999984741211,0.1,False,7.859999847412109,57176995.110010535,2021-11-02,7274427.000000002,,False,False
OLMA,2025-11-18,2.1050467725737607,28.0,True,False,False,sin 8-K,False,False,1816398257.726664,0.7623575319434934,0.228707259583048,0.0270270328727986,0.0352531830183461,True,True,False,False,False,False,VAL 2022-26,26.45499992370605,1.0,False,26.455,1816398257.726664,2025-11-18,68659922.8019907,,False,False
OLOX,2019-07-12,0.9040246526867746,50.0,True,True,False,sin 8-K,True,False,628880298795.5625,-1.2500000000000009,0.1607317073170731,0.4227642276422765,0.1176470588235294,False,True,False,True,True,False,DEV 2015-21,147623.0625,8.332031250000001e-06,False,1.2299999699707034,5239850.302073965,2019-07-12,4260041.0,,True,False
OLOX,2020-03-31,0.8446601358852917,50.0,True,False,True,8-K otros items,True,False,26692117191.75,-1.2500000000000009,-1.4573684210526316,1.5631579632568378,0.395698910732474,False,False,False,True,False,False,DEV 2015-21,22803.5625,0.000166640625,False,3.799999907226563,4447991.0914064655,2020-03-31,1170524.0,R,True,False
OLOX,2020-09-25,0.960526486244236,50.0,True,False,True,sin 8-K,True,False,153723884996.67773,0.8727069485615119,0.2618120845684535,0.1073824777678353,-0.0046082496585565,False,True,False,True,True,False,DEV 2015-21,17882.794921875,0.000166640625,False,2.980000122528077,25616644.273274504,2020-09-25,8596188.999999998,,False,False
OLOX,2020-10-16,0.7970296838268822,50.0,True,False,True,sin 8-K,True,False,187254260399.3496,0.7931130526335736,0.237933915790072,0.0550964157687774,0.0586080221434033,False,True,False,True,True,False,DEV 2015-21,21783.404296875,0.000166640625,False,3.630000106658936,31204166.98686037,2020-10-16,8596189.0,,False,False
OLOX,2025-01-15,2.4814812787112257,50.0,True,False,True,sin 8-K,True,False,5285324099.111572,1.6244680509283749,0.4873404152785124,0.0212766777719002,0.0476190283965868,False,True,False,True,True,False,VAL 2022-26,1203.199951171875,0.0015625,False,1.8799999237060547,8258318.904861832,2025-01-15,4392723.0,,True,False
OLOX,2025-05-28,1.1699818344881905,50.0,True,False,False,sin 8-K,True,False,4906783488.0,-0.1444443384806315,-0.0433333015441894,0.2083333333333332,-0.0161290942816301,False,True,False,False,False,False,VAL 2022-26,768.0,0.0015625,False,1.2000000000000002,7666849.2,2025-05-28,6389040.999999999,,False,False
OLOX,2025-10-10,0.7129628822909282,50.0,True,True,False,sin 8-K,True,False,561696130.5,-1.2500000000000009,-0.1343243518176379,0.3297297847163569,0.1971154287016592,False,True,False,True,True,False,VAL 2022-26,55.5,0.1,False,5.550000000000001,56169613.05,2025-10-10,10120650.999999998,,False,False
OLOX,2026-05-29,1.0711380939772366,50.0,True,False,False,sin 8-K,True,False,57966373.06298733,0.4311740860628557,0.1293522258188567,0.0991168077009718,-0.0969212523863605,False,True,False,False,False,False,VAL 2022-26,10.1899995803833,1.0,False,10.19,57966373.06298733,2026-05-29,5688554.765749493,,False,False
OMER,2015-08-18,0.6632302711823681,28.0,True,False,False,sin 8-K,False,False,916833920.5044936,-0.1476583880907887,-0.0442975164272366,0.2491734954211812,0.1002796707960547,True,True,False,False,False,False,DEV 2015-21,24.200000762939453,1.0,False,24.200000762939453,916833920.5044936,2015-08-18,37885697.99999999,,False,False
OMER,2018-03-22,0.5249140443696143,28.0,True,False,False,sin 8-K,False,False,857076109.5,0.3422535211267606,0.1026760563380281,0.0253521556585607,0.1053968157087053,False,True,False,False,False,False,DEV 2015-21,17.75,1.0,False,17.75,857076109.5,2018-03-22,48285978.0,,False,False
OMER,2025-10-15,1.82682937126228,28.0,True,True,False,8-K con acuerdo (1.01),False,False,788767033.7244949,0.3031636643342926,0.0909490993002877,0.0440034704199687,0.0566218952272536,True,False,False,True,False,False,VAL 2022-26,11.59000015258789,1.0,False,11.59,788767033.7244949,2025-10-15,68055826.89598748,K,False,False
OMER,2025-12-24,0.878857203892299,28.0,True,True,False,sin 8-K,False,False,1165603583.8249302,0.1856449396383347,0.0556934818915004,0.0736009151560539,-0.0227864836779195,True,True,False,True,False,False,VAL 2022-26,16.440000534057617,1.0,False,16.440000534057617,1165603583.8249302,2025-12-24,70900459.0,,False,False
OMEX,2018-03-22,2.500000094112598,44.0,False,False,False,8-K solo nota de prensa (7.01/8.01),True,False,111571320.90004064,1.2197994807757306,0.3659398442327192,0.0338345716399777,-0.1084336864877336,False,False,True,False,False,False,DEV 2015-21,13.300000190734863,1.0,False,13.300000190734863,111571320.90004064,2018-03-22,8388821.000000002,O,False,True
OMEX,2026-04-08,1.493990390470593,44.0,True,False,False,8-K con acuerdo (1.01),True,False,120817836.42640638,1.29196791763073,0.3875903752892189,0.0265060556594192,0.1560000419616699,False,False,False,False,False,False,VAL 2022-26,2.075000047683716,1.0,False,2.075,120817836.42640638,2026-04-08,58225463.338027164,O,False,False
OMH,2024-02-13,3.266129032258065,65.0,False,False,False,sin 8-K,False,True,6026661595.0,1.8759294265910524,0.5627788279773157,0.1342155009451795,0.411504424778761,False,True,False,False,False,False,VAL 2022-26,264.5,0.02,False,5.29,120533231.9,2024-02-13,22785110.0,,False,True
ONCO,2022-07-27,0.7073170731707317,28.0,False,True,True,sin 8-K,True,False,6925200835000.0,0.3095238095238095,0.0928571428571428,0.1542857142857143,0.054140127388535,False,True,False,True,True,False,VAL 2022-26,595000.0,5.882352941176472e-06,False,3.500000000000001,40736475.50000001,2022-07-27,11638993.0,,False,False
ONCO,2023-06-14,0.8987341772151898,28.0,True,True,True,8-K con acuerdo (1.01),True,False,4057526340000.0,0.4555555555555555,0.1366666666666666,0.0533333333333332,0.0625,False,False,False,True,False,False,VAL 2022-26,255000.0,5.882352941176472e-06,False,1.5000000000000002,23867802.000000004,2023-06-14,15911868.0,O,False,False
ONCO,2024-12-31,1.4485125858123569,28.0,True,True,True,sin 8-K,True,False,37720302865.0,-1.2500000000000004,0.401214953271028,0.97196261682243,-0.0333333333333333,True,True,False,True,False,False,VAL 2022-26,4547.5,0.000235294117647,False,1.07,8875365.38,2024-12-31,8294734.0,,False,False
ONCO,2026-03-27,0.8136646006882804,28.0,False,False,False,8-K otros items,True,False,209319913.46912384,2.192694114632085,0.6578082343896255,0.1523972824201902,0.1907216434030757,False,False,False,False,False,False,VAL 2022-26,58.400001525878906,0.1,False,5.84,20931991.346912384,2026-03-27,3584245.093649381,S,True,True
ONCY,2021-02-17,0.5481727116865898,28.0,False,False,False,sin 8-K,False,True,215138119.7554779,0.7535049647004057,0.2260514894101217,0.0085836830821444,0.0168539167820027,False,True,False,False,False,False,DEV 2015-21,4.659999847412109,1.0,False,4.659999847412109,215138119.7554779,2021-02-17,46166980.0,,False,True
ONDS,2025-03-11,0.6231085978593487,36.0,True,True,True,8-K solo nota de prensa (7.01/8.01),True,False,124762369.13419747,1.2548022336319662,0.3764406700895898,0.0,0.0372927503625674,False,False,True,True,False,False,VAL 2022-26,1.1799999475479126,1.0,False,1.18,124762369.13419747,2025-03-11,105730821.30016735,H,False,False
ONFO,2023-05-26,0.5726495726495726,73.0,False,True,True,sin 8-K,False,False,470137940.0,-1.2500000000000009,0.2291304347826087,0.3043478260869565,0.0714285714285714,False,True,False,True,True,False,VAL 2022-26,92.0,0.02,False,1.84,9402758.8,2023-05-26,5110195.0,,False,False
ONFO,2026-04-16,0.6641679921834733,73.0,False,False,False,8-K con acuerdo (1.01),True,False,325408377.0,-1.2500000000000009,-0.3613513513513514,1.232432459925746,0.1666666666666666,False,False,False,False,False,False,VAL 2022-26,55.5,0.02,False,1.11,6508167.54,2026-04-16,5863213.999999999,F,False,True
ONMD,2024-01-29,1.407045152678296,87.0,False,False,False,sin 8-K,True,False,39683911.27537441,-1.2500000000000004,-0.1238211248161947,0.3414633744485844,-0.0948905071380695,False,True,False,False,False,False,VAL 2022-26,1.2300000190734863,1.0,False,1.2300000190734863,39683911.27537441,2024-01-29,32263342.0,,False,True
ONMD,2024-05-23,1.8571427528781743,87.0,False,False,False,8-K otros items,True,False,33390013.43137145,-0.200000127724241,-0.0600000383172723,0.1857142820650217,-0.5646257874503274,False,False,False,False,False,False,VAL 2022-26,1.399999976158142,1.0,False,1.399999976158142,33390013.43137145,2024-05-23,23850010.0,R,False,True
OPAD,2026-01-09,0.5328947058840137,65.0,True,False,True,sin 8-K,True,False,85883671.3678093,0.1669526052500387,0.0500857815750116,0.1459228170476043,0.1872146461726851,True,True,False,True,False,False,VAL 2022-26,2.3299999237060547,0.1,False,2.33,8588367.13678093,2026-01-09,3685994.47930512,,True,False
OPHC,2020-06-17,1.1191490302856535,60.0,False,False,False,sin 8-K,False,False,14245011.17455864,1.4392235871872003,0.4317670761561601,0.0843373643946461,-0.1330935711458628,False,True,False,False,False,True,DEV 2015-21,4.980000019073486,1.0,False,4.980000019073486,14245011.17455864,2020-06-17,2860444.0,,True,True
OPTU,2026-06-01,0.8085107462284209,48.0,False,False,False,8-K con acuerdo (1.01),False,False,567001953.5939584,0.050700529850205,0.0152101589550615,0.1092436882190373,0.0862069195856243,False,False,False,False,False,False,VAL 2022-26,1.190000057220459,1.0,False,1.19,567001953.5939584,2026-06-01,476472229.9108894,F,False,True
OPTX,2023-11-02,0.5187375835417263,38.0,False,True,False,8-K otros items,True,False,,0.9839826678977736,0.295194800369332,0.2662337975993416,0.1308410881762832,False,False,False,True,False,False,VAL 2022-26,15.399999618530272,1.0,False,15.399999618530272,,2023-11-02,,O,False,False
OPTX,2024-06-26,1.778723606301312,38.0,False,False,False,sin 8-K,True,False,239574384.6775045,1.3347116993709036,0.400413509811271,0.2848392149697947,0.1272727329024459,False,True,False,False,False,False,VAL 2022-26,6.53000020980835,1.0,False,6.53000020980835,239574384.6775045,2024-06-26,36688265.99999999,,False,True
OPTX,2024-12-17,1.140449440459714,38.0,False,False,False,sin 8-K,False,False,139782291.36068058,-1.2500000000000009,0.0634908072427685,0.3385826722380272,0.2804532627650355,False,True,False,False,False,False,VAL 2022-26,3.809999942779541,1.0,False,3.81,139782291.36068058,2024-12-17,36688265.44899753,,False,True
ORBS,2024-09-25,0.6626505424214155,61.0,True,False,False,8-K solo nota de prensa (7.01/8.01),True,False,36235295.01141691,0.3772944995910603,0.113188349877318,0.173913113586646,0.1900826543986847,True,False,True,False,False,False,VAL 2022-26,4.139999866485596,1.0,False,4.139999866485596,36235295.01141691,2024-09-25,8752487.0,R,False,False
ORBS,2024-12-30,0.7124999804422263,61.0,True,False,False,sin 8-K,True,False,6689334.643282652,0.1613139723525524,0.0483941917057657,0.109489033310991,0.1511627434179836,False,True,False,False,False,True,VAL 2022-26,2.740000009536743,1.0,False,2.740000009536743,6689334.643282652,2024-12-30,2441363.0,,True,False
ORIO,2020-07-15,1.7675674105956136,61.0,False,False,False,sin 8-K,False,True,0.0,1.490104093098649,0.4470312279295947,0.2304687526678512,0.0503597204567939,False,True,False,False,False,True,DEV 2015-21,7.679999828338623,0.3333333333333333,False,2.559999942779541,0.0,2020-07-15,0.0,,True,True
ORIO,2020-11-06,0.7238805624922973,61.0,False,False,False,sin 8-K,False,True,,0.5727271684732236,0.171818150541967,0.0649351078281594,-0.0793650446578596,False,True,False,False,False,False,DEV 2015-21,6.929999828338623,0.3333333333333333,False,2.309999942779541,,2020-11-06,,,False,True
ORIO,2025-07-02,1.8760329829434168,61.0,False,False,False,sin 8-K,False,True,85163872.42677355,0.8383142536811121,0.2514942761043336,0.1005746846880053,0.1439688308054624,False,True,False,False,False,False,VAL 2022-26,3.4800000190734863,1.0,False,3.4800000190734863,85163872.42677355,2025-07-02,24472377.0,,False,True
ORKA,2019-05-02,0.8097561471830539,28.0,True,True,False,sin 8-K,True,False,3099495395.7857056,1.0268643472668146,0.3080593041800444,0.1024258183639315,0.1383399181674576,False,True,False,True,True,False,DEV 2015-21,222.6000061035156,0.0833333333333333,False,18.5500005086263,258291282.9821421,2019-05-02,13924057.999999998,,False,False
ORKA,2020-05-28,1.2329112432645246,28.0,True,False,False,sin 8-K,False,False,168716362.9623413,-1.2500000000000009,-1.1880046508744535,1.4943311520645643,0.3440916443436606,False,True,False,False,False,False,DEV 2015-21,105.83999633789062,0.0833333333333333,False,8.819999694824219,14059696.913528442,2020-05-28,1594070.0,,True,False
ORKA,2024-04-03,0.7017542587692025,28.0,False,False,False,8-K con acuerdo (1.01),False,False,506379887.0076141,-1.2500000000000002,-0.1268385465347209,0.3333334425743832,0.0523077157827524,True,False,False,False,False,False,VAL 2022-26,34.91999816894531,0.0833333333333333,False,2.9099998474121094,42198323.91730117,2024-04-03,14501142.999999998,O,False,True
OSTX,2025-01-15,0.6225962133626282,28.0,False,False,False,8-K con acuerdo (1.01),True,False,143359051.5,1.1469135143138744,0.3440740542941623,0.0370370370370369,0.055045926744472,False,False,False,False,False,False,VAL 2022-26,6.75,1.0,False,6.75,143359051.5,2025-01-15,21238378.0,F,False,True
OVID,2021-03-03,0.584459458370989,28.0,True,False,False,8-K con acuerdo (1.01),False,False,297511194.8097925,0.4286425639211725,0.1285927691763517,0.0127931646156738,0.004950490375089,False,False,False,False,False,False,DEV 2015-21,4.690000057220459,1.0,False,4.690000057220459,297511194.8097925,2021-03-03,63435222.0,K,False,False
OXBR,2020-08-11,0.7777777777777777,63.0,False,False,False,8-K otros items,True,False,11925860.522562029,0.367307515962583,0.1101922547887749,0.2259615605046772,-0.0928961492338718,False,False,False,False,False,True,DEV 2015-21,2.0799999237060547,1.0,False,2.0799999237060547,11925860.522562029,2020-08-11,5733587.000000001,R,False,True
PAAI,2024-11-15,2.350877176471474,48.0,True,False,False,8-K otros items,True,False,56520012.31227279,0.2458987249869312,0.0737696174960793,0.1413613114420135,-0.0057142802647181,False,False,False,False,False,False,VAL 2022-26,1.909999966621399,1.0,False,1.909999966621399,56520012.31227279,2024-11-15,29591630.0,R,False,False
PACB,2018-11-02,0.6740576070007727,38.0,True,True,True,8-K otros items,False,False,1124209313.000782,-0.0377482347867792,-0.0113244704360337,0.0039734744653392,-0.0251322828913412,False,False,False,True,False,False,DEV 2015-21,7.550000190734863,1.0,False,7.550000190734863,1124209313.000782,2018-11-02,148901892.0,R,False,False
PALI,2022-03-22,0.654320987654321,28.0,True,False,False,sin 8-K,True,False,18324646395.0,0.6880597014925373,0.2064179104477611,0.1417910447761194,-0.0380952380952381,False,True,False,False,False,False,VAL 2022-26,1005.0,0.0013333333333333,False,1.34,24432861.86,2022-03-22,18233479.0,,False,False
PALI,2023-09-06,0.7971014198966124,28.0,True,False,True,sin 8-K,True,False,127516841.0152588,-1.25,-0.1712903192727218,0.5564516220000151,0.4583333517298283,False,True,False,True,True,False,VAL 2022-26,18.600000381469727,0.0666666666666666,False,1.240000025431315,8501122.734350586,2023-09-06,6855744.000000001,,False,False
PALI,2024-01-29,1.2499998471675813,28.0,True,False,True,8-K solo nota de prensa (7.01/8.01),True,False,161760606.91788864,0.5649572185124622,0.1694871655537386,0.2735043506026462,0.3541666363124486,True,False,True,True,False,False,VAL 2022-26,17.549999237060547,0.0666666666666666,False,1.1699999491373698,10784040.461192576,2024-01-29,9217129.0,H,False,False
PALI,2024-12-12,1.0357142522626988,28.0,True,False,True,sin 8-K,True,False,3789120.4732074738,0.5397661122026314,0.1619298336607894,0.1578947588567485,0.2499999747437934,True,True,False,True,False,True,VAL 2022-26,2.8499999046325684,1.0,False,2.85,3789120.4732074738,2024-12-12,1329515.9555113942,,True,False
PAPL,2025-07-23,1.420000076293945,61.0,True,True,False,sin 8-K,True,False,170179457.1151495,0.9584023527418624,0.2875207058225587,0.1251475126947334,0.2016806466777592,False,True,False,True,True,False,VAL 2022-26,8.470000267028809,1.0,False,8.47,170179457.1151495,2025-07-23,20092025.63342969,,False,False
PAPL,2026-01-21,0.7113401212985209,61.0,True,False,False,sin 8-K,True,False,2234262.0150743723,0.4686747088893531,0.1406024126668059,0.2108433920960937,-0.0070921919858044,False,True,False,False,False,True,VAL 2022-26,1.659999966621399,1.0,False,1.66,2234262.0150743723,2026-01-21,1345940.972936369,,True,False
PARA,2024-01-05,0.8493975903614457,73.0,False,True,False,sin 8-K,True,False,,0.5095548317046688,0.1528664495114006,0.1563517915309447,0.1750972762645914,False,True,False,True,True,False,VAL 2022-26,30700.0,0.0001,False,3.0700000000000003,,2024-01-05,,,False,False
PARA,2024-12-10,0.5179856115107915,73.0,False,True,True,8-K con acuerdo (1.01),True,False,,0.0614533965244865,0.0184360189573459,0.2606635071090046,0.1170731707317073,False,False,False,True,False,False,VAL 2022-26,422.0,0.005,False,2.1100000000000003,,2024-12-10,,O,False,False
PAVM,2026-01-21,1.9063004208107144,38.0,True,False,False,sin 8-K,True,False,,-1.2500000000000009,0.3201834161176368,0.5808783155026096,0.0887967329097014,False,True,False,False,False,False,VAL 2022-26,17.989999771118164,1.0,False,17.99,,2026-01-21,,,False,False
PAVS,2020-03-25,0.5119047619047619,73.0,False,False,False,sin 8-K,False,True,,0.2028871391076115,0.0608661417322834,0.0708661417322835,0.1327683615819209,False,True,False,False,False,False,DEV 2015-21,9144000.0,4.1666666666666667e-07,False,3.81,,2020-03-25,,,False,True
PAVS,2026-06-09,0.6471838736812234,73.0,True,True,True,sin 8-K,False,True,12203460.0,-1.2500000000000004,0.3319354838709677,16.219354838709677,0.5098039215686274,True,True,False,True,False,True,VAL 2022-26,155.0,1.0,False,1.55,12203460.0,2026-06-09,7873200.0,,False,False
PAVS,2026-08-06,0.8940937840632666,73.0,True,True,True,sin 8-K,False,True,732207.6150169373,0.8340501887676925,0.2502150566303077,0.0430107107878099,0.1061046521701704,False,True,False,True,True,True,VAL 2022-26,9.300000190734863,1.0,False,9.3,732207.6150169373,2026-08-06,78732.00161472443,H,True,False
PBM,2024-03-08,0.9291338582677164,28.0,False,False,False,sin 8-K,False,True,,-1.25,0.1287755102040816,0.7591836734693878,0.1611374407582938,False,True,False,False,False,False,VAL 2022-26,57421.875,4.266666666666667e-05,False,2.45,,2024-03-08,,,False,True
PBM,2024-07-25,1.762148337595908,28.0,False,False,False,sin 8-K,False,True,338951055937.5,1.4481481481481482,0.4344444444444444,0.0833333333333332,0.0316666666666666,False,True,False,False,False,False,VAL 2022-26,25312.5,4.266666666666667e-05,False,1.08,14461911.72,2024-07-25,13390659.0,H,False,True
PBM,2024-12-20,0.6016260162601625,28.0,False,True,True,sin 8-K,False,True,,0.6096446700507614,0.1828934010152284,0.0786802030456852,0.2515723270440251,True,True,False,True,False,False,VAL 2022-26,1231.25,0.0032,False,3.94,,2024-12-20,,,False,False
PBM,2025-08-04,0.9279661016949152,28.0,True,False,True,sin 8-K,False,True,100956857.421875,-0.026007326007326,-0.0078021978021978,0.2747252747252746,-0.0903083700440528,False,True,False,True,True,False,VAL 2022-26,177.734375,0.0256,False,4.55,2584495.5500000003,2025-08-04,568021.0000000001,,True,False
PBM,2026-04-17,0.6729130981727307,28.0,True,False,True,sin 8-K,False,True,22519979.4401474,0.7202307736532603,0.2160692320959781,0.0723014317934438,-0.4868421490172606,False,True,False,True,True,True,VAL 2022-26,9.81999969482422,1.0,False,9.82,22519979.4401474,2026-04-17,2293276.9287319146,,True,False
PCLA,2026-05-22,1.7244444953070746,36.0,False,False,False,sin 8-K,False,True,,-0.2997823610496806,-0.0899347083149041,0.2071778070500645,-0.8126888530884858,False,True,False,False,False,False,VAL 2022-26,6.130000114440918,1.0,False,6.13,,2026-05-22,,,False,True
PCSA,2024-04-25,0.5185185185185186,28.0,True,True,False,sin 8-K,True,False,175642831.5,0.0073170731707317,0.0021951219512195,0.089430894308943,0.1152263374485596,False,True,False,True,True,False,VAL 2022-26,61.5,0.04,False,2.46,7025713.26,2024-04-25,2855981.0,,True,False
PCSA,2024-07-30,0.7882352941176471,28.0,True,True,False,8-K solo nota de prensa (7.01/8.01),True,False,217054556.0,0.8,0.24,0.019736842105263,0.0789473684210526,True,False,True,True,False,False,VAL 2022-26,76.0,0.04,False,3.04,8682182.24,2024-07-30,2855981.0,B,True,False
PCVX,2022-10-24,0.7079689823219921,28.0,True,False,False,8-K solo nota de prensa (7.01/8.01),False,False,2084927050.607712,0.1705549011423688,0.0511664703427106,0.0270269390327837,-0.0563636548591382,False,False,True,False,False,False,VAL 2022-26,35.150001525878906,1.0,False,35.150001525878906,2084927050.607712,2022-10-24,59315134.00000001,B,False,False
PDC,2024-02-14,2.86813178982025,73.0,False,False,False,sin 8-K,False,True,,-1.2500000000000009,0.2456818126400641,0.4772726952537038,0.290076341990803,True,True,False,False,False,False,VAL 2022-26,8.800000190734863,0.2,False,1.7600000381469727,,2024-02-14,,,False,True
PDC,2025-07-02,0.5026316078415871,73.0,False,False,False,sin 8-K,False,True,43044549.787569046,-0.4011092295575346,-0.1203327688672604,0.1593694993577312,-0.0094637131443995,False,True,False,False,False,False,VAL 2022-26,2.8550000190734863,1.0,False,2.8550000190734863,43044549.787569046,2025-07-02,15076900.0,,False,True
PECO,2021-07-15,2.840877935050462,67.0,False,False,False,sin 8-K,True,False,7862400000.0,-0.0130952290126255,-0.0039285687037876,0.0153571537562779,-0.0043119238074873,False,True,False,False,False,False,DEV 2015-21,28.0,1.0,False,28.0,7862400000.0,2021-07-15,280800000.0,,False,True
PED,2020-08-27,0.910828048691817,13.0,False,False,False,8-K solo nota de prensa (7.01/8.01),False,False,2163759840.0,-1.2500000000000004,-0.4166666920979818,0.6666666666666667,0.2796208751439664,False,False,True,False,False,False,DEV 2015-21,30.0,0.05,False,1.5,108187992.0,2020-08-27,72125328.0,H,False,True
PED,2020-10-13,0.8656716949027814,13.0,False,False,False,8-K solo nota de prensa (7.01/8.01),False,False,3606266400.0,0.9000000000000001,0.27,0.02,-0.0277777777777777,False,False,True,False,False,False,DEV 2015-21,50.0,0.05,False,2.5,180313320.0,2020-10-13,72125328.0,O,False,True
PEPG,2025-02-24,0.9051094058478508,28.0,True,False,False,8-K otros items,True,False,85074870.15057111,-1.2500000000000009,0.1126053433350997,0.7164751720838689,0.2532750800732455,False,False,False,False,False,False,VAL 2022-26,2.609999895095825,1.0,False,2.61,85074870.15057111,2025-02-24,32595735.68987399,R,False,False
PEPG,2025-09-25,1.2180450770643216,28.0,True,True,False,8-K solo nota de prensa (7.01/8.01),False,False,193518374.72802544,-0.0220339092637092,-0.0066101727791127,0.0745762796793747,0.1377550896283541,False,False,True,True,False,False,VAL 2022-26,5.900000095367432,1.0,False,5.9,193518374.72802544,2025-09-25,32799724.5301738,B,False,False
PETZ,2019-03-05,0.5750000476837158,65.0,False,False,False,sin 8-K,False,True,,-1.2500000000000009,0.1249206913866106,0.9841269240567972,-0.0275229542416547,False,True,False,False,False,False,DEV 2015-21,25.200000762939453,0.05,False,1.2600000381469727,,2019-03-05,,,False,True
PETZ,2021-02-17,1.8019169037039984,65.0,False,False,False,sin 8-K,False,True,,-1.2500000000000004,0.4335575720046969,0.6556442645480902,0.2520491686344017,False,True,False,False,False,False,DEV 2015-21,175.39999389648438,0.05,False,8.76999969482422,,2021-02-17,,,False,True
PETZ,2021-11-04,0.7046413597190193,65.0,True,True,True,sin 8-K,False,True,4439959763.694077,-0.2148512264975156,-0.0644553679492547,0.1559405692850031,0.089201863219995,False,True,False,True,True,False,DEV 2015-21,80.80000305175781,0.05,False,4.040000152587891,221997988.18470383,2021-11-04,54949995.0,F,False,False
PFAI,2025-10-15,0.7958115846590998,7.0,False,False,False,sin 8-K,False,True,,-1.250000000000001,-0.3423615401506263,0.4373177062353686,0.2231947879718092,False,True,False,False,False,False,VAL 2022-26,3.430000066757202,1.0,False,3.43,,2025-10-15,,,False,True
PFSA,2026-04-06,1.5329814283635113,38.0,False,True,True,8-K con acuerdo (1.01),True,False,12610743936.0,0.0881944444444444,0.0264583333333333,0.171875,0.3243243243243243,True,False,False,True,False,False,VAL 2022-26,192.0,0.01,False,1.92,126107439.36,2026-04-06,65680958.0,H,False,False
PFSA,2026-08-18,0.9470197100051274,38.0,False,True,True,sin 8-K,True,False,5341806.355171204,-1.2499999999999998,-2.1256463144054565,2.210884430239046,0.5061863202010851,False,True,False,True,True,True,VAL 2022-26,8.819999694824219,1.0,False,8.82,5341806.355171204,2026-08-18,605646.9790443542,,True,False
PFSA,2026-09-24,0.7121951571254068,38.0,False,True,True,sin 8-K,True,False,2125820.9642241,0.4225071418591228,0.1267521425577368,0.1908831452124699,0.280528023979716,False,True,False,True,True,True,VAL 2022-26,3.509999990463257,1.0,False,3.51,2125820.9642241,2026-09-24,605646.9983544445,,True,False
PHIO,2020-05-29,1.3526784782259185,28.0,True,True,True,sin 8-K,True,False,1632265998.142517,1.3708411844412605,0.4112523553323781,0.2296016232289632,0.0491802731925491,False,True,False,True,True,False,DEV 2015-21,569.1599731445312,0.0092592592592592,False,5.269999751338252,15113574.056875158,2020-05-29,2867851.0,,True,False
PHIO,2024-12-23,0.5227273189085577,28.0,True,True,True,8-K con acuerdo (1.01),True,False,2827986.990443468,0.5263682045702527,0.1579104613710758,0.1082089382945155,0.0134529018534424,True,False,False,True,False,True,VAL 2022-26,2.680000066757202,1.0,False,2.68,2827986.990443468,2024-12-23,1055219.026284876,F,True,False
PHIO,2025-01-13,1.4615382879063663,28.0,True,True,True,sin 8-K,True,False,4389710.878986359,-1.2500000000000002,-0.5965384968074834,1.3533654617663695,0.4575757612976271,True,True,False,True,False,True,VAL 2022-26,4.159999847412109,1.0,False,4.16,4389710.878986359,2025-01-13,1055218.9612947977,,True,False
PHIO,2025-04-09,1.1188120050601391,28.0,True,True,True,8-K solo nota de prensa (7.01/8.01),True,False,10225250.061248302,0.901246282926412,0.2703738848779236,0.2757008809566066,-0.0714285824869473,False,False,True,True,False,True,VAL 2022-26,2.140000104904175,1.0,False,2.14,10225250.061248302,2025-04-09,4778154.234228179,B,True,False
PHIO,2025-11-03,0.6926829801578749,28.0,True,True,True,8-K solo nota de prensa (7.01/8.01),False,False,19871822.66384363,1.5132564851398922,0.4539769455419676,0.2074928019232889,0.1236559232820291,False,False,True,True,False,True,VAL 2022-26,3.470000028610229,1.0,False,3.47,19871822.66384363,2025-11-03,5726750.047217185,B,False,False
PHIO,2026-02-10,0.5666666710818256,28.0,True,True,False,8-K solo nota de prensa (7.01/8.01),False,False,15177843.120698452,0.6522457889317469,0.195673736679524,0.0496454284462286,-0.1517856753222189,True,False,True,True,False,True,VAL 2022-26,1.409999966621399,1.0,False,1.41,15177843.120698452,2026-02-10,10764427.745176207,B,False,False
PHOE,2026-05-08,0.9349423977694628,17.0,False,False,False,sin 8-K,False,True,796608023.0712891,-1.2500000000000004,0.3376139162386424,0.3408351228517634,0.1546134412272227,False,True,False,False,False,False,VAL 2022-26,36.880001068115234,1.0,False,36.88,796608023.0712891,2026-05-08,21600000.625577252,,False,True
PHUN,2021-10-22,3.9215686274509807,73.0,True,False,True,sin 8-K,True,False,28188634065.0,-1.2500000000000002,-0.1706905710491368,2.192563081009296,0.1807780320366132,False,True,False,True,True,False,DEV 2015-21,376.5,0.02,False,7.53,563772681.3,2021-10-22,74870209.99999999,,False,False
PHVS,2022-12-08,0.6693227383029328,28.0,True,False,False,sin 8-K,False,True,,-1.25,-1.7450835039723722,1.84964186571014,0.2478185116173093,False,True,False,False,False,False,VAL 2022-26,4.190000057220459,1.0,False,4.190000057220459,,2022-12-08,,B,False,False
PLAG,2026-08-11,0.8771930980330154,20.0,True,True,False,sin 8-K,True,False,15229004.72653556,-1.2500000000000002,-4.439906222401519,5.364485615840173,0.7934595422543794,False,True,False,True,True,True,VAL 2022-26,1.0700000524520874,1.0,False,1.07,15229004.72653556,2026-08-11,14232714.697696785,,False,False
PLRX,2022-07-11,0.8029279304676924,28.0,True,False,False,8-K solo nota de prensa (7.01/8.01),False,False,578177479.475729,-1.2500000000000009,-0.4466021031347828,0.4366021031347828,0.1317391602889351,False,False,True,False,False,False,VAL 2022-26,16.010000228881836,1.0,False,16.010000228881836,578177479.475729,2022-07-11,36113521.0,B,False,False
PLRX,2023-01-23,0.5566415175140105,28.0,True,False,False,8-K solo nota de prensa (7.01/8.01),True,False,1708530086.4005814,0.4194825061370102,0.125844751841103,0.0416666394499345,-0.0878466935186241,True,False,True,False,False,False,VAL 2022-26,35.040000915527344,1.0,False,35.040000915527344,1708530086.4005814,2023-01-23,48759419.0,B,False,False
PLRZ,2024-12-18,1.361904761904762,38.0,False,True,False,sin 8-K,False,True,,-1.2500000000000002,-0.3366129032258064,0.935483870967742,0.2917933130699088,False,True,False,True,True,False,VAL 2022-26,3720.0,0.0006666666666666,False,2.48,,2024-12-18,,,False,False
PLRZ,2025-12-02,1.205696076226341,38.0,True,False,False,sin 8-K,False,True,,-0.2054998299143925,-0.0616499489743177,0.1994260987556464,0.0327421246406807,False,True,False,False,False,False,VAL 2022-26,6.96999979019165,1.0,False,6.97,,2025-12-02,,H,False,False
PLSM,2026-06-24,2.0645159959635246,38.0,False,False,False,sin 8-K,False,True,67954718.55968094,1.1979265477290275,0.3593779643187083,0.2411483735654616,0.1047041033753991,True,True,False,False,False,False,VAL 2022-26,10.449999809265137,1.0,False,10.45,67954718.55968094,2026-06-24,6502843.881309181,H,False,True
PLUG,2017-04-05,0.830769385952927,36.0,True,True,True,8-K con acuerdo (1.01),False,False,455020521.7993965,0.1487396473248435,0.044621894197453,0.0084033529263976,0.0488888422648111,False,False,False,True,False,False,DEV 2015-21,2.380000114440918,1.0,False,2.380000114440918,455020521.7993965,2017-04-05,191185084.0,K,False,False
PMA,2026-06-10,0.5530302051944,17.0,False,False,False,sin 8-K,False,True,26598749.381303787,1.104877958953934,0.3314633876861801,0.0634146914462274,-0.0518518014863367,False,True,False,False,False,True,VAL 2022-26,2.049999952316284,1.0,False,2.049999952316284,26598749.381303787,2026-06-10,12975000.0,F,False,True
PMAX,2025-01-16,0.5061548591638534,73.0,False,False,False,sin 8-K,False,True,,1.969871715516496,0.5909615146549487,0.0,0.2289156688801485,False,True,False,False,False,False,VAL 2022-26,166.39999389648438,0.0125,False,2.08,,2025-01-16,,,False,True
PMAX,2025-10-13,0.93822399622831,73.0,False,False,False,sin 8-K,False,True,,0.8099601972061675,0.2429880591618502,0.0358565579622343,0.1973333231608073,False,True,False,False,False,False,VAL 2022-26,50.20000076293945,0.1,False,5.02,,2025-10-13,,,False,True
PMCB,2021-08-18,0.8421052778343228,28.0,True,True,False,sin 8-K,False,False,10153527.607401848,-1.2500000000000009,-0.581428463302235,0.5841268635060488,0.6484848330135474,False,True,False,True,True,True,DEV 2015-21,6.300000190734863,1.0,False,6.300000190734863,10153527.607401848,2021-08-18,1611671.0,,True,False
PMN,2025-07-21,1.9545454545454544,28.0,True,False,False,sin 8-K,True,False,1062398675.0,0.4282051282051282,0.1284615384615384,0.2230769230769231,0.2678571428571428,False,True,False,False,False,False,VAL 2022-26,32.5,0.04,False,1.3,42495947.0,2025-07-21,32689190.0,,False,False
PMN,2026-01-30,0.5570358373490618,28.0,True,False,False,8-K con acuerdo (1.01),True,False,1006267798.0546188,0.7759359590553123,0.2327807877165937,0.0614973032947354,0.0077683374196751,True,False,False,False,False,False,VAL 2022-26,18.700000762939453,1.0,False,18.7,1006267798.0546188,2026-01-30,53811112.19543417,F,False,False
PN,2026-05-04,1.0104712773851614,50.0,True,False,False,sin 8-K,False,True,,0.1634260064105896,0.0490278019231769,0.0416666252745538,-0.2693726969733334,False,True,False,False,False,False,VAL 2022-26,5.760000228881836,1.0,False,5.76,,2026-05-04,,F,False,False
PN,2026-07-30,0.9001865981183614,50.0,True,False,False,sin 8-K,False,True,,-0.5733430045986421,-0.1720029013795926,0.1782031915175519,0.2703844359062771,False,True,False,False,False,False,VAL 2022-26,20.3700008392334,1.0,False,20.37,,2026-07-30,,O,False,False
PNBK,2025-02-10,0.6275860810251539,60.0,False,False,False,sin 8-K,False,False,9383531.862893345,-0.0192090523901615,-0.0057627157170484,0.0466102281372931,0.0,False,True,False,False,False,True,VAL 2022-26,2.359999895095825,1.0,False,2.36,9383531.862893345,2025-02-10,3976072.823259892,,True,True
POLA,2020-09-24,1.1666667967561732,36.0,False,True,False,sin 8-K,False,False,294859839.2178097,-1.2500000000000004,0.1029807974144946,0.5769229685968025,0.1598915668976136,False,True,False,True,True,False,DEV 2015-21,29.1200008392334,0.1428571428571428,False,4.160000119890485,42122834.17397281,2020-09-24,10125681.0,,False,False
POLA,2023-05-11,0.6730769167788839,36.0,True,False,False,sin 8-K,False,False,157725522.95188904,0.4647511228509965,0.1394253368552989,0.0804597305157608,0.0945945535437056,False,True,False,False,False,False,VAL 2022-26,12.18000030517578,0.1428571428571428,False,1.74000004359654,22532217.56455557,2023-05-11,12949549.999999998,,False,False
PPBT,2019-01-03,0.6266666666666667,28.0,True,False,False,sin 8-K,False,True,39062604160.0,0.3491803278688525,0.1047540983606557,0.1065573770491803,-0.0092592592592592,False,True,False,False,False,False,DEV 2015-21,2440.0,0.0005,False,1.2200000000000002,19531302.08000001,2019-01-03,16009264.000000006,K,False,False
PPBT,2019-01-15,0.6538461538461537,28.0,True,True,True,sin 8-K,False,True,55071868160.0,-1.2500000000000004,-0.6379069767441861,0.6976744186046511,0.4285714285714285,False,True,False,True,True,False,DEV 2015-21,3440.0,0.0005,False,1.7200000000000004,27535934.08000001,2019-01-15,16009264.000000002,,False,False
PPBT,2025-10-29,0.8353344681458053,28.0,True,True,True,sin 8-K,False,True,,-1.2500000000000004,-0.0006542589179468,0.3177570684870971,0.1132076150711486,True,True,False,True,False,False,VAL 2022-26,10.699999809265137,0.1,False,1.07,,2025-10-29,,H,False,False
PPCB,2025-08-18,1.0209059233449476,28.0,False,False,False,sin 8-K,False,False,1683708390.0,-1.2500000000000004,-0.0186206896551724,0.6137931034482758,0.3726495726495726,True,True,False,False,False,False,VAL 2022-26,145.0,0.04,False,5.8,67348335.6,2025-08-18,11611782.0,,False,True
PPCB,2026-06-11,1.377777764041728,28.0,False,False,True,sin 8-K,True,False,50908289.40498352,-1.25,0.2329906424051131,1.1152647604866297,0.0658436549115844,True,True,False,True,False,False,VAL 2022-26,3.2100000381469727,1.0,False,3.21,50908289.40498352,2026-06-11,15859280.188468387,,False,True
PPCB,2026-08-27,2.2803736620568325,28.0,False,False,False,sin 8-K,True,False,55666072.64875412,1.1822411917070816,0.3546723575121245,0.1766382124393772,0.394618828567207,True,True,False,False,False,False,VAL 2022-26,3.509999990463257,1.0,False,3.51,55666072.64875412,2026-08-27,15859279.956910007,,False,True
PPSI,2020-10-06,1.1146495683598814,36.0,False,False,False,sin 8-K,False,False,28970468.81747365,-1.2499999999999998,-0.4557832190515982,1.8403615948163776,-0.4354165818128354,False,True,False,False,False,True,DEV 2015-21,3.319999933242798,1.0,False,3.319999933242798,28970468.81747365,2020-10-06,8726045.0,,False,True
PPSI,2021-11-08,0.8430768526517427,36.0,True,False,False,sin 8-K,False,False,52269007.5527668,-1.2500000000000004,-0.7462270477330731,1.0767946670657556,0.2990384394953229,False,True,False,False,False,False,DEV 2015-21,5.989999771118164,1.0,False,5.989999771118164,52269007.5527668,2021-11-08,8726045.0,,False,False
PPSI,2025-08-15,0.5562701980215856,36.0,True,False,False,8-K otros items,True,False,53701089.13300324,0.3041323915339995,0.0912397174601998,0.1776858738769697,0.1356321671503914,False,False,False,False,False,False,VAL 2022-26,4.840000152587891,1.0,False,4.84,53701089.13300324,2025-08-15,11095266.349794058,R,False,False
PRE,2023-01-10,0.645161367507461,28.0,False,False,True,sin 8-K,False,True,6287524958.019638,0.8272332530778678,0.2481699759233603,0.0032679238822479,0.1674008511984591,True,True,False,True,False,False,VAL 2022-26,45.900001525878906,0.0666666666666666,False,3.0600001017252603,419168330.5346425,2023-01-10,136983110.0,B,False,True
PRFX,2021-07-22,0.515923566878981,28.0,False,False,True,sin 8-K,False,True,,-1.2500000000000009,0.1328571428571428,0.6470588235294117,0.0196078431372549,True,True,False,True,False,False,DEV 2015-21,1428.0,0.0033333333333333,False,4.760000000000001,,2021-07-22,,,False,True
PRFX,2024-11-19,1.1308410881762834,28.0,True,True,True,sin 8-K,False,True,,-1.2500000000000009,-0.2380702165325973,0.5964913484168921,0.2571428843906947,False,True,False,True,True,False,VAL 2022-26,5.699999809265137,0.2,False,1.14,,2024-11-19,,O,False,False
PRFX,2024-12-05,0.8208955457572238,28.0,True,True,True,sin 8-K,False,True,,0.2262294601413768,0.067868838042413,0.1967213614529681,0.2555555555555555,True,True,False,True,False,False,VAL 2022-26,24.39999961853028,0.2,False,4.88,,2024-12-05,,O,False,False
PRFX,2024-12-19,1.4700459257891985,28.0,True,True,True,sin 8-K,False,True,,-1.2500000000000009,-1.0920895830436133,2.102612085559107,0.5250895992414358,True,True,False,True,False,False,VAL 2022-26,26.799999237060547,0.2,False,5.36,,2024-12-19,,,False,False
PRFX,2025-02-18,0.8687943027362606,28.0,True,True,True,sin 8-K,False,True,38771706.76129913,0.9533840647044068,0.286015219411322,0.0379506635872095,0.0646899679215821,True,True,False,True,False,False,VAL 2022-26,26.350000381469727,0.2,False,5.27,7754341.352259827,2025-02-18,1471412.0213016751,O,True,False
PRFX,2025-04-10,0.5439560001936692,28.0,True,False,True,sin 8-K,False,True,20673338.880649567,0.7495848507558542,0.2248754552267562,0.2419929200034236,0.0325581750204396,True,True,False,True,False,True,VAL 2022-26,14.050000190734863,0.2,False,2.81,4134667.7761299135,2025-04-10,1471412.0199750583,,True,False
PRFX,2025-08-19,1.320895616926951,28.0,True,False,True,sin 8-K,False,True,,0.7598070233400389,0.2279421070020116,0.1543408709174536,0.2236287330714766,False,True,False,True,True,False,VAL 2022-26,15.550000190734863,0.2,False,3.11,,2025-08-19,,H,False,False
PRFX,2026-05-29,2.4598538354892665,28.0,True,True,False,sin 8-K,False,True,3937105.429887772,1.190295256777828,0.3570885770333484,0.1371308284291534,0.3266666730244954,False,True,False,True,True,True,VAL 2022-26,4.739999771118164,1.0,False,4.74,3937105.429887772,2026-05-29,830612.959891935,,True,False
PRHI,2020-12-30,0.8641511187756938,63.0,False,False,False,sin 8-K,False,False,334681268.26179504,0.7426451434501129,0.2227935430350338,0.0121456953934608,0.1319261179575395,False,True,False,False,False,False,DEV 2015-21,34.58000183105469,0.1428571428571428,False,4.94000026157924,47811609.751685,2020-12-30,9678463.0,,False,True
PRHI,2025-09-16,0.8551237008533965,63.0,False,False,False,sin 8-K,True,False,179676348.36867046,0.506349239301996,0.1519047717905988,0.0523809842009899,-0.1534091225762583,False,True,False,False,False,False,VAL 2022-26,14.699999809265137,0.1428571428571428,False,2.0999999727521623,25668049.76695292,2025-09-16,12222881.0,,False,True
PROK,2025-07-08,1.0922569932353148,28.0,True,True,False,8-K solo nota de prensa (7.01/8.01),False,False,,-1.25,-1.9470079331436747,2.8740158662873494,-0.1635389089531225,False,False,True,True,False,False,VAL 2022-26,1.2699999809265137,1.0,False,1.27,,2025-07-08,,B,False,False
PRQR,2018-09-05,0.7169811252853375,28.0,True,False,True,sin 8-K,False,True,,-0.985714219174998,-0.2957142657524994,0.2857142657524993,0.0826210210043109,False,True,False,True,True,False,DEV 2015-21,13.649999618530272,1.0,False,13.649999618530272,,2018-09-05,,B,False,False
PRQR,2022-12-22,0.6484848896443467,28.0,True,False,False,sin 8-K,False,True,,-0.0088235530439405,-0.0026470659131821,0.1397058353034275,-0.0037037001061669,False,True,False,False,False,False,VAL 2022-26,2.720000028610229,1.0,False,2.720000028610229,,2022-12-22,,,False,False
PRSO,2017-11-14,1.0441176470588234,36.0,True,False,False,8-K otros items,True,False,8971210120.0,-1.2500000000000004,-0.0531654676258992,0.4028776978417265,0.0413793103448275,False,False,False,False,False,False,DEV 2015-21,1112.0,0.00125,False,1.3900000000000003,11214012.650000002,2017-11-14,8067635.0,R,False,False
PRSO,2025-09-05,0.8292683086389592,36.0,True,False,False,sin 8-K,True,False,9256560.0,0.2333333439297146,0.0700000031789143,0.0866666634877522,0.0652174157170883,False,True,False,False,False,True,VAL 2022-26,1.5,1.0,False,1.5,9256560.0,2025-09-05,6171040.0,,False,False
PRSO,2026-03-06,1.1604938208012117,36.0,True,True,True,sin 8-K,True,False,15618158.5,-0.5857142130533854,-0.1757142639160156,0.1999999455043248,0.1127451094972406,False,True,False,True,True,True,VAL 2022-26,1.75,1.0,False,1.75,15618158.5,2026-03-06,8924662.0,,False,False
PRTA,2022-09-28,0.5551244099429287,28.0,True,False,False,sin 8-K,False,False,2256987810.901451,-0.719404146911795,-0.2158212440735385,0.2301455311018385,-0.0253448486328125,True,True,False,False,False,False,VAL 2022-26,48.09999847412109,1.0,False,48.09999847412109,2256987810.901451,2022-09-28,46922825.00000001,,False,False
PRZO,2023-10-06,0.651234643985505,37.0,False,True,False,sin 8-K,False,True,,-1.2500000000000002,-0.0941120651938861,0.3271026985750924,-1.327586314978699,False,True,False,True,True,False,VAL 2022-26,1.0700000524520874,1.0,False,1.0700000524520874,,2023-10-06,,,False,False
PRZO,2023-10-09,0.8879311381353097,37.0,False,True,False,sin 8-K,False,True,,-1.2500000000000009,-0.2428767018894726,0.3013697854646537,0.0999999911696824,False,True,False,True,True,False,VAL 2022-26,2.190000057220459,1.0,False,2.190000057220459,,2023-10-09,,O,False,False
PRZO,2023-12-20,0.5571429313445591,37.0,False,False,False,sin 8-K,False,True,,-1.2500000000000009,-0.138440349915345,0.3211009294715212,-0.3170731541847112,False,True,False,False,False,False,VAL 2022-26,1.090000033378601,1.0,False,1.090000033378601,,2023-12-20,,S,False,True
PSHG,2018-05-09,0.6524390607936355,44.0,True,False,False,sin 8-K,False,True,164683969.08174133,0.7784748793983269,0.2335424638194981,0.1955718733043836,0.1951219512195122,False,True,False,False,False,False,DEV 2015-21,40.650001525878906,0.0666666666666666,False,2.71000010172526,10978931.27211609,2018-05-09,4051266.0000000005,,True,False
PSHG,2019-01-10,0.6000000635782878,44.0,True,False,False,sin 8-K,False,True,277694046.23456955,0.4354167804949768,0.130625034148493,0.01562495964269,0.072727261167584,False,True,False,False,False,False,DEV 2015-21,19.200000762939453,0.0666666666666666,False,1.28000005086263,18512936.41563797,2019-01-10,14463231.000000004,O,False,False
PSHG,2020-11-11,0.6118420693059092,44.0,True,False,False,sin 8-K,False,True,,0.8600907952156558,0.2580272385646967,0.1034013743843891,0.1245352639704429,False,True,False,False,False,False,DEV 2015-21,110.25,0.0666666666666666,False,7.35,,2020-11-11,,,False,False
PSIX,2017-02-06,0.5071428078777929,35.0,True,False,False,sin 8-K,True,False,,0.3774089797480922,0.1132226939244276,0.0071090548104002,-0.0135135004518676,False,True,False,False,False,False,DEV 2015-21,4.21999979019165,1.0,False,4.21999979019165,,2017-02-06,,,False,False
PSIX,2017-03-28,0.5999999403953562,35.0,True,False,False,8-K con acuerdo (1.01),True,False,,0.5330728548210255,0.1599218564463076,0.0527343724534148,-0.0105882532456341,False,False,False,False,False,False,DEV 2015-21,10.239999771118164,1.0,False,10.239999771118164,,2017-03-28,,F,False,False
PSNYW,2026-07-17,2.648888905843099,37.0,True,False,False,sin 8-K,False,True,,1.1684531158723583,0.3505359347617074,0.1059683168717067,0.3257142929803757,False,True,False,False,False,False,VAL 2022-26,8.210000038146973,1.0,False,8.21,,2026-07-17,,,False,False
PSNYW,2026-08-25,0.694852972435394,37.0,True,False,False,sin 8-K,False,True,,0.6029646340957591,0.1808893902287277,0.1735357246698885,-0.442359272635415,False,True,False,False,False,False,VAL 2022-26,4.610000133514404,1.0,False,4.61,,2026-08-25,,,False,False
PSNYW,2026-08-26,0.5174262247907508,37.0,True,False,False,sin 8-K,False,True,,0.1315663960657844,0.0394699188197353,0.2367491499492833,-0.157992543968728,False,True,False,False,False,False,VAL 2022-26,5.659999847412109,1.0,False,5.66,,2026-08-26,,,False,False
PSQH,2024-12-03,1.1310679380925244,73.0,True,False,True,sin 8-K,False,False,,-1.2500000000000009,-0.7480409962077795,0.769931750227173,0.3774573883805218,False,True,False,True,True,False,VAL 2022-26,65.8499984741211,0.0666666666666666,False,4.39,,2024-12-03,,,False,False
PSQL,2026-08-28,0.7344228404902255,73.0,False,True,False,sin 8-K,False,True,,-0.4514725413305686,-0.1354417623991705,0.1837456374172836,0.0947148778378671,True,True,False,True,False,False,VAL 2022-26,16.979999542236328,1.0,False,16.979999542236328,,2026-08-28,,O,False,False
PTCT,2016-11-11,0.7716666857401531,28.0,True,False,False,sin 8-K,False,False,364802140.3974028,-0.2434305641520317,-0.0730291692456095,0.0940733762214633,-0.0663716802956289,False,True,False,False,False,False,DEV 2015-21,10.630000114440918,1.0,False,10.630000114440918,364802140.3974028,2016-11-11,34318169.00000001,,False,False
PTHS,2025-04-17,0.8247011370913269,28.0,False,False,True,8-K con acuerdo (1.01),True,False,139777315.37158012,0.6216885116391996,0.1865065534917598,0.0349345483727359,0.2228260604780873,False,False,False,True,False,False,VAL 2022-26,22.89999961853028,0.1,False,2.289999961853028,13977731.537158012,2025-04-17,6103812.999999999,O,False,True
PTN,2015-06-05,0.5666666666666667,28.0,True,False,False,sin 8-K,False,False,74300328937.5,0.935933806146572,0.2807801418439716,0.1205673758865248,-0.15,False,True,False,False,False,False,DEV 2015-21,1762.5,0.0008,False,1.41,59440263.150000006,2015-06-05,42156215.00000001,,False,False
PULM,2020-01-02,0.895348664423536,28.0,True,False,True,sin 8-K,True,False,651822625.4907227,-0.0128837466663327,-0.0038651239998998,0.0981595371999699,0.0679012549176037,False,True,False,True,True,False,DEV 2015-21,32.599998474121094,0.05,False,1.6299999237060547,32591131.274536133,2020-01-02,19994560.0,,False,False
PVLA,2024-07-24,0.6528821489795835,28.0,True,False,False,8-K con acuerdo (1.01),True,False,1304952938.2352114,-1.2500000000000009,-0.1510159719123744,0.3229720483760891,-0.1501660628947253,True,False,False,False,False,False,VAL 2022-26,13.1899995803833,1.0,False,13.1899995803833,1304952938.2352114,2024-07-24,98935025.0,O,False,False
PWCM,2019-01-17,0.8873239436619718,61.0,False,True,False,8-K con acuerdo (1.01),True,False,4623000000.0,0.66318407960199,0.198955223880597,0.1567164179104476,0.1226415094339622,False,False,False,True,False,False,DEV 2015-21,2010.0,0.0013333333333333,False,2.68,6164000.0,2019-01-17,2300000.0,O,True,False
PWCM,2020-06-17,1.560747663551402,61.0,False,False,False,sin 8-K,True,False,6823136355.0,-1.2500000000000009,0.4389051094890511,0.7846715328467153,0.0198675496688741,False,True,False,False,False,False,DEV 2015-21,2055.0,0.0013333333333333,False,2.74,9097515.14,2020-06-17,3320261.0,,True,True
PWCM,2020-07-06,0.5905511811023623,61.0,False,False,False,sin 8-K,True,False,5030195415.0,0.0161716171617161,0.0048514851485148,0.1980198019801979,0.1105527638190954,False,True,False,False,False,False,DEV 2015-21,1515.0,0.0013333333333333,False,2.02,6706927.22,2020-07-06,3320261.0,,True,True
PWCM,2023-05-15,0.736204623584352,61.0,True,False,False,8-K otros items,True,False,2533279360.5,0.6126614987080103,0.1837984496124031,0.0620155038759691,0.2307692307692307,False,False,False,False,False,False,VAL 2022-26,193.5,0.0066666666666666,False,1.2899999999999998,16888529.07,2023-05-15,13091883.000000002,R,False,False
QCLS,2017-03-28,0.6071428571428572,28.0,True,True,True,sin 8-K,True,False,14132996640000.0,-0.1814814814814815,-0.0544444444444444,0.288888888888889,0.1702127659574468,True,True,False,True,False,False,DEV 2015-21,2592000.0,8.680555555555555e-07,False,2.25,12268226.25,2017-03-28,5452545.0,,False,False
QCLS,2020-04-06,0.6675461741424802,28.0,True,False,False,sin 8-K,True,False,51196550400.0,-1.2500000000000004,-0.4941772151898734,0.8544303797468353,-0.2153518123667377,False,True,False,False,False,False,DEV 2015-21,18960.0,0.0001666666666666,False,3.16,8532758.4,2020-04-06,2700240.0,,True,False
QH,2023-05-01,1.4280936811376987,73.0,True,False,False,sin 8-K,False,True,,-1.2500000000000004,0.323333348901937,0.4876032502013487,0.0041322733822898,False,True,False,False,False,False,VAL 2022-26,326.70001220703125,0.0111111111111111,False,3.6300001356336806,,2023-05-01,,,False,False
QH,2026-05-29,0.5600000381469727,73.0,True,False,False,sin 8-K,False,True,,-1.2500000000000002,-0.0010256192372244,0.3628204941671202,0.2018111175847735,False,True,False,False,False,False,VAL 2022-26,7.800000190734863,1.0,False,7.800000190734863,,2026-05-29,,,False,False
QH,2026-06-11,1.1599999941312351,73.0,True,False,False,sin 8-K,False,True,,-0.2185184556245173,-0.0655555366873552,0.1609686097826199,0.0094466526674309,False,True,False,False,False,False,VAL 2022-26,7.019999980926514,1.0,False,7.02,,2026-06-11,,,False,False
QNCX,2023-01-27,0.5470296445401015,28.0,True,False,False,sin 8-K,True,False,9032576500.0,0.42,0.126,0.1759999999999999,0.074074074074074,False,True,False,False,False,False,VAL 2022-26,250.0,0.005,False,1.2500000000000002,45162882.50000001,2023-01-27,36130306.0,,False,False
QNCX,2023-03-21,0.5914489887971126,28.0,True,False,False,sin 8-K,True,False,9722221260.0,-0.2820895522388059,-0.0846268656716417,0.1417910447761194,-0.0069444444444444,False,True,False,False,False,False,VAL 2022-26,268.0,0.005,False,1.3400000000000003,48611106.30000001,2023-03-21,36276945.0,,False,False
QNME,2024-07-31,0.7552742819777678,47.0,False,True,False,sin 8-K,False,False,,0.2551281316510763,0.0765384394953228,0.0432693057159021,-0.0210526745075009,False,True,False,True,True,False,VAL 2022-26,4.159999847412109,1.0,False,4.159999847412109,,2024-07-31,,,False,False
QNME,2026-08-04,2.566878876911857,47.0,True,False,False,sin 8-K,True,False,38558866.244163394,1.237499953433871,0.3712499860301614,0.0714286094417375,0.2640692975794924,False,True,False,False,False,False,VAL 2022-26,1.1200000047683716,1.0,False,1.1200000047683716,38558866.244163394,2026-08-04,34427559.0,,False,False
QNME,2026-09-22,1.062500128056857,47.0,True,False,False,8-K con acuerdo (1.01),True,False,45444379.68579733,1.1510101587081976,0.3453030476124593,0.0606060003993511,0.0141010859742007,False,False,False,False,False,False,VAL 2022-26,1.3200000524520874,1.0,False,1.32,45444379.68579733,2026-09-22,34427560.36802828,O,False,False
QNRX,2018-01-04,0.6853932584269662,28.0,True,False,False,sin 8-K,False,True,151377230340000.0,0.575,0.1725,0.125,-0.018348623853211,False,True,False,False,False,False,DEV 2015-21,1260000.0,9.523809523809525e-06,False,11.999999999999998,1441687908.0,2018-01-04,120140659.00000001,B,False,False
QNRX,2020-01-07,1.6058091286307057,28.0,True,False,False,sin 8-K,False,True,29552698932120.0,1.1290870488322715,0.3387261146496815,0.0971337579617834,0.2078239608801956,False,True,False,False,False,False,DEV 2015-21,131880.0,4.7619047619047614e-05,False,6.279999999999999,1407271377.7199998,2020-01-07,224087799.0,H,False,False
QNRX,2020-04-02,0.7536231884057971,28.0,True,True,False,sin 8-K,False,True,11388141945180.0,-1.2500000000000002,0.1759504132231404,0.9132231404958676,-0.0507614213197969,False,True,False,True,True,False,DEV 2015-21,50820.0,4.7619047619047614e-05,False,2.42,542292473.5799999,2020-04-02,224087798.99999997,H,False,False
QNRX,2020-05-11,1.2236286919831223,28.0,True,False,False,sin 8-K,False,True,24799796715330.0,0.8015812776723593,0.2404743833017077,0.0246679316888045,0.1772151898734177,False,True,False,False,False,False,DEV 2015-21,110670.0,4.7619047619047614e-05,False,5.27,1180942700.7299998,2020-05-11,224087798.99999997,B,False,False
QNRX,2021-03-25,0.6275071633237823,28.0,False,False,False,sin 8-K,False,True,46632406143120.0,0.5007042253521127,0.1502112676056338,0.2588028169014085,0.1572327044025157,False,True,False,False,False,False,DEV 2015-21,119280.0,4.7619047619047614e-05,False,5.68,2220590768.72,2021-03-25,390949079.0,O,False,True
QNRX,2021-06-17,0.7675840978593271,28.0,False,False,False,sin 8-K,False,True,47453399209020.0,0.9066897347174164,0.2720069204152249,0.0968858131487888,0.0578313253012048,True,True,False,False,False,False,DEV 2015-21,121380.0,4.7619047619047614e-05,False,5.779999999999999,2259685676.62,2021-06-17,390949079.0,O,False,True
QNRX,2021-12-15,0.60062893081761,28.0,False,False,False,sin 8-K,False,True,,1.4794368041912247,0.4438310412573674,0.0117878192534381,0.1366906474820144,False,True,False,False,False,False,DEV 2015-21,26722.5,0.0001904761904761,False,5.09,,2021-12-15,,,False,True
QNRX,2023-02-01,0.6107784566616468,28.0,True,True,True,sin 8-K,False,True,,0.4127635177540734,0.123829055326222,0.0483271138486591,-0.0858369120126995,False,True,False,True,True,False,VAL 2022-26,1129.800048828125,0.0023809523809523,False,2.69000011625744,,2023-02-01,,,False,False
QNRX,2024-03-04,1.1371841513193464,28.0,True,True,True,sin 8-K,True,True,,1.6671170930671018,0.5001351279201305,0.0439189490229035,0.4827586206896552,True,True,False,True,False,False,VAL 2022-26,207.1999969482422,0.0285714285714285,False,5.91999991280692,,2024-03-04,,,False,False
QNRX,2025-11-11,0.595945900190606,28.0,True,False,False,sin 8-K,False,True,,0.3466733191156995,0.1040019957347098,0.0799784114741606,-0.0503909567482606,False,True,False,False,False,False,VAL 2022-26,12.991000175476074,1.0,False,12.9906,,2025-11-11,,,False,False
QNTM,2020-06-03,3.516129032258065,28.0,False,False,False,sin 8-K,False,True,6421182950.0,1.5404761681189902,0.4621428504356971,0.0,0.2895805232352584,False,True,False,False,False,False,DEV 2015-21,910.0,0.0153846153846153,False,14.0,98787430.0,2020-06-03,7056245.0,,False,True
QNTM,2020-07-30,0.5294116760928864,28.0,False,False,False,sin 8-K,False,True,,0.8174824906962971,0.2452447472088891,0.2010489576498411,0.147887316182285,True,True,False,False,False,False,DEV 2015-21,371.7999877929688,0.0153846153846153,False,5.71999981219952,,2020-07-30,,,False,True
QNTM,2025-02-04,0.836477996852125,28.0,True,False,False,sin 8-K,False,True,70.08000183105469,-0.5299085975043781,-0.1589725792513134,0.2465753458212409,-0.2786885059505155,True,True,False,False,False,True,VAL 2022-26,5.840000152587891,1.0,False,5.84,70.08000183105469,2025-02-04,12.000000313536761,O,True,False
QS,2020-09-03,0.6200000762939453,36.0,False,True,False,8-K con acuerdo (1.01),True,False,,-0.5559668494974058,-0.1667900548492217,0.1716048548378248,-0.2006403561795501,False,False,False,True,False,False,DEV 2015-21,16.200000762939453,1.0,False,16.200000762939453,,2020-09-03,,O,False,False
QSI,2021-02-18,0.7533719231485512,38.0,False,False,False,sin 8-K,True,False,,-1.25,-0.2413186213181623,0.3736263160443016,0.0856760414710875,False,True,False,False,False,False,DEV 2015-21,18.200000762939453,1.0,False,18.200000762939453,,2021-02-18,,,False,True
QSI,2024-11-20,1.4644548227877685,38.0,True,False,False,sin 8-K,True,False,,0.3299144515389258,0.0989743354616777,0.2115384968074833,0.1294963664750884,False,True,False,False,False,False,VAL 2022-26,1.559999942779541,1.0,False,1.56,,2024-11-20,,,False,False
QTEX,2021-12-09,1.2527880348973888,38.0,False,False,False,sin 8-K,False,True,,0.5772278019776572,0.1731683405932971,0.0297029422505346,0.135353459651194,False,True,False,False,False,False,DEV 2015-21,6.059999942779541,1.0,False,6.059999942779541,,2021-12-09,,H,False,True
QTEX,2022-07-06,0.8225806234530433,38.0,False,False,False,sin 8-K,False,True,22807255.46375799,0.0699114063985006,0.0209734219195501,0.1725664188273878,0.0410959590120369,False,True,False,False,False,True,VAL 2022-26,2.259999990463257,1.0,False,2.259999990463257,22807255.46375799,2022-07-06,10091706.0,H,False,True
QTEX,2023-12-26,0.890756211605094,38.0,True,True,False,sin 8-K,False,True,,1.4185185467755357,0.4255555640326606,0.106666670905219,0.0866141857930308,False,True,False,True,True,False,VAL 2022-26,2.25,1.0,False,2.25,,2023-12-26,,,False,False
QTEX,2024-02-14,0.8645833352735888,38.0,True,True,True,sin 8-K,False,True,28017394.44291687,0.8791434264044897,0.2637430279213469,0.0949721116853876,0.1153846012770066,False,True,False,True,True,True,VAL 2022-26,1.7899999618530271,1.0,False,1.7899999618530271,28017394.44291687,2024-02-14,15652176.000000002,H,False,False
QTTB,2025-12-01,0.940639218701248,28.0,True,False,True,8-K con acuerdo (1.01),True,False,52293496.0,-1.2500000000000004,0.0911764862958122,0.4988235024844898,0.1073298048631274,False,False,False,True,False,False,VAL 2022-26,4.25,1.0,False,4.25,52293496.0,2025-12-01,12304352.0,K,False,False
QTTB,2026-07-13,0.6333630154892531,28.0,True,True,True,8-K solo nota de prensa (7.01/8.01),False,False,267865459.71702385,-0.5922264307971152,-0.1776679292391345,0.2288367370982862,0.1365762484056732,True,False,True,True,False,False,VAL 2022-26,18.309999465942383,1.0,False,18.31,267865459.71702385,2026-07-13,14629462.573294586,B,False,False
QUCY,2022-01-05,0.752646629715995,28.0,False,True,False,sin 8-K,False,True,,0.5158153390360372,0.1547446017108111,0.0258100628409083,0.0466798183015305,True,True,False,True,False,False,VAL 2022-26,18.209999084472656,1.0,False,18.209999084472656,,2022-01-05,,,False,False
QURE,2015-04-06,0.504811925083753,28.0,True,False,False,sin 8-K,False,True,,0.0432171395819106,0.0129651418745732,0.0319766984107128,-0.0005950746028106,False,True,False,False,False,False,DEV 2015-21,34.400001525878906,1.0,False,34.400001525878906,,2015-04-06,,R,False,False
QURE,2024-07-09,0.6375661650983075,28.0,False,False,False,8-K solo nota de prensa (7.01/8.01),False,True,300521017.80802107,-0.2918147628628748,-0.0875444288588624,0.0953150480022486,-0.5172413447980141,True,False,True,False,False,False,VAL 2022-26,6.190000057220459,1.0,False,6.190000057220459,300521017.80802107,2024-07-09,48549437.0,B,False,True
QURE,2024-12-10,0.8807402499711741,28.0,False,False,False,8-K solo nota de prensa (7.01/8.01),False,True,668755893.8158226,-0.4172011401736943,-0.1251603420521083,0.2674926422151156,-0.0228757793092942,True,False,True,False,False,False,VAL 2022-26,13.720000267028809,1.0,False,13.72,668755893.8158226,2024-12-10,48743140.94867511,H,False,True
QXO,2020-08-04,3.1139703906917884,50.0,False,False,False,sin 8-K,True,False,402953764.80953217,1.6914208227990954,0.5074262468397286,0.1992851277510288,0.0351851951601735,False,True,False,False,False,False,DEV 2015-21,89.5199966430664,0.125,False,11.1899995803833,50369220.60119152,2020-08-04,4501271.0,,True,True
QXO,2023-12-04,1.2588555284784817,50.0,False,False,False,8-K con acuerdo (1.01),True,False,348589657.0359421,-1.2500000000000004,-0.5166344787203508,0.6127864833633299,0.2113690502823838,False,False,False,False,False,False,VAL 2022-26,66.31999969482422,0.125,False,8.289999961853027,43573707.12949276,2023-12-04,5256177.0,F,False,True
RADX,2025-12-15,2.2652580047074795,28.0,False,False,False,sin 8-K,False,True,32896447211.957344,0.7526718832858027,0.2258015649857408,0.1682243118804374,0.436500497965121,False,True,False,False,False,False,VAL 2022-26,13.90999984741211,1.0,False,13.91,32896447211.957344,2025-12-15,2364949476.0573215,B,False,True
RAND,2020-03-20,0.6499999426029357,,False,False,False,sin 8-K,True,False,,1.2124579052502251,0.3637373715750675,0.0404041095978384,0.1411290170967487,False,True,False,False,False,False,DEV 2015-21,35.63999938964844,0.1111111111111111,False,3.95999993218316,,2020-03-20,,,False,True
RANI,2025-10-17,1.908704980221318,28.0,True,False,True,8-K con acuerdo (1.01),True,False,,-1.2500000000000002,-0.2070802773625997,0.7445256179457143,-0.3719512314792194,True,False,False,True,False,False,VAL 2022-26,1.3700000047683716,1.0,False,1.37,,2025-10-17,,F,False,False
RAPP,2025-09-08,1.6754874016365608,28.0,True,False,False,8-K solo nota de prensa (7.01/8.01),False,False,1402250019.5703125,0.5696511527693988,0.1708953458308196,0.1001822754183756,0.1093104131479659,False,False,True,False,False,False,VAL 2022-26,38.41999816894531,1.0,False,38.42,1402250019.5703125,2025-09-08,36497918.260549515,B,False,False
RAVE,2020-10-07,2.8823530511735105,51.0,True,False,False,sin 8-K,True,False,30621139.8549757,1.33030312152532,0.399090936457596,0.1919191274554403,0.1538461146583517,False,True,False,False,False,False,DEV 2015-21,1.9800000190734863,1.0,False,1.9800000190734863,30621139.8549757,2020-10-07,15465222.0,,False,False
RBNE,2025-06-13,2.4776119402985075,44.0,True,False,False,sin 8-K,False,True,0.0,-1.2500000000000002,-0.2117167381974249,0.7656652360515022,0.6057142857142858,True,True,False,False,False,True,VAL 2022-26,873.75,0.0133333333333333,False,11.65,0.0,2025-06-13,0.0,,True,False
RBNE,2025-09-10,0.9157894736842104,44.0,True,True,True,sin 8-K,False,True,,-1.2500000000000009,0.3581318681318681,0.3708791208791209,0.3782608695652174,False,True,False,True,True,False,VAL 2022-26,273.0,0.0133333333333333,False,3.64,,2025-09-10,,,False,False
RCAT,2021-09-27,0.5708332629667416,73.0,True,True,True,sin 8-K,True,False,202374073.99613285,0.1169761955384821,0.0350928586615446,0.1246683799919128,0.1083332991158511,False,True,False,True,True,False,DEV 2015-21,3.7699999809265137,1.0,False,3.7699999809265137,202374073.99613285,2021-09-27,53680126.0,,False,False
RCKT,2015-07-23,0.590822115579674,28.0,False,False,False,8-K solo nota de prensa (7.01/8.01),False,False,543362639.9095764,-1.2500000000000002,-0.857355823236459,1.0132212276906682,-0.1483409076088133,False,False,True,False,False,False,DEV 2015-21,33.279998779296875,0.25,False,8.319999694824219,135840659.9773941,2015-07-23,16327003.0,H,False,True
RCMT,2021-02-11,1.6829266842850887,73.0,True,False,False,sin 8-K,True,False,113490180.12696266,1.2461278990977855,0.3738383697293356,0.2616161871097522,0.0262294835923848,False,True,False,False,False,False,DEV 2015-21,9.899999618530272,1.0,False,9.899999618530272,113490180.12696266,2021-02-11,11463655.000000002,,False,False
RCON,2018-01-16,0.5029239766081872,13.0,True,False,False,sin 8-K,False,True,,-1.2500000000000002,-0.188988326848249,1.085603112840467,0.2376237623762376,False,True,False,False,False,False,DEV 2015-21,46260.0,0.0002777777777777,False,12.85,,2018-01-16,,,False,False
RCON,2020-12-09,0.9791666666666669,13.0,True,True,True,sin 8-K,False,True,73901056320.0,1.2415204678362577,0.3724561403508772,0.0140350877192982,0.2159090909090909,False,True,False,True,True,False,DEV 2015-21,10260.0,0.0002777777777777,False,2.85,20528071.2,2020-12-09,7202831.999999999,,False,False
RCT,2026-04-13,1.201754405227725,59.0,False,False,False,sin 8-K,False,True,,0.617397093490701,0.1852191280472103,0.1075697139252502,0.3009901216808179,False,True,False,False,False,False,VAL 2022-26,1.2549999952316284,1.0,False,1.255,,2026-04-13,,,False,True
RDAC,2026-08-19,1.2885469663008169,67.0,False,False,False,sin 8-K,True,False,45992557.91720867,-1.2500000000000009,0.3341888229622672,0.6641769839514444,0.2425967770369121,False,True,False,False,False,False,VAL 2022-26,13.387999534606934,1.0,False,13.3884,45992557.91720867,2026-08-19,3435254.243763905,,True,True
RDGT,2023-04-19,0.9852941176470588,59.0,True,True,False,sin 8-K,False,True,95973700500.0,0.5592592592592592,0.1677777777777777,0.0296296296296296,0.0990990990990991,False,True,False,True,True,False,VAL 2022-26,4050.0,0.0003333333333333,False,1.35,31991233.500000004,2023-04-19,23697210.0,,False,False
RDGT,2025-03-04,1.75,59.0,True,False,True,sin 8-K,False,True,,2.1516746411483254,0.6455023923444976,0.0765550239234449,0.1597222222222222,False,True,False,True,True,False,VAL 2022-26,627.0,0.0066666666666666,False,4.180000000000001,,2025-03-04,,,False,False
RDGT,2026-06-23,0.620437971447722,59.0,True,False,False,sin 8-K,False,True,295461664.1677594,-1.2500000000000004,0.2107207221720147,0.3873873351408039,0.05202314010771,False,True,False,False,False,False,VAL 2022-26,2.220000028610229,1.0,False,2.22,295461664.1677594,2026-06-23,133090839.71520694,,False,False
RDHL,2026-08-31,1.0574886336379392,28.0,True,True,True,sin 8-K,False,True,,1.094117728697249,0.3282353186091747,0.1764705933914052,0.0333333024272204,False,True,False,True,True,False,VAL 2022-26,1.3600000143051147,1.0,False,1.36,,2026-08-31,,O,False,False
RDNW,2020-07-17,0.8815298109954555,73.0,True,False,False,sin 8-K,True,False,43958639.35627556,-1.2500000000000004,-0.2821864030913232,0.924640532869896,0.1617303056589384,False,True,False,False,False,False,DEV 2015-21,20.170000076293945,1.0,False,20.170000076293945,43958639.35627556,2020-07-17,2179407.0,,True,False
REBN,2024-05-08,0.7861270983246478,58.0,True,True,False,8-K otros items,True,False,8393592.336851835,-1.2500000000000004,-0.0423625067407261,0.462783205980001,-0.0094043795773189,False,False,False,True,False,True,VAL 2022-26,3.0899999141693115,1.0,False,3.0899999141693115,8393592.336851835,2024-05-08,2716373.0,S,True,False
REBN,2025-02-03,0.5151515370448652,58.0,True,False,False,sin 8-K,True,False,18362820.0,-1.2500000000000002,-0.0280000305175781,0.3500000000000001,0.121807533165007,False,True,False,False,False,True,VAL 2022-26,5.0,1.0,False,5.0,18362820.0,2025-02-03,3672564.0,,True,False
RECT,2026-04-13,0.6499999503294647,34.0,False,False,False,sin 8-K,False,True,28710000.27656555,-1.2499999999999998,-0.136262625046329,0.4646464987027863,0.1031390211238859,False,True,False,False,False,True,VAL 2022-26,1.9800000190734863,1.0,False,1.98,28710000.27656555,2026-04-13,14500000.139679572,,False,True
RENX,2023-11-17,1.445544473831125,49.0,False,False,False,sin 8-K,True,False,28228571777.34375,1.4061628114914435,0.4218488434474331,0.1363023131051337,0.327791007860313,False,True,False,False,False,False,VAL 2022-26,2822.857177734375,0.002625,False,7.410000091552736,74100000.91552736,2023-11-17,10000000.0,,False,True
RENX,2024-03-08,1.2458269202354368,49.0,False,True,True,sin 8-K,True,False,5638095092.7734375,-1.2500000000000004,0.152162143144405,0.817567717515268,0.0645161415362085,False,True,False,True,True,False,VAL 2022-26,563.8095092773438,0.002625,False,1.4799999618530275,14799999.618530275,2024-03-08,10000000.0,,False,False
REPL,2025-10-20,1.0422221289740667,28.0,True,False,False,8-K solo nota de prensa (7.01/8.01),False,False,717333191.9864635,0.05553133723098,0.016659401169294,0.1196953679756149,0.0944661086845456,False,False,True,False,False,False,VAL 2022-26,9.1899995803833,1.0,False,9.19,717333191.9864635,2025-10-20,78055842.43595904,B,False,False
REPX,2020-10-21,1.7835052036287142,13.0,False,False,False,8-K solo nota de prensa (7.01/8.01),False,False,346033636.296463,-1.2500000000000009,0.4640740705855536,0.6148147293460644,0.1690141381090475,False,False,True,False,False,False,DEV 2015-21,32.400001525878906,0.0833333333333333,False,2.7000001271565752,28836136.358038586,2020-10-21,10680050.000000002,O,False,True
RETO,2020-07-10,0.6057692307692308,32.0,False,False,False,sin 8-K,False,True,,0.4257485029940119,0.1277245508982036,0.1497005988023951,0.0625,False,True,False,False,False,False,DEV 2015-21,33400.0,5.0000000000000016e-05,False,1.6700000000000006,,2020-07-10,,,False,True
RETO,2021-02-22,1.5677966101694911,32.0,False,False,False,sin 8-K,False,True,1462581000000.0,0.7257425742574257,0.2177227722772277,0.2079207920792078,-0.0897435897435897,False,True,False,False,False,False,DEV 2015-21,60600.0,5.0000000000000016e-05,False,3.030000000000001,73129050.00000003,2021-02-22,24135000.0,,False,True
RETO,2025-02-24,1.660098606637174,32.0,True,False,False,sin 8-K,False,True,,1.479012348404419,0.4437037045213257,0.1388888864360229,-0.8305084773159274,False,True,False,False,False,False,VAL 2022-26,21.600000381469727,0.05,False,1.08,,2025-02-24,,,False,False
RETO,2025-04-25,0.5403830663433367,32.0,True,False,False,sin 8-K,False,True,,0.969669715491859,0.2909009146475577,0.0396396533862963,0.1237113229753813,False,True,False,False,False,False,VAL 2022-26,111.0,0.05,False,5.55,,2025-04-25,,O,False,False
REVB,2022-06-30,1.2044728161569362,28.0,False,True,True,sin 8-K,True,False,4196147554368.0,-1.2500000000000009,0.1856521739130434,0.4057971014492754,0.063063063063063,False,True,False,True,True,False,VAL 2022-26,278208.0,4.96031746031746e-06,False,1.38,20814223.98,2022-06-30,15082771.000000002,,False,False
REVB,2022-07-25,1.353846153846154,28.0,False,True,True,sin 8-K,True,False,4652250549408.0,1.0995642701525057,0.3298692810457516,0.1895424836601307,0.5138613784648555,True,True,False,True,False,False,VAL 2022-26,308448.0,4.96031746031746e-06,False,1.53,23076639.63,2022-07-25,15082770.999999998,,False,False
REVB,2024-08-21,1.061657002956038,28.0,True,False,False,sin 8-K,True,False,675238145.6243896,-1.25,0.0133645005583896,0.6355139992554804,0.4019138737786942,False,True,False,False,False,False,VAL 2022-26,410.8800048828125,0.0052083333333333,False,2.140000025431315,3516865.341793696,2024-08-21,1643395.0,,True,False
REVB,2025-01-02,1.3861170742092903,28.0,True,True,True,sin 8-K,True,False,906566482.9004668,1.3090909246351876,0.3927272773905563,0.1454545533361515,0.0152206859753866,True,True,False,True,False,False,VAL 2022-26,211.1999969482422,0.0833333333333333,False,1.1,75547206.90837222,2025-01-02,68679279.00761111,,False,False
RFAI,2026-08-21,2.142183930744513,67.0,False,True,False,8-K otros items,True,False,140500000.0,-1.2500000000000002,-0.46,0.825,0.1199999842150457,False,False,False,True,False,False,VAL 2022-26,40.0,1.0,False,40.0,140500000.0,2026-08-21,3512500.0,S,True,False
RGC,2021-08-25,1.1973837624151673,28.0,False,True,False,sin 8-K,False,True,8847370.147705078,-1.2500000000000004,-0.3880490269630511,0.7549078972614405,0.3416791795205135,False,True,False,True,True,True,DEV 2015-21,0.8847370147705078,38.0,False,33.6200065612793,336200065.61279297,2021-08-25,10000000.0,,False,False
RGC,2025-06-16,0.6729961881103828,28.0,False,False,False,sin 8-K,False,True,,-1.2500000000000009,-1.300076269191239,2.1908395435001418,-0.3,False,True,False,False,False,False,VAL 2022-26,26.200000762939453,1.0,False,26.2,,2025-06-16,,,False,True
RGNT,2026-06-09,0.9687500291038312,38.0,False,False,False,sin 8-K,False,True,13052032.461211205,-1.2500000000000004,0.0336507523525385,1.5992064445677747,0.2697095735344702,False,True,False,False,False,True,VAL 2022-26,2.5199999809265137,1.0,False,2.52,13052032.461211205,2026-06-09,5179377.960798097,,False,True
RGS,2024-06-25,1.79881639051965,72.0,False,False,False,8-K con acuerdo (1.01),True,False,32352461.163295746,-1.2500000000000009,-0.4560888699483235,0.7103594908709707,0.0321637345364873,False,False,False,False,False,False,VAL 2022-26,14.1899995803833,1.0,False,14.1899995803833,32352461.163295746,2024-06-25,2279948.0,F,True,True
RHLD,2025-11-03,0.7921529723564449,61.0,False,False,False,8-K otros items,True,False,1125516949.1452942,-0.3605814522423924,-0.1081744356727177,0.1254451443562878,-0.018417590856473,True,False,False,False,False,False,VAL 2022-26,132.00999450683594,1.0,False,132.00999450683594,1125516949.1452942,2025-11-03,8525998.0,R,False,True
RJET,2024-01-19,0.7499998509883941,45.0,True,False,False,8-K con acuerdo (1.01),True,False,687797445.5650101,0.4428570887939705,0.1328571266381911,0.1160714792556525,-0.208333338852282,False,False,False,False,False,False,VAL 2022-26,16.799999237060547,0.0666666666666666,False,1.1199999491373698,45853163.03766733,2024-01-19,40940325.99999999,F,False,False
RJET,2025-04-07,0.6056338961474601,45.0,True,False,False,sin 8-K,True,False,706772410.6667995,0.083625802745578,0.0250877408236734,0.0789473889680518,0.0454545454545454,False,True,False,False,False,False,VAL 2022-26,17.100000381469727,0.0666666666666666,False,1.1400000254313152,47118160.71111997,2025-04-07,41331719.0,,False,False
RKDA,2018-03-14,0.5895458856119029,13.0,False,False,False,sin 8-K,True,False,1584935002.0,-1.2500000000000002,-1.5970619617061153,1.964420616787399,0.114607211292992,False,True,False,False,False,False,DEV 2015-21,742.0,0.025,False,18.55,39623375.05,2018-03-14,2136030.9999999995,,True,True
RKDA,2019-02-28,0.501851823594835,13.0,True,False,False,8-K solo nota de prensa (7.01/8.01),False,False,1548983694.4562073,-0.0086724831315275,-0.0026017449394582,0.2823674717230269,0.1043478450419739,False,False,True,False,False,False,DEV 2015-21,324.3999938964844,0.025,False,8.10999984741211,38724592.36140519,2019-02-28,4774919.0,H,True,False
RKDA,2019-08-09,0.6019900573049126,13.0,True,True,False,sin 8-K,True,False,807188846.3253479,-1.2500000000000004,-0.4106210374388834,0.5434782479925155,-0.536585485507787,False,True,False,True,True,False,DEV 2015-21,128.8000030517578,0.025,False,3.2200000762939456,20179721.1581337,2019-08-09,6266994.0,,False,False
RKDA,2024-12-05,1.6251389891016983,13.0,True,False,False,sin 8-K,False,False,9663775.095863342,-1.2500000000000002,0.2202260073454475,0.4562147642255747,-0.0146789730904596,False,True,False,False,False,True,VAL 2022-26,7.079999923706055,1.0,False,7.08,9663775.095863342,2024-12-05,1364939.9852914326,,True,False
RKTO,2020-03-23,1.1222222222222222,28.0,True,False,False,sin 8-K,False,False,1449508359.0,1.1243164630599187,0.3372949389179756,0.2216404886561955,0.1577540106951871,False,True,False,False,False,False,DEV 2015-21,143.25,0.04,False,5.73,57980334.36,2020-03-23,10118732.0,,False,False
RKTO,2020-12-31,0.8170731707317074,28.0,True,False,True,sin 8-K,False,False,1001091738.5,0.648993288590604,0.1946979865771812,0.0402684563758388,-0.0590717299578059,False,True,False,True,True,False,DEV 2015-21,74.5,0.04,False,2.98,40043669.54,2020-12-31,13437473.0,,False,False
RKTO,2022-01-04,0.6170212765957446,28.0,True,False,False,8-K otros items,True,False,683264073.0,-1.2500000000000004,-0.1503508771929824,0.5350877192982457,0.1076923076923077,False,False,False,False,False,False,VAL 2022-26,28.5,0.04,False,1.14,27330562.92,2022-01-04,23974178.000000004,H,False,False
RKTO,2022-04-11,1.402597462111571,28.0,True,False,False,sin 8-K,True,False,887078626.0,0.935135135135135,0.2805405405405405,0.1013513513513513,0.3142857142857143,False,True,False,False,False,False,VAL 2022-26,37.0,0.04,False,1.48,35483145.04,2022-04-11,23975098.0,,False,False
RKTO,2022-12-29,1.0204545796902704,28.0,True,False,False,sin 8-K,True,False,11560396.42645073,-1.2500000000000009,-0.21584925230971,0.4060741864187556,0.2723880600334408,False,True,False,False,False,True,VAL 2022-26,8.890000343322754,1.0,False,8.890000343322754,11560396.42645073,2022-12-29,1300382.0,,True,False
RKTO,2023-06-06,0.882978707889239,28.0,True,False,False,sin 8-K,True,False,11689479.894034386,0.1455744437550809,0.0436723331265242,0.2146893325060972,0.0388059342457197,False,True,False,False,False,True,VAL 2022-26,3.539999961853028,1.0,False,3.539999961853028,11689479.894034386,2023-06-06,3302112.9999999995,,True,False
RKTO,2024-09-05,0.5915493371585525,28.0,True,False,True,sin 8-K,True,False,7801298.487080097,-1.2500000000000002,-0.1250442440532762,0.3274336339200856,0.1587301977757817,False,True,False,True,True,True,VAL 2022-26,1.1299999952316284,1.0,False,1.1299999952316284,7801298.487080097,2024-09-05,6903804.0,,False,False
RKTO,2025-01-07,1.036585331282255,28.0,True,True,True,sin 8-K,True,False,11529352.383720877,-1.25,-0.3752694790304073,1.2754491317173455,0.1666666666666666,True,True,False,True,False,True,VAL 2022-26,1.6699999570846558,1.0,False,1.6699999570846558,11529352.383720877,2025-01-07,6903804.000000001,,False,False
RLMD,2019-10-15,1.867351438067648,28.0,True,False,False,sin 8-K,True,False,1270485390.20726,0.5793352016239915,0.1738005604871974,0.1214953804132754,0.1183206218014601,False,True,False,False,False,False,DEV 2015-21,32.099998474121094,1.0,False,32.099998474121094,1270485390.20726,2019-10-15,39578985.99999999,,False,False
RLYB,2024-04-11,1.0429447444463644,28.0,True,False,False,8-K con acuerdo (1.01),False,False,1007310857.721405,0.3170169295810305,0.0951050788743091,0.039039074300109,0.2617449551669066,True,False,False,False,False,False,VAL 2022-26,26.63999938964844,0.125,False,3.3299999237060547,125913857.21517564,2024-04-11,37811970.00000001,F,False,False
RMCF,2026-08-12,1.597014874916987,20.0,True,True,False,8-K solo nota de prensa (7.01/8.01),True,False,16424881.470022917,0.3881226578629009,0.1164367973588702,0.2356322319445543,-0.0855263137256009,False,False,True,True,False,True,VAL 2022-26,1.7400000095367432,1.0,False,1.74,16424881.470022917,2026-08-12,9439587.051737309,H,False,False
RMCO,2023-11-06,1.4484373883779886,67.0,False,True,False,8-K con acuerdo (1.01),True,False,30237955.34611702,1.5876831379114231,0.476304941373427,0.187028393274186,0.2746478528655084,False,False,False,True,False,False,VAL 2022-26,19.350000381469727,1.0,False,19.350000381469727,30237955.34611702,2023-11-06,1562685.0,O,True,False
RMCO,2023-12-22,1.2060300730890725,67.0,False,True,False,sin 8-K,True,False,3258732.0208911896,1.3561882910876235,0.406856487326287,0.0820045887159903,0.085937513096724,False,True,False,True,True,True,VAL 2022-26,4.389999866485596,1.0,False,4.389999866485596,3258732.0208911896,2023-12-22,742308.0,,True,False
RMSG,2024-09-13,0.9448499343565776,73.0,False,True,False,sin 8-K,False,False,,-1.2500000000000009,-0.5529524898376813,1.3052543717497325,0.0,False,True,False,True,True,False,VAL 2022-26,23.979999542236328,1.0,False,23.979999542236328,,2024-09-13,,,False,False
RMSG,2026-06-05,1.9681818492156409,73.0,False,False,False,sin 8-K,False,True,,1.4316998630754476,0.4295099589226342,0.1944869739849193,0.5803278750462587,False,True,False,False,False,False,VAL 2022-26,3.265000104904175,1.0,False,3.265,,2026-06-05,,,False,True
RNAZ,2023-09-25,0.9728916738962804,28.0,True,False,True,sin 8-K,True,False,98078276627.51562,-1.2500000000000004,-0.9565648226779614,1.4427480127723435,0.7290196144745777,False,True,False,True,True,False,VAL 2022-26,48417.6015625,2.705627705627706e-05,False,1.310000042275433,2653633.025636245,2023-09-25,2025673.9999999998,,True,False
RNAZ,2025-10-08,0.5310964546338621,28.0,True,False,False,sin 8-K,True,False,15598208.166740416,0.6632636887696204,0.1989791066308861,0.1218600105938898,0.0013513822639132,True,True,False,False,False,True,VAL 2022-26,18.709999084472656,1.0,False,18.71,15598208.166740416,2025-10-08,833682.9592057945,,True,False
RNXT,2021-11-10,0.6728281785560419,38.0,False,True,False,sin 8-K,True,False,80618759.19909477,-1.2500000000000004,0.0883425773000437,0.3823204381464238,-0.0416666861453091,False,True,False,True,True,False,DEV 2015-21,9.050000190734863,1.0,False,9.050000190734863,80618759.19909477,2021-11-10,8908150.0,,False,False
ROLR,2026-01-14,3.403409114769421,79.0,True,False,False,sin 8-K,True,False,131711420.5,-1.2500000000000009,-0.2287096380418347,1.1729032454952115,-0.2572790242129283,False,True,False,False,False,False,VAL 2022-26,15.5,1.0,False,15.5,131711420.5,2026-01-14,8497511.0,,False,False
ROLR,2026-04-14,1.0648329889613608,79.0,True,True,False,sin 8-K,True,False,114454932.47254562,0.949857378356923,0.2849572135070768,0.1170313525642223,0.1902833841359041,False,True,False,True,True,False,VAL 2022-26,10.510000228881836,1.0,False,10.51,114454932.47254562,2026-04-14,10890098.237159431,,False,False
ROOT,2024-10-31,1.0123487275691052,63.0,False,False,False,8-K otros items,False,False,,-1.2499999999999998,0.1506529630336748,0.450049050787439,-0.0383097349022435,False,False,False,False,False,False,VAL 2022-26,81.4800033569336,1.0,False,81.48,,2024-10-31,,R,False,True
RUBI,2026-02-19,0.8482142857142858,44.0,False,True,True,sin 8-K,False,True,398993535.0,1.8587761674718195,0.5576328502415459,0.0555555555555555,0.2625698324022346,False,True,False,True,True,False,VAL 2022-26,1035.0,0.004,False,4.14,1595974.14,2026-02-19,385501.0,,True,False
RUBI,2026-03-02,0.5320665083135392,44.0,False,True,True,sin 8-K,False,True,124324072.5,0.6901808785529716,0.2070542635658914,0.0232558139534884,-0.2277227722772277,False,True,False,True,True,False,VAL 2022-26,322.5,0.004,False,1.29,497296.29,2026-03-02,385501.0,,True,False
RUBI,2026-05-19,1.0289017341040465,44.0,False,True,True,sin 8-K,False,True,33827712.75,1.9989553656220325,0.5996866096866097,0.0028490028490029,0.4109489273850935,False,True,False,True,True,False,VAL 2022-26,87.75,0.04,False,3.51,1353108.51,2026-05-19,385501.0,,True,False
RUBI,2026-07-16,0.7096774420968119,44.0,True,True,True,sin 8-K,False,True,2451786.4114699364,1.4708595721846096,0.4412578716553829,0.0518867793676764,0.2492837024642712,False,True,False,True,True,True,VAL 2022-26,6.360000133514404,1.0,False,6.36,2451786.4114699364,2026-07-16,385501.00809275726,,True,False
RVSN,2022-05-04,0.6814814814814816,37.0,False,True,False,sin 8-K,False,True,149667303456.0,0.1281938325991189,0.0384581497797356,0.1233480176211454,0.0694444444444444,False,True,False,True,True,False,VAL 2022-26,16344.0,0.0001388888888888,False,2.27,20787125.48,2022-05-04,9157324.0,,False,False
RVSN,2024-01-22,0.6131386861313868,37.0,True,False,False,sin 8-K,False,True,5963574942.0,-0.0936651583710407,-0.0280995475113122,0.1176470588235294,-1.9555555555555555,False,True,False,False,False,False,VAL 2022-26,1989.0,0.0011111111111111,False,2.21,6626194.38,2024-01-22,2998278.0,,True,False
RVSN,2024-12-27,0.5310078055959233,37.0,True,True,False,sin 8-K,False,True,,-0.1036568213783403,-0.0310970464135021,0.139240506329114,-1.033057851239669,False,True,False,True,True,False,VAL 2022-26,1066.5,0.0011111111111111,False,1.185,,2024-12-27,,,False,False
RXRX,2023-07-12,1.1637167584554726,28.0,True,True,False,8-K con acuerdo (1.01),False,False,,0.5551693113197306,0.1665507933959191,0.0218132033510567,-0.0293874584563517,True,False,False,True,False,False,VAL 2022-26,14.670000076293944,1.0,False,14.670000076293944,,2023-07-12,,F,False,False
RXT,2026-05-07,0.7511012942873017,73.0,False,False,False,8-K otros items,False,False,981484712.477408,0.3482179745260588,0.1044653923578176,0.162264150038045,-0.5596590343370168,True,False,False,False,False,False,VAL 2022-26,3.974999904632568,1.0,False,3.975,981484712.477408,2026-05-07,246914393.0760775,R,False,True
RYM,2024-01-18,1.0593219882373708,7.0,True,False,False,sin 8-K,True,False,62010308.64794541,1.420713415004483,0.4262140245013447,0.1522633503674302,0.226277362100545,False,True,False,False,False,False,VAL 2022-26,36.45000076293945,0.0666666666666666,False,2.4300000508626303,4134020.5765296943,2024-01-18,1701243.0000000002,,True,False
RYM,2024-11-05,0.7547770843306987,7.0,True,True,False,sin 8-K,True,False,78409766.22709084,0.6381730716308037,0.1914519214892411,0.0235933996739852,0.0204545796902704,False,True,False,True,True,False,VAL 2022-26,5.510000228881836,1.0,False,5.510000228881836,78409766.22709084,2024-11-05,14230447.0,,False,False
RYOJ,2025-10-16,1.071428445862504,87.0,False,True,False,sin 8-K,False,True,,-0.2298482388354154,-0.0689544716506246,0.1902113550259061,-0.0147058175332613,False,True,False,True,True,False,VAL 2022-26,4.494999885559082,1.0,False,4.495,,2025-10-16,,,False,False
RZLV,2024-09-19,0.7115789714612459,73.0,False,True,False,sin 8-K,False,True,,-1.2500000000000009,0.1289914020337779,0.3234932444551113,0.0914285523550851,False,True,False,True,True,False,VAL 2022-26,8.130000114440918,1.0,False,8.130000114440918,,2024-09-19,,,False,False
SAFX,2025-06-09,0.7672727758234197,28.0,False,False,False,sin 8-K,False,False,3888.000106811523,0.1947187735199186,0.0584156320559755,0.1805555623690722,0.3429045158768074,True,True,False,False,False,True,VAL 2022-26,38.880001068115234,1.0,False,38.880001068115234,3888.000106811523,2025-06-09,99.99999999999999,,True,True
SAFX,2025-07-10,1.366666634877523,28.0,False,False,False,sin 8-K,True,False,354.9999952316284,1.4690140151397366,0.440704204541921,0.0112675950395233,0.0153846614694678,True,True,False,False,False,True,VAL 2022-26,3.549999952316284,1.0,False,3.55,354.9999952316284,2025-07-10,99.99999865679675,,True,True
SAGT,2026-04-29,0.8029411595585443,73.0,False,False,False,sin 8-K,False,True,,0.9400217120367232,0.2820065136110169,0.1060359026480564,0.2073732865725298,False,True,False,False,False,False,VAL 2022-26,3.065000057220459,1.0,False,3.065,,2026-04-29,,R,False,True
SAGT,2026-06-22,0.6161616246756965,73.0,False,False,False,sin 8-K,False,True,,0.5708334932103729,0.1712500479631118,0.0062499939464033,0.0076335808397357,True,True,False,False,False,False,VAL 2022-26,1.600000023841858,1.0,False,1.6,,2026-06-22,,,False,True
SAIH,2023-04-14,3.0592107959951704,61.0,False,False,False,sin 8-K,False,True,1232386863.286911,0.6527823671384884,0.1958347101415465,0.1993516622352156,0.2204081736454347,False,True,False,False,False,False,VAL 2022-26,92.5500030517578,0.0666666666666666,False,6.17000020345052,82159124.2191274,2023-04-14,13315903.000000002,,False,True
SANA,2025-01-08,2.6787880359821323,28.0,True,False,False,sin 8-K,False,False,1355242194.556645,0.9386600389183952,0.2815980116755185,0.202635911744436,0.1488372270966806,True,True,False,False,False,False,VAL 2022-26,6.070000171661377,1.0,False,6.07,1355242194.556645,2025-01-08,223268895.31410953,,False,False
SBET,2015-02-03,0.6770832330724357,61.0,False,False,False,sin 8-K,False,False,,-1.2500000000000009,0.014844658360016,0.4285714887460896,-0.0063693834185885,False,True,False,False,False,False,DEV 2015-21,1159.199951171875,0.0041666666666666,False,4.829999796549479,,2015-02-03,,,False,True
SBET,2019-09-13,1.1864406268258554,61.0,False,False,False,sin 8-K,False,False,,1.349095678552652,0.4047287035657956,0.0310077710408889,-0.0132450838614471,False,True,False,False,False,False,DEV 2015-21,619.2000122070312,0.0041666666666666,False,2.58000005086263,,2019-09-13,,,False,True
SBET,2021-04-16,0.9094076284553914,61.0,False,False,False,sin 8-K,False,False,,0.9520679774746604,0.2856203932423981,0.0364963517199272,0.0725388713688068,False,True,False,False,False,False,DEV 2015-21,1315.199951171875,0.0041666666666666,False,5.479999796549479,,2021-04-16,,,False,True
SBET,2025-05-27,4.049107345910812,61.0,True,True,True,sin 8-K,True,False,234220692.1866455,-1.2500000000000004,-0.0659976866722596,0.57530210086046,0.1861568976494311,False,True,False,True,True,False,VAL 2022-26,33.93000030517578,1.0,False,33.93,234220692.1866455,2025-05-27,6903056.06208799,,False,False
SBFM,2022-03-09,1.6842105263157894,28.0,False,True,False,sin 8-K,True,False,581789884800.0,0.1954248366013072,0.0586274509803921,0.2254901960784314,0.2157894736842105,False,True,False,True,True,False,VAL 2022-26,81600.0,5e-05,False,4.08,29089494.24,2022-03-09,7129777.999999999,,False,False
SBFM,2022-04-05,1.752212389380531,28.0,True,True,False,sin 8-K,True,False,886944383200.0,0.2935691318327975,0.0880707395498392,0.0932475884244372,-0.1212121212121212,False,True,False,True,True,False,VAL 2022-26,124400.0,5e-05,False,6.220000000000001,44347219.16,2022-04-05,7129777.999999999,,False,False
SBFM,2023-05-11,0.9245283018867924,28.0,True,False,False,sin 8-K,True,False,460746892800.0,-1.25,0.1076470588235294,0.3725490196078431,0.1877777777777777,False,True,False,False,False,False,VAL 2022-26,20400.0,5e-05,False,1.02,23037344.64,2023-05-11,22585632.0,,False,False
SBFM,2025-04-02,0.5817309006078757,28.0,True,False,False,sin 8-K,True,False,89078103.0313797,1.0203648473692155,0.3061094542107647,0.1854102793680079,0.1822222391764323,True,True,False,False,False,False,VAL 2022-26,32.900001525878906,0.1,False,3.29,8907810.303137971,2025-04-02,2707541.125573851,,True,False
SCKT,2020-07-27,1.6369861671503625,35.0,True,False,False,sin 8-K,True,False,24260674.29904461,1.3779220055399808,0.4133766016619942,0.0779221293937912,-0.0135135004518676,False,True,False,False,False,True,DEV 2015-21,3.849999904632568,1.0,False,3.849999904632568,24260674.29904461,2020-07-27,6301474.000000001,,False,False
SCKT,2020-10-23,1.595890317005254,35.0,False,False,False,8-K otros items,False,False,22931982.21918583,1.0572559560400592,0.3171767868120177,0.1873351042990079,-0.0705882627933775,False,False,False,False,False,True,DEV 2015-21,3.7899999618530273,1.0,False,3.7899999618530273,22931982.21918583,2020-10-23,6050655.0,R,False,True
SCKT,2021-02-16,2.145061589626437,35.0,True,False,False,sin 8-K,False,False,61956674.99866962,-1.2500000000000004,-1.0394407415861635,2.4347400825588124,0.3689555126617326,False,True,False,False,False,False,DEV 2015-21,10.1899995803833,1.0,False,10.1899995803833,61956674.99866962,2021-02-16,6080144.999999999,,False,False
SCKT,2021-07-23,1.4655171931853066,35.0,True,False,False,8-K otros items,False,False,99261792.52396391,1.3536129906534806,0.4060838971960441,0.02797200092273,0.1185628985301995,False,False,False,False,False,False,DEV 2015-21,14.300000190734863,1.0,False,14.300000190734863,99261792.52396391,2021-07-23,6941383.999999999,R,False,False
SCNI,2015-09-02,0.5759312320916905,28.0,False,False,False,sin 8-K,False,True,,0.8030303030303031,0.2409090909090909,0.050909090909091,0.0922330097087378,False,True,False,False,False,False,DEV 2015-21,5500.0,0.001,False,5.500000000000001,,2015-09-02,,H,False,True
SCNI,2021-12-22,0.9527027027027026,28.0,True,False,False,sin 8-K,False,True,,-0.0679354094579008,-0.0203806228373702,0.2076124567474049,0.047945205479452,False,True,False,False,False,False,DEV 2015-21,2890.0,0.001,False,2.890000000000001,,2021-12-22,,,False,False
SCNI,2022-03-24,0.5912408759124088,28.0,True,True,False,sin 8-K,False,True,1249763096320.0,0.6394495412844037,0.1918348623853211,0.0504587155963303,-0.0229885057471264,False,True,False,True,True,False,VAL 2022-26,2180.0,0.001,False,2.1800000000000006,1249763096.3200004,2022-03-24,573285824.0,,False,False
SCNI,2024-06-17,0.7478509264467375,28.0,True,True,True,sin 8-K,False,True,113287369024.0,0.2398907103825136,0.0719672131147541,0.1426229007908555,0.226785727909633,True,True,False,True,False,False,VAL 2022-26,61.0,0.1,False,6.1000000000000005,11328736902.400002,2024-06-17,1857169984.0,,False,False
SCNI,2024-07-15,0.6354680793449545,28.0,True,True,True,sin 8-K,False,True,123316089771.4165,-1.2500000000000009,0.1029518046332714,0.3433734171448348,0.098472035679141,True,True,False,True,False,False,VAL 2022-26,66.4000015258789,0.1,False,6.640000152587891,12331608977.141651,2024-07-15,1857169984.0,,False,False
SCNI,2025-06-05,1.3849205021655218,28.0,True,True,False,sin 8-K,False,True,205060208192.12625,1.4974486508517737,0.449234595255532,0.0282862030965187,0.2153846153846154,True,True,False,True,False,False,VAL 2022-26,60.09999847412109,0.1,False,6.01,20506020819.212627,2025-06-05,3411983497.3731494,,False,False
SCNX,2021-06-10,0.5465686331036059,28.0,True,False,False,sin 8-K,True,False,766021297.6992416,-1.2500000000000004,-0.0670523131412993,0.7147385148998888,0.197901073941146,False,True,False,False,False,False,DEV 2015-21,94.6500015258789,0.0666666666666666,False,6.310000101725261,51068086.513282776,2021-06-10,8093199.0,,False,False
SCNX,2023-08-02,0.6259314136196346,28.0,True,False,True,sin 8-K,True,False,110309677.43720244,0.033883370029253,0.0101650110087759,0.231897320655904,0.1955097550002555,False,True,False,True,True,False,VAL 2022-26,10.90999984741211,1.0,False,10.90999984741211,110309677.43720244,2023-08-02,10110877.999999998,,False,False
SCNX,2023-09-01,0.7670157376861326,28.0,True,False,False,sin 8-K,True,False,16836781.5,0.430864225787881,0.1292592677363643,0.0644444359673395,0.0662650182162465,False,True,False,False,False,True,VAL 2022-26,13.5,1.0,False,13.5,16836781.5,2023-09-01,1247169.0,,True,False
SCNX,2024-02-20,1.3267973747570103,28.0,True,False,False,sin 8-K,True,False,12869485.807739258,-1.25,0.1388764145275668,0.3014980544330139,0.0693069421194189,True,True,False,False,False,True,VAL 2022-26,10.68000030517578,1.0,False,10.68000030517578,12869485.807739258,2024-02-20,1205008.0000000002,,True,False
SCNX,2025-10-16,0.5083799050105111,28.0,True,True,True,sin 8-K,True,False,17421675.092275143,1.479012498983134,0.4437037496949401,0.0370370002440478,0.093220254224934,True,True,False,True,False,True,VAL 2022-26,1.0800000429153442,1.0,False,1.08,17421675.092275143,2025-10-16,16131180.6409955,,False,False
SCYX,2019-01-31,0.9027778016932222,28.0,True,False,True,sin 8-K,True,False,5257695287.601036,0.818248187038415,0.2454744561115244,0.0218978244460978,-0.1078431766705078,True,True,False,True,False,False,DEV 2015-21,109.5999984741211,0.0125,False,1.3699999809265138,65721191.09501296,2019-01-31,47971673.00000001,,False,False
SCYX,2023-03-30,0.7185628498873045,28.0,True,False,False,8-K con acuerdo (1.01),False,False,765122017.2508469,-0.1146343489577535,-0.034390304687326,0.0348432568078891,-0.0204081434053665,True,False,False,False,False,False,VAL 2022-26,22.959999084472656,0.125,False,2.869999885559082,95640252.15635586,2023-03-30,33324131.0,K,False,False
SDA,2023-05-19,0.7414634225767047,75.0,False,True,False,sin 8-K,False,False,,-0.3414567397716813,-0.1024370219315044,0.1582633910936299,0.1551282062254635,False,True,False,True,True,False,VAL 2022-26,7.139999866485596,1.0,False,7.139999866485596,,2023-05-19,,,False,False
SDEV,2019-06-10,2.4375,61.0,True,False,False,sin 8-K,True,False,115139185700.0,-1.25,-1.828181818181818,2.272727272727273,0.3193548387096774,False,True,False,False,False,False,DEV 2015-21,6737.5,0.0001632653061224,False,1.1,18798234.4,2019-06-10,17089303.999999996,,False,False
SDEV,2020-04-20,1.236842105263158,61.0,True,False,False,8-K con acuerdo (1.01),True,False,291659997650.0,0.7705882352941177,0.2311764705882353,0.0882352941176469,0.2403100775193798,False,False,False,False,False,False,DEV 2015-21,10412.5,0.0001632653061224,False,1.7,47617958.8,2020-04-20,28010564.0,F,False,False
SDEV,2023-09-11,0.8709677419354838,61.0,True,False,True,sin 8-K,True,False,855580446.0,1.3172413793103448,0.3951724137931034,0.1034482758620689,0.1884057971014492,False,True,False,True,True,False,VAL 2022-26,203.0,0.0057142857142857,False,1.16,4889031.12,2023-09-11,4214682.0,,True,False
SDEV,2025-08-20,0.8166666030883789,61.0,False,False,False,8-K con acuerdo (1.01),True,False,31738057.539256096,0.1501527366341664,0.0450458209902499,0.1467890309601192,-0.0388349137012719,False,False,False,False,False,False,VAL 2022-26,5.449999809265137,0.2,False,1.0899999618530274,6347611.50785122,2025-08-20,5823497.0,F,False,True
SDEV,2025-08-27,1.0222223069932728,61.0,False,False,False,8-K solo nota de prensa (7.01/8.01),True,False,52993824.92148781,0.4611722801751099,0.1383516840525329,0.0439560001936691,-0.064516129032258,False,False,True,False,False,False,VAL 2022-26,9.100000381469728,0.2,False,1.8200000762939448,10598764.984297562,2025-08-27,5823497.000000002,O,False,True
SDOT,2025-10-15,1.1194604386504825,58.0,True,True,True,sin 8-K,True,False,2170155460.0,0.96060615308357,0.288181845925071,0.1836363358931108,0.0686527931590023,False,True,False,True,True,False,VAL 2022-26,220.0,0.05,False,11.0,108507773.0,2025-10-15,9864343.0,,False,False
SDOT,2026-06-03,0.853658529493796,58.0,True,False,True,8-K con acuerdo (1.01),True,False,11160861.299949646,-1.25,-0.1201973823521938,0.5559210784299886,-0.6844444274902344,False,False,False,True,False,True,VAL 2022-26,6.079999923706055,1.0,False,6.08,11160861.299949646,2026-06-03,1835667.9769654023,O,True,False
SDOT,2026-08-24,0.6327769316752425,58.0,True,False,False,8-K con acuerdo (1.01),True,False,28406723.40425492,-1.2500000000000002,-0.0862081484555351,0.4684014734799664,0.294041429654989,False,False,False,False,False,True,VAL 2022-26,21.520000457763672,1.0,False,21.52,28406723.40425492,2026-08-24,1320015.0280787603,F,True,False
SEED,2025-10-15,0.6319443133694207,1.0,True,False,False,sin 8-K,False,True,28022219.012805466,0.5198579890957821,0.1559573967287346,0.0595745151428268,0.0102040717026832,False,True,False,False,False,True,VAL 2022-26,2.3499999046325684,1.0,False,2.35,28022219.012805466,2025-10-15,11924348.516087431,,False,False
SENS,2020-12-24,0.6846986046358743,38.0,True,False,False,sin 8-K,True,False,5355531932.37125,0.5171251682126982,0.1551375504638094,0.0733945154800594,-0.0439560001936692,False,True,False,False,False,False,DEV 2015-21,21.799999237060547,0.05,False,1.0899999618530274,267776596.6185625,2020-12-24,245666610.99999997,,False,False
SENS,2021-01-15,0.5333333015441895,38.0,True,False,False,sin 8-K,True,False,9040531097.37125,0.4376810655251323,0.1313043196575397,0.1086956544273969,-0.8037974465793001,False,True,False,False,False,False,DEV 2015-21,36.79999923706055,0.05,False,1.839999961853028,452026554.8685625,2021-01-15,245666610.9999999,,False,False
SEPN,2025-05-14,0.6077265474233682,28.0,False,False,False,8-K con acuerdo (1.01),True,False,480867793.15722656,0.1699937972973703,0.0509981391892111,0.0499075764402598,0.0039370041785203,True,False,False,False,False,False,VAL 2022-26,10.81999969482422,1.0,False,10.82,480867793.15722656,2025-05-14,44442494.746508926,K,False,True
SER,2020-10-08,1.6540284840014938,28.0,False,False,False,sin 8-K,True,False,3014956720.0,-1.2500000000000002,-0.1171428298950195,0.7544643402099609,-0.032258114531932,False,True,False,False,False,False,DEV 2015-21,80.0,0.028,False,2.24,84418788.16,2020-10-08,37686958.99999999,,False,True
SER,2026-03-19,0.6406249621650195,28.0,True,False,False,sin 8-K,True,False,25859732.725630283,-1.2500000000000004,-0.1909524436656608,0.347619072488107,-0.0241935251282605,False,True,False,False,False,True,VAL 2022-26,2.0999999046325684,1.0,False,2.1,25859732.725630283,2026-03-19,12314158.440776326,,False,False
SERA,2023-02-15,0.648855099373232,80.0,False,False,False,sin 8-K,False,False,,-0.2030862511185528,-0.0609258753355658,0.143518486324653,-0.3039647854705406,False,True,False,False,False,False,VAL 2022-26,2.1600000858306885,1.0,False,2.1600000858306885,,2023-02-15,,,False,True
SERA,2023-12-06,1.3857145030482385,80.0,False,False,False,8-K solo nota de prensa (7.01/8.01),True,False,,-1.25,-0.1058082874865372,0.968063713817008,0.080145646398394,False,False,True,False,False,False,VAL 2022-26,5.010000228881836,1.0,False,5.010000228881836,,2023-12-06,,B,False,True
SERV,2024-07-19,0.6235740665867708,35.0,False,True,True,sin 8-K,True,False,106036115.30635166,-1.2500000000000009,-0.7781499354706433,1.1007026480319748,-0.161589435259347,False,True,False,True,True,False,VAL 2022-26,4.269999980926514,1.0,False,4.269999980926514,106036115.30635166,2024-07-19,24832814.0,,False,False
SES,2024-12-27,0.6690140543559118,36.0,True,False,False,sin 8-K,True,False,,-0.061463038411884,-0.0184389115235652,0.0421941552235802,-0.0125522887334656,False,True,False,False,False,False,VAL 2022-26,2.369999885559082,1.0,False,2.37,,2024-12-27,,,False,False
SGLY,2016-08-02,0.5165562913907285,47.0,True,False,False,sin 8-K,True,False,14877188123.0,0.0394468704512372,0.0118340611353711,0.2401746724890829,0.1785714285714285,False,True,False,False,False,False,DEV 2015-21,1603.0,0.0014285714285714,False,2.2900000000000005,21253125.890000004,2016-08-02,9280841.0,,False,False
SGLY,2016-11-17,0.9836552748885588,47.0,True,False,False,sin 8-K,True,False,77381599575.0,2.0640449438202246,0.6192134831460674,0.0636704119850186,0.0303030303030303,False,True,False,False,False,False,DEV 2015-21,9345.0,0.0014285714285714,False,13.35,110545142.25,2016-11-17,8280535.0,,False,False
SGLY,2021-02-03,1.1729958605359505,47.0,True,True,False,sin 8-K,True,False,6400732296.0,0.8922330661443886,0.2676699198433165,0.0970873786407766,-0.1236559637548669,False,True,False,True,True,False,DEV 2015-21,1442.0,0.0071428571428571,False,10.3,45719516.4,2021-02-03,4438788.0,,True,False
SGLY,2026-08-18,0.5033408338724743,47.0,True,False,False,8-K con acuerdo (1.01),True,False,49231071.0,1.5765432051670405,0.4729629615501121,0.0,0.1461318020256835,False,False,False,False,False,False,VAL 2022-26,6.75,1.0,False,6.75,49231071.0,2026-08-18,7293492.0,F,False,False
SGLY,2026-08-20,0.5469799006738605,47.0,True,True,False,sin 8-K,True,False,33622999.09378624,0.8126536821464277,0.2437961046439283,0.1279825723781378,0.2529070085773854,False,True,False,True,True,False,VAL 2022-26,4.610000133514404,1.0,False,4.61,33622999.09378624,2026-08-20,7293492.211233458,,False,False
SGMT,2024-01-22,1.1994134343761966,28.0,False,False,False,8-K solo nota de prensa (7.01/8.01),True,False,320631030.0,-1.2500000000000004,-0.238000005086263,0.3806666056315104,0.0494028145300202,False,False,True,False,False,False,VAL 2022-26,15.0,1.0,False,15.0,320631030.0,2024-01-22,21375402.0,H,False,True
SGRX,2026-09-04,0.5180995299378213,61.0,True,False,False,sin 8-K,False,True,,1.213561954601218,0.3640685863803654,0.0253353316434394,0.2190475903941377,False,True,False,False,False,False,VAL 2022-26,3.3550000190734863,1.0,False,3.3550000190734863,,2026-09-04,,,False,False
SHC,2023-01-10,0.7476851598900052,80.0,False,False,False,8-K con acuerdo (1.01),False,False,4259913942.5177593,-0.5079469236677834,-0.152384077100335,0.1781457262318155,-0.0226086602694746,False,False,False,False,False,False,VAL 2022-26,15.100000381469728,1.0,False,15.100000381469728,4259913942.5177593,2023-01-10,282113498.99999994,R,False,True
SHFS,2025-04-21,0.7309416421886696,61.0,False,False,False,8-K otros items,True,False,10748007.587898731,-0.318307574346399,-0.0954922723039197,0.1217616687522116,0.0906921501793488,True,False,False,False,False,True,VAL 2022-26,3.859999895095825,1.0,False,3.86,10748007.587898731,2025-04-21,2784457.924326096,S,True,True
SHFS,2025-09-02,0.5550935775585562,61.0,False,False,False,8-K con acuerdo (1.01),True,False,10413872.94655466,0.0468804937075026,0.0140641481122507,0.1470588104047652,0.0328767454362439,False,False,False,False,False,True,VAL 2022-26,3.740000009536743,1.0,False,3.74,10413872.94655466,2025-09-02,2784458.0071001765,F,True,True
SHFS,2025-09-24,1.634969379667766,61.0,False,False,False,8-K con acuerdo (1.01),True,False,23918494.644874573,0.4788902398966405,0.1436670719689921,0.0698485933803678,0.0440165299175963,False,False,False,False,False,True,VAL 2022-26,8.59000015258789,1.0,False,8.59,23918494.644874573,2025-09-24,2784458.0494615333,F,True,True
SHPH,2023-05-23,0.5728155339805825,28.0,False,False,False,sin 8-K,True,False,44239371480.0,-1.2500000000000004,0.0579012345679012,0.6975308641975309,0.1390728476821192,False,True,False,False,False,False,VAL 2022-26,3240.0,0.0005,False,1.62,22119685.74,2023-05-23,13654126.999999998,,False,True
SHPH,2026-01-20,1.404908134830598,28.0,False,False,True,sin 8-K,True,False,62848773.22320938,1.4802721766983309,0.4440816530094992,0.1326530781054384,0.0467289727955929,True,True,False,True,False,False,VAL 2022-26,39.20000076293945,0.1,False,3.92,6284877.322320938,2026-01-20,1603285.031204321,,True,True
SHPH,2026-06-26,0.5502645973195317,28.0,False,False,True,sin 8-K,True,False,32764960.14651776,1.0133106431543095,0.3039931929462929,0.0494880469702492,0.1915422847213663,False,True,False,True,True,False,VAL 2022-26,5.860000133514404,1.0,False,5.86,32764960.14651776,2026-06-26,5591290.1273921095,,False,True
SIDU,2022-05-06,1.0050761421319798,48.0,False,False,False,sin 8-K,True,False,6546745800.0,0.7767932489451477,0.2330379746835442,0.139240506329114,0.2809364548494983,False,True,False,False,False,False,VAL 2022-26,395.0,0.01,False,3.95,65467458.0,2022-05-06,16574040.0,,False,True
SIDU,2022-06-15,0.8611111111111112,48.0,False,False,False,sin 8-K,True,False,4441842720.0,-1.2500000000000009,-0.756268656716418,0.7761194029850746,-0.6303418803418803,False,True,False,False,False,False,VAL 2022-26,268.0,0.01,False,2.68,44418427.2,2022-06-15,16574040.0,,False,True
SIDU,2022-09-07,0.5601503759398496,48.0,False,True,True,sin 8-K,True,False,7002726600.0,0.8502008032128515,0.2550602409638554,0.0168674698795181,0.0852459016393442,False,True,False,True,True,False,VAL 2022-26,415.0,0.01,False,4.15,70027266.0,2022-09-07,16874040.0,,False,False
SIDU,2024-12-16,0.5664336305590607,48.0,True,True,True,sin 8-K,True,False,,-1.2500000000000009,-1.0546428143780453,2.0535714836905195,-0.2227074231261444,False,True,False,True,True,False,VAL 2022-26,2.240000009536743,1.0,False,2.24,,2024-12-16,,,False,False
SIDU,2025-12-22,0.6767242313955144,48.0,True,False,True,sin 8-K,True,False,,-1.2500000000000009,-0.1873778406668904,0.3316194572355226,0.2794759809415056,False,True,False,True,True,False,VAL 2022-26,1.945000052452088,1.0,False,1.945,,2025-12-22,,,False,False
SIEB,2021-01-29,2.3773583838639336,62.0,False,False,False,sin 8-K,False,False,387849978.0344677,-1.2500000000000009,0.3339744260010745,0.4764565358544637,0.1472019463308774,False,True,False,False,False,False,DEV 2015-21,12.529999732971191,1.0,False,12.529999732971191,387849978.0344677,2021-01-29,30953710.0,,False,True
SIF,2020-05-13,0.6090908568752711,37.0,False,False,False,8-K otros items,False,False,20943075.194317818,-1.2500000000000002,-0.1794915003102135,0.5536723331265243,-0.086956556793323,False,False,False,False,False,True,DEV 2015-21,3.539999961853028,1.0,False,3.539999961853028,20943075.194317818,2020-05-13,5916122.999999999,R,False,True
SIF,2020-12-24,0.5230769005047504,37.0,False,False,False,8-K otros items,False,False,35141770.95852327,0.3258136140967619,0.0977440842290285,0.1683501667284388,-0.1698112426681791,False,False,False,False,False,False,DEV 2015-21,5.940000057220459,1.0,False,5.940000057220459,35141770.95852327,2020-12-24,5916123.0,R,False,True
SILO,2024-07-16,1.1214953804132757,28.0,True,True,False,sin 8-K,True,False,96825735.53047945,-0.2095447163379473,-0.0628634149013842,0.1850220081709586,0.0585773657880909,True,True,False,True,False,False,VAL 2022-26,34.04999923706055,0.0666666666666666,False,2.26999994913737,6455049.0353652965,2024-07-16,2843634.0000000005,,True,False
SILO,2025-01-08,0.7889907839482675,28.0,True,False,True,sin 8-K,False,False,131170338.0,-1.2500000000000004,0.1130769361186231,0.7282051021217282,-0.0350877049479598,True,True,False,True,False,False,VAL 2022-26,29.25,0.0666666666666666,False,1.95,8744689.2,2025-01-08,4484456.0,,True,False
SINT,2016-04-18,0.6257668711656441,38.0,True,False,True,8-K solo nota de prensa (7.01/8.01),True,False,217943894880000.0,0.759119496855346,0.2277358490566037,0.0566037735849056,0.099009900990099,False,False,True,True,False,False,DEV 2015-21,19080000.0,1.6666666666666669e-06,False,31.8,363239824.8,2016-04-18,11422636.0,H,False,False
SINT,2017-11-10,0.6989247311827957,38.0,True,False,True,sin 8-K,True,False,137516428752000.0,1.3696202531645572,0.4108860759493671,0.0126582278481013,0.0792349726775956,False,True,False,True,True,False,DEV 2015-21,3792000.0,1.6666666666666669e-06,False,6.32,229194047.92,2017-11-10,36264881.0,,False,False
SINT,2018-03-06,0.5349999999999999,38.0,True,False,False,sin 8-K,True,False,5566658466000.0,0.7701411509229099,0.2310423452768729,0.1074918566775244,0.0214592274678111,False,True,False,False,False,False,DEV 2015-21,1842000.0,1.6666666666666669e-06,False,3.07,9277764.11,2018-03-06,3022073.0,,True,False
SINT,2019-09-12,0.6599999999999999,38.0,True,False,False,sin 8-K,True,False,97504914000.0,0.4619812583668005,0.1385943775100401,0.2610441767068272,-0.1084905660377358,False,True,False,False,False,False,DEV 2015-21,49800.0,5e-05,False,2.49,4875245.7,2019-09-12,1957930.0,,True,False
SINT,2020-01-30,0.678082191780822,38.0,True,True,True,8-K solo nota de prensa (7.01/8.01),True,False,119266392000.0,-1.25,0.1491836734693877,0.3224489795918368,0.1067961165048543,False,False,True,True,False,False,DEV 2015-21,49000.0,5e-05,False,2.45,5963319.600000001,2020-01-30,2434008.0,H,True,False
SINT,2020-06-22,2.557567917205692,38.0,True,False,True,8-K solo nota de prensa (7.01/8.01),True,False,580998990000.0,0.8636363636363636,0.2590909090909091,0.1381818181818181,0.2935323383084577,False,False,True,True,False,False,DEV 2015-21,55000.0,5e-05,False,2.75,29049949.5,2020-06-22,10563618.0,H,False,False
SINT,2024-09-09,1.0921986649066526,38.0,True,True,True,sin 8-K,True,False,4409028.771267414,0.8367231282262781,0.2510169384678834,0.1830508315676215,0.155963313287581,True,True,False,True,False,True,VAL 2022-26,5.900000095367432,1.0,False,5.900000095367432,4409028.771267414,2024-09-09,747293.0,,True,False
SINT,2025-02-19,0.8723405442555199,38.0,True,False,True,sin 8-K,True,False,7090264.121741772,0.2570707196137716,0.0771212158841314,0.1571969490009133,0.0041493734884287,False,True,False,True,True,True,VAL 2022-26,5.28000020980835,1.0,False,5.28,7090264.121741772,2025-02-19,1342853.053360184,,True,False
SJ,2021-04-06,0.5982813580854318,73.0,True,True,True,sin 8-K,True,True,402315056.85417366,0.5020610046911846,0.1506183014073553,0.2432795603305071,0.0832666117623092,False,True,False,True,True,False,DEV 2015-21,14.880000114440918,1.0,False,14.880000114440918,402315056.85417366,2021-04-06,27037302.0,,False,False
SKK,2024-11-21,0.5372807197330114,16.0,False,True,False,sin 8-K,False,True,,-1.2499999999999998,0.8330813089951652,0.6333809200048715,-0.6727272380482067,False,True,False,True,True,False,VAL 2022-26,70.0999984741211,0.1,False,7.01,,2024-11-21,,,False,False
SKK,2024-11-22,0.8727273074063389,16.0,False,True,False,sin 8-K,False,True,,0.3226538385436819,0.0967961515631045,0.2572815115978368,0.211956505401373,False,True,False,True,True,False,VAL 2022-26,20.600000381469727,0.1,False,2.06,,2024-11-22,,,False,False
SKYA,2025-06-04,0.5655080224982991,61.0,True,False,False,8-K solo nota de prensa (7.01/8.01),True,False,95634967.24654436,-0.2923711484337196,-0.0877113445301158,0.2023911082697245,0.0824088725264639,False,False,True,False,False,False,VAL 2022-26,5.855000019073486,1.0,False,5.855000019073486,95634967.24654436,2025-06-04,16333897.0,H,False,False
SKYA,2025-08-25,0.5499659536324975,61.0,True,False,False,8-K con acuerdo (1.01),True,False,11664639.209674835,0.2736839977180971,0.0821051993154291,0.164912296258769,0.059903460520004,False,False,False,False,False,True,VAL 2022-26,11.399999618530272,1.0,False,11.399999618530272,11664639.209674835,2025-08-25,1023214.0000000001,F,True,False
SKYQ,2026-04-02,1.2015811204146711,49.0,True,True,False,sin 8-K,True,False,20928991.57500887,0.2479355191764866,0.0743806557529459,0.0574505718064946,0.0196078248044149,False,True,False,True,True,True,VAL 2022-26,5.570000171661377,1.0,False,5.57,20928991.57500887,2026-04-02,3757449.115800515,,True,False
SLBT,2026-06-16,2.366366454949054,28.0,False,False,False,sin 8-K,False,True,,0.6565268174039238,0.1969580452211771,0.2934879527794247,0.2823397223788734,False,True,False,False,False,False,VAL 2022-26,11.210000038146973,1.0,False,11.21,,2026-06-16,,,False,True
SLDB,2020-10-01,1.5665024488601946,28.0,True,False,False,8-K solo nota de prensa (7.01/8.01),False,False,3602855271.445755,1.086308359456972,0.3258925078370915,0.1708253130321477,-0.2080924647309565,True,False,True,False,False,False,DEV 2015-21,78.1500015258789,0.0666666666666666,False,5.21000010172526,240190351.429717,2020-10-01,46101794.0,B,False,False
SLDB,2025-02-18,0.6575681093218346,28.0,True,False,False,8-K otros items,False,False,266896767.90133715,0.6552892580173306,0.1965867774051991,0.0778443105223616,-0.2207546334624872,True,False,False,False,False,False,VAL 2022-26,6.679999828338623,1.0,False,6.68,266896767.90133715,2025-02-18,39954605.97325406,R,False,False
SLE,2020-01-14,0.5,73.0,False,False,False,sin 8-K,False,False,348007392576.0,0.4631205673758864,0.1389361702127659,0.2884160756501182,0.0194444444444444,False,True,False,False,False,False,DEV 2015-21,40608.0,0.0001041666666666,False,4.23,36250770.06000001,2020-01-14,8569922.000000002,,False,True
SLE,2025-09-23,1.3536584845805208,73.0,True,False,True,sin 8-K,True,False,99869902.86201476,-1.2500000000000002,-0.1123316431281506,0.4805699974716924,0.1222091952729731,False,True,False,True,True,False,VAL 2022-26,92.63999938964844,0.0833333333333333,False,7.72,8322491.905167896,2025-09-23,1078042.992897396,,True,False
SLE,2026-05-15,0.6363635298554526,73.0,True,False,True,sin 8-K,True,False,9726590.117153168,0.276976926808788,0.0830930780426364,0.0615616116580817,0.1506622273442743,False,True,False,True,True,True,VAL 2022-26,6.659999847412109,1.0,False,6.66,9726590.117153168,2026-05-15,1460448.9665395147,,True,False
SLE,2026-08-18,1.0596025925415409,73.0,True,False,False,8-K con acuerdo (1.01),True,False,10543646.04434967,0.352518657276603,0.1057555971829809,0.1848874813759435,0.2509091117165305,False,False,False,False,False,True,VAL 2022-26,6.21999979019165,1.0,False,6.22,10543646.04434967,2026-08-18,1695119.9428214906,F,True,False
SLGB,2026-01-21,1.9105689985295584,47.0,False,False,False,sin 8-K,False,True,153939996.71936035,1.5867783309207326,0.4760334992762198,0.0865922312303304,0.0652173927127751,False,True,False,False,False,False,VAL 2022-26,3.5799999237060547,1.0,False,3.58,153939996.71936035,2026-01-21,42999999.083620206,,False,True
SLGB,2026-06-09,1.3346304494619288,47.0,False,False,False,sin 8-K,False,True,51600002.05039978,-1.2500000000000004,0.3825000471870086,0.3999999006589294,-0.0960220234673879,False,True,False,False,False,False,VAL 2022-26,1.2000000476837158,1.0,False,1.2,51600002.05039978,2026-06-09,43000001.70866649,,False,True
SLGB,2026-07-21,1.200392922247088,47.0,False,False,False,sin 8-K,False,True,,0.3833332889846395,0.1149999866953918,0.1071428609441738,0.234693892445975,False,True,False,False,False,False,VAL 2022-26,1.1200000047683716,1.0,False,1.12,,2026-07-21,,,False,True
SLGL,2019-12-30,1.267605591891384,28.0,True,False,False,sin 8-K,False,True,,0.9747890130402014,0.2924367039120604,0.0033444669758035,-0.1746575342465753,True,True,False,False,False,False,DEV 2015-21,209.3000030517578,0.1,False,20.93000030517578,,2019-12-30,,B,False,False
SLMT,2024-02-14,1.7162790697674415,61.0,True,True,True,sin 8-K,False,True,,1.4164383561643836,0.4249315068493151,0.0273972602739727,0.1151515151515151,False,True,False,True,True,False,VAL 2022-26,292.0,0.01,False,2.9200000000000004,,2024-02-14,,,False,False
SLMT,2024-03-07,1.1666666666666663,61.0,True,True,True,sin 8-K,False,True,,0.3588235294117647,0.1076470588235294,0.1040723981900453,0.2205128205128205,True,True,False,True,False,False,VAL 2022-26,221.0,0.01,False,2.2100000000000004,,2024-03-07,,,False,False
SLMT,2024-10-17,0.7647059596191563,61.0,True,False,True,sin 8-K,False,True,,-1.2500000000000004,0.1607317073170731,0.3983739837398374,-0.1078431372549019,False,True,False,True,True,False,VAL 2022-26,123.0,0.01,False,1.2300000000000002,,2024-10-17,,,False,False
SLMT,2025-02-25,0.5847860922058901,61.0,True,False,True,sin 8-K,False,True,,0.1633333841959635,0.049000015258789,0.26,0.2794898602426244,False,True,False,True,True,False,VAL 2022-26,100.0,0.01,False,1.0000000000000002,,2025-02-25,,,False,False
SLND,2026-07-17,0.6813509405980631,16.0,True,False,False,sin 8-K,False,False,61959425.18787575,-0.0187773062156661,-0.0056331918646998,0.0655022261424207,0.0877193202602568,False,True,False,False,False,False,VAL 2022-26,1.1449999809265137,1.0,False,1.145,61959425.18787575,2026-07-17,54113035.09858144,,False,False
SLNG,2018-12-03,1.649999817460778,49.0,False,False,False,sin 8-K,True,False,76060821.65411758,-1.2500000000000009,-0.028868020014566,0.4622641848940678,-0.3796295836383932,False,True,False,False,False,False,DEV 2015-21,8.479999542236328,0.125,False,1.059999942779541,9507602.706764698,2018-12-03,8969437.0,,False,True
SLS,2017-02-06,0.7833333333333334,28.0,True,False,True,sin 8-K,True,False,696631198650.0,1.1037383177570093,0.3311214953271028,0.1261682242990653,0.0070921985815602,False,True,False,True,True,False,DEV 2015-21,3210.0,0.0006666666666666,False,2.14,464420799.1,2017-02-06,217019065.0,,False,False
SLS,2018-04-02,0.6231884057971016,28.0,True,False,True,sin 8-K,True,False,12799615360.0,-1.2499999999999998,-0.5546428571428571,0.9089285714285716,-0.0369942196531791,False,True,False,True,True,False,DEV 2015-21,280.0,0.02,False,5.6000000000000005,255992307.2,2018-04-02,45712911.99999999,,False,False
SLXN,2025-01-28,1.0862068965517242,28.0,False,True,True,8-K solo nota de prensa (7.01/8.01),True,False,1527252622500.0,-0.41900826446281,-0.125702479338843,0.2892561983471073,-1.325925925925926,True,False,True,True,False,False,VAL 2022-26,181.5,0.0066666666666666,False,1.21,10181684150.0,2025-01-28,8414615000.0,H,False,False
SLXN,2025-01-29,0.6074074074074074,28.0,False,True,True,sin 8-K,True,False,2738957182500.0,-1.2500000000000009,-0.4570046082949309,0.5898617511520738,0.3471337579617834,False,True,False,True,True,False,VAL 2022-26,325.5,0.0066666666666666,False,2.17,18259714550.0,2025-01-29,8414615000.0,,False,False
SMMT,2016-10-04,0.8497110642322281,28.0,True,False,False,sin 8-K,False,True,,0.310416587193807,0.0931249761581421,0.234375,0.0,False,True,False,False,False,False,DEV 2015-21,16.0,1.0,False,16.0,,2016-10-04,,K,False,False
SMMT,2022-12-06,0.6815286730601822,28.0,True,False,False,sin 8-K,False,True,265743961.55971587,-1.2500000000000004,-0.7599998871124197,0.7727271372621765,-0.3333333333333333,False,True,False,False,False,False,VAL 2022-26,1.3200000524520874,1.0,False,1.3200000524520874,265743961.55971587,2022-12-06,201321175.0,,False,False
SMX,2023-10-10,0.9349112784948528,35.0,False,True,True,sin 8-K,False,True,,0.374413752789435,0.1123241258368304,0.1620795571617705,0.1149826000963822,False,True,False,True,True,False,VAL 2022-26,24881682.0,1.3142198159999998e-07,False,3.2699999539810505,,2023-10-10,,H,False,False
SMX,2024-09-10,0.9187359070293286,35.0,False,True,True,sin 8-K,False,True,,0.7196078556428069,0.2158823566928421,0.0682353329985454,0.0425531416897954,False,True,False,True,True,False,VAL 2022-26,431181.03125,9.85664862e-06,False,4.249999916640489,,2024-09-10,,,False,False
SMXT,2025-08-05,0.7204301994136442,17.0,False,False,False,sin 8-K,True,False,1042616681.429863,-1.2500000000000004,-0.0474999627470985,0.5624999379118307,0.204819272493955,False,True,False,False,False,False,VAL 2022-26,19.200000762939453,0.0833333333333333,False,1.6,86884723.45248857,2025-08-05,54302952.15780535,,False,True
SNAL,2026-05-14,1.778884434714771,73.0,True,False,False,8-K otros items,True,False,,0.7193547578493265,0.2158064273547979,0.1971326875465513,-0.074074090426514,False,False,False,False,False,False,VAL 2022-26,6.974999904632568,0.2,False,1.395,,2026-05-14,,R,False,False
SNES,2021-03-19,0.8095238095238095,28.0,True,True,False,sin 8-K,True,False,29910039552.0,0.8109649122807017,0.2432894736842105,0.0328947368421053,0.1233480176211453,False,True,False,True,True,False,DEV 2015-21,7296.0,0.0004166666666666,False,3.04,12462516.48,2021-03-19,4099512.0,,True,False
SNES,2023-12-28,0.7960602311074414,28.0,True,True,True,sin 8-K,True,False,56281430.0,-1.2500000000000009,-0.1261289830361643,0.3806451366793724,0.2658959324079715,True,True,False,True,False,False,VAL 2022-26,15.5,0.1,False,1.55,5628143.0,2023-12-28,3631060.0,,True,False
SNGX,2017-04-19,0.5564202642660032,28.0,False,False,True,sin 8-K,True,False,5253630720.0,0.2250000847710503,0.0675000254313151,0.2699999491373697,0.0271002717498054,False,True,False,True,True,False,DEV 2015-21,960.0,0.0041666666666666,False,4.0,21890128.0,2017-04-19,5472532.0,,False,True
SNGX,2023-05-04,1.5070422889930448,28.0,True,False,False,8-K con acuerdo (1.01),True,False,166579004.68254852,1.1651685318009537,0.3495505595402861,0.1797752462843871,0.5175438431381406,False,False,False,False,False,False,VAL 2022-26,56.959999084472656,0.0625,False,3.559999942779541,10411187.792659285,2023-05-04,2924491.0000000005,H,True,False
SNGX,2024-07-09,2.2100000381469727,28.0,True,True,False,sin 8-K,True,False,67566886.34295082,-1.25,-0.1657632380243315,1.3099688080170435,-0.0417789676000079,True,True,False,True,False,False,VAL 2022-26,6.420000076293945,1.0,False,6.420000076293945,67566886.34295082,2024-07-09,10524437.0,,False,False
SNGX,2025-07-31,0.5119999885559081,28.0,True,False,True,sin 8-K,True,False,5964089.624858737,-1.2499999999999998,-0.5602645973195318,1.846560928656772,0.0648464344339564,False,True,False,True,True,True,VAL 2022-26,1.8899999856948853,1.0,False,1.89,5964089.624858737,2025-07-31,3155602.976115734,,True,False
SNOA,2020-05-29,1.4214418427879305,38.0,True,False,False,sin 8-K,True,False,465700546.0,-1.2500000000000009,0.2495419847328244,0.4961832061068703,0.071134036349267,False,True,False,False,False,False,DEV 2015-21,262.0,0.05,False,13.1,23285027.3,2020-05-29,1777483.0,,True,False
SNOA,2020-07-29,0.7647059240360301,38.0,True,False,False,sin 8-K,False,False,448960272.0,0.4345029239766081,0.1303508771929824,0.0964912280701755,0.1020408163265306,False,True,False,False,False,False,DEV 2015-21,228.0,0.05,False,11.4,22448013.6,2020-07-29,1969124.0,,True,False
SNOA,2020-12-11,1.1386624426620813,38.0,True,False,False,8-K con acuerdo (1.01),False,False,535694289.9398804,1.0726927435596312,0.3218078230678893,0.1586574128497386,0.0513698639084953,False,False,False,False,False,False,DEV 2015-21,262.20001220703125,0.05,False,13.110000610351562,26784714.49699402,2020-12-11,2043075.0,H,True,False
SNOA,2021-08-19,1.0499076645802177,38.0,True,True,False,sin 8-K,False,False,463837481.9819641,0.8503456904527428,0.2551037071358228,0.2046889473877924,0.2392638036809816,False,True,False,True,True,False,DEV 2015-21,221.8000030517578,0.05,False,11.09000015258789,23191874.09909821,2021-08-19,2091242.0000000002,,True,False
SNOA,2021-09-28,0.599999971478899,38.0,True,True,True,sin 8-K,False,False,358020624.0180359,0.578037275237751,0.1734111825713252,0.0233644863977964,0.1201716930259149,False,True,False,True,True,False,DEV 2015-21,171.1999969482422,0.05,False,8.55999984741211,17901031.200901795,2021-09-28,2091242.0,,True,False
SNOA,2023-01-25,0.6583333015441895,38.0,True,True,False,sin 8-K,False,False,123498283.23262024,-1.2500000000000004,0.1407537717340703,0.3467336558190284,-0.1420118149528687,False,True,False,True,True,False,VAL 2022-26,39.79999923706055,0.05,False,1.9899999618530275,6174914.161631012,2023-01-25,3102972.0,,True,False
SNOA,2025-03-11,0.544802867996091,38.0,True,False,True,sin 8-K,True,False,6963947.057545185,0.670456194503834,0.2011368583511502,0.0348028068118013,-0.0323529094148268,False,True,False,True,True,True,VAL 2022-26,4.309999942779541,1.0,False,4.31,6963947.057545185,2025-03-11,1615764.978548767,,True,False
SNOA,2025-04-23,0.759656669048806,38.0,True,False,True,sin 8-K,True,False,6624636.345908642,0.0886177727137411,0.0265853318141223,0.0243902212094149,0.0227848484813732,False,True,False,True,True,True,VAL 2022-26,4.099999904632568,1.0,False,4.1,6624636.345908642,2025-04-23,1615764.962416742,,True,False
SNOA,2025-08-14,0.8459017057247116,38.0,True,False,False,sin 8-K,True,False,9248767.137999536,0.1798106134971507,0.0539431840491452,0.2291296510890266,-0.0151802512325607,False,True,False,False,False,True,VAL 2022-26,5.630000114440918,1.0,False,5.63,9248767.137999536,2025-08-14,1642765.0333924578,,True,False
SNTG,2022-11-04,0.5424342725456925,61.0,False,False,False,sin 8-K,False,True,65646001.8157959,0.3924859319991656,0.1177457795997496,0.2710599004672374,0.2469438120296334,False,True,False,False,False,False,VAL 2022-26,4.689000129699707,1.0,False,4.689000129699707,65646001.8157959,2022-11-04,14000000.0,,False,True
SNTG,2023-05-01,0.7512690343043182,61.0,False,False,False,sin 8-K,False,True,9678371.38376832,-1.2500000000000004,-0.2708695201477172,1.791304342417726,0.3954022592873904,False,True,False,False,False,True,VAL 2022-26,3.450000047683716,1.0,False,3.450000047683716,9678371.38376832,2023-05-01,2805325.0,,True,True
SNTG,2023-05-03,0.5285170365025174,61.0,False,False,False,sin 8-K,False,True,11277406.446492672,-1.2500000000000009,-0.0274129781078366,0.5945273327923644,0.1442543106543837,False,True,False,False,False,True,VAL 2022-26,4.019999980926514,1.0,False,4.019999980926514,11277406.446492672,2023-05-03,2805325.0,,True,True
SNTG,2024-01-09,1.1361502095173108,61.0,False,False,False,sin 8-K,False,True,,0.7578755434808049,0.2273626630442414,0.0241757477068325,-0.0201728912581114,False,True,False,False,False,False,VAL 2022-26,4.550000190734863,1.0,False,4.550000190734863,,2024-01-09,,,False,True
SNTI,2024-12-02,2.2824073476188,28.0,False,False,False,8-K solo nota de prensa (7.01/8.01),True,False,32533493.75017166,-1.2500000000000004,-0.4204372051882034,1.38928070091429,0.2860000133514404,False,False,True,False,False,False,VAL 2022-26,7.090000152587891,1.0,False,7.09,32533493.75017166,2024-12-02,4588645.098754819,B,True,True
SOAR,2023-12-05,0.5624999463081357,45.0,False,True,False,sin 8-K,True,False,,0.8757574242962234,0.262727227288867,0.2363636436337812,0.287000033400634,False,True,False,True,True,False,VAL 2022-26,305.2841796875,0.04504,False,13.749999453125,,2023-12-05,,,False,False
SOAR,2025-06-12,0.5552995226373045,45.0,True,True,True,sin 8-K,True,False,5697614.851482868,1.1666666189405688,0.3499999856821706,0.0874073258605929,0.2361112552491715,False,True,False,True,True,True,VAL 2022-26,2.997335910797119,1.126,False,3.375,6415514.322769709,2025-06-12,1900893.1326725064,,True,False
SOGP,2020-12-03,0.8601695261135824,73.0,False,False,False,sin 8-K,False,True,,-1.2500000000000004,-0.1011161699537074,0.3460136241169498,0.2025052286835281,False,True,False,False,False,False,DEV 2015-21,43.900001525878906,0.1,False,4.39000015258789,,2020-12-03,,,False,True
SOGP,2024-02-21,0.6278260272482168,73.0,True,True,False,sin 8-K,False,True,,-1.2500000000000004,0.0455555046114128,0.4316239433802722,0.0791854974188222,False,True,False,True,True,False,VAL 2022-26,4.679999828338623,1.0,False,4.679999828338623,,2024-02-21,,,False,False
SONM,2021-10-25,0.6256684559855568,36.0,True,True,False,sin 8-K,True,False,46600202565.96527,0.6684211113372911,0.2005263334011873,0.0131579167514841,0.0500000141285083,False,True,False,True,True,False,DEV 2015-21,547.2000122070312,0.0055555555555555,False,3.04000006781684,258890014.25536263,2021-10-25,85161187.0,,False,False
SONM,2025-06-16,0.645161367507461,36.0,True,False,False,sin 8-K,True,False,174164535.5698471,-1.2500000000000009,-0.108039170872668,0.3986927805817788,0.1547619160250652,False,True,False,False,False,False,VAL 2022-26,27.540000915527344,0.0555555555555555,False,1.53,9675807.531658173,2025-06-16,6324057.2102341,,False,False
SOS,2020-05-06,1.180851063829787,62.0,False,False,False,sin 8-K,False,True,,-1.25,0.1851219512195122,0.4926829268292683,-0.0363636363636363,False,True,False,False,False,False,DEV 2015-21,1537.5,0.0013333333333333,False,2.05,,2020-05-06,,,False,True
SOS,2021-01-07,0.7790697674418605,62.0,True,True,False,sin 8-K,False,True,,-1.2500000000000004,-0.0132679738562091,0.3398692810457515,0.3843648208469055,False,True,False,True,True,False,DEV 2015-21,2295.0,0.0013333333333333,False,3.06,,2021-01-07,,,False,False
SPAI,2024-11-21,0.9303124855412171,73.0,False,True,False,sin 8-K,False,False,84502898.6992321,0.8878259365034371,0.2663477809510311,0.0522907482321437,-0.022371451043276,False,True,False,True,True,False,VAL 2022-26,6.177000045776367,1.0,False,6.1767,84502898.6992321,2024-11-21,13680913.545943966,,False,False
SPCB,2020-03-30,0.9230769230769232,36.0,False,False,False,sin 8-K,False,True,3242843600.0,-1.25,-0.09,0.91,0.1481481481481481,False,True,False,False,False,False,DEV 2015-21,200.0,0.005,False,1.0000000000000002,16214218.000000004,2020-03-30,16214218.0,,False,True
SPCB,2020-06-08,0.8333333333333333,36.0,False,False,False,sin 8-K,False,True,7490968716.0,-0.1776334776334776,-0.0532900432900432,0.2337662337662338,-0.1078838174273859,False,True,False,False,False,False,DEV 2015-21,462.0,0.005,False,2.3100000000000005,37454843.580000006,2020-06-08,16214217.999999998,,False,True
SPCB,2020-11-30,0.8372093023255813,36.0,False,False,False,sin 8-K,False,True,,0.7472573839662447,0.2241772151898734,0.0443037974683544,0.0743801652892562,False,True,False,False,False,False,DEV 2015-21,316.0,0.005,False,1.5800000000000003,,2020-11-30,,,False,True
SPCB,2021-03-19,1.0275862068965518,36.0,False,False,False,sin 8-K,False,True,11759262060.0,0.7603174603174603,0.228095238095238,0.0034013605442175,0.1741071428571428,False,True,False,False,False,False,DEV 2015-21,588.0,0.005,False,2.9400000000000004,58796310.30000001,2021-03-19,19998745.0,,False,True
SPHL,2026-01-15,2.4755556318495007,15.0,False,False,False,sin 8-K,False,True,,-1.2500000000000002,-1.2363426426131798,2.2109974500188385,0.5732337798128673,False,True,False,False,False,False,VAL 2022-26,7.820000171661377,1.0,False,7.82,,2026-01-15,,,False,True
SPRB,2023-01-06,1.536,28.0,True,False,False,sin 8-K,False,False,420108707812.5,0.755310199789695,0.2265930599369085,0.0662460567823344,-0.0454545454545454,True,True,False,False,False,False,VAL 2022-26,17831.25,0.0001777777777777,False,3.170000000000001,74685992.50000001,2023-01-06,23560250.0,,False,False
SPRB,2025-10-06,2.9421770590499587,28.0,True,False,False,sin 8-K,True,False,19576970.597740173,-1.2499999999999998,-2.7603592804056984,3.889272296861339,-0.400306860815264,False,True,False,False,False,True,VAL 2022-26,34.77000045776367,1.0,False,34.77,19576970.597740173,2025-10-06,563042.0074127171,,True,False
SPRC,2022-11-07,0.5490196976195865,28.0,True,False,False,sin 8-K,False,True,,1.0637131810041829,0.3191139543012548,0.0063290685481178,0.0471697564911812,False,True,False,False,False,False,VAL 2022-26,7764.1201171875,0.0002035002035002,False,1.58000002384768,,2022-11-07,,,False,False
SPRC,2023-10-03,0.8288042543482457,28.0,True,True,True,sin 8-K,False,True,,0.7739969060715227,0.2321990718214568,0.0475482769733295,-0.0019607361400681,True,True,False,True,False,False,VAL 2022-26,1271.969970703125,0.0052910052910052,False,6.729999844990079,,2023-10-03,,H,False,False
SPRC,2023-10-17,1.7395016353155055,28.0,True,True,True,sin 8-K,False,True,,0.5676886499258883,0.1703065949777664,0.0963886980826214,0.0808241033473197,True,True,False,True,False,False,VAL 2022-26,1454.9219970703125,0.0052910052910052,False,7.697999984499008,,2023-10-17,,R,False,False
SPRC,2023-10-31,0.8123167733085943,28.0,True,True,True,sin 8-K,False,True,,0.2687161865107649,0.0806148559532294,0.0744336055482515,-0.0160141283352903,False,True,False,True,True,False,VAL 2022-26,1168.02001953125,0.0052910052910052,False,6.180000103339947,,2023-10-31,,H,False,False
SPRC,2023-11-15,0.6536696977595333,28.0,True,False,True,sin 8-K,False,True,,0.3134073195788001,0.09402219587364,0.0332871815103184,0.03405569319552,True,True,False,True,False,False,VAL 2022-26,1362.68994140625,0.0052910052910052,False,7.209999689980158,,2023-11-15,,,False,False
SPRC,2024-01-24,0.6213873369178133,28.0,True,False,True,sin 8-K,False,True,749288945.6748047,-0.3601305534090361,-0.1080391660227108,0.1604277785504224,0.0048701676569029,True,True,False,True,False,False,VAL 2022-26,1060.2900390625,0.0052910052910052,False,5.610000206679894,3964491.776057168,2024-01-24,706683.0000000001,,True,False
SPRC,2024-02-20,0.8534484326588396,28.0,True,False,True,sin 8-K,False,True,861481945.6560059,1.2224806232600187,0.3667441869780056,0.0511627846429634,-0.0373133992639599,True,True,False,True,False,False,VAL 2022-26,1219.050048828125,0.0052910052910052,False,6.450000258349867,4558105.532571459,2024-02-20,706683.0,,True,False
SPRC,2025-09-17,1.0326087519892693,28.0,True,True,False,sin 8-K,False,True,,-1.25,-0.2051871575938032,0.7005348169324961,-0.0402684302838227,True,True,False,True,False,False,VAL 2022-26,33.65999984741211,0.1111111111111111,False,3.74,,2025-09-17,,O,False,False
SPRC,2026-05-28,2.018223326418289,28.0,True,False,True,sin 8-K,False,True,4842133.0,0.6459119017019211,0.1937735705105763,0.18113204668153,0.0701421571317165,False,True,False,True,True,True,VAL 2022-26,13.25,1.0,False,13.25,4842133.0,2026-05-28,365444.0,,True,False
SPRO,2022-09-22,1.4817516977896683,28.0,True,False,False,8-K con acuerdo (1.01),False,False,71537651.74228191,-1.2500000000000009,-0.0884314160895144,0.5588235912850996,0.1045454609492592,False,False,False,False,False,False,VAL 2022-26,2.039999961853028,1.0,False,2.039999961853028,71537651.74228191,2022-09-22,35067476.99999999,K,False,False
SPRO,2025-05-28,2.0205278576997623,28.0,True,False,False,8-K solo nota de prensa (7.01/8.01),True,False,115155317.26133966,-0.5025889480717376,-0.1507766844215212,0.2038835378447838,0.0936169357955987,True,False,True,False,False,False,VAL 2022-26,2.059999942779541,1.0,False,2.06,115155317.26133966,2025-05-28,55900639.447252266,B,False,False
SPRY,2023-05-12,0.5398230237868951,28.0,True,False,False,sin 8-K,True,False,657045078.4811897,-1.2500000000000009,-0.1651724019808473,0.3864941904654766,0.0286069676821835,True,True,False,False,False,False,VAL 2022-26,6.960000038146973,1.0,False,6.960000038146973,657045078.4811897,2023-05-12,94403028.0,,False,False
SPWR,2024-07-01,0.9017858083683006,17.0,False,False,True,sin 8-K,True,False,104575625.16865252,0.9838811587545282,0.2951643476263584,0.1032862809255743,0.0472973321283529,False,True,False,True,True,False,VAL 2022-26,2.130000114440918,1.0,False,2.130000114440918,104575625.16865252,2024-07-01,49096534.99999999,,False,True
SQFT,2025-07-14,1.1330722766603525,67.0,True,False,False,sin 8-K,True,False,154278943.40066528,-1.2500000000000002,-0.2577065006818334,1.110091816966619,0.3330882764398833,False,True,False,False,False,False,VAL 2022-26,10.899999618530272,1.0,False,10.9,154278943.40066528,2025-07-14,14154031.50464819,,False,False
SQNS,2024-08-23,1.925925925925926,36.0,True,False,False,sin 8-K,False,True,,0.8738396624472574,0.2621518987341772,0.0822784810126582,-0.0260869565217391,False,True,False,False,False,False,VAL 2022-26,39.5,0.04,False,1.5800000000000003,,2024-08-23,,O,False,False
SRRK,2024-10-07,2.5498652131744834,28.0,True,False,False,8-K solo nota de prensa (7.01/8.01),True,False,2108059302.032009,-1.2500000000000009,-0.3114426188577255,0.3052392129442496,0.1397315979798573,False,False,True,False,False,False,VAL 2022-26,26.34000015258789,1.0,False,26.34,2108059302.032009,2024-10-07,80032623.4636298,B,False,False
SRXH,2024-05-24,0.6390242734202214,20.0,True,False,False,sin 8-K,True,False,266888822.90982056,1.0678570668308076,0.3203571200492422,0.0639881087707829,0.0266666412353515,False,True,False,False,False,False,VAL 2022-26,298.6666564941406,0.0225,False,6.7199997711181645,6004998.515470963,2024-05-24,893601.0,,True,False
SRXH,2025-05-09,1.358490622622187,20.0,True,False,False,sin 8-K,True,False,181650375.0,1.4653333875868055,0.4396000162760416,0.0,0.2441860056791676,False,True,False,False,False,False,VAL 2022-26,75.0,0.0166666666666666,False,1.25,3027506.25,2025-05-09,2422005.0,,True,False
SRZN,2026-09-24,0.8910890937190394,28.0,True,False,False,sin 8-K,False,False,359188726.2029228,-0.3736475669456393,-0.1120942700836917,0.1734293598504728,0.1229215959660256,True,True,False,False,False,False,VAL 2022-26,30.559999465942383,1.0,False,30.56,359188726.2029228,2026-09-24,11753557.79459826,,False,False
SSII,2025-04-25,0.9375,38.0,False,False,False,sin 8-K,False,False,2910041656.5,-1.2500000000000009,0.2577419108729208,0.4464516178254158,0.0422907911698667,False,True,False,False,False,False,VAL 2022-26,15.5,1.0,False,15.5,2910041656.5,2025-04-25,187744623.0,,False,True
SSM,2025-09-05,1.5028441519312774,61.0,True,False,False,8-K solo nota de prensa (7.01/8.01),False,True,31332092.0,1.1075757171168472,0.3322727151350541,0.2603181492198596,0.2370421729010844,False,False,True,False,False,False,VAL 2022-26,22.0,1.0,False,22.0,31332092.0,2025-09-05,1424186.0,O,True,False
SSM,2026-09-18,0.650684947165791,61.0,True,True,False,sin 8-K,False,True,3433850.062294483,1.2114800322468535,0.3634440096740561,0.132780050558587,0.1357616186821642,False,True,False,True,True,True,VAL 2022-26,2.4100000858306885,1.0,False,2.41,3433850.062294483,2026-09-18,1424834.0507445987,,True,False
STAK,2025-06-16,0.9179486759393968,35.0,False,False,False,sin 8-K,False,True,,1.2411765268367203,0.3723529580510161,0.0614973311462572,-0.056277107212606,False,True,False,False,False,False,VAL 2022-26,3.740000009536743,1.0,False,3.74,,2025-06-16,,,False,True
STEX,2024-10-23,0.641791039464946,38.0,True,True,True,sin 8-K,True,False,17906180.988106012,0.2696970353770176,0.0809091106131053,0.145454511957721,0.1800000071525573,False,True,False,True,True,True,VAL 2022-26,1.100000023841858,1.0,False,1.100000023841858,17906180.988106012,2024-10-23,16278346.0,,False,False
STG,2021-02-05,0.6928571428571428,82.0,False,False,False,sin 8-K,False,True,,1.148101265822785,0.3444303797468354,0.2447257383966243,0.0196078431372549,False,True,False,False,False,False,DEV 2015-21,29.625,0.08,False,2.37,,2021-02-05,,,False,True
STG,2026-05-29,0.8970587474767733,82.0,False,False,False,sin 8-K,False,True,,-0.6664082997760714,-0.1999224899328214,0.2015503861641814,0.2915309447518905,False,True,False,False,False,False,VAL 2022-26,5.159999847412109,1.0,False,5.16,,2026-05-29,,H,False,True
STGW,2020-06-26,1.408695685525473,73.0,True,False,False,8-K solo nota de prensa (7.01/8.01),False,True,,0.8330926998411059,0.2499278099523317,0.0397112398093271,-0.0585366472043443,False,False,True,False,False,False,DEV 2015-21,2.7699999809265137,1.0,False,2.7699999809265137,,2020-06-26,,O,False,False
STI,2024-03-18,0.867816091954023,36.0,False,False,False,8-K con acuerdo (1.01),True,False,,0.5102564102564102,0.153076923076923,0.1200000000000001,-0.0772058823529411,False,False,False,False,False,False,VAL 2022-26,162.5,0.02,False,3.25,,2024-03-18,,F,False,True
STI,2025-09-03,1.2835365355032526,36.0,False,False,False,sin 8-K,True,False,20349625.318149567,0.180284627015714,0.0540853881047142,0.0413885753123888,0.0213980157588893,False,True,False,False,False,True,VAL 2022-26,7.489999771118164,1.0,False,7.49,20349625.318149567,2025-09-03,2716905.91697591,,True,True
STI,2025-10-13,1.111111226918562,36.0,False,False,False,sin 8-K,True,False,31488940.95456696,-1.2500000000000004,-0.875832589758114,1.389818773905628,-0.2947976878612717,False,True,False,False,False,False,VAL 2022-26,11.59000015258789,1.0,False,11.59,31488940.95456696,2025-10-13,2716906.0357693667,,True,True
STI,2026-06-04,3.9146826677071305,36.0,False,False,False,sin 8-K,True,False,191860571.4556923,-1.2499999999999998,0.0731651730004449,0.5401695930902388,-0.5728755024532654,False,True,False,False,False,False,VAL 2022-26,24.770000457763672,1.0,False,24.77,191860571.4556923,2026-06-04,7745683.143144622,,False,True
STKH,2026-07-30,0.584870854552,20.0,True,True,True,sin 8-K,False,True,,1.1036477505350863,0.3310943251605259,0.1874271976808061,0.1519434063360371,False,True,False,True,True,False,VAL 2022-26,4.295000076293945,1.0,False,4.295,,2026-07-30,,,False,False
STKH,2026-08-10,1.0531914387692578,20.0,True,True,True,sin 8-K,False,True,,-1.2500000000000009,-0.1239897169940505,0.8393782636246185,0.0720930621970836,False,True,False,True,True,False,VAL 2022-26,3.859999895095825,1.0,False,3.86,,2026-08-10,,,False,False
STOK,2024-03-26,0.7030768761268029,28.0,True,False,False,8-K otros items,False,False,512582420.8792191,0.2015356080921665,0.0604606824276499,0.1743451091582373,-0.3770651242784072,False,False,False,False,False,False,VAL 2022-26,11.06999969482422,1.0,False,11.06999969482422,512582420.8792191,2024-03-26,46303743.0,R,False,False
STTK,2023-12-13,1.0758295413289587,28.0,True,False,False,8-K solo nota de prensa (7.01/8.01),False,False,186086429.1620779,-0.3986301419573939,-0.1195890425872181,0.2374429074611515,-0.4320987339385109,True,False,True,False,False,False,VAL 2022-26,4.380000114440918,1.0,False,4.380000114440918,186086429.1620779,2023-12-13,42485485.0,B,False,False
SUGP,2024-02-23,0.5666666666666667,73.0,False,True,False,sin 8-K,False,True,3425125000.0,0.978916827852998,0.2936750483558994,0.1334622823984526,-0.1027777777777777,False,True,False,True,True,False,VAL 2022-26,258.5,0.02,False,5.170000000000001,68502500.00000001,2024-02-23,13250000.0,,False,False
SUGP,2026-06-16,1.724176941758214,73.0,True,True,False,sin 8-K,False,True,17577264.0,1.758333280351427,0.5274999841054281,0.0625,0.0630631296290791,False,True,False,True,True,True,VAL 2022-26,12.0,0.2,False,2.4,3515452.8000000003,2026-06-16,1464772.0000000002,,True,False
SUIG,2025-07-25,0.5243242685946352,61.0,False,False,False,sin 8-K,True,False,18006418.67373824,-1.2500000000000002,-1.1021986649066529,1.3546099374726124,-0.0067796544417744,False,True,False,False,False,True,VAL 2022-26,2.819999933242798,1.0,False,2.819999933242798,18006418.67373824,2025-07-25,6385255.0,,False,True
SUNE,2021-03-02,0.874766355140187,17.0,False,False,False,sin 8-K,True,False,56133340332000.0,0.8938850116317714,0.2681655034895314,0.1415752741774676,0.1146408839779005,False,True,False,False,False,False,DEV 2015-21,6018000.0,1.6666666666666669e-06,False,10.03,93555567.22,2021-03-02,9327574.0,,False,True
SUNE,2022-10-06,0.5144927536231885,17.0,True,False,False,sin 8-K,True,False,,-0.3283891547049442,-0.0985167464114832,0.1746411483253589,0.1648351648351648,False,True,False,False,False,False,VAL 2022-26,627000.0,6.666666666666667e-06,False,4.18,,2022-10-06,,,False,False
SUNE,2024-07-09,0.6333333333333333,17.0,True,False,False,8-K otros items,True,False,1255911532400.0,-0.6115646258503402,-0.183469387755102,0.2959183673469387,-0.208695652173913,False,False,False,False,False,False,VAL 2022-26,19600.0,0.0001,False,1.96,125591153.24,2024-07-09,64077119.0,H,False,False
SUNE,2026-06-08,1.6460177187202998,17.0,True,True,False,8-K con acuerdo (1.01),True,False,10185781.872488022,-1.2500000000000009,-0.976555215948624,2.1605350431852592,0.3945578446441862,False,False,False,True,False,True,VAL 2022-26,2.990000009536743,1.0,False,2.99,10185781.872488022,2026-06-08,3406616.010865559,O,True,False
SURG,2025-03-26,0.7391305098987335,48.0,True,False,False,sin 8-K,False,False,48987719.54659701,0.0361113732611587,0.0108334119783476,0.2291666376921877,0.0723403594784172,False,True,False,False,False,False,VAL 2022-26,2.400000095367432,1.0,False,2.4,48987719.54659701,2025-03-26,20411549.811082087,,False,False
SVRA,2019-12-30,1.3815027977661969,28.0,True,False,False,8-K solo nota de prensa (7.01/8.01),True,False,169786785.6038456,-0.6724918962757243,-0.2017475688827172,0.262135911093478,0.0875763425054404,True,False,True,False,False,False,DEV 2015-21,4.119999885559082,1.0,False,4.119999885559082,169786785.6038456,2019-12-30,41210386.0,B,False,False
SVRE,2022-08-22,0.6834532596401153,73.0,False,True,False,sin 8-K,False,True,,1.1917378188023515,0.3575213456407054,0.0213675217803639,0.1385135266719123,False,True,False,True,True,False,VAL 2022-26,40435.19921875,0.0015432098765432,False,62.39999879436728,,2022-08-22,,S,False,False
SVRE,2023-05-04,0.9137931068082064,73.0,False,False,False,sin 8-K,False,True,532859831700.625,0.9126127777376128,0.2737838333212838,0.1711711234683934,0.1194968303090386,False,True,False,False,False,False,VAL 2022-26,19180.80078125,0.0015432098765432,False,29.600001205632715,822314555.093557,2023-05-04,27780895.999999996,,False,True
SVRE,2026-06-30,1.1360293682600189,73.0,True,True,True,sin 8-K,False,True,174074901583.42313,1.7853699765321156,0.5356109929596347,0.0154905599783592,0.0378788405596586,True,True,False,True,False,False,VAL 2022-26,5.809999942779541,1.0,False,5.8098,174074901583.42313,2026-06-30,29962288130.989555,H,False,False
SVRN,2025-06-16,0.7204968944099379,44.0,True,False,False,sin 8-K,False,True,10394400070.0,0.5081829121540313,0.1524548736462093,0.1444043321299639,-0.25,False,True,False,False,False,False,VAL 2022-26,1385.0,0.002,False,2.77,20788800.14,2025-06-16,7504982.0,,False,False
SVRN,2025-06-23,0.5138888888888888,44.0,True,False,False,sin 8-K,False,True,8180430380.0,-0.063914373088685,-0.0191743119266055,0.2431192660550458,0.0863636363636363,False,True,False,False,False,False,VAL 2022-26,1090.0,0.002,False,2.18,16360860.76,2025-06-23,7504981.999999999,,False,False
SWVL,2026-08-25,0.571428501918783,73.0,True,False,False,sin 8-K,False,True,,0.1109666769258906,0.0332900030777671,0.0822511090592663,-0.0452488248445532,True,True,False,False,False,False,VAL 2022-26,2.309999942779541,1.0,False,2.31,,2026-08-25,,F,False,False
SXTC,2020-01-16,0.5090090090090089,28.0,False,True,False,sin 8-K,False,True,,0.93681592039801,0.281044776119403,0.0298507462686568,0.0736842105263157,False,True,False,True,True,False,DEV 2015-21,1608000.0,8.333333333333334e-07,False,1.34,,2020-01-16,,,False,False
SXTC,2023-12-29,1.9154228855721391,28.0,True,False,False,sin 8-K,False,True,,1.0417519908987487,0.3125255972696246,0.0904436860068258,0.3350125944584383,True,True,False,False,False,False,VAL 2022-26,70320.0,8.333333333333334e-05,False,5.86,,2023-12-29,,,False,False
SXTC,2024-02-08,0.6208791208791209,28.0,False,False,False,sin 8-K,False,True,,0.9045197740112996,0.2713559322033898,0.0847457627118644,0.1037735849056603,False,True,False,False,False,False,VAL 2022-26,35400.0,8.333333333333334e-05,False,2.95,,2024-02-08,,,False,True
SXTP,2026-01-22,1.994999885559082,28.0,True,False,True,8-K otros items,True,False,25340382.55172729,-1.2500000000000004,0.1485976369891911,0.4390651443964866,0.0992063499572265,False,False,False,True,False,True,VAL 2022-26,5.989999771118164,1.0,False,5.99,25340382.55172729,2026-01-22,4230447.838351801,S,True,False
SYM,2022-06-21,0.5607143157193464,35.0,False,True,False,sin 8-K,True,False,,1.3218661547038246,0.3965598464111474,0.0861937562191605,0.0134961460465144,False,True,False,True,True,False,VAL 2022-26,26.21999931335449,1.0,False,26.21999931335449,,2022-06-21,,,False,False
SYPR,2021-02-24,1.5864661249784775,38.0,False,False,False,sin 8-K,False,False,146659256.19950867,0.8484496809049223,0.2545349042714767,0.1468022870994896,0.1245059528784991,False,True,False,False,False,False,DEV 2015-21,6.880000114440918,1.0,False,6.880000114440918,146659256.19950867,2021-02-24,21316752.0,,False,True
TAOP,2018-01-05,0.7920792079207921,73.0,False,False,False,sin 8-K,False,True,262146232044.0,-1.250000000000001,0.277292817679558,0.4364640883977901,0.0,False,True,False,False,False,False,DEV 2015-21,6516.0,0.0005555555555555,False,3.62,145636795.58,2018-01-05,40231159.0,,False,True
TAOP,2023-09-01,1.3214286768517574,73.0,True,True,True,sin 8-K,False,True,,1.1205128205128203,0.3361538461538461,0.0249999608748998,0.0294117647058823,False,True,False,True,True,False,VAL 2022-26,156.0,0.0333333333333333,False,5.2,,2023-09-01,,R,False,False
TAOP,2024-02-14,0.6929824629893506,73.0,True,False,True,sin 8-K,False,True,167436498.2125702,0.5884284840033298,0.1765285452009989,0.0259067350685571,0.1019108151287496,True,True,False,True,False,False,VAL 2022-26,57.900001525878906,0.0333333333333333,False,1.9300000508626305,5581216.607085673,2024-02-14,2891821.9999999995,,True,False
TARA,2024-12-05,1.6694915003102135,28.0,True,False,False,8-K solo nota de prensa (7.01/8.01),False,False,194951341.4651833,1.1765431737454364,0.3529629521236309,0.1089946829375954,0.0182724474855354,True,False,True,False,False,False,VAL 2022-26,9.449999809265137,1.0,False,9.45,194951341.4651833,2024-12-05,20629771.58361728,B,False,False
TATT,2020-09-25,0.8034825956215674,37.0,False,False,False,sin 8-K,False,True,,0.6241378521097117,0.1872413556329135,0.0220689444706356,0.0378007320515262,False,True,False,False,False,False,DEV 2015-21,7.25,1.0,False,7.25,,2020-09-25,,H,False,True
TATT,2021-07-02,0.6526139079974438,37.0,False,False,False,sin 8-K,False,True,86972022.49271393,0.4258504609506867,0.127755138285206,0.065306058897173,0.0556212782012505,False,True,False,False,False,False,DEV 2015-21,9.800000190734863,1.0,False,9.800000190734863,86972022.49271393,2021-07-02,8874696.0,H,False,True
TBCH,2018-05-10,0.6296830441448829,36.0,False,False,False,8-K otros items,True,False,154766011.81203365,-0.0657529185370192,-0.0197258755611057,0.2272325021638961,-0.4036778090677224,False,False,False,False,False,False,DEV 2015-21,11.3100004196167,1.0,False,11.3100004196167,154766011.81203365,2018-05-10,13683997.0,R,False,True
TBLA,2022-11-28,0.6902173036297479,73.0,False,False,True,sin 8-K,False,True,,0.4704177985480486,0.1411253395644146,0.0514469746712833,0.0643939657343748,False,True,False,True,True,False,VAL 2022-26,3.109999895095825,1.0,False,3.109999895095825,,2022-11-28,,S,False,True
TC,2026-07-01,1.7783782704021056,73.0,True,False,False,sin 8-K,False,True,,0.1871593285229677,0.0561477985568903,0.2315175268738101,0.3895833436813615,False,True,False,False,False,False,VAL 2022-26,5.139999866485596,1.0,False,5.14,,2026-07-01,,,False,False
TDIC,2026-05-12,0.7355769230769231,87.0,False,True,True,sin 8-K,False,True,,-1.2500000000000004,-0.3174792243767313,0.5900277008310248,-8.766949152542374,False,True,False,True,True,False,VAL 2022-26,45.125,0.04,False,1.805,,2026-05-12,,H,False,False
TDTH,2025-01-31,0.6842105263157894,73.0,False,False,False,sin 8-K,False,True,,-1.2500000000000009,0.2650000158945719,0.34375,0.3249999917786695,False,True,False,False,False,False,VAL 2022-26,48.0,0.0333333333333333,False,1.6,,2025-01-31,,,False,True
TDTH,2026-07-07,0.6483516008464383,73.0,False,False,False,sin 8-K,False,True,,0.4555556191338433,0.1366666857401529,0.0533333619435627,0.28515621725819,False,True,False,False,False,False,VAL 2022-26,3.0,1.0,False,3.0,,2026-07-07,,,False,True
TECX,2023-05-22,0.8205129851015893,28.0,True,False,False,8-K con acuerdo (1.01),True,False,751264382.6840286,0.2248827420926001,0.06746482262778,0.1971830118824231,0.0,False,False,False,False,False,False,VAL 2022-26,17.040000915527344,0.0833333333333333,False,1.420000076293945,62605365.22366905,2023-05-22,44088283.00000001,K,False,False
TECX,2025-01-30,0.9245723686430394,28.0,True,False,True,8-K solo nota de prensa (7.01/8.01),True,False,730258105.5,-0.3929293032045717,-0.1178787909613715,0.1842424026643387,0.0127644194199809,True,False,True,True,False,False,VAL 2022-26,49.5,1.0,False,49.5,730258105.5,2025-01-30,14752689.0,B,False,False
TELO,2025-07-18,1.5247933640032882,28.0,True,False,False,8-K solo nota de prensa (7.01/8.01),False,False,90924961.89187264,0.812275044661535,0.2436825133984604,0.0147298975096692,0.0307017254917461,True,False,True,False,False,False,VAL 2022-26,3.055000066757202,1.0,False,3.055,90924961.89187264,2025-07-18,29762671.650367476,H,False,False
TENX,2018-04-04,0.8796992481203008,28.0,False,False,False,sin 8-K,True,False,22848592000.0,0.7033333333333334,0.211,0.1919999999999999,0.0141206675224646,False,True,False,False,False,False,DEV 2015-21,16000.0,0.000625,False,10.000000000000002,14280370.000000002,2018-04-04,1428037.0,,True,True
TENX,2020-06-02,0.606896551724138,28.0,True,True,False,8-K solo nota de prensa (7.01/8.01),True,False,28363529904.0,0.95379113018598,0.2861373390557939,0.150214592274678,0.0853658536585365,True,False,True,True,False,False,DEV 2015-21,3728.0,0.000625,False,2.3300000000000005,17727206.190000005,2020-06-02,7608243.000000001,B,False,False
TENX,2020-12-29,1.0,28.0,True,True,True,sin 8-K,True,False,43208719456.0,-1.2500000000000002,0.0647663551401869,0.3271028037383177,0.0,False,True,False,True,True,False,DEV 2015-21,3424.0,0.000625,False,2.140000000000001,27005449.660000004,2020-12-29,12619368.999999996,,False,False
TENX,2023-02-02,1.4260355577194748,28.0,True,False,False,8-K solo nota de prensa (7.01/8.01),True,False,14660358520.0,1.5032520015065265,0.4509756004519579,0.048780487804878,0.2081448100483612,False,False,True,False,False,False,VAL 2022-26,328.0,0.0125,False,4.1000000000000005,183254481.5,2023-02-02,44696214.99999999,H,False,False
TENX,2024-02-06,1.3291283077979386,28.0,True,True,True,8-K solo nota de prensa (7.01/8.01),True,False,484646021.79608536,1.4207943360665738,0.4262383008199721,0.0566223362269751,-0.2454148878974562,False,False,True,True,False,False,VAL 2022-26,20.309999465942383,1.0,False,20.309999465942383,484646021.79608536,2024-02-06,23862434.0,H,False,False
TENX,2024-08-06,0.6883560614819446,28.0,True,False,True,8-K solo nota de prensa (7.01/8.01),True,False,9654147.513844969,0.7577416353039025,0.2273224905911707,0.0446248021681874,-0.0824468569107432,False,False,True,True,False,True,VAL 2022-26,4.929999828338623,1.0,False,4.929999828338623,9654147.513844969,2024-08-06,1958245.0000000005,F,True,False
TGE,2025-11-03,0.5038559915002856,27.0,False,True,True,sin 8-K,False,True,,-1.2500000000000004,-0.5570085548461075,0.7008547713927447,0.3038673865766384,False,True,False,True,True,False,VAL 2022-26,1.1699999570846558,1.0,False,1.1701,,2025-11-03,,,False,False
TGHL,2026-07-16,0.5766870802214894,73.0,False,False,False,sin 8-K,False,True,,-1.2500000000000002,-0.1928793933146872,0.3229572699160925,0.3157894901951926,False,True,False,False,False,False,VAL 2022-26,1.284999966621399,1.0,False,1.285,,2026-07-16,,O,False,True
TGL,2024-03-20,0.6621004566210045,73.0,False,False,False,sin 8-K,True,False,563758169520.0,0.5298534798534799,0.1589560439560439,0.1936813186813186,0.2628099173553719,True,True,False,False,False,False,VAL 2022-26,7280.0,0.001,False,7.28,563758169.52,2024-03-20,77439309.0,,False,True
TGL,2024-08-20,1.603448275862069,73.0,True,False,False,sin 8-K,True,False,1970095490.0,-1.2500000000000002,0.0628476821192053,0.5364238410596027,0.2,False,True,False,False,False,False,VAL 2022-26,1510.0,0.001,False,1.51,1970095.49,2024-08-20,1304699.0,,True,False
TGL,2024-09-23,0.588235294117647,73.0,True,False,False,8-K con acuerdo (1.01),True,False,1409074920.0,-1.2500000000000002,-0.1118518518518518,0.3703703703703704,0.0924369747899159,False,False,False,False,False,False,VAL 2022-26,1080.0,0.001,False,1.08,1409074.92,2024-09-23,1304698.9999999998,H,True,False
TGL,2025-04-16,0.7788462190938443,73.0,True,False,True,sin 8-K,True,False,3879618202.0,-0.1324322949658643,-0.0397296884897592,0.1891891891891892,0.2572178380457696,False,True,False,True,True,False,VAL 2022-26,74.0,0.05,False,3.7,193980910.1,2025-04-16,52427272.99999999,,False,False
TGL,2025-09-11,0.6255605242129567,73.0,True,True,True,8-K solo nota de prensa (7.01/8.01),True,False,77004918.0,0.3804598139620376,0.1141379441886112,0.2275861542800377,0.0708661127595993,True,False,True,True,False,False,VAL 2022-26,29.0,0.05,False,1.45,3850245.9,2025-09-11,2655342.0,O,True,False
TGTX,2017-03-06,0.9158878846193096,28.0,True,False,False,8-K solo nota de prensa (7.01/8.01),False,False,583312576.0,-0.0170731087041095,-0.0051219326112328,0.1317073542897293,-0.0686274335641942,False,False,True,False,False,False,DEV 2015-21,10.25,1.0,False,10.25,583312576.0,2017-03-06,56908544.0,B,False,False
TISI,2022-08-15,0.6428571498081217,76.0,True,False,False,8-K con acuerdo (1.01),True,False,695904468.3886013,0.0908903451870506,0.0272671035561152,0.0186334925436293,0.135483895578692,False,False,False,False,False,False,VAL 2022-26,16.100000381469727,0.1,False,1.6100000381469728,69590446.83886014,2022-08-15,43223879.0,R,False,False
TKLF,2022-07-22,0.5222929878270457,59.0,False,False,False,sin 8-K,False,True,866376276.7717018,0.0921896280188614,0.0276568884056584,0.163179902961442,0.2956521407417629,False,True,False,False,False,False,VAL 2022-26,23.89999961853028,0.1,False,2.3899999618530274,86637627.67717019,2022-07-22,36250054.0,O,False,True
TLSA,2020-03-11,1.3514857230922153,28.0,True,True,False,sin 8-K,False,True,259747445.29190016,-1.2500000000000004,0.158421091581915,0.6210526223364947,-0.331645813633327,False,True,False,True,True,False,DEV 2015-21,1.9007600545883176,2.499,False,4.749999376416207,649108865.7844585,2020-03-11,136654515.99999997,O,False,False
TLSA,2020-04-09,0.7050695527216528,28.0,True,True,False,sin 8-K,False,True,202329584.8487253,0.2369370384868964,0.0710811115460689,0.0270269835056158,0.0941174460508872,True,True,False,True,False,False,DEV 2015-21,1.4805920124053955,2.499,False,3.699999439001084,505621632.5369645,2020-04-09,136654515.99999994,F,False,False
TLYS,2026-03-12,0.5950919706985027,56.0,False,False,False,8-K otros items,False,False,,0.2230766879501106,0.0669230063850331,0.0500000458497285,-0.1208333126372769,False,False,False,False,False,False,VAL 2022-26,2.5999999046325684,1.0,False,2.6,,2026-03-12,,R,False,True
TMDE,2025-06-13,0.6711229371255485,51.0,False,True,False,sin 8-K,False,True,25000000.0,-1.2500000000000002,-0.0579999542236328,0.3359999656677246,-0.5343512047782726,False,True,False,True,True,True,VAL 2022-26,1.25,1.0,False,1.25,25000000.0,2025-06-13,20000000.0,,False,False
TMDE,2025-06-16,0.5801526898166871,51.0,False,True,False,sin 8-K,False,True,41399998.66485596,0.0632849351280686,0.0189854805384205,0.2512077283557674,-0.0199004786282652,False,True,False,True,True,False,VAL 2022-26,2.069999933242798,1.0,False,2.07,41399998.66485596,2025-06-16,19999999.35500288,,False,False
TMDE,2026-03-02,2.242950150669812,51.0,False,False,False,sin 8-K,False,True,,-0.1113711627865438,-0.0334113488359631,0.0401337408616511,-0.32026145013039,False,True,False,False,False,False,VAL 2022-26,2.990000009536743,1.0,False,2.99,,2026-03-02,,,False,True
TMDE,2026-04-02,0.6037737164645132,51.0,False,False,False,sin 8-K,False,True,,-0.3666665731691872,-0.1099999719507561,0.1117646662834204,0.0374331830340064,False,True,False,False,False,False,VAL 2022-26,1.7000000476837158,1.0,False,1.7,,2026-04-02,,,False,True
TMQ,2025-10-07,2.459330294732147,10.0,True,False,False,8-K con acuerdo (1.01),False,True,1187971497.4339914,0.303227301589521,0.0909681904768563,0.1037344395603627,0.0292307780339167,False,False,False,False,False,False,VAL 2022-26,7.230000019073486,1.0,False,7.23,1187971497.4339914,2025-10-07,164311410.43347046,O,False,False
TNMG,2026-09-18,0.6133829220332265,73.0,False,False,False,sin 8-K,False,True,,0.327649961984873,0.0982949885954619,0.1589861827099292,-0.121447101014813,False,True,False,False,False,False,VAL 2022-26,4.340000152587891,1.0,False,4.34,,2026-09-18,,,False,True
TNON,2023-02-15,0.606060606060606,38.0,False,False,False,sin 8-K,False,False,50026238052.0,-1.2500000000000004,-0.3810691823899371,0.5660377358490567,-0.0458715596330275,False,True,False,False,False,False,VAL 2022-26,4452.0,0.0003571428571428,False,1.59,17866513.59,2023-02-15,11236801.0,,False,True
TNON,2025-03-25,3.406953202479074,38.0,True,False,True,sin 8-K,True,False,473154469.79422,-1.2500000000000009,0.1199304296352881,0.3573085297689504,0.3546666899181547,False,True,False,True,True,False,VAL 2022-26,150.85000610351562,0.0285714285714285,False,4.31,13518699.136977714,2025-03-25,3136589.1269089826,,True,False
TNON,2026-08-19,1.1412844926076238,38.0,True,True,False,sin 8-K,True,False,7784438.540891647,-1.25,0.0122793682246833,0.5287060870571441,0.3803680748282467,False,True,False,True,True,True,VAL 2022-26,11.670000076293944,1.0,False,11.67,7784438.540891647,2026-08-19,667047.0043608953,,True,False
TNXP,2018-12-07,0.9841269841269842,28.0,True,True,False,sin 8-K,True,False,568137760000000.0,1.732,0.5196,0.1584000000000001,0.0748299319727891,False,True,False,True,True,False,DEV 2015-21,40000000.0,1.5625e-07,False,6.250000000000001,88771525.0,2018-12-07,14203443.999999998,,False,False
TNXP,2019-03-08,0.6448598130841121,28.0,True,True,True,sin 8-K,True,False,319975186432000.0,0.6484848484848486,0.1945454545454545,0.1931818181818181,-0.2035714285714285,True,True,False,True,False,False,DEV 2015-21,22528000.0,1.5625e-07,False,3.5200000000000005,49996122.88,2019-03-08,14203443.999999998,,False,False
TNXP,2020-02-27,1.1666666666666663,28.0,True,True,True,sin 8-K,True,False,1965907008000.0,0.3427350427350428,0.1028205128205128,0.0153846153846153,0.3757225433526011,True,True,False,True,False,False,DEV 2015-21,1248000.0,1.5625e-06,False,1.95,3071729.7,2020-02-27,1575246.0000000002,,True,False
TNXP,2020-12-07,0.6190476190476191,28.0,True,False,True,8-K solo nota de prensa (7.01/8.01),True,False,102218720640000.0,1.0124183006535947,0.3037254901960784,0.0,0.0714285714285714,False,False,True,True,False,False,DEV 2015-21,652800.0,1.5625e-06,False,1.02,159716751.0,2020-12-07,156585050.0,B,False,False
TONX,2023-09-05,0.6340782471146023,61.0,True,False,True,sin 8-K,True,False,1053313560.0,-1.2500000000000004,-1.745042735042735,1.8205128205128207,0.409375,False,True,False,True,True,False,VAL 2022-26,234.0,0.005,False,1.17,5266567.8,2023-09-05,4501340.0,,True,False
TONX,2025-08-04,0.5993690506919505,61.0,False,False,False,8-K con acuerdo (1.01),True,False,28867895.62240124,-1.25,-0.3525378057251934,0.9572649824523298,0.0685602161263243,True,False,False,False,False,True,VAL 2022-26,15.210000038146973,1.0,False,15.210000038146973,28867895.62240124,2025-08-04,1897955.0000000002,F,True,True
TOP,2024-02-09,1.1253822134086255,62.0,True,False,False,sin 8-K,False,True,,0.714868032331947,0.214460409699584,0.1179855676006069,0.4063079945436383,False,True,False,False,False,False,VAL 2022-26,34.75,0.2,False,6.95,,2024-02-09,,,False,False
TOPS,2017-11-06,0.5555555555555556,44.0,True,False,True,sin 8-K,False,True,11612393856000.0,-1.25,-0.51,0.6428571428571428,-0.3809523809523809,False,True,False,True,True,False,DEV 2015-21,1344000.0,8.333333333333335e-07,False,1.1200000000000003,9676994.880000005,2017-11-06,8640174.000000002,O,False,False
TOPS,2017-11-07,1.011904761904762,44.0,True,False,True,sin 8-K,False,True,35044545744000.0,1.0120315581854042,0.3036094674556213,0.0502958579881656,0.6120689655172413,True,True,False,True,False,False,DEV 2015-21,4056000.0,8.333333333333335e-07,False,3.380000000000001,29203788.12000001,2017-11-07,8640174.0,,False,False
TOPS,2022-12-02,0.6308539640929809,44.0,True,True,True,sin 8-K,False,True,,0.8000000894964625,0.2400000268489387,0.0033783482640281,0.5045045003118773,False,True,False,True,True,False,VAL 2022-26,71.04000091552734,0.0833333333333333,False,5.920000076293945,,2022-12-02,,,False,False
TOPS,2026-09-22,0.7916665424903284,44.0,True,True,True,sin 8-K,False,True,,1.0519379056966394,0.3155813717089918,0.0,0.1839080751139099,False,True,False,True,True,False,VAL 2022-26,1.2899999618530271,1.0,False,1.29,,2026-09-22,,,False,False
TOVX,2024-11-01,0.5,28.0,True,True,False,sin 8-K,True,False,55037395.13802052,0.2710807343350107,0.0813242203005032,0.2054794684594001,-0.0402009664938032,False,True,False,True,True,False,VAL 2022-26,2.190000057220459,1.0,False,2.19,55037395.13802052,2024-11-01,25131230.65663038,,False,False
TOYO,2024-07-12,0.9612903583062188,36.0,False,True,False,sin 8-K,False,True,,0.3394735947760398,0.1018420784328119,0.0526316078415871,-0.0592592016986705,False,True,False,True,True,False,VAL 2022-26,3.039999961853028,1.0,False,3.039999961853028,,2024-07-12,,,False,False
TOYO,2024-11-26,0.9034482066894988,36.0,False,False,False,sin 8-K,False,True,,0.0330918682937755,0.0099275604881326,0.0851448898216775,0.2033271600106896,False,True,False,False,False,False,VAL 2022-26,5.519999980926514,1.0,False,5.52,,2024-11-26,,,False,True
TPET,2024-12-19,2.654080419952276,13.0,True,True,False,sin 8-K,True,False,1358864856.0,-1.2500000000000009,0.50000001695421,0.3500000282570168,0.2448979503570331,False,True,False,True,True,False,VAL 2022-26,27.0,0.1111111111111111,False,3.0,150984984.0,2024-12-19,50328328.0,,False,False
TPET,2025-01-08,0.5748031075597753,13.0,True,False,False,sin 8-K,True,False,905909904.0,-1.2500000000000009,-0.0300000339084201,0.3049999872843425,0.0588235233008183,False,True,False,False,False,False,VAL 2022-26,18.0,0.1111111111111111,False,2.0,100656656.0,2025-01-08,50328328.0,,False,False
TPET,2026-03-02,1.4999999684631509,13.0,True,True,False,sin 8-K,True,False,116242104.05381776,-0.255555600407964,-0.0766666801223892,0.2952380971603412,-0.741071366060888,False,True,False,True,True,False,VAL 2022-26,9.449999809265137,0.1111111111111111,False,1.05,12915789.339313084,2026-03-02,12300751.751726747,,False,False
TPST,2021-07-12,1.3477982094686882,28.0,True,True,False,8-K otros items,True,False,9107711661.96698,1.108281176989387,0.332484353096816,0.1144332955099209,0.1488217878058369,False,False,False,True,False,False,DEV 2015-21,478.2699890136719,0.0769230769230769,False,36.78999915489784,700593204.7666909,2021-07-12,19043034.0,O,False,False
TPST,2023-04-28,0.8837208310444014,28.0,True,False,False,8-K solo nota de prensa (7.01/8.01),False,False,444858792.7188873,1.1189300281075814,0.3356790084322744,0.17283957214166,-0.0377358830072742,False,False,True,False,False,False,VAL 2022-26,42.119998931884766,0.0769230769230769,False,3.23999991783729,34219907.1322221,2023-04-28,10561700.0,B,False,False
TRAW,2015-08-14,0.9191919191919192,28.0,True,False,False,sin 8-K,False,False,4658360625000.0,1.168421052631579,0.3505263157894737,0.0526315789473683,0.1275720164609053,True,True,False,False,False,False,DEV 2015-21,213750.0,1.777777777777778e-05,False,3.8,82815300.00000001,2015-08-14,21793500.000000004,,False,False
TRAW,2024-12-23,1.3505976564878397,28.0,True,False,False,8-K otros items,True,False,35701537.77707863,-1.2500000000000004,-0.0752541942070428,0.6474576457483059,0.0763723199247378,True,False,False,False,False,False,VAL 2022-26,11.800000190734863,1.0,False,11.8,35701537.77707863,2024-12-23,3025554.0489049684,O,True,False
TRAW,2025-06-03,0.7816901745433926,28.0,True,True,True,8-K solo nota de prensa (7.01/8.01),True,False,12836688.554837704,0.8362318499142778,0.2508695549742833,0.0197628272259695,0.0802138907891189,False,False,True,True,False,True,VAL 2022-26,2.5299999713897705,1.0,False,2.53,12836688.554837704,2025-06-03,5073789.9426235985,H,False,False
TRIB,2025-01-28,0.6052631446859509,28.0,True,True,True,sin 8-K,False,True,13146480893.114244,-0.415847079967245,-0.1247541239901735,0.1885246397143354,0.0294117839553643,True,True,False,True,False,False,VAL 2022-26,36.59999847412109,0.0333333333333333,False,1.22,438216029.7704748,2025-01-28,359193467.02497935,,False,False
TRIB,2025-08-14,1.148514855224681,28.0,True,False,True,sin 8-K,False,True,,-1.2500000000000004,0.1098156592916241,0.5852534464999537,0.1518324760694317,False,True,False,True,True,False,VAL 2022-26,65.0999984741211,0.0333333333333333,False,2.17,,2025-08-14,,,False,False
TRIB,2025-12-23,0.8764043836156614,28.0,True,False,False,sin 8-K,False,True,,0.7451096011034652,0.2235328803310395,0.047904223532434,0.2031250217308592,False,True,False,False,False,False,VAL 2022-26,50.09999847412109,0.0333333333333333,False,1.67,,2025-12-23,,O,False,False
TRNR,2024-11-19,0.5691699604743083,36.0,True,False,True,sin 8-K,True,False,1737061193.0,-0.008144416456759,-0.0024433249370277,0.0604534005037782,0.0888324873096446,False,True,False,True,True,False,VAL 2022-26,2779.0,0.0014285714285714,False,3.97,2481515.99,2024-11-19,625067.0,,True,False
TRNR,2025-02-26,0.6421052631578947,36.0,True,True,True,sin 8-K,True,False,682573164.0,-1.2500000000000009,0.1887179487179487,0.6282051282051282,-0.224,False,True,False,True,True,False,VAL 2022-26,1092.0,0.0014285714285714,False,1.56,975104.52,2025-02-26,625067.0,,True,False
TRNR,2025-02-27,0.544,36.0,True,True,True,sin 8-K,True,False,844465517.0,0.6575129533678756,0.1972538860103626,0.238341968911917,-0.6797385620915033,False,True,False,True,True,False,VAL 2022-26,1351.0,0.0014285714285714,False,1.93,1206379.3100000003,2025-02-27,625067.0000000001,,True,False
TRON,2024-12-04,1.1746031986312504,61.0,True,True,False,8-K solo nota de prensa (7.01/8.01),True,False,19010773.5561682,0.477615662812784,0.1432846988438352,0.2116788035355212,0.3232758199878016,False,False,True,True,False,True,VAL 2022-26,1.3700000047683716,1.0,False,1.3700000047683716,19010773.5561682,2024-12-04,13876477.0,R,False,False
TRON,2025-06-16,2.8068964133789978,61.0,True,False,False,8-K solo nota de prensa (7.01/8.01),True,False,95184726.87110424,-1.2500000000000009,-0.6748550021988932,0.9637681503702528,0.1588682946652452,False,False,True,False,False,False,VAL 2022-26,5.519999980926514,1.0,False,5.519999980926514,95184726.87110424,2025-06-16,17243610.0,F,False,False
TRUG,2023-07-14,0.6695957820738137,39.0,False,False,False,8-K con acuerdo (1.01),True,False,,1.1508771929824562,0.3452631578947368,0.0478947368421052,0.0375510204081632,False,False,False,False,False,False,VAL 2022-26,9500.0,0.002,False,19.0,,2023-07-14,,O,False,True
TRUG,2024-03-20,0.7391304347826086,39.0,False,True,False,sin 8-K,True,False,,0.15,0.045,0.135,0.1481481481481481,False,True,False,True,True,False,VAL 2022-26,1000.0,0.002,False,2.0,,2024-03-20,,,False,False
TRUG,2026-08-17,0.6288659755805308,39.0,True,False,False,sin 8-K,True,False,1444541.899236083,0.0510550210460977,0.0153165063138293,0.1518987360873143,0.292207753000823,False,True,False,False,False,True,VAL 2022-26,1.5800000429153442,1.0,False,1.58,1444541.899236083,2026-08-17,914267.024832964,,True,False
TRVI,2024-12-12,0.570281152953944,28.0,True,False,False,8-K solo nota de prensa (7.01/8.01),False,False,300544936.6074369,0.2309464402328437,0.0692839320698531,0.1764705380192563,-0.1583333852114514,True,False,True,False,False,False,VAL 2022-26,3.910000085830689,1.0,False,3.91,300544936.6074369,2024-12-12,76865712.68732402,B,False,False
TRVI,2025-03-10,0.532558107040844,28.0,True,True,False,sin 8-K,False,False,506545047.2187767,0.2296914359565985,0.0689074307869795,0.1213960084027532,-0.0378912706044511,False,True,False,True,True,False,VAL 2022-26,6.590000152587891,1.0,False,6.59,506545047.2187767,2025-03-10,76865712.77978402,,False,False
TSAT,2023-08-11,0.5384615731879594,48.0,False,False,False,sin 8-K,False,True,,-0.0256410941099509,-0.0076923282329852,0.0684615648709809,-0.1087123992585017,False,True,False,False,False,False,VAL 2022-26,13.0,1.0,False,13.0,,2023-08-11,,R,False,True
TSHA,2023-08-14,1.0568334706767335,28.0,True,False,True,8-K con acuerdo (1.01),True,False,97986855.010427,-1.25,-0.4113158823479587,0.4539474117623807,-0.0234741547558123,False,False,False,True,False,False,VAL 2022-26,1.5199999809265137,1.0,False,1.5199999809265137,97986855.010427,2023-08-14,64465037.0,R,False,False
TURB,2025-09-16,1.307407373721381,36.0,False,False,False,sin 8-K,False,True,,-1.2500000000000009,-1.0003691140556974,2.2825041252537166,0.0911289673814148,False,True,False,False,False,False,VAL 2022-26,6.230000019073486,1.0,False,6.23,,2025-09-16,,,False,True
TURB,2026-03-02,0.6888888378692761,36.0,True,False,False,sin 8-K,False,True,62797697.21199274,-1.2500000000000004,-0.2117544052277248,0.4736841830080123,-1.10218985723861,False,True,False,False,False,False,VAL 2022-26,1.1399999856948853,1.0,False,1.14,62797697.21199274,2026-03-02,55085699.30876557,,False,False
TURB,2026-09-17,0.7337807193107249,36.0,True,False,False,sin 8-K,False,True,,-1.2500000000000009,0.1254838228374549,0.3290322620340242,0.1492537632103238,False,True,False,False,False,False,VAL 2022-26,1.5499999523162842,1.0,False,1.55,,2026-09-17,,K,False,False
TVGN,2024-04-04,0.8053435114503817,28.0,False,True,True,sin 8-K,True,False,,0.9039464411557436,0.271183932346723,0.0105708245243127,0.1411764705882353,False,True,False,True,True,False,VAL 2022-26,236.5,0.02,False,4.73,,2024-04-04,,,False,False
TWAV,2020-07-22,0.5640000000000001,73.0,False,False,False,sin 8-K,True,False,12262258134.0,0.1797953964194373,0.0539386189258312,0.1994884910485934,-0.0573770491803278,False,True,False,False,False,False,DEV 2015-21,2346.0,0.0016666666666666,False,3.91,20437096.89,2020-07-22,5226879.0,,False,True
TWAV,2025-04-22,0.8504672168342227,73.0,True,False,False,8-K solo nota de prensa (7.01/8.01),False,False,4573507.004056931,0.3202020810168801,0.096060624305064,0.1111111244903801,0.1186440906270785,False,False,True,False,False,True,VAL 2022-26,3.9600000381469727,1.0,False,3.9600000381469727,4573507.004056931,2025-04-22,1154926.0,O,True,False
TWAV,2026-06-04,0.577464843122669,73.0,True,False,False,8-K con acuerdo (1.01),True,False,7452950.431730747,0.9041666555794932,0.2712499966738479,0.1517856753222191,-0.0434782190191533,True,False,False,False,False,True,VAL 2022-26,2.240000009536743,1.0,False,2.24,7452950.431730747,2026-06-04,3327210.014165512,H,True,False
TWG,2024-10-11,0.8738316846288858,20.0,False,True,False,sin 8-K,False,True,,-1.2500000000000004,-0.7905485908937203,1.1446384402600005,0.3557422724417236,False,True,False,True,True,False,VAL 2022-26,360.8999938964844,0.0111111111111111,False,4.01,,2024-10-11,,,False,False
TWG,2025-12-08,0.5823627066069474,20.0,False,False,False,sin 8-K,False,True,,-1.2500000000000009,-1.32440585690393,1.7718191352189812,0.7273966407266678,False,True,False,False,False,False,VAL 2022-26,9.510000228881836,1.0,False,9.51,,2025-12-08,,R,False,True
TWG,2026-01-20,1.2988505621129036,20.0,False,True,False,sin 8-K,False,True,,1.062500047683716,0.3187500143051147,0.0225000381469726,0.1787709606342058,False,True,False,True,True,False,VAL 2022-26,8.0,1.0,False,8.0,,2026-01-20,,H,False,False
TYGO,2023-05-24,1.1329999923706056,36.0,False,True,False,sin 8-K,True,False,121895595.73399924,1.313752135707364,0.3941256407122092,0.0,0.1188041089181604,False,True,False,True,True,False,VAL 2022-26,21.32999992370605,1.0,False,21.32999992370605,121895595.73399924,2023-05-24,5714749.0,,False,False
UAVS,2018-11-27,0.5416666666666667,37.0,True,True,False,sin 8-K,True,False,12771295920.0,0.9876876876876876,0.2963063063063063,0.2432432432432432,0.0129870129870129,False,True,False,True,True,False,DEV 2015-21,1110.0,0.001,False,1.11,12771295.92,2018-11-27,11505671.999999998,,False,False
UAVS,2020-04-30,0.5913043478260869,37.0,True,False,False,sin 8-K,True,False,61394282040.0,-1.2500000000000009,0.5938251366120219,0.4071038251366119,0.0896551724137931,False,True,False,False,False,False,DEV 2015-21,3660.0,0.001,False,3.66,61394282.04,2020-04-30,16774394.0,,False,False
UAVS,2024-11-14,0.8819875431476538,37.0,True,True,True,sin 8-K,True,False,45424611.20108628,-1.25,-0.1915181377919339,0.6105611090823237,0.1899440901760355,False,True,False,True,True,False,VAL 2022-26,3.0299999713897705,1.0,False,3.03,45424611.20108628,2024-11-14,14991620.858444318,,False,False
UCFI,2025-07-08,0.7604691119334932,20.0,False,True,False,sin 8-K,True,False,93192172.02949524,0.1062164682764011,0.0318649404829203,0.1408182216941573,0.056603744994867,False,True,False,True,True,False,VAL 2022-26,10.510000228881836,1.0,False,10.510000228881836,93192172.02949524,2025-07-08,8867000.0,,False,False
UMAC,2024-11-27,0.8953358477003506,36.0,False,True,True,8-K solo nota de prensa (7.01/8.01),True,False,84324579.61303711,0.0549299612497266,0.016478988374918,0.1487350743732636,-0.8938320416623555,False,False,True,True,False,False,VAL 2022-26,10.159000396728516,1.0,False,10.159,84324579.61303711,2024-11-27,8300480.32414973,H,False,False
UNCY,2023-03-06,1.8775510422540969,28.0,True,False,False,sin 8-K,True,False,212750252.7558708,0.3685580891126785,0.1105674267338035,0.1560282834092732,-0.2096774565689781,False,True,False,False,False,False,VAL 2022-26,14.100000381469728,0.1,False,1.4100000381469728,21275025.27558708,2023-03-06,15088669.999999996,,False,False
UONE,2020-08-25,0.5759036512259978,48.0,True,True,False,sin 8-K,True,False,,1.0115188339299,0.3034556501789699,0.0015290286206113,0.1314031475584324,False,True,False,True,True,False,DEV 2015-21,65.4000015258789,0.1,False,6.540000152587891,,2020-08-25,,,False,False
UONEK,2020-06-17,1.481751859369095,48.0,True,False,False,sin 8-K,True,False,,2.000980392156863,0.6002941176470589,0.0058823753805721,-0.3698112919645489,False,True,False,False,False,False,DEV 2015-21,68.0,0.1,False,6.800000000000001,,2020-06-17,,,False,False
UPC,2024-12-06,1.8761905488513768,28.0,True,False,False,sin 8-K,False,True,2856433731.361786,-1.2500000000000009,-0.1325165784591629,0.6324502646225112,0.5929203666790372,False,True,False,False,False,False,VAL 2022-26,120.8000030517578,0.025,False,3.02,71410843.28404465,2024-12-06,23645974.597365778,,False,False
UPC,2026-06-29,4.800675626694503,28.0,False,False,False,sin 8-K,False,True,,0.935410551144511,0.2806231653433533,0.0460104254320554,0.4991790023157529,True,True,False,False,False,False,VAL 2022-26,17.170000076293945,1.0,False,17.17,,2026-06-29,,H,False,True
UPC,2026-08-03,1.2215189209658277,28.0,False,False,False,sin 8-K,False,True,,0.2230769056601227,0.0669230716980368,0.2022791457713613,-0.0879629891950024,False,True,False,False,False,False,VAL 2022-26,7.019999980926514,1.0,False,7.02,,2026-08-03,,O,False,True
UPXI,2021-10-14,0.5768463554107104,61.0,False,False,False,sin 8-K,False,False,2482391562.0,0.354852191908953,0.1064556575726859,0.1848101072673555,0.0830945959623672,False,True,False,False,False,False,DEV 2015-21,158.0,0.05,False,7.9,124119578.1,2021-10-14,15711338.999999998,,False,True
UPXI,2024-10-25,2.026666641235352,61.0,True,False,False,sin 8-K,True,False,189675605.12626648,-1.2500000000000004,0.0979294659108692,0.7522026410897094,0.1691358392439552,False,True,False,False,False,False,VAL 2022-26,9.079999923706056,1.0,False,9.08,189675605.12626648,2024-10-25,20889383.824478686,,False,False
UPXI,2025-04-21,3.461873390285072,61.0,True,False,False,8-K solo nota de prensa (7.01/8.01),True,False,10659061.521751404,-1.2500000000000002,0.0241796323846198,1.1484375480213211,0.0899899203667509,True,False,True,False,False,True,VAL 2022-26,10.239999771118164,1.0,False,10.24,10659061.521751404,2025-04-21,1040923.9767335355,F,True,False
USBC,2025-06-06,1.0196078248044151,61.0,True,False,True,8-K con acuerdo (1.01),True,False,7724999.785423279,-1.2500000000000009,-0.5245630933121735,0.6213592266719565,-0.9487179957433112,False,False,False,True,False,True,VAL 2022-26,1.0299999713897705,1.0,False,1.0299999713897705,7724999.785423279,2025-06-06,7500000.0,F,False,False
USBC,2025-06-09,1.192307821627439,61.0,True,False,True,sin 8-K,True,False,25650000.57220459,0.3370371403156049,0.1011111420946814,0.1461988271479282,0.0065789411768027,False,True,False,True,True,True,VAL 2022-26,3.4200000762939453,1.0,False,3.4200000762939453,25650000.57220459,2025-06-09,7500000.0,,False,False
UTZ,2026-07-21,0.8899329240512956,20.0,False,False,False,8-K solo nota de prensa (7.01/8.01),False,False,,-0.0285986022259174,-0.0085795806677752,0.0042613934617767,0.0,False,False,True,False,False,False,VAL 2022-26,14.079999923706056,1.0,False,14.08,,2026-07-21,,C,False,True
UUU,2020-10-29,1.3582088525411922,50.0,False,False,False,8-K solo nota de prensa (7.01/8.01),True,False,10963083.850622175,1.0004218433009742,0.3001265529902922,0.0780591519541271,0.06116209444963,False,False,True,False,False,True,DEV 2015-21,4.739999771118164,1.0,False,4.739999771118164,10963083.850622175,2020-10-29,2312886.9999999995,O,True,True
UUU,2020-12-29,2.9902598267161338,50.0,False,False,False,sin 8-K,True,False,28425381.141770363,1.943883912253996,0.5831651736761988,0.1342554616478204,0.0199999809265136,False,True,False,False,False,True,DEV 2015-21,12.289999961853027,1.0,False,12.289999961853027,28425381.141770363,2020-12-29,2312887.0,,True,True
UUU,2025-09-02,0.7545454683382651,50.0,False,False,False,8-K solo nota de prensa (7.01/8.01),True,False,13391615.641770365,-0.0275764236554056,-0.0082729270966217,0.2262521505026555,-0.1159168815114978,False,False,True,False,False,True,VAL 2022-26,5.789999961853027,1.0,False,5.79,13391615.641770365,2025-09-02,2312886.984761721,O,True,True
UZX,2025-10-16,0.745454454073609,59.0,False,False,False,sin 8-K,False,True,,1.0199072647679104,0.3059721794303731,0.0763889696735014,0.0862944102605334,False,True,False,False,False,False,VAL 2022-26,66.23999786376953,0.0434782608695652,False,2.8799999071204145,,2025-10-16,,,False,True
VAI,2019-11-15,1.619047619047619,75.0,True,False,False,sin 8-K,True,False,3172378330.0,-1.2500000000000002,0.0172727272727272,0.509090909090909,0.0467289719626168,False,True,False,False,False,False,DEV 2015-21,110.0,0.01,False,1.1000000000000003,31723783.300000004,2019-11-15,28839802.999999996,,False,False
VAI,2020-07-08,1.4340527132605554,75.0,True,False,False,8-K con acuerdo (1.01),True,False,5854480009.0,1.247454844006568,0.3742364532019704,0.1133004926108374,-0.256,False,False,False,False,False,False,DEV 2015-21,203.0,0.01,False,2.03,58544800.09000001,2020-07-08,28839803.000000007,F,False,False
VAI,2020-07-09,0.8400000000000001,75.0,True,False,False,sin 8-K,True,False,6633154690.0,1.0246376811594202,0.3073913043478261,0.0217391304347827,0.1019108280254777,False,True,False,False,False,False,DEV 2015-21,230.0,0.01,False,2.3000000000000003,66331546.90000001,2020-07-09,28839803.000000004,,False,False
VALN,2022-06-21,0.889131987342495,28.0,False,False,False,sin 8-K,False,True,2724426735.5731144,-0.1079793992597965,-0.0323938197779389,0.0223938197779389,0.0615558606096917,False,True,False,False,False,False,VAL 2022-26,25.89999961853028,1.0,False,25.89999961853028,2724426735.5731144,2022-06-21,105190222.99999997,,False,True
VANI,2021-03-05,0.6013985889621423,38.0,False,False,True,8-K solo nota de prensa (7.01/8.01),True,False,158822258.0643282,-1.25,-1.5383844437531349,3.318777375624278,-1.032815179463709,False,False,True,True,False,False,DEV 2015-21,6.869999885559082,0.3333333333333333,False,2.289999961853028,52940752.6881094,2021-03-05,23118232.999999996,B,False,True
VANI,2024-02-28,4.990099255307824,38.0,True,False,False,8-K solo nota de prensa (7.01/8.01),True,False,308701622.73225784,1.2393939991030731,0.3718181997309219,0.2892561892278942,-0.1283421870136205,False,False,True,False,False,False,VAL 2022-26,6.050000190734863,1.0,False,6.050000190734863,308701622.73225784,2024-02-28,51025060.0,H,False,False
VATE,2018-05-02,0.5048356267632368,34.0,True,False,False,sin 8-K,True,False,3467108199.799668,0.3179950409591253,0.0953985122877376,0.0012853273804445,0.0158045761240942,False,True,False,False,False,False,DEV 2015-21,77.80000305175781,0.1,False,7.780000305175782,346710819.9799668,2018-05-02,44564371.00000001,,False,False
VBIO,2023-11-13,0.915966386554622,28.0,True,False,True,sin 8-K,True,False,1420643148.0,0.171345029239766,0.0514035087719298,0.1052631578947369,-0.0186915887850467,True,True,False,True,False,False,VAL 2022-26,969.0,0.0023529411764705,False,2.28,3342689.76,2023-11-13,1466092.0,,True,False
VBIO,2025-04-22,2.3057142857142856,28.0,True,True,True,8-K solo nota de prensa (7.01/8.01),True,False,179374627.25,1.2458369346009797,0.3737510803802938,0.1434745030250648,0.0308555399719495,True,False,True,True,False,False,VAL 2022-26,289.25,0.04,False,11.57,7174985.09,2025-04-22,620137.0,H,True,False
VCEL,2016-03-10,0.8632076702409963,28.0,True,False,True,8-K con acuerdo (1.01),True,False,94217028.53737164,-0.0333333333333333,-0.01,0.2405063382823999,-0.09620249909748,False,False,False,True,False,False,DEV 2015-21,3.950000047683716,1.0,False,3.950000047683716,94217028.53737164,2016-03-10,23852412.0,B,False,False
VCEL,2016-12-14,0.5384615948919735,28.0,True,True,False,sin 8-K,True,False,96428464.0,-0.1166665871938069,-0.034999976158142,0.1375000476837158,0.146341443558238,False,True,False,True,True,False,DEV 2015-21,4.0,1.0,False,4.0,96428464.0,2016-12-14,24107116.0,,False,False
VCIG,2024-02-13,0.7091595845136922,87.0,False,True,False,sin 8-K,False,True,1821239630015400.0,0.9979742173112338,0.2993922651933701,0.1657458563535911,-0.056,False,True,False,True,True,False,VAL 2022-26,47892600.0,3.779289493575207e-08,False,1.81,68829917.98999998,2024-02-13,38027578.999999985,,False,False
VCIG,2025-10-30,0.9694444444444446,87.0,True,True,True,sin 8-K,False,True,,1.5510578279266571,0.4653173483779971,0.001410437235543,0.2526881720430107,False,True,False,True,True,False,VAL 2022-26,3190.5,0.0011111111111111,False,3.545,,2025-10-30,,,False,False
VCIG,2026-03-04,1.7148194959316865,87.0,True,True,True,sin 8-K,False,True,8603485104.0,2.229663608562692,0.6688990825688074,0.073394495412844,0.2699999854678199,False,True,False,True,True,False,VAL 2022-26,327.0,0.0666666666666666,False,21.8,573565673.6,2026-03-04,26310352.0,O,False,False
VEEA,2026-09-15,0.8908296925045778,73.0,True,True,False,sin 8-K,True,False,269387290.7334366,-1.2500000000000002,-0.3287067295049219,0.7297921254251338,-0.0683012020805799,False,True,False,True,True,False,VAL 2022-26,4.329999923706055,1.0,False,4.33,269387290.7334366,2026-09-15,62214154.90379598,,False,False
VEEE,2025-09-05,0.6134020552811184,37.0,False,False,True,sin 8-K,True,False,259101591.72784424,0.2755057408323851,0.0826517222497155,0.1054313700998876,0.1232394780355776,False,True,False,True,True,False,VAL 2022-26,115.80999755859376,0.027027027027027,False,3.13,7002745.722374169,2025-09-05,2237298.952835198,,True,True
VEEE,2026-07-13,1.5394189492112056,37.0,True,False,True,8-K con acuerdo (1.01),True,False,105512457.78697014,-1.2500000000000002,-1.041045839478845,1.9468954550094004,-0.5490747134373706,False,False,False,True,False,False,VAL 2022-26,12.239999771118164,1.0,False,12.24,105512457.78697014,2026-07-13,8620298.83880475,O,False,False
VEEE,2026-09-21,0.6899767050040782,37.0,True,False,True,sin 8-K,True,False,8330279.0,-1.2500000000000009,-0.1989655014564251,0.5757931676404229,0.1305104425679507,False,True,False,True,True,True,VAL 2022-26,14.5,1.0,False,14.5,8330279.0,2026-09-21,574502.0,,True,False
VFS,2023-08-15,1.1052631963202957,37.0,False,True,False,sin 8-K,False,True,,-1.2500000000000002,-0.6945455169677734,0.7626363580877131,0.2169455104586622,False,True,False,True,True,False,VAL 2022-26,22.0,1.0,False,22.0,,2023-08-15,,O,False,False
VHC,2016-02-04,0.8475991060707202,67.0,True,False,False,sin 8-K,False,False,9389196516.0,0.640866347490731,0.1922599042472192,0.0892655539647333,0.009914971152567,False,True,False,False,False,False,DEV 2015-21,177.0,0.05,False,8.85,469459825.8,2016-02-04,53046308.0,,False,False
VHC,2016-10-03,0.57189535537551,67.0,True,False,False,sin 8-K,False,False,5450695578.887283,0.4586970685623519,0.1376091205687055,0.0665280845000677,0.0658536771448647,False,True,False,False,False,False,DEV 2015-21,96.1999969482422,0.05,False,4.80999984741211,272534778.9443642,2016-10-03,56660039.0,,False,False
VIP,2021-03-22,2.724299116803522,61.0,False,False,False,sin 8-K,False,False,,0.3305311976279898,0.0991593592883969,0.18569628656886,0.098591580624571,False,True,False,False,False,False,DEV 2015-21,385.024169921875,0.0207,False,7.970000317382812,,2021-03-22,,,False,True
VIP,2024-11-15,0.5425100804242808,61.0,True,True,False,8-K solo nota de prensa (7.01/8.01),True,False,,0.9640418929192268,0.289212567875768,0.0078740083570405,-0.0112359440196764,False,False,True,True,False,False,VAL 2022-26,3.809999942779541,1.0,False,3.809999942779541,,2024-11-15,,O,False,False
VIR,2020-02-27,0.9725518477096438,28.0,False,False,False,sin 8-K,True,False,7566741695.480759,0.3913657715130999,0.1174097314539299,0.0871141081653323,0.2275747606198287,True,True,False,False,False,False,DEV 2015-21,68.98999786376953,1.0,False,68.98999786376953,7566741695.480759,2020-02-27,109678822.0,,False,True
VIR,2025-01-08,0.5906210903809495,28.0,True,False,False,8-K solo nota de prensa (7.01/8.01),False,False,1728387532.2680285,-0.0147408638951751,-0.0044222591685525,0.1513943896138714,0.0304486518193019,True,False,True,False,False,False,VAL 2022-26,12.550000190734863,1.0,False,12.55,1728387532.2680285,2025-01-08,137720122.09307,B,False,False
VIVK,2022-04-27,0.7777777449718764,49.0,False,True,False,sin 8-K,True,False,176856479851.91602,-1.2500000000000004,-0.2106579586557428,0.4802631502463212,0.0767123774647704,False,True,False,True,True,False,VAL 2022-26,11760.154296875,0.0002585,False,3.0399998857421875,45717400.041720286,2022-04-27,15038618.999999998,,False,False
VIVK,2026-07-21,1.7514451886717826,49.0,True,False,True,sin 8-K,True,False,20447280.70319557,-1.2500000000000009,0.4479832353680121,1.023109170459659,0.3682170374291305,False,True,False,True,True,True,VAL 2022-26,4.760000228881836,1.0,False,4.76,20447280.70319557,2026-07-21,4295647.206553691,,True,False
VIVO,2020-10-09,0.5698710753325196,49.0,False,False,False,sin 8-K,False,True,2147488275.652344,-1.2500000000000002,-0.037777836646565,0.5359849269360215,0.1640048921851288,False,True,False,False,False,False,DEV 2015-21,158.39999389648438,0.1,False,15.83999938964844,214748827.5652344,2020-10-09,13557375.999999998,O,False,True
VIVO,2024-04-02,2.227585982369193,49.0,True,False,True,sin 8-K,False,True,,-1.2500000000000004,-0.2706838273030242,0.6559829667239991,-0.0864406345425519,False,True,False,True,True,False,VAL 2022-26,4.679999828338623,1.0,False,4.679999828338623,,2024-04-02,,H,False,False
VIVO,2024-07-03,1.0399999618530271,49.0,True,True,True,sin 8-K,False,True,13585582.72595644,0.5766884022344859,0.1730065206703457,0.068627464730022,0.0079999923706054,False,True,False,True,True,True,VAL 2022-26,3.059999942779541,1.0,False,3.059999942779541,13585582.72595644,2024-07-03,4439733.0,H,True,False
VIVO,2024-07-10,0.6941177460561592,49.0,True,False,True,sin 8-K,False,True,19179647.32213068,0.946605068580108,0.2839815205740324,0.0694443754575897,0.0032786854490481,False,True,False,True,True,True,VAL 2022-26,4.320000171661377,1.0,False,4.320000171661377,19179647.32213068,2024-07-10,4439733.0,F,True,False
VIVO,2025-03-21,0.5566038538198881,49.0,True,False,True,sin 8-K,False,True,,0.042424468199403,0.0127273404598209,0.234848432167614,-1.496124126999851,False,True,False,True,True,False,VAL 2022-26,1.3200000524520874,1.0,False,1.3200000524520874,,2025-03-21,,,False,False
VIVS,2024-04-15,0.6435643782495843,28.0,True,True,False,sin 8-K,False,False,199998274.8459969,0.5891565092213572,0.1767469527664071,0.0481927249395504,0.1481481764923766,True,True,False,True,False,False,VAL 2022-26,19.920000076293945,0.0833333333333333,False,1.6600000063578286,16666522.903833073,2024-04-15,10040074.000000002,,False,False
VIVS,2025-02-25,2.378378334839559,28.0,True,False,False,8-K con acuerdo (1.01),True,False,261817095.0,-1.2500000000000004,-0.0259999847412109,0.4639999389648437,0.3307086638809864,False,False,False,False,False,False,VAL 2022-26,15.0,0.0833333333333333,False,1.25,21818091.25,2025-02-25,17454473.0,K,False,False
VIVS,2026-01-30,0.735294097022615,28.0,True,False,False,sin 8-K,True,False,7693488.024357319,0.0005649388755387,0.0001694816626616,0.1525423865796367,0.1678082180595863,True,True,False,False,False,True,VAL 2022-26,2.950000047683716,1.0,False,2.95,7693488.024357319,2026-01-30,2607962.042155023,,True,False
VIVS,2026-07-15,0.7951807704783791,28.0,True,False,False,sin 8-K,False,False,5206165.823322058,1.3984339633077545,0.4195301889923262,0.0536913036263786,0.2823529444763816,False,True,False,False,False,True,VAL 2022-26,1.4900000095367432,1.0,False,1.49,5206165.823322058,2026-07-15,3494071.0223637973,,True,False
VMAR,2024-09-13,0.6466666666666667,37.0,True,False,False,sin 8-K,False,True,14529528000.0,2.247368421052632,0.6742105263157895,0.2024291497975707,-0.0205128205128205,False,True,False,False,False,False,VAL 2022-26,889200.0,2.777777777777778e-06,False,2.47,40359.8,2024-09-13,16340.0,,True,False
VMAR,2025-01-10,0.513157894736842,37.0,True,True,False,sin 8-K,False,True,1503280000.0,-1.25,0.0552173913043478,0.6956521739130435,0.2372093023255814,False,True,False,True,True,False,VAL 2022-26,92000.0,2.5000000000000008e-05,False,2.3,37582.000000000015,2025-01-10,16340.000000000007,,True,False
VNCE,2025-01-23,0.8638299115700381,56.0,True,False,False,8-K con acuerdo (1.01),True,False,55230180.84305763,0.3319634752907273,0.0995890425872182,0.271689503682206,0.1615384869321557,False,False,False,False,False,False,VAL 2022-26,4.380000114440918,1.0,False,4.38,55230180.84305763,2025-01-23,12609630.329465212,F,False,False
VNCE,2025-09-11,1.1265060496202213,56.0,True,False,False,8-K otros items,True,False,45778974.06896687,0.3349384982497622,0.1004815494749286,0.1898016553273753,0.15605095323769,False,False,False,False,False,False,VAL 2022-26,3.5299999713897705,1.0,False,3.53,45778974.06896687,2025-09-11,12968547.894891467,R,False,False
VOR,2025-06-26,0.8050541640536737,28.0,True,False,False,8-K con acuerdo (1.01),True,False,2497030940.0,0.3333334604899088,0.1000000381469726,0.2600000381469727,-0.1910113298656733,False,False,False,False,False,False,VAL 2022-26,20.0,0.05,False,1.0,124851547.0,2025-06-26,124851547.0,F,False,False
VRAX,2023-03-07,1.3378582202111615,28.0,False,False,False,sin 8-K,False,True,,0.6978494623655914,0.2093548387096774,0.032258064516129,0.1157024793388429,False,True,False,False,False,False,VAL 2022-26,387.5,0.004,False,1.55,,2023-03-07,,H,False,True
VRAX,2024-06-06,1.411214953271028,28.0,True,False,True,sin 8-K,False,True,166016743.5,0.7547803617571059,0.2264341085271317,0.0852713178294573,0.0,False,True,False,True,True,False,VAL 2022-26,64.5,0.04,False,2.58,6640669.74,2024-06-06,2573903.0,,True,False
VRAX,2024-08-19,1.356807511737089,28.0,True,False,True,sin 8-K,False,True,323024826.5,-1.2500000000000002,-0.0358964143426294,0.7928286852589641,0.3087378640776699,True,True,False,True,False,False,VAL 2022-26,125.5,0.04,False,5.0200000000000005,12920993.06,2024-08-19,2573903.0,,True,False
VRAX,2024-10-23,0.9821428571428572,28.0,True,True,True,sin 8-K,False,True,,0.7774774774774775,0.2332432432432432,0.087087087087087,-0.0198412698412698,True,True,False,True,False,False,VAL 2022-26,83.25,0.04,False,3.33,,2024-10-23,,H,False,False
VRAX,2026-07-09,2.4874213584205656,28.0,True,False,False,sin 8-K,False,True,6423527.708381653,1.3883678851797925,0.4165103655539377,0.189359729386962,0.3584905915007377,False,True,False,False,False,True,VAL 2022-26,11.09000015258789,1.0,False,11.09,6423527.708381653,2026-07-09,579218.0079694908,H,True,False
VRDN,2020-10-28,1.221153889652304,28.0,True,False,True,8-K con acuerdo (1.01),True,False,980770961.24012,-0.3363634028345823,-0.1009090208503746,0.1861470898760251,-0.1111111335373153,False,False,False,True,False,False,DEV 2015-21,17.325000762939453,0.0666666666666666,False,1.15500005086263,65384730.74934134,2020-10-28,56610154.00000002,F,False,False
VRME,2024-12-31,1.202810480849282,61.0,True,False,False,sin 8-K,True,False,18269201.440131426,-1.2500000000000009,0.2083908006602824,0.4252298101598926,-0.2867646923475613,False,True,False,False,False,True,VAL 2022-26,1.7400000095367432,1.0,False,1.74,18269201.440131426,2024-12-31,10499541.057546796,,False,False
VRME,2025-07-31,0.7924802949413534,61.0,True,False,False,8-K con acuerdo (1.01),True,False,15196369.795648577,-0.466937572195923,-0.1400812716587769,0.2032520293685165,0.1294963664750884,False,False,False,False,False,True,VAL 2022-26,1.2300000190734863,1.0,False,1.23,15196369.795648577,2025-07-31,12354772.191584209,O,False,False
VRME,2026-01-05,0.6009487617413463,61.0,True,False,False,8-K con acuerdo (1.01),True,False,13438623.05400288,-1.2499999999999998,0.0085186105009913,0.3055554727713299,0.009433953776483,False,False,False,False,False,True,VAL 2022-26,1.0800000429153442,1.0,False,1.08,13438623.05400288,2026-01-05,12443169.49444711,H,False,False
VS,2023-02-01,3.6713654134189495,73.0,True,True,True,sin 8-K,False,True,190250991.23377228,1.358479506235385,0.4075438518706155,0.1719298336607895,0.4160240914797743,False,True,False,True,True,False,VAL 2022-26,45.59999847412109,0.0625,False,2.8499999046325684,11890686.952110767,2023-02-01,4172171.0,,True,False
VS,2023-05-10,0.6031746001710938,73.0,True,False,True,sin 8-K,False,True,67422282.72337723,0.8247524518754455,0.2474257355626336,0.0594060025300695,0.0266666412353515,False,True,False,True,True,False,VAL 2022-26,16.15999984741211,0.0625,False,1.0099999904632568,4213892.670211077,2023-05-10,4172171.0,,True,False
VS,2024-07-02,0.8257575682317371,73.0,True,True,False,8-K otros items,False,True,6039496.365092993,0.6720609841067807,0.2016182952320342,0.0373443613958586,-0.0947368156876917,False,False,False,True,False,True,VAL 2022-26,2.4100000858306885,1.0,False,2.4100000858306885,6039496.365092993,2024-07-02,2506015.0,O,True,False
VS,2024-10-16,2.252173988760533,73.0,True,False,False,8-K con acuerdo (1.01),True,True,9539722.744325638,-1.2500000000000004,-0.0661497426768681,1.5641711572550934,0.2329114089083199,True,False,False,False,False,True,VAL 2022-26,3.740000009536743,1.0,False,3.74,9539722.744325638,2024-10-16,2550728.0065041813,O,True,False
VS,2025-01-17,0.7708334225850821,73.0,True,True,False,sin 8-K,True,True,9338117.261927128,0.5941177323065253,0.1782353196919575,0.1147058398665865,0.068840600680063,False,True,False,True,True,True,VAL 2022-26,3.400000095367432,1.0,False,3.4,9338117.261927128,2025-01-17,2746505.077037391,,True,False
VSA,2024-02-16,0.8301886792452831,82.0,False,False,False,sin 8-K,False,True,,0.2072164948453608,0.0621649484536082,0.2371134020618557,-0.0111111111111111,True,True,False,False,False,False,VAL 2022-26,970.0,0.002,False,1.94,,2024-02-16,,,False,True
VSA,2026-06-02,0.7943923952944196,82.0,True,True,True,sin 8-K,False,True,,1.2904512943014377,0.3871353882904313,0.0039062774061076,-0.31965442386435,False,True,False,True,True,False,VAL 2022-26,7.679999828338623,1.0,False,7.68,,2026-06-02,,,False,False
VSME,2024-10-17,0.5405405219639778,73.0,False,False,False,sin 8-K,False,True,,1.107017592781076,0.3321052778343228,0.0789473889680518,-0.0444444444444444,True,True,False,False,False,False,VAL 2022-26,68.4000015258789,0.05,False,3.42,,2024-10-17,,,False,True
VSME,2025-01-02,0.5,73.0,False,False,False,sin 8-K,False,True,311742249.0,0.735897435897436,0.2207692307692307,0.0,-0.0066666920979817,False,True,False,False,False,False,VAL 2022-26,39.0,0.05,False,1.95,15587112.45,2025-01-02,7993391.0,,False,True
VSME,2026-06-10,3.4957472484997263,73.0,False,False,False,sin 8-K,False,True,203550651.9232571,-1.25,0.4359459659738029,0.4540540662449235,0.4585365657931203,True,True,False,False,False,False,VAL 2022-26,3.700000047683716,1.0,False,3.7,203550651.9232571,2026-06-10,55013689.708988406,,False,True
VTAK,2024-10-18,1.9772727765327665,38.0,True,True,False,sin 8-K,True,False,24610036.676513672,-1.2500000000000009,0.2953434576331036,0.3282443625547222,-0.0109889309802381,False,True,False,True,True,True,VAL 2022-26,24.88999938964844,0.0526315789473684,False,1.31,1295265.0882375615,2024-10-18,988751.9757538637,,True,False
VTAK,2025-08-18,0.5555555961547192,38.0,True,True,True,8-K otros items,True,False,94709713.62518884,-0.1893268143663913,-0.0567980443099173,0.0615763555476422,0.256470568039838,False,False,False,True,False,False,VAL 2022-26,4.059999942779541,1.0,False,4.06,94709713.62518884,2025-08-18,23327515.67122878,S,False,False
VTAK,2026-06-24,0.5760869797607897,38.0,True,False,False,sin 8-K,True,False,3904085.978387117,0.5643677745128136,0.169310332353844,0.2344826917160727,-0.0168067058527951,True,True,False,False,False,True,VAL 2022-26,1.4500000476837158,1.0,False,1.45,3904085.978387117,2026-06-24,2692473.0885428395,,True,False
VTAK,2026-07-08,0.7042254573460334,38.0,True,False,False,sin 8-K,True,False,3257892.432709694,-1.2500000000000009,-0.1422313732042746,0.4380164914717086,0.1678832250167567,False,True,False,False,False,True,VAL 2022-26,1.2100000381469729,1.0,False,1.21,3257892.432709694,2026-07-08,2692473.0848840447,,True,False
VTGN,2018-05-25,0.7216494095314077,28.0,True,False,False,sin 8-K,True,False,1147420976.5533829,0.3658682756314035,0.109760482689421,0.0538922324385724,0.1020408198571867,False,True,False,False,False,False,DEV 2015-21,50.09999847412109,0.0333333333333333,False,1.6699999491373698,38247365.88511276,2018-05-25,22902615.0,,False,False
VTSI,2021-03-30,0.5188284331001984,39.0,True,False,False,8-K otros items,False,False,56446719.57956314,-1.2500000000000004,-0.1077960797418826,0.4008264126267526,0.2283563039818416,False,False,False,False,False,False,DEV 2015-21,7.260000228881836,1.0,False,7.260000228881836,56446719.57956314,2021-03-30,7775030.0,R,False,False
VTVT,2020-02-10,0.8285715012323289,28.0,True,False,False,sin 8-K,False,False,,0.5222223326011897,0.1566666997803568,0.1015624363596265,0.0062500238418579,False,True,False,False,False,False,DEV 2015-21,153.60000610351562,0.025,False,3.84000015258789,,2020-02-10,,,False,False
VTVT,2020-12-11,0.8721461513318303,28.0,True,True,False,8-K otros items,False,False,,0.7796747967479675,0.2339024390243902,0.1585365853658535,0.0419354592600176,False,False,False,True,False,False,DEV 2015-21,164.0,0.025,False,4.1000000000000005,,2020-12-11,,F,False,False
VTVT,2024-02-28,0.5411765154670267,28.0,True,True,False,8-K con acuerdo (1.01),True,False,,-1.2500000000000009,-0.280992300281312,0.7938930775331372,-0.0540540323813964,True,False,False,True,False,False,VAL 2022-26,13.100000381469728,1.0,False,13.100000381469728,,2024-02-28,,R,False,False
VVOS,2021-08-23,0.6979166666666667,38.0,False,False,True,sin 8-K,False,False,3718375397.0,0.283640081799591,0.0850920245398773,0.0874233128834356,0.0728813559322033,False,True,False,True,True,False,DEV 2015-21,163.0,0.04,False,6.5200000000000005,148735015.88,2021-08-23,22812118.999999996,,False,True
VVOS,2023-01-04,1.7837837837837838,38.0,True,False,False,sin 8-K,True,False,1185124128.5,-1.25,0.077378640776699,0.4378641369273361,0.0,False,True,False,False,False,False,VAL 2022-26,51.5,0.04,False,2.06,47404965.14,2023-01-04,23012119.0,,False,False
VVOS,2023-11-29,1.717540015491234,38.0,True,True,False,sin 8-K,True,False,14283288.305374146,-1.2499999999999998,-2.446714078055163,3.089689829627247,0.4024390243902439,False,True,False,True,True,True,VAL 2022-26,11.93000030517578,1.0,False,11.93000030517578,14283288.305374146,2023-11-29,1197258.0000000002,,True,False
VYGR,2021-10-06,0.6153846005345016,28.0,True,False,False,8-K con acuerdo (1.01),False,False,151363239.87178254,0.066917396567119,0.0200752189701357,0.0325814224841147,0.0077519308209066,False,False,False,False,False,False,DEV 2015-21,3.990000009536743,1.0,False,3.990000009536743,151363239.87178254,2021-10-06,37935649.0,K,False,False
WAFU,2020-01-08,1.034299283418925,82.0,False,False,False,sin 8-K,False,True,15070753.77068472,1.1003876519693163,0.330116295590795,0.2063953564932952,-0.1277532882333603,False,True,False,False,False,True,DEV 2015-21,3.440000057220459,1.0,False,3.440000057220459,15070753.77068472,2020-01-08,4381033.0,,True,True
WAFU,2020-06-11,3.9549548910980192,82.0,False,False,False,sin 8-K,False,True,,-1.2500000000000002,0.3399999913302334,0.3990909403020686,0.2391608413061283,True,True,False,False,False,False,DEV 2015-21,11.0,1.0,False,11.0,,2020-06-11,,,False,True
WAFU,2021-03-26,0.8126315066688938,82.0,False,False,False,sin 8-K,False,True,,-1.2500000000000009,-0.4803833161705179,1.4390244874997218,0.2164296843714623,False,True,False,False,False,False,DEV 2015-21,8.609999656677246,1.0,False,8.609999656677246,,2021-03-26,,,False,True
WAFU,2025-02-25,0.837988844674155,82.0,False,False,False,sin 8-K,False,True,,-1.2500000000000009,0.1237386207666208,1.2765957015086316,0.0421052244121225,False,True,False,False,False,False,VAL 2022-26,3.289999961853028,1.0,False,3.29,,2025-02-25,,,False,True
WATT,2017-12-27,0.9626696832579184,36.0,True,False,False,8-K solo nota de prensa (7.01/8.01),False,False,231244502490.0,-1.2500000000000009,-0.3759942363112392,0.3890489913544668,-0.3320675105485232,False,False,True,False,False,False,DEV 2015-21,10410.0,0.0016666666666666,False,17.35,385407504.15,2017-12-27,22213688.999999996,O,False,False
WATT,2020-04-21,1.61244019138756,36.0,True,False,False,8-K solo nota de prensa (7.01/8.01),False,False,56727571446.0,-1.2500000000000009,0.0101465201465201,0.5274725274725274,0.1850467289719626,False,False,True,False,False,False,DEV 2015-21,1638.0,0.0016666666666666,False,2.73,94545952.41,2020-04-21,34632217.0,O,False,False
WATT,2020-06-17,0.588235294117647,36.0,True,False,False,sin 8-K,True,False,72935449002.0,0.7074074074074074,0.2122222222222222,0.0,0.0366300366300366,True,True,False,False,False,False,DEV 2015-21,2106.0,0.0016666666666666,False,3.51,121559081.67,2020-06-17,34632217.0,,False,False
WATT,2021-02-19,0.5779569892473118,36.0,True,False,False,sin 8-K,True,False,156893576016.0,-1.2500000000000009,-0.241686541737649,0.3100511073253833,0.255878284923928,False,True,False,False,False,False,DEV 2015-21,3522.0,0.0016666666666666,False,5.87,261489293.36,2021-02-19,44546728.0,,False,False
WATT,2024-12-30,2.0864198499897726,36.0,True,False,False,sin 8-K,True,False,329489025.0,-1.25,-1.13,1.16,0.6188679341250246,False,True,False,False,False,False,VAL 2022-26,37.5,0.0333333333333333,False,1.25,10982967.5,2024-12-30,8786374.0,,False,False
WBUY,2025-05-08,3.575163484246064,59.0,True,False,False,sin 8-K,False,True,,1.6071428253537132,0.482142847606114,0.0,-0.5921236965193772,False,True,False,False,False,False,VAL 2022-26,14.0,1.0,False,14.0,,2025-05-08,,R,False,False
WBUY,2025-05-09,1.233473954464131,59.0,True,False,False,sin 8-K,False,True,,-1.2500000000000009,0.2771536767477688,0.8166877029523125,0.2181978250833201,False,True,False,False,False,False,VAL 2022-26,15.880000114440918,1.0,False,15.88,,2025-05-09,,,False,False
WBUY,2025-06-06,0.5804348112279396,59.0,True,False,False,sin 8-K,False,True,,-1.2500000000000002,0.0133837794690447,0.367262669389514,0.0140844937994042,False,True,False,False,False,False,VAL 2022-26,7.269999980926514,1.0,False,7.27,,2025-06-06,,,False,False
WBUY,2025-06-30,0.5595025851687894,59.0,True,False,False,sin 8-K,False,True,,0.3652998275746646,0.1095899482723993,0.113895219864841,0.1358344357236774,False,True,False,False,False,False,VAL 2022-26,8.779999732971191,1.0,False,8.78,,2025-06-30,,H,False,False
WBUY,2026-07-23,0.7678100326095589,59.0,True,True,False,sin 8-K,False,True,,0.5139304057964181,0.1541791217389254,0.0373133963215039,0.2419643093774816,False,True,False,True,True,False,VAL 2022-26,1.340000033378601,1.0,False,1.34,,2026-07-23,,,False,False
WBX,2021-10-26,1.1810809236447128,36.0,False,True,False,sin 8-K,False,True,,1.0543714604539884,0.3163114381361965,0.1358943015259104,0.1072960823806237,False,True,False,True,True,False,DEV 2015-21,24.209999084472656,1.0,False,24.209999084472656,,2021-10-26,,,False,False
WCT,2024-11-22,0.768,73.0,False,True,False,sin 8-K,False,True,,0.3135746606334842,0.0940723981900452,0.0497737556561086,0.0353535353535353,False,True,False,True,True,False,VAL 2022-26,110.5,0.004,False,2.21,,2024-11-22,,,False,False
WCT,2026-06-03,0.7336956518218063,73.0,False,False,False,sin 8-K,False,True,,-1.2499999999999998,-0.6212851957012907,1.263322777643662,0.1828793933146872,False,True,False,False,False,False,VAL 2022-26,1.5950000286102295,0.2,False,1.595,,2026-06-03,,,False,True
WETO,2025-05-29,0.9744897959183674,41.0,False,False,False,sin 8-K,False,True,,0.4490094745908699,0.1347028423772609,0.0981912144702843,0.1238670694864048,False,True,False,False,False,False,VAL 2022-26,387.0,0.01,False,3.87,,2025-05-29,,,False,True
WETO,2025-07-01,0.8699551569506727,41.0,False,False,False,sin 8-K,False,True,9174000000.0,1.6613109512390087,0.4983932853717026,0.0023980815347721,0.048780487804878,False,True,False,False,False,False,VAL 2022-26,417.0,0.01,False,4.17,91740000.0,2025-07-01,22000000.0,,False,True
WETO,2026-08-14,1.9501384842138827,41.0,True,True,False,sin 8-K,False,True,,0.7272298712178454,0.2181689613653536,0.2159624669594373,-1.991484106298717,False,True,False,True,True,False,VAL 2022-26,10.649999618530272,1.0,False,10.65,,2026-08-14,,,False,False
WFF,2025-06-23,0.637784098759909,39.0,False,True,False,sin 8-K,False,True,1323067535.018921,1.4179532595820803,0.4253859778746241,0.0494362254759306,0.0706605004906368,False,True,False,True,True,False,VAL 2022-26,57.650001525878906,0.2,False,11.53,264613507.00378412,2025-06-23,22950000.60744008,,False,False
WHLR,2025-01-16,0.7361702127659575,67.0,False,True,True,sin 8-K,True,False,47907279705600.0,0.9715686274509804,0.2914705882352941,0.1764705882352941,0.1333333333333333,False,True,False,True,True,False,VAL 2022-26,37013760.0,4.409171075837742e-07,False,4.08,21123139.2,2025-01-16,5177240.0,,False,False
WHLR,2025-06-20,1.216374269005848,67.0,False,True,True,sin 8-K,True,False,572933226672.0,-1.250000000000001,0.040131926121372,0.3258575197889182,0.1069444444444444,False,True,False,True,True,False,VAL 2022-26,491184.0,1.54320987654321e-05,False,7.58,8841562.14,2025-06-20,1166433.0,,True,False
WHLR,2025-12-05,0.7469136824620062,67.0,False,True,True,sin 8-K,True,False,45036800720.92578,-0.4750294369989999,-0.1425088310996999,0.2102473240439264,0.2605304539338751,False,True,False,True,True,False,VAL 2022-26,36676.80078125,0.0001543209876543,False,5.66,6950123.568044102,2025-12-05,1227937.0261562017,,True,False
WHLR,2026-09-23,1.783422411996611,67.0,False,True,True,sin 8-K,True,False,10053811.292633057,-1.2500000000000009,-0.0551489216059545,0.6733910020781122,0.312500005478368,False,True,False,True,True,True,VAL 2022-26,5.204999923706055,1.0,False,5.205,10053811.292633057,2026-09-23,1931567.9716874268,,True,False
WHWK,2020-05-13,0.6051363907311227,28.0,True,False,False,8-K con acuerdo (1.01),True,False,608820060.0,0.7000000423855252,0.2100000127156575,0.059999974568685,0.0666666449304995,False,False,False,False,False,False,DEV 2015-21,15.0,0.0666666666666666,False,1.0,40588004.0,2020-05-13,40588004.0,K,False,False
WHWK,2025-10-16,0.6476191406077041,28.0,True,False,False,sin 8-K,True,False,163064134.31780434,0.7855492617338921,0.2356647785201676,0.0895953581970374,0.153256656331845,True,True,False,False,False,False,VAL 2022-26,3.4600000381469727,1.0,False,3.46,163064134.31780434,2025-10-16,47128362.51959663,,False,False
WIMI,2020-07-10,1.0833332505491078,73.0,False,False,False,sin 8-K,False,True,,-1.2500000000000002,-0.8387500381469727,0.8999999999999999,-0.6910457193152589,False,True,False,False,False,False,DEV 2015-21,80.0,0.1,False,8.0,,2020-07-10,,S,False,True
WIMI,2024-12-27,0.674418683737191,73.0,True,False,False,sin 8-K,False,True,,-0.2339504960033541,-0.0701851488010062,0.2824074200805484,-0.0480349519560526,False,True,False,False,False,False,VAL 2022-26,21.600000381469727,0.1,False,2.16,,2024-12-27,,,False,False
WLDS,2023-02-09,0.7777778076793824,35.0,False,False,False,sin 8-K,False,True,12136094575.424805,0.5916666982035148,0.1775000094610544,0.1517856642772836,-0.0329669950908247,False,True,False,False,False,False,VAL 2022-26,806.4000244140625,0.0013888888888888,False,1.12000003390842,16855686.910312228,2023-02-09,15049720.000000002,K,False,True
WLDS,2025-04-29,0.6666666372322747,35.0,True,True,False,sin 8-K,False,True,12734334.0,0.2999998587149161,0.0899999576144748,0.0700000127156574,0.0277778235646083,False,True,False,True,True,True,VAL 2022-26,18.0,0.1111111111111111,False,2.0,1414926.0,2025-04-29,707463.0,,True,False
WLDS,2026-04-20,0.6887416646921258,35.0,True,False,True,sin 8-K,False,True,22053435.574925423,1.6006535744014203,0.4801960723204261,0.2705882543602707,0.0923077242849368,False,True,False,True,True,True,VAL 2022-26,7.650000095367432,0.3333333333333333,False,2.55,7351145.191641808,2026-04-20,2882802.035937964,,True,False
WNW,2024-04-10,0.6435643564356435,28.0,False,False,False,sin 8-K,False,True,9705439000.0,0.6293172690763053,0.1887951807228915,0.2048192771084338,0.1428571428571428,True,True,False,False,False,False,VAL 2022-26,3320.0,0.0005,False,1.66,4852719.5,2024-04-10,2923325.0,,True,True
WNW,2025-04-22,0.6370967741935485,28.0,False,False,False,sin 8-K,False,True,12862450069.0,-1.2500000000000009,-0.2168965517241379,0.4532019704433496,0.1387755102040816,True,True,False,False,False,False,VAL 2022-26,203.0,0.01,False,2.03,128624500.69,2025-04-22,63361823.00000001,,False,True
WNW,2026-05-19,0.7053941855349573,28.0,True,True,False,sin 8-K,False,True,64294182.91861296,-1.2500000000000004,-0.1657177240133908,0.5547444425559167,0.1831578706440172,True,True,False,True,False,False,VAL 2022-26,4.110000133514404,1.0,False,4.11,64294182.91861296,2026-05-19,15643353.508178335,,False,False
WOK,2025-02-20,0.927710843373494,38.0,False,False,False,sin 8-K,False,True,70041321600000.0,2.3694444444444445,0.7108333333333333,0.25,0.2014925373134328,False,True,False,False,False,False,VAL 2022-26,4800000.0,1.0000000000000002e-06,False,4.8,70041321.60000001,2025-02-20,14591942.000000002,,False,True
WOK,2025-12-29,0.9285714285714286,38.0,True,True,True,sin 8-K,False,True,,1.1950617283950618,0.3585185185185185,0.1,0.1378299120234604,False,True,False,True,True,False,VAL 2022-26,540.0,0.01,False,5.4,,2025-12-29,,,False,False
WRD,2025-02-14,1.080955118431686,73.0,False,False,False,sin 8-K,False,True,,0.3612929934163641,0.1083878980249092,0.1821998941963325,-0.2825397309802827,False,True,False,False,False,False,VAL 2022-26,35.72999954223633,1.0,False,35.73,,2025-02-14,,,False,True
WSHP,2026-04-16,1.93369817369054,59.0,False,False,True,sin 8-K,False,True,,-1.2499999999999998,0.3984594452118746,0.6947957420606563,-0.1125131092609896,False,True,False,True,True,False,VAL 2022-26,24.114999771118164,1.0,False,24.115,,2026-04-16,,,False,True
WULF,2021-06-25,0.5876106399331786,61.0,False,False,False,8-K con acuerdo (1.01),True,False,35469246.81588745,-1.2500000000000002,-0.0445595826882919,0.3935339607454053,-0.1244612844698552,False,False,False,False,False,False,DEV 2015-21,17.940000534057617,1.0,False,17.940000534057617,35469246.81588745,2021-06-25,1977104.0,O,True,True
WVE,2025-12-08,0.7129506429598589,28.0,True,False,False,8-K solo nota de prensa (7.01/8.01),False,False,2144942275.965042,-1.2499999999999998,-0.4534918603190461,0.5276695633687969,-0.1506478908864783,True,False,True,False,False,False,VAL 2022-26,12.829999923706056,1.0,False,12.825,2144942275.965042,2025-12-08,167246961.0888922,B,False,False
WWR,2016-08-24,0.5454545454545454,10.0,True,True,True,8-K solo nota de prensa (7.01/8.01),True,False,873591444.0,0.7673202614379085,0.2301960784313725,0.0441176470588235,-0.0258064516129032,False,False,True,True,False,False,DEV 2015-21,102.0,0.02,False,2.04,17471828.88,2016-08-24,8564622.0,H,False,False
WWR,2019-10-15,1.5945017072326446,10.0,True,True,False,sin 8-K,True,False,14029493.40442562,1.1587197429988834,0.347615922899665,0.2251655319626782,0.2103092785532308,False,True,False,True,True,True,DEV 2015-21,7.550000190734863,1.0,False,7.550000190734863,14029493.40442562,2019-10-15,1858210.9999999998,,True,False
WWR,2020-06-02,1.1050000190734863,10.0,True,True,True,sin 8-K,False,False,23441675.95240593,1.4076800607693651,0.4223040182308095,0.0118765297581495,-0.0251045774669313,False,True,False,True,True,True,DEV 2015-21,4.210000038146973,1.0,False,4.210000038146973,23441675.95240593,2020-06-02,5568094.0,,False,False
WXM,2026-08-11,1.680000066757202,17.0,True,False,False,sin 8-K,False,True,,0.8435323698435497,0.2530597109530649,0.1940298387961285,0.3974683327316534,False,True,False,False,False,False,VAL 2022-26,10.720000267028809,1.0,False,10.7203,,2026-08-11,,R,False,False
WYHG,2026-08-06,1.4723136877665794,20.0,False,False,False,sin 8-K,False,True,,-1.2500000000000004,-0.200072597012113,2.168280793115257,0.5493387728665976,False,True,False,False,False,False,VAL 2022-26,8.260000228881836,1.0,False,8.26,,2026-08-06,,,False,True
XAIR,2026-01-13,0.8721460262591385,38.0,True,True,True,sin 8-K,True,False,262711200.2892456,-1.2500000000000009,-0.3453658614592636,0.6219512804996974,0.1415525312998964,False,True,False,True,True,False,VAL 2022-26,32.79999923706055,0.05,False,1.64,13135560.01446228,2026-01-13,8009487.813696512,,False,False
XBIO,2020-12-09,2.583333340691931,28.0,True,False,False,sin 8-K,True,False,243663989.70364,-1.2500000000000009,0.1708785494057007,0.5116278771762133,0.2807571391696595,True,True,False,False,False,False,DEV 2015-21,38.70000076293945,0.1,False,3.8700000762939455,24366398.970364004,2020-12-09,6296227.000000001,,False,False
XBIO,2025-10-08,1.7272727070634812,28.0,True,False,False,sin 8-K,False,False,18043026.00586033,0.3484330981289861,0.1045299294386958,0.1905983360909737,0.0868725529300769,True,True,False,False,False,True,VAL 2022-26,11.699999809265137,1.0,False,11.7,18043026.00586033,2025-10-08,1542138.9748598572,,True,False
XBIT,2019-12-09,1.0503596647217257,28.0,False,False,True,sin 8-K,False,False,936776021.8533592,0.4491227116207562,0.1347368134862268,0.006579014513083,0.0310256175505809,False,True,False,True,True,False,DEV 2015-21,22.799999237060547,1.0,False,22.799999237060547,936776021.8533592,2019-12-09,41086669.0,,False,True
XBP,2023-12-14,0.8571428859765473,73.0,False,True,False,sin 8-K,True,False,,0.6156061856878166,0.1846818557063449,0.0541310235806971,0.179245330549804,False,True,False,True,True,False,VAL 2022-26,105.3000030517578,0.1,False,10.530000305175784,,2023-12-14,,,False,False
XBP,2024-05-06,1.0377358117108684,73.0,False,True,False,sin 8-K,True,False,1303175629.4149094,0.5993827637439993,0.1798148291231998,0.0023147794526634,0.0571428571428571,False,True,False,True,True,False,VAL 2022-26,43.20000076293945,0.1,False,4.320000076293946,130317562.94149096,2024-05-06,30166102.000000004,,False,False
XBP,2024-11-12,0.6171616680424477,73.0,False,False,False,sin 8-K,True,False,443441693.6462727,0.28412690174501,0.0852380705235029,0.0204081765052661,0.0375939844232719,False,True,False,False,False,False,VAL 2022-26,14.699999809265137,0.1,False,1.47,44344169.36462727,2024-11-12,30166101.60858998,,False,True
XCUR,2024-09-19,1.4628820787934895,28.0,True,False,False,8-K solo nota de prensa (7.01/8.01),True,False,48792473.56494713,0.977304870099776,0.2931914610299327,0.0638298124178375,-0.0763358644326502,False,False,True,False,False,False,VAL 2022-26,5.639999866485596,1.0,False,5.639999866485596,48792473.56494713,2024-09-19,8651148.0,S,False,False
XCUR,2025-12-09,0.7223265359435025,28.0,False,False,False,sin 8-K,True,False,58512119.36515045,0.6529412783196937,0.1958823834959081,0.0326796543668308,0.2702331687928981,False,True,False,False,False,False,VAL 2022-26,9.18000030517578,1.0,False,9.18,58512119.36515045,2025-12-09,6373869.211890028,,False,True
XENE,2021-10-04,0.6993589474761437,28.0,True,False,False,8-K solo nota de prensa (7.01/8.01),False,False,1090202127.2525787,-0.6607694867390347,-0.1982308460217104,0.2202941604986015,0.0479365152025979,False,False,True,False,False,False,DEV 2015-21,26.51000022888184,1.0,False,26.51000022888184,1090202127.2525787,2021-10-04,41124183.99999999,B,False,False
XHG,2024-05-31,0.7410071942446044,64.0,True,False,False,sin 8-K,False,True,,0.8179063781233858,0.2453719134370157,0.115702479338843,-0.0987791529034842,False,True,False,False,False,False,VAL 2022-26,484.0,0.0025,False,1.2100000000000002,,2024-05-31,,,False,False
XHG,2024-09-30,1.1538461538461535,64.0,True,True,False,sin 8-K,False,True,,-1.2500000000000009,0.8519047619047619,0.4285714285714286,-0.3275862068965517,False,True,False,True,True,False,VAL 2022-26,840.0,0.0025,False,2.1000000000000005,,2024-09-30,,,False,False
XHG,2024-12-19,1.1618036232794178,64.0,True,True,False,sin 8-K,False,True,,-1.2500000000000009,0.19245395040004,0.9631902759383628,0.2861538666945237,False,True,False,True,True,False,VAL 2022-26,32.599998474121094,0.05,False,1.63,,2024-12-19,,,False,False
XHG,2025-01-10,1.1397848613331938,64.0,True,False,False,sin 8-K,False,True,,1.40720261183445,0.422160783550335,0.1557789166278727,0.0088495911311328,False,True,False,False,False,False,VAL 2022-26,39.79999923706055,0.05,False,1.99,,2025-01-10,,,False,False
XLO,2024-03-28,2.0046947085574094,28.0,True,False,False,8-K con acuerdo (1.01),True,False,926647274.7486992,1.4249999556513049,0.4274999866953913,0.0052083817473258,-0.4166666824350913,True,False,False,False,False,False,VAL 2022-26,26.8799991607666,0.0714285714285714,False,1.9199999400547567,66189091.05347851,2024-03-28,34473486.00000001,R,False,False
XLO,2025-02-12,1.0547944893010763,28.0,True,False,False,8-K con acuerdo (1.01),True,False,830807581.8313255,-0.354320940310112,-0.1062962820930336,0.2592592443084565,0.1283783752684625,True,False,False,False,False,False,VAL 2022-26,18.89999961853028,0.0714285714285714,False,1.35,59343398.70223753,2025-02-12,43958073.11276854,K,False,False
XMAX,2017-11-13,0.5141242937853108,25.0,True,False,False,sin 8-K,False,False,1834704416.0,0.6258706467661691,0.1877611940298507,0.1567164179104476,0.0930232558139534,False,True,False,False,False,False,DEV 2015-21,67.0,0.04,False,2.6800000000000006,73388176.64000002,2017-11-13,27383648.0,,False,False
XMAX,2021-03-11,1.887500127156576,25.0,True,False,False,sin 8-K,False,False,192534604.5786285,1.1403078620191585,0.3420923586057475,0.0808080552310892,-0.1002227137432578,False,True,False,False,False,False,DEV 2015-21,34.650001525878906,0.2,False,6.930000305175781,38506920.9157257,2021-03-11,5556553.999999999,,False,False
XMAX,2023-12-28,1.9419355374593288,25.0,True,False,False,sin 8-K,True,False,7454355.026460171,-1.2500000000000004,-0.0407017254917461,0.3991228496709145,0.1978723119318662,False,True,False,False,False,True,VAL 2022-26,4.559999942779541,1.0,False,4.559999942779541,7454355.026460171,2023-12-28,1634727.0,,True,False
XMAX,2024-03-22,0.891891867510153,25.0,True,False,False,sin 8-K,True,False,5721544.5,0.4047619410923549,0.1214285823277064,0.262857164655413,0.0427631176492178,False,True,False,False,False,True,VAL 2022-26,3.5,1.0,False,3.5,5721544.5,2024-03-22,1634727.0,,True,False
XNET,2025-02-27,0.6344826259454324,73.0,False,False,False,sin 8-K,False,True,1456844598.692894,0.655836728534782,0.1967510185604346,0.0137130929027715,-0.0265957193846289,False,True,False,False,False,False,VAL 2022-26,4.739999771118164,1.0,False,4.74,1456844598.692894,2025-02-27,307351181.1588384,,False,True
XOS,2026-06-03,1.9058295801117424,37.0,False,False,False,sin 8-K,False,False,77647423.18855047,-0.5374485679984136,-0.161234570399524,0.2762346347872575,0.2922251765671739,False,True,False,False,False,False,VAL 2022-26,6.480000019073486,1.0,False,6.48,77647423.18855047,2026-06-03,11982627.035270134,,False,True
XOS,2026-08-18,1.1674643042312454,37.0,True,True,True,sin 8-K,False,False,64406872.54302406,0.0328919414418734,0.009867582432562,0.0927151390738139,0.346846833785201,False,True,False,True,True,False,VAL 2022-26,4.53000020980835,1.0,False,4.53,64406872.54302406,2026-08-18,14217852.658504207,,False,False
XPON,2022-12-23,2.0417091168705293,36.0,False,False,False,8-K solo nota de prensa (7.01/8.01),False,False,24407240832.0,0.6801560758082497,0.2040468227424749,0.2508361204013378,0.1063829787234042,False,False,True,False,False,False,VAL 2022-26,3588.0,0.0008333333333333,False,2.99,20339367.36,2022-12-23,6802463.999999999,H,False,True
XPON,2024-10-14,0.6736401495552846,36.0,True,True,True,sin 8-K,True,False,2667693456.0,0.3666665501064725,0.1099999650319417,0.0625,0.1335227978274649,False,True,False,True,True,False,VAL 2022-26,48.0,0.0833333333333333,False,4.0,222307788.0,2024-10-14,55576947.0,,False,False
XPON,2025-01-02,0.5355648691391262,36.0,True,False,True,sin 8-K,True,False,92311453.1990204,1.483469610878366,0.4450408832635098,0.1989100394964946,-0.1099999745686848,False,True,False,True,True,False,VAL 2022-26,44.040000915527344,0.0833333333333333,False,3.67,7692621.099918366,2025-01-02,2096082.0435744869,,True,False
XPON,2025-08-14,1.7938929658330407,36.0,True,False,False,8-K otros items,True,False,152609696.03759766,-1.2500000000000004,0.4380874138957128,0.5027323030870907,0.0841583757195146,False,False,False,False,False,False,VAL 2022-26,43.91999816894531,0.0833333333333333,False,3.66,12717474.669799805,2025-08-14,3474719.8551365584,R,True,False
XPON,2026-08-24,1.262008765752458,36.0,False,False,False,8-K con acuerdo (1.01),True,False,7477342.931644917,0.640197415493501,0.1920592246480502,0.1917632241458062,0.1499999769272335,False,False,False,False,False,True,VAL 2022-26,7.769999980926514,1.0,False,7.77,7477342.931644917,2026-08-24,962334.9976376984,H,True,True
XRTX,2022-07-13,0.72131145414683,28.0,False,False,False,sin 8-K,False,True,11047721139.0,0.426984174826695,0.1280952524480085,0.0619047906103027,-0.0320441861067313,False,True,False,False,False,False,VAL 2022-26,850.5,0.0024691358024691,False,2.1,27278323.8,2022-07-13,12989678.0,,False,True
XTIA,2019-04-10,0.7919799733995723,73.0,True,True,True,sin 8-K,True,False,841398999865456.0,0.5494173143303224,0.1648251942990967,0.2447552985403622,0.1440677421345483,False,True,False,True,True,False,DEV 2015-21,120656248.0,1.1851851851851853e-08,False,1.4299999762962965,9972136.2947017,2019-04-10,6973521.999999998,,False,False
XTIA,2023-04-14,0.9305555555555556,73.0,True,False,False,sin 8-K,True,False,598036136750.0,1.0218225419664269,0.306546762589928,0.1906474820143884,0.2842105263157894,False,True,False,False,False,False,VAL 2022-26,34750.0,4e-05,False,1.39,23921445.470000003,2023-04-14,17209673.000000004,,False,False
XTIA,2024-06-05,1.1304347826086958,73.0,True,True,True,sin 8-K,True,False,5644198280.0,1.6673469387755102,0.5002040816326531,0.0357142857142858,0.1583333333333333,True,True,False,True,False,False,VAL 2022-26,490.0,0.004,False,1.96,22576793.12,2024-06-05,11518772.0,,False,False
XTLB,2021-03-05,0.6678200680623145,28.0,False,False,False,sin 8-K,False,True,9913888157.797102,0.7066390965103535,0.211991728953106,0.2676348373258221,0.1519999821980794,False,True,False,False,False,False,DEV 2015-21,19.280000686645508,0.25,False,4.820000171661377,2478472039.4492755,2021-03-05,514205799.0,,False,True
XTLB,2026-04-29,0.6391304604723238,28.0,False,False,False,sin 8-K,False,True,3567337434.0718403,0.1523430939075346,0.0457029281722604,0.2917771645086939,-0.0955056623743731,False,True,False,False,False,False,VAL 2022-26,3.7699999809265137,1.0,False,3.77,3567337434.0718403,2026-04-29,946243351.2126898,O,False,True
XTNT,2020-05-21,3.1343282267574137,38.0,False,False,False,sin 8-K,True,False,36629274.797780514,1.2061371582215132,0.3618411474664539,0.2635379148375716,0.109195434585684,False,True,False,False,False,False,DEV 2015-21,2.7699999809265137,1.0,False,2.7699999809265137,36629274.797780514,2020-05-21,13223565.0,,False,True
XTNT,2020-10-02,1.743902462958439,38.0,False,False,False,8-K con acuerdo (1.01),True,False,29753021.25,0.974073996367278,0.2922221989101833,0.1111111111111111,0.0318471782516705,False,False,False,False,False,True,DEV 2015-21,2.25,1.0,False,2.25,29753021.25,2020-10-02,13223565.0,R,False,True
XWEL,2020-05-22,0.9807691578799234,72.0,True,True,True,8-K solo nota de prensa (7.01/8.01),True,False,5345709822.005615,0.4521035658634136,0.1356310697590241,0.1262135814458553,-0.0568181826391824,False,False,True,True,False,False,DEV 2015-21,61.79999923706055,0.0166666666666666,False,1.0299999872843424,89095163.70009358,2020-05-22,86500160.0,H,False,False
XXII,2025-04-09,1.2857142857142856,21.0,True,False,True,sin 8-K,True,False,39239781120.0,1.813888888888889,0.5441666666666667,0.0166666666666666,0.1093457679381687,False,True,False,True,True,False,VAL 2022-26,16560.0,0.0001449275362318,False,2.4,5686924.8,2025-04-09,2369552.0,,True,False
XXII,2025-07-17,0.6724890829694323,21.0,True,True,True,sin 8-K,True,False,5445230496.0,1.1677110530896433,0.3503133159268929,0.2362924281984333,0.2020408163265306,False,True,False,True,True,False,VAL 2022-26,2298.0,0.0033333333333333,False,7.66,18150768.32,2025-07-17,2369552.0,,True,False
YAAS,2026-04-27,0.5554359755663307,73.0,False,False,False,sin 8-K,False,True,,-1.2500000000000004,-0.6155362277017795,0.7785466020445093,0.3362068938939664,False,True,False,False,False,False,VAL 2022-26,1.4450000524520874,0.2,False,1.445,,2026-04-27,,H,False,True
YARW,2021-01-25,0.5372340425531914,28.0,True,False,False,sin 8-K,True,False,1746609432984.0,0.2550173010380623,0.0765051903114186,0.0346020761245675,0.053030303030303,True,True,False,False,False,False,DEV 2015-21,10404.0,0.0002777777777777,False,2.89,485169286.94,2021-01-25,167878646.0,,False,False
YCBD,2023-12-29,0.6202530843327989,28.0,True,False,True,sin 8-K,True,False,29237554.54648972,-1.2500000000000002,0.1775000116415324,0.3515625451109383,0.0548076764366324,True,True,False,True,False,True,VAL 2022-26,10.239999771118164,0.125,False,1.2799999713897705,3654694.318311215,2023-12-29,2855230.0000000005,,True,False
YCBD,2025-12-12,0.9492869310058742,28.0,False,False,False,sin 8-K,True,False,10962939.740001202,0.0479674008795771,0.0143902202638731,0.2113821027898075,0.0,False,True,False,False,False,True,VAL 2022-26,1.2300000190734863,1.0,False,1.23,10962939.740001202,2025-12-12,8912959.138212359,,False,True
YDKG,2025-03-17,0.5555555555555556,61.0,True,False,False,sin 8-K,False,True,1805913648.0,-1.2500000000000002,-0.2877777777777778,0.4126984126984128,0.6086956521739131,False,True,False,False,False,False,VAL 2022-26,126.0,0.01,False,1.26,18059136.48,2025-03-17,14332648.0,,False,False
YFOR,2026-08-26,0.6652173926564382,73.0,True,False,True,sin 8-K,False,True,,-0.3901652354911605,-0.1170495706473481,0.1227154768645577,0.0990565708838717,False,True,False,True,True,False,VAL 2022-26,1.914999961853028,1.0,False,1.914999961853028,,2026-08-26,,F,False,False
YHC,2025-05-12,0.9346733668341708,20.0,True,True,True,sin 8-K,True,False,14014272965.0,-1.2499999999999998,0.4211688311688311,1.0,0.2831050228310502,False,True,False,True,True,False,VAL 2022-26,385.0,0.01,False,3.85,140142729.65,2025-05-12,36400709.0,,False,False
YHGJ,2020-06-12,1.973568181997688,30.0,False,False,False,sin 8-K,True,False,303386040.0,1.8925925925925924,0.5677777777777777,0.2399999547887732,0.1333333065635279,False,True,False,False,False,False,DEV 2015-21,67.5,0.1,False,6.75,30338604.0,2020-06-12,4494608.0,,True,True
YHGJ,2020-06-24,1.2627118924882552,30.0,False,False,False,sin 8-K,True,False,240012074.0582276,1.2400749652283924,0.3720224895685177,0.1179775104314821,0.0,False,True,False,False,False,False,DEV 2015-21,53.400001525878906,0.1,False,5.340000152587891,24001207.40582276,2020-06-24,4494608.000000001,,True,True
YHGJ,2021-02-23,0.7426159454662487,30.0,False,False,False,sin 8-K,True,False,238864575.38742828,0.9271186310218146,0.2781355893065443,0.210653775391175,-0.0408163530105325,False,True,False,False,False,False,DEV 2015-21,41.29999923706055,0.1,False,4.129999923706055,23886457.53874283,2021-02-23,5783645.999999999,,False,True
YIBO,2025-01-28,0.8116883317944497,35.0,False,False,False,sin 8-K,False,True,,0.2295101930922759,0.0688530579276827,0.0967741880351813,0.2976653718156392,False,True,False,False,False,False,VAL 2022-26,5.579999923706055,1.0,False,5.58,,2025-01-28,,,False,True
YJ,2026-08-19,2.3735631341300443,59.0,False,False,False,sin 8-K,False,True,,0.8865984765147271,0.2659795429544181,0.0221465275937626,0.0635294072768267,False,True,False,False,False,False,VAL 2022-26,5.869999885559082,1.0,False,5.87,,2026-08-19,,,False,True
YMAT,2026-05-26,2.2747250536101182,39.0,False,False,False,sin 8-K,False,True,103952328.18861294,0.2127515561426378,0.0638254668427913,0.1140940138565682,0.1811594177859843,False,True,False,False,False,False,VAL 2022-26,7.449999809265137,0.2,False,1.49,20790465.63772259,2026-05-26,13953332.642766839,F,False,True
YOUL,2025-09-09,0.8352272935088509,82.0,False,True,True,sin 8-K,False,True,,-1.250000000000001,0.3119814104370648,0.3622291236485984,0.2420091674662942,False,True,False,True,True,False,VAL 2022-26,3.2300000190734863,1.0,False,3.23,,2025-09-09,,,False,False
YXT,2026-08-05,1.8153847846759208,73.0,True,False,False,sin 8-K,False,True,,-1.2500000000000009,-2.2108196387593817,3.3907101961657213,0.6606914338149219,False,True,False,False,False,False,VAL 2022-26,7.320000171661377,1.0,False,7.32,,2026-08-05,,,False,False
YYAI,2025-02-24,1.9375,73.0,True,False,False,8-K solo nota de prensa (7.01/8.01),True,False,1095139555200.0,1.04822695035461,0.3144680851063829,0.0159574468085106,0.4637795275590551,False,False,True,False,False,False,VAL 2022-26,75200.0,2.5e-05,False,1.88,27378488.880000003,2025-02-24,14563026.000000002,H,False,False
ZBAO,2024-12-06,0.5647059153520531,64.0,False,False,False,sin 8-K,False,True,,0.9691729697706952,0.2907518909312085,0.0701754312582769,0.0430107122579965,False,True,False,False,False,False,VAL 2022-26,3.990000009536743,1.0,False,3.99,,2024-12-06,,,False,True
ZCMD,2021-03-17,0.8681318950778028,82.0,False,False,False,sin 8-K,False,True,,0.6921568112712155,0.2076470433813646,0.2029411610284235,0.1090225345009738,False,True,False,False,False,False,DEV 2015-21,25296.0,0.0001344086021505,False,3.4,,2021-03-17,,H,False,True
ZCMD,2024-04-19,0.8275861015464727,82.0,True,False,False,sin 8-K,False,True,,0.8597484222213788,0.2579245266664136,0.0339623066732452,0.1804123898797404,False,True,False,False,False,False,VAL 2022-26,1971.5999755859373,0.0013440860215053,False,2.6499999671853995,,2024-04-19,,,False,False
ZCMD,2024-09-30,0.6356877931089462,82.0,True,False,False,sin 8-K,False,True,,-0.4272725961951273,-0.1281817788585382,0.1272726906613976,-0.0813008401204642,False,True,False,False,False,False,VAL 2022-26,1636.800048828125,0.0013440860215053,False,2.2000000656292,,2024-09-30,,,False,False
ZCMD,2026-07-06,1.2612612235276175,82.0,True,True,False,sin 8-K,False,True,,0.3252323797508346,0.0975697139252503,0.2390437876144493,0.017857125751218,True,True,False,True,False,False,VAL 2022-26,2.509999990463257,1.0,False,2.51,,2026-07-06,,,False,False
ZCMD,2026-07-22,0.5374149295765054,82.0,True,True,False,sin 8-K,False,True,,-1.2500000000000002,-0.908230079626531,4.2920354374406,0.5967365887047169,False,True,False,True,True,False,VAL 2022-26,2.259999990463257,1.0,False,2.26,,2026-07-22,,,False,False
ZDAI,2024-11-26,0.8975332136987806,15.0,False,True,False,sin 8-K,False,True,,-1.2500000000000002,-4.378000030517578,4.368000030517578,0.9846311478504308,False,True,False,True,True,False,VAL 2022-26,320.0,0.0625,False,20.0,,2024-11-26,,,False,False
ZDGE,2020-10-23,0.9617833253544104,73.0,True,False,False,8-K otros items,False,False,,0.551082224274067,0.1653246672822201,0.0616883317944496,-0.1023622025071122,False,False,False,False,False,False,DEV 2015-21,3.0799999237060547,1.0,False,3.0799999237060547,,2020-10-23,,R,False,False
ZENA,2024-10-24,0.653409148635697,73.0,False,True,False,sin 8-K,False,True,,0.8257731705368719,0.2477319511610615,0.0068728454764992,-0.0231481251525299,False,True,False,True,True,False,VAL 2022-26,2.9100000858306885,1.0,False,2.91,,2024-10-24,,,False,False
ZEO,2024-09-19,1.4210526535935903,17.0,False,False,False,sin 8-K,True,False,,-1.2500000000000009,0.0479710457911389,0.4492753673265821,-0.0730769477652383,False,True,False,False,False,False,VAL 2022-26,2.759999990463257,1.0,False,2.759999990463257,,2024-09-19,,,False,True
ZEO,2024-12-09,1.0,17.0,False,True,True,sin 8-K,True,False,,0.0283950017694484,0.0085185005308345,0.0370370010616691,-0.0377358117108682,False,True,False,True,True,False,VAL 2022-26,2.700000047683716,1.0,False,2.7,,2024-12-09,,,False,False
ZEO,2025-01-17,0.5641026581532891,17.0,False,False,True,sin 8-K,True,False,,0.2945356330346435,0.088360689910393,0.0601092960248652,0.0181818011050051,False,True,False,True,True,False,VAL 2022-26,3.660000085830689,1.0,False,3.66,,2025-01-17,,,False,True
ZEO,2025-05-29,0.8037973590012555,17.0,False,False,True,8-K con acuerdo (1.01),True,False,,-0.711696118751753,-0.2135088356255259,0.2175439104295666,0.0991254069885002,False,False,False,True,False,False,VAL 2022-26,2.8499999046325684,1.0,False,2.85,,2025-05-29,,O,False,True
ZJK,2024-12-03,1.8706625118156333,34.0,False,True,False,sin 8-K,False,True,,-1.25,0.0416483788270896,0.6758241055740479,0.209154146146001,False,True,False,True,True,False,VAL 2022-26,18.200000762939453,1.0,False,18.2,,2024-12-03,,H,False,False
ZJYL,2026-08-10,0.6232557463865172,38.0,True,False,False,sin 8-K,False,True,,0.511079208868406,0.1533237626605217,0.0716332376266051,-0.0205479250725543,False,True,False,False,False,False,VAL 2022-26,3.490000009536743,1.0,False,3.49,,2026-08-10,,,False,False
ZKIN,2017-12-28,0.7563118115237988,34.0,False,False,False,sin 8-K,False,True,209093536.0,1.1958332538604737,0.3587499761581421,0.0,0.0297029880598091,False,True,False,False,False,False,DEV 2015-21,16.0,1.0,False,16.0,209093536.0,2017-12-28,13068346.0,,False,True
ZKIN,2019-02-04,0.6481481903919522,34.0,False,False,False,sin 8-K,False,True,44129860.05098915,-1.25,0.3570411951574777,0.5655429621337731,0.0650887636572223,False,True,False,False,False,False,DEV 2015-21,2.6700000762939453,1.0,False,2.6700000762939453,44129860.05098915,2019-02-04,16528037.0,,False,True
ZKIN,2020-11-25,0.5028572082519531,34.0,True,True,False,sin 8-K,False,True,43547639.20491696,0.4102663217000785,0.1230798965100235,0.1596957488972008,0.026315764707211,False,True,False,True,True,False,DEV 2015-21,2.630000114440918,1.0,False,2.630000114440918,43547639.20491696,2020-11-25,16558037.000000004,,False,False
ZKIN,2025-05-09,0.6428571023097651,34.0,True,False,False,sin 8-K,False,True,,0.087439502243419,0.0262318506730257,0.0797101290696873,0.2882205745911644,False,True,False,False,False,False,VAL 2022-26,4.139999866485596,1.0,False,4.14,,2025-05-09,,,False,False
ZNB,2020-06-11,1.1754385964912282,82.0,True,True,False,sin 8-K,False,True,,1.256989247311828,0.3770967741935483,0.1451612903225807,0.0263157894736842,True,True,False,True,False,False,DEV 2015-21,99200000.0,1.25e-08,False,1.2400000000000002,,2020-06-11,,,False,False
ZNB,2024-12-26,0.8888888888888888,82.0,True,True,False,sin 8-K,False,True,,1.1758169934640523,0.3527450980392156,0.0661764705882352,0.0961538461538461,False,True,False,True,True,False,VAL 2022-26,81600.0,5e-05,False,4.08,,2024-12-26,,,False,False
ZNB,2025-09-04,0.6496350364963503,82.0,True,True,True,sin 8-K,False,True,,-1.2500000000000002,0.4147787610619469,0.5088495575221239,-0.1538461538461538,False,True,False,True,True,False,VAL 2022-26,1808.0,0.00125,False,2.26,,2025-09-04,,,False,False
ZNB,2025-10-07,1.7590361445783134,82.0,True,True,True,sin 8-K,False,True,,0.8254730713245997,0.2476419213973799,0.1419213973799127,0.4411764705882353,False,True,False,True,True,False,VAL 2022-26,3664.0,0.00125,False,4.58,,2025-10-07,,H,False,False
ZNTL,2024-09-16,0.5308642047986154,28.0,True,False,False,8-K solo nota de prensa (7.01/8.01),True,False,352695519.0325537,0.8268816945869562,0.2480645083760868,0.0967741966495652,-0.1141303886566143,True,False,True,False,False,False,VAL 2022-26,4.960000038146973,1.0,False,4.960000038146973,352695519.0325537,2024-09-16,71107967.0,O,False,False
ZOOZ,2025-09-19,0.948497983367592,35.0,True,True,True,sin 8-K,False,True,,1.4644640851866124,0.4393392255559837,0.1145373738650226,0.184000015258789,False,True,False,True,True,False,VAL 2022-26,90.8000030517578,0.05,False,4.54,,2025-09-19,,F,False,False
ZSTK,2025-09-22,0.7279411280031449,61.0,True,False,False,sin 8-K,True,True,1060726691.0,0.9234043743593472,0.2770213123078042,0.0,0.2826021450416048,True,True,False,False,False,False,VAL 2022-26,47.0,1.0,False,47.0,1060726691.0,2025-09-22,22568653.0,,False,False
ZTG,2026-09-16,2.43239230024871,87.0,False,False,False,sin 8-K,False,True,,1.5972583307685273,0.4791774992305582,0.0173160012311068,-0.0169492381566323,False,True,False,False,False,False,VAL 2022-26,2.309999942779541,1.0,False,2.31,,2026-09-16,,O,False,True
ZYBT,2026-07-20,0.8194841773154462,28.0,False,False,False,sin 8-K,False,True,,-1.25,-5.317086889118087,5.307086889118088,0.6441947786273139,False,True,False,False,False,False,VAL 2022-26,1.2699999809265137,1.0,False,1.27,,2026-07-20,,,False,True
