sym,date,gap,P,dil,n_contra
AACG,2021-02-04,1.6985294394788029,2020-22,0.9991009427668891,0
AAME,2021-02-05,0.5690375880340612,2020-22,0.9982510771014739,0
AAME,2021-03-19,0.20925106106771607,2020-22,0.9982039400657636,0
AAOI,2016-09-07,0.2148190582364704,2015-19,1.130804044601396,0
AAOI,2022-09-16,0.20399999618530273,2020-22,1.274500105046997,0
ABAT,2020-11-30,1.080645128211088,2020-22,1.3965176591757216,0
ABAT,2023-09-21,0.25531922017033426,2023-26,1.5884593468835009,1
ABAT,2024-12-18,0.36046504374772925,2023-26,1.8280651370643102,0
ABAT,2024-12-23,0.4144144434402941,2023-26,1.8280651370643102,0
ABEO,2015-05-05,0.5874125874125875,2015-19,1.6407038621275984,0
ABEO,2015-05-06,0.5242881072026802,2015-19,1.6407038621275984,0
ABEO,2019-09-03,0.27922077922077926,2015-19,1.9978956216240122,0
ABOS,2022-09-28,0.7234044064219214,2020-22,1.4297776388803984,0
ABOS,2023-07-17,0.7531846912498485,2023-26,1.464465257846533,0
ABSI,2025-01-08,0.33224763567590077,2023-26,1.3322907299754991,0
ABTC,2019-06-19,0.3937516832749799,2015-19,1.0300837082900691,0
ABTC,2019-06-20,0.30522088353413657,2015-19,1.0300837082900691,0
ABTC,2021-11-15,0.20415224913494812,2020-22,2.8825559615024283,1
ABTC,2022-09-14,0.46153846153846145,2020-22,2.553898542821837,1
ABTC,2023-01-12,0.36363636363636354,2023-26,2.3143052118955802,0
ABTC,2023-09-11,0.21794871794871784,2023-26,131.00432734197742,1
ABTC,2024-02-09,0.21974522292993637,2023-26,136.52507438047806,1
ABUS,2021-12-01,0.6093750058207661,2020-22,1.1567084793485987,0
ABVC,2021-09-01,0.3999999473834861,2020-22,1.3335360670220167,0
ABVC,2021-11-01,2.2480315448435317,2020-22,1.3335360670220167,0
ABVC,2022-06-13,0.3222221798366971,2020-22,1.3037730906606781,1
ABVC,2023-01-05,1.064516223308078,2023-26,2.21618873724888,1
ABVC,2023-07-26,0.36578950588062575,2023-26,3.7549991324256955,1
ABVC,2023-08-01,0.7269077005083486,2023-26,3.7549991324256955,1
ABVC,2023-10-26,2.8941174705135833,2023-26,3.2837807879155374,0
ABVC,2024-01-03,0.8083333250549107,2023-26,1.7941924296938305,0
ABVC,2024-03-26,0.338095271614405,2023-26,1.4940981046115491,0
ACET,2018-07-25,1.2042176144781158,2015-19,1.291494444100767,0
ACET,2020-04-29,0.28688522484882206,2020-22,6.103933185517291,1
ACET,2020-09-23,0.22948402893133846,2020-22,6.136195590911278,1
ACET,2021-12-06,0.3928570768228439,2020-22,1.34097132101097,0
ACET,2025-05-09,0.23430960673527523,2023-26,1.8569404280665047,1
ACH,2020-03-30,0.3611614679591406,2020-22,1.1956749618836757,0
ACH,2020-07-21,0.28967250596001404,2020-22,1.1976688982474124,0
ACH,2020-09-24,0.39158814990155855,2020-22,1.1830393795044079,0
ACH,2023-05-05,0.3505534302186659,2023-26,1.0038543247109493,0
ACHV,2016-10-26,0.45945945945945943,2015-19,4.3793941498307385,1
ACHV,2017-01-06,0.3793103448275863,2015-19,4.671081902129273,1
ACHV,2018-02-20,0.49295774647887325,2015-19,5.625529182411709,1
ACHV,2018-06-26,0.4526315990247225,2015-19,6.352216971348764,1
ACHV,2018-07-11,0.46408836693340394,2015-19,6.352216971348764,1
ACHV,2018-09-27,0.5274725981065407,2015-19,1.8353669134619717,0
ACHV,2018-10-30,0.3084112382766018,2015-19,1.8353669134619717,0
ACHV,2019-02-22,0.553072616173784,2015-19,4.664824211145105,0
ACHV,2019-03-15,0.6979591213926977,2015-19,4.664756888650836,0
ACHV,2019-12-09,0.2637362107607575,2015-19,8.662196130526373,1
ACHV,2019-12-17,0.2987013308711195,2015-19,8.662196130526373,1
ACHV,2020-07-29,0.40350881889439694,2020-22,6.029594711330714,1
ACHV,2020-07-31,0.43416659037272143,2020-22,6.029594711330714,1
ACIC,2023-04-20,0.3333333814987036,2023-26,1.1045930022603045,0
ACIU,2021-02-11,0.5896032799612738,2020-22,1.1604503529198114,0
ACON,2023-04-24,0.729729721843162,2023-26,14.559025836623094,1
ACON,2023-05-30,1.5254237846425749,2023-26,14.559025836623094,1
ACON,2023-12-20,0.551724109045661,2023-26,20.351309341990945,1
ACON,2024-01-04,0.3367224156632893,2023-26,20.351309341990945,1
ACON,2024-01-08,1.1470588276803966,2023-26,20.351309341990945,1
ACON,2025-01-24,0.6279070497343899,2023-26,1979.0749709596028,2
ACON,2025-03-03,1.152238858342256,2023-26,1979.0749709596028,2
ACR,2020-04-06,0.2735849389037408,2020-22,0.8895820908529227,1
ACR,2020-04-09,0.34448161210717676,2020-22,0.8895820908529227,1
ACRS,2019-09-17,0.7272726681606843,2015-19,1.0374941646032472,0
ACRS,2020-01-10,0.22043008788608676,2020-22,1.2516603189992799,0
ACRS,2020-06-17,0.45270274841846336,2020-22,1.4621698407157349,0
ACRS,2021-01-19,1.389455768245468,2020-22,1.4276804572563886,0
ACRV,2024-04-09,0.6869713239323527,2023-26,1.3849692036705827,0
ACXP,2025-06-17,1.9804559666114576,2023-26,4.781597704544641,1
ACXP,2025-10-08,0.6713287039743767,2023-26,3.3253433452698333,0
ADEA,2020-11-10,0.23423546073975232,2020-22,0.9888627906992145,0
ADIL,2018-11-30,0.26428571428571423,2015-19,1.573819420220312,0
ADIL,2018-12-13,0.41871921182266014,2015-19,1.573819420220312,0
ADIL,2021-06-22,0.2264808362369337,2020-22,1.4970553640885804,0
ADIL,2023-03-07,0.40476190476190466,2023-26,3.7749187624530043,1
ADIL,2024-03-01,0.5343137254901962,2023-26,5.397939705134974,0
ADIL,2024-04-10,1.256637168141593,2023-26,1.6214089706157622,0
ADIL,2024-07-23,0.5188679245283019,2023-26,5.383221521033644,0
ADIL,2025-02-25,0.23376623376623384,2023-26,5.5729738497148125,1
ADIL,2025-06-26,0.3600000000000001,2023-26,9.984998299513217,1
ADMA,2019-04-02,0.5380835294477395,2015-19,1.8627744985509913,0
ADMA,2021-04-28,0.24210522353153752,2020-22,1.6155001135144051,0
ADXN,2021-01-21,0.5636705824908088,2020-22,1.3974875486627825,0
AEHL,2020-05-20,0.6176470588235294,2020-22,1.6490858985383061,1
AEHL,2021-06-08,0.20138888888888884,2020-22,1.368997701694155,0
AEHL,2021-06-09,0.568922305764411,2020-22,1.368997701694155,0
AEHR,2021-07-19,0.44999990883995755,2020-22,1.1587714157251565,0
AEHR,2024-12-16,0.2185603223005701,2023-26,1.0336299407867298,0
AEI,2021-02-16,0.21753983838544633,2020-22,13.207456009334889,0
AEI,2021-03-05,0.38497652582159625,2020-22,13.207456009334889,0
AEI,2025-01-02,1.0196078248044151,2023-26,4.212750804835324,0
AEMD,2017-09-12,0.55,2015-19,2.0132363786253022,0
AEMD,2018-11-27,0.3931623931623931,2015-19,1.2107116702264262,1
AEMD,2019-07-02,0.36363636363636354,2015-19,9.463758082913298,1
AEMD,2020-02-27,0.5714285714285714,2020-22,1.3097664075372215,0
AEMD,2020-06-18,1.3900709219858154,2020-22,1.660012603377459,0
AEMD,2020-12-16,0.7962962962962963,2020-22,1.274638653052746,0
AEMD,2021-06-09,3.7963800904977374,2020-22,1.3057439404582365,0
AEMD,2021-09-22,0.28421052631578947,2020-22,1.4933615524138832,0
AEMD,2022-08-01,0.54,2020-22,1.5648152792336782,0
AEMD,2023-01-30,0.27659574468085113,2023-26,1.141973549295588,1
AEMD,2023-07-06,0.23529411764705888,2023-26,5.611206276989074,1
AEMD,2024-05-10,0.3220338983050848,2023-26,7.8928926472647865,1
AEMD,2024-06-06,0.5681818181818181,2023-26,7.8928926472647865,1
AEMD,2024-12-20,0.34883720930232553,2023-26,7.535368505281264,2
AEON,2024-07-15,0.3071427630729444,2023-26,2.142904401327961,1
AEYE,2024-03-07,0.21212118710024042,2023-26,1.047898489097054,0
AGEN,2018-12-20,0.39303472147752916,2015-19,1.1448414947905312,0
AGEN,2021-05-18,0.29447854004328367,2020-22,1.3239388733800495,0
AGIG,2017-08-01,0.3799999999999999,2015-19,1.193359302934853,0
AGIG,2018-06-28,0.29032258064516125,2015-19,1.0571702584520355,0
AGIG,2020-01-03,0.375,2020-22,1.3381461236378855,1
AGIG,2020-04-24,0.3846153846153846,2020-22,1.425649870479028,1
AGIG,2020-09-29,1.7981652355426907,2020-22,1.4263673006371886,0
AGIG,2022-03-07,0.7263157493189762,2020-22,1.0699190539242318,0
AGIG,2022-05-31,0.32978728800782897,2020-22,1.0699190539242318,0
AGIG,2025-06-12,0.23260072748232608,2023-26,28.14536583705271,1
AGIG,2025-06-13,0.8011204337748974,2023-26,28.14536583705271,1
AGPU,2016-06-10,0.3846153846153846,2015-19,3.122992186758587,1
AGPU,2016-08-30,0.26249999999999996,2015-19,1.9047638868296195,1
AGPU,2016-08-31,0.24390243902439024,2015-19,1.9047638868296195,1
AGPU,2016-11-22,0.46634615384615374,2015-19,1.6512463007837346,0
AGPU,2017-03-01,0.453125,2015-19,3.1023672355881686,0
AGPU,2017-06-15,0.2883435582822085,2015-19,2.064640982225244,0
AGPU,2017-06-30,0.33587786259541974,2015-19,2.064640982225244,0
AGPU,2017-11-01,0.2021276595744681,2015-19,2.260915828474732,0
AGPU,2018-01-04,0.21025641025641018,2015-19,2.242922816895311,0
AGPU,2018-07-13,0.22399999999999998,2015-19,2.6481479740086327,0
AGPU,2020-03-12,0.49532710280373826,2020-22,12.55012145199174,0
AGPU,2020-05-06,0.3013698630136987,2020-22,8.344164338978043,0
AGPU,2020-09-23,0.25295506767645626,2020-22,6.158446008924518,0
AGPU,2023-04-13,0.22463765445146588,2023-26,1.0233384904692266,1
AGPU,2024-05-28,0.5159236483863021,2023-26,2.198361840804971,0
AGPU,2024-07-25,1.4299066575620971,2023-26,2.6809803357394424,0
AGPU,2025-01-06,0.4249999788072374,2023-26,7.635037264925882,1
AGPU,2025-01-22,0.24409457806342738,2023-26,12.462740698842792,1
AGPU,2025-03-25,0.8834080287914412,2023-26,12.462740698842792,1
AGPU,2025-09-29,1.7612901913222445,2023-26,15.962175195266363,1
AGX,2024-09-06,0.24810871064616946,2023-26,1.0231061546040083,0
AHG,2020-05-28,1.7083332919412206,2020-22,3.0019808539167863,1
AHT,2020-11-09,0.25,2020-22,23.143916482684734,1
AIFA,2020-06-01,0.4367347696101229,2020-22,1.6362240264424237,0
AIFA,2020-06-18,0.5673077070031181,2020-22,1.6362240264424237,0
AIFA,2021-01-19,0.20822795634022429,2020-22,1.1148096615054215,0
AIFC,2017-08-21,0.45901635371687144,2015-19,1.0330560382488414,0
AIFC,2018-11-23,0.46666669845581055,2015-19,1.1317467224839073,1
AIFC,2019-04-25,0.7042554370090988,2015-19,1.1764782946919448,1
AIFC,2019-08-29,0.27226460943185105,2015-19,1.0799125439272026,0
AIFC,2019-11-25,1.6666667913299782,2015-19,0.9542194382147265,0
AIFC,2020-02-06,1.038338620182612,2020-22,1.253225736646402,0
AIFC,2020-06-18,0.40054489363283374,2020-22,1.2075825475602158,0
AIFC,2020-07-21,0.6189111976871895,2020-22,1.2075825475602158,0
AIFC,2020-12-30,0.2972441440078277,2020-22,1.5450479840785318,0
AIFC,2021-01-28,1.3424367820145044,2020-22,1.5450479840785318,0
AIFC,2021-02-25,0.41636580787399846,2020-22,1.5450479840785318,0
AIFC,2022-05-31,1.0624999401292632,2020-22,1.2785330037030356,0
AIFC,2022-06-07,0.4199999809265136,2020-22,1.3329789453952556,0
AIFC,2023-11-09,0.25000004656612984,2023-26,3.733065649776936,0
AIFF,2023-11-16,0.7151899803832804,2023-26,12.671542037969779,1
AIFF,2024-03-18,0.3029315906945824,2023-26,17.32028730664918,1
AIFF,2025-05-05,0.29051982104170104,2023-26,1.27274680304969,0
AIFF,2025-06-20,0.22666668891906738,2023-26,1.3499424242653673,0
AIM,2017-07-10,0.230769290006823,2015-19,1.8042087452791933,0
AIM,2019-04-30,0.5882352297849798,2015-19,19.51422672139834,1
AIM,2019-09-19,1.024096396960235,2015-19,17.636351972091497,0
AIM,2019-09-24,0.3372092736101333,2015-19,17.636351972091497,0
AIM,2020-02-11,0.38554216182385903,2020-22,5.788141986097713,0
AIM,2020-02-12,0.24528297966440782,2020-22,5.788141986097713,0
AIM,2020-02-27,0.5249999786965054,2020-22,5.788141986097713,0
AIM,2020-02-28,0.3684211010520535,2020-22,5.788141986097713,0
AIM,2020-03-09,0.6666665917532797,2020-22,5.788141986097713,0
AIM,2020-05-14,0.3744679802751205,2020-22,1.7314437008193382,0
AIM,2020-12-21,0.25654449528683987,2020-22,1.1760324227589891,0
AIM,2025-07-28,1.259523597715142,2023-26,40.8449241941707,1
AIMD,2022-09-30,0.46376811594202905,2020-22,1.0418083330809154,0
AIMD,2023-07-14,0.5205479452054795,2023-26,1.9146448145430837,1
AIMD,2024-01-05,1.3381504362315995,2023-26,3.8026765291664595,1
AIMD,2024-03-04,0.4666666303362166,2023-26,3.8026765291664595,1
AIMD,2024-03-08,1.5000000425747468,2023-26,3.8026765291664595,1
AIMD,2024-08-12,0.23224568700335957,2023-26,3.0391802346385015,1
AIMD,2025-01-10,0.3123909172591002,2023-26,1.7388158504196816,1
AIOT,2023-10-10,0.21827414239204512,2023-26,3.646709348405901,0
AIP,2025-08-05,0.5111111133537316,2023-26,1.1524548101699705,0
AIRE,2024-04-25,0.43965517241379315,2023-26,1.0477955362541636,0
AIRE,2024-05-07,0.4644107872698606,2023-26,1.0477955362541636,0
AIRE,2024-12-26,0.4014598540145986,2023-26,2.791795389126968,0
AIRE,2025-07-21,0.4157894536068565,2023-26,3.182001205686323,1
AIRE,2025-09-11,0.24285714285714288,2023-26,1.7561846416617797,1
AIRI,2020-10-30,0.33009704423002506,2020-22,1.0492151298831291,0
AIRI,2024-08-22,0.6453333536783854,2023-26,1.4393436867340217,0
AIRS,2022-08-12,0.22635137420923157,2020-22,1.020575320478085,0
AIRS,2025-05-02,0.2654866845860384,2023-26,1.2043749708490976,0
AISP,2024-08-15,0.2559523753208006,2023-26,1.3443424209114694,0
AIXC,2020-01-03,0.2318840579710144,2020-22,56.71780512980341,1
AIXC,2020-01-21,0.3392857142857142,2020-22,70.78555058281773,1
AIXC,2020-02-28,1.5,2020-22,70.78555058281773,1
AIXC,2020-07-01,0.6246851385390428,2020-22,15.858882695143981,1
AIXC,2021-11-23,0.536,2020-22,14.462354424032613,1
AIXC,2023-01-10,0.20472440944881898,2023-26,0.12303575415561016,0
AIXC,2023-03-21,0.22448979591836737,2023-26,0.14978256327650163,0
AIXC,2024-07-05,1.107954413068199,2023-26,8.505784177678589,1
AIXC,2024-07-12,0.45853656675757426,2023-26,8.505784177678589,1
AIXC,2025-07-16,0.5382435899003188,2023-26,12.372548036503156,0
AIXC,2025-09-22,1.922535366752847,2023-26,12.372548036503156,0
AIXI,2025-01-27,0.20158104882465855,2023-26,1.728855936131786,0
AKA,2023-04-19,0.32678137835623944,2023-26,0.9764132428210941,1
AKAN,2023-01-20,0.26380365682868145,2023-26,1.6249194259184565,1
AKAN,2023-01-27,0.22499997522321413,2023-26,1.6249194259184565,1
AKBA,2015-09-09,0.660691467612591,2015-19,1.3269084114168668,0
AKBA,2016-12-20,0.2694610655339833,2015-19,1.2333934567970042,0
AKBA,2019-03-12,0.226158012657103,2015-19,2.2830018256696576,0
AKBA,2022-06-29,0.31428576050972534,2020-22,1.026048340333207,0
AKBA,2022-07-01,0.3994334519178766,2020-22,1.026048340333207,0
AKTX,2020-01-10,0.2716763005780347,2020-22,1.7130728512018696,0
ALAR,2018-12-31,0.4327272727272726,2015-19,16.43646302662556,1
ALAR,2022-01-06,0.24000002543131504,2020-22,10.78244496864361,1
ALDX,2016-02-29,0.3799571114887279,2015-19,1.557976554181968,0
ALDX,2016-08-09,0.22789109688276632,2015-19,1.5598603081527442,0
ALDX,2017-09-12,0.642857240170853,2015-19,1.7322857503437583,0
ALDX,2018-09-26,0.24747483407511206,2015-19,1.3326838433710355,0
ALDX,2019-03-26,0.70868347862731,2015-19,1.08274009255195,0
ALEC,2021-07-02,0.4185631919671089,2020-22,1.0350608844145135,0
ALLR,2022-12-30,0.5884476534296028,2020-22,622.0248091720234,2
ALLR,2023-01-23,0.7519685039370079,2023-26,843.1107633148304,2
ALLR,2023-03-20,0.5047619047619047,2023-26,8.238522666666666,1
ALLR,2023-04-18,0.2627118644067796,2023-26,8.238522666666666,1
ALLR,2023-07-31,0.25095057034220525,2023-26,1130.1202133333331,2
ALLR,2023-12-05,0.6666666666666667,2023-26,583.5429251333132,2
ALLR,2024-04-12,0.2581627099218218,2023-26,1652.2124354981443,2
ALLR,2024-05-02,1.218978110319564,2023-26,1652.2124354981443,2
ALLR,2024-07-24,0.2574850105627515,2023-26,1419.6366597765425,2
ALLR,2025-08-26,1.1041445814879753,2023-26,1.0883119114593551,0
ALOY,2022-04-01,0.27238806003344096,2020-22,0.9543052796981933,1
ALOY,2023-04-17,2.310605842356739,2023-26,1.0255449671401677,0
ALOY,2025-01-22,0.9704140893242936,2023-26,1.2699514574389505,0
ALP,2024-08-23,0.5740740462749261,2023-26,2.303454390051955,1
ALT,2019-03-07,0.25165562757059834,2015-19,1.7545635423733847,0
ALT,2019-03-19,0.3806227905548958,2015-19,1.7545635423733847,0
ALT,2020-02-28,1.3749999153343109,2020-22,2.422102073846048,0
ALT,2023-12-01,0.8164555744337125,2023-26,1.3237692078063579,0
ALTO,2019-09-06,0.3888888336994052,2015-19,1.1449387250657064,0
ALXO,2021-07-06,0.20751338385475493,2020-22,1.015447552555252,0
ALXO,2023-10-03,0.6819127336440143,2023-26,1.2816712670708432,0
ALZN,2024-08-19,2.446078341745336,2023-26,33.59177999144121,1
ALZN,2025-05-29,1.3373495135291416,2023-26,6.5363666912365535,1
AMCI,2025-09-19,0.5757776311676175,2023-26,5.862829376765306,0
AMIX,2024-07-03,0.3617021079237024,2023-26,5.3739427329206695,1
AMIX,2024-10-28,1.4928663207216255,2023-26,5.9787889299326435,1
AMIX,2024-10-31,0.5126953994650199,2023-26,5.9787889299326435,1
AMIX,2024-12-30,0.3818181517930177,2023-26,9.902663631179648,0
AMKR,2019-10-29,0.21480145585098986,2015-19,1.011106180033766,0
AMKR,2020-02-11,0.20519479189794643,2020-22,1.0148410558168044,0
AMLX,2022-06-03,0.3613100888000571,2020-22,1.1511025037301037,0
AMOD,2025-07-23,0.706896429821658,2023-26,15.923396902085313,1
AMPG,2024-12-11,0.7741935677694607,2023-26,1.860695764299491,0
AMPY,2020-09-29,0.28749994505196885,2020-22,1.0106732330216797,0
AMS,2020-06-17,0.36744182642374135,2020-22,1.0087674058793192,0
AMS,2021-05-06,0.32957742354671615,2020-22,1.04275124978452,0
AMS,2024-08-22,0.31578949019519276,2023-26,1.0235849056603774,0
AMSC,2015-12-17,0.2399049270529765,2015-19,1.015592939064788,0
AMSC,2023-08-01,0.5873015993156252,2023-26,1.293974789229397,0
AMSC,2024-01-25,0.2892307379306891,2023-26,1.2838133627265464,0
AMST,2023-02-14,1.6014235964962085,2023-26,1.006896795263282,1
AMST,2024-04-24,0.8999999761581421,2023-26,1.7985529648683942,0
AMST,2025-02-27,0.2635982629162261,2023-26,1.1448649222467,0
AMST,2025-05-16,0.7187499501077195,2023-26,1.2799808341350092,0
AMST,2025-09-11,0.5373133518404267,2023-26,1.432377452947517,0
AMTX,2019-05-06,0.7586206471310504,2015-19,1.0151223750440297,0
AMTX,2020-03-20,1.1428571529939875,2020-22,1.5271842205420885,0
AMTX,2020-05-01,0.29310348548447007,2020-22,1.518813103855129,0
AMTX,2020-08-12,0.2068966367723859,2020-22,1.5989123524450095,0
AMZE,2023-07-13,0.28598849223952794,2023-26,1.0062987257614797,0
ANAB,2017-10-10,0.5202857164811117,2015-19,1.3150595571317643,0
ANDE,2016-05-18,0.26098683157413394,2015-19,1.0070921985815602,0
ANGH,2022-02-04,0.8223804051697334,2020-22,1.0091849626723493,0
ANGH,2022-02-07,0.41685306604429595,2020-22,1.0091849626723493,0
ANGO,2025-01-08,0.2510639049068981,2023-26,1.0185756537714439,0
ANIX,2017-06-26,0.21621616832351465,2015-19,1.2238650460485445,0
ANIX,2017-11-14,0.264822167537774,2015-19,1.2759232178803523,0
ANIX,2020-05-04,0.22282606477379163,2020-22,1.4257054896309467,0
ANIX,2021-03-12,0.30544751214844745,2020-22,1.1290671656797169,0
ANIX,2025-06-09,0.24275365166993645,2023-26,1.0562530137134127,0
ANRO,2025-03-03,0.2500000212873734,2023-26,1.1844759736016475,0
ANVS,2020-07-07,1.382812453918934,2020-22,1.1808851758899457,0
ANVS,2021-02-04,0.25206383623968676,2020-22,1.1846180165790046,0
AP,2024-07-10,0.4078948235247615,2023-26,1.022716535882941,0
APEI,2025-03-07,0.23636359673041807,2023-26,1.0213764881080554,0
APLD,2022-07-19,0.2830189506792906,2020-22,1.0478366805438744,0
APLD,2023-05-16,0.4231332907181935,2023-26,1.293335748046799,0
APOG,2025-06-27,0.2316612771764739,2023-26,0.969285220280758,0
APPS,2025-02-06,0.2598425573790928,2023-26,1.1418300788475535,0
APRE,2021-06-16,0.50721646338394,2020-22,1.1045469904483574,0
APRE,2022-07-08,0.25,2020-22,3.400948071069561,1
APT,2020-01-21,0.2142857142857142,2020-22,1.0442038584701792,0
APT,2020-01-27,0.3000000317891438,2020-22,1.0442038584701792,0
APT,2021-11-26,0.26953127837623536,2020-22,0.9457819074421244,0
APVO,2017-09-01,0.8195487688322256,2015-19,1.0583607182214068,0
APVO,2017-10-05,0.20689657708459785,2015-19,1.0592220419698892,0
APVO,2020-06-25,0.5669565810870159,2020-22,0.10808464469945656,0
APVO,2020-11-03,0.26984126984126977,2020-22,1.5151006353294394,0
APVO,2021-11-23,0.46759260661143554,2020-22,1.0395513791860163,0
APVO,2022-12-12,0.9809962719039538,2020-22,3.459860425416919,0
APVO,2024-07-17,0.2537312665219762,2023-26,103.65602104528051,2
APVO,2024-10-22,0.25523013322408605,2023-26,1323.6431314765082,2
APVO,2025-04-21,0.2993039529860946,2023-26,291.69492164599967,2
APVO,2025-06-18,1.18439718124224,2023-26,3.99979036389129,1
APVO,2025-09-16,0.5277777144120719,2023-26,9.865045296141814,1
APVO,2025-09-18,0.7801419148593511,2023-26,9.865045296141814,1
APYX,2020-06-23,0.25732216842785505,2020-22,1.0043434668505709,0
APYX,2021-01-14,0.20204596063752023,2020-22,1.0044848147927816,0
AQB,2024-12-24,0.2048193178971316,2023-26,1.0030826912461088,0
AQB,2025-08-28,0.2114537809300845,2023-26,1.3273875330576541,0
AQB,2025-09-18,0.28947372548798156,2023-26,1.3273875330576541,0
AQMS,2017-02-09,0.2094653812445224,2015-19,1.841884364734598,0
AQMS,2018-02-12,0.2592592592592593,2015-19,2.173995932057977,0
AQMS,2020-06-09,0.2583518503320146,2020-22,1.1621242704255743,0
AQMS,2020-12-28,0.3931623931623931,2020-22,1.1414768717854504,0
AQMS,2025-09-24,0.33333329408747847,2023-26,2.534508056514735,0
ARAY,2018-10-31,0.23546509572852337,2015-19,1.0272859534634255,0
ARBB,2023-07-14,0.45398765348695314,2023-26,1.0,0
ARCT,2022-11-02,0.26531719321347014,2020-22,1.0086990578483592,0
ARCT,2023-03-29,0.2451612411006805,2023-26,1.0135474847134205,0
ARDX,2017-10-12,0.47222216090057234,2015-19,1.309607924217484,0
ARDX,2021-12-01,0.22807016993493567,2020-22,1.662710470841896,0
ARDX,2022-11-17,0.6147540839440528,2020-22,1.2383343038977803,0
AREC,2020-10-07,0.8957054743611899,2020-22,2.3705905244873833,0
AREC,2020-11-24,0.36585367626551024,2020-22,1.7339104571853423,0
AREC,2021-02-02,0.3545817164484979,2020-22,1.8465655836220076,0
AREC,2021-03-17,0.2183098071294538,2020-22,1.3031065189969742,0
AREC,2021-06-07,0.25454543221423753,2020-22,1.3031065189969742,0
ARKR,2020-11-09,0.27914116262263566,2020-22,1.0140329207884748,0
ARLO,2021-02-24,0.2455089683577849,2020-22,1.0728566075032369,0
ARMP,2017-05-04,0.2640449399502818,2015-19,8.306480059582293,1
ARMP,2018-01-04,0.25,2015-19,3.3997528984323284,0
ARMP,2020-01-28,0.42652332383191127,2020-22,2.510538690248804,0
ARQ,2020-10-01,0.40147786635804583,2020-22,1.016500594566264,0
ARQT,2023-12-18,0.25409830779486065,2023-26,1.2401146323612258,0
ARTL,2020-02-03,0.6600985748292589,2020-22,4.5841137842428035,0
ARTL,2020-09-29,0.5750000251173482,2020-22,9.407822450396608,0
ARTL,2020-11-20,0.22641511059733288,2020-22,2.79924358705674,0
ARTL,2021-02-02,0.6538462244422523,2020-22,2.6923450189977625,0
ARTL,2021-02-12,0.7668711845514313,2020-22,2.6923450189977625,0
ARTL,2021-11-01,0.6340782638327656,2020-22,1.7488099729966324,1
ARTL,2021-11-04,0.22330103811223667,2020-22,1.7488099729966324,1
ARTL,2022-04-13,0.38095243790782063,2020-22,1.0126310686696793,1
ARTL,2022-08-16,0.3371559805456923,2020-22,0.06774872722040234,0
ARTL,2025-04-14,0.28953770787699273,2023-26,3.8855555203362844,1
ARTL,2025-06-30,2.019145772496476,2023-26,226.88014502754012,3
ARTL,2025-07-07,1.1452735655923227,2023-26,226.88014502754012,3
ARTW,2019-02-19,0.8031088671763265,2015-19,1.0490476979505126,0
ARTW,2024-12-30,0.35245896513441033,2023-26,1.028942897080151,0
ARVN,2020-12-14,1.2933511089132383,2020-22,1.3038956462165452,0
ARWR,2015-09-24,0.33679533158011954,2015-19,1.0209991075423412,0
ASBP,2025-05-28,0.6428570999246277,2023-26,4.109631363140649,1
ASBP,2025-08-18,0.916434618086301,2023-26,1.1327850822507868,1
ASBP,2025-10-02,0.8465115593084487,2023-26,1.1327850822507868,1
ASLE,2025-08-07,0.22402599815333968,2023-26,1.0115563473722136,0
ASM,2021-02-01,1.2032520293685165,2020-22,1.1415062577341486,0
ASMB,2023-10-17,0.9863012744180355,2023-26,1.4497120681920928,1
ASND,2019-03-04,0.6325206393236906,2015-19,1.138847200580376,0
ASPI,2024-10-30,0.48437497412992947,2023-26,1.6620963615650026,0
ASPN,2016-06-22,0.2635468440250366,2015-19,1.0155238742653903,0
ASPN,2019-03-13,0.27181205959568366,2015-19,1.096822975495289,0
ASPN,2022-06-30,0.30486353520607956,2020-22,2.1124983887136417,0
ASTC,2016-08-23,0.2818791946308725,2015-19,1.0913082102154095,0
ASTC,2017-09-27,0.24468085106382986,2015-19,0.9087684462082932,1
ASTC,2018-03-27,0.23762379353901064,2015-19,1.4063190650944677,0
ASTC,2018-04-04,0.2813852689939438,2015-19,1.4063190650944677,0
ASTC,2018-06-19,2.466666718833467,2015-19,1.4044282759244437,0
ASTC,2018-10-10,0.2145922699936793,2015-19,1.4464198987491494,0
ASTC,2018-12-12,0.47940077724577335,2015-19,1.5500754143761752,0
ASTC,2020-03-25,2.2500000567663307,2020-22,7.795592943252485,0
ASTC,2020-03-27,0.628242098794431,2020-22,7.795592943252485,0
ASTC,2020-10-21,1.887573800659574,2020-22,6.304176326268359,0
ASTC,2021-04-07,0.30733941903911854,2020-22,2.5602517788724684,0
ASTC,2025-10-03,0.29937631483386884,2023-26,1.1421851521899675,0
ASTE,2020-08-05,0.31187038383824883,2020-22,1.006852016251661,0
ASTI,2023-04-20,0.20462046204620465,2023-26,166.45763535388812,1
ASTI,2023-08-17,0.25373134328358216,2023-26,29691.998820151388,2
ASTI,2023-09-12,0.37790697674418605,2023-26,384.3484210038003,2
ASTI,2023-10-24,0.5065722720035708,2023-26,384.3484210038003,2
ASTI,2024-02-26,0.36513159607751233,2023-26,50.07698013604276,1
ASTI,2024-05-23,0.6030533884338674,2023-26,5.550532590960532,1
ASTI,2025-06-26,1.4635192957380991,2023-26,5.754116685736795,0
ASUR,2019-10-08,0.2610619360108466,2015-19,1.0228815815363959,0
ATCH,2024-09-25,1.0725388737583912,2023-26,36655.41285428999,1
ATCH,2024-11-07,0.6722221432399371,2023-26,19615.276811500116,1
ATCH,2024-11-18,0.38333327004939055,2023-26,19615.276811500116,1
ATCH,2025-02-24,0.7106383591768939,2023-26,124.66987976290714,0
ATEC,2016-09-02,0.20823235662153605,2015-19,0.16317012155110977,0
ATEC,2019-02-25,0.2945205043238679,2015-19,1.4577741735825884,0
ATEC,2024-10-31,0.2419929112470276,2023-26,1.0478409882295614,0
ATEX,2025-02-11,0.24474051298047028,2023-26,1.0078605843958175,0
ATHE,2020-06-30,1.491525351127926,2020-22,2.0089656740615087,0
ATHE,2020-07-01,0.25210084841754976,2020-22,2.0089656740615087,0
ATHE,2020-08-04,1.8148148148148149,2020-22,2.0089656740615087,0
ATHE,2021-07-01,0.5846154139592097,2020-22,1.1549209770767488,0
ATHE,2021-08-04,0.22627733364630553,2020-22,1.1549209770767488,0
ATLC,2018-07-31,0.21052630588288435,2015-19,1.0479792459117017,0
ATNM,2015-12-17,0.23684210526315796,2015-19,1.3267593104482491,0
ATNM,2017-03-21,0.24444448212046677,2015-19,1.974612411303077,0
ATNM,2019-10-25,0.326860796477475,2015-19,2.5094304715512825,1
ATNM,2020-06-04,0.26696824638571104,2020-22,2.1096183046149246,1
ATNM,2020-06-05,0.2413793594838145,2020-22,2.1096183046149246,1
ATNM,2020-06-10,0.2751678281912673,2020-22,2.1096183046149246,1
ATNM,2020-07-21,0.26666669492368356,2020-22,1.6194654344080905,1
ATNM,2022-04-12,0.24574672969931144,2020-22,1.1619129429974946,0
ATNM,2025-03-26,0.21518981324959907,2023-26,1.0057412368827676,0
ATOM,2021-01-05,0.2188679009891703,2020-22,1.0827471993368905,0
ATOM,2023-04-27,0.30268208123533347,2023-26,1.1013963335195254,0
ATOS,2015-02-26,0.40625,2015-19,1.5804987921783933,0
ATOS,2015-09-21,0.20731707317073167,2015-19,1.9561728429064533,1
ATOS,2016-02-16,0.6129032258064515,2015-19,1.8657035379714948,1
ATOS,2016-02-17,0.23636363636363633,2015-19,1.8657035379714948,1
ATOS,2017-10-25,0.2295081625486235,2015-19,5.790803323626248,1
ATOS,2018-01-31,0.29629633699570457,2015-19,4.124682286796828,1
ATOS,2018-04-24,0.2775919996992471,2015-19,3.4377264987953113,1
ATOS,2018-12-03,0.33333325897276445,2015-19,1.6170902171803252,0
ATOS,2019-01-09,0.4146341085197589,2015-19,1.6170902171803252,0
ATOS,2019-02-07,0.24832210927665233,2015-19,1.6170902171803252,0
ATOS,2019-03-14,2.0794702505397207,2015-19,1.6170902171803252,0
ATOS,2019-06-27,0.2376681788225119,2015-19,1.1402415842062021,0
ATOS,2020-04-16,0.9607842485420626,2020-22,13.232349109362145,0
ATPC,2024-01-30,0.7960784313725491,2023-26,12.971225964894405,1
ATPC,2024-07-23,1.3076923076923075,2023-26,12.994028119584996,1
ATPC,2024-07-30,0.4431818181818181,2023-26,12.994028119584996,1
ATPC,2024-08-30,0.4937499999999999,2023-26,0.6496299073429939,0
ATPC,2024-09-13,0.6758620689655173,2023-26,0.649910764096527,0
ATPC,2025-01-13,0.7380952380952381,2023-26,12.542140295849444,1
ATPC,2025-02-24,0.5918803678313747,2023-26,12.542140295849444,1
ATPC,2025-04-03,0.5891472868217054,2023-26,1.0005183242179476,1
ATRA,2024-09-04,0.20117479793062465,2023-26,1.466971132942927,0
ATRC,2016-10-28,0.23355264705799317,2015-19,1.0371286503198378,0
ATXG,2022-08-31,2.6,2020-22,1.4009446070588383,0
ATXG,2025-05-15,1.3226703376422728,2023-26,2.559913358700506,1
ATXG,2025-07-02,0.3974174809461253,2023-26,1.533205998277865,1
ATYR,2017-02-28,0.20289853813374426,2015-19,1.2563031628141863,0
ATYR,2020-01-06,0.7018778428335857,2020-22,2.602453867875178,0
ATYR,2021-02-08,0.20216604571680596,2020-22,2.745527446736363,0
AUC,2021-08-30,4.45454566472162,2020-22,1.0508724112825674,0
AUPH,2023-01-03,0.3055554727713299,2023-26,1.0176487526682116,0
AUUD,2021-06-29,0.29371810640357987,2020-22,1.108302561082,0
AUUD,2023-04-13,0.8490565879450636,2023-26,4.268628291248366,1
AUUD,2023-06-12,0.5427251103664026,2023-26,5.435879063170756,1
AUUD,2024-03-11,0.20195444407809893,2023-26,183.11225076292573,2
AUUD,2024-04-08,1.8741259477350796,2023-26,66.58622839527554,1
AUUD,2024-08-20,0.400000060410757,2023-26,6.9825491840944585,1
AUUD,2024-09-03,0.7076024373832859,2023-26,18.869181331588766,1
AUUD,2024-12-24,0.204592863273229,2023-26,9.292776022595584,1
AUUD,2025-02-19,0.3981899723498925,2023-26,11.554753488700005,1
AUUD,2025-08-11,0.3245282517837549,2023-26,39.19626213939758,1
AUUD,2025-08-20,0.26940647272468254,2023-26,39.19626213939758,1
AVAH,2025-03-13,0.43048125427551764,2023-26,1.1148994607549578,0
AVAH,2025-05-08,0.2614107276287452,2023-26,1.1148994607549578,0
AVAH,2025-08-07,0.36760926174638975,2023-26,1.0446313301954744,0
AVAV,2017-12-06,0.21433527069973812,2015-19,1.0024378113246057,0
AVD,2024-03-15,0.25590179406038316,2023-26,0.9816546450536241,0
AVNW,2020-05-13,0.2247070904717987,2020-22,1.035057657754546,0
AVNW,2021-02-04,0.26486216908730587,2020-22,1.0066014632135125,0
AVNW,2025-02-05,0.2165450573309109,2023-26,1.017212810833947,0
AVO,2024-09-10,0.21608985129014124,2023-26,0.9958889367895721,0
AVTX,2016-10-21,0.3104477814378628,2015-19,3.0120724015776386,0
AVTX,2017-08-14,0.20567381376325677,2015-19,1.2989712436341523,0
AVTX,2023-09-12,0.647058779530596,2023-26,123.19096714097921,1
AVTX,2023-09-13,0.7258064588489856,2023-26,123.19096714097921,1
AVTX,2023-09-14,0.26339286252805594,2023-26,123.19096714097921,1
AVTX,2023-09-22,0.35922327699941947,2023-26,123.19096714097921,1
AVTX,2023-09-26,0.2883436324636597,2023-26,123.19096714097921,1
AVTX,2024-03-28,2.93684226588199,2023-26,10.319721891831781,0
AVTX,2025-09-29,0.23148147739337155,2023-26,4.0775956034036795,0
AVX,2022-02-15,0.20382165605095537,2020-22,1.205759331389675,0
AVX,2022-03-10,0.2603550295857988,2020-22,1.205759331389675,0
AVX,2023-08-01,0.32307692307692304,2023-26,254.30312499001715,1
AVX,2023-08-07,0.5307692307692307,2023-26,121.04957809308783,1
AVX,2023-09-15,0.5686274509803921,2023-26,121.04957809308783,1
AVX,2023-11-30,0.9666666666666666,2023-26,109.67694839304399,0
AVX,2024-02-20,1.6635514581413222,2023-26,123.10226096577954,1
AVX,2024-05-17,0.34782608695652173,2023-26,7.708287317879583,1
AVX,2024-05-21,0.4076923250812412,2023-26,7.708287317879583,1
AVX,2024-06-10,0.29032254928114765,2023-26,52.2123432783416,2
AVX,2024-06-17,0.21951222874124632,2023-26,52.2123432783416,2
AVX,2024-07-12,0.3048780571853116,2023-26,52.2123432783416,2
AVX,2024-08-28,0.32258065692279625,2023-26,12.763652219877615,2
AVX,2024-11-13,0.25531915789040815,2023-26,907.4930432986099,2
AVX,2025-04-23,0.39196680778868287,2023-26,464.45968539088216,1
AVX,2025-09-22,2.008298747250519,2023-26,67.78308763452601,1
AVXL,2016-09-28,0.2898089348498476,2015-19,1.1809317288392533,0
AVXL,2018-07-03,0.2067668926952404,2015-19,1.1789173288653294,0
AVXL,2020-10-15,0.20276488632817813,2020-22,1.257793710345461,0
AVXL,2020-12-15,0.2042389077250284,2020-22,1.2655607844803856,0
AVXL,2021-02-04,0.9210019570536021,2020-22,1.137567550967022,0
AVXL,2022-12-02,0.41713639876015884,2020-22,1.0529066184516098,0
AXGN,2020-09-16,0.20930232558139528,2020-22,1.0368816501908433,0
AXGN,2024-08-08,0.3257575629864551,2023-26,1.0498011159119796,0
AXSM,2019-01-07,1.6882128760531665,2015-19,1.2435921603500841,0
AXSM,2022-06-27,0.41537204528604144,2020-22,1.212713052394346,0
AXTI,2024-02-23,0.3859649673173089,2023-26,1.0447637244284267,0
AYTU,2018-02-21,0.2857142857142858,2015-19,42.21810522215099,1
AYTU,2018-05-15,0.3846153846153846,2015-19,9.28464275968707,1
AYTU,2018-06-13,0.3076923076923077,2015-19,9.28464275968707,1
AYTU,2019-01-15,0.25,2015-19,12.777790298826863,0
AYTU,2019-03-06,0.4545454545454546,2015-19,11.463911935015087,0
AYTU,2020-03-10,2.7142857142857144,2020-22,10.935154721172756,1
AYTU,2025-05-15,0.4370370540435746,2023-26,1.7395105478776698,0
AZIO,2018-05-21,0.3214285714285714,2015-19,1.0156524060877032,0
AZIO,2019-04-30,0.2538226007158799,2015-19,1.0075871801207639,0
AZIO,2020-06-10,1.2857142857142856,2020-22,4.005872909037257,0
AZIO,2025-09-15,0.2426471241342718,2023-26,4.664391286786803,0
AZTR,2024-07-23,2.7592590515832716,2023-26,163.00395738284277,2
AZTR,2025-02-04,0.8817204156353622,2023-26,14.155362439859696,1
AZTR,2025-06-17,0.22222228109100883,2023-26,26.972120871612134,1
AZTR,2025-08-22,0.2526316548978862,2023-26,2.5814801565864953,0
AZTR,2025-08-27,0.6886542796999009,2023-26,2.5814801565864953,0
BAER,2024-10-18,0.23275861094454342,2023-26,1.0447261703594344,0
BAER,2025-01-10,0.36917562203322674,2023-26,1.0347008292564648,0
BATL,2023-12-15,0.8142179188259555,2023-26,1.0,0
BATL,2024-09-20,1.217687025180083,2023-26,1.0,0
BATL,2025-06-16,0.7804878669292856,2023-26,3.48080914587086,0
BB,2024-05-14,0.23225808089035027,2023-26,1.0089901084155068,0
BBAI,2022-04-06,0.4206962634044733,2020-22,1.0536142825602133,0
BBAI,2022-09-29,0.3529411234363047,2020-22,1.241950422919074,0
BBAI,2023-01-12,3.2907801973082798,2023-26,1.9214218700814292,0
BBAI,2024-08-21,0.34586458954495125,2023-26,1.4823770383753074,0
BBLG,2021-11-02,0.2864963185233156,2020-22,1.485813632270014,0
BBLG,2023-11-16,0.4917127953210827,2023-26,6.287751591936042,1
BBLG,2023-12-28,0.26881727634029695,2023-26,6.287751591936042,1
BBLG,2024-07-24,0.7199999491373699,2023-26,9.787976072455063,1
BBLG,2024-08-01,0.6944443688144084,2023-26,9.787976072455063,1
BBLG,2024-09-16,0.5749999254941971,2023-26,5.979459617292291,1
BBLG,2025-06-27,0.46394239806917614,2023-26,5.0553744036304025,1
BBLG,2025-09-04,0.32850245830295033,2023-26,1.535185432750688,0
BBW,2023-03-09,0.20748301620959042,2023-26,0.9477820464251788,0
BBW,2025-05-29,0.21528759144394938,2023-26,0.9538435027651126,0
BCDA,2020-06-24,0.28571426897214236,2020-22,2.4635500058043136,0
BCDA,2022-02-03,0.24840766755795052,2020-22,1.1962952392722181,0
BCDA,2022-04-12,0.20930232558139528,2020-22,1.1962952392722181,0
BCDA,2023-11-14,2.2250000635782876,2023-26,3.1806698251831964,1
BCDA,2024-08-29,0.9545454988794868,2023-26,2.7314325318427253,0
BCG,2024-05-22,0.2518518721288774,2023-26,1.0022078506521082,0
BCG,2024-11-11,0.22110555533257892,2023-26,1.0,0
BCHT,2021-02-01,0.2592591764068992,2020-22,1.1418795801288313,0
BCRX,2017-05-25,0.21832355956606886,2015-19,1.227506822037936,0
BCRX,2020-04-13,0.30434789118759986,2020-22,1.1524367701917204,0
BCTX,2024-09-11,2.112903198516083,2023-26,1.0303204418173244,1
BCTX,2025-02-03,0.44223108417418144,2023-26,1.6402272627683172,1
BCTX,2025-04-24,0.7219153096448825,2023-26,23.45310073757764,1
BDMD,2024-12-31,0.44761909519463927,2023-26,1.1469621906804417,0
BDRX,2024-02-13,0.3655172413793104,2023-26,140.51034031553593,1
BDRX,2025-02-10,1.176904176904177,2023-26,337.75134717302734,1
BDSX,2022-04-12,0.4654087922056376,2020-22,2.490584742428681,0
BDSX,2025-05-21,0.4538745393946666,2023-26,1.3849417869395892,1
BDSX,2025-09-04,0.27962093929919174,2023-26,1.4391157067731766,1
BDTX,2023-06-27,1.2663043481781937,2023-26,1.547546280771456,0
BDTX,2025-01-13,0.2383420569211403,2023-26,1.0124359144037711,0
BDTX,2025-03-19,0.4047618861776896,2023-26,1.0110572437487537,0
BEAM,2020-08-06,0.27584580556750393,2020-22,1.2825845326648215,0
BEAT,2022-09-15,0.5760000228881836,2020-22,3.2928750469936685,0
BEEM,2023-05-16,0.2183450241637117,2023-26,1.4114952889121777,0
BFRG,2023-07-25,0.554913310729966,2023-26,1.2881064094966006,0
BFRG,2024-01-17,0.21969693206777618,2023-26,1.544885148336802,0
BFRI,2024-02-20,0.6933333079020183,2023-26,5.847237926553806,0
BGDE,2024-12-05,0.3088234366017668,2023-26,24.444793440788334,1
BGLC,2023-07-21,0.40041059301465487,2023-26,0.1034299685619497,0
BGLC,2023-08-23,0.24637684965303874,2023-26,1.015205427292373,0
BGLC,2023-11-24,1.1929824072189241,2023-26,1.015205427292373,0
BGLC,2024-02-13,1.5790754348238458,2023-26,1.0169801744577085,0
BGLC,2025-04-11,0.3502303980381558,2023-26,1.3453691779504102,1
BGLC,2025-07-01,2.304560481552731,2023-26,1.6327768553548736,0
BGMS,2015-02-27,0.22018348623853212,2015-19,1.548648868026971,0
BGMS,2015-03-02,0.21999999999999997,2015-19,1.548648868026971,0
BGMS,2016-08-12,0.2901785714285714,2015-19,3.655877121167372,0
BGMS,2017-04-03,0.2472826086956521,2015-19,2.8083773464596735,0
BGMS,2017-04-04,0.23831775700934577,2015-19,2.8083773464596735,0
BGMS,2019-03-08,0.2068965517241379,2015-19,1.3762790112252525,0
BGMS,2020-04-20,0.5135566188197767,2020-22,8.260070625688154,1
BGMS,2024-04-30,0.41911771099460293,2023-26,0.6553357956756536,0
BGMS,2025-01-03,0.8648648695090055,2023-26,187.05196983397232,2
BGMS,2025-07-15,0.38368580147468023,2023-26,1839.8758191042723,2
BGSF,2025-06-17,0.39303480875686536,2023-26,0.9636159839927879,0
BGSF,2025-09-12,0.21562501466833028,2023-26,0.9565503653251041,0
BHR,2016-06-08,0.2005300723931378,2015-19,1.1222530383160165,0
BHR,2020-11-09,0.2672065093869833,2020-22,1.758211150413546,0
BIAF,2023-01-24,0.20125786163522008,2023-26,1.3757106245706263,0
BIAF,2025-04-01,1.6538461538461537,2023-26,7.392723001711673,1
BIAF,2025-06-26,0.4653061501293225,2023-26,199.70483118154513,2
BIAF,2025-09-26,0.8123166018155721,2023-26,128.06301375002056,2
BIVI,2022-09-07,0.20348837209302317,2020-22,1.5106696131292872,0
BIVI,2024-03-01,1.411290322580645,2023-26,4.655596893770019,1
BIVI,2024-10-21,0.7446808510638299,2023-26,9.476735213016516,1
BJDX,2022-06-09,0.2558139534883721,2020-22,1.0156643431045747,1
BJDX,2023-09-20,0.6774193548387097,2023-26,10508.27277213452,2
BJDX,2024-08-02,0.28,2023-26,222.31145999476277,2
BJDX,2024-12-05,0.6812338780166003,2023-26,0.06748009808521219,0
BJDX,2025-04-07,1.3371105005284045,2023-26,7.019450842220024,1
BJDX,2025-06-06,0.4210527058783671,2023-26,32.259597265041194,1
BJDX,2025-08-11,0.2857142735500724,2023-26,11.961196159503997,1
BJDX,2025-10-07,0.26774199601887116,2023-26,11.961196159503997,1
BJDX,2025-10-09,1.0267379423469452,2023-26,11.961196159503997,1
BKSY,2021-02-18,0.2621004507352307,2020-22,3.047907212648221,0
BKTI,2025-08-14,0.2315838326731816,2023-26,1.0095683489462361,0
BKYI,2020-03-11,1.7346939375721742,2020-22,4.3404657208298465,1
BKYI,2020-03-27,2.8888890109871133,2020-22,4.3404657208298465,1
BKYI,2020-10-08,0.6190476719093863,2020-22,2.9015989225940415,1
BKYI,2020-11-23,0.21501698545595027,2020-22,0.12551623024327893,0
BKYI,2023-10-27,0.5294117207070679,2023-26,6.08161265339392,1
BKYI,2024-09-10,0.8712870202664282,2023-26,5.9731290664679415,0
BKYI,2024-10-29,1.2753622597492291,2023-26,5.9731290664679415,0
BKYI,2025-01-10,0.2569445042330558,2023-26,3.465445536670516,0
BLBD,2015-05-19,0.3082021840169553,2015-19,1.4605710608695652,0
BLBD,2023-05-12,0.2722567449258799,2023-26,1.0082068540760003,0
BLDR,2015-04-13,0.5942028765166618,2015-19,1.1206132455102662,0
BLFS,2015-06-03,0.2575757502779743,2015-19,1.044275219011197,0
BLFS,2015-08-31,0.4778325331434128,2015-19,1.0599256692262469,0
BLFS,2016-07-11,0.9426750639610968,2015-19,1.0421514443729178,0
BLFS,2021-03-23,0.20560021695410913,2020-22,1.2602769545993622,0
BLIN,2016-06-08,1.7142857142857144,2015-19,3.8651191154859514,1
BLIN,2016-07-07,0.4375,2015-19,3.8651191154859514,1
BLIN,2017-12-20,0.2193308550185873,2015-19,3.297262595117064,0
BLIN,2018-07-10,1.213740458015267,2015-19,32.942227776173155,1
BLIN,2018-08-30,0.2359550561797752,2015-19,32.942227776173155,1
BLIN,2019-05-07,0.4611650459218115,2015-19,12.319393323453117,1
BLIN,2019-06-12,0.3402061788098325,2015-19,4.649668329402656,0
BLIN,2020-05-15,1.0887095921369552,2020-22,1.890684852742198,0
BLIN,2021-06-30,0.4365780928778886,2020-22,1.5837453274779945,0
BLNE,2025-03-26,0.579787253267682,2023-26,61.40446778392988,1
BLNK,2018-05-07,0.3175675828061544,2015-19,1.3611818262839253,0
BLNK,2018-05-08,0.344059376141193,2015-19,1.3611818262839253,0
BLNK,2020-06-30,0.47381533917270535,2020-22,1.507558873773561,0
BLRX,2019-02-04,0.328125,2015-19,22.352498422909235,1
BMEA,2023-03-28,0.49060269248892796,2023-26,1.2121253059328463,0
BMEA,2023-11-29,0.21931593533243565,2023-26,1.0149247799782366,0
BMNR,2025-06-30,2.5169989377655377,2023-26,15.207027588026675,0
BMR,2024-02-12,1.8767774755674616,2023-26,1.1890572487444395,0
BMRA,2018-01-10,0.24999997290698017,2015-19,1.0944210874591396,0
BMRA,2020-03-18,1.649789246013782,2020-22,1.243914306298108,0
BMRA,2020-03-19,0.9223299874179804,2020-22,1.243914306298108,0
BMRA,2020-05-07,0.25496183628455493,2020-22,1.0881866647088638,0
BMRA,2021-01-12,0.2723735664850635,2020-22,1.0935398149292892,0
BMRA,2022-10-14,0.2626262504632906,2020-22,1.252761633438343,0
BMRA,2023-12-18,0.5252525009265814,2023-26,1.0900832177778559,0
BMRA,2024-11-29,0.21874998253770128,2023-26,1.4362765688922474,1
BMRA,2025-01-16,2.142857264499277,2023-26,1.3175843325247312,1
BMRA,2025-08-14,0.38613856400095026,2023-26,0.22532489803473976,0
BNAI,2024-05-29,0.6377952401137952,2023-26,1.2696179039579998,0
BNAI,2024-12-31,0.23333337571885848,2023-26,1.1831982029625618,0
BNAI,2025-02-10,0.31707322462763954,2023-26,1.5443402526705587,1
BNAI,2025-06-02,0.6308244634214621,2023-26,1.385695964284441,1
BNAI,2025-10-03,0.3999999597039017,2023-26,1.6684298930088026,1
BNC,2022-06-21,0.2254902189944814,2020-22,1.0375014580360524,0
BNC,2025-07-28,4.858028358137104,2023-26,48.93807066296149,0
BNED,2023-03-10,0.20930232558139528,2023-26,1.0104952498726625,0
BNED,2023-12-07,0.24285714285714288,2023-26,56.84703285283716,1
BNGO,2019-10-16,1.0363636363636362,2015-19,14.056957168794888,0
BNGO,2019-10-18,0.23913043478260865,2015-19,14.056957168794888,0
BNGO,2019-11-07,0.5333333333333334,2015-19,5.7828427157080435,0
BNGO,2019-12-05,0.28260869565217384,2015-19,5.7828427157080435,0
BNGO,2020-03-10,0.2823529411764707,2020-22,7.381280016414291,0
BNGO,2020-03-31,0.34883720930232553,2020-22,7.381280016414291,0
BNGO,2020-07-17,0.26923076923076916,2020-22,3.326459695040383,0
BNGO,2020-07-22,0.20481927710843384,2020-22,3.326459695040383,0
BNGO,2020-12-28,0.23943661971830976,2020-22,1.8877972464846657,0
BNGO,2024-12-31,0.2413793594838145,2023-26,5.986279971047097,1
BNKK,2022-06-17,0.2643678202061548,2020-22,1.2430573260635238,0
BNKK,2023-07-10,0.8989071011808214,2023-26,1.9514775550630423,0
BNTC,2021-03-23,1.163009478921353,2020-22,1.7997457971852688,0
BNTC,2023-06-26,0.4924622938503791,2023-26,5.691230789172758,1
BOF,2024-04-24,0.6666667685549521,2023-26,2.369973236089146,0
BOF,2024-08-28,0.7436660960254806,2023-26,1.7347254239803296,0
BOF,2024-08-29,0.37575758407704885,2023-26,1.7347254239803296,0
BOOT,2016-02-03,0.23508131366648866,2015-19,1.0073994663628154,0
BOOT,2017-11-03,0.2535714537108038,2015-19,1.0623517538629166,0
BORR,2022-03-02,0.20187784283358567,2020-22,1.673452265923004,0
BOXL,2018-05-03,0.5498652574412304,2015-19,1.0899809477375983,0
BOXL,2019-03-29,0.2006919664149427,2015-19,1.3821957462055283,0
BOXL,2020-03-25,0.8421052220638963,2020-22,5.147078385358318,0
BOXL,2020-07-13,0.2850000169542102,2020-22,4.117955108599494,0
BOXL,2021-08-13,0.2590673620645414,2020-22,1.1896745625332885,0
BOXL,2025-09-22,2.884615460378466,2023-26,9.04388852439023,2
BRFH,2024-04-25,0.6699029867830457,2023-26,1.089813254791811,0
BRFH,2025-09-18,0.23711333280078328,2023-26,1.0230806132973607,0
BRN,2018-07-23,0.2752809086587602,2015-19,1.0,0
BRN,2020-02-11,0.20212765755077022,2020-22,1.0,0
BRN,2020-06-23,1.4358974946791392,2020-22,1.1411096318060785,0
BRN,2020-09-29,0.2345678976006922,2020-22,1.1411096318060785,0
BRN,2022-03-08,0.30737704197202653,2020-22,1.0541056838483425,0
BRN,2023-04-03,0.2863635738033907,2023-26,1.0071713613172735,0
BRNX,2024-12-31,0.2178217821782178,2023-26,0.4421683030482195,1
BRTX,2021-12-22,0.2954047820400387,2020-22,1.0517162255205792,0
BRTX,2023-03-02,0.340501813861229,2023-26,1.8428423229455124,0
BRTX,2024-04-30,0.20967741005130414,2023-26,1.1085479752416536,0
BRTX,2024-06-13,0.5259258565915803,2023-26,1.1784656507707107,0
BSIN,2018-08-22,0.21428574672361766,2015-19,1.0226411021101096,0
BSIN,2020-07-22,0.21756479559962116,2020-22,3.3287616821265686,0
BSIN,2020-09-29,2.9884256614763163,2020-22,3.3408020266418244,0
BSIN,2022-03-08,0.5870252310981416,2020-22,5.396289075489366,0
BSIN,2025-06-13,0.7957746685792761,2023-26,1.5520948082610995,0
BTBD,2024-01-09,0.5550870413215101,2023-26,0.9881236633697923,0
BTBD,2025-08-04,0.27439020268268877,2023-26,1.0048743046804374,0
BTBD,2025-09-03,1.1378377690465027,2023-26,1.0048743046804374,0
BTCS,2017-08-14,0.2585366101768929,2015-19,4.23463499140875,0
BTCS,2024-11-13,0.24618050140087466,2023-26,2.751116369173797,0
BTCT,2021-02-05,0.3832116788321167,2020-22,5.998163607383746,0
BTCT,2024-11-12,0.8730158039351554,2023-26,2.88616028375849,0
BTCT,2025-01-17,0.2773108469228578,2023-26,1.4791600611746274,0
BTCT,2025-03-03,0.3200000524520874,2023-26,1.4791600611746274,0
BTU,2020-12-28,0.4651162436100009,2020-22,1.3661261349693252,0
BURU,2023-04-05,1.0588235294117645,2023-26,1.0996517727984396,0
BURU,2023-08-08,2.442340882144498,2023-26,4.7692439977776475,1
BURU,2024-05-17,0.9858155491114529,2023-26,52.88977703400453,1
BURU,2024-05-31,0.5625,2023-26,52.88977703400453,1
BURU,2024-08-14,0.3522012903033871,2023-26,24.425127421497237,0
BURU,2024-09-09,0.3210831378946635,2023-26,102.70279031300787,0
BURU,2024-10-04,0.20444446139865446,2023-26,102.70279031300787,0
BURU,2024-10-08,0.33557048554932667,2023-26,102.70279031300787,0
BURU,2024-10-16,0.46575336023217395,2023-26,102.70279031300787,0
BURU,2024-12-12,0.8145161150769564,2023-26,102.70279031300787,0
BURU,2025-09-03,0.35185188319402894,2023-26,0.5792375135171738,1
BURU,2025-10-03,0.3031674501036312,2023-26,0.5792375135171738,1
BW,2025-06-05,0.2855376294651173,2023-26,1.51381071570813,0
BWEN,2023-01-11,0.5973450930660598,2023-26,1.043200674881302,0
BXC,2020-08-04,0.23113860472344827,2020-22,1.0277215493839609,0
BYRN,2020-06-10,1.7580646625046472,2020-22,1.6582309738913206,1
BYRN,2020-07-23,0.20967745656897807,2020-22,1.5205865093916358,1
BYRN,2021-04-13,0.22388060338833382,2020-22,0.1520495695936532,0
BZAI,2025-07-18,0.7524752451875445,2023-26,1.42433577204088,0
CABA,2024-11-29,0.2624584599189457,2023-26,1.9695333387182612,0
CABA,2024-12-02,0.3272251990217847,2023-26,1.9695333387182612,0
CADL,2023-12-12,0.5535097772535373,2023-26,1.12295125728696,0
CADL,2024-04-04,0.20833335402939124,2023-26,1.609524201542702,0
CADL,2024-12-11,1.7219088876961641,2023-26,1.6904509692942107,0
CAI,2025-08-13,0.22612447195351293,2023-26,1.0048753356593263,0
CALX,2020-10-21,0.23295453981016645,2020-22,1.0321048958875945,0
CAMP,2025-09-10,0.5427135268996659,2023-26,3.11259227125461,0
CANF,2020-01-03,0.21474358974358965,2020-22,3.8438387897267066,0
CANF,2020-03-05,0.32692307692307687,2020-22,3.8438387897267066,0
CAPR,2017-07-18,0.4117647223819081,2015-19,1.4369290480091634,0
CAPR,2017-07-27,0.4554454706986881,2015-19,1.4369290480091634,0
CAPR,2017-11-29,0.2760416159613286,2015-19,1.2083729902916653,0
CAPR,2019-01-24,0.23333334922790527,2015-19,2.8674809468033637,1
CAPR,2019-07-15,1.2204969042976725,2015-19,5.85955416043078,1
CAPR,2020-03-18,0.22222222222222232,2020-22,5.368987747940818,0
CAPR,2020-04-03,0.2376237740622773,2020-22,2.559119340549358,0
CAPR,2020-04-29,1.1493774455834345,2020-22,2.559119340549358,0
CAPR,2024-09-24,0.41206040225089513,2023-26,1.4050392867866275,0
CAPS,2025-05-16,0.6626506300965114,2023-26,2.2067732369783273,0
CAPS,2025-08-25,0.6999999674883763,2023-26,3.687116133523137,0
CATX,2015-05-20,0.3043477951820375,2015-19,1.0018837971751784,0
CATX,2018-05-11,0.21428574672361766,2015-19,1.2221010370029497,0
CATX,2020-05-13,0.21794868816599022,2020-22,2.0911178441764853,0
CATX,2021-01-06,2.2830186778007837,2020-22,2.061608778419403,0
CATX,2023-09-18,0.2857143668090443,2023-26,2.4089279981461806,1
CBIO,2017-05-18,0.45810055865921795,2015-19,1.8215746745592565,0
CBIO,2017-12-12,0.2744413407821229,2015-19,1.2562606881122462,0
CBIO,2024-06-25,0.4814814814814814,2023-26,21.55543679064136,1
CBIO,2024-10-29,1.2352941176470589,2023-26,21.54414280835553,1
CBIO,2025-02-18,0.2068965517241379,2023-26,42.738001020617865,1
CBUS,2021-01-19,0.211871393239901,2020-22,1.152539573405066,0
CCCC,2023-07-05,0.24734984683922678,2023-26,1.413217241947677,0
CCCC,2023-12-12,0.5423729943667546,2023-26,1.4323754207652166,0
CCLD,2017-06-14,0.22727274838417233,2015-19,1.1365099533161138,0
CCLD,2017-10-04,0.23417721184719986,2015-19,1.0301890762193535,0
CCLD,2024-05-13,0.23412695183925747,2023-26,2.625339454832375,0
CCLD,2024-11-12,0.2873563333888425,2023-26,2.6106909596110834,0
CCLD,2025-03-13,0.44999993667006577,2023-26,1.0041694361725881,0
CCO,2020-03-26,0.312500019402554,2020-22,1.0102077863396175,0
CD,2019-03-05,0.21153838377027623,2015-19,1.4285714281843365,0
CD,2021-01-29,0.27477185246802005,2020-22,1.7266998601617154,0
CD,2022-03-24,0.4238096201501056,2020-22,0.010052852355447067,1
CDIO,2023-02-28,1.831460766195057,2023-26,2.26922776579462,0
CDIO,2023-10-12,0.44981415758529186,2023-26,3.4340250129646943,0
CDIO,2023-10-31,0.32394369560446434,2023-26,3.4340250129646943,0
CDLX,2023-08-02,0.22094063735164826,2023-26,1.3211702861682268,0
CDLX,2024-03-15,0.5271839014086463,2023-26,1.3374992287438887,0
CDNA,2015-11-18,0.2659793788079996,2015-19,1.7876823282906091,0
CDNA,2017-10-05,0.3197279757450986,2015-19,1.8160550834750322,0
CDNA,2024-08-01,0.3006503400547893,2023-26,1.009232838948375,0
CDT,2024-07-16,0.5208333333333333,2023-26,62.21138244726338,2
CDT,2024-08-08,1.2969696969696969,2023-26,62.21138244726338,2
CDT,2024-08-14,0.37681159420289845,2023-26,47.8417988686158,2
CDT,2024-10-11,0.2058823529411764,2023-26,203.66528100879728,3
CDT,2024-10-18,0.33333333333333326,2023-26,203.66528100879728,3
CDT,2024-10-23,0.23893805309734506,2023-26,203.66528100879728,3
CDT,2024-11-21,0.576086956521739,2023-26,190.11384891367766,3
CDT,2024-12-12,0.2272727272727273,2023-26,190.11384891367766,3
CDT,2025-01-07,0.5833333333333333,2023-26,190.11384891367766,3
CDT,2025-01-08,0.26595744680851063,2023-26,190.11384891367766,3
CDT,2025-01-10,0.36585365853658547,2023-26,190.11384891367766,3
CDT,2025-09-17,0.557632398753894,2023-26,4121.963733150448,3
CDXS,2021-10-01,0.294067071594208,2020-22,1.0161860476398674,0
CDZI,2017-09-05,0.32989689403999756,2015-19,1.1015117681357678,0
CELC,2021-04-09,0.5429768886266377,2020-22,1.4479981684940804,0
CELC,2025-07-28,2.337690454364504,2023-26,1.293147310612179,0
CELU,2024-01-18,0.4734042489107726,2023-26,1.1602873669544371,1
CELZ,2018-03-26,0.22857142857142865,2015-19,3.6378335684322467,0
CELZ,2020-12-31,0.23958333333333326,2020-22,2.1246132836366356,1
CELZ,2022-01-03,0.4796380180317803,2020-22,5.739905592517864,0
CELZ,2022-02-18,0.26751591466813673,2020-22,5.739902330338109,0
CELZ,2022-03-23,1.0294117647058822,2020-22,2.1606809683235957,0
CELZ,2023-02-08,1.648366553849923,2023-26,0.9637697437228647,1
CELZ,2023-04-12,1.603305781867105,2023-26,0.9637702914656601,1
CELZ,2024-03-07,0.6743696233106842,2023-26,1.2650279352244296,0
CENN,2019-07-08,0.4144736842105263,2015-19,12.051173121083513,1
CENN,2020-06-09,0.3843888070692194,2020-22,109.04015562652201,0
CETX,2019-08-20,0.4407894736842106,2015-19,4.972614192174949,0
CETX,2019-08-22,0.2912087912087913,2015-19,4.972614192174949,0
CETX,2020-01-15,0.6440677966101696,2020-22,3.968334250243325,0
CETX,2020-01-16,0.7582417582417582,2020-22,3.968334250243325,0
CETX,2020-02-24,0.29496402877697836,2020-22,3.968334250243325,0
CETX,2020-05-13,0.30434782608695654,2020-22,1.907890360451944,0
CETX,2020-06-01,1.6504751847940864,2020-22,1.907890360451944,0
CETX,2020-07-13,0.2027972027972027,2020-22,1.907890360451944,0
CETX,2021-03-10,0.8682634730538923,2020-22,1.373161562244183,0
CETX,2021-07-12,0.34228187919463093,2020-22,1.411610412291118,0
CETX,2021-10-27,0.3160377358490567,2020-22,1.4845902749560524,0
CGEM,2021-06-04,0.26310483412251795,2020-22,1.0481678917872397,0
CGEM,2024-04-16,0.20060433566294944,2023-26,1.370342113766089,0
CGTX,2024-12-18,1.5274724022315191,2023-26,2.1246334028874316,0
CGTX,2025-07-10,0.8515037680330657,2023-26,1.5344396569432088,0
CGTX,2025-08-13,0.2545454230190316,2023-26,1.2942820181549215,0
CHAI,2023-01-04,0.34375,2023-26,8.899848802814265,2
CHAI,2023-01-18,0.21739130434782616,2023-26,8.899848802814265,2
CHAI,2025-02-26,0.9971427917480469,2023-26,101.16322154841805,1
CHCI,2020-04-15,0.9312499175779534,2020-22,1.05053905864178,0
CHCI,2020-05-29,0.3999999761581421,2020-22,1.05053905864178,0
CHEF,2015-11-04,0.29335906962707825,2015-19,0.9986087199158218,0
CHEF,2020-03-19,0.9416666545249794,2020-22,1.2494997673685435,0
CHEF,2020-03-20,0.21443298604184546,2020-22,1.2494997673685435,0
CHEF,2020-03-24,0.2068452246850374,2020-22,1.2494997673685435,0
CHEF,2020-11-09,0.2183498328255098,2020-22,1.0030321905449984,0
CHGA,2019-02-11,0.25105485232067504,2015-19,1.0687033872365306,0
CHGA,2020-08-19,0.26249999999999996,2020-22,1.0666609657131358,0
CHGA,2023-03-06,0.28037383177570097,2023-26,1.1192370830891167,1
CHGA,2024-08-14,2.203921648411969,2023-26,5.18046367366699,1
CHGA,2024-10-25,0.23762379353901064,2023-26,5.74361202370131,1
CHGA,2024-12-06,1.375939844232719,2023-26,3.8858777157448086,0
CHNR,2021-01-19,0.32163741972544213,2020-22,1.2047776629466764,0
CHNR,2024-02-15,1.5339805510617381,2023-26,1.0,0
CHRD,2020-03-10,0.5151514549448057,2020-22,0.06202986297146086,0
CHRD,2020-04-23,0.6896552539183631,2020-22,0.06202986297146086,0
CHRD,2020-04-24,0.2985074374584935,2020-22,0.06202986297146086,0
CHRD,2020-06-05,0.4642856952791312,2020-22,0.06144953011530519,0
CHRN,2017-11-10,0.23809523809523814,2015-19,1.0457129017828495,0
CHRN,2017-11-13,0.33333333333333326,2015-19,1.0457129017828495,0
CHRN,2020-06-25,0.7935484199113743,2020-22,2.165730574548357,0
CHRN,2025-05-15,0.40265485760960695,2023-26,2.1531209443216413,1
CHRS,2023-12-27,0.376146746849676,2023-26,1.0345645787344566,0
CHRS,2024-12-03,0.4890510618632691,2023-26,1.0491054482921418,0
CING,2023-02-24,0.5585586400890326,2023-26,8.860709999777177,1
CING,2023-12-27,0.914141376436201,2023-26,2.056925488711156,1
CING,2023-12-28,1.506265608250199,2023-26,2.056925488711156,1
CING,2024-05-21,0.26329118253608974,2023-26,9.025259301969815,1
CIRC,2023-02-07,2.703703638293944,2023-26,1.2809552850367636,1
CIRC,2023-02-10,1.392857296937184,2023-26,1.2809552850367636,1
CIRC,2023-05-22,0.3791044827106671,2023-26,1.0964643842718105,1
CIRC,2023-05-23,0.23749995231628418,2023-26,1.0964643842718105,1
CIRC,2023-09-18,0.40483388995548997,2023-26,3.6112177263777694,0
CISO,2023-03-21,1.3913043147749926,2023-26,1.2545725643778411,1
CISO,2023-10-10,0.4100719440913587,2023-26,0.9961888560881952,1
CISO,2024-02-20,0.28999996185302734,2023-26,1.3702343341966887,1
CISO,2024-08-22,0.38888884489727027,2023-26,2.825958693830568,0
CISO,2025-03-17,0.21238938986680944,2023-26,3.833010541652223,0
CISO,2025-03-27,0.3797753534388064,2023-26,2.753115101689763,0
CLAR,2015-03-17,0.20283692557509414,2015-19,0.943126061810281,0
CLDI,2024-06-10,0.2435232913129164,2023-26,11.569821785864688,2
CLDI,2025-07-09,1.668656651267515,2023-26,17.429065905847985,2
CLDX,2023-11-06,0.2694380340007292,2023-26,1.4036890545289493,0
CLF,2016-03-07,0.21453282458605294,2015-19,1.931930223454849,0
CLFD,2020-07-24,0.20371697127211164,2020-22,1.0070008034729965,0
CLFD,2024-05-03,0.25039178052878563,2023-26,0.9717329445357055,0
CLIR,2019-10-18,0.2857142857142858,2015-19,1.1251176819820614,0
CLIR,2020-06-16,0.9493670167878667,2020-22,1.1787975562151431,0
CLIR,2021-11-18,0.2251655319626782,2020-22,1.2076552545745005,0
CLNE,2017-03-01,0.23265302944858646,2015-19,1.1136647473580903,0
CLNN,2021-07-13,0.3052147616153442,2020-22,1.0667910086136734,0
CLNN,2023-02-13,0.40740740740740744,2023-26,1.7397735112742467,0
CLPT,2025-09-24,0.3388158627411675,2023-26,1.0730565847751838,0
CLRB,2018-06-06,0.2717391304347827,2015-19,5.403640507687219,1
CLRB,2018-07-17,0.4933333333333334,2015-19,5.403640507687219,1
CLRB,2018-09-17,0.2009132420091324,2015-19,2.613403795206275,0
CLRB,2019-03-19,0.3138686131386861,2015-19,1.9748712951780514,0
CLRB,2025-06-04,0.5357143100427133,2023-26,2.7605081393992497,1
CLRO,2019-01-25,0.24043709619971398,2015-19,2.004533177793147,0
CLRO,2020-12-10,0.22270747789529977,2020-22,1.1934720194817001,0
CLRO,2022-12-09,0.3950618349887498,2020-22,1.0003393792436757,0
CLRO,2023-05-09,0.7741935119999401,2023-26,1.0005585711365452,0
CLRO,2024-03-12,0.8351648305582691,2023-26,1.0848185719572947,0
CLRO,2025-03-03,0.2499999694335162,2023-26,1.674284793101532,1
CLRO,2025-07-01,1.1739130434782608,2023-26,1.5439228915328918,1
CLSK,2020-03-03,0.2089551973247301,2020-22,7.12247812972795,0
CLSK,2020-04-09,2.1531531125169217,2020-22,7.12247812972795,0
CLSK,2020-05-05,0.3308822968684684,2020-22,7.12247812972795,0
CLSK,2020-05-21,0.4056604622351698,2020-22,3.4484523332592643,0
CLSK,2020-07-09,0.24193549131379566,2020-22,3.6079583515127136,0
CLW,2024-12-20,0.2140834120407349,2023-26,0.968047206489824,0
CLYM,2024-04-11,0.5018727019842855,2023-26,2.4338415580765482,0
CLYM,2024-09-25,0.2210366309070293,2023-26,1.0167651247731087,0
CMCT,2023-04-17,0.32860514572121,2023-26,1.0021500710731133,0
CMCT,2025-01-02,0.26086956521739135,2023-26,0.22760766213771683,1
CMCT,2025-08-07,0.2846497764530551,2023-26,390.59974264749724,2
CMMB,2020-12-15,1.7207793253311388,2020-22,4.91685396553557,1
CMMB,2021-06-11,0.25,2020-22,4.93018034385075,1
CMMB,2023-01-03,0.5031249597202994,2023-26,1.2855182513512446,0
CMMB,2023-02-21,0.23979592829731677,2023-26,1.2855182513512446,0
CMND,2022-12-15,0.2264150943396226,2020-22,0.46018397144957074,0
CMND,2023-11-30,0.4814814814814814,2023-26,210.68299807191065,1
CMND,2023-12-01,0.20857142857142863,2023-26,210.68299807191065,1
CMND,2023-12-05,0.5300261096605745,2023-26,210.68299807191065,1
CMND,2024-12-24,0.639344262295082,2023-26,1.4824769658345498,1
CMRC,2023-08-04,0.2738720549300411,2023-26,1.035819938531329,0
CMTL,2023-10-13,0.22604411809674274,2023-26,1.0262797636675682,0
CMTL,2024-06-18,0.4101381729007081,2023-26,1.0316608060176715,0
CNDT,2020-08-07,0.7079645625594002,2020-22,1.0163587939112755,0
CNET,2018-01-04,1.4273504343171477,2015-19,1.3072799395682946,0
CNET,2018-04-17,0.5829958407445794,2015-19,1.0173562221405517,0
CNET,2018-08-17,0.26701572144561836,2015-19,1.0173562221405517,0
CNET,2018-10-19,0.7066667344835069,2015-19,1.0173562221405517,0
CNET,2020-12-09,0.9589040845347343,2020-22,1.6250941613912218,0
CNET,2021-01-08,0.43850259470801545,2020-22,1.6250941613912218,0
CNET,2021-02-17,0.3227665854953341,2020-22,1.6294635994989588,0
CNET,2022-11-04,0.25000005676633097,2020-22,1.0054386166314941,1
CNET,2022-12-07,0.22388060338833382,2020-22,1.0054386166314941,1
CNET,2025-06-11,0.277777798802344,2023-26,1.5941339428690622,0
CNSP,2020-03-24,0.23750000000000004,2020-22,1.5415622051333737,0
CNSP,2020-04-09,0.6909090909090909,2020-22,1.5415622051333737,0
CNSP,2020-04-13,0.24251497005988032,2020-22,1.5415622051333737,0
CNSP,2020-12-17,0.2871559633027523,2020-22,1.6767108899861731,0
CNSP,2020-12-18,0.472,2020-22,1.6767108899861731,0
CNSP,2021-06-29,0.33333333333333326,2020-22,1.5786264387807134,0
CNSP,2022-06-23,0.3214285714285714,2020-22,3.148890522173732,1
CNSP,2023-04-06,0.535796766743649,2023-26,4.776900048285852,0
CNSP,2023-04-17,0.5404255319148936,2023-26,4.776900048285852,0
CNSP,2023-04-20,0.20903954802259883,2023-26,4.776900048285852,0
CNSP,2024-07-03,1.0793650793650795,2023-26,1620.8284171445573,3
CNSP,2024-10-23,1.0573249398112026,2023-26,11.577469491687763,2
CNSP,2025-02-14,0.4444443528707833,2023-26,8.46925200410683,2
CNSP,2025-05-13,1.0165289093355256,2023-26,3.307108692794852,1
CNSY,2015-07-28,0.25,2015-19,2.4441858048992486,1
CNSY,2017-04-10,0.32846715328467146,2015-19,2.8053177431155842,0
CNSY,2019-01-31,0.5161290322580645,2015-19,11.884602559481998,1
CNSY,2019-08-16,1.2164948453608249,2015-19,527.4128479241518,1
CNSY,2019-09-23,0.8453865336658355,2015-19,527.4128479241518,1
CNSY,2019-10-15,0.2979591836734694,2015-19,527.4128479241518,1
CNSY,2019-11-15,0.2594142259414225,2015-19,1.2675964597564093,0
CNSY,2020-03-30,0.5,2020-22,5.43892240041973,0
CNSY,2020-06-10,0.21459227467811148,2020-22,3.114869447619794,0
CNSY,2020-08-07,0.2191780821917808,2020-22,2.828233515322618,0
CNSY,2020-09-15,0.360655737704918,2020-22,3.5939315534977836,0
CNSY,2022-08-15,0.5283018867924529,2020-22,1.9170198124845081,1
CNSY,2022-08-18,0.9454545454545455,2020-22,1.9170198124845081,1
CNSY,2025-03-06,0.6285714285714286,2023-26,29.09447244584049,0
CNSY,2025-06-02,0.3793103448275863,2023-26,5.7994410193533925,1
CNSY,2025-06-25,1.1052631578947367,2023-26,5.7994410193533925,1
CNSY,2025-09-25,0.55,2023-26,5.7994410193533925,1
CNSY,2025-09-29,0.29032258064516125,2023-26,5.7994410193533925,1
CNTN,2022-06-13,0.3896103896103895,2020-22,1.5427624087900824,0
CNTN,2023-04-27,0.42253521126760574,2023-26,383.97370225698063,2
CNTN,2023-09-26,0.44545454545454555,2023-26,31.78437305238225,2
CNTN,2023-11-07,0.6518987341772151,2023-26,1.272884875197859,1
CNTN,2023-11-27,0.3947826440783515,2023-26,1.272884875197859,1
CNTN,2024-10-30,1.8128079402079083,2023-26,30.506643685365088,0
CNTN,2025-08-20,0.2094017211580501,2023-26,17.19030123719298,0
CNTX,2023-01-09,0.5128205010641722,2023-26,1.0,0
CNTX,2023-01-31,0.7862371571849469,2023-26,1.0,0
CNTX,2024-05-02,0.2941176264343792,2023-26,5.618432683393948,0
CNTX,2024-10-23,0.24500000476837158,2023-26,1.2250832658740374,0
CNTX,2025-04-03,0.3245227864795308,2023-26,1.0242461684678867,0
CNTY,2020-03-20,0.23148147228323412,2020-22,1.0025638698852388,0
CNTY,2020-03-23,0.3565217174969906,2020-22,1.0025638698852388,0
CNTY,2020-03-24,0.7124999804422263,2020-22,1.0025638698852388,0
CNVS,2016-07-15,0.4444444444444444,2015-19,0.1662781583821309,0
CNVS,2020-05-20,0.20967745656897807,2020-22,4.1647474698838245,0
CNVS,2020-06-04,2.343511294779558,2020-22,4.1647474698838245,0
CNVS,2021-03-24,0.25165557225573276,2020-22,1.0537345697532303,0
CNVS,2021-07-15,0.2407406835072008,2020-22,1.0649801298267647,0
CNVS,2024-02-14,1.051613009410151,2023-26,1.1989500268608249,0
COCH,2025-10-07,0.9950434342084729,2023-26,3.5869540873043975,0
COCP,2020-02-24,0.6000000635782878,2020-22,2.0332471428638894,0
COCP,2020-02-25,0.7969924960291954,2020-22,2.0332471428638894,0
COCP,2020-03-09,0.44067795468646076,2020-22,2.0332471428638894,0
COCP,2020-11-25,0.21538452697693922,2020-22,1.421583465561099,0
COCP,2021-05-04,0.33064509978362233,2020-22,1.3637987677272396,0
COCP,2025-09-12,0.7013888543954616,2023-26,1.8777124099291287,0
CODA,2018-07-16,1.1205865860351945,2015-19,1.0265095508427124,0
CODA,2019-06-13,0.24819771760495546,2015-19,1.0323045186097224,0
CODX,2019-01-30,1.903225754995026,2015-19,2.124662169303791,0
CODX,2019-05-22,0.24175833235404132,2015-19,1.6125457414024147,0
CODX,2019-07-11,0.6628440463964016,2015-19,1.6503934645081508,0
CODX,2019-07-18,1.100558686204073,2015-19,1.6503934645081508,0
CODX,2020-01-23,1.4424778561897456,2020-22,1.6531627996942546,0
CODX,2020-01-27,0.48936166183358965,2020-22,1.6531627996942546,0
CODX,2025-08-15,0.2716981005326302,2023-26,4.868954553603038,1
COGT,2020-07-06,0.5730337063601907,2020-22,5.20650983517668,1
COGT,2022-06-10,0.3306451318291299,2020-22,1.8654967959670201,0
COHN,2020-03-05,0.9249999523162842,2020-22,1.0660113418517538,0
COHN,2020-06-19,1.694805261557573,2020-22,1.3028603283843074,0
COHN,2021-03-03,1.2752137915114612,2020-22,1.292796049983183,0
COLL,2015-09-14,0.42825274028923777,2015-19,1.3844531566157996,0
COMP,2023-05-10,0.26428572219245305,2023-26,1.0723057265968092,0
COOK,2023-08-03,0.3725728155339805,2023-26,1.0443507890560537,0
CORT,2020-11-19,0.2031083036719834,2020-22,0.9937934592971046,0
COSM,2022-04-27,1.2547172018114416,2020-22,0.6053552664067717,0
COSM,2022-11-18,0.22900764748083358,2020-22,0.1599595100000679,0
COSM,2022-11-23,0.46341456101452927,2020-22,0.1599595100000679,0
COSM,2023-09-12,0.26767675064860685,2023-26,1.6791805978342234,0
COUR,2024-07-26,0.39406209668327263,2023-26,1.0432328170123244,0
COUR,2025-07-25,0.2720264634122005,2023-26,1.615149664019548,0
CPHI,2018-01-05,2.85,2015-19,1.0,0
CPHI,2018-10-19,0.4222222222222223,2015-19,1.0,0
CPHI,2020-02-03,0.5957446808510638,2020-22,1.045893077802512,0
CPHI,2020-03-02,0.7543859649122806,2020-22,1.045893077802512,0
CPHI,2020-04-15,0.7555555555555555,2020-22,1.045893077802512,0
CPHI,2021-03-29,0.8433734939759037,2020-22,1.0386138022359455,0
CPHI,2023-08-21,0.2727272727272727,2023-26,7.5059344599805415,1
CPHI,2023-10-12,0.5384615384615385,2023-26,8.420230090596347,1
CPHI,2023-11-29,0.8999999999999999,2023-26,2.9214545495155892,1
CPIX,2021-11-30,0.8772727386025356,2020-22,0.9766705146138714,0
CPIX,2024-12-10,1.3467742447178268,2023-26,1.065112035745701,0
CPS,2022-08-05,0.4214711326304015,2020-22,1.0053373114672373,0
CPS,2023-11-03,0.23644935876824524,2023-26,1.0075041231333965,0
CPSH,2020-01-31,0.7938143899126822,2020-22,1.0867016126370024,0
CPSH,2020-05-06,0.6250000399138245,2020-22,1.0867016126370024,0
CPSH,2020-11-23,0.220833312637277,2020-22,1.0792923194111266,0
CPSH,2021-05-20,0.21775548348773577,2020-22,1.0053277670255207,0
CPSS,2020-10-08,0.47447446243410907,2020-22,0.9281521037691124,0
CRBP,2015-08-19,0.5053763646686562,2015-19,1.3675440829619818,0
CRBP,2015-10-20,0.2500000180620139,2015-19,1.3890955726543155,0
CRBP,2016-11-14,0.6837606837606838,2015-19,1.2348308607428655,0
CRBP,2020-12-01,0.3032787637045089,2020-22,1.4901831912873769,0
CRBP,2022-03-21,0.27272736030067524,2020-22,0.9991658561181768,1
CRBP,2022-10-13,0.28181820611980046,2020-22,1.0594093173440151,1
CRBP,2022-11-30,0.2786884477016156,2020-22,1.0593036139329193,1
CRBP,2024-01-26,0.9917061968833605,2023-26,2.765168299808101,0
CRBU,2023-07-06,0.37254902189944805,2023-26,1.4741147210099133,0
CRDF,2017-06-12,0.2592593077109344,2015-19,6.853235915151907,1
CRDF,2017-06-22,0.25263155546508353,2015-19,6.853235915151907,1
CRDF,2017-10-06,0.46478870927193094,2015-19,7.402586683225658,1
CRDF,2017-10-09,0.21176475061448108,2015-19,7.402586683225658,1
CRDF,2019-03-08,1.1549635283085395,2015-19,3.2108142415391243,1
CRDF,2019-10-22,0.5428572174643207,2015-19,6.486620977332106,0
CRDF,2024-12-10,0.475409762380715,2023-26,1.3173406595843642,0
CREX,2021-05-24,0.45801524726220544,2020-22,1.8284222624789372,0
CREX,2021-11-15,0.746575318604509,2020-22,1.8260313721416856,0
CREX,2022-02-01,0.2518518352813799,2020-22,1.8582055758176843,1
CREX,2022-03-23,0.3139535678879366,2020-22,1.2953716283330101,1
CRGO,2023-01-26,2.041055914216665,2023-26,1.3253060136162487,0
CRGO,2023-01-27,0.40896092044392307,2023-26,1.3253060136162487,0
CRIS,2019-03-25,0.8461538461538463,2015-19,1.1035127680253678,0
CRIS,2020-06-10,0.7950819672131149,2020-22,2.50384329212243,0
CRIS,2020-12-08,2.798611111111111,2020-22,1.5575169332417778,0
CRIS,2022-06-06,0.2127659574468086,2020-22,1.2843480830984488,0
CRIS,2022-08-18,0.6476190476190475,2020-22,1.2819798885069178,0
CRIS,2025-01-02,0.27450978803310777,2023-26,1.5269775197866247,0
CRK,2018-04-26,0.4852940822908698,2015-19,6.548767196294772,0
CRMD,2018-07-25,0.3571428632249638,2015-19,1.46192511821343,1
CRMD,2018-10-01,0.2061855710646161,2015-19,1.3108903090252026,1
CRMD,2025-01-07,0.2774275326262152,2023-26,1.3028022022900065,0
CRMD,2025-06-23,0.22997797159423872,2023-26,1.1957994206693157,0
CRMT,2024-12-05,0.21269140577101076,2023-26,1.005112926670974,0
CRNC,2024-11-21,0.20567382122512146,2023-26,1.049289679651686,0
CRNC,2025-01-03,0.36065576234868457,2023-26,1.051141864923263,0
CRNT,2021-01-19,0.2804124041766216,2020-22,1.0272721934124476,0
CRTO,2018-02-14,0.278324087163633,2015-19,1.0237762429567958,0
CRTO,2020-07-06,0.25153911041896326,2020-22,0.9883581692939234,0
CRTO,2021-11-03,0.2318705420253655,2020-22,0.9915769608257189,0
CRVO,2017-01-09,0.21359223300970864,2015-19,4.883850747904648,0
CRVO,2017-01-10,0.29824561403508776,2015-19,4.883850747904648,0
CRVO,2017-02-08,0.4155251141552512,2015-19,4.883850747904648,0
CRVO,2017-04-04,0.23463687150837997,2015-19,4.883850747904648,0
CRVO,2017-07-20,0.2938144329896908,2015-19,4.888244290805873,0
CRVO,2017-10-17,0.7391304347826086,2015-19,3.6116813292141274,0
CRVO,2018-01-09,0.3223140495867769,2015-19,3.490642988128825,1
CRVO,2019-03-08,0.4957142857142858,2015-19,10.249435124150065,1
CRVO,2019-11-20,0.7272727272727273,2015-19,13.639779557623756,0
CRVO,2019-12-11,0.4186046511627908,2015-19,13.639779557623756,0
CRVO,2020-04-01,0.71875,2020-22,2.944824154914705,0
CRVO,2020-04-27,0.5,2020-22,2.944824154914705,0
CRVO,2020-05-05,0.21153846153846145,2020-22,2.944824154914705,0
CRVO,2021-02-16,0.2016129032258065,2020-22,1.592187438027647,0
CRVO,2023-08-17,1.045454575010568,2023-26,4.045382340817738,0
CRVO,2025-07-28,0.3407573024056807,2023-26,1.7372841752100694,0
CRVS,2020-07-07,0.839416038069704,2020-22,1.4464931172404858,0
CRVS,2020-10-05,0.40294835314863064,2020-22,1.6603260560371296,0
CRVS,2021-09-17,0.6769911406398501,2020-22,1.0974125200115348,0
CRVS,2025-05-09,0.2597014657689982,2023-26,1.2327207126192523,0
CSBR,2018-09-14,0.2665094753396453,2015-19,1.0407629866320234,0
CSTL,2023-07-07,0.5060241266680594,2023-26,1.0391691130955623,0
CSTL,2024-08-06,0.20137297673741772,2023-26,1.0458424487935865,0
CSTL,2025-08-05,0.2956919567156353,2023-26,1.053130552617027,0
CTM,2023-06-23,0.2566372311584868,2023-26,1.3278698828784603,0
CTM,2023-08-15,0.22500002638747363,2023-26,1.1806461650454978,0
CTM,2024-07-22,0.4423077198616141,2023-26,1.75373813063815,0
CTM,2024-11-04,0.28169007285723136,2023-26,1.6862033756307797,0
CTM,2024-12-26,0.39655176843389306,2023-26,1.6862033756307797,0
CTM,2024-12-30,0.5633803490867855,2023-26,1.6862033756307797,0
CTM,2025-03-03,0.24074072234424615,2023-26,1.6862033756307797,0
CTMX,2017-03-20,0.29117259469269574,2015-19,1.057313200459256,0
CTMX,2017-10-04,0.2810526396098889,2015-19,1.2207843321168013,0
CTMX,2022-11-17,0.23140492773749832,2020-22,1.0136876093554774,0
CTMX,2023-01-06,0.6536313414681576,2023-26,1.0247757688289576,0
CTMX,2024-05-01,0.9938650365076622,2023-26,1.190480200588119,0
CTMX,2025-05-12,1.0474138263254198,2023-26,2.700315399307724,0
CTNT,2024-05-14,1.773109243697479,2023-26,3.9084741371374,1
CTNT,2024-08-23,0.20779217133307903,2023-26,1.3958530484140128,1
CTOR,2024-08-05,0.27782282746064424,2023-26,11.779599725059548,0
CTOR,2024-12-03,0.21568630659227384,2023-26,36.00377115116066,0
CTOR,2025-03-31,0.5037593499741728,2023-26,1.2994840340929434,0
CTOS,2020-12-03,0.29425292824609084,2020-22,5.043564714805591,0
CTOS,2025-03-05,0.3308457537354319,2023-26,0.9742981510793869,0
CTRM,2020-03-04,0.40314136125654443,2020-22,39.544287835974195,0
CTSO,2020-01-28,0.2806236732987746,2020-22,1.334322977872741,0
CTSO,2020-03-25,0.43817785735866766,2020-22,1.2343024101918585,0
CTSO,2020-04-13,0.30349012954341137,2020-22,1.2343024101918585,0
CTXR,2016-12-08,0.25,2015-19,1.704839403473558,1
CTXR,2016-12-09,0.2566371681415929,2015-19,1.704839403473558,1
CTXR,2017-01-11,0.2769230769230768,2015-19,1.704839403473558,1
CTXR,2017-04-06,0.20123203285420943,2015-19,2.1610000990378753,1
CTXR,2018-08-09,0.2894736842105263,2015-19,2.067558490401342,0
CTXR,2019-01-08,0.2552301255230125,2015-19,1.625418996155413,0
CTXR,2020-04-01,0.30000000000000004,2020-22,4.682738970262276,0
CTXR,2020-06-26,0.4351851851851851,2020-22,3.828661131530892,0
CTXR,2024-04-18,0.2009804146145917,2023-26,1.6183173939658864,1
CTXR,2024-11-25,0.37313433898055637,2023-26,2.8721635414549103,1
CURI,2020-12-21,0.2687559349925577,2020-22,1.36064262995123,0
CURI,2021-01-04,0.2056631164231264,2020-22,1.36064262995123,0
CURI,2024-03-21,0.2886597558053079,2023-26,1.0810354072467732,0
CURI,2025-05-07,0.3121212079614757,2023-26,1.0233982973098874,0
CURR,2024-12-19,1.190000057220459,2023-26,1.6465664899967007,0
CURR,2025-01-08,0.9496403352782743,2023-26,1.6465664899967007,0
CURV,2023-12-08,0.2650602118926402,2023-26,1.0062806802695368,0
CURV,2024-04-01,0.20901638463247685,2023-26,1.0066531884064265,0
CVEO,2019-10-25,0.26470586860331125,2015-19,1.0060919567652173,0
CVI,2021-05-06,0.26361194059930027,2020-22,1.0,0
CVKD,2023-07-12,0.5172412986720103,2023-26,20.639089524112396,1
CVM,2017-08-14,0.5151514484289283,2015-19,2.5216829227040125,0
CVM,2024-07-26,0.3471075083647486,2023-26,3.8121292497072146,1
CVM,2025-07-11,0.6387435440522957,2023-26,0.1932064714252811,0
CVU,2021-03-17,0.2377048811903575,2020-22,1.0410002417316115,0
CVV,2016-06-23,0.2518089449408336,2015-19,1.030640345845968,0
CXAI,2024-04-01,0.5428571428571429,2023-26,1.2983662603595594,0
CXAI,2024-08-13,0.653061224489796,2023-26,1.5362945051420938,0
CXAI,2025-04-04,0.33829001343416354,2023-26,2.883792532524842,0
CXW,2024-11-06,0.24431393558857128,2023-26,0.9484371941612096,0
CYCU,2025-03-05,0.33486947837580816,2023-26,47.410976148801865,1
CYCU,2025-04-08,0.39775282794554445,2023-26,92.14641859995993,1
CYD,2025-02-20,0.2915601227312963,2023-26,1.0,0
CYN,2022-04-21,0.8611111111111112,2020-22,1.2445211801835285,0
CYN,2023-12-07,0.7622950819672132,2023-26,4.848125050714131,1
CYN,2024-01-23,0.30081300813008127,2023-26,628.6301271030097,2
CYN,2024-01-26,0.2697674418604652,2023-26,628.6301271030097,2
CYN,2024-04-23,0.8512396694214877,2023-26,319.35238181301435,2
CYN,2024-06-12,0.2947368421052632,2023-26,1283.177501141825,2
CYN,2024-07-11,0.3232323232323233,2023-26,1283.177501141825,2
CYN,2024-11-07,0.44329896907216493,2023-26,590.2112787597716,1
CYN,2024-12-23,0.4328358953531184,2023-26,590.2112787597716,1
CYN,2024-12-30,0.3057325263777011,2023-26,590.2112787597716,1
CYN,2025-02-05,0.3239437452125995,2023-26,1007.1956604441101,1
CYN,2025-02-10,0.4833333757188585,2023-26,1007.1956604441101,1
CYN,2025-06-26,2.2734528681230284,2023-26,8.232908044153055,0
CYN,2025-10-14,0.22090911865234375,2023-26,2.048975134623411,0
CYPH,2019-03-18,0.27999996609157995,2015-19,2.434816082720727,0
CYPH,2020-01-03,0.3584904811610643,2020-22,2.465717928634231,0
CYPH,2021-09-13,0.2808219365989493,2020-22,1.6594274160077789,0
CYPH,2021-09-16,0.24352336521932827,2020-22,1.6594274160077789,0
CYPH,2025-10-06,0.49812742067140503,2023-26,2.600521400713797,0
CYRX,2025-08-06,0.2759644916194097,2023-26,1.0102096211241716,0
CYTK,2020-05-11,0.22969536036241567,2020-22,1.206688236791262,0
CYTK,2021-07-19,0.45137808173688354,2020-22,1.3123297183758995,0
DAKT,2022-12-12,0.20707074842481177,2020-22,1.01571377016112,0
DARE,2016-03-23,0.3809524290085329,2015-19,1.0612384712203777,0
DARE,2016-10-19,0.7474302608745012,2015-19,2.2082428989371063,1
DARE,2017-03-13,0.3092105868560586,2015-19,4.163250555481038,1
DARE,2018-02-12,0.7741935042814507,2015-19,1.8888468489593713,0
DARE,2018-12-06,0.5393654946583217,2015-19,1.4606177412487882,0
DARE,2019-03-18,1.95652169406076,2015-19,2.161622831266343,0
DARE,2019-11-11,0.20336941968555133,2015-19,2.2771123363201924,0
DARE,2020-01-13,0.9093079981184469,2020-22,2.2771123363201924,0
DARE,2021-07-07,0.48684216993117135,2020-22,1.7927668317903338,0
DARE,2025-07-14,2.145129032793218,2023-26,1.727551996037235,0
DBGI,2023-05-04,0.24177215189873413,2023-26,8.421042418664971,1
DBGI,2023-08-30,0.6431924882629108,2023-26,0.33011804783546594,0
DBGI,2024-10-15,0.7375,2023-26,120.8801055548911,1
DBGI,2024-11-20,0.2991452991452992,2023-26,120.8801055548911,1
DBVT,2018-02-14,0.2703738842102261,2015-19,1.2067541035665013,0
DBVT,2022-06-08,0.20261442338933056,2020-22,1.7469756385255186,0
DBVT,2022-12-23,0.3135593400128929,2020-22,1.0255923181471704,0
DBVT,2024-10-23,0.44285715380493484,2023-26,1.7524922220119608,0
DBVT,2024-10-24,0.24411765711324018,2023-26,1.7524922220119608,0
DBVT,2025-03-28,0.542199508296753,2023-26,3.067748866479065,0
DC,2025-02-07,0.21912348781115876,2023-26,1.413920735782971,0
DCOY,2018-10-16,0.4631578947368422,2015-19,5.628995550286018,1
DCOY,2019-01-04,0.38020833333333326,2015-19,5.628995550286018,1
DCOY,2021-02-10,0.22775800711743766,2020-22,2.353230665839005,0
DCOY,2022-05-12,0.3125,2020-22,1.3212956650029122,1
DCOY,2024-03-25,0.20645162392963723,2023-26,3.5460397574365237,1
DCOY,2025-01-13,1.8434503560167292,2023-26,66.44261520431155,2
DCOY,2025-06-17,1.0,2023-26,67.5552920554725,2
DCOY,2025-07-29,1.1052629893039758,2023-26,67.5552920554725,2
DCTH,2023-08-15,0.8717949893582779,2023-26,1.8328508380231658,0
DCTH,2025-05-08,0.20585705546926492,2023-26,1.0334851474133957,0
DFDV,2024-07-09,0.3263978138966388,2023-26,2.173737572178868,1
DFDV,2025-04-07,2.5674962772457834,2023-26,3.0120470059348463,0
DFLI,2023-04-17,0.35431239613570487,2023-26,1.3158725477057795,0
DFLI,2024-04-16,0.26666664782865546,2023-26,1.1335290133557623,1
DFLI,2025-06-20,0.7201834335620949,2023-26,19.735849200792345,1
DFLI,2025-07-22,0.5580523327873221,2023-26,19.735849200792345,1
DFLI,2025-09-26,0.2142857638436204,2023-26,2.426715555661906,1
DFLI,2025-09-29,0.3187023185570834,2023-26,2.426715555661906,1
DFLI,2025-10-02,0.2003339452345736,2023-26,2.426715555661906,1
DFNS,2024-03-12,0.4608695652173913,2023-26,15.827485311982992,1
DFNS,2024-09-23,0.37089201877934275,2023-26,7.930348588169912,1
DFNS,2024-10-24,0.2271062271062272,2023-26,7.930348588169912,1
DFNS,2024-12-17,0.60431654676259,2023-26,7.930348588169912,1
DFNS,2025-06-13,0.26897689768976907,2023-26,11.990881876219445,0
DFTX,2022-08-18,0.5887851292332722,2020-22,0.0938792342269299,0
DFTX,2024-03-07,0.24915824996911407,2023-26,1.8278585389129665,0
DH,2025-05-09,0.27580075129853276,2023-26,0.9830665849104613,0
DHC,2023-03-02,0.21505374896869545,2023-26,1.0028788129476205,0
DLPN,2019-12-04,0.39062491967342905,2015-19,9.457594300274268,1
DLPN,2020-06-04,1.1235955537772684,2020-22,1.9015829879278432,1
DLPN,2020-07-13,0.24,2020-22,1.2055085165619908,1
DLPN,2021-08-02,0.22704077784789778,2020-22,1.2559314820096097,0
DMAC,2019-06-20,0.33507853239755914,2015-19,1.5672218340680013,0
DMRA,2023-09-27,0.27495630467927756,2023-26,1.2143655424615265,1
DMRA,2025-09-23,0.5300000508626301,2023-26,46.60832200881802,0
DNLI,2020-08-06,0.30938040468455985,2020-22,1.1477305372907243,0
DNTH,2022-12-13,0.26956527688327614,2020-22,0.24469713083134287,0
DNTH,2023-02-03,0.4642856952791312,2023-26,0.48395125395059546,0
DOMH,2015-03-20,0.282051265803976,2015-19,1.9571347484383403,1
DOMH,2015-08-24,0.24999997425817466,2015-19,2.6625240245965127,1
DOMH,2015-08-25,0.33333333333333326,2015-19,2.6625240245965127,1
DOMH,2016-03-07,0.42288556632842145,2015-19,2.7259490653211618,1
DOMH,2016-05-24,0.7329842989854691,2015-19,1.6776267077663967,0
DOMH,2017-06-29,0.7172775075038902,2015-19,1.7278828235599661,0
DOMH,2017-07-03,0.2923076214613174,2015-19,1.7278828235599661,0
DOMH,2018-10-11,0.4257425880658037,2015-19,1.2918755190600915,1
DOMH,2020-03-09,1.9451220617645752,2020-22,18.42404791662047,0
DOMH,2020-04-14,2.1343283307158227,2020-22,18.42404791662047,0
DOMH,2020-07-20,0.23300970133491528,2020-22,2.5681724962836,0
DOMH,2021-01-06,0.7058823490589281,2020-22,2.5681724962836,0
DOMH,2025-02-10,0.21118014307928257,2023-26,3.6031363555103475,0
DOMH,2025-02-11,0.6931819096647462,2023-26,3.6031363555103475,0
DOYU,2025-01-16,0.305126197340436,2023-26,1.0,0
DRIO,2018-03-26,0.43571431296212326,2015-19,2.2386530595916296,0
DRIO,2019-12-03,0.880239517310579,2015-19,0.18569672314977467,0
DRIO,2020-06-11,0.2627118644067796,2020-22,5.323180424387617,0
DRIO,2020-08-05,0.2254336241543995,2020-22,5.323180424387617,0
DRK,2017-01-19,0.5333333333333334,2015-19,3.399462179824232,1
DRK,2018-09-11,0.23018871338995806,2015-19,1.9236223992981158,1
DRK,2018-09-26,0.7689530849274795,2015-19,1.9236223992981158,1
DRK,2019-11-15,0.32275136851908726,2015-19,2.1383708212106582,0
DRK,2023-12-04,0.2625000476837158,2023-26,1.4794667989659036,0
DRMA,2022-12-30,1.4600001017252606,2020-22,4.216133015000396,1
DRMA,2023-03-24,0.2321428571428572,2023-26,8.806111014067344,1
DRMA,2023-05-12,0.7098445595854923,2023-26,2.8487565206271435,0
DRMA,2024-01-05,0.4114753431309768,2023-26,9.598994554463829,1
DRMA,2024-07-24,1.2153845566969652,2023-26,15.348447042715334,2
DRMA,2024-09-16,0.5063290474526001,2023-26,7.799937841047857,1
DRMA,2025-03-27,0.6296296296296295,2023-26,7.406377655115927,1
DSS,2017-12-18,0.22131151294990326,2015-19,1.0227677203574088,0
DSS,2019-03-05,0.2403845910743858,2015-19,3.562871853999958,0
DSS,2020-03-12,0.6774194118408456,2020-22,22.94332193146686,1
DSS,2020-07-09,0.48377126096131406,2020-22,32.6596272379748,1
DSS,2020-10-26,0.371287045646169,2020-22,15.413669334512628,0
DTIL,2025-01-10,0.5111111534966364,2023-26,3.223374373733796,0
DTST,2018-04-05,0.4444443340654771,2015-19,1.0,0
DTST,2019-10-15,1.0,2015-19,1.0031215999435865,0
DTST,2021-02-11,0.22222216703273845,2020-22,0.05210173738300262,0
DTST,2021-07-07,0.7283951231005168,2020-22,0.05307420172075153,0
DTST,2022-01-05,0.21935486699242346,2020-22,1.0193321362156198,0
DTST,2022-05-16,0.5956522401654667,2020-22,1.018664719961261,0
DTST,2025-07-16,0.34319520950785054,2023-26,0.3295335928642484,0
DVLT,2021-07-22,0.21867321867321876,2020-22,1.61121735617803,0
DVLT,2023-05-15,0.37341772151898733,2023-26,127.51844880627762,0
DVLT,2023-06-14,0.37209302325581395,2023-26,428.4267114119879,1
DVLT,2023-10-17,0.28,2023-26,177.07930310182877,1
DVLT,2023-12-04,0.5714285714285714,2023-26,65.6706065957812,1
DVLT,2024-04-04,0.5,2023-26,38.377167717877626,1
DVLT,2024-04-16,0.531428609575544,2023-26,38.377167717877626,1
DVLT,2025-02-12,0.31578949019519276,2023-26,79.0836598081214,0
DWSN,2025-06-16,3.0145985261729216,2023-26,1.0023296640718071,0
DWTX,2023-04-25,0.9199999999999999,2023-26,1.0506015965835969,0
DWTX,2024-10-08,0.44927534228787436,2023-26,2.06532099269481,1
DWTX,2025-01-21,0.35294115772109325,2023-26,25.072890409539866,0
DWTX,2025-04-21,0.26697889264117425,2023-26,17.477402350862945,0
DWTX,2025-09-29,0.5380434421112346,2023-26,17.78664380407801,0
DYAI,2020-03-02,0.3565364944372371,2020-22,1.0125307034387814,0
DYAI,2021-03-22,0.5272045890880332,2020-22,1.0284548261622988,0
DYN,2024-01-03,0.3782541670491222,2023-26,1.6580849933225905,0
EBS,2024-05-02,0.5284974755733673,2023-26,1.0357998238611805,0
EBS,2024-11-07,0.24239136327642696,2023-26,0.9692858355388047,0
ECOR,2020-04-03,0.7402945232283744,2020-22,1.6180737270384267,0
ECOR,2020-07-13,2.6941175273820464,2020-22,2.316189504086591,0
ECOR,2021-03-01,0.32258065272225833,2020-22,1.5558032295930848,0
EDBL,2023-02-01,0.21759259259259256,2023-26,18.365721562208776,1
EDBL,2023-08-10,0.46887966804979264,2023-26,22.357979004500045,1
EDBL,2023-09-01,0.2558139534883721,2023-26,22.357979004500045,1
EDBL,2024-04-17,0.32307692307692304,2023-26,119.0059235666574,2
EDBL,2024-05-15,0.8571428571428572,2023-26,119.0059235666574,2
EDBL,2024-10-25,0.2850467289719627,2023-26,40.553948687378025,1
EDBL,2024-12-23,0.8403361344537814,2023-26,6.77947536579893,1
EDBL,2025-02-05,0.2952380952380953,2023-26,12.083485805756322,2
EDBL,2025-05-20,0.2345000542534723,2023-26,6.359952503386152,1
EDBL,2025-05-21,0.2694444444444444,2023-26,6.359952503386152,1
EDSA,2018-05-24,0.3150684352019488,2015-19,3.547023361967436,0
EDSA,2018-06-21,0.5757574623291781,2015-19,29.960547485810483,1
EDSA,2019-05-31,0.7833332248465759,2015-19,9.971449233358001,1
EDSA,2019-06-20,1.7895979997124485,2015-19,10.59626485377665,1
EDSA,2020-06-15,1.4034484112912788,2020-22,1.4962547799401726,0
EDSA,2020-07-30,1.9192307055449978,2020-22,1.4962547799401726,0
EDSA,2021-01-26,0.6130198941739293,2020-22,1.2846799613079318,0
EDSA,2021-09-20,0.6071429001727271,2020-22,1.1664756650398522,0
EDSA,2025-02-13,0.6075268744843478,2023-26,2.403300152437178,0
EDUC,2025-08-22,0.20000004541306482,2023-26,0.9932150021885774,0
EDVA,2022-01-11,0.5355450682518934,2020-22,1.2293890612250904,0
EDVA,2024-06-03,0.24081628681073308,2023-26,1.6839257050464365,1
EDVA,2025-10-22,0.28042333048177137,2023-26,13.500925323547431,1
EFC,2020-04-08,0.5383141869199908,2020-22,0.9935006949245095,0
EFOI,2019-07-30,0.32499994550432487,2015-19,1.3095659428473496,1
EFOI,2020-05-13,0.32499994550432487,2020-22,1.158635197450676,1
EFOI,2020-10-14,0.3027414052882369,2020-22,1.5702999561094042,0
EFOI,2021-12-08,0.794871845032181,2020-22,1.8824347321532817,0
EFOI,2022-06-08,0.30701757897824544,2020-22,3.790838140208439,1
EFOI,2022-10-21,0.5500000808920193,2020-22,3.312275279566256,1
EFOI,2024-02-21,0.32558146411929645,2023-26,1.209730056637746,0
EFOI,2025-02-18,0.5116279886416646,2023-26,1.1987727584384025,0
EFOR,2015-10-29,0.21750663593567987,2015-19,1.0056579414849967,0
EGAN,2019-02-08,0.20967741005130414,2015-19,1.0979997186614376,0
EGHT,2023-11-02,0.21397380685554412,2023-26,1.0695559371733043,0
EGY,2020-11-18,0.2941177226817884,2020-22,1.0201011244420723,0
EHTH,2024-12-17,0.41941390949700663,2023-26,1.0381692256347421,0
EHTH,2025-05-07,0.26923082801247245,2023-26,1.0466379302214956,0
EHTH,2025-08-06,0.22324159734907711,2023-26,1.0482856386523351,0
EJH,2023-07-31,0.33333333333333326,2023-26,37.51268809938757,2
ELAB,2024-01-16,0.976608134920635,2023-26,5974.2962437422875,1
ELAB,2024-02-01,0.5050651190131499,2023-26,57.124662030864506,2
ELAB,2024-08-23,0.3026316034226191,2023-26,102.94899285929151,2
ELAB,2024-08-26,0.2182410277207376,2023-26,102.94899285929151,2
ELAB,2024-10-03,0.8470588519622011,2023-26,181.02766397169586,3
ELAB,2024-10-25,0.7826087833397344,2023-26,181.02766397169586,3
ELAB,2024-11-05,0.24999997929164341,2023-26,181.02766397169586,3
ELAB,2024-11-14,0.5600000954241091,2023-26,0.03530620742721797,2
ELAB,2024-12-19,0.4837209205559656,2023-26,0.03530620742721797,2
ELAB,2025-01-24,1.0,2023-26,1.3199094890226986,4
ELAB,2025-04-10,0.31278192429315466,2023-26,138.04073445699424,3
ELAB,2025-08-22,0.32804237389857427,2023-26,4591.450650302589,4
ELAB,2025-10-14,0.8598848786379594,2023-26,4591.450650302589,4
ELDN,2016-12-22,0.2772277347757157,2015-19,2.8164344552435687,1
ELDN,2018-09-07,0.24671912681815544,2015-19,1.3762620669204448,0
ELDN,2020-09-15,1.8232190198612952,2020-22,13.284911157652157,1
ELF,2017-03-09,0.22648227756431716,2015-19,1.0397673800890341,0
ELMD,2016-02-10,0.6206896079233892,2015-19,1.0052588751686797,0
ELMD,2020-05-11,0.2720824791153935,2020-22,1.0181092519435606,0
ELTX,2024-03-18,0.2600000381469727,2023-26,1.897623748291029,0
ELVN,2022-09-07,0.25641032694830024,2020-22,1.5677543695684724,0
ELVN,2022-10-14,0.3837209452760961,2020-22,1.5677543695684724,0
ELVN,2024-04-11,0.21165488190797999,2023-26,1.1867489291768873,0
EMBC,2024-05-09,0.2930865765377928,2023-26,1.0133916455894931,0
EMBC,2025-08-08,0.24517374961648208,2023-26,0.9687865899700059,0
EMPD,2022-08-19,0.6521739130434783,2020-22,1.2575050145975166,0
EMPD,2023-12-26,1.1616161616161618,2023-26,2961.086496253709,3
EMPD,2024-01-12,0.3737373737373737,2023-26,2961.086496253709,3
EMPD,2024-02-29,0.5123966942148761,2023-26,20329.08234566768,3
EMPD,2024-06-25,0.47938134067433125,2023-26,16195.430881347787,3
EMPD,2024-06-26,0.4568346159767036,2023-26,16195.430881347787,3
EMPD,2024-07-02,0.27897000714641806,2023-26,16195.430881347787,3
EMPD,2024-07-11,0.6690410543718455,2023-26,16195.430881347787,3
EMPD,2025-02-04,0.7095808936770891,2023-26,431.4146571058759,1
EMPD,2025-07-17,3.415329715009153,2023-26,58.398121544895325,1
ENGN,2024-02-14,0.8044619693575177,2023-26,2.197500333649798,0
ENLV,2019-02-19,0.48590945561676424,2015-19,196.58119528051094,1
ENLV,2020-02-24,0.3512075694243242,2020-22,1.411627262915122,0
ENPH,2015-12-16,0.20331949879074296,2015-19,1.3656497421153633,0
ENPH,2018-06-13,0.35555553436279297,2015-19,1.2728359176783663,0
ENPH,2019-05-01,0.225099625245887,2015-19,1.135945621101989,0
ENSC,2021-08-05,0.3716381418092909,2020-22,5.995975109040935,0
ENSC,2022-10-26,0.21052626028589172,2020-22,20.23169858455485,2
ENSC,2023-01-25,0.22156573005717228,2023-26,30.956440325213094,1
ENSC,2023-05-09,0.9156977014969729,2023-26,0.47513092535102724,0
ENSC,2024-01-23,0.3070175370106494,2023-26,6.6994598986165625,1
ENSC,2024-01-31,0.2951388836765487,2023-26,6.6994598986165625,1
ENSC,2024-08-27,0.7579908506781938,2023-26,5.256257339598346,1
ENSC,2024-10-22,1.5388349540781885,2023-26,6.270552646080141,1
ENSC,2025-04-23,1.262032089993196,2023-26,6.602800159984741,0
ENTX,2021-03-11,1.9062500162981446,2020-22,1.2133975903086622,0
ENVB,2018-01-10,1.845029239766082,2015-19,2.49791542753901,0
ENVB,2018-06-05,1.4472049689440993,2015-19,2.789510594381416,0
ENVB,2018-07-17,0.7796610169491525,2015-19,2.789510594381416,0
ENVB,2018-10-25,0.4400977995110025,2015-19,68.66126146181641,1
ENVB,2018-10-31,0.41638225255972694,2015-19,68.66126146181641,1
ENVB,2018-11-15,0.416058394160584,2015-19,39.65201007413507,1
ENVB,2020-11-30,0.22689655172413792,2020-22,16.756829833743218,1
ENVB,2021-03-10,0.7030716723549488,2020-22,28.07705327499912,1
ENVB,2023-05-18,0.4144736842105263,2023-26,3.5096505701133296,0
ENVB,2024-02-29,1.3706378373908281,2023-26,239.57222522578797,1
ENVB,2024-03-19,0.5454545454545454,2023-26,239.57222522578797,1
ENVB,2025-01-02,0.2011173487731781,2023-26,162.0767788981711,2
ENVB,2025-02-26,1.6016949540660335,2023-26,512.4570635057898,2
EOLS,2020-12-17,0.29427790224916417,2020-22,1.6467632385546715,0
EOLS,2021-02-19,0.48184355904869114,2020-22,1.6502437329825737,0
EOSE,2022-03-09,0.2662722085488154,2020-22,2.157383213492135,0
EOSE,2022-07-06,0.2539682975191411,2020-22,2.4610656943221896,0
EQ,2020-07-13,1.8213165638128435,2020-22,1.6677159938612571,0
EQ,2025-08-11,1.1800000667572021,2023-26,1.7806303734519722,0
ERII,2015-10-20,1.8821138384731597,2015-19,1.002310860794928,0
ERNA,2016-06-20,0.2638036809815951,2015-19,1.3606422965224678,1
ERNA,2018-12-07,0.2189054726368158,2015-19,1.008872601223663,0
ERNA,2020-06-17,0.3288888888888888,2020-22,35.49513233409178,1
ERNA,2020-08-13,0.6054054054054054,2020-22,35.085028760715325,1
ERNA,2020-09-21,0.20603015075376874,2020-22,35.29813545377905,1
ERNA,2021-04-06,0.7880085653104925,2020-22,19.300066783706118,0
ERNA,2024-12-04,0.3055555555555556,2023-26,2.2916592254247727,1
ERNA,2025-01-14,0.6451612903225807,2023-26,8.512290180579695,1
ESLA,2023-09-21,0.262857164655413,2023-26,16.690492419595692,0
ESOA,2023-12-18,0.21142850603376107,2023-26,1.00330333728995,0
ESTA,2024-09-27,0.20412620610864507,2023-26,1.0398780626673778,0
ESYN,2024-04-04,0.5477706708455015,2023-26,1.9960179497378492,1
ESYN,2024-04-23,0.3750000093132255,2023-26,1.9960179497378492,1
ESYN,2024-04-29,0.2197802105670883,2023-26,1.9960179497378492,1
ESYN,2024-11-27,0.6283185228277135,2023-26,1.454858284079523,1
ESYN,2025-01-27,0.21527772948697943,2023-26,1.6794982513575667,1
ESYN,2025-05-14,0.2809916557440748,2023-26,1.1544067691927613,0
ESYN,2025-09-02,0.6874999793039436,2023-26,1.1930084614909517,0
ETON,2023-08-11,0.28461539872299335,2023-26,1.007126074068322,0
EVAX,2024-01-23,0.5159792153706559,2023-26,18.505188430562423,1
EVAX,2024-01-24,0.8697394829411178,2023-26,18.505188430562423,1
EVAX,2025-01-24,0.914835052010291,2023-26,29.731031649028992,1
EVAX,2025-02-04,0.6374999627470985,2023-26,29.731031649028992,1
EVCM,2023-03-16,0.2734374775484738,2023-26,0.9843776189072724,0
EWTX,2024-09-19,0.35028843272550225,2023-26,1.1289948902601161,0
EXEL,2015-07-20,0.42455244229950395,2015-19,1.1749718771583646,0
EXTR,2017-03-30,0.2321981410437064,2015-19,1.0713838010095764,0
EYPT,2015-12-22,0.4864864864864864,2015-19,1.1617967482811598,0
EYPT,2018-03-29,0.2429906941884601,2015-19,2.1073919638374607,0
EYPT,2020-08-20,0.21153854265721184,2020-22,2.297612771089845,1
EYPT,2020-08-21,0.4736841929146012,2020-22,2.297612771089845,1
EYPT,2021-11-15,0.37401853572534716,2020-22,1.184617193043726,0
EYPT,2023-12-04,2.3282904017587427,2023-26,1.932940495899226,0
EZRA,2021-12-21,1.4622950819672131,2020-22,0.10985934878888116,0
EZRA,2024-04-04,0.34864864504261006,2023-26,8.570705575710155,1
EZRA,2024-06-18,1.9234233419233089,2023-26,12.979250708007028,1
EZRA,2024-06-20,0.34271097278394036,2023-26,12.979250708007028,1
EZRA,2024-12-23,2.2000001271565757,2023-26,5.76068874144343,0
EZRA,2025-06-17,0.21186440335509094,2023-26,13.979704300091747,1
EZRA,2025-06-18,0.4423962274930673,2023-26,13.979704300091747,1
EZRA,2025-09-15,0.972010144619369,2023-26,9.231344111232856,1
EZRA,2025-09-17,0.2371888585146642,2023-26,9.231344111232856,1
EZRA,2025-09-22,0.20816329655242827,2023-26,9.231344111232856,1
FABC,2015-04-09,0.26315783069424636,2015-19,3.373670228863271,1
FABC,2015-09-02,0.3225806385454437,2015-19,1.310301193763342,0
FABC,2018-02-20,0.24734981887602037,2015-19,13.138658143304387,2
FABC,2018-04-18,0.28125008692344267,2015-19,13.138658143304387,2
FABC,2018-12-17,0.26470586860331125,2015-19,15.055708108956281,1
FABC,2019-12-20,0.32203390926370923,2015-19,29.910190645616982,1
FABC,2020-05-06,0.31645563202320015,2020-22,38.67965821609611,1
FABC,2020-07-06,0.5229357945324713,2020-22,39.97112073643385,1
FAMI,2024-10-23,0.28125004850638513,2023-26,6.16001287766694,1
FATE,2015-05-06,0.7580645564443484,2015-19,1.39852728204583,0
FATE,2019-12-09,0.2991953277074688,2015-19,1.1541324359208627,0
FBIO,2016-12-29,0.3799127694747799,2015-19,1.0364483443272439,0
FBIO,2019-01-31,0.5337836967061464,2015-19,1.3842526500540187,0
FBIO,2019-04-18,0.5479453021174967,2015-19,1.2798674391255225,0
FCEL,2016-05-05,0.2007168166921791,2015-19,2.055547257154007,0
FCEL,2019-06-27,0.2222221829763662,2015-19,7.696041629450502,0
FCEL,2019-07-02,0.33333342163651314,2015-19,8.72855728102428,0
FCEL,2019-07-03,0.5999999768806226,2015-19,8.72855728102428,0
FCEL,2019-09-09,0.25,2015-19,1.9010879230180797,0
FCEL,2019-11-06,1.1481479998860302,2015-19,1.9010879230180797,0
FCEL,2019-12-27,0.2389379973312875,2015-19,2.560570917157583,0
FCUV,2021-09-01,0.21960781321806055,2020-22,1.0601511616003627,0
FCUV,2024-08-30,0.7421051828484786,2023-26,1.1520331517536602,1
FCUV,2025-01-03,0.3121388302902852,2023-26,1.0130186390805203,1
FEDU,2021-03-26,0.320895616926951,2020-22,0.9181888786982255,0
FEIM,2024-07-23,0.301980111075671,2023-26,1.0276082595104088,0
FEIM,2024-12-11,0.2799062461343196,2023-26,1.0172925162834585,0
FEMY,2023-06-26,0.3398692749348049,2023-26,1.872618429046509,0
FEMY,2023-07-27,0.6208791003655074,2023-26,1.4749932545632622,0
FEMY,2023-09-26,2.6746988116198036,2023-26,1.5191558129875018,0
FEMY,2023-09-29,0.23684207059009532,2023-26,1.5191558129875018,0
FEMY,2025-10-06,0.41269830937769125,2023-26,5.141932378619245,1
FET,2020-06-08,0.2884615490422451,2020-22,1.010643597070738,1
FGI,2025-05-09,0.2622951033251446,2023-26,1.0049144361287545,1
FGI,2025-09-16,1.7103274940399862,2023-26,1.0067559431187123,0
FGNX,2020-12-31,0.2141372141372142,2020-22,1.1702733549523496,0
FGNX,2025-09-17,0.24229075432755298,2023-26,19.177572006858586,1
FHTX,2021-12-13,0.5104254342002092,2020-22,1.1269921363302104,0
FIEE,2022-12-16,0.5294117647058822,2020-22,1.4130961707199832,1
FIEE,2024-06-21,0.46853145570636956,2023-26,2.215330237617046,0
FIEE,2025-07-03,0.378277139177154,2023-26,1.7356448950220116,0
FLD,2025-09-23,0.20876286569291924,2023-26,1.1771162512959519,0
FLGT,2019-11-05,0.22340430496720276,2015-19,1.2973330225607134,0
FLGT,2020-03-17,0.3422222843876592,2020-22,1.3389489371444088,0
FLGT,2020-08-05,0.31963622770003375,2020-22,1.351904079352286,0
FLNA,2015-05-12,0.2886598010542667,2015-19,1.0084320529209243,0
FLNA,2017-03-21,0.5882352057271747,2015-19,1.0460888343759316,1
FLNA,2018-10-03,0.2604167345756059,2015-19,2.4665219065986728,0
FLNA,2019-12-06,0.20555562987739862,2015-19,1.4854653208899316,0
FLNA,2020-09-14,1.1536145298604557,2020-22,1.6058532545794866,0
FLNT,2018-01-04,0.20000002676980544,2015-19,1.261639292420703,0
FLNT,2020-01-15,0.36073049418545367,2020-22,1.0617652392873644,0
FLUX,2020-09-29,0.37777776404172814,2020-22,1.3999886337137186,0
FLXS,2024-01-12,0.21420635987497438,2023-26,1.0130456348252719,0
FLXS,2025-08-19,0.24459651513046743,2023-26,0.7759424780112011,0
FLYE,2024-12-31,0.4626865671641791,2023-26,6.639088967971529,2
FNGR,2022-10-03,0.24925821398018688,2020-22,1.2274868795620182,0
FOSL,2020-11-12,0.2010050801130383,2020-22,1.0130510877667882,0
FOSL,2021-11-11,0.3143063824790735,2020-22,0.9940688920732123,0
FOXX,2024-12-05,0.6906249271240097,2023-26,0.9313243131023459,0
FRD,2018-06-29,0.24804995170628863,2015-19,0.9985733533216044,0
FRGT,2019-02-25,0.32812496009765546,2015-19,1.0,0
FRGT,2019-03-04,0.5169231082141534,2015-19,1.0,0
FRGT,2023-01-30,0.308641975308642,2023-26,13.309536449568983,1
FRGT,2024-02-26,0.21634615384615374,2023-26,25.834312686023786,2
FRGT,2024-04-26,0.2253829321663019,2023-26,25.834312686023786,2
FRMM,2021-03-26,0.6814310051107326,2020-22,1.8903732238954065,0
FRMM,2022-12-19,0.2791666398968613,2020-22,3.6951872115056235,1
FRMM,2022-12-27,0.5483870048487456,2020-22,3.6951872115056235,1
FRMM,2023-08-09,0.2658884257469687,2023-26,4.91670674417773,1
FRMM,2024-05-21,0.2222222568509189,2023-26,7.081855408010582,0
FRMM,2024-12-24,0.42245985541277986,2023-26,108.23899759180455,1
FRMM,2025-07-25,0.31455403769601586,2023-26,21.855428725091105,1
FRMM,2025-08-12,0.7904190570388585,2023-26,21.855428725091105,1
FRSX,2025-02-24,0.23042506524698858,2023-26,1.935168563862868,1
FTCI,2022-06-06,0.25188916392503313,2020-22,1.1912835608390733,0
FTCI,2024-09-11,0.5555555555555556,2023-26,1.1730240245891799,1
FTEK,2020-05-08,1.5319150217845467,2020-22,1.228418246342098,0
FTEK,2020-07-07,0.3181817873942949,2020-22,1.228418246342098,0
FTEK,2020-11-11,0.4078948235247615,2020-22,1.2251972063335166,0
FTEK,2020-11-23,0.251968549022052,2020-22,1.2251972063335166,0
FTEK,2020-11-24,1.152482381331588,2020-22,1.2251972063335166,0
FTFT,2019-10-17,0.5810810810810811,2015-19,1.3084899710781446,0
FTFT,2020-07-16,0.2723880597014925,2020-22,1.8202065861429073,0
FTFT,2021-01-07,0.375,2020-22,1.6569594575148772,0
FTFT,2021-12-30,0.22764227642276413,2020-22,1.0434868569716418,0
FTFT,2025-03-03,0.8999999761581421,2023-26,10.103457631360113,2
FTFT,2025-07-11,0.543046316835557,2023-26,676.4758903489939,3
FTH,2025-03-28,0.2064964914852483,2023-26,1.0633746306936336,1
FTK,2019-01-11,1.028368767143733,2015-19,1.0335593671245533,0
FTK,2021-12-28,0.3928571352545094,2020-22,0.9734923910113855,0
FTRE,2024-11-08,0.29362888467757564,2023-26,1.0301003344481605,0
FTRE,2025-05-12,0.2829267876644168,2023-26,1.0453038674033148,0
FUBO,2023-05-05,0.21428572949098124,2023-26,1.027512914295179,0
FULC,2021-08-10,0.585834352837519,2020-22,1.2537883435231136,0
FULC,2023-08-22,0.346938802817621,2023-26,1.0093528326248056,0
FWDI,2015-08-11,0.4153845860407903,2015-19,1.016286159466451,0
FWDI,2015-08-27,0.25966843958757857,2015-19,1.016286159466451,0
FWDI,2016-07-06,0.7826086956521738,2015-19,1.0157511031032636,0
FWDI,2018-01-19,1.0967742580528954,2015-19,1.0687179331967989,0
FWDI,2020-08-18,0.5912408423770548,2020-22,1.0521650694981493,0
FWDI,2024-10-04,0.37142862592424675,2023-26,78.52320335964413,0
FWDI,2025-09-08,0.864303108931521,2023-26,42.97968782101537,0
FWDI,2025-09-12,0.2935034531972154,2023-26,42.97968782101537,0
FXHO,2024-04-08,0.8918918918918919,2023-26,2.297810988633705,2
GALT,2021-04-14,0.3179722555495492,2020-22,1.0385237218190277,0
GALT,2021-07-09,0.4347826274746833,2020-22,1.0391870289101606,0
GAME,2025-07-09,0.21428574746084217,2023-26,21.34156271726839,1
GAME,2025-07-16,0.44701983879430296,2023-26,21.34156271726839,1
GBR,2017-03-27,0.3148148815872791,2015-19,1.0462270421082585,0
GBR,2017-04-04,0.4011299693773558,2015-19,1.0462265047369326,0
GBR,2018-06-28,1.1478873552771898,2015-19,2.519439255548164,0
GBR,2018-07-02,0.3981043575121799,2015-19,2.519439255548164,0
GBR,2018-07-03,0.348314664532722,2015-19,2.519439255548164,0
GBR,2019-09-16,0.43589749467913896,2015-19,1.0,0
GBR,2020-12-29,0.5254237721914494,2020-22,1.0,0
GCL,2025-05-21,0.24074072234424615,2023-26,1.0496992660263706,0
GCTK,2023-04-10,0.3025210084033614,2023-26,1.7258129578927055,0
GCTK,2025-01-13,0.21367521367521358,2023-26,189.33137168820792,2
GCTK,2025-02-04,0.32456140350877183,2023-26,404.2141875313798,2
GCTK,2025-06-25,1.3743961291327627,2023-26,372.1173493805346,2
GCTK,2025-06-27,0.2739463105009501,2023-26,372.1173493805346,2
GCTK,2025-07-21,0.665523144416897,2023-26,372.1173493805346,2
GCTK,2025-09-02,0.2962085946395969,2023-26,176.42935924661722,1
GCTK,2025-09-12,1.308008200684922,2023-26,176.42935924661722,1
GDC,2020-10-19,1.727272727272727,2020-22,1.6159174343457299,0
GDC,2021-02-09,0.2302325581395348,2020-22,1.3171642018690277,0
GDC,2022-10-06,1.392638036809816,2020-22,2.9211797616970014,1
GDC,2022-10-12,0.4242424242424243,2020-22,2.9211797616970014,1
GDC,2023-05-01,0.6000000000000001,2023-26,4.639822873382163,0
GDC,2023-11-20,0.3606060606060606,2023-26,2.48724981157357,0
GDC,2024-08-21,0.2441860465116279,2023-26,2.1149579392995648,0
GDC,2024-08-22,0.5816326530612246,2023-26,2.1149579392995648,0
GDC,2025-05-12,0.5340909090909092,2023-26,4.946693425832707,0
GDOT,2019-10-30,0.2814440228351687,2015-19,1.0320334394072939,0
GDOT,2025-05-09,0.2839080828942504,2023-26,1.0322550103561148,0
GDOT,2025-08-12,0.20644503263429237,2023-26,1.0287488036556438,0
GDYN,2025-02-21,0.2368164301697111,2023-26,1.08872507350608,0
GEG,2021-03-02,0.39999995853589976,2020-22,1.0375254140061199,0
GEG,2025-09-03,0.2812500174622987,2023-26,1.0723563959000009,0
GEOS,2025-06-23,0.21671016716441982,2023-26,1.0100454034652429,0
GETY,2023-04-24,0.5573122931919057,2023-26,1.026824277257008,0
GETY,2025-01-07,0.4396887719040117,2023-26,1.0162763014942793,0
GEVO,2015-05-07,0.453061224489796,2015-19,3.941794531276184,0
GEVO,2015-05-08,0.27472527472527464,2015-19,3.941794531276184,0
GEVO,2016-06-08,0.9166666666666667,2015-19,3.2336134999168453,1
GEVO,2016-09-07,0.22033898305084754,2015-19,4.872614025246673,1
GEVO,2018-06-18,0.47863249895207893,2015-19,11.096151238266218,1
GEVO,2019-02-27,0.2142857007699217,2015-19,1.7224920325173518,0
GEVO,2020-08-20,0.7636363774291737,2020-22,3.663229825520191,0
GEVO,2024-10-17,0.36888885498046875,2023-26,1.0118513807450562,0
GEVO,2025-08-12,0.3999999999999999,2023-26,1.0223207139765742,0
GFAI,2022-02-22,0.32189980984388167,2020-22,0.07636020492936416,0
GFAI,2023-01-03,0.2362205323079707,2023-26,242.87863261800507,1
GFAI,2023-02-06,0.26136365237314796,2023-26,242.87863261800507,1
GFAI,2025-01-06,0.4404145320945696,2023-26,1.3674889930325471,0
GHRS,2025-02-03,0.8867923849288515,2023-26,1.1922276875333533,0
GIII,2017-06-06,0.28707899281248883,2015-19,1.0104296787453282,0
GIII,2023-09-07,0.20155447931455628,2023-26,0.9598333824792379,0
GIPR,2025-10-03,0.21296297686253696,2023-26,3.419508934837452,1
GITS,2023-12-14,0.2293577911416127,2023-26,1.0,0
GITS,2025-05-30,2.1789473882342314,2023-26,1.249559754074443,0
GITS,2025-07-03,1.5276072991482534,2023-26,1.249559754074443,0
GKOS,2015-11-11,0.21748400180852445,2015-19,1.045104259114982,0
GKOS,2016-05-04,0.22546549335773314,2015-19,1.0585295630341502,0
GKOS,2018-08-29,0.3912947074225068,2015-19,1.0447983137715746,0
GLBS,2018-11-13,0.28025477707006363,2015-19,1.6315144316280317,1
GLNG,2021-01-13,0.23284317277477928,2020-22,0.984346609589641,0
GLSI,2020-12-09,2.09097904603767,2020-22,1.091877845317561,0
GLUE,2024-10-28,0.3067484746329938,2023-26,1.0610194668571875,0
GLUE,2025-09-15,0.5010394752768852,2023-26,1.381384373378282,0
GNLN,2024-08-12,2.848644273573452,2023-26,1965.6963811157116,2
GNLN,2025-05-02,0.22222222222222232,2023-26,453.36374692288655,1
GNLN,2025-05-21,0.5,2023-26,453.36374692288655,1
GNLN,2025-06-12,0.875,2023-26,499.85456317194064,2
GNPX,2018-04-27,0.2727272727272727,2015-19,1.1919263699497138,0
GNPX,2019-11-19,1.0671834625322996,2015-19,2.49994223192981,0
GNPX,2020-01-21,2.3333333333333335,2020-22,2.7307647628022846,0
GNPX,2020-01-22,0.6000000000000001,2020-22,2.7307647628022846,0
GNPX,2020-05-05,0.6190476190476191,2020-22,1.317411673316775,0
GNPX,2024-02-05,0.3384094754653131,2023-26,16.25501494729807,1
GNPX,2024-03-06,0.24271844660194164,2023-26,16.25501494729807,1
GNPX,2024-10-21,0.3317191641125632,2023-26,43.853692381746356,1
GNPX,2025-09-08,0.3391303865334734,2023-26,26.942532034150638,2
GNS,2023-01-13,0.3253011743637182,2023-26,2.666420455605724,0
GNS,2023-01-17,0.2658228459333032,2023-26,2.666420455605724,0
GNS,2023-01-19,0.585820856020536,2023-26,2.666420455605724,0
GNW,2016-08-03,0.2472727515480735,2015-19,1.001619183882946,0
GNW,2018-06-11,0.2808399442863956,2015-19,1.0056746737486415,0
GNW,2020-08-31,0.39662451586942304,2020-22,0.8541692215089243,0
GOGO,2020-06-05,0.2250804087767171,2020-22,1.3166944243730854,0
GOGO,2020-09-01,0.2071984600942487,2020-22,1.2926073653233594,0
GOGO,2025-05-09,0.2575958047401643,2023-26,1.0296032907528136,0
GOLD,2020-05-08,0.211387916491798,2020-22,1.5837747548514176,0
GOVX,2020-10-26,0.26315789473684204,2020-22,0.41339489313698924,0
GOVX,2021-01-11,1.1484848484848484,2020-22,1.860228306859702,0
GOVX,2021-08-20,0.7279069767441861,2020-22,3.9104311486223593,0
GOVX,2021-11-16,0.3652849740932642,2020-22,4.126738823741789,0
GOVX,2021-11-26,0.231958762886598,2020-22,4.126738823741789,0
GOVX,2022-05-23,0.4316546762589928,2020-22,3.714890693713169,0
GOVX,2022-07-25,0.7480314960629921,2020-22,3.7302236908460613,0
GOVX,2022-10-26,0.21281464530892458,2020-22,1.0788571212877378,0
GOVX,2024-06-18,0.22522522522522515,2023-26,11.67402657725029,0
GOVX,2024-06-27,0.2059553349875931,2023-26,11.67402657725029,0
GPCR,2023-09-29,0.7371228774320604,2023-26,1.4962875771360153,0
GPMT,2020-03-26,1.231111102634006,2020-22,0.9992145741614645,0
GPUS,2019-05-13,0.3888888243826696,2015-19,10.542852048212099,1
GPUS,2019-08-19,2.8834950615765864,2015-19,5.20404719312929,0
GPUS,2019-08-28,0.4583332567321996,2015-19,5.20404719312929,0
GPUS,2020-02-21,0.4805195110699063,2020-22,15.221598888762808,0
GPUS,2020-04-01,0.5714286425170627,2020-22,15.306430667145161,0
GPUS,2020-04-07,0.6000000000000001,2020-22,15.306430667145161,0
GPUS,2020-07-20,1.3737864294372866,2020-22,8.143583966079184,0
GPUS,2020-11-23,0.4319248881571158,2020-22,4.959909155397415,0
GPUS,2021-05-05,0.2075472035410253,2020-22,6.326968947613872,0
GPUS,2021-07-13,0.22608697495905572,2020-22,6.649216271982273,0
GPUS,2022-03-21,0.6428571739583566,2020-22,5.074722807096692,1
GPUS,2023-03-31,0.44444442294237185,2023-26,468.31102476769007,2
GPUS,2023-04-03,0.3000000435416992,2023-26,468.31102476769007,2
GPUS,2023-07-12,0.627272786655962,2023-26,519.2386968657496,1
GPUS,2023-09-05,0.20952380952380945,2023-26,170.78909134547246,1
GPUS,2023-10-09,0.2592592592592593,2023-26,5977.618197091536,2
GPUS,2023-10-23,0.3571428571428572,2023-26,5977.618197091536,2
GPUS,2023-10-24,0.25,2023-26,5977.618197091536,2
GPUS,2023-11-29,0.5,2023-26,482.8695406983442,2
GPUS,2024-02-27,0.9487179487179487,2023-26,19.01822414471207,2
GPUS,2024-04-19,0.33333333333333326,2023-26,1.7811114031781186,1
GPUS,2024-05-21,0.28205128205128216,2023-26,1.7811149576593832,1
GRCE,2021-05-07,0.39024391189445073,2020-22,1.9806494199958713,1
GRCE,2021-06-23,0.2592592320051923,2020-22,1.7061409829806855,1
GRCE,2022-12-22,0.20408159624317213,2020-22,1.2641301333241999,1
GRDX,2021-01-12,0.21343445287107254,2020-22,4.097332311810102,1
GRDX,2021-03-16,0.20064935064935074,2020-22,5.491445838991717,1
GRDX,2021-08-18,0.36053130929791277,2020-22,158.79187525630724,2
GRDX,2021-11-30,0.4391534391534391,2020-22,13.952671599878276,1
GRDX,2022-03-31,0.2314814814814814,2020-22,19.48500237116662,2
GRDX,2022-09-06,0.20125790187305181,2020-22,2.272160451420557,1
GRDX,2023-01-25,0.5837103343423773,2023-26,48.92288095877354,2
GRDX,2023-09-14,1.0942528371079714,2023-26,13.293888149722799,1
GRDX,2025-03-03,0.4727272829441691,2023-26,3.91250223494593,1
GRDX,2025-04-04,0.21281468047409113,2023-26,4.18811476691184,1
GRDX,2025-08-11,0.5342464873541264,2023-26,4.4890024170488925,1
GRI,2022-04-22,1.1415928887142481,2020-22,12.853475410240318,1
GRI,2022-12-14,2.0158729734601764,2020-22,7.643070638034986,1
GRI,2023-02-13,1.0129589547571984,2023-26,52.679678508079604,2
GRI,2023-08-23,0.3432834957061053,2023-26,90.11821216268416,2
GRI,2024-10-21,1.8793104229671536,2023-26,18.980163998651506,1
GRI,2025-04-01,1.9156249406614463,2023-26,94.380334933512,1
GRI,2025-09-11,0.35897436345296474,2023-26,24.335506032071656,1
GRML,2024-04-19,0.4080279890110772,2023-26,16.1974373279309,0
GRML,2025-06-09,2.502439173256479,2023-26,4.252401700530525,0
GRND,2023-08-15,0.21748400180852445,2023-26,1.0110637558707056,0
GRNQ,2020-05-27,1.1428571824423797,2020-22,1.1349184996702262,0
GRNQ,2020-08-18,0.256578947368421,2020-22,1.1328454022863885,0
GRNQ,2020-09-29,0.4509803921568627,2020-22,1.326244699170416,0
GRNQ,2020-10-05,1.2660550458715596,2020-22,1.326244699170416,0
GRNQ,2020-12-28,0.875,2020-22,1.3254606459403222,0
GRNQ,2021-01-08,0.3558558558558558,2020-22,1.3254606459403222,0
GRNQ,2021-08-20,1.052067285414818,2020-22,1.1737066045892608,1
GRNQ,2021-10-25,1.5647058823529414,2020-22,1.1749933692457786,1
GRPN,2025-03-12,0.2538382217030104,2023-26,1.0234245936845092,0
GRRR,2023-01-03,0.44512945935061343,2023-26,1.1037036952742636,0
GSM,2021-02-02,0.2463768366329111,2020-22,1.1070707802862605,0
GTBP,2020-12-22,0.2352941435287157,2020-22,6.642509576060719,1
GTBP,2021-03-09,0.29955950048414737,2020-22,6.977105126711455,1
GTBP,2024-12-23,0.8567335247467895,2023-26,14.122318656884755,0
GTBP,2025-02-25,0.21182269596921088,2023-26,14.122318656884755,0
GTE,2020-04-24,0.2500000212873734,2020-22,1.0,0
GTE,2020-06-08,0.3695652872493016,2020-22,1.0000278815102086,0
GTE,2020-12-08,0.3666666348775227,2020-22,1.0004440114151132,0
GTEC,2019-10-18,0.4727793273467271,2015-19,1.7565102040816327,0
GTEC,2020-11-10,0.47435904881579827,2020-22,1.1196348967944718,0
GTEC,2021-02-18,1.9311256426091061,2020-22,1.1155348162717693,0
GTEC,2021-06-16,0.2057205560141493,2020-22,1.1982642237039045,0
GTEC,2021-11-19,0.6819923536144121,2020-22,1.1062651331160176,0
GTEC,2024-08-16,0.22839506399956733,2023-26,1.279501829044476,0
GTEC,2025-03-27,0.7251909077705896,2023-26,1.4000593621110844,0
GTIM,2021-08-11,0.22666666242811417,2020-22,0.9635351731318711,0
GTX,2021-01-11,0.2261410035126672,2020-22,0.8513455490920964,0
GURE,2015-01-30,0.23728813559322037,2015-19,1.1880035887649296,0
GURE,2021-04-09,0.20430107526881724,2020-22,1.0474566733186783,0
GWAV,2017-12-29,0.29536679536679533,2015-19,1.4874573966306401,0
GWAV,2024-05-09,0.3620689655172413,2023-26,194.60646571947765,1
GWAV,2024-05-15,0.4222222222222223,2023-26,194.60646571947765,1
GWAV,2024-05-20,0.2142857142857142,2023-26,13.406154324535246,1
GWAV,2024-05-23,0.49367088607594933,2023-26,13.406154324535246,1
GXAI,2023-04-04,0.22097371454587833,2023-26,1.084221115590675,1
GXAI,2024-02-16,3.7058823162754964,2023-26,7.080642843315743,1
GXAI,2024-03-13,0.9906014682102446,2023-26,7.080642843315743,1
GXAI,2024-11-14,0.39999993422935964,2023-26,2.48137104535956,0
GXAI,2024-12-06,0.4014084997737122,2023-26,2.48137104535956,0
GXAI,2025-08-19,0.5545454555306553,2023-26,1.5083463034008928,0
GYRE,2016-12-15,1.074074074074074,2015-19,5.376419275193354,1
GYRE,2017-03-28,0.5553398255777204,2015-19,11.893215844229609,0
GYRE,2019-12-19,0.2809223985578473,2015-19,1.8352398317890743,0
GYRE,2022-05-23,1.5000000836556446,2020-22,1.1995984821069494,0
GYRE,2023-02-28,0.4166666777045642,2023-26,40.69058537310178,1
GYRO,2025-08-04,0.26271192861747417,2023-26,1.0,0
HCAT,2022-11-09,0.31993821310465,2020-22,1.0511275804899838,0
HCI,2021-03-01,0.21824781927128134,2020-22,1.2678013950539315,0
HCSG,2024-02-14,0.2579280729962077,2023-26,0.9987047017822241,0
HCTI,2023-07-12,0.9079754571704333,2023-26,1.3586297577884536,1
HCTI,2023-07-17,0.5013699203205517,2023-26,1.3586297577884536,1
HCTI,2024-02-08,0.22996511616360338,2023-26,10.49275695306049,0
HCTI,2024-05-03,0.34146347166543345,2023-26,87.83948180491274,0
HCTI,2024-10-28,0.7962003489328016,2023-26,319.06556050074994,1
HCTI,2025-02-18,0.6513570532791304,2023-26,4591.7795803196095,2
HCTI,2025-02-26,0.42368416842795487,2023-26,4591.7795803196095,2
HCTI,2025-03-12,0.35384617395865514,2023-26,4591.7795803196095,2
HCTI,2025-05-19,0.7500000797920301,2023-26,71.96984111448263,2
HCTI,2025-05-20,0.2222221339584527,2023-26,71.96984111448263,2
HCTI,2025-05-29,1.0,2023-26,71.96984111448263,2
HCTI,2025-06-11,0.4285713451969031,2023-26,547.7262389977484,2
HCTI,2025-06-12,2.666666401875358,2023-26,547.7262389977484,2
HCTI,2025-07-23,0.42105272211306444,2023-26,547.7262389977484,2
HCTI,2025-07-24,0.3599999771220297,2023-26,547.7262389977484,2
HCTI,2025-07-25,0.37037042641086115,2023-26,547.7262389977484,2
HCWB,2021-10-28,0.6061643767015357,2020-22,1.00412814960566,0
HCWB,2024-11-18,2.0881354514887986,2023-26,2.857075174163376,1
HCWB,2025-02-03,2.5215827700098936,2023-26,7.121628482097614,1
HCWB,2025-05-13,1.8790786737374021,2023-26,5.994646384529173,1
HCWB,2025-08-25,0.5850478453803998,2023-26,5.12079761778057,1
HDSN,2016-07-19,0.41160948772590955,2015-19,1.2629442234388022,0
HDSN,2018-12-03,0.4220182613314716,2015-19,1.000683788475954,0
HIND,2018-12-21,0.6768292682926829,2015-19,3.3210855688760854,1
HIND,2019-05-22,1.418181818181818,2015-19,3.221412946619879,1
HIND,2019-05-30,0.23893805309734506,2015-19,3.221412946619879,1
HIND,2020-12-07,0.4672897196261683,2020-22,2.288600972525248,0
HIND,2021-03-10,0.3531073446327684,2020-22,1.8608027410592423,0
HIND,2021-06-28,0.2649999999999999,2020-22,1.8655780579532992,0
HIND,2022-12-29,0.203125,2020-22,27.165871525966153,1
HIND,2023-01-03,0.43323442136498524,2023-26,27.165871525966153,1
HIND,2023-02-03,1.0857142857142859,2023-26,48.51230334465372,1
HIND,2023-10-12,0.8888888888888888,2023-26,11.972794948046994,1
HIND,2023-10-25,0.40776693275977594,2023-26,11.972794948046994,1
HIND,2023-12-13,0.5936254445571216,2023-26,3.1468546481521265,1
HIND,2024-05-29,1.0817306461540515,2023-26,27.881650451952908,1
HIND,2024-07-09,0.31372556504464044,2023-26,665.9547454522278,3
HIND,2025-02-19,0.2314814814814814,2023-26,984.8077678621542,2
HIND,2025-04-01,1.299169072250792,2023-26,984.8077678621542,2
HIND,2025-05-02,0.6194689986656436,2023-26,62.24169599675353,2
HIND,2025-09-17,0.5467328806391023,2023-26,2.605884593764318,0
HIPO,2024-03-06,0.24343011720630936,2023-26,1.0531574179352658,0
HKPD,2025-05-19,0.2745097810055186,2023-26,1.4863623636363636,0
HLF,2025-02-20,0.28647689791798636,2023-26,1.0214287696980693,0
HLIO,2025-08-05,0.20648330210013066,2023-26,0.9938691562648041,0
HLIT,2024-07-30,0.2604255676269531,2023-26,0.9779291824495879,0
HNRG,2024-11-13,0.2133971805371222,2023-26,1.0283430306908672,0
HNST,2024-03-07,0.33650790815480836,2023-26,1.149584073898369,0
HNST,2024-11-13,0.2062499441206478,2023-26,1.1072619115242746,0
HODO,2025-10-15,0.2079208318117427,2023-26,62.759838959036415,1
HOLO,2023-01-24,0.25462962962962954,2023-26,0.11692513397662581,0
HOLO,2024-02-07,1.4900662251655628,2023-26,1834.7712012581958,2
HOUR,2023-05-02,1.6582276551812543,2023-26,1.0013544348597008,0
HOUR,2024-12-24,0.46853145570636956,2023-26,1.0009350246105535,0
HOUR,2025-09-05,0.5634920349587236,2023-26,1.0008033478180456,0
HOVR,2024-06-10,0.7777776673988104,2023-26,1.7225244774603636,0
HOVR,2024-11-11,0.6931034854844702,2023-26,1.8007774154788954,0
HOWL,2024-10-21,0.31707322462763954,2023-26,1.1107051559732295,0
HPK,2022-04-13,0.21160883207058645,2020-22,1.1687873182500779,0
HQI,2019-04-09,0.38010197503027676,2015-19,2.909103569158216,0
HROW,2015-10-23,0.3902848379276769,2015-19,1.381390727006609,0
HROW,2017-08-16,0.21463417924634842,2015-19,1.0490412483370017,0
HROW,2018-01-30,0.3095238787922481,2015-19,1.2020708721205107,0
HROW,2024-05-14,0.20546814901528987,2023-26,1.008243982449049,0
HROW,2024-08-08,0.4322111100022996,2023-26,1.0428147112032191,0
HROW,2025-03-18,0.24056606705688255,2023-26,1.0453460560883845,0
HRTG,2024-03-12,0.23776227460524724,2023-26,1.0128760646717632,0
HRTX,2015-05-29,0.3967610904597514,2015-19,1.3178295625284548,0
HRTX,2023-11-15,0.3518518334553573,2023-26,1.013475287700676,0
HRTX,2024-12-04,0.6779661924460303,2023-26,1.2055795923008916,0
HSCS,2023-01-30,0.32183908045977017,2023-26,7.985092996129469,0
HSCS,2023-02-03,0.852112676056338,2023-26,7.985092996129469,0
HSCS,2023-11-08,2.3557047838993146,2023-26,8.976492952097706,1
HSCS,2023-11-15,0.23888884650336362,2023-26,8.976492952097706,1
HSCS,2023-11-22,0.23469389244597516,2023-26,8.976492952097706,1
HSCS,2024-09-24,0.39455776354943306,2023-26,2.9053560710221755,0
HSDT,2019-12-19,0.6428571428571428,2015-19,2.004454680023706,0
HSDT,2019-12-26,0.2843137254901962,2015-19,2.004454680023706,0
HSDT,2022-06-01,0.5684931506849316,2020-22,372.9103814199784,1
HSDT,2022-08-23,0.21272727272727265,2020-22,50.179551585798144,1
HSDT,2023-09-05,0.44986449864498645,2023-26,0.13174476082538242,0
HSDT,2024-02-06,0.2539007092198582,2023-26,8.650623299498621,0
HSDT,2024-03-04,0.4605263157894737,2023-26,8.650623299498621,0
HSDT,2024-04-03,0.2438162544169611,2023-26,6.905006790300858,0
HSDT,2024-05-03,0.34962406015037595,2023-26,6.905006790300858,0
HSDT,2024-10-16,0.22459893048128343,2023-26,8661.731627684836,2
HSDT,2024-12-20,1.1458333333333335,2023-26,8308.642948876823,2
HSDT,2025-01-15,0.25722543352601157,2023-26,8308.642948876823,2
HSDT,2025-01-21,0.6511318242343542,2023-26,11071.252949166508,2
HSDT,2025-06-11,0.7278106508875739,2023-26,7400.958097388219,2
HSDT,2025-07-21,0.5516855069143534,2023-26,7400.958097388219,2
HSDT,2025-09-15,2.214285637696223,2023-26,56.1228221306522,0
HTCO,2022-12-01,0.22920517560073939,2020-22,1.05549158,0
HTCR,2022-10-28,0.20529803332150598,2020-22,1.171647474514897,0
HTCR,2023-04-12,1.045454501120513,2023-26,1.0010293297074417,0
HTCR,2023-05-23,0.5468749173451228,2023-26,1.0010293297074417,0
HTOO,2024-02-16,2.433333260672433,2023-26,1.3195607429164042,0
HUMA,2024-12-20,0.67052027343441,2023-26,1.4879395433142366,0
HURA,2017-09-20,0.6085790884718498,2015-19,1.6646593339818425,0
HURA,2017-12-26,0.4390243902439024,2015-19,1.1871605863286494,0
HURA,2022-06-15,0.28342245989304815,2020-22,1.291089598364032,1
HURA,2022-08-03,1.056497175141243,2020-22,1.3324680977438697,1
HURA,2022-10-19,0.51,2020-22,1.0806001773403784,1
HURA,2024-02-20,0.2857142162044972,2023-26,0.0391622995643285,1
HURA,2024-03-13,0.3095237515989857,2023-26,0.0391622995643285,1
HURA,2024-04-03,1.1599999836512973,2023-26,0.0391622995643285,1
HURA,2024-05-30,0.25367645438331543,2023-26,0.02764351492704596,1
HURA,2024-09-26,0.24999995945262343,2023-26,0.03243911995189262,1
HYFM,2022-08-15,0.23376623376623384,2020-22,1.0100248532927476,0
HYLN,2025-05-21,0.4285714015398434,2023-26,1.0176590575848492,0
HYMC,2022-03-08,2.4242425315198397,2020-22,3.315138924712985,0
HYMC,2022-03-10,0.2841269694698585,2020-22,3.315138924712985,0
HYPD,2019-01-30,0.5209125916488297,2015-19,1.960157284233238,0
HYPD,2020-08-11,0.8873624744053736,2020-22,1.312085713509883,0
HYPD,2024-12-31,0.9911504508801285,2023-26,7.49422312362966,1
HYPD,2025-05-20,0.5752212202663811,2023-26,4.024539788436577,0
HYPD,2025-06-06,0.36624198042310185,2023-26,5.489906894288239,0
IA,2024-05-24,0.23647301789582365,2023-26,1.0063136996994062,0
IA,2025-05-15,0.2353741553089137,2023-26,1.016393402580243,0
IBEX,2025-09-12,0.27839789222315203,2023-26,0.9929877978559427,0
IBIO,2015-02-17,0.33333333333333326,2015-19,1.2245639347973527,0
IBIO,2017-07-12,0.41666666666666674,2015-19,2.0577840207897236,1
IBIO,2019-08-20,0.6285714285714286,2015-19,9.15052076243482,0
IBIO,2019-12-03,0.46153846153846145,2015-19,7.539941012207661,0
IBIO,2019-12-04,0.21052631578947367,2015-19,7.539941012207661,0
IBIO,2020-02-27,0.696969696969697,2020-22,2.8349450895726,0
IBIO,2020-02-28,1.1379310344827585,2020-22,2.8349450895726,0
IBIO,2020-04-28,0.5543478260869565,2020-22,2.85909893181949,0
IBIO,2020-06-24,0.26206896551724146,2020-22,1.8405735476651444,0
IBIO,2020-06-26,0.5652173913043479,2020-22,1.8405735476651444,0
IBIO,2021-01-22,0.21232876712328763,2020-22,1.1975430075081894,0
IBIO,2021-05-05,0.20930232558139528,2020-22,1.0099796013545321,0
IBIO,2021-05-07,0.4057971014492754,2020-22,1.0099796013545321,0
IBIO,2023-02-17,1.1733332316080731,2023-26,5.633798398823395,1
IBIO,2024-03-27,1.347826177095873,2023-26,4.741107883267236,0
IBIO,2025-06-24,0.380281758719887,2023-26,3.892860470137895,0
IBIO,2025-10-21,0.2247191583127519,2023-26,3.271861966815361,0
IBIO,2025-10-23,0.2230216296253098,2023-26,3.271861966815361,0
IBO,2025-03-21,0.5192307121125925,2023-26,8.921601597032852,0
IBO,2025-05-02,0.37499998822808256,2023-26,8.921601597032852,0
IBO,2025-06-23,1.9834258662545565,2023-26,8.921601597032852,0
ICU,2022-11-21,0.5979643765903309,2020-22,2.911865412544643,0
ICU,2022-12-29,0.24173027989821882,2020-22,2.911865412544643,0
ICU,2023-05-18,0.4915254237288136,2023-26,6.056293242530599,1
ICU,2023-09-29,0.7807486631016043,2023-26,6.00823187974393,1
ICU,2023-10-02,0.23863636363636354,2023-26,6.00823187974393,1
ICU,2023-10-03,0.4292565947242206,2023-26,6.00823187974393,1
ICU,2023-10-18,0.21192052980132448,2023-26,6.00823187974393,1
ICU,2023-10-19,0.4526588845654993,2023-26,6.00823187974393,1
IDAI,2022-04-28,1.9952381678989957,2020-22,1.0315188413983991,1
IDAI,2024-08-07,0.51239673967524,2023-26,0.25168001002645307,0
IDAI,2024-11-26,1.0055554838092267,2023-26,0.2265626029507052,0
IDAI,2024-11-27,0.9095890643606039,2023-26,0.2265626029507052,0
IDYA,2020-06-16,0.6268157240119747,2020-22,1.8876275629576675,0
IFBD,2024-02-15,0.29032262199420344,2023-26,32.50619844095193,1
IFBD,2024-02-27,1.1340579300136082,2023-26,32.50619844095193,1
IGC,2017-12-26,1.2121211820178575,2015-19,1.4105269316470548,0
IGC,2018-08-27,0.5633803490867855,2015-19,1.2753256339749623,0
IGC,2018-08-29,0.26515143236728966,2015-19,1.2753256339749623,0
IGC,2018-09-21,0.2558139199627756,2015-19,1.2753256339749623,0
IGC,2019-02-22,0.8421052549024037,2015-19,0.9932627579955774,0
IGC,2019-06-14,0.5294116657085512,2015-19,1.042385810254745,0
IGC,2020-11-30,0.30000003137086617,2020-22,1.236044108171134,0
IGC,2021-07-22,1.6554054162901104,2020-22,1.0707070725881842,0
IHT,2018-08-02,0.9375000582076622,2015-19,0.9719930130720005,0
IHT,2020-11-18,0.32105264313663495,2020-22,0.9882701032082203,0
IHT,2025-09-15,0.5,2023-26,1.2767814771421746,0
IKT,2024-10-09,0.2773108469228578,2023-26,10.071623926356532,0
ILAG,2023-02-28,0.24793387648105214,2023-26,1.0,0
ILAG,2024-02-09,0.523404284676259,2023-26,1.0,0
ILLR,2023-04-28,0.6331360836849795,2023-26,1.24865931030246,0
ILLR,2023-05-02,0.2920791966087062,2023-26,1.24865931030246,0
ILLR,2023-08-14,0.34482758986586104,2023-26,1.2126890905306422,0
ILLR,2023-09-08,0.2820875426048568,2023-26,1.2126890905306422,0
IMA,2024-12-23,0.22580638545443654,2023-26,2.780466562398184,1
IMAX,2020-11-09,0.2681895226851856,2020-22,1.0037516752767286,0
IMDX,2018-07-10,0.47540983606557385,2015-19,1.6515796497570687,0
IMDX,2019-01-29,1.2472527368879742,2015-19,1.5362571320200304,0
IMDX,2020-10-14,0.34246574447669076,2020-22,1.371458150754523,0
IMDX,2020-12-15,0.6273584320011343,2020-22,1.371458150754523,0
IMMP,2020-07-15,0.509090846038063,2020-22,1.534260598945016,0
IMMX,2022-05-19,0.2230769936149668,2020-22,1.0028958727625679,0
IMMX,2022-05-20,0.527607372282787,2020-22,1.0028958727625679,0
IMMX,2022-12-14,0.3835615946217996,2020-22,1.4265188786698593,0
IMNM,2021-02-18,1.6647165127897514,2020-22,1.1504279841379355,0
IMNM,2021-07-20,0.457331784223842,2020-22,1.1376932924288339,0
IMNM,2023-01-06,0.21656050375061264,2023-26,3.522994485129373,0
IMNM,2023-06-29,0.5025381292233573,2023-26,4.916437454287828,0
IMNN,2015-04-15,0.2781955602722601,2015-19,1.1721314547431603,0
IMNN,2017-06-16,0.614634214263198,2015-19,4.479244694256129,1
IMNN,2017-07-05,0.3019803199618114,2015-19,4.479244694256129,1
IMNN,2017-10-03,0.3377482889597945,2015-19,2.2429782973282553,0
IMNN,2017-11-21,0.7523365286378778,2015-19,1.1661957618755572,0
IMNN,2024-07-30,1.8235294985052275,2023-26,3.042186233717818,1
IMNN,2025-05-23,2.023809212946304,2023-26,3.499584491154187,1
IMPP,2022-01-28,0.9224138790966754,2020-22,40.748542910225844,0
IMPP,2022-02-22,0.3971487144107251,2020-22,40.748542910225844,0
IMPP,2022-02-23,0.287499984105428,2020-22,40.748542910225844,0
IMRN,2019-07-16,1.2320818473875388,2015-19,1.092294181541573,0
IMRN,2020-07-20,0.6483516779652871,2020-22,1.2746642876615484,0
IMUX,2015-08-31,0.4750733137829912,2015-19,1.334575656378326,0
IMUX,2019-04-05,0.24880386879667937,2015-19,12.077821473055717,1
IMUX,2019-04-12,0.35064935064935066,2015-19,12.077821473055717,1
IMUX,2020-08-03,0.27441858690838483,2020-22,1.7536640001496493,0
IMUX,2022-10-10,0.33333336544358083,2020-22,1.4770289672875785,0
IMUX,2023-10-10,0.20440252062725617,2023-26,2.0199179811954973,0
IMXI,2025-08-11,0.6395474774131789,2023-26,1.017772943008391,0
INAB,2023-04-24,1.4095238579644098,2023-26,1.7357937414372844,0
INAB,2023-12-12,0.23046870110556683,2023-26,2.2657296881979474,0
INBS,2021-06-11,0.27548209366391174,2020-22,1.202532489988388,0
INBS,2021-07-08,0.3016949152542372,2020-22,1.202532489988388,0
INBS,2021-09-01,0.4722222222222223,2020-22,1.202532489988388,0
INBS,2022-03-01,0.44782610907070874,2020-22,1.231330281252062,1
INBS,2023-01-23,2.816793967226023,2023-26,34.61871614484553,2
INBS,2023-01-24,0.2524271844660195,2023-26,34.61871614484553,2
INBS,2023-11-09,0.60792950092094,2023-26,5.8386946939914806,1
INBS,2023-11-10,0.471395989373842,2023-26,5.8386946939914806,1
INBS,2023-12-19,0.48056537499396224,2023-26,7.252493794351311,1
INBS,2024-02-02,0.7178423597748569,2023-26,7.252493794351311,1
INBS,2024-09-09,0.6139240311499001,2023-26,3.032532693582937,0
INDO,2025-06-13,0.3361582118768014,2023-26,1.1061680780455092,0
INDP,2021-09-15,0.6760960625372923,2020-22,330343.88,1
INDP,2025-06-23,1.0592592536527081,2023-26,258.5572100658912,1
INGN,2017-11-08,0.2172159517915342,2015-19,1.031252220553774,0
INGN,2018-05-01,0.22279123387029975,2015-19,1.0333940968544735,0
INGN,2024-08-07,0.2147239364307585,2023-26,1.140030200246115,0
INGN,2025-02-26,0.25420157628733,2023-26,1.1367052876276853,0
INHD,2024-04-29,0.315372403517179,2023-26,3.7338976044691417,1
INHD,2025-05-13,0.4025423555302008,2023-26,274.3276984238911,1
INHD,2025-07-07,0.2118643976474741,2023-26,156.14398794499363,2
INKT,2025-07-11,1.7257438089048875,2023-26,1.2865601786207717,0
INLX,2022-09-09,0.4145728862965028,2020-22,1.0,0
INM,2022-09-07,0.2954545454545454,2020-22,5.68274773770297,1
INM,2022-09-09,0.22209701528098114,2020-22,5.68274773770297,1
INM,2022-09-12,0.3611615621954214,2020-22,5.68274773770297,1
INM,2023-01-04,0.26696830392262205,2023-26,6.665085759622167,0
INM,2023-03-13,0.2857142857142858,2023-26,1.8198958234430904,0
INM,2023-03-20,0.27962082994613224,2023-26,1.8198958234430904,0
INM,2023-10-24,1.9310343863706132,2023-26,4.008257038132728,0
INM,2025-01-21,0.4626262727458559,2023-26,4.376510326459521,1
INM,2025-06-02,1.2289157307141632,2023-26,2.745279517820783,0
INM,2025-06-24,0.7183673290648298,2023-26,2.745279517820783,0
INMB,2020-07-14,0.9875705530384062,2020-22,1.6473227561908739,0
INMB,2025-06-27,0.48089170064194575,2023-26,1.2103537976436516,0
INO,2015-08-10,0.2326656829175322,2015-19,1.019850170579506,0
INO,2020-01-27,0.3207546292752368,2020-22,2.0761114192126238,0
INOD,2024-05-08,0.2833827763016734,2023-26,1.104074326622097,0
INOD,2024-11-08,0.24650780453516408,2023-26,1.0986412082844317,0
INSE,2020-04-17,0.43216074923337655,2020-22,1.0085345035147708,0
INSE,2020-04-27,0.21599998474121085,2020-22,1.0085345035147708,0
INSE,2021-03-11,0.21733503547131772,2020-22,1.1672260074169243,0
INSG,2017-06-08,0.2755101792567083,2015-19,1.2941128280661338,0
INSG,2023-05-04,0.20370368244553183,2023-26,1.08024416588554,1
INSM,2017-09-05,1.400325475310427,2015-19,1.2358577192607718,0
INTS,2023-12-08,1.1524999999999999,2023-26,1.0115483001160446,0
INTT,2017-03-10,0.2551020358513416,2015-19,1.0093273725831835,0
INTZ,2023-10-10,0.31428568703787674,2023-26,6.964655631917872,1
INTZ,2024-04-17,0.44782608380164435,2023-26,10.230550091917673,0
INTZ,2024-12-27,3.4888889654183117,2023-26,2.495393073081612,0
INTZ,2025-07-29,0.22580642680347784,2023-26,1.231808795082406,0
INUV,2018-11-05,1.682926891674109,2015-19,1.5111053197788618,0
INUV,2020-05-18,0.48484853520319016,2020-22,1.863278598360941,0
INUV,2020-06-09,0.2812499511055655,2020-22,1.8668436039450333,0
INUV,2021-01-19,0.46153846153846145,2020-22,1.2246551538914696,0
INUV,2021-03-02,0.24427471468758877,2020-22,1.0087091118536216,0
INVE,2015-04-16,0.3396648074456925,2015-19,0.9993372721948723,0
INVZ,2025-01-07,0.3618090578692208,2023-26,1.2638414026503297,0
IOVA,2019-05-16,0.3357079796472475,2015-19,1.0271009176262451,0
IPDN,2016-05-02,0.27868857584919815,2015-19,2.1547393489834157,1
IPDN,2018-05-03,0.22689070871196693,2015-19,1.1204306264466906,0
IPDN,2020-06-24,1.5604393692670815,2020-22,1.3792494484872997,0
IPDN,2020-11-27,0.20300750154470149,2020-22,1.2533111364936373,0
IPDN,2020-12-30,0.4014599292150891,2020-22,1.2533111364936373,0
IPDN,2025-04-11,0.28947372548798156,2023-26,4.917511749235718,0
IPDN,2025-06-30,0.9828571592058455,2023-26,6.936176125975423,0
IPDN,2025-08-06,0.25966853230308407,2023-26,6.936176125975423,0
IPDN,2025-08-29,0.5699482143714152,2023-26,5.78086221332865,0
IPHA,2020-01-02,0.2795030586808094,2020-22,1.0051670094490661,0
IPHA,2025-02-18,0.21649475540589536,2023-26,1.1179643011331841,0
IPM,2021-09-27,0.2518702479790904,2020-22,1.1341415846376182,0
IPM,2022-06-10,0.20512812675260572,2020-22,0.9374819371084552,0
IPM,2025-09-17,0.3367875615665039,2023-26,0.9782117263995284,0
IPST,2024-12-20,0.3452914798206279,2023-26,39.535385830670585,1
IPW,2022-02-15,0.39263807296994835,2020-22,1.1216465583300823,0
IPW,2024-05-15,0.21040725139002792,2023-26,1.0517021599402674,0
IPWR,2019-04-17,0.24390244469764633,2015-19,1.4263219596219208,1
IPWR,2019-10-16,0.8000000847710504,2015-19,0.20209334612072127,0
IPWR,2021-01-21,0.37650937809440377,2020-22,1.9842107987260822,0
IQST,2025-05-14,0.7373928798871425,2023-26,2.514676559135248,1
IRD,2019-04-16,0.6431226699902275,2015-19,0.998896029544149,1
IRD,2020-06-18,0.2758620434510446,2020-22,16.816307763275784,1
IRD,2021-06-30,0.40421054237767273,2020-22,1.8828914056795312,0
IRD,2021-11-24,0.4425287222449603,2020-22,1.2026841912661272,0
IRD,2025-06-02,0.7070707484248118,2023-26,1.8291299524228648,0
IRIX,2020-12-29,0.265560101117174,2020-22,1.1428346106436071,0
IRIX,2021-01-12,0.3671329472897351,2020-22,1.1428346106436071,0
IRON,2021-12-15,0.31687240041992015,2020-22,1.0050002154815392,0
IRON,2024-11-04,0.22193929232794218,2023-26,1.269947620856696,0
IRTC,2021-11-03,0.30442703547370287,2020-22,1.0232781688864063,0
ISPC,2021-11-22,1.315040650406504,2020-22,1.2521514964502132,0
ISPC,2024-05-23,0.21698118526485577,2023-26,5.495168235549026,1
ISPC,2024-06-06,0.30841127714882144,2023-26,5.495168235549026,1
ISPC,2024-07-11,0.23776227460524724,2023-26,12.191174944569262,1
ISPC,2024-10-21,0.5964913484168921,2023-26,14.920981709518745,1
ISPC,2024-12-20,0.22297298298690138,2023-26,10.150272636518231,0
ISPC,2025-02-24,0.3563218907393946,2023-26,1232.5414460487182,1
ISPC,2025-09-05,0.4850746406747233,2023-26,18.18691560103225,1
ITP,2020-04-29,0.3285714558192663,2020-22,4.490896682157765,0
ITP,2020-10-29,0.2749999761581421,2020-22,3.4736292880164474,0
ITP,2022-03-15,0.25,2020-22,1.0162473662265181,1
ITP,2024-12-31,2.4137932345643236,2023-26,1.685431634664293,0
IVDA,2022-04-06,0.2124183357915379,2020-22,1.6561882789172682,1
IVDA,2022-04-11,0.39908250409057366,2020-22,1.6561882789172682,1
IVDA,2025-10-02,0.26470589008710776,2023-26,4.306916785414242,0
IVF,2021-03-09,0.707395498392283,2020-22,2.440301096947751,0
IVF,2023-03-20,0.23518516006783696,2023-26,4.509352485343537,1
IVF,2023-06-26,0.5757575757575757,2023-26,5.591572370268357,1
IVF,2023-07-28,0.2765957677060349,2023-26,5.591572370268357,1
IVF,2023-10-23,1.7407407639975454,2023-26,2.014860825697586,0
IVF,2023-11-10,0.8922852423600556,2023-26,2.014860825697586,0
IVF,2024-04-17,1.6447366938733397,2023-26,9.401852184681836,1
IVF,2025-04-30,0.3540373200606086,2023-26,201.0423379437464,3
IVF,2025-07-22,0.43529405780867036,2023-26,99.72598226911249,3
IVT,2021-10-12,0.387191537916902,2020-22,0.9462007073312063,0
IVVD,2021-11-29,0.34434710706778193,2020-22,0.979602470650775,0
IVVD,2022-03-30,0.48831173013245555,2020-22,0.9955746775981835,0
IVVD,2023-12-18,0.2392637956047754,2023-26,1.0862832352661256,0
IVVD,2025-08-26,0.6874999800430879,2023-26,2.4534031087386494,0
IXHL,2024-02-28,0.6848341676351559,2023-26,1.1251547191782734,0
IXHL,2025-05-14,3.2000000934974837,2023-26,12.194709632783374,1
IZEA,2017-09-25,0.5687499706633394,2015-19,2.115792043394568,0
IZEA,2017-09-26,0.4000000196633884,2015-19,2.115792043394568,0
IZEA,2017-11-08,0.5902140182250954,2015-19,2.108334369481637,0
IZEA,2018-07-12,0.6880342528029149,2015-19,5.9309185416804855,0
IZEA,2018-08-17,0.509090846038063,2015-19,3.2359320505793434,0
IZEA,2018-09-11,0.42384113175247595,2015-19,3.2396513570888654,0
IZEA,2018-10-04,0.4774193756786278,2015-19,3.2396513570888654,0
IZEA,2019-01-03,0.2709359409201102,2015-19,2.8620106251694377,0
IZEA,2019-08-01,0.2623761700638485,2015-19,3.7751315791320463,0
IZEA,2019-08-16,0.22077924792250725,2015-19,1.4027727258055795,0
IZEA,2020-03-31,0.5691489201492717,2020-22,1.6856708799845828,0
IZEA,2020-04-17,0.3559321648634157,2020-22,1.6856708799845828,0
IZEA,2020-05-04,0.4155251458459679,2020-22,1.6856708799845828,0
IZEA,2020-05-06,0.25368740017540303,2020-22,1.6856708799845828,0
IZEA,2020-06-09,0.8412698022242182,2020-22,1.7636380533935274,0
IZEA,2022-03-31,0.24999991721577453,2020-22,1.004752470406627,0
JAKK,2022-07-28,0.4051522311009723,2020-22,1.052598338771041,0
JANX,2024-02-27,1.3701986762495566,2023-26,1.2802069942599303,0
JBIO,2024-10-31,0.26940640723806064,2023-26,55.77675261471199,1
JILL,2020-03-04,0.29069766152414456,2020-22,1.1022379261330089,1
JILL,2020-06-16,0.6005873289451711,2020-22,1.114909789233313,1
JILL,2020-07-16,0.7936507696227189,2020-22,1.1149943245218379,1
JILL,2020-09-01,1.197402661742239,2020-22,1.1149943245218379,1
JILL,2020-10-13,0.6058394384152967,2020-22,1.1142493870252912,1
JILL,2021-01-27,0.25419662431316015,2020-22,1.0482459705712668,0
JOB,2020-07-02,1.9215687007823403,2020-22,7.2064789461125525,0
JTAI,2024-03-15,0.6338879952348713,2023-26,54.58154500725092,1
JTAI,2024-07-30,0.4381270339712373,2023-26,60.12076547396737,1
JTAI,2024-10-10,0.4838708784184793,2023-26,35.9538151303176,1
JTAI,2024-10-11,0.280487800622653,2023-26,35.9538151303176,1
JTAI,2024-11-22,0.3201970801371614,2023-26,5.0304291020878695,0
JTAI,2024-12-24,1.21052646440417,2023-26,5.0304291020878695,0
JTAI,2025-02-14,1.259689850546036,2023-26,152.6958703727424,0
JZXN,2023-12-27,0.2000000180577386,2023-26,35.20949924107311,1
KALA,2022-08-31,0.2127659574468086,2020-22,1.7366347512721947,1
KALA,2022-11-09,0.2260536398467432,2020-22,1.7736258120261534,0
KALA,2022-12-28,0.596938775510204,2020-22,1.7736258120261534,0
KALA,2023-03-06,0.26567164179104474,2023-26,1.3905015810949917,0
KALA,2024-06-27,0.26086956521739135,2023-26,2.4928651417704675,0
KAPA,2025-01-13,0.34020624927754595,2023-26,1.6207442562477694,0
KAPA,2025-07-15,1.4525547532360288,2023-26,1.4195919609932268,0
KEQU,2025-06-26,0.28458499476374377,2023-26,1.0091833111250963,0
KIDZ,2025-05-01,1.0956521739130434,2023-26,8.987876690088193,1
KITT,2022-10-05,0.6521738791286154,2020-22,2.3205019826086954,0
KITT,2023-06-23,0.2070707109148069,2023-26,3.5402319417147696,1
KITT,2024-01-10,0.36518771843065867,2023-26,4.6100789706191305,1
KITT,2024-02-28,0.4084967226375842,2023-26,25.293074098270072,1
KITT,2024-05-13,0.2653061507814036,2023-26,20.382696377194033,1
KITT,2024-06-06,0.4275361667628095,2023-26,20.382696377194033,1
KITT,2024-06-11,0.5021645024586934,2023-26,24.50696294282013,1
KITT,2024-08-09,0.35937501954627615,2023-26,9.090539032138041,0
KITT,2024-12-27,0.24157296013117602,2023-26,19.25805953203095,1
KITT,2025-03-06,0.20867770660736196,2023-26,391.9101424508094,2
KLRS,2022-04-20,0.27541586883401226,2020-22,1.4322028535675317,0
KLXE,2020-05-04,0.41666665930806857,2020-22,1.7845735129327016,1
KN,2018-04-27,0.24663677973851694,2015-19,1.0105183016930939,0
KODK,2020-07-28,2.675572723311769,2020-22,1.8030218543987029,0
KOPN,2021-01-25,0.22767856620176108,2020-22,1.0845061034855428,0
KOS,2020-10-05,0.27184463996826014,2020-22,1.1146468473927293,0
KOSS,2020-12-29,0.6166666501098215,2020-22,1.2353820093935972,0
KOSS,2021-01-26,0.9483332633972168,2020-22,1.2353820093935972,0
KOSS,2024-05-13,0.2062499492429204,2023-26,1.0130743036447594,0
KOSS,2024-05-14,0.3592677832440072,2023-26,1.0130743036447594,0
KOSS,2024-07-03,0.2041284034934665,2023-26,1.0130743036447594,0
KPRX,2016-03-02,0.24083769633507845,2015-19,1.4211132483757571,0
KPRX,2016-11-18,0.2551724137931035,2015-19,1.7948036711902284,0
KPRX,2016-12-05,0.22699386503067487,2015-19,1.7948036711902284,0
KPRX,2017-01-30,0.22085889570552153,2015-19,1.8002780755826042,0
KPRX,2017-02-21,0.524390243902439,2015-19,1.8002780755826042,0
KPRX,2018-04-06,0.6692307228602801,2015-19,2.537526217234433,0
KPRX,2018-07-24,0.31092436974789917,2015-19,39.7013345981154,1
KPRX,2018-11-13,0.4903845721909519,2015-19,1.2555716135654373,1
KPRX,2019-06-03,0.5657369875652016,2015-19,1.5848403053823916,1
KPRX,2019-11-22,0.8496868780433071,2015-19,1.272323908416427,0
KPRX,2020-03-31,0.5253012375020918,2020-22,1.5341015463321486,0
KPRX,2020-08-12,0.2341463249227218,2020-22,2.7274528260087254,0
KPRX,2020-12-21,1.1540616305030662,2020-22,2.7347577297695684,0
KPRX,2021-07-27,1.048076925166939,2020-22,1.8410239518325953,0
KPRX,2022-08-25,0.7424242898598332,2020-22,22.18355780243179,1
KPRX,2023-02-07,0.6463413861953189,2023-26,22.994174432484456,0
KPRX,2024-02-01,0.37137687019173593,2023-26,3.5123226742825038,1
KPRX,2025-06-03,0.38596497538934593,2023-26,1.4744083887298935,0
KPTI,2020-03-02,0.43941239905137763,2020-22,1.1456102118604667,0
KRRO,2023-07-14,0.45749998092651367,2023-26,13.00462413860657,1
KRSA,2023-03-27,0.21281458937758324,2023-26,1.2453084894359536,1
KRSA,2024-11-27,0.5808822969605438,2023-26,1.4484040417756419,0
KRSA,2024-12-04,2.20496871914521,2023-26,1.4484040417756419,0
KRYS,2018-10-15,0.25960351254690384,2015-19,1.6716757215337656,0
KRYS,2019-06-24,0.2977702341720323,2015-19,1.3614404445327883,0
KRYS,2021-11-29,1.2908815323334628,2020-22,1.157822894377476,0
KTTA,2021-11-23,1.8823529259461118,2020-22,2.214405394881776,0
KTTA,2021-12-23,0.36054423534035496,2020-22,2.214405394881776,0
KTTA,2023-12-11,1.7666667302449546,2023-26,1.2155779753753764,1
KTTA,2024-09-26,0.8439532119198871,2023-26,7.129309890707713,0
KTTA,2025-02-05,0.7451924267252565,2023-26,19.693158784517387,0
KTTA,2025-04-10,0.7064219792175561,2023-26,9.219047464146739,0
KTTA,2025-05-06,0.5563381020688436,2023-26,9.219047464146739,0
KULR,2021-06-17,0.3127753498293784,2020-22,1.1379951871249225,0
KULR,2024-03-14,0.428571443776695,2023-26,2.223797645994703,0
KULR,2024-03-26,0.3030302729269483,2023-26,2.223797645994703,0
KULR,2024-11-25,0.4666667638001645,2023-26,1.705639260426919,1
KURA,2016-08-11,0.49541279386866166,2015-19,1.0003258181594905,0
KURA,2017-09-08,0.3649635783420142,2015-19,1.7795307529098994,0
KUST,2015-03-24,0.20604614160700074,2015-19,1.391914534520454,0
KUST,2015-12-10,0.22844827586206895,2015-19,1.0383072537086808,0
KUST,2016-07-08,0.2542372881355932,2015-19,1.082166630688003,0
KUST,2017-07-07,0.476923076923077,2015-19,1.3554087332657128,0
KUST,2017-10-20,0.38636363636363646,2015-19,1.8354305864133353,0
KUST,2020-02-04,0.8229166666666667,2020-22,4.265318800787642,0
KUST,2020-02-14,0.4831460674157304,2020-22,4.265318800787642,0
KUST,2020-04-06,0.2597402597402598,2020-22,3.214199805202625,0
KUST,2020-06-01,1.0178571428571428,2020-22,3.1942295302754182,0
KUST,2020-06-08,0.4133858267716535,2020-22,3.1942295302754182,0
KUST,2023-06-02,0.26884422110552775,2023-26,1.0452239091993971,0
KUST,2025-04-02,1.3333333333333335,2023-26,14280.454251845214,3
KUST,2025-05-08,0.3999999999999999,2023-26,0.3416563718781501,2
KWR,2020-11-09,0.22074377543544288,2020-22,1.0035276747271245,0
KYMR,2022-12-14,0.3156672270656087,2020-22,1.0113487487142696,0
KYMR,2025-06-02,0.3495276931068265,2023-26,1.2768914253239518,0
KYNB,2017-08-08,0.5089820359281436,2015-19,1.1845373171510123,0
KZIA,2020-08-07,0.8032786885245902,2020-22,1.3955019562758,0
KZIA,2022-08-05,0.3707865168539326,2020-22,1.6433893991970445,0
KZIA,2024-07-10,0.5789473684210527,2023-26,121.58882792356587,2
KZIA,2024-07-11,0.5373134328358209,2023-26,121.58882792356587,2
LAB,2015-10-30,0.2642276123342393,2015-19,1.011315158366719,0
LAKE,2020-02-28,0.364546867148722,2020-22,1.0025413306566182,0
LAKE,2020-06-10,0.4956303620366673,2020-22,1.0071108380791787,0
LASE,2025-08-19,0.8699186314231031,2023-26,3.514793274097008,0
LASE,2025-09-18,0.4214286024473157,2023-26,3.514793274097008,0
LASR,2023-05-05,0.24268698113605236,2023-26,1.0373940737735492,0
LASR,2025-08-08,0.3190034638831365,2023-26,1.1561286603877345,0
LCFY,2024-07-17,0.32293583311503804,2023-26,1.3016021733704244,0
LCTX,2019-12-24,0.5925925557996035,2015-19,1.0013169871082506,0
LCTX,2021-01-20,0.22177417261543453,2020-22,1.131459743033093,0
LE,2019-09-05,0.2649682071098791,2015-19,1.0072192202293124,0
LEDS,2016-07-07,0.5303031102137581,2015-19,1.2052943757248435,0
LEDS,2017-11-16,0.33802822682017286,2015-19,1.0045147809696338,0
LEDS,2018-04-11,0.6465115371299772,2015-19,1.0123332646976693,0
LEDS,2019-08-21,0.21621622202139212,2015-19,1.1162736851197335,0
LEDS,2020-01-21,0.21890550214333548,2020-22,1.1159178666013843,0
LEDS,2025-01-21,0.3214286297154283,2023-26,1.1406616546524568,0
LEE,2018-06-26,0.33333333333333326,2015-19,1.0137354431699057,0
LEU,2016-03-08,0.2302631764695917,2015-19,1.0,0
LEU,2016-03-22,0.5063291584930336,2015-19,1.0,0
LEXX,2021-07-21,0.271623660987212,2020-22,1.1658720475078816,0
LFMD,2025-03-11,0.27166272894465227,2023-26,1.0760402773319246,0
LFMD,2025-04-29,0.31639341942823784,2023-26,1.0760402773319246,0
LFST,2024-02-28,0.20298517150267337,2023-26,1.0271215315177162,0
LFVN,2025-01-08,0.3373859562100603,2023-26,1.0214071934333495,0
LFWD,2019-02-13,0.3076923568290122,2015-19,4.362185188338932,1
LFWD,2019-04-16,0.21301767261343074,2015-19,4.362185188338932,1
LFWD,2019-06-05,1.3885541575384588,2015-19,4.240992383951889,0
LFWD,2020-10-16,0.20689650582508645,2020-22,3.25987680022139,0
LFWD,2020-10-20,0.2690476087498721,2020-22,3.25987680022139,0
LFWD,2020-12-10,0.21864403218108075,2020-22,3.2567765754762648,0
LFWD,2021-11-05,0.37209294793578973,2020-22,1.3362973450265738,0
LFWD,2025-01-06,0.27443609674010094,2023-26,2.0131527156178097,0
LGCL,2025-01-29,0.31993006993007,2023-26,1.404558872741443,1
LGCY,2024-11-15,0.23214289515602404,2023-26,1.0585246919187588,0
LIDR,2023-07-28,0.2837838418355454,2023-26,1.5311040785618315,1
LIDR,2023-12-27,0.31981983288146565,2023-26,1.4563084488168176,1
LIDR,2024-03-18,0.23478259697753656,2023-26,3.066709789153776,1
LIDR,2024-05-10,0.23333330021964316,2023-26,2.957518392724319,0
LIDR,2024-12-27,0.4062499941792337,2023-26,4.933128971522196,0
LIDR,2025-06-30,0.2402235061011182,2023-26,2.4171520557717385,0
LIDR,2025-07-24,2.5663718821364037,2023-26,2.4171520557717385,0
LIMN,2025-08-22,0.3776978417266188,2023-26,129.0818940247975,1
LINC,2015-11-04,0.2777777851363761,2015-19,1.0415084701385806,0
LIND,2020-11-09,0.23609391982534444,2020-22,1.0065160057748959,0
LINK,2023-07-18,0.4767546144260093,2023-26,0.9949082659813003,0
LITB,2018-01-08,0.4193548841936239,2015-19,0.9910919611123814,0
LITB,2018-01-18,0.2347417889423178,2015-19,0.9910919611123814,0
LITS,2015-12-07,0.2207792014773282,2015-19,1.0766023899112065,0
LITS,2016-08-08,0.4161489873815267,2015-19,1.081478312578608,0
LITS,2020-04-14,0.8323352684735843,2020-22,1.0621998423621835,0
LIVE,2016-08-15,0.29565209519134616,2015-19,0.7207212902204291,1
LIVE,2016-12-28,0.20045992762163944,2015-19,0.693416925477835,0
LIVE,2018-01-18,0.29460016308286985,2015-19,0.985135209731191,0
LIVE,2021-01-13,1.4055999755859374,2020-22,1.017463629495073,0
LMND,2023-11-02,0.2599999687888406,2023-26,1.0211798542491446,0
LNAI,2020-06-08,2.2160193579216494,2020-22,1.0279272120302445,0
LNAI,2021-06-14,1.6938777134305893,2020-22,1.1078337136165841,0
LNAI,2025-01-06,0.2526997942494058,2023-26,1.5485466552627225,1
LNAI,2025-06-03,0.2758620434510446,2023-26,16.85866630694565,2
LNTH,2022-02-24,0.3264032560542125,2020-22,1.0094888231577726,0
LOCL,2023-03-29,0.5144766685543003,2023-26,1.0497526342905792,1
LOCO,2024-05-03,0.2639534189998973,2023-26,0.9663203182830807,0
LODE,2018-10-03,1.0,2015-19,2.2164100544024143,0
LODE,2018-10-04,0.2727272727272727,2015-19,2.2164100544024143,0
LODE,2018-10-16,0.26086956521739135,2015-19,2.2164100544024143,0
LODE,2020-01-08,0.3265305864269765,2020-22,1.6718690678754855,1
LODE,2020-08-17,0.7215190148471999,2020-22,1.6748853980113665,0
LODE,2021-02-01,0.6544117183008833,2020-22,1.9659211993136274,0
LODE,2024-08-08,0.6000000635782878,2023-26,2.0498715659447866,1
LODE,2024-12-27,0.23214289515602404,2023-26,2.449882441907985,1
LODE,2024-12-30,0.24637684965303874,2023-26,2.449882441907985,1
LONA,2024-11-01,0.37616812564346547,2023-26,1.0260018535681186,1
LOOP,2024-12-13,0.35772352129116647,2023-26,1.0150627475534941,0
LOVE,2020-04-16,0.4406779428146177,2020-22,1.0430156659361605,0
LOVE,2022-03-29,0.20415521394815772,2020-22,1.0060878378780436,0
LPCN,2016-10-07,0.24700243034262637,2015-19,1.160887886954423,0
LPCN,2017-06-20,0.2587064859904482,2015-19,1.143569020498052,0
LPCN,2018-02-27,0.25954192458410463,2015-19,1.1265494924949297,0
LPCN,2023-07-27,0.2534882854422509,2023-26,1.0271626653974881,1
LPTH,2020-02-07,0.38461549042245013,2020-22,1.0108580754178018,0
LPTH,2025-09-03,0.226069280653735,2023-26,1.6325871578726334,0
LQDT,2024-12-12,0.20388349514563098,2023-26,1.0088696881736883,0
LRHC,2024-02-22,2.6646433990895297,2023-26,3.283149085694678,0
LRHC,2024-06-25,0.6599999999999999,2023-26,6.845793484258515,1
LRHC,2024-10-23,0.6734693877551021,2023-26,8.113457588871489,1
LRHC,2025-04-24,0.43442622950819665,2023-26,345.57996694648375,3
LRHC,2025-07-03,1.7875,2023-26,455.39248289610606,3
LRMR,2022-08-12,0.21717174879544432,2020-22,2.4436137986330104,0
LRMR,2024-02-14,0.24027464948103305,2023-26,1.4582980334102227,0
LRN,2022-01-26,0.21370372065791376,2020-22,1.0075252629018203,0
LRN,2023-01-25,0.2659374475479126,2023-26,1.0061116365145408,0
LSF,2024-03-13,0.4086020781768105,2023-26,1.114343222983146,0
LSTA,2016-03-14,0.2530120481927711,2015-19,1.407450397039,1
LSTA,2017-03-17,0.5098039215686274,2015-19,1.1497772579205476,0
LSTA,2018-03-06,0.25646132387241183,2015-19,1.050641863568884,0
LSTA,2018-06-20,0.7216338307739529,2015-19,1.0888776133708615,0
LSTA,2021-01-20,1.1717790109278203,2020-22,3.120908217204011,0
LSTA,2022-09-14,0.27450978803310777,2020-22,2.015272158810763,1
LSTA,2022-09-15,0.39534887847157796,2020-22,2.015272158810763,1
LTBR,2018-01-22,0.7142857606255757,2015-19,3.0404280955467846,0
LTBR,2018-01-25,1.1395349765610505,2015-19,3.0404280955467846,0
LTBR,2018-06-20,0.4380952611621898,2015-19,1.660029264940133,0
LTBR,2024-10-21,0.32810272690985864,2023-26,2.217833494382817,0
LTH,2024-02-28,0.27053137166162156,2023-26,1.0671246767986344,0
LUCY,2022-10-07,0.8765430979531796,2020-22,1.7677516714092771,0
LUCY,2022-12-28,1.0435306750998996,2020-22,1.7677516714092771,0
LUCY,2023-04-11,1.6061642632114919,2023-26,1.6762508202370812,0
LUCY,2023-06-20,0.2237442787160704,2023-26,4.071069112207655,1
LUCY,2023-12-11,0.21111106872558594,2023-26,3.7813777386947782,1
LUCY,2024-05-24,0.2526881213904342,2023-26,3.792668119426508,1
LUCY,2024-06-28,0.5909091138971085,2023-26,7.074011577955741,1
LUCY,2024-08-29,0.8791540476488542,2023-26,2.912703612512408,0
LUCY,2024-10-29,0.6789297541521713,2023-26,3.406525278418204,0
LUCY,2025-05-14,0.5151515005559488,2023-26,2.568938593315263,0
LUCY,2025-06-20,0.27192988234984106,2023-26,3.5101866076932864,0
LVLU,2022-04-01,0.20058999152439516,2020-22,1.0225973867917035,0
LVO,2020-06-04,0.2768729572886872,2020-22,1.3171559292665094,0
LVWR,2025-05-28,0.4453125509317044,2023-26,1.0058732826743737,0
LWAY,2020-04-15,0.21229057125092776,2020-22,1.0012597492936568,0
LWAY,2024-08-13,0.22836756564720506,2023-26,1.02946254168231,0
LXEO,2025-10-07,0.2751159609783578,2023-26,1.5193409355574858,0
LXRX,2015-08-03,0.3258294000857176,2015-19,1.0026404059512966,1
LXRX,2015-11-06,0.3140417866789793,2015-19,1.0039913144559802,0
LXRX,2019-09-11,0.3720929394418204,2015-19,1.1054171248819078,0
LXRX,2020-07-21,0.304761968556448,2020-22,1.3506075391829817,0
LXRX,2020-11-17,0.7441860980894723,2020-22,1.2674692517905626,0
LXRX,2020-12-08,0.3583814327881496,2020-22,1.2674692517905626,0
LXRX,2025-03-28,0.857142820650217,2023-26,1.1720322033419828,0
LXU,2016-05-12,0.414380400784496,2015-19,1.1902152301911066,0
LXU,2019-07-30,0.2141057704423801,2015-19,1.0185421058801056,0
LZ,2022-08-12,0.22838947053285152,2020-22,0.9857664522588835,0
LZ,2025-08-08,0.28434888255460744,2023-26,0.9501548227290931,0
MAGN,2024-02-07,0.9765625358201004,2023-26,10.206951599420666,1
MARA,2017-06-26,0.23529406608594794,2015-19,4.986499138555932,1
MARA,2017-11-24,0.5825687807503908,2015-19,2.9172543770635593,0
MARA,2017-11-27,0.4621848887655078,2015-19,2.9172543770635593,0
MARA,2018-01-12,0.3020833624371644,2015-19,2.9172543770635593,0
MARA,2019-04-02,0.2456140130730764,2015-19,1.325830860103903,1
MARA,2020-07-27,0.3173077452112252,2020-22,11.778780299430851,0
MASS,2025-01-15,0.27272725083392313,2023-26,1.0734321868557748,0
MASS,2025-03-04,0.7676767506486069,2023-26,1.0580232212330187,0
MATV,2025-08-07,0.24203820543708243,2023-26,1.0094668950592893,0
MATX,2020-07-10,0.24232459503698967,2020-22,1.0089205168684308,0
MAZE,2025-09-11,0.31710360665090787,2023-26,1.2667741886343729,0
MBAI,2021-01-04,0.5695652086349106,2020-22,2.085070339586234,0
MBC,2023-05-10,0.2094906706041051,2023-26,0.9882799905482502,0
MBI,2023-12-08,0.6951219559472255,2023-26,0.9978609684017815,0
MBOT,2015-11-19,0.3478260976397036,2015-19,1.7932110065807287,1
MBOT,2016-08-16,0.21621619763965327,2015-19,26.089094180858,1
MBOT,2016-11-16,0.2990654057522837,2015-19,21.36879380412726,1
MBOT,2017-02-22,0.3586745574802275,2015-19,23.314465892699193,1
MBOT,2019-01-14,0.8749999254941969,2015-19,1.4476260184240488,0
MBOT,2020-08-17,0.43872548905027586,2020-22,1.0006860230373096,0
MBOT,2021-12-27,0.7140221090559997,2020-22,1.1100844624038408,0
MBOT,2023-05-22,0.5284552569745187,2023-26,1.7709534860037872,0
MBOT,2023-12-28,0.21212118201785746,2023-26,1.4463041361227342,0
MBOT,2025-01-06,0.29439245099969247,2023-26,3.966258652598598,0
MBOT,2025-04-09,0.28776976998181425,2023-26,1.932912846347143,0
MBRX,2017-06-21,0.3411764705882352,2015-19,1.563817731191104,0
MBRX,2017-09-26,0.2655601659751037,2015-19,1.3389417894784221,0
MBRX,2017-12-05,0.3131868131868132,2015-19,1.3497626496973727,0
MBRX,2018-02-15,0.43956043956043955,2015-19,1.3497626496973727,0
MBRX,2019-04-22,0.23423423423423428,2015-19,1.8657621634774824,0
MBRX,2020-02-05,0.2994350282485876,2020-22,3.7322356033651376,1
MBRX,2020-03-17,0.6499999999999999,2020-22,3.2063483862725612,1
MBRX,2020-03-19,0.7057569296375266,2020-22,3.2063483862725612,1
MBRX,2020-04-08,1.8952042628774421,2020-22,3.2063483862725612,1
MBRX,2020-07-15,0.286624203821656,2020-22,3.2184986012921843,1
MBRX,2020-07-21,0.3909090909090909,2020-22,3.2184986012921843,1
MBRX,2020-12-01,0.41025641025641035,2020-22,2.744956772611108,1
MBRX,2021-02-02,0.5765957446808512,2020-22,2.745076840686825,1
MBRX,2021-03-30,0.2189189189189189,2020-22,1.0047078821245288,0
MBRX,2025-02-13,0.6428571428571428,2023-26,44.441511112147495,1
MBRX,2025-02-14,0.5905511811023623,2023-26,44.441511112147495,1
MBRX,2025-07-09,0.20537430088897835,2023-26,34.77980848390064,1
MBX,2025-09-22,1.2399999618530275,2023-26,1.4335979074275047,0
MCB,2023-03-14,0.3630080593231937,2023-26,1.0238973875693773,0
MCHB,2019-10-22,0.23312452710329823,2015-19,0.8930464552381775,0
MCHB,2024-01-16,0.26833790778208844,2023-26,1.0058879678980206,0
MCRB,2020-08-10,3.338361992067732,2020-22,1.2027319409024546,0
MCRB,2024-01-09,0.2692306892876579,2023-26,1.3489287586991576,0
MCRB,2025-09-08,0.23192146846924233,2023-26,1.1355510322037519,0
MCRI,2025-07-17,0.22962451257374172,2023-26,0.9705473279424269,0
MDAI,2024-01-29,0.3653136515133333,2023-26,1.5575082890211496,0
MDAI,2024-03-12,0.22674410465022965,2023-26,1.5575082890211496,0
MDAI,2024-11-26,0.2595420215494004,2023-26,1.6509992724904836,0
MDGL,2016-04-14,0.4583333995607195,2015-19,3.090270468562496,1
MDGL,2017-12-06,0.5118790745890323,2015-19,1.2318879967156715,0
MDRR,2020-10-14,0.7339056198023726,2020-22,3.425917782091202,0
MDRR,2021-12-31,0.2549019562011037,2020-22,1.072162075495686,0
MEC,2021-09-13,0.24353443757674098,2020-22,0.9851938728989644,0
MEDP,2018-07-31,0.22137246762694063,2015-19,1.0095803016964229,0
MEDS,2025-05-08,0.5277777777777777,2023-26,120.96709005978066,1
MEGL,2023-01-05,0.23664127903019327,2023-26,1.0,0
MEI,2024-12-05,0.309216215223846,2023-26,0.9930343093072586,0
MESO,2020-08-14,0.5588483652238192,2020-22,1.1108767891432385,0
MESO,2025-07-18,0.24797402172646277,2023-26,1.0132000172907558,0
METC,2020-05-27,0.23664123560247097,2020-22,1.0771471916786681,0
MFI,2025-01-03,0.8543956747986889,2023-26,93.31414498992217,1
MFI,2025-02-25,0.4916665756040186,2023-26,93.31414498992217,1
MGNI,2018-03-15,0.290697669583182,2015-19,1.030278788948731,0
MGNI,2022-11-10,0.24567466226854529,2020-22,1.0334844583431548,0
MGNI,2024-05-09,0.21348321951033422,2023-26,1.0077622740563046,0
MGNX,2017-10-25,0.26991962864312113,2015-19,1.148392466914041,0
MGNX,2024-11-06,0.2175066779336836,2023-26,1.007888094357085,0
MGNX,2025-06-10,0.22256105605475263,2023-26,1.0096665220750256,0
MGPI,2019-02-27,0.2845935782595228,2015-19,1.002320066415075,0
MGRX,2023-10-19,0.20588239419006626,2023-26,2.2314565197882077,1
MGRX,2024-05-21,0.8616600567027848,2023-26,3.2825394271682296,1
MGRX,2024-10-01,0.7542373178152022,2023-26,6.975186387738861,1
MGTX,2019-01-31,0.28930820124927337,2015-19,1.34437546026105,0
MGTX,2021-10-18,0.24089633366313468,2020-22,1.0092698649674934,0
MGTX,2024-10-15,0.2607758777940321,2023-26,1.2402500916887398,0
MGTX,2025-03-13,0.20592826881178428,2023-26,1.0328602130879923,0
MGX,2025-01-22,0.22794113199913002,2023-26,1.0052536724042007,0
MIND,2020-12-16,0.2146892131788518,2020-22,1.0698149569626805,0
MIND,2023-05-15,0.24390244469764633,2023-26,10.195124455914673,1
MIND,2025-04-23,0.2132352638254944,2023-26,1.1404912602810167,0
MIRA,2023-09-18,0.20504726855046917,2023-26,1.1204235740958677,0
MIRA,2024-07-15,0.5551783180762979,2023-26,1.2901335068908255,0
MIRA,2024-07-22,0.9013061289318518,2023-26,1.2901335068908255,0
MIRA,2024-08-26,0.4270270653411883,2023-26,1.2901335068908255,0
MIRA,2025-04-16,0.4381270240743622,2023-26,2.499283439518858,0
MIRM,2019-12-16,0.39194141668035853,2015-19,1.118612072290428,0
MIST,2020-03-25,0.4117647223819081,2020-22,1.2152542379782625,0
MIST,2020-07-23,1.3233534216457663,2020-22,1.2152542379782625,0
MITK,2024-12-17,0.20337200755784401,2023-26,0.9807909393467696,0
MITK,2025-05-09,0.2928490125790828,2023-26,0.991103674474294,0
MITQ,2021-11-12,0.21851848287019937,2020-22,1.0302850301581061,0
MITQ,2022-02-09,0.25833327538437545,2020-22,1.0302850301581061,0
MITQ,2022-04-22,0.31304349719013325,2020-22,1.0260647568632562,0
MITQ,2022-05-17,0.28846161781683777,2020-22,1.0260647568632562,0
MITQ,2022-06-24,0.2962962227103181,2020-22,1.0260647568632562,0
MITQ,2023-02-01,0.23605159173569557,2023-26,0.9562727143146288,0
MITQ,2024-06-05,0.7142858115994217,2023-26,0.9752889683929008,0
MITQ,2025-01-15,0.36111108351636934,2023-26,1.0048768042356913,0
MITQ,2025-06-20,0.6274864730862919,2023-26,1.000744235846558,0
MKZR,2025-02-13,0.2944161935248131,2023-26,1.463568197127512,1
MKZR,2025-02-24,0.23316063097862405,2023-26,1.4138376396711108,1
MLGO,2022-12-13,4.55396370582617,2020-22,8.530034049586776,0
MLGO,2022-12-14,0.26097560975609757,2020-22,8.530034049586776,0
MLGO,2023-01-26,0.6896345116836429,2023-26,8.530034049586776,0
MLKN,2023-09-27,0.23864228646783436,2023-26,0.9136638852652531,0
MLSS,2018-12-12,0.20454539604916033,2015-19,1.4451955334199873,0
MLSS,2019-01-28,0.5000000372529025,2015-19,1.4607288109121523,0
MLYS,2025-03-10,0.343155845968913,2023-26,1.6534247971988398,0
MLYS,2025-09-02,0.4625323035621831,2023-26,1.3335340467566996,0
MNKD,2016-11-10,0.21276596608125264,2015-19,1.2244227782677344,1
MNKD,2017-04-07,0.23809520205312462,2015-19,1.4620054851596502,0
MNKD,2018-09-04,0.49999994581396057,2015-19,1.3491760455224677,0
MNKD,2025-09-02,0.3202613815519917,2023-26,1.0479496197768046,0
MNOV,2015-04-16,0.49572649979041583,2015-19,1.3104395348824929,0
MNOV,2015-07-27,0.30484328665242444,2015-19,1.3847743929963905,0
MNOV,2018-04-02,0.2524461698919427,2015-19,1.0521058089872042,0
MNOV,2020-04-09,0.23356014635981848,2020-22,1.1094849124192772,0
MNOV,2020-09-23,0.20216604571680596,2020-22,1.1052511436980865,0
MNOV,2021-03-10,0.7341550491473892,2020-22,1.091673930211211,0
MNOV,2021-06-21,0.3324468727630425,2020-22,1.005694347099701,0
MNPR,2020-06-16,0.33252277780086437,2020-22,1.1846430859569732,0
MNPR,2020-08-12,0.8449884124636629,2020-22,1.1719694392792517,0
MNPR,2021-01-28,0.6742424242424243,2020-22,1.1006216547299261,0
MNPR,2021-02-11,0.8988095238095237,2020-22,1.1006216547299261,0
MNPR,2021-03-30,0.21354172530549698,2020-22,1.0029907863727088,0
MNPR,2023-06-01,0.3087935112699831,2023-26,1.3341618679723117,0
MNPR,2023-08-08,0.21059604138011712,2023-26,1.2432476586814425,0
MNPR,2023-11-01,0.5395347888177033,2023-26,1.8638995599713264,1
MNPR,2024-02-20,3.1690961843783283,2023-26,2.0558416967120485,1
MNPR,2024-02-22,0.36842113188429493,2023-26,2.0558416967120485,1
MNPR,2024-09-12,1.1458332878020094,2023-26,1.8982643108581854,1
MNRO,2025-05-28,0.30775255789333134,2023-26,1.0438966305249093,0
MNTS,2022-04-07,0.3491525423728814,2020-22,1.150453200733429,0
MNTS,2023-05-12,0.2738095238095237,2023-26,13.577222786684256,1
MNTS,2023-10-16,0.20578778135048226,2023-26,0.26097134557111507,0
MNTS,2024-05-30,0.3096153846153846,2023-26,2.6189908630708056,1
MNTS,2024-10-09,0.6072289156626507,2023-26,13.237107347377504,1
MNTS,2024-12-17,0.27040819440569197,2023-26,13.237107347377504,1
MNTS,2025-02-10,0.23421058578702847,2023-26,56.08762722334352,2
MNTS,2025-06-30,0.2269503196884013,2023-26,82.08760758165137,1
MNTS,2025-08-13,0.7027027261091727,2023-26,82.08760758165137,1
MOB,2023-02-21,0.6903225588128661,2023-26,0.9965424454973554,0
MOB,2023-03-01,0.23780487140043371,2023-26,0.9965424454973554,0
MODD,2023-08-17,0.23469386762105038,2023-26,1.542840963670661,0
MOLN,2022-01-10,0.23198060997031544,2020-22,1.1161892329176597,0
MOVE,2025-05-19,0.20588224651079678,2023-26,1.7178699360362362,1
MOVE,2025-07-15,0.32181798552113405,2023-26,28.931328951871027,1
MOVE,2025-08-29,0.8365695209634798,2023-26,28.931328951871027,1
MPAA,2016-08-09,0.20669017317181138,2015-19,1.006318037545878,0
MPAA,2019-01-08,0.20230010501883977,2015-19,1.0082900289444972,0
MPAA,2019-11-12,0.23000001907348633,2015-19,1.004837795112781,0
MPAA,2025-02-10,0.3339130567467732,2023-26,0.9809659670733499,0
MRAM,2020-05-08,0.24999998137354873,2020-22,1.0346532136681723,0
MRAM,2021-11-12,0.2097264635929752,2020-22,1.0374430204595448,0
MRCY,2024-11-06,0.20327584212039596,2023-26,1.0078417625606648,0
MRCY,2025-02-05,0.2413874984694535,2023-26,1.005587609502946,0
MRDN,2022-03-17,0.22427743829341473,2020-22,1.283953721716769,0
MREO,2020-02-10,0.20512824627539739,2020-22,3.460131165063091,0
MRKR,2021-03-19,0.23333337571885848,2020-22,1.7299010629899338,0
MRKR,2021-03-22,0.20661156373421008,2020-22,1.7299010629899338,0
MRKR,2022-08-05,0.8181818444538382,2020-22,1.053749482037427,1
MSAI,2023-12-21,0.942748093270219,2023-26,5.871076524645203,0
MSAI,2025-01-07,0.575,2023-26,2.644175691742537,0
MSN,2025-01-07,0.3409090385703013,2023-26,1.0,0
MSN,2025-08-21,0.21212118201785746,2023-26,1.0,0
MTC,2020-05-26,1.4545454545454546,2020-22,1.2516193323368212,0
MTC,2023-05-01,0.20771143227437228,2023-26,2.3388918328197175,0
MTC,2023-05-11,0.2307692484037418,2023-26,2.3388918328197175,0
MTEX,2018-05-18,0.2012579144473745,2015-19,0.8808312963290529,0
MTEX,2021-05-28,0.217073207948266,2020-22,0.9268848629366834,0
MTNB,2018-09-24,0.2958434724376475,2015-19,1.7207283158013504,0
MTNB,2018-10-01,0.28260869565217384,2015-19,1.7207283158013504,0
MTNB,2018-10-18,0.30597012446825533,2015-19,1.7207283158013504,0
MTNB,2019-11-15,0.22222222222222232,2015-19,1.2243420334907387,0
MTNB,2023-10-11,0.7419354838709677,2023-26,1.1706892730385263,1
MTRX,2021-01-13,0.22240395493354526,2020-22,1.0122096223323516,0
MTRX,2024-09-10,0.2024069319807993,2023-26,1.018884098516388,0
MTVA,2018-06-29,1.1049618320610688,2015-19,1.0454460526223297,0
MTVA,2019-07-25,0.5277777777777777,2015-19,28.788702617821528,1
MTVA,2021-01-06,0.2208258689980518,2020-22,1.6188402030838043,0
MTVA,2021-07-20,0.44680857482972014,2020-22,1.2025417048130316,0
MTVA,2022-09-12,0.48550725001880535,2020-22,43.6721004017325,1
MTVA,2022-09-15,0.6239619420506657,2020-22,43.6721004017325,1
MTVA,2022-10-27,0.31442667122098444,2020-22,43.6721004017325,1
MTVA,2022-11-09,0.23999994451349438,2020-22,43.6721004017325,1
MTVA,2022-11-23,0.30000000722480547,2020-22,5.967917413440828,0
MTVA,2024-02-01,0.21100917139305908,2023-26,1.7839335237152096,1
MUX,2021-01-29,0.20833333333333326,2020-22,1.1586077684979692,0
MUX,2021-02-01,0.2644627858165778,2020-22,1.1586077684979692,0
MVIS,2020-05-01,0.257142838977632,2020-22,1.2283754583587385,0
MVIS,2020-05-04,1.0227273597533393,2020-22,1.2283754583587385,0
MVIS,2020-05-05,0.5363636594830137,2020-22,1.2283754583587385,0
MVIS,2025-07-28,0.2461538070287459,2023-26,1.4564057391777063,1
MVST,2023-05-10,0.24427485986992892,2023-26,1.0252015257963414,0
MVST,2024-11-13,1.6629834727181958,2023-26,1.0134877383093865,0
MWYN,2025-08-01,0.9111111935274123,2023-26,1.1841678939444367,0
MWYN,2025-09-10,0.49999993069227466,2023-26,1.1841678939444367,0
MX,2020-03-31,0.3176971754668201,2020-22,1.3313850351389052,0
MXC,2018-07-03,0.33333333333333326,2015-19,1.001423476364893,0
MXC,2020-06-08,0.2356496142877127,2020-22,1.017890701050797,0
MXC,2020-07-22,1.6630137022093239,2020-22,1.017890701050797,0
MXC,2020-09-29,0.45060237170754003,2020-22,1.03994772974356,0
MXL,2025-07-24,0.2924281743784807,2023-26,1.0414868206196983,0
MYGN,2025-08-06,0.3410853257611097,2023-26,1.0279975113447444,0
MYO,2017-11-07,0.6674529181775009,2015-19,2.0358033442801156,0
MYO,2019-08-21,0.43661978767716625,2015-19,6.426828854191208,1
MYO,2020-02-04,0.22314047306973572,2020-22,9.737728136113923,1
MYO,2020-02-05,1.309468862863393,2020-22,9.737728136113923,1
MYO,2020-02-06,0.4693877551020409,2020-22,9.737728136113923,1
MYO,2020-02-19,0.21794872690592948,2020-22,9.737728136113923,1
MYO,2020-04-08,0.22311832143579768,2020-22,1.9841047580529945,0
MYO,2020-05-01,0.30445545314048017,2020-22,1.9841047580529945,0
MYO,2020-07-06,0.2568305455622779,2020-22,2.0362858314633816,0
MYO,2020-09-16,0.33769639340713953,2020-22,1.8682449159674164,0
MYO,2021-01-26,0.23431733635599983,2020-22,1.5005181383337685,0
MYO,2021-02-16,0.22770917093258225,2020-22,1.5005181383337685,0
MYO,2022-11-30,0.44499171749944333,2020-22,3.758564538705505,0
MYO,2025-03-11,0.33573143159548113,2023-26,1.1201412112023676,0
MYRG,2019-03-07,0.20012914314239194,2015-19,1.0073081117341747,0
MYSE,2022-03-28,0.24698796911152376,2020-22,1.0324862677069873,0
MYSE,2023-01-10,0.3882681274044981,2023-26,1.0211575537692368,1
MYSE,2024-07-15,0.8846154904224501,2023-26,1.3987599893531082,0
MYSE,2024-11-06,0.9497207172696571,2023-26,1.4170364888651257,0
MYSE,2025-01-07,0.2142857490406085,2023-26,1.4170364888651257,0
MYSE,2025-03-25,0.7175925420022324,2023-26,1.436974488332781,0
MYSZ,2017-02-13,0.4077922077922078,2015-19,1.674537537548062,0
MYSZ,2017-11-30,0.5279878971255674,2015-19,1.6228695833179532,0
MYSZ,2018-01-08,0.5060240963855422,2015-19,1.6228695833179532,0
MYSZ,2018-01-12,0.2818791946308725,2015-19,1.6228695833179532,0
MYSZ,2019-07-25,0.3866666666666667,2015-19,3.6343000890146513,1
MYSZ,2020-06-17,0.290909090909091,2020-22,5.783884806442571,0
MYSZ,2022-05-13,0.44999999999999996,2020-22,37.6169119442205,1
MYSZ,2022-08-16,0.3618676638512619,2020-22,2.386103799849608,1
MYSZ,2022-12-08,0.6599999745686849,2020-22,2.0634505336889895,1
MYSZ,2024-12-20,3.111111179791359,2023-26,3.054427674583039,0
NAII,2016-09-20,0.20275594985775602,2015-19,1.0827516062887668,0
NAK,2020-05-29,0.2000000207320507,2020-22,1.2035830269009502,0
NAKA,2024-12-03,0.20175440944719858,2023-26,73.58471853337429,0
NAKA,2025-02-12,0.2728551365387297,2023-26,115.43639054343338,0
NAMS,2024-12-10,0.34989197527367666,2023-26,1.244513035499627,0
NB,2025-04-16,0.2352940497077145,2023-26,3.109630440300261,0
NBR,2020-03-10,0.27450980392156854,2020-22,1.0198421954612797,1
NCEL,2025-01-31,0.5303030507368243,2023-26,15.184212233762247,1
NCEL,2025-02-10,0.3422459549421033,2023-26,15.184212233762247,1
NCMI,2022-05-18,0.2068965517241379,2020-22,2.1291320522627406,0
NCMI,2024-03-19,0.2274881720085049,2023-26,0.9719642184982322,0
NCNA,2020-03-02,1.2360097323600971,2020-22,1.5756366991295356,0
NCPL,2022-12-13,1.158273313601979,2020-22,2.0478624610767593,0
NCPL,2023-12-15,0.2676056143439369,2023-26,13.626350705328989,1
NCPL,2024-07-22,0.5480769413412367,2023-26,17.203036290000984,1
NCTY,2018-01-16,0.48,2015-19,4.555185097098296,1
NCTY,2019-03-05,0.764102564102564,2015-19,0.8302731071353013,0
NDRA,2018-07-12,0.2612244897959184,2015-19,1.8920700775192218,0
NDRA,2022-04-08,0.38702460850111864,2020-22,1.4375858415325191,1
NDRA,2024-06-17,0.21153846153846145,2023-26,119.36951386410182,2
NDRA,2025-04-23,0.2025931903635927,2023-26,2.2069055678186027,0
NDRA,2025-07-08,2.0662425018322783,2023-26,2.6677398067992026,0
NDRA,2025-10-13,0.5169752924030937,2023-26,1.9924650118564473,0
NEO,2025-08-29,0.21775307718690673,2023-26,0.9945565141575825,0
NEON,2024-08-20,0.2812500174622987,2023-26,1.0851096377683789,0
NERV,2019-06-24,0.836879419832345,2015-19,1.0558455271430291,0
NERV,2023-06-28,0.34883719456579887,2023-26,1.3095792605248537,0
NEUP,2023-08-07,0.41216213966710535,2023-26,2.0969856597699525,0
NEUP,2023-08-28,0.23529409320327344,2023-26,2.0969856597699525,0
NEUP,2023-09-28,4.807106697278914,2023-26,2.0969856597699525,0
NEUP,2024-11-05,1.7591621854827846,2023-26,0.009074539882642039,1
NEUP,2024-12-24,2.359683716867101,2023-26,0.020749754807356233,1
NEUP,2025-10-24,0.5555555293916523,2023-26,2.2952596545743513,0
NEXM,2025-07-16,0.26315790125969896,2023-26,1.6619714681260556,1
NEXR,2023-01-23,0.21333334470151688,2023-26,1.0537967954044336,1
NEXR,2023-02-22,0.25000002896106577,2023-26,1.0537967954044336,1
NEXR,2024-01-04,0.35238088245760224,2023-26,1.4116002145597903,0
NEXT,2020-07-15,0.3684209719112246,2020-22,1.0137044467270298,0
NEXT,2021-03-26,0.23076924957937472,2020-22,1.009664518921221,0
NEXT,2021-06-07,0.20491802798135095,2020-22,1.0533459980147484,0
NEXT,2021-06-08,0.2385057238956665,2020-22,1.0533459980147484,0
NEXT,2023-06-14,0.27095513362129453,2023-26,1.7232344267386854,0
NGNE,2015-08-07,0.3687151129677866,2015-19,1.6045755932501065,0
NGNE,2015-09-14,0.23232902332967975,2015-19,2.1835245120800626,0
NGNE,2023-03-09,0.28113202216914845,2023-26,6.035029978681337,2
NGNE,2024-11-04,0.2192315724120959,2023-26,1.1921087691314187,0
NIXX,2023-04-20,0.3106430504856781,2023-26,1.2747496598651313,1
NIXX,2023-06-06,0.5112037268340133,2023-26,1.2747496598651313,1
NIXX,2023-08-15,0.2719644388376721,2023-26,0.18601359666967754,0
NIXX,2024-10-17,2.1898735476082694,2023-26,7.516229541978413,0
NIXX,2025-02-27,0.48101256367794143,2023-26,2.06378064781211,0
NKTR,2023-08-07,0.4716981245244374,2023-26,0.9682346089171368,0
NKTR,2024-03-04,0.23076921822913432,2023-26,0.9755361736464104,0
NKTR,2025-06-24,1.0880503308120275,2023-26,2.751934637606235,1
NKTX,2022-04-25,0.864864839985539,2020-22,1.4826481962002025,0
NMAD,2021-02-26,0.7506630945450943,2020-22,0.20503283023754473,0
NMAD,2022-01-05,1.2296296578866466,2020-22,1.2118706795203729,0
NMAD,2022-04-12,1.272727272727273,2020-22,1.2118706795203729,0
NMAD,2024-03-27,0.7654867373335119,2023-26,1.1932983296951483,0
NMAD,2024-10-29,0.648855099373232,2023-26,2.536000248967452,0
NMAD,2025-07-03,0.495049509624911,2023-26,5.998742210535179,0
NMG,2024-02-15,0.2307692484037418,2023-26,2.500023709484079,0
NMTC,2022-08-03,0.25000003311369245,2020-22,1.4770885073591715,0
NMTC,2022-11-21,0.2500000473052739,2020-22,1.4783456119327554,0
NNOX,2024-02-15,0.9559747357283803,2023-26,1.1035568549672035,0
NNVC,2019-02-26,0.35714287336180894,2015-19,2.136084372886721,1
NNVC,2020-05-12,0.3572432401292196,2020-22,1.5499124343257442,0
NNVC,2020-07-08,0.38728327682491503,2020-22,1.2680480546676953,0
NNVC,2021-09-14,0.20638811801520007,2020-22,1.0075619295958278,0
NNVC,2021-09-21,0.3799472484734292,2020-22,1.0075619295958278,0
NOG,2020-06-08,0.27659579648751587,2020-22,1.629770291391132,1
NRXP,2020-12-14,0.30978718209773937,2020-22,21.87687641216825,0
NRXP,2020-12-22,0.3617886178861789,2020-22,21.87687641216825,0
NRXP,2021-03-29,0.5568141815186831,2020-22,24.78992367502628,0
NRXP,2021-05-07,0.3255739288112589,2020-22,24.78992367502628,0
NRXP,2021-07-19,0.467136202785732,2020-22,25.16191399435021,0
NRXP,2021-11-29,0.49629629629629624,2020-22,1.1501602660403005,0
NRXP,2023-12-18,0.29498517127912827,2023-26,1.441153274003339,1
NSIT,2018-05-03,0.21470506589017613,2015-19,1.0092016933533636,0
NSPR,2015-08-06,0.24,2015-19,3.836813652513257,1
NSPR,2017-01-10,0.296028880866426,2015-19,1.1696634374419739,0
NSPR,2018-03-27,0.3088235294117647,2015-19,41.70630439868417,1
NSPR,2019-11-26,0.3253012251229839,2015-19,10.172367092896858,0
NSPR,2020-06-10,0.42857149344723533,2020-22,27.358562403921724,1
NSPR,2020-09-08,0.44117647883801325,2020-22,3.6320203925569,1
NSPR,2021-01-05,0.34090916808314997,2020-22,3.3780926162276006,1
NSPR,2021-04-19,0.24390243524221966,2020-22,1.0594434921394085,1
NSYS,2019-11-13,1.2000000693581323,2015-19,1.000081285087122,0
NSYS,2020-08-28,0.5277778112259508,2020-22,1.001053609931026,0
NTGR,2024-09-12,0.23477713116571697,2023-26,0.9903773254044349,0
NTHI,2025-07-10,0.2594458599644154,2023-26,1.3631508038986742,0
NTRB,2021-12-31,0.8030688773253907,2020-22,0.8641627354985111,0
NTRB,2023-07-14,0.24999995032946476,2023-26,1.4165674090244664,0
NTRB,2024-03-27,0.21710529411598634,2023-26,1.423970050362881,0
NTRB,2025-01-22,0.26487525994946814,2023-26,1.0962254815672527,0
NTRB,2025-04-30,0.2500000209875517,2023-26,1.089815011801415,0
NTRB,2025-06-02,0.26153843219463635,2023-26,1.089815011801415,0
NTRP,2018-10-24,0.2666666666666666,2015-19,1.7017882391335684,0
NTRP,2020-08-25,0.6265060490145711,2020-22,2.673926143335739,0
NTRP,2021-03-15,0.4790418942826371,2020-22,1.7998218830170858,0
NTRP,2023-09-07,0.7294332644265853,2023-26,2.6389396988483775,1
NTRP,2023-10-13,1.5619833114881496,2023-26,2.6389396988483775,1
NTRP,2024-01-03,0.6172413458580364,2023-26,2.0408650180735317,0
NTWK,2015-12-21,0.21093748195562534,2015-19,1.0660111016661034,0
NUAI,2025-06-12,0.9230769462802266,2023-26,7.638227544611439,0
NUAI,2025-09-22,0.2077205322431528,2023-26,4.101664598692778,0
NUAI,2025-09-23,0.3640856971435922,2023-26,4.101664598692778,0
NUS,2025-02-14,0.38317757148175136,2023-26,0.9679029605324353,0
NUTX,2025-04-01,0.38209657000062935,2023-26,1.1564228047240763,0
NUTX,2025-05-14,0.21496068950387848,2023-26,1.1564228047240763,0
NUWE,2021-03-02,0.2618421564114368,2020-22,3.8513797212049443,0
NUWE,2022-08-31,0.9047619047619047,2020-22,17.69154208270835,1
NUWE,2022-12-29,0.3424209378407852,2020-22,21.570209614783877,1
NUWE,2023-06-20,0.2730375426621161,2023-26,40.12145257562149,1
NUWE,2024-05-07,0.8823529411764706,2023-26,22.508386823207957,1
NUWE,2024-11-04,0.6397059712485085,2023-26,50.3560492331622,1
NUWE,2024-11-11,0.25966856810745464,2023-26,15.928227641354486,1
NUWE,2025-07-16,1.7391304347826089,2023-26,1225.7648012590803,2
NVAX,2024-05-10,1.2416109458774867,2023-26,1.15360568436893,0
NVCR,2024-10-16,0.20697403012988524,2023-26,1.0347863455343493,0
NVCR,2024-12-02,0.4096805743213019,2023-26,1.0349398973769608,0
NVCT,2024-03-14,0.22925310782563946,2023-26,1.3301153751086734,0
NVNI,2024-01-10,0.3664596291687712,2023-26,1.24591902231706,0
NVNI,2025-01-24,0.45637592741629396,2023-26,2.9035653589228003,1
NVNO,2019-03-14,0.6494252873563218,2015-19,1.3574440251337938,0
NVNO,2021-08-03,0.2709284795762814,2020-22,1.1136236311149725,0
NWTG,2025-01-30,0.3050847110604018,2023-26,75.46169533415828,1
NWTG,2025-02-12,0.2907267723144449,2023-26,75.46169533415828,1
NWTG,2025-03-13,0.7685185191998702,2023-26,75.46169533415828,1
NWTG,2025-04-07,0.2768817106097099,2023-26,1.07093469020514,0
NX,2024-09-06,0.20675781429820916,2023-26,0.9708958358861316,0
NX,2025-06-06,0.2170859597043866,2023-26,0.999017013319686,0
NXL,2024-06-20,0.22115376738636883,2023-26,2.3422018131496785,0
NXL,2025-10-08,0.9509595848134378,2023-26,37.46173230434637,1
NXPL,2016-05-17,0.22222222222222232,2015-19,3.0033016145725386,0
NXPL,2021-06-10,0.2942345817404317,2020-22,1.5044180999070291,0
NXPL,2021-07-06,0.6452205420881008,2020-22,1.5044180999070291,0
NXPL,2024-04-12,0.6599999745686849,2023-26,1.386574695656985,0
NXTS,2023-05-05,0.4176245701819885,2023-26,2.9868423889292064,1
NXTS,2023-08-07,0.8641390258662973,2023-26,4.159911418344444,1
NXTS,2023-12-07,0.9023255582211083,2023-26,7.777403050358457,0
NXTS,2024-09-12,0.28205124110403035,2023-26,22.811669421098443,1
NXTS,2024-10-22,0.33061225683013507,2023-26,22.811669421098443,1
NXTS,2025-01-02,0.7741936476248015,2023-26,8.323013012440047,1
NXTS,2025-05-05,1.1978798788760017,2023-26,10.043432093725249,1
NXTT,2024-02-08,0.25,2023-26,166.18801164132825,0
NXTT,2025-08-29,0.24137931034482762,2023-26,64.56605192943353,1
NXXT,2023-05-08,0.6339285311346146,2023-26,1.3948254285754365,1
NXXT,2024-02-22,0.2903225982874196,2023-26,65.56238219116817,1
NYC,2023-09-27,0.4276527996743402,2023-26,1.1448165078279136,0
OCC,2018-06-11,0.2666666507720947,2015-19,0.9693956706203739,0
OCC,2024-12-23,0.21428574672361766,2023-26,1.079038784751587,0
OCC,2025-07-08,0.25966853230308407,2023-26,1.0745941570772382,0
OCG,2024-02-16,0.24666661734532824,2023-26,4.856471257852502,0
OCGN,2017-01-12,0.34868425565633454,2015-19,1.8007618995966783,0
OCGN,2019-01-04,0.3586956568686708,2015-19,15.481318797825368,1
OCGN,2019-04-08,1.1711712266428544,2015-19,33.377663823338956,1
OCGN,2019-04-09,0.27167626818240254,2015-19,33.377663823338956,1
OCGN,2019-10-09,0.2343750611180453,2015-19,102.7656383032736,1
OCGN,2019-11-27,0.3074434727558055,2015-19,10.124176670259954,0
OCGN,2020-12-22,0.6088435046598566,2020-22,1.2293415595116979,0
OCUL,2016-02-17,0.4520766485996679,2015-19,1.1626365564390695,0
OCUL,2016-08-04,0.2785714593874369,2015-19,1.1706357746682015,0
OCUL,2016-10-13,0.2678288546031298,2015-19,1.1859620659967376,0
OESX,2019-01-16,0.22222222222222232,2015-19,1.023164491303813,0
OESX,2019-05-20,0.21476515737354762,2015-19,1.0235709612189818,0
OFAL,2025-07-23,0.29479772291228556,2023-26,27.437536617774988,1
OGEN,2015-06-10,0.44999999999999996,2015-19,1.3575360021563925,0
OGEN,2018-03-08,0.2068965517241379,2015-19,9.356568293348564,0
OGEN,2018-04-25,0.22222222222222232,2015-19,9.356568293348564,0
OGEN,2018-09-24,0.375,2015-19,3.896454232623324,0
OGEN,2018-10-01,0.20869565217391295,2015-19,3.896454232623324,0
OGEN,2018-10-02,0.38749999999999996,2015-19,3.896454232623324,0
OGEN,2019-04-26,0.29166666666666674,2015-19,1.0002710773304904,0
OGEN,2020-05-04,0.43999999999999995,2020-22,2.5070733852239977,0
OGEN,2020-05-19,0.33333333333333326,2020-22,2.5070733852239977,0
OGEN,2020-10-06,0.30000000000000004,2020-22,1.9079577798622362,0
OGEN,2020-12-23,0.33333333333333326,2020-22,1.9079577798622362,0
OGEN,2021-01-07,0.7580645161290323,2020-22,1.9079577798622362,0
OGEN,2021-07-27,0.4920634920634921,2020-22,1.0065422980313454,0
OGEN,2022-01-04,0.2127659574468086,2020-22,1.0090640041102865,0
OGEN,2024-12-19,0.27272736030067524,2023-26,10.239086752457283,1
OGEN,2025-02-05,0.892857183404522,2023-26,10.651296030027806,1
OLB,2020-10-22,0.23167847313988643,2020-22,1.7625262499989773,0
OLB,2021-02-10,0.7127516573707529,2020-22,2.3867979079404176,0
OLB,2021-11-02,0.7124182104831867,2020-22,2.0211631789005513,0
OLB,2022-02-02,0.31746032386780443,2020-22,1.4243888985483542,0
OLB,2023-06-13,0.2537313220388875,2023-26,1.1715158885086407,1
OLOX,2019-07-12,0.9040246526867746,2015-19,40.35730642029032,1
OLOX,2020-03-31,0.8446601358852917,2020-22,7.536188066199411,0
OLOX,2020-05-05,0.4008872115453008,2020-22,7.536188066199411,0
OLOX,2020-09-25,0.960526486244236,2020-22,1.3944403735190094,0
OLOX,2020-10-16,0.7970296838268822,2020-22,1.3944403735190094,0
OLOX,2023-03-30,0.24223597461981172,2023-26,0.7978661212297782,1
OLOX,2024-03-08,0.22692306225116443,2023-26,7.752387022788826,1
OLOX,2024-05-02,0.2727272727272727,2023-26,8.308684726221,0
OLOX,2024-05-03,0.3242320903539062,2023-26,8.308684726221,0
OLOX,2024-10-25,0.2333333151681083,2023-26,179.5406584172185,1
OLOX,2024-12-02,0.5912862662098659,2023-26,82.87968988711557,1
OLOX,2025-01-15,2.4814812787112257,2023-26,82.87968988711557,1
OLOX,2025-05-28,1.1699818344881905,2023-26,130.48693849358614,2
OLOX,2025-08-06,1.1709845446078395,2023-26,104.93219062686778,2
OLOX,2025-08-08,0.3298610317762283,2023-26,104.93219062686778,2
OLOX,2025-10-10,0.7129628822909282,2023-26,104.93219062686778,2
OMER,2015-08-18,0.6632302711823681,2015-19,1.0371494541291018,0
OMER,2018-03-22,0.5249140443696143,2015-19,1.0150303883251572,0
OMER,2020-08-10,0.4437366916707517,2020-22,1.146322950518796,0
OMER,2021-12-02,0.22287389188675588,2020-22,1.0030019218362851,0
OMER,2023-02-06,0.32686084741681176,2023-26,0.923683742144809,0
OMER,2024-12-19,0.30160857754618586,2023-26,1.2234814950053288,0
OMEX,2018-03-22,2.500000094112598,2015-19,1.099343876809387,0
OMEX,2024-09-18,0.6330645476253738,2023-26,2.706516646936173,0
OMEX,2025-04-16,0.21563986364377885,2023-26,2.008588246150371,0
OMF,2015-03-03,0.28759196538934484,2015-19,1.1734539828504715,0
OMH,2024-02-13,3.266129032258065,2023-26,1.0353387804579395,0
ONCO,2022-08-17,0.37254901960784315,2020-22,1.5454995118563952,0
ONCO,2023-02-14,0.21367521367521358,2023-26,1.4428279833023123,0
ONCO,2023-06-14,0.8987341772151898,2023-26,1.4032105469954879,0
ONCO,2024-01-25,1.7432432432432434,2023-26,17.785153176997646,1
ONCO,2024-05-17,0.3120567375886525,2023-26,6754.776714360337,2
ONCO,2024-07-18,0.5436241610738255,2023-26,6754.776714360337,2
ONCO,2024-09-27,0.8688524590163935,2023-26,178.12185308826724,2
ONCO,2024-12-31,1.4485125858123569,2023-26,15.992891393503395,1
ONCO,2025-01-27,0.45833333333333326,2023-26,183.64713383213973,2
ONCO,2025-04-08,0.375,2023-26,183.64713383213973,2
ONCO,2025-07-31,0.25856697819314634,2023-26,4.451361006484856,2
ONCY,2021-02-17,0.5481727116865898,2020-22,1.192276146284639,0
ONDS,2023-08-08,0.2045454319679385,2023-26,1.284740622472865,0
ONDS,2024-11-29,0.29181087163991704,2023-26,4.76707808315675,0
ONDS,2024-12-02,0.2296748015495511,2023-26,4.76707808315675,0
ONDS,2025-01-03,0.22813683594082868,2023-26,4.76707808315675,0
ONDS,2025-03-11,0.6231085978593487,2023-26,4.418136911178581,0
ONFO,2023-05-26,0.5726495726495726,2023-26,0.9994520757035691,0
ONIT,2016-07-28,0.2441860241612286,2015-19,1.0554260249025877,0
ONIT,2020-05-08,0.25,2020-22,1.0072537284404617,1
ONIT,2020-07-17,0.43076921120668077,2020-22,1.0628613565484186,1
ONMD,2024-01-29,1.4070451526782959,2023-26,0.953421874274525,0
ONMD,2024-05-23,1.8571427528781745,2023-26,1.2897510734796338,0
ONMD,2025-06-24,0.7941176702613235,2023-26,1.9273517505003808,0
ONMD,2025-10-06,0.3932038666402169,2023-26,1.2861615761679188,0
ONT,2025-08-07,0.3135780610877943,2023-26,0.995208732996432,0
OPAD,2025-08-25,0.3214286598955789,2023-26,1.5801786456456133,1
OPCH,2017-03-03,0.21232872238345424,2015-19,1.0555020156916357,0
OPHC,2020-06-17,1.1191490302856537,2020-22,1.5285420724894456,0
OPHC,2020-06-19,0.31746030784908763,2020-22,1.5285420724894456,0
OPK,2020-03-06,0.35436895114108746,2020-22,1.0068396840433367,0
OPK,2023-03-08,0.2075472080058265,2023-26,0.9020375497246533,0
OPK,2023-06-28,0.24096384590432418,2023-26,0.9025759685605559,0
OPRT,2024-04-23,0.2000000211927626,2023-26,1.0851115442830535,0
OPRX,2023-11-06,0.29210842906583734,2023-26,1.107165926258322,0
OPRX,2025-05-13,0.25000002591506343,2023-26,1.0148558291241636,0
OPRX,2025-08-08,0.26557630894769324,2023-26,1.0145929177718134,0
OPTT,2017-04-24,0.885245980236532,2015-19,2.9063887591946527,0
OPTT,2019-03-12,0.20967745656897807,2015-19,0.4072646993052805,0
OPTT,2019-04-03,0.7219999313354493,2015-19,0.4072646993052805,0
OPTT,2019-05-13,0.22072072217201466,2015-19,0.7533468485399503,0
OPTT,2019-08-23,0.45341608284349544,2015-19,3.2261575221505723,0
OPTT,2020-06-26,0.49999995742525294,2020-22,3.0640350362269,0
OPTT,2020-08-17,0.2711864971833773,2020-22,3.0640350362269,0
OPTT,2020-09-24,0.20879120015389785,2020-22,2.8172083392743454,0
OPTT,2020-09-25,0.252525250092658,2020-22,2.8172083392743454,0
OPTT,2020-11-24,0.5253455421220792,2020-22,3.0006164152376686,0
OPTT,2021-01-13,0.2032787323510643,2020-22,1.8148392135990792,0
OPTT,2024-05-28,0.21052635293918343,2023-26,2.985740110167951,0
OPTT,2024-06-26,0.38461549042245013,2023-26,2.985740110167951,0
OPTT,2024-06-28,0.3750000232830648,2023-26,2.985740110167951,0
OPTT,2024-07-02,0.6071428077257413,2023-26,2.985740110167951,0
OPTT,2024-11-27,0.24137939539307474,2023-26,1.9906922546810997,0
OPTT,2024-12-02,0.3999999761581421,2023-26,1.9906922546810997,0
ORBS,2022-07-07,0.20661157024793386,2020-22,0.14388583523236453,0
ORBS,2024-09-25,0.6626505424214155,2023-26,1.7393593386656845,1
ORBS,2025-04-30,0.22137411735072177,2023-26,123.41769422979404,0
ORBS,2025-07-25,0.3391608616047621,2023-26,141.15387040749567,0
ORGO,2019-03-12,0.3346418980871202,2015-19,1.1532249135762664,0
ORGO,2025-02-28,0.32247558015124134,2023-26,0.97056828366161,0
ORIC,2022-12-22,0.463333288828532,2020-22,1.3783703358270003,0
ORIC,2025-05-29,0.22110556416267513,2023-26,1.4580877131580992,0
ORKA,2015-04-13,0.20238099013935806,2015-19,2.990626467238511,1
ORKA,2018-05-10,0.20754718238564251,2015-19,1.4214588998959345,1
ORKA,2018-07-31,0.46341474340905076,2015-19,1.8829528140793081,1
ORKA,2019-02-20,1.3076922937588673,2015-19,2.0606966733404875,1
ORKA,2019-09-11,0.2280701480425975,2015-19,6.404061403340029,0
ORKA,2024-04-03,0.7017542587692025,2023-26,30.982807355254685,1
ORMP,2020-11-30,0.2449438650128597,2020-22,1.627243036583112,0
ORN,2020-06-18,0.20121954011817866,2020-22,1.0382005287872182,0
ORN,2024-10-31,0.27859773630799944,2023-26,1.0256962224456934,0
OSPN,2019-02-20,0.22301727304883467,2015-19,1.0003684136526931,0
OSPN,2019-10-30,0.21225525120311772,2015-19,1.0107624206292498,0
OSPN,2024-03-07,0.2526096133159217,2023-26,0.9584612770328909,0
OSPN,2024-05-03,0.26757994120663064,2023-26,1.0101718277854315,0
OSS,2019-03-21,0.29277564540722434,2015-19,1.162236880036734,0
OSS,2019-07-03,0.20000002889922208,2015-19,1.1570590132960423,0
OSS,2020-01-22,0.34146344583705446,2020-22,1.143332219562698,0
OSS,2020-07-13,0.28717945081320906,2020-22,1.1300249882289513,0
OSTX,2025-01-15,0.6225962133626282,2023-26,1.6580527948038217,0
OSTX,2025-02-14,0.3919597827395733,2023-26,1.8614051882869775,0
OSUR,2016-02-04,0.21454542333429516,2015-19,1.0207733795372376,0
OTLK,2019-02-11,0.25000002591506343,2015-19,2.8302077602463114,1
OTLK,2019-05-16,0.37362631604430163,2015-19,4.134804428852429,0
OTLK,2019-05-20,0.3952380589076452,2015-19,4.134804428852429,0
OTLK,2021-02-05,0.30726257638052346,2020-22,1.7632891958947159,0
OTLK,2021-08-03,0.33407075706294975,2020-22,1.3026328894631964,0
OTLK,2024-01-23,0.2058822910678446,2023-26,1.913922432449857,1
OTLK,2024-03-22,0.5298296187673353,2023-26,2.579600649920901,1
OVID,2020-08-25,0.2339089913224619,2020-22,1.1900557428295204,0
OVID,2021-03-03,0.584459458370989,2020-22,1.1093704692954334,0
OVID,2025-10-03,0.2195122057593062,2023-26,2.7464377973389045,0
OWLT,2023-02-21,0.37829905579454004,2023-26,1.092712729989003,1
OXBR,2020-09-28,0.44859801526569587,2020-22,1.0,0
PAAI,2023-04-10,0.2821781874380791,2023-26,1.5817793981018786,0
PAAI,2023-08-15,0.21301768219340578,2023-26,1.2438231023694932,0
PAAI,2024-11-15,2.350877176471474,2023-26,1.6040261722656035,0
PACB,2015-10-01,0.28415292323645014,2015-19,1.2358066267915089,0
PACB,2018-11-02,0.6740576070007727,2015-19,1.0277487407614674,0
PACK,2025-08-26,0.27950309026024045,2023-26,1.0165565106456784,0
PALI,2018-10-25,0.21333333333333337,2015-19,5.100862044058799,1
PALI,2019-10-30,0.30534351145038174,2015-19,8.234907924663773,0
PALI,2020-01-17,0.3440000000000001,2020-22,4.473269197096981,0
PALI,2020-12-17,0.46153846153846145,2020-22,4.708932270633926,1
PALI,2021-03-22,0.2987804878048781,2020-22,6.325321034941453,1
PALI,2021-05-13,0.25142857142857133,2020-22,6.325321034941453,1
PALI,2022-03-22,0.654320987654321,2020-22,12.350843741888205,1
PALI,2022-11-22,0.26244333477482473,2020-22,0.11957847419872679,0
PALI,2022-12-30,0.3167701755432093,2020-22,0.11957847419872679,0
PALI,2023-03-31,0.2075471698113207,2023-26,2.835497383756622,0
PALI,2023-09-06,0.7971014198966124,2023-26,2.9089096675721846,1
PALI,2024-01-29,1.2499998471675813,2023-26,7.155122815358231,1
PALI,2024-04-16,1.1033654617663697,2023-26,5.16401319707165,1
PALI,2024-04-23,0.39350915309752166,2023-26,5.16401319707165,1
PALI,2024-05-01,0.31840788269521636,2023-26,5.16401319707165,1
PALI,2024-12-12,1.0357142522626988,2023-26,112.07327328140467,0
PALI,2025-08-07,0.49000000953674316,2023-26,19.11039074685892,0
PALI,2025-10-01,0.22093015680318384,2023-26,19.11039074685892,0
PALI,2025-10-06,0.22500000558793531,2023-26,19.11039074685892,0
PAPL,2024-07-17,0.30714280264718186,2023-26,55.24783677985695,1
PAPL,2025-05-01,0.2558139199627756,2023-26,53.83532225480344,1
PAPL,2025-07-23,1.4200000762939453,2023-26,1.2577725241731483,0
PAPL,2025-07-31,0.2760942509574673,2023-26,1.2577725241731483,0
PAPL,2025-09-05,0.2608695552019078,2023-26,1.2577725241731483,0
PASG,2025-01-02,0.21693121737618126,2023-26,1.0386760396110006,1
PAVM,2019-03-13,0.21698113207547176,2015-19,1.6627276463580067,0
PAYO,2022-05-13,0.22222228109100883,2020-22,1.0499628036043944,0
PBI,2024-08-09,0.2517606247171402,2023-26,0.958849857444036,0
PBM,2025-05-30,0.22796934865900376,2023-26,1261.6594500907536,3
PBYI,2019-08-09,0.20846906279494926,2015-19,1.0200447874063603,0
PCSA,2023-02-03,0.24,2023-26,3.5720024684002,1
PCSA,2023-10-16,0.27083333333333326,2023-26,2.6634714245055147,1
PCSA,2024-01-19,0.6059113300492611,2023-26,4.278460964211886,1
PCSA,2024-01-25,0.7804878048780488,2023-26,4.278460964211886,1
PCSA,2024-04-25,0.5185185185185186,2023-26,1.8449842628504882,0
PCSA,2024-07-30,0.7882352941176471,2023-26,17.62937113377155,0
PCSA,2025-06-17,1.608888922797309,2023-26,13.253268023472076,1
PCSA,2025-06-20,0.23966938240526114,2023-26,13.253268023472076,1
PCSA,2025-10-07,0.4157706286764744,2023-26,1.3870075539906346,1
PCSA,2025-10-08,0.5555555555555556,2023-26,1.3870075539906346,1
PCVX,2022-10-24,0.7079689823219921,2020-22,1.6042096271754187,0
PDC,2025-07-02,0.5026316078415871,2023-26,2.246661249991709,0
PDEX,2018-11-09,0.20430103006053169,2015-19,0.9190318718179896,0
PDEX,2024-11-01,0.3620244802229102,2023-26,0.9713888120422017,0
PDSB,2020-04-16,0.2168674828577397,2020-22,1.45641612264932,0
PDSB,2022-11-14,0.23214289515602404,2020-22,1.0911678222442225,0
PECO,2021-07-15,2.840877935050462,2020-22,0.4155982905982906,0
PED,2017-05-11,0.2783505012738434,2015-19,1.3250693591393745,1
PED,2018-06-27,0.28205132907664465,2015-19,7.4019626161290795,0
PED,2018-06-28,0.476793201404903,2015-19,7.4019626161290795,0
PED,2020-08-27,0.910828048691817,2020-22,1.1017156552827045,0
PED,2020-09-29,0.44262300464165794,2020-22,1.1675538307430644,0
PED,2020-10-13,0.8656716949027814,2020-22,1.1675538307430644,0
PED,2020-12-31,0.32000000000000006,2020-22,1.1621076671320973,0
PEGA,2024-02-15,0.20489054579434707,2023-26,1.014463208488778,0
PENG,2017-11-16,0.23658539146435587,2015-19,1.049094572634132,0
PEPG,2025-02-24,0.9051094058478508,2023-26,2.1203782568254246,0
PEPG,2025-09-25,1.2180450770643216,2023-26,2.1115884084878274,0
PFSA,2025-08-26,0.35918367346938784,2023-26,849.3059771580224,3
PFSA,2025-09-11,1.060377358490566,2023-26,849.3059771580224,3
PGEN,2021-06-11,0.23319029582459816,2020-22,1.0084097244600037,0
PGEN,2025-08-15,0.40540533574329407,2023-26,1.2015697500296336,0
PGNY,2020-05-13,0.22254756060905212,2020-22,1.043451382828549,0
PHIO,2017-01-13,0.3900709219858156,2015-19,3.931852349282089,1
PHIO,2017-03-28,0.3157894736842106,2015-19,1.1770947524347506,1
PHIO,2018-08-01,0.30405404729894037,2015-19,9.861877360824552,0
PHIO,2019-11-21,0.3043478727044804,2015-19,12.040770060750617,1
PHIO,2020-03-11,0.21352308371930295,2020-22,28.186557718767173,1
PHIO,2023-05-16,0.25816023552265466,2023-26,3.9907629356273606,0
PHIO,2024-12-23,0.5227273189085577,2023-26,10.201131708204647,0
PHIO,2025-01-13,1.4615382879063663,2023-26,11.009326026161395,0
PHIO,2025-04-09,1.1188120050601391,2023-26,2.4313259890744416,0
PHIO,2025-07-25,0.20318724796852639,2023-26,2.4313259890744416,0
PHR,2023-12-06,0.23118643033302444,2023-26,1.0447405876688072,0
PHUN,2019-01-04,0.203328790855984,2015-19,9.876593894862957,0
PHUN,2020-03-27,0.2609253807979719,2020-22,1.7640196116681623,0
PHUN,2020-05-20,0.4925373134328359,2020-22,1.7640196116681623,0
PHUN,2020-07-15,0.317829457364341,2020-22,1.854654179307919,0
PHUN,2021-01-26,0.4758620689655173,2020-22,1.9790283134861766,0
PHUN,2021-10-22,3.9215686274509807,2020-22,1.3707496880267867,0
PHUN,2022-07-11,0.21311475409836067,2020-22,1.2375829352891892,0
PHUN,2024-01-16,0.8421052862732696,2023-26,7.446390094252607,1
PHUN,2024-07-15,0.2847341113440134,2023-26,2.514798154547319,0
PI,2018-09-13,0.3530350861744753,2015-19,1.0369398034834976,0
PI,2019-04-30,0.22119811374653353,2015-19,1.0485448120540217,0
PLAG,2018-10-17,0.3243242616284254,2015-19,62.65838058171746,1
PLAG,2018-10-19,0.20224709950858988,2015-19,62.65838058171746,1
PLAG,2018-10-23,0.22985783382871672,2015-19,62.65838058171746,1
PLAG,2018-10-24,0.22580645161290325,2015-19,62.65838058171746,1
PLAG,2021-09-28,0.22608698969301977,2020-22,2.4284785389629313,0
PLBY,2024-10-31,0.2077294553841602,2023-26,1.458307861494185,0
PLBY,2024-12-16,0.24113478115414377,2023-26,1.2028276649832064,0
PLCE,2024-04-17,0.3178621251203242,2023-26,1.776653970302128,0
PLCE,2024-09-11,0.3897958796404648,2023-26,1.7429942570850776,0
PLGO,2024-03-01,0.2439839948460789,2023-26,0.947550711084043,0
PLRX,2022-07-11,0.8029279304676924,2020-22,1.656833682874622,0
PLSE,2017-02-10,0.25827811390761535,2015-19,1.2647988249905353,0
PLSE,2018-04-13,0.23762374160105648,2015-19,1.229748499688739,0
PLUG,2017-04-05,0.830769385952927,2015-19,1.19567081917332,0
PLUR,2015-12-31,0.2323232605413288,2015-19,1.2143892159597087,0
PLUR,2020-04-07,0.33630949741149085,2020-22,1.7770159920692172,0
PLUR,2020-04-09,0.4185567525206251,2020-22,1.7770159920692172,0
PLUR,2020-04-13,0.24820660992099075,2020-22,1.7770159920692172,0
PLUS,2019-11-07,0.22609033117721689,2015-19,0.9995370545093155,0
PLUS,2023-08-08,0.31088082082268587,2023-26,0.9973281513412533,0
PLX,2017-10-18,0.4153845860407903,2015-19,1.1126307795538195,0
PLX,2018-07-24,0.24999997290698017,2015-19,1.0193195360952059,0
PLX,2019-10-17,0.7222222148636239,2015-19,2.246676943588804,1
PLX,2019-11-18,0.6499999761581421,2015-19,2.246676943588804,1
PLX,2022-04-04,0.4380952943209373,2020-22,1.4123571725953177,0
PMCB,2021-08-18,0.8421052778343228,2020-22,12.874878309530915,0
PMN,2023-08-22,0.2767295597484276,2023-26,3.4834436067158983,0
PMN,2025-07-21,1.9545454545454546,2023-26,6.858301628152915,1
PNBK,2025-02-10,0.6275860810251539,2023-26,29.447576289469534,0
PNBK,2025-03-21,0.4245283697881359,2023-26,29.447576289469534,0
PODD,2015-11-06,0.2665615318476071,2015-19,1.0087390035228883,0
POLA,2020-06-30,0.48175180521893535,2020-22,1.262947450151748,0
POLA,2020-09-24,1.1666667967561732,2020-22,1.262947450151748,0
POLA,2023-05-11,0.6730769167788839,2023-26,1.356156159866559,0
POLA,2025-03-03,0.255395699803562,2023-26,0.20727932037218452,0
POWL,2023-08-02,0.20737481986152062,2023-26,1.0107292364970593,0
POWL,2024-01-31,0.22870454255683081,2023-26,1.008812364368481,0
PPBT,2019-01-03,0.6266666666666667,2015-19,1.2220704836899434,0
PPBT,2019-01-15,0.6538461538461537,2015-19,1.2220704836899434,0
PPBT,2021-02-08,0.25714290843290444,2020-22,10.342542439316667,0
PPC,2021-08-13,0.20149910199874665,2020-22,0.9810011569401706,0
PPCB,2025-08-18,1.0209059233449476,2023-26,13.630801887255547,1
PPSI,2019-07-01,0.26315789473684204,2015-19,1.0,0
PPSI,2020-10-06,1.1146495683598814,2020-22,1.0,0
PPSI,2020-12-04,0.41645471095100306,2020-22,1.0,0
PPSI,2021-11-08,0.8430768526517427,2020-22,1.1052595992800862,0
PPSI,2022-05-17,0.2608695362440292,2020-22,1.0127533232516412,0
PPSI,2025-08-15,0.5562701980215856,2023-26,1.0003605141147585,0
PR,2020-06-08,0.3288590646983214,2020-22,1.008333940223163,0
PRAA,2020-05-08,0.2293507167065636,2020-22,1.0056796045268812,0
PRCH,2024-03-08,0.25401936556890625,2023-26,1.24530573794201,0
PRCH,2024-10-28,0.21874998253770128,2023-26,1.0413506518454383,0
PRCH,2024-11-08,0.23605159173569557,2023-26,1.0346315368512922,0
PRCH,2025-02-26,0.27968336502601976,2023-26,1.0683591272314465,0
PRCH,2025-05-07,0.2634069457572925,2023-26,1.0508321347386294,0
PRE,2023-01-10,0.645161367507461,2023-26,1.3365005364529978,1
PRFX,2023-02-08,0.43999999999999995,2023-26,1.625277431253189,1
PRFX,2025-02-18,0.8687943027362606,2023-26,0.5645006293274759,0
PRG,2021-11-03,0.21966017158915374,2020-22,0.7651270348946346,0
PRGS,2019-03-29,0.2108559993581114,2015-19,1.006601299219148,0
PRHI,2020-12-30,0.8641511187756938,2020-22,1.0030329195865086,0
PRHI,2021-08-12,0.2112676529296944,2020-22,1.2606866808656576,0
PRHI,2024-09-03,0.3766234187505235,2023-26,1.0,0
PRHI,2024-09-04,0.4869565196788026,2023-26,1.0,0
PRHI,2025-09-16,0.8551237008533965,2023-26,2.145373418918175,1
PRLB,2023-11-03,0.20411527356168246,2023-26,0.9505223067037831,0
PRLB,2024-11-01,0.23175184196627874,2023-26,0.9660820717161382,0
PRLD,2025-09-29,0.2733333110809326,2023-26,1.4099469711712889,0
PRME,2024-09-30,0.2225433446350169,2023-26,1.5038693272868193,0
PRPO,2018-05-14,0.29736836751302076,2015-19,56.51537437491649,1
PRPO,2018-05-22,0.3571428571428572,2015-19,56.51537437491649,1
PRPO,2018-07-18,0.472972972972973,2015-19,4.647034619493474,1
PRPO,2018-10-16,0.309904132068636,2015-19,4.813109823719875,1
PRPO,2019-01-10,0.7515150898634786,2015-19,3.6681914846768775,1
PRPO,2019-04-08,0.2933333502875435,2015-19,4.379114308130736,1
PRSO,2017-11-14,1.0441176470588234,2015-19,5.161436530036374,0
PRSO,2017-11-15,0.3448275862068966,2015-19,5.161436530036374,0
PRSO,2018-05-11,0.4342105263157894,2015-19,5.279601170493862,0
PRSO,2021-09-15,0.20786513402516982,2020-22,1.474413830706313,0
PRSO,2024-04-16,0.3700787682432456,2023-26,2.2409451405726553,0
PRSO,2025-09-05,0.8292683086389592,2023-26,2.4411567580180975,0
PRSU,2020-11-09,0.22819154732040836,2020-22,1.0049854986536422,0
PRSU,2024-10-21,0.23532706179170093,2023-26,1.336355693808204,0
PRTA,2015-03-20,0.3681150292418802,2015-19,1.2543475190223357,0
PRTA,2018-03-21,0.20797640274369722,2015-19,1.0343540083858194,0
PRTA,2022-09-28,0.5551244099429287,2020-22,1.1436939058976094,0
PRZO,2024-01-26,0.2844443977418758,2023-26,1.272299779748889,0
PRZO,2025-01-17,0.30810813248984714,2023-26,1.5343597440043342,0
PSHG,2016-11-16,0.3599349132106531,2015-19,2671.9137036262377,4
PSHG,2016-11-17,0.39968892862791794,2015-19,2671.9137036262377,4
PSHG,2016-11-18,0.20493830493200615,2015-19,2671.9137036262377,4
PSHG,2017-07-25,0.5686274963870819,2015-19,1220574.8367163572,4
PSHG,2017-08-11,0.3414634327473989,2015-19,1220574.8367163572,4
PSHG,2017-11-03,0.7040000406901041,2015-19,1823483.5244843785,4
PSHG,2017-11-06,0.41124003369184314,2015-19,1823483.5244843785,4
PSHG,2019-01-10,0.6000000635782878,2015-19,3.3893533886031415,0
PTCT,2016-11-11,0.7716666857401531,2015-19,1.2089683456014217,0
PTGX,2017-05-30,0.49391719392363287,2015-19,1.2587592166685968,0
PTGX,2020-05-08,0.27296250042795056,2020-22,1.6018093141515464,0
PTHS,2025-04-17,0.8247011370913269,2023-26,5.497453804695524,1
PTN,2015-06-05,0.5666666666666667,2015-19,1.6139970820435374,0
PTN,2015-08-19,0.24468085106382986,2015-19,2.0384666175556796,0
PTN,2016-11-02,0.5625,2015-19,2.0835219576615494,0
PTN,2017-09-05,0.288888888888889,2015-19,1.3222932980255482,0
PTN,2019-06-24,0.26865671641791056,2015-19,1.128998959236525,0
PTN,2020-06-23,0.25,2020-22,1.0034515245679112,0
PTN,2020-12-23,0.3392857142857142,2020-22,1.0080044056564479,0
PTN,2021-11-24,0.5588235294117647,2020-22,1.0043409845509566,1
PTN,2025-04-14,0.23529411764705888,2023-26,3.42091351306164,1
PULM,2020-01-02,0.895348664423536,2020-22,1.7208422190835908,0
PULM,2024-11-13,0.24390244469764633,2023-26,1.0,0
PVLA,2017-01-05,0.25850341768982843,2015-19,1.0403048833634043,0
PVLA,2017-05-03,0.31666668256123853,2015-19,1.2507393896261967,0
PVLA,2023-07-18,0.33689839231292606,2023-26,1.417343952731154,1
PVLA,2024-07-24,0.6528821489795835,2023-26,0.11178715525669498,0
PW,2023-11-07,0.4057970543765046,2023-26,1.0,0
PW,2024-10-11,0.2583333651224773,2023-26,1.0,0
PWCM,2017-11-24,0.4119601328903655,2015-19,6.96969696969697,1
PWCM,2018-08-15,0.6494845360824741,2015-19,4.920634920634921,1
PWCM,2018-10-19,0.32398753894081,2015-19,4.920634920634921,1
PWCM,2018-11-14,0.21387283236994215,2015-19,1.3478260869565217,0
PWCM,2018-12-20,0.2815126050420169,2015-19,1.3478260869565217,0
PWCM,2019-01-17,0.8873239436619718,2015-19,1.3478260869565217,0
PWCM,2020-06-17,1.560747663551402,2020-22,8.15341926432892,1
PWCM,2020-06-19,0.31756756756756754,2020-22,8.15341926432892,1
PWCM,2020-07-06,0.5905511811023623,2020-22,8.15341926432892,1
PWCM,2020-09-29,0.35526315789473695,2020-22,12.553548039215686,1
PWCM,2021-10-15,0.4244186046511629,2020-22,2.418021290302562,0
PWCM,2023-05-15,0.736204623584352,2023-26,1.1425235010120394,1
PWCM,2025-07-11,0.23553719008264462,2023-26,8.737536554634618,1
PWCM,2025-07-21,0.20433436532507732,2023-26,8.737536554634618,1
PXLW,2024-01-30,0.36486483438769124,2023-26,1.0738878662263975,0
PYPD,2023-01-24,0.265306164816852,2023-26,2.498850861781882,1
PYXS,2023-03-27,0.42533938506563307,2023-26,1.5719956406356723,0
PYXS,2024-02-27,0.2301254929603176,2023-26,1.3895799264337563,0
PZG,2021-02-01,0.22321428476395666,2020-22,1.2899989038538378,0
PZG,2022-03-08,0.21584698608133812,2020-22,1.140332890836011,0
PZG,2022-03-11,0.2531645349958853,2020-22,1.140332890836011,0
QBTS,2024-02-20,0.2356322319445543,2023-26,2.5378576764663423,0
QCLS,2017-03-28,0.6071428571428572,2015-19,15.034073813237672,0
QCLS,2018-11-19,1.1707317073170733,2015-19,24.088850209411106,1
QCLS,2020-03-24,0.4444444444444444,2020-22,6.167166251888721,0
QCLS,2020-04-06,0.6675461741424802,2020-22,6.167166251888721,0
QCLS,2020-04-07,0.33262260127931764,2020-22,6.167166251888721,0
QCLS,2020-11-12,0.2674418604651163,2020-22,8.628769149281379,1
QCLS,2021-04-20,0.4221724524076147,2020-22,4.570784339405635,1
QCLS,2023-07-31,0.2272727272727273,2023-26,1.8016892268760314,1
QCLS,2024-04-09,0.32295719844357973,2023-26,4.69617571485777,0
QCLS,2025-07-21,0.3409090835200854,2023-26,80.82646747104575,1
QCLS,2025-07-29,0.24,2023-26,80.82646747104575,1
QCLS,2025-09-24,0.6410257106928423,2023-26,4.637096219407681,1
QMCO,2018-12-28,0.3999999999999999,2015-19,1.1211513584350845,0
QNCX,2023-01-27,0.5470296445401015,2023-26,1.196093744680712,0
QNCX,2023-03-21,0.5914489887971126,2023-26,1.1912588835691649,0
QNRX,2018-01-04,0.6853932584269662,2015-19,1.085517593173848,0
QNRX,2020-01-07,1.6058091286307055,2020-22,1.7446245656596413,0
QNRX,2020-03-04,0.33333333333333326,2020-22,1.7446245656596413,0
QNST,2021-11-04,0.32366082373195915,2020-22,0.988900566508773,0
QNST,2024-11-05,0.2871286642573645,2023-26,1.008684308702509,0
QRHC,2017-11-15,0.2649573276577484,2015-19,1.0020979203110936,0
QTEX,2022-01-31,0.4391304397402731,2020-22,1.123590005495602,0
QTEX,2024-02-14,0.8645833352735888,2023-26,1.5494392600747653,0
QTTB,2020-11-09,0.23810528314601598,2020-22,1.2625871548246317,0
QTTB,2023-07-28,0.23404249802698773,2023-26,3.76355821720891,1
QUBT,2023-02-06,0.2073170660791619,2023-26,1.7139689734709735,0
QUBT,2023-05-23,0.2170543402162992,2023-26,1.5101419328749035,0
QUBT,2024-11-14,0.3796992322832369,2023-26,2.453587612871358,0
QUIK,2021-02-18,0.37238494391676835,2020-22,1.1168954650408607,0
QURE,2017-10-19,0.2829988675747217,2015-19,1.4545453197554858,0
QURE,2018-11-15,0.2991228872976097,2015-19,1.1701036350905716,0
QURE,2019-02-25,0.21634616178168375,2015-19,1.1886861570174443,0
QURE,2024-07-09,0.6375661650983075,2023-26,1.1301249487197966,0
QURE,2024-12-10,0.8807402499711741,2023-26,1.2779575341268536,0
QURE,2025-04-17,0.38498398710803006,2023-26,1.1662559859222648,0
QXL,2021-12-06,0.8072289255508198,2020-22,11.911001166524317,1
QXO,2020-08-04,3.1139703906917884,2020-22,1.1410503833250654,0
QXO,2022-08-10,0.2717390607176309,2020-22,1.023363680807729,0
QXO,2022-09-29,0.358870911145434,2020-22,1.023363680807729,0
QXO,2023-12-04,1.2588555284784815,2023-26,623.1604377097651,1
RAPP,2025-09-08,1.6754874016365608,2023-26,1.3145485002980992,0
RAVE,2020-03-19,0.2619047331837021,2020-22,1.1898530535208736,0
RAVE,2020-10-07,2.8823530511735105,2020-22,1.1642189164824146,0
RBBN,2018-10-31,0.22477875389202495,2015-19,1.0393909913466848,0
RCAT,2021-09-27,0.5708332629667416,2020-22,1.0083106734883596,0
RCAT,2022-04-04,0.20512812675260572,2020-22,1.01456708198098,0
RCEL,2023-11-10,0.21457488471689623,2023-26,1.0261024221103348,0
RCEL,2025-09-15,0.20833339868930434,2023-26,1.1618364206470477,0
RCKT,2015-07-23,0.590822115579674,2015-19,1.649459487451555,0
RCKT,2020-12-09,0.42990949055746275,2020-22,1.1667240590625327,0
RCKT,2023-09-13,0.4022237140319298,2023-26,1.1320271206904553,0
RCKT,2025-08-20,0.31615113771130465,2023-26,1.017336968383646,0
RCKY,2023-11-02,0.23015869291521418,2023-26,1.010299100182452,0
RCKY,2024-05-01,0.2029491443280398,2023-26,1.0051172132270518,0
RCKY,2025-04-30,0.2824372497673069,2023-26,1.0107484526214197,0
RCKY,2025-07-30,0.22497824975112346,2023-26,1.0041205350315843,0
RCMT,2020-06-03,0.21212118201785746,2020-22,0.875340009160908,0
RCMT,2021-02-11,1.6829266842850887,2020-22,0.8807477196408998,0
RCMT,2022-04-28,0.273344680816614,2020-22,0.8969270609041391,0
RCUS,2023-08-23,0.23444975931003653,2023-26,1.2271544792750058,0
RDGT,2023-04-19,0.9852941176470589,2023-26,1.471364772477435,1
RDHL,2023-01-27,0.44565217391304346,2023-26,432.2014647793272,1
RDZN,2024-07-02,0.47530870238849054,2023-26,1.085477588239032,0
REAL,2024-03-01,0.22033904469311216,2023-26,1.0942614347495823,0
REAL,2025-08-08,0.2794918144977183,2023-26,1.055831231206819,0
REBN,2024-05-08,0.7861270983246478,2023-26,1.6818411904403407,0
REI,2020-06-08,0.235714320382294,2020-22,1.461179539657125,0
REI,2020-07-22,0.21100918534889446,2020-22,1.461179539657125,0
REI,2021-01-08,0.22580642680347784,2020-22,1.2200547333981482,0
REI,2021-02-08,0.23312883211243762,2020-22,1.2268186549053124,0
REKR,2019-05-28,0.2616822839886954,2015-19,1.1756095057425489,0
REKR,2024-12-27,0.2254902189944814,2023-26,1.3502729497635415,0
REKR,2024-12-30,0.47692309808449007,2023-26,1.3502729497635415,0
REKR,2025-10-07,0.20441996446114108,2023-26,1.0894648943134357,0
RENX,2023-11-17,1.445544473831125,2023-26,2.973744,1
RENX,2024-01-05,0.43382354327139216,2023-26,2.973744,1
RENX,2024-03-08,1.2458269202354368,2023-26,3.832068,1
RENX,2024-05-09,0.21774194538283176,2023-26,2.670198438491203,1
RENX,2024-07-22,0.21883662718190644,2023-26,4.988668514934663,1
RENX,2024-08-14,0.7872340062885284,2023-26,4.0201455909598325,1
RENX,2024-10-15,0.5552763717950757,2023-26,9.675757083197473,1
RENX,2024-10-17,0.22614839489031424,2023-26,9.675757083197473,1
RENX,2025-07-29,0.2159090428805559,2023-26,26.306412596217474,1
RENX,2025-07-30,0.3492063083586221,2023-26,26.306412596217474,1
REPL,2024-11-22,0.23800905602210798,2023-26,1.1465399672048548,0
REPX,2020-10-21,1.7835052036287142,2020-22,21.876421177803476,1
REPX,2021-01-21,0.2737430723195935,2020-22,262.39445654859503,1
RETO,2021-02-22,1.5677966101694913,2020-22,1.2001257095504454,0
REVB,2022-02-23,0.2727272727272727,2020-22,17.357634999393802,1
REVB,2022-06-30,1.2044728161569362,2020-22,14.613071099468394,1
REVB,2022-07-25,1.353846153846154,2020-22,14.613071099468394,1
REVB,2022-10-06,0.25984255812757784,2020-22,9.412564771126538,1
REVB,2022-10-25,0.287999984499008,2020-22,9.412564771126538,1
REVB,2024-01-29,0.787958609799434,2023-26,68.99929064871104,2
REVB,2024-06-24,0.4265402593692853,2023-26,49.960700211582214,2
REVB,2024-08-21,1.061657002956038,2023-26,49.64270671384542,2
REVB,2024-11-11,0.23170728634303517,2023-26,66.24614026239064,2
REVB,2025-01-02,1.3861170742092903,2023-26,66.24614026239064,2
REVB,2025-06-03,0.25151874753095793,2023-26,52.805472212525466,2
REX,2023-11-30,0.30279214335733906,2023-26,1.0036224819317237,0
REZI,2020-11-05,0.25110136998938004,2020-22,1.1691659719214844,0
RFIL,2018-03-14,0.4782608214908983,2015-19,1.0426371001539174,0
RFIL,2018-06-11,0.3039999389648438,2015-19,1.0219402117520464,0
RGC,2021-08-25,1.1973837624151673,2020-22,1.3012866,0
RGC,2024-07-24,0.22593758305833012,2023-26,1.0,0
RGC,2024-07-26,0.34357644023256895,2023-26,1.0,0
RGNX,2018-04-09,0.23345581970619267,2015-19,1.1573753708447485,0
RGNX,2021-09-13,0.21859125128982426,2020-22,1.0162698218200488,0
RGNX,2024-03-05,0.32771534644093747,2023-26,1.1385288409387346,0
RGS,2022-06-10,0.41071432676850606,2020-22,1.001322820069111,0
RGS,2024-06-25,1.79881639051965,2023-26,1.068437087161637,0
RICK,2020-08-11,0.23796423983662907,2020-22,0.9862611354105151,0
RIGL,2015-02-23,0.43529405780867036,2015-19,1.049567219339549,0
RIGL,2016-08-30,0.23484844489312096,2015-19,1.5487011828557171,0
RIGL,2020-07-14,0.48148145531757747,2020-22,1.0135302095678327,0
RIGL,2022-08-03,0.2000000293438251,2020-22,1.0088404442917605,0
RIGL,2022-12-02,0.3823528463040282,2020-22,1.0088706289168268,0
RIGL,2023-03-08,0.23129255893334322,2023-26,1.0148684591416008,0
RIGL,2025-05-07,0.2349397017746595,2023-26,1.0352301242494586,0
RILY,2024-04-24,0.40930025681589566,2023-26,1.006659877275365,0
RILY,2025-01-14,0.24810120729734675,2023-26,1.0031847613032305,0
RILY,2025-02-27,0.23226949889908943,2023-26,1.1526004501547789,0
RIME,2022-05-25,0.27636363636363637,2020-22,3.4558046093346197,1
RIME,2023-05-16,0.20952380952380945,2023-26,2.0353738782637265,0
RIME,2023-07-18,0.46451612903225814,2023-26,2.3071688254204306,0
RIME,2024-07-05,0.20869565217391295,2023-26,78.35921160612216,1
RIME,2024-10-07,0.4130434782608696,2023-26,55.90674602155728,1
RIME,2024-12-09,0.33333333333333326,2023-26,38.29397539643547,1
RIME,2024-12-17,0.25,2023-26,38.29397539643547,1
RIME,2025-01-07,0.8571428571428572,2023-26,38.29397539643547,1
RIOT,2016-05-18,0.35440185835180316,2015-19,0.1743777329153193,0
RIOT,2019-04-02,0.3163841518723671,2015-19,2.102195320687276,0
RIOT,2020-01-30,0.20610695567125026,2020-22,3.401398718178626,0
RJET,2024-01-19,0.7499998509883941,2023-26,1.0095600850857904,0
RJET,2024-06-18,0.2389379973312875,2023-26,1.0167425034036301,0
RJET,2025-04-07,0.6056338961474601,2023-26,16.995231676669437,1
RKDA,2018-03-14,0.5895458856119029,2015-19,2.236586922193545,0
RKDA,2018-05-08,0.23978497905115925,2015-19,2.236586922193545,0
RKDA,2018-06-27,0.20486556098079434,2015-19,2.9339433744173187,0
RKDA,2018-07-19,0.21220927073415408,2015-19,2.9339433744173187,0
RKDA,2019-02-28,0.501851823594835,2015-19,1.812406660720318,0
RKDA,2019-08-09,0.6019900573049126,2015-19,1.7072901298453453,0
RKDA,2019-08-12,0.33037698514399505,2015-19,1.7072901298453453,0
RKDA,2021-03-31,0.4377682874218949,2020-22,1.039963397502532,0
RKDA,2024-12-05,1.6251389891016985,2023-26,1.0059929374184946,0
RKTO,2020-02-12,0.282258064516129,2020-22,2.3555096754337597,0
RKTO,2020-03-23,1.1222222222222222,2020-22,2.2509678090100618,0
RKTO,2020-12-31,0.8170731707317074,2020-22,1.784128459272067,0
RKTO,2021-03-23,0.4036697247706422,2020-22,1.0526039933371207,0
RKTO,2021-04-20,0.23287671232876717,2020-22,1.0526039933371207,0
RKTO,2022-01-04,0.6170212765957446,2020-22,1.3560235516729708,1
RKTO,2022-04-11,1.4025974621115713,2020-22,3.443273725095931,1
RKTO,2022-12-29,1.0204545796902704,2020-22,3.3424316854585805,0
RKTO,2023-02-08,0.20232554580663886,2023-26,3.386546414822721,0
RKTO,2023-06-06,0.882978707889239,2023-26,2.090723121831385,0
RKTO,2024-03-19,0.21739130885479363,2023-26,3.030231881830593,0
RKTO,2024-07-24,0.30658433867113777,2023-26,3.01081224323335,0
RKTO,2024-09-05,0.5915493371585525,2023-26,1.9205393142679021,0
RKTO,2025-01-07,1.036585331282255,2023-26,2.247212116682339,0
RLAY,2024-09-09,0.29006418044985915,2023-26,1.2945136232240138,0
RLMD,2019-10-15,1.8673514380676473,2015-19,0.4103573042523121,0
RLMD,2021-07-27,0.22054135442249367,2020-22,1.795093972087546,0
RLMD,2024-09-17,0.2442244278957295,2023-26,2.430341720387502,0
RLMD,2025-02-06,0.25,2023-26,3.4761556577370296,0
RLYB,2024-04-11,1.0429447444463644,2023-26,1.1004991012105425,0
RLYB,2025-07-08,0.21176469453890845,2023-26,1.0209543444867002,1
RMCO,2023-11-06,1.4484373883779886,2023-26,9.555936097166095,0
RMCO,2023-12-22,1.2060300730890723,2023-26,20.11687601373015,0
RMNI,2022-03-03,0.2538630386904388,2020-22,1.01797490382854,0
RMTI,2021-11-17,0.29166662753230344,2020-22,1.361757275721835,1
RMTI,2022-01-13,0.5,2020-22,1.361757275721835,1
RMTI,2023-02-02,0.2012579144473745,2023-26,2.5217434548362188,0
RNAZ,2021-09-23,0.26335877862595414,2020-22,1.0056305616907617,0
RNAZ,2022-10-26,0.37037037037037046,2020-22,30.973620418650075,1
RNAZ,2022-12-07,0.4142857545480314,2020-22,30.973620418650075,1
RNAZ,2023-02-01,0.3715046913347295,2023-26,358.0456667422348,2
RNAZ,2023-02-15,0.910638369830524,2023-26,358.0456667422348,2
RNAZ,2023-04-05,0.21752261751596325,2023-26,293.6412561188922,2
RNAZ,2023-09-20,0.5352380831594001,2023-26,340.9365574124958,1
RNAZ,2023-09-25,0.9728916738962805,2023-26,340.9365574124958,1
RNAZ,2023-10-26,0.21293799156941273,2023-26,340.9365574124958,1
RNAZ,2025-01-28,0.20790626105821342,2023-26,49.073046159028515,2
RNAZ,2025-03-21,0.3116883760279534,2023-26,49.073046159028515,2
RNAZ,2025-07-23,0.28707628798823914,2023-26,20.309921077353927,1
RNAZ,2025-10-08,0.5310964546338621,2023-26,20.308365409874018,0
RNTX,2021-01-05,0.34285717918759295,2020-22,2.2262351827098223,0
RNTX,2021-01-11,0.2592592592592593,2020-22,2.2262351827098223,0
RNTX,2022-08-08,0.20930226110909267,2020-22,1.0027573488110448,1
RNXT,2021-11-10,0.6728281785560419,2020-22,1.0212783799105314,0
RNXT,2023-06-29,0.24107141051517456,2023-26,2.635772326812922,0
ROG,2021-11-02,0.30586379967817523,2020-22,1.0043780326552116,0
ROIV,2021-10-26,0.28934655021183353,2020-22,3.2578229749064445,0
RRGB,2019-06-13,0.2584447002226189,2015-19,0.9959519968385363,0
RTB,2023-07-19,0.20560747663551404,2023-26,1.3156790570768,1
RTB,2025-10-01,0.6666666666666667,2023-26,58.62584016003846,1
RVSN,2024-02-29,0.28275862068965507,2023-26,17.33934878620328,0
RVSN,2024-04-09,0.2292993630573248,2023-26,17.33934878620328,0
RYAM,2015-07-30,0.22085381880000532,2015-19,1.0099348958840941,0
RYAM,2024-08-07,0.21746876312948982,2023-26,1.0168180091821404,0
RYM,2022-10-05,0.22055674518201296,2020-22,2483.932399196732,2
RYM,2022-10-17,0.24137931034482762,2020-22,2559.087524538008,2
RYM,2022-12-19,0.5040649784547149,2020-22,76.66399289798971,1
RYM,2024-01-18,1.0593219882373708,2023-26,17.211227320259365,1
RYM,2024-01-30,0.5810276361995161,2023-26,17.211227320259365,1
RYM,2024-02-06,0.2874999130765632,2023-26,17.211227320259365,1
RYM,2024-02-29,0.20867759530109176,2023-26,17.211227320259365,1
RYM,2024-04-17,0.3758390120872359,2023-26,2.1326867785638774,1
RYM,2024-06-24,1.3809523989734376,2023-26,2.187899735647319,1
RYM,2024-11-05,0.7547770843306987,2023-26,2.1108627156968436,1
RYTM,2019-08-07,0.2826316231175472,2015-19,1.2782425123515713,0
RZLT,2021-05-27,0.21716509584271781,2020-22,4.020799477795097,0
RZLT,2024-05-22,0.20666662851969408,2023-26,2.1307837243003,0
RZLT,2025-04-23,0.24276531829839665,2023-26,1.5906773760983755,0
SABS,2021-11-02,0.2453143482388589,2020-22,2.909025364719244,0
SABS,2023-04-13,0.8157895215660587,2023-26,1.83053644326508,1
SABS,2025-07-21,0.35019459873363545,2023-26,9.795205185389651,0
SAFX,2025-06-17,0.4524886799723651,2023-26,4108168.96,0
SAFX,2025-06-18,0.3882351934703605,2023-26,4108168.96,0
SAFX,2025-07-10,1.366666634877523,2023-26,4108168.96,0
SANM,2019-01-29,0.21100917431192667,2015-19,1.0348619820341793,0
SB,2016-11-17,0.24210522353153752,2015-19,1.21456596168355,0
SBET,2025-02-06,0.5,2023-26,659.8813772713961,1
SBFM,2022-03-09,1.6842105263157894,2020-22,3.167788954999721,0
SBFM,2022-04-05,1.752212389380531,2020-22,3.167788954999721,0
SBFM,2023-05-11,0.9245283018867925,2023-26,83.88099124257404,1
SBFM,2024-03-05,0.6444444444444444,2023-26,210.88172148534812,2
SBFM,2024-04-01,0.819672131147541,2023-26,54.448728048206554,2
SBFM,2025-04-02,0.5817309006078757,2023-26,1.8119559408333983,0
SBH,2019-11-07,0.2085337348546885,2015-19,0.9359216007767112,0
SCKT,2020-07-27,1.6369861671503623,2020-22,1.1384975959592947,0
SCKT,2020-10-23,1.5958903170052539,2020-22,1.186520632890158,0
SCKT,2021-02-16,2.145061589626437,2020-22,1.1961969656973641,0
SCKT,2021-07-23,1.4655171931853066,2020-22,1.0283060265791375,0
SCNI,2022-03-24,0.5912408759124088,2020-22,22.913931044630193,1
SCNX,2020-07-28,0.2500000404957261,2020-22,1.0122942020409218,0
SCNX,2020-11-10,0.4790697910988977,2020-22,1.0090517976884048,0
SCNX,2021-06-10,0.5465686331036059,2020-22,1.0108538045339055,0
SCNX,2023-06-26,1.1800948499211468,2023-26,2.0863885411336187,1
SCNX,2023-08-02,0.6259314136196346,2023-26,2.0863885411336187,1
SCNX,2024-02-20,1.3267973747570103,2023-26,10.385838932189662,0
SCNX,2024-03-06,0.3997598984640234,2023-26,10.385838932189662,0
SCNX,2025-03-06,0.47727269525370386,2023-26,4.7372958080495104,0
SCNX,2025-03-18,0.22177417261543453,2023-26,4.7372958080495104,0
SCNX,2025-10-16,0.5083799050105111,2023-26,2.5456380748339553,0
SCOR,2020-02-28,0.24000002543131504,2020-22,1.0821717995042932,0
SCOR,2021-01-08,0.2570422972698252,2020-22,1.242517968121718,0
SCOR,2025-09-29,0.3398692749348049,2023-26,3.027914684193524,0
SCYX,2016-08-17,0.23786405474720085,2015-19,1.140781577905173,0
SCYX,2019-01-31,0.9027778016932222,2015-19,2.0307239232619634,0
SCYX,2021-01-22,0.21203826621486077,2020-22,2.645587127525761,0
SCYX,2023-03-30,0.7185628498873045,2023-26,1.1329171944498717,0
SDEV,2019-05-14,0.3448275862068966,2015-19,1.6390699117998018,0
SDEV,2019-06-10,2.4375,2015-19,2.4424578086971827,0
SDEV,2019-06-11,0.3032258064516129,2015-19,2.4424578086971827,0
SDEV,2019-07-29,0.42156862745098045,2015-19,2.4424578086971827,0
SDEV,2019-11-04,0.22413793103448265,2015-19,1.989335762921646,0
SDEV,2019-11-18,0.6862745098039216,2015-19,1.4974843603560337,0
SDEV,2020-04-20,1.236842105263158,2020-22,1.4916723561867586,0
SDEV,2020-07-13,0.36283185840707954,2020-22,1.6045147823514014,0
SDEV,2020-08-18,0.3125,2020-22,1.0767481401011367,0
SDEV,2023-04-21,0.2532467532467533,2023-26,14.787019441458472,0
SDEV,2023-05-19,0.29166666666666674,2023-26,14.787019441458472,0
SDEV,2023-09-11,0.8709677419354838,2023-26,40.572279237199865,1
SDEV,2024-04-17,0.25,2023-26,6.763443600354175,1
SDEV,2024-05-17,0.25,2023-26,6.763443600354175,1
SDEV,2024-05-20,0.33333333333333326,2023-26,6.763443600354175,1
SDEV,2024-09-20,0.7399999618530273,2023-26,25.791786139653066,0
SDEV,2025-08-20,0.8166666030883789,2023-26,43.45794030631423,1
SDEV,2025-08-27,1.0222223069932728,2023-26,43.45794030631423,1
SDOT,2020-10-26,0.4444444444444444,2020-22,2.3832786025857318,0
SDST,2025-01-23,0.2176166284439256,2023-26,2.079114630422892,1
SDST,2025-07-14,1.1349206964925789,2023-26,1.663684673093806,1
SEDG,2015-05-08,0.20765447428295536,2015-19,1.0406988311787893,0
SEED,2024-02-21,0.39130439740273015,2023-26,1.13654305810357,0
SEGG,2025-05-23,0.24687494550432487,2023-26,12.09723103677724,1
SENS,2020-12-24,0.6846986046358743,2020-22,1.8852618071081706,0
SENS,2021-01-15,0.5333333015441895,2020-22,1.8852618071081706,0
SER,2020-10-08,1.6540284840014938,2020-22,1.006692421110443,0
SER,2025-08-26,0.24113478115414377,2023-26,2.477952776952893,0
SERV,2024-07-19,0.6235740665867708,2023-26,2.4113953013943568,0
SGC,2020-07-29,0.28388012926435935,2020-22,1.0396177842685455,0
SGLY,2016-07-27,0.4380952380952381,2015-19,1.0888598350084868,0
SGLY,2016-08-02,0.5165562913907285,2015-19,1.0888598350084868,0
SGLY,2016-08-31,0.3142857142857143,2015-19,1.0888598350084868,0
SGLY,2016-11-16,0.4421487603305785,2015-19,1.2203963874314885,0
SGLY,2016-11-17,0.9836552748885588,2015-19,1.2203963874314885,0
SGLY,2017-02-13,0.2941176470588236,2015-19,1.2489367826237339,0
SGLY,2017-05-26,0.22857142857142865,2015-19,1.2305667141818815,0
SGLY,2020-06-08,0.5909090909090908,2020-22,4.1016417149655435,1
SGLY,2020-11-12,0.37823825711431125,2020-22,3.6388565977920098,0
SGLY,2021-02-03,1.1729958605359503,2020-22,4.929348506844661,0
SGLY,2024-03-12,0.29354832755415505,2023-26,1.217854561205022,0
SGRY,2016-03-11,0.23456786019315046,2015-19,1.0097218700753514,0
SHC,2022-11-21,0.2757474838324876,2020-22,1.0018046708215123,0
SHC,2025-08-08,0.20320852751414087,2023-26,1.0046759544805122,0
SHFS,2023-03-30,0.2500000757686196,2023-26,2.9617031753515404,0
SHFS,2023-05-11,0.2323232605413288,2023-26,1.3479787277478907,0
SHFS,2025-04-21,0.7309416421886696,2023-26,1.6180836629606192,0
SHFS,2025-09-02,0.5550935775585562,2023-26,4.4292120764615595,0
SHFS,2025-09-24,1.634969379667766,2023-26,4.4292120764615595,0
SHIM,2024-07-17,0.37681159253365126,2023-26,1.3792029933204417,0
SHIM,2024-12-03,0.25714287173991335,2023-26,1.0597260602607539,0
SHIP,2016-11-15,0.4545454545454546,2015-19,2.047869082577036,0
SHIP,2017-11-07,0.3418803418803418,2015-19,0.07210032865373012,0
SHOE,2017-11-17,0.20649541455063902,2015-19,0.9068442115753745,0
SHOE,2019-03-27,0.20833341155465313,2015-19,0.0009162967056717871,0
SHPH,2023-01-13,0.46327683615819204,2023-26,1.1775844405501887,0
SHPH,2023-05-23,0.5728155339805825,2023-26,1.230023201043904,0
SHPH,2024-09-05,0.33755274261603385,2023-26,12.02061697810145,1
SHPH,2024-10-29,0.42105263157894735,2023-26,17.99865600994364,1
SHPH,2025-05-09,0.6407407407407408,2023-26,34.28920707055716,1
SIEB,2017-12-20,0.2578615983354484,2015-19,1.229659636082674,0
SIEB,2021-01-29,2.3773583838639336,2020-22,1.0468287969358117,0
SIEB,2021-03-11,0.45813946576941444,2020-22,1.035797652707682,0
SIEB,2023-04-28,0.34673369543404453,2023-26,1.2269045484818812,0
SIF,2020-05-13,0.6090908568752711,2020-22,1.0123401761592854,0
SIF,2020-12-24,0.5230769005047504,2020-22,1.0147322832875516,0
SIF,2025-08-15,0.2024866506772358,2023-26,1.0119312897507406,0
SIGA,2023-07-28,0.24950882963742393,2023-26,1.0040281111598304,0
SILO,2022-09-28,0.21568627450980382,2020-22,1.5638550690483326,1
SILO,2022-12-30,0.41812867606133164,2020-22,0.9904421980777985,0
SILO,2024-07-16,1.1214953804132755,2023-26,3.3060260216328823,0
SILO,2025-01-08,0.7889907839482675,2023-26,2.9698748298567317,0
SINT,2017-11-10,0.6989247311827957,2015-19,0.6009571905116688,0
SINT,2018-03-06,0.5349999999999999,2015-19,7.211487280419765,0
SINT,2018-09-06,0.34042553191489366,2015-19,4.948483468112859,1
SINT,2018-10-03,0.38655462184873945,2015-19,6.151725725258025,1
SINT,2019-06-11,0.25,2015-19,33.78642604969036,1
SINT,2019-08-15,0.3615819209039548,2015-19,12.535845510309358,0
SINT,2019-09-12,0.6599999999999999,2015-19,13.050037028902974,0
SINT,2020-01-30,0.678082191780822,2020-22,10.141533635057897,0
SINT,2020-03-04,0.24615384615384617,2020-22,10.141533635057897,0
SINT,2020-06-22,2.557567917205692,2020-22,2.3385050462824384,0
SINT,2020-08-04,0.267605633802817,2020-22,2.3385050462824384,0
SINT,2021-03-09,0.20994475138121538,2020-22,0.9672230806558741,0
SINT,2022-10-26,0.3203883495145632,2020-22,17.229343189832523,1
SINT,2022-12-19,0.3291139240506329,2020-22,8.202395794050018,1
SINT,2024-04-18,0.6216216007229882,2023-26,22.17957306169949,1
SINT,2024-09-09,1.0921986649066526,2023-26,5.154545807333937,0
SINT,2024-11-18,0.2941177226817884,2023-26,2.8684867219271206,0
SINT,2025-02-19,0.8723405442555199,2023-26,3.069380639578569,0
SITM,2020-05-19,0.22876515855430868,2020-22,1.250927202925723,0
SKIN,2024-03-13,0.2729805796440603,2023-26,1.0147273600866764,0
SKIN,2025-08-08,0.2704402129062873,2023-26,1.026141183693673,0
SKYA,2023-05-10,0.23329911253522884,2023-26,1.3444564211745844,0
SKYA,2023-09-26,0.232665667548561,2023-26,3.3932487275153194,1
SKYA,2024-05-28,2.1915885915943476,2023-26,22.930768485634964,1
SKYA,2024-06-13,0.4347825414588422,2023-26,430.93972023811267,2
SKYA,2024-07-25,0.3924051067565084,2023-26,430.93972023811267,2
SKYA,2025-03-10,0.5589225171179726,2023-26,6451.998865276631,1
SKYA,2025-04-01,0.2000000211927626,2023-26,710.1410826822282,1
SKYA,2025-04-10,0.8571429868944707,2023-26,710.1410826822282,1
SKYA,2025-04-11,0.6111110473365953,2023-26,710.1410826822282,1
SKYA,2025-04-14,0.759999974568685,2023-26,710.1410826822282,1
SKYA,2025-04-30,0.2210000038146973,2023-26,710.1410826822282,1
SKYA,2025-06-04,0.5655080224982991,2023-26,789.4473560106323,1
SKYA,2025-08-25,0.5499659536324975,2023-26,42.007347436606615,0
SKYQ,2025-09-08,0.44578321905159823,2023-26,3.1440557195471643,1
SKYQ,2025-09-30,0.4657835793548988,2023-26,3.1440557195471643,1
SLDB,2020-10-01,1.5665024488601946,2020-22,2.3924361815507655,0
SLDB,2021-06-09,0.20443344230380145,2020-22,1.0244110137089117,0
SLDB,2025-02-10,0.26041665631863853,2023-26,2.4625774444483963,0
SLDB,2025-02-18,0.6575681093218346,2023-26,2.4625774444483963,0
SLDP,2024-12-27,0.3692307748738124,2023-26,1.058961352840587,0
SLE,2020-01-14,0.5,2020-22,2.5213933102308284,0
SLE,2020-04-06,0.26870748299319724,2020-22,2.5202170022073913,0
SLE,2020-04-07,0.22977346278317157,2020-22,2.5202170022073913,0
SLE,2021-03-03,0.4763092269326683,2020-22,1.7034867501808577,0
SLE,2023-04-18,0.5841121772985811,2023-26,3.181894535743032,1
SLE,2023-09-11,1.3720931229729798,2023-26,5.137250578811225,1
SLE,2023-09-13,0.2564102564102564,2023-26,5.137250578811225,1
SLE,2025-09-23,1.3536584845805208,2023-26,18.868857735730394,1
SLGL,2019-12-31,0.2253424239485231,2015-19,1.1273345815280256,0
SLNG,2016-08-15,0.31203003643770755,2015-19,1.0341809230727863,0
SLNG,2018-06-20,0.31858408480021416,2015-19,13.396215882645322,1
SLNG,2018-12-03,1.649999817460778,2015-19,14.984763926654482,1
SLNH,2024-05-08,0.2510287565176328,2023-26,4.394353666562261,0
SLQT,2023-02-07,0.20789774695135388,2023-26,1.014910481797792,0
SLQT,2025-02-11,0.2876711687496176,2023-26,1.0240808519908848,0
SLQT,2025-08-21,0.21857921681843706,2023-26,1.0217363330506253,0
SLS,2016-12-28,0.22448979591836737,2015-19,4.212801488201048,1
SLS,2017-02-06,0.7833333333333334,2015-19,18.171330707742197,2
SLS,2018-04-02,0.6231884057971016,2015-19,15.210018779814334,1
SLS,2018-07-20,0.20915032679738554,2015-19,34.468355166083384,0
SLS,2018-11-01,0.20491803278688514,2015-19,12.445804250111687,1
SLS,2018-11-09,0.20855614973262027,2015-19,11.059252056479666,1
SLS,2019-07-03,0.5,2015-19,20.412892814804668,1
SLS,2020-02-26,0.22705316124041697,2020-22,3.0962602682675664,0
SLS,2020-12-10,0.4256650777815445,2020-22,1.6788817306487078,0
SLS,2021-02-03,0.436430264258713,2020-22,1.6810437521626027,0
SLXN,2024-09-10,0.4285714285714286,2023-26,4.8011597809916795,1
SLXN,2024-10-01,0.37333335270957346,2023-26,4.8011597809916795,1
SLXN,2024-11-20,0.6681414953297531,2023-26,4.8011597809916795,1
SLXN,2025-01-28,1.0862068965517242,2023-26,0.005937499814311172,1
SLXN,2025-01-29,0.6074074074074074,2023-26,0.005937499814311172,1
SLXN,2025-03-05,0.4054054054054055,2023-26,0.005937499814311172,1
SLXN,2025-09-11,0.37346712530358106,2023-26,75.99694932767665,1
SMHI,2020-06-05,0.22040814340536663,2020-22,1.1142182782899281,0
SMMT,2022-08-19,0.2999999523162842,2020-22,7.110360915100734,0
SMMT,2022-08-22,0.3090909327357263,2020-22,7.110360915100734,0
SMMT,2022-12-06,0.6815286730601822,2020-22,3.485461372853601,0
SMSI,2019-03-14,0.29032255418177466,2015-19,1.5776647812859397,0
SMSI,2019-07-26,0.37681159420289845,2015-19,1.2857073883929016,0
SMSI,2024-09-17,0.6346154445727219,2023-26,1.9560904130717083,0
SMTK,2024-11-25,0.22187500000000004,2023-26,3.4456947371258857,0
SMTK,2024-11-26,0.4106813996316758,2023-26,3.4456947371258857,0
SMTK,2025-10-07,0.31768953068592065,2023-26,310.96705020805416,1
SND,2018-11-08,0.21254360900281877,2015-19,0.9931389228060492,0
SNDX,2020-01-31,0.2267267662879271,2020-22,1.7772622993753537,0
SNDX,2020-04-28,0.23805384158401077,2020-22,1.595053648976262,0
SNES,2018-05-21,0.26582278481012667,2015-19,1.4268721529463648,0
SNES,2018-05-22,0.22399999999999998,2015-19,1.4268721529463648,0
SNES,2018-05-23,0.25196850393700787,2015-19,1.4268721529463648,0
SNES,2021-03-19,0.8095238095238095,2020-22,2.9789601786749254,0
SNES,2022-10-19,0.5086207227294905,2020-22,71.35494700297635,2
SNES,2023-04-05,0.2012986814606459,2023-26,30.072773133067656,1
SNES,2023-11-13,0.3556485583822917,2023-26,2.8466728723843726,1
SNES,2023-12-14,0.20141349364947247,2023-26,2.8466728723843726,1
SNES,2023-12-28,0.7960602311074414,2023-26,2.8466728723843726,1
SNGX,2017-04-19,0.5564202642660032,2015-19,1.59719906617266,0
SNGX,2019-01-23,0.2621359379115422,2015-19,1.4578219594715531,0
SNGX,2020-03-19,0.2025316068582783,2020-22,1.937754962909996,0
SNGX,2020-03-23,0.2242423934165878,2020-22,1.5524785430114036,0
SNGX,2020-04-16,0.4571428753080822,2020-22,1.5524785430114036,0
SNGX,2020-04-30,0.27702700032321825,2020-22,1.5524785430114036,0
SNGX,2020-07-28,0.33802813706308443,2020-22,1.5557098878515918,0
SNGX,2023-05-04,1.5070422889930448,2023-26,3.5987243592132785,0
SNGX,2023-11-30,0.3095238787922481,2023-26,3.8688632887393797,1
SNGX,2024-01-02,0.34210525490240373,2023-26,3.8688632887393797,1
SNGX,2024-04-15,0.743589825884128,2023-26,4.797372819087615,1
SNGX,2024-07-09,2.2100000381469727,2023-26,6.515229270696381,1
SNGX,2025-07-31,0.5119999885559081,2023-26,6.897407246729072,0
SNOA,2015-12-17,0.2272727272727273,2015-19,1.298372022260309,1
SNOA,2016-04-20,0.26881720430107525,2015-19,1.2377841253082662,1
SNOA,2016-11-01,0.38749999999999996,2015-19,0.20589267486752164,0
SNOA,2018-04-05,0.29752059399329633,2015-19,2.5299697688306626,0
SNOA,2020-05-29,1.4214418427879303,2020-22,1.176518706508023,0
SNOA,2020-07-29,0.7647059240360301,2020-22,1.062016409327193,0
SNOA,2020-12-11,1.1386624426620813,2020-22,1.5161822253221247,0
SNOA,2021-04-01,0.26379539258521456,2020-22,1.49113600129393,0
SNOA,2021-08-19,1.0499076645802177,2020-22,1.48282073523772,0
SNOA,2021-09-28,0.599999971478899,2020-22,1.483793841171897,0
SNOA,2022-03-30,0.21130960152533396,2020-22,1.5008832433626005,0
SNOA,2022-05-03,0.49248121028582914,2020-22,1.5952601855456707,0
SNOA,2023-01-25,0.6583333015441895,2023-26,5.029833656249557,0
SNOA,2023-06-09,0.4742268527753939,2023-26,4.0379947548495485,0
SNOA,2024-06-18,0.5882352776180919,2023-26,1.7500766367301803,1
SNOA,2024-11-19,0.2751938213730989,2023-26,1.270246495963918,0
SNOA,2025-03-11,0.544802867996091,2023-26,1.0710796433887353,0
SNOA,2025-04-23,0.759656669048806,2023-26,2.9619412476443046,0
SNOA,2025-08-14,0.8459017057247116,2023-26,2.913259656737269,0
SNTI,2022-09-19,0.3687499761581421,2020-22,1.0266966757247002,0
SNTI,2023-11-07,1.0410958501451089,2023-26,1.0301101896846945,1
SNTI,2023-12-22,0.28018224521226687,2023-26,1.0301101896846945,1
SNTI,2024-06-25,0.27380954858847684,2023-26,5.7174503318444545,1
SNTI,2024-07-01,0.2826086862626582,2023-26,5.7174503318444545,1
SNTI,2024-12-02,2.2824073476188,2023-26,5.7295428171061396,0
SOAR,2024-07-23,0.5690375794504756,2023-26,4.7954568615648725,1
SOAR,2024-11-19,1.6066349910123385,2023-26,6.247022390415236,1
SOAR,2024-12-03,0.8018017634535843,2023-26,6.247022390415236,1
SOAR,2025-06-03,0.20599211131949935,2023-26,25.057517161568075,0
SOAR,2025-06-12,0.5552995226373045,2023-26,25.057517161568075,0
SOAR,2025-07-29,0.26315803933635595,2023-26,25.057517161568075,0
SONM,2020-04-01,0.44285714285714284,2020-22,3.2125884754706293,0
SONM,2021-06-08,0.274545503866793,2020-22,5.175046652905385,1
SONM,2021-10-25,0.6256684559855568,2020-22,4.795283442913965,1
SONM,2022-05-05,0.2590908921600523,2020-22,2.1275093072041913,0
SONM,2022-06-14,0.33461538680990155,2020-22,2.1425168220414608,0
SONM,2022-07-15,0.2711864772067163,2020-22,2.1425168220414608,0
SONM,2025-04-01,0.20560742665694964,2023-26,4.236018745561592,1
SONM,2025-06-16,0.645161367507461,2023-26,4.236018745561592,1
SONM,2025-06-25,0.40625002956579626,2023-26,4.236018745561592,1
SOWG,2025-07-25,0.24242430956385097,2023-26,26.486585768677315,1
SPAI,2024-09-26,0.21451675303878748,2023-26,1.533105866713391,0
SPAI,2024-11-20,0.2521739887605332,2023-26,1.533105866713391,0
SPAI,2024-11-21,0.9303124855412173,2023-26,1.533105866713391,0
SPCB,2018-01-08,0.23498694516971286,2015-19,1.0780767169402967,0
SPCB,2021-02-05,0.27857142857142847,2020-22,1.4120572065897135,0
SPCB,2024-02-12,0.3888889256818804,2023-26,3.2696567940418153,1
SPCB,2025-01-03,0.2122396650665923,2023-26,2.4711115099719034,0
SPRB,2023-01-06,1.536,2023-26,1.727939728992689,0
SPRB,2025-10-06,2.9421770590499587,2023-26,5.104438034818006,0
SPRC,2023-02-17,0.46153841114184524,2023-26,2.702484247312777,1
SPRC,2024-01-24,0.6213873369178133,2023-26,15.322642542695947,0
SPRC,2024-02-20,0.8534484326588396,2023-26,15.322642542695947,0
SPRC,2025-01-06,0.869318177908655,2023-26,0.7087316317288914,1
SPRO,2018-06-19,0.20719926124152988,2015-19,1.2983480896824886,0
SPRO,2022-09-22,1.4817516977896683,2020-22,1.5113524420362492,0
SPRO,2023-08-30,0.21167880353552126,2023-26,1.0256725857868283,0
SPRU,2025-08-08,0.3931624401877556,2023-26,1.0794992006445083,0
SPRY,2023-05-12,0.5398230237868951,2023-26,1.0222294352676908,0
SPWH,2020-12-22,0.36916997763803283,2020-22,1.0061034596191585,0
SPWH,2025-04-02,0.4404145320945696,2023-26,1.023601939838175,0
SPWR,2024-04-22,0.22222228109100883,2023-26,1.6328061236908062,0
SPWR,2024-07-01,0.9017858083683006,2023-26,1.692761169398207,0
SPWR,2025-10-21,0.2914285659790039,2023-26,2.512335253725759,0
SQFT,2020-12-18,0.3783783783783783,2020-22,1.219506060049017,0
SQFT,2025-07-14,1.1330722766603523,2023-26,1.0134440843428925,1
SQFT,2025-09-17,0.38879737508614687,2023-26,0.9885217161192154,0
SRFM,2024-10-07,0.21134012129852087,2023-26,0.5821199534812368,0
SRPT,2015-05-20,0.42124553598304204,2015-19,1.103911769645425,0
SRRK,2020-10-27,0.25728860526732666,2020-22,1.1751799441446868,0
SRRK,2024-10-07,2.5498652131744834,2023-26,1.2745734573762502,0
SRTA,2023-11-08,0.22026431903136934,2023-26,1.049311053012287,0
SRTA,2025-08-04,0.30158733162239626,2023-26,1.0828832958639574,0
SRTS,2024-01-23,0.2406014458024841,2023-26,1.006897156241538,0
SRTS,2024-05-10,0.26509192757231426,2023-26,1.0031026271471732,0
SRXH,2023-10-05,0.40624993294477774,2023-26,2.528867636706994,1
SRXH,2024-04-16,0.3607843430287003,2023-26,2.7103875219477147,0
SRXH,2024-05-24,0.6390242734202214,2023-26,2.7103875219477147,0
SRXH,2025-05-09,1.358490622622187,2023-26,180.52223460100817,0
SRXH,2025-08-15,0.42804421811199944,2023-26,371.87538607246654,1
SRZN,2022-12-15,0.3761467970177117,2020-22,0.8705169336565758,0
SSII,2025-04-25,0.9375,2023-26,1.0665100912104417,0
SSM,2025-09-05,1.5028441519312774,2023-26,1.0004549967490202,0
SSTI,2020-02-19,0.3396892314812745,2020-22,1.0188386736515727,0
SSTK,2025-01-07,0.23261237457357598,2023-26,1.0196750711722156,0
STAA,2025-08-05,0.4478096695046516,2023-26,1.011925586394456,0
STEX,2020-03-26,0.2273901566815406,2020-22,1.2243123141711025,0
STEX,2024-10-23,0.641791039464946,2023-26,2.4290307504214494,0
STI,2024-10-30,0.6590908959548987,2023-26,4.295310016877023,1
STI,2024-11-15,0.2542857578822544,2023-26,3.0283921221010504,1
STI,2024-12-27,0.3149039127241249,2023-26,3.0283921221010504,1
STI,2024-12-30,0.32667620576814893,2023-26,3.0283921221010504,1
STI,2025-03-12,0.48412699974523266,2023-26,3.142140140901829,1
STI,2025-05-08,0.5425532540890816,2023-26,2.850914850229675,1
STI,2025-09-03,1.2835365355032526,2023-26,3.1332593030454494,0
STIM,2020-06-23,0.20338990813206714,2020-22,1.405219115299174,0
STIM,2021-01-13,0.21079691705779302,2020-22,1.4032861207836156,0
STIM,2022-07-19,0.20604388460619694,2020-22,1.0843322202362449,0
STLN,2023-06-09,0.4091603334074676,2023-26,1.0125944118456762,0
STOK,2024-03-26,0.7030768761268029,2023-26,1.1791039009524564,0
STRL,2015-11-09,0.21140139154899584,2015-19,1.2764318463644129,0
STRO,2020-12-04,0.3747058644014247,2020-22,1.1985839822095932,0
STRR,2017-12-18,0.29411763880904584,2015-19,1.018027829220557,0
STTK,2023-12-13,1.0758295413289587,2023-26,1.1236710137591697,0
STTK,2025-08-05,0.3458950728777115,2023-26,2.0952994870064745,0
STXS,2015-09-01,0.2666666507720947,2015-19,1.0397266879060043,0
SUGP,2024-02-23,0.5666666666666667,2023-26,1.0450943396226415,0
SUIG,2025-01-07,0.23893803722642382,2023-26,13.009483254779958,0
SUIG,2025-07-25,0.5243242685946352,2023-26,12.02816050416154,0
SUNE,2021-03-02,0.874766355140187,2020-22,4.168555296371811,1
SUNE,2021-09-14,0.215022091310751,2020-22,3.875598758691899,1
SUNE,2022-11-15,0.29361702127659584,2020-22,1.0834967680184748,0
SUNE,2024-04-23,0.3999999999999999,2023-26,1574976.9664269707,3
SUNE,2024-04-26,0.6000000000000001,2023-26,1574976.9664269707,3
SUNE,2024-05-16,0.5555555555555556,2023-26,1574976.9664269707,3
SUNE,2024-05-28,0.6666666666666667,2023-26,1574976.9664269707,3
SUNE,2024-07-09,0.6333333333333333,2023-26,7974.642243200728,3
SUNE,2025-03-07,1.7777777777777777,2023-26,375.4378443669434,1
SUNE,2025-03-14,0.25,2023-26,375.4378443669434,1
SURG,2025-03-26,0.7391305098987335,2023-26,1.2307686692470032,0
SVRA,2019-12-30,1.3815027977661969,2015-19,1.3137774297964595,0
SVRA,2021-03-16,0.2711864543762472,2020-22,2.1026627258101946,0
SWBI,2018-08-31,0.21801428668578904,2015-19,1.0079561057202584,0
SWBI,2020-06-01,0.26818953195179795,2020-22,0.6699722872812092,0
SWIM,2024-08-07,0.2797428145735852,2023-26,1.0083490239411868,0
SXTP,2023-12-26,0.33037696638942915,2023-26,4.753756982240818,1
SXTP,2024-07-19,1.0,2023-26,21.28399635696678,2
SXTP,2024-08-12,0.245519696109453,2023-26,21.28399635696678,2
SXTP,2025-01-29,0.28534368331778714,2023-26,22.953890483641754,2
SXTP,2025-04-08,0.37374864223733684,2023-26,7.160850327688879,1
SYPR,2020-09-25,0.32258065549855086,2020-22,1.02199032908972,0
SYPR,2021-02-24,1.5864661249784775,2020-22,1.0264098395477885,0
SYPR,2021-04-23,0.2882562132646598,2020-22,1.0206540917199884,0
SYRE,2022-08-19,0.48118817924272905,2020-22,1.6542221497859086,0
TAOP,2018-01-05,0.7920792079207921,2015-19,1.0380054673542962,0
TAOP,2021-02-19,0.25173611111111116,2020-22,1.8279351277419136,0
TAOP,2024-02-14,0.6929824629893506,2023-26,4.628254436130578,0
TAOX,2021-06-17,0.2359550561797752,2020-22,1.9499365616258695,1
TAOX,2025-06-09,0.3817426577220462,2023-26,5.384343959447841,0
TARA,2017-05-10,0.42307692307692313,2015-19,1.0645144815036343,0
TARA,2019-09-24,0.2771083904742009,2015-19,22.898370081296296,1
TARA,2020-07-28,0.40736475090919155,2020-22,1.9228719248672346,0
TARA,2024-12-05,1.6694915003102135,2023-26,1.8704646856979321,0
TARA,2025-09-22,0.20689650017974826,2023-26,1.5316908880216593,0
TATT,2021-01-06,0.49411765255867546,2020-22,1.0,0
TBCH,2018-05-10,0.6296830441448829,2015-19,1.0691904565603163,0
TBCH,2024-03-14,0.2783318878351013,2023-26,1.1575721645346966,0
TBI,2025-05-13,0.2451612565817627,2023-26,1.0180842005752473,0
TCMD,2025-08-05,0.3538928087462636,2023-26,1.0161555112798701,0
TCRT,2022-04-29,0.20930232558139528,2020-22,1.1133572472793287,0
TDAY,2020-04-07,0.22388055585333166,2020-22,1.0877912185377892,0
TE,2024-11-06,0.23809524890787248,2023-26,1.511603682033633,0
TECX,2023-07-12,0.3265306188648778,2023-26,4.010447583091408,1
TELO,2025-07-18,1.5247933640032882,2023-26,2.3107790292074255,0
TELO,2025-08-28,0.39189183529142646,2023-26,2.1305108241790753,0
TELO,2025-10-07,0.21126766238887207,2023-26,2.1305108241790753,0
TELO,2025-10-09,0.2242424303725623,2023-26,2.1305108241790753,0
TENB,2019-10-30,0.2361607591792645,2015-19,1.0644527732138958,0
TENX,2017-04-06,0.29979035639413,2015-19,1.0156727834591588,1
TENX,2018-04-04,0.8796992481203008,2015-19,4.309716064779834,0
TENX,2018-12-07,0.20238095238095233,2015-19,4.600394678661695,0
TENX,2019-03-28,0.20994475138121538,2015-19,1.2362213974510086,0
TENX,2020-12-29,1.0,2020-22,1.9974781623391789,0
TENX,2022-06-27,0.4612902979696951,2020-22,18.933245061255814,1
TENX,2023-02-02,1.4260355577194748,2023-26,70.09971649724702,2
TENX,2023-03-13,0.2456140600376484,2023-26,70.09971649724702,2
TENX,2023-11-13,1.006410403364514,2023-26,11.428527366487426,1
TENX,2024-02-06,1.3291283077979386,2023-26,13.310913714837305,1
TENX,2024-08-06,0.6883560614819446,2023-26,2.3298923270581566,0
TG,2020-12-02,0.2728914864576526,2020-22,1.0073004267030568,0
TGL,2023-10-18,0.8717948717948718,2023-26,70.0,1
TGL,2024-01-19,0.2524271844660195,2023-26,180.62728389046745,1
TGL,2024-03-20,0.6621004566210045,2023-26,1.714466486264747,1
TGL,2024-08-20,1.603448275862069,2023-26,325.36956799997546,1
TGL,2024-09-23,0.588235294117647,2023-26,325.36956799997546,1
TGL,2025-01-03,2.8526315789473684,2023-26,82.47660806437618,2
TGL,2025-01-17,0.36448598130841114,2023-26,82.47660806437618,2
TGL,2025-02-11,0.21354166666666674,2023-26,82.47660806437618,2
TGL,2025-03-24,0.5454545454545454,2023-26,31.962848801996625,2
TGL,2025-03-31,0.3500000000000001,2023-26,31.962848801996625,2
TGL,2025-04-16,0.7788462190938443,2023-26,31.962848801996625,2
TGL,2025-05-16,0.24725273688797422,2023-26,12.621538016571877,1
TGL,2025-06-04,0.3537414882133314,2023-26,12.621538016571877,1
TGL,2025-06-05,0.21621620054224122,2023-26,12.621538016571877,1
TGTX,2017-03-06,0.9158878846193097,2015-19,1.3280920523990212,0
TH,2023-11-08,0.27186010310295905,2023-26,0.9732420495324425,0
TIL,2024-07-12,0.25154645175631907,2023-26,1.0379468483050127,0
TIL,2025-04-23,0.22801699703279477,2023-26,1.0392420218125138,0
TIL,2025-05-20,0.20236687298762024,2023-26,1.0392420218125138,0
TIPT,2021-10-12,0.21209299841592477,2020-22,1.0851809985463816,0
TISI,2022-08-15,0.6428571498081217,2020-22,1.0106501547443254,1
TJGC,2025-06-03,0.4530612848640141,2023-26,1.0,0
TKLF,2024-05-28,0.2633333206176758,2023-26,10.025485427522547,1
TKNO,2023-09-27,0.31849308357518114,2023-26,1.880918844166016,0
TLF,2022-09-07,0.4543795186955406,2020-22,1.0198070400208255,0
TLPH,2022-07-07,0.23076929425347004,2020-22,2.2239120262686485,1
TLPH,2022-08-11,0.4999999006589293,2020-22,2.2181361962848483,1
TLS,2025-08-11,0.2058822468726096,2023-26,1.02797377951788,0
TMC,2022-03-08,0.2909091789203584,2020-22,1.2335962305339372,0
TMC,2023-02-01,0.2585812444372124,2023-26,1.1985338105255947,0
TMC,2023-08-14,0.29090902391544193,2023-26,1.1060739070619119,0
TMC,2025-04-14,0.23076924957937472,2023-26,1.245112997976935,0
TMC,2025-04-15,0.25971736866758555,2023-26,1.245112997976935,0
TMCI,2024-11-06,0.24999991721577453,2023-26,1.0228099783428044,0
TMDX,2022-11-04,0.25083092016192987,2020-22,1.0226623547889346,0
TMQ,2024-11-06,0.4035088104554496,2023-26,1.0211841913467095,0
TNDM,2017-08-28,0.3157142911638533,2015-19,11.421561609583131,1
TNGX,2023-08-09,0.3054830547259668,2023-26,1.211119843656528,0
TNON,2023-02-15,0.606060606060606,2023-26,3.316757144671335,1
TNON,2023-09-12,0.6597222022488851,2023-26,11.096657582748504,2
TNON,2023-11-03,0.682352915531447,2023-26,11.096657582748504,2
TNON,2024-09-12,1.3529412099934954,2023-26,17.421553446850485,1
TNON,2024-09-13,1.9090909090909092,2023-26,17.421553446850485,1
TNON,2024-10-18,0.3119533194188773,2023-26,17.421553446850485,1
TNON,2025-03-11,0.45600001743861607,2023-26,3.6014849251846512,0
TNON,2025-03-25,3.406953202479074,2023-26,3.6014849251846512,0
TNON,2025-08-01,0.23529404850606528,2023-26,4.1802670204737185,1
TNXP,2018-11-29,0.8973684210526316,2015-19,1.1090591831108005,1
TNXP,2018-12-07,0.9841269841269842,2015-19,1.1090591831108005,1
TNXP,2019-03-08,0.6448598130841121,2015-19,34.74730072509175,1
TNXP,2019-03-11,0.39642857142857135,2015-19,34.74730072509175,1
TNXP,2019-04-04,0.20171673819742497,2015-19,81.04324856545317,1
TNXP,2019-08-20,0.23404255319148937,2015-19,84.80195301271075,1
TNXP,2019-12-12,0.402061855670103,2015-19,99.40355347672681,0
TNXP,2020-01-24,0.3093525179856116,2020-22,205.6299339912623,0
TNXP,2020-02-26,1.1,2020-22,205.6299339912623,0
TNXP,2020-02-27,1.1666666666666665,2020-22,205.6299339912623,0
TNXP,2020-07-20,0.4814814814814814,2020-22,7.2441515466879975,0
TNXP,2020-12-07,0.6190476190476191,2020-22,2.8073578671782524,0
TNXP,2022-03-03,0.4736842105263157,2020-22,4.552566404381214,1
TNXP,2022-12-12,0.5405405405405406,2020-22,2.5906844789253283,1
TNXP,2024-08-19,0.33333333333333326,2023-26,331.99882846502385,2
TNXP,2024-08-26,0.2941176470588236,2023-26,331.99882846502385,2
TNXP,2024-11-20,0.625,2023-26,6.301180253161916,1
TNXP,2024-12-16,0.25,2023-26,6.301180253161916,1
TOMZ,2021-12-03,0.22674420753728008,2020-22,1.004217275025526,0
TOMZ,2022-08-08,0.28571430733955294,2020-22,1.004624302648826,0
TOMZ,2024-12-19,0.2658228459333032,2023-26,1.0104920234391803,0
TONX,2021-06-29,0.20606060606060606,2020-22,1.6400752227756976,0
TONX,2021-06-30,0.2774193548387096,2020-22,1.6400752227756976,0
TONX,2023-01-23,0.5589519650655022,2023-26,27.305952931271808,1
TONX,2023-09-05,0.6340782471146023,2023-26,44.123349935796895,1
TONX,2024-03-15,1.9225352505231945,2023-26,13.568058627935994,1
TONX,2024-03-18,0.27828052092193123,2023-26,13.568058627935994,1
TONX,2024-10-14,0.7699115385672652,2023-26,81.16977429644463,1
TONX,2025-08-04,0.5993690506919505,2023-26,29.016488272904258,0
TOON,2020-05-07,0.4999999006589293,2020-22,10.164537960286804,0
TOON,2020-09-25,0.2211538726056126,2020-22,1.3740929377595748,0
TOON,2022-05-18,0.3100436899450658,2020-22,1.0552144136797441,1
TOPS,2017-11-06,0.5555555555555556,2015-19,1598.4030182725487,3
TOPS,2017-11-07,1.0119047619047619,2015-19,1598.4030182725487,3
TOPS,2018-02-05,0.44999999999999996,2015-19,25.79387595859392,1
TOVX,2016-01-20,0.21052631578947367,2015-19,1.2943713983488574,0
TOVX,2017-05-11,0.2857142857142858,2015-19,1.0937953247647407,0
TOVX,2018-10-01,0.4423076923076923,2015-19,0.12639288924548797,0
TOVX,2021-01-05,0.8799999999999999,2020-22,6.604309624330841,0
TOVX,2023-06-28,0.3855421686746987,2023-26,41.54180216543691,1
TOVX,2024-08-30,0.3148936338584427,2023-26,0.38191334049308373,0
TOVX,2024-10-03,0.49193549162391315,2023-26,1.342538467078611,0
TOVX,2024-11-01,0.5,2023-26,1.342538467078611,0
TPCS,2024-04-08,0.2724551225196705,2023-26,1.111011170465348,0
TPET,2024-04-02,1.1359221423207102,2023-26,4.065488718885545,1
TPET,2024-04-11,0.3934427273673735,2023-26,4.075929276102131,1
TPET,2024-04-12,0.2121211954405655,2023-26,4.075929276102131,1
TPET,2024-06-11,0.956521667018958,2023-26,4.075929276102131,1
TPET,2024-12-19,2.654080419952276,2023-26,4.88820212743805,1
TPET,2025-01-08,0.5748031075597753,2023-26,4.88820212743805,1
TPST,2021-07-12,1.3477982094686882,2020-22,8.206824605784982,1
TPST,2023-04-28,0.8837208310444014,2023-26,2.1011793555961633,0
TPST,2024-10-16,0.2222222291889424,2023-26,2.289851209499031,1
TRAW,2015-08-14,0.9191919191919191,2015-19,2.9093082799917407,1
TRAW,2015-12-08,0.22137404580152675,2015-19,2.7182691433860993,1
TRAW,2019-11-21,0.5333333333333334,2015-19,22.56164981307629,0
TRAW,2020-07-21,0.31192660550458706,2020-22,1.4152885452826913,1
TRAW,2020-09-21,0.25,2020-22,1.744236471056797,1
TRAW,2020-12-01,0.31034482758620685,2020-22,1.694303223722556,1
TRAW,2020-12-23,0.4186046511627908,2020-22,1.694303223722556,1
TRAW,2023-04-21,0.2142857142857142,2023-26,1.206558945755607,0
TRAW,2024-12-23,1.3505976564878397,2023-26,2.6411252286358136,0
TRAW,2025-06-03,0.7816901745433926,2023-26,2.001907252763713,0
TRIB,2020-02-28,0.4018691588785046,2020-22,1.0,0
TRIB,2025-01-28,0.6052631446859509,2023-26,1.0417968553226697,0
TRNR,2024-02-26,0.4203125000000001,2023-26,2222.732117275086,2
TRNR,2024-06-17,0.5749128919860627,2023-26,3133.460219697019,3
TRNR,2024-08-12,1.1037463976945245,2023-26,385.5779660476227,2
TRNR,2024-09-24,0.35593220338983045,2023-26,594.6595989041446,2
TRNR,2024-11-19,0.5691699604743083,2023-26,38.17027614639711,1
TRNR,2024-11-27,0.3745454545454545,2023-26,38.17027614639711,1
TRNR,2024-12-10,0.20370370370370372,2023-26,38.17027614639711,1
TRNR,2025-02-19,0.3662551440329218,2023-26,329.08760180908604,2
TRNR,2025-02-26,0.6421052631578947,2023-26,329.08760180908604,2
TRNR,2025-02-27,0.544,2023-26,329.08760180908604,2
TRNR,2025-06-11,0.4782608695652173,2023-26,142.55082670802656,3
TRON,2024-10-22,0.4266303672221101,2023-26,24.685843214440016,0
TRON,2024-12-04,1.1746031986312504,2023-26,18.52886723337631,0
TRON,2025-02-14,1.0391061401356771,2023-26,19.773179028077514,0
TRON,2025-02-18,0.2657142752530621,2023-26,19.773179028077514,0
TRON,2025-06-16,2.8068964133789978,2023-26,27.510600390521475,0
TRUG,2025-02-19,0.4694376528117359,2023-26,38.453404845312306,2
TRVI,2020-03-31,0.2807017592781076,2020-22,1.1166182868440337,0
TRVI,2021-10-11,0.27499992549419705,2020-22,2.7743993584007502,0
TRVI,2022-06-29,0.2227723029370101,2020-22,2.072685621190085,0
TRVI,2024-12-12,0.570281152953944,2023-26,1.6682358405557454,0
TRVI,2025-03-10,0.532558107040844,2023-26,1.6704102431316872,0
TSEM,2022-02-15,0.4180500461091299,2020-22,1.018814152359563,0
TSHA,2022-10-25,0.45695368316444296,2020-22,4.549667086923154,0
TSHA,2023-08-14,1.0568334706767337,2023-26,3.179138887332059,0
TSHA,2024-03-20,0.31111113230387377,2023-26,1.09615828720482,0
TSHA,2024-11-12,0.27607357655880227,2023-26,1.3365616977019001,0
TSHA,2025-10-02,0.2688678499075603,2023-26,1.1944268859733203,0
TTEC,2024-09-30,0.38024688625350356,2023-26,1.0173025175927495,0
TTI,2020-05-05,0.36585367626551024,2020-22,1.0072122838446016,0
TTI,2020-06-08,0.23636362257082633,2020-22,1.0069657299559578,0
TTI,2023-08-01,0.20044546575629352,2023-26,1.0146049735984544,0
TTMI,2025-02-06,0.2271993141550126,2023-26,1.0140774012140499,0
TTMI,2025-05-01,0.22027970762118199,2023-26,1.0170545505834854,0
TULP,2020-10-27,0.4421052654222579,2020-22,1.0142092402631824,1
TULP,2020-11-02,0.3253011850429395,2020-22,1.0142092402631824,1
TULP,2021-12-06,0.336032353883438,2020-22,1.016057788129046,0
TULP,2022-07-08,0.22839498032958505,2020-22,1.0063612077729558,0
TUSK,2024-07-23,0.32571424756731315,2023-26,1.0038684128890245,0
TUSK,2025-04-14,0.222222201197656,2023-26,1.004798641704266,0
TVGN,2024-04-26,0.41176470588235303,2023-26,1.1171161993841876,0
TVGN,2024-05-13,0.4517766497461928,2023-26,1.1171161993841876,0
TVGN,2024-10-14,1.25,2023-26,1.1961028030691472,0
TVGN,2024-10-17,0.4326923076923077,2023-26,1.1961028030691472,0
TVGN,2025-01-27,0.36296296296296293,2023-26,1.1894245460587893,1
TVRD,2015-07-23,0.2291666577471536,2015-19,1.1953103973775328,0
TVRD,2018-06-27,0.2758514823640643,2015-19,1.419925509256036,0
TVRD,2021-08-24,0.21078427822380208,2020-22,1.0725892123319942,0
TVTX,2015-03-18,0.34214086441400515,2015-19,1.3847295063120668,0
TVTX,2016-09-07,0.28063725547486196,2015-19,1.0701194561605125,0
TVTX,2021-08-16,0.33139158244446665,2020-22,1.0533740732605879,0
TWAV,2019-04-18,0.3799999999999999,2015-19,1.0339081398358825,1
TWAV,2020-07-22,0.5640000000000001,2020-22,5.857424287036299,0
TWAV,2020-08-24,0.3198198198198199,2020-22,5.857424287036299,0
TWAV,2023-01-05,0.5429863296614714,2023-26,8.121371208923351,1
TWAV,2023-10-13,0.344827574867131,2023-26,15.635143656313234,1
TWAV,2024-03-20,0.5714286322496385,2023-26,2.768847937414753,1
TWAV,2024-09-12,0.22713856008264055,2023-26,0.11356003582979332,0
TWAV,2025-04-22,0.8504672168342227,2023-26,2.8808858749391737,0
TXMD,2017-11-06,0.3830275229357798,2015-19,1.0991155684672804,0
TXMD,2020-04-30,0.2556818181818181,2020-22,1.4274914708953772,0
TXMD,2022-03-07,0.5238095238095237,2020-22,1.171171858090912,1
TXMD,2022-05-31,3.457943688876693,2020-22,1.1482060228714683,1
TYGO,2025-07-30,0.35772352129116647,2023-26,1.2400369334504815,0
UAVS,2017-04-10,0.6842105263157894,2015-19,30.40908074325351,1
UAVS,2018-03-20,0.2068965517241379,2015-19,0.6097028841714996,0
UAVS,2018-11-27,0.5416666666666667,2015-19,1.3188620360462213,0
UAVS,2020-04-15,1.7941176470588234,2020-22,4.078902999416849,0
UAVS,2020-04-30,0.5913043478260869,2020-22,4.078902999416849,0
UAVS,2020-07-07,0.328125,2020-22,4.078902999416849,0
UAVS,2022-06-21,0.7068965517241379,2020-22,1.342169575520103,0
UAVS,2024-10-01,1.2222222222222223,2023-26,133.64995019551256,1
UAVS,2024-11-14,0.8819875431476538,2023-26,133.64995019551256,1
UAVS,2025-07-18,0.3673469056756109,2023-26,4.906680209643661,0
UCFI,2025-07-08,0.7604691119334932,2023-26,5.890942032254427,0
UCFI,2025-10-01,0.2958435190720865,2023-26,24.11976029378695,0
UCTT,2015-07-23,0.25461256365600016,2015-19,1.0385001068315747,0
UEC,2017-11-09,0.20000002167441577,2015-19,1.1388661804678482,0
UIS,2018-02-09,0.2095808287486538,2015-19,1.025420746834049,0
UIS,2020-02-06,0.47117111373863163,2020-22,1.0740487311161289,0
ULBI,2023-07-27,0.3103448809498133,2023-26,1.0292652457699494,0
ULBI,2024-02-15,0.2151899070354666,2023-26,1.0179222750785137,0
ULBI,2024-04-25,0.2027492039604688,2023-26,1.011317255505498,0
ULH,2024-04-26,0.23289753692798687,2023-26,1.0003079908517252,0
UMAC,2024-11-25,0.21363637201056984,2023-26,4.442580308608659,0
UMAC,2024-11-27,0.8953358477003506,2023-26,4.442580308608659,0
UNCY,2023-03-06,1.8775510422540966,2023-26,2.303479100543653,0
UP,2023-08-15,0.4084507231437082,2023-26,27.49295671745226,0
UPWK,2023-08-03,0.30391170028264924,2023-26,0.978671083334173,0
UPWK,2023-11-08,0.22194514842557722,2023-26,0.9820558149590399,0
UPXI,2021-10-14,0.5768463554107104,2020-22,1.063775977337132,0
UPXI,2024-10-17,0.3162055183252952,2023-26,56.38151512749251,1
UPXI,2024-10-25,2.0266666412353516,2023-26,56.38151512749251,1
UPXI,2025-04-21,3.4618733902850716,2023-26,67.49947930876797,0
USAU,2020-03-24,0.4698795820981827,2020-22,0.2885482264368616,0
USBC,2025-01-02,0.2352940268995054,2023-26,143.62667535113715,1
USBC,2025-06-06,1.0196078248044151,2023-26,51.75259053333333,0
USBC,2025-06-09,1.192307821627439,2023-26,51.75259053333333,0
USGO,2025-02-03,0.2948163579652505,2023-26,1.0705273319979223,0
USIO,2020-12-09,0.3606557110075055,2020-22,1.0086524207129008,0
USNA,2015-08-05,0.20663000910032703,2015-19,0.9509344731253264,0
USNA,2020-02-05,0.24313664045347272,2020-22,0.9634623208230076,0
UUU,2018-08-06,0.3888889256818804,2015-19,1.0,0
UUU,2020-10-29,1.3582088525411922,2020-22,1.0,0
UUU,2020-12-29,2.9902598267161338,2020-22,1.0,0
UUU,2022-02-25,0.3489932735558754,2020-22,1.0,0
UUU,2022-04-12,0.32625995365952276,2020-22,1.0,0
UUU,2024-10-31,0.3862068443888025,2023-26,1.0,0
UUU,2025-09-02,0.7545454683382651,2023-26,1.3093864940224058,0
VAI,2019-11-15,1.619047619047619,2015-19,1.5151392677682298,0
VAI,2020-06-18,0.2201963012097672,2020-22,1.921300571990731,0
VAI,2020-07-08,1.4340527132605554,2020-22,1.921300571990731,0
VAI,2020-07-09,0.8400000000000001,2020-22,1.921300571990731,0
VAI,2020-09-25,0.2941176470588236,2020-22,1.4249418422799256,0
VAI,2020-10-20,0.3262411347517731,2020-22,1.4249418422799256,0
VAI,2021-01-21,0.2713178294573644,2020-22,1.4139359293384857,0
VAI,2022-05-25,0.24719110755453677,2020-22,1.293711422124708,1
VANI,2016-07-07,0.23076914395318315,2015-19,1.5767884004608002,0
VANI,2017-04-13,0.24137935286894963,2015-19,1.0619741686906394,0
VANI,2020-06-09,0.3571428976902349,2020-22,2.516919854129278,0
VANI,2021-01-26,0.23923445048852243,2020-22,1.7046794190542158,0
VANI,2021-03-05,0.6013985889621423,2020-22,1.7046794190542158,0
VANI,2024-02-28,4.990099255307824,2023-26,1.1610550384458147,0
VATE,2018-05-02,0.5048356267632368,2015-19,1.0238953894356548,0
VATE,2025-01-21,0.4540116700992409,2023-26,1.0289372621052457,0
VBIO,2023-05-10,0.22077922077922074,2023-26,4.940040233529959,1
VBIO,2023-05-11,0.21212121212121215,2023-26,4.940040233529959,1
VBIO,2023-06-27,0.44999999999999996,2023-26,20.835795617010383,1
VBIO,2023-08-17,0.34328358208955234,2023-26,0.042179816098328674,0
VBIO,2023-08-29,1.0412371134020617,2023-26,0.042179816098328674,0
VBIO,2023-11-13,0.9159663865546219,2023-26,5.638176185396278,0
VBIO,2024-05-08,0.4761904761904763,2023-26,7.190769064970002,1
VBIO,2024-07-25,0.48692806968285773,2023-26,12.558211217304235,1
VBIO,2024-07-29,0.3053096930401973,2023-26,12.558211217304235,1
VBIO,2024-11-08,0.7432949711957264,2023-26,4.8549749077882245,1
VBIO,2024-12-24,0.6964286258097616,2023-26,3.6318503862469353,1
VBIO,2025-02-12,0.6382978723404256,2023-26,5.918732023684731,1
VBIO,2025-04-03,0.48923076923076914,2023-26,4.640790663998439,0
VBIO,2025-04-22,2.3057142857142856,2023-26,4.640790663998439,0
VBIO,2025-08-15,0.4542857142857142,2023-26,512.2147929556826,1
VCEL,2016-03-10,0.8632076702409963,2015-19,1.3719218836233418,0
VCEL,2016-12-14,0.5384615948919735,2015-19,1.44802841617388,0
VCEL,2018-11-06,0.23483535936787092,2015-19,1031.0783487838748,0
VCIG,2024-02-13,0.7091595845136922,2023-26,19.30714019422588,1
VCIG,2025-01-27,0.2583333333333333,2023-26,1053.5553614044973,2
VEEE,2022-08-12,0.48999996700802373,2020-22,1.36,0
VEEE,2025-09-05,0.6134020552811184,2023-26,9.500998301970366,1
VELO,2025-08-21,0.20569615167525646,2023-26,2.2853386492076693,0
VELO,2025-08-25,0.2853470090390058,2023-26,2.2853386492076693,0
VERI,2018-12-10,0.4138543297236563,2015-19,1.2732018341209703,0
VERU,2020-12-10,0.24164517589872392,2020-22,1.142050983325689,0
VERU,2021-05-05,0.2022988330358746,2020-22,1.1426779503124203,0
VERU,2022-04-11,0.3770115293305496,2020-22,1.1150445206949795,0
VFF,2025-08-11,0.3197674088184099,2023-26,1.0855981102759078,0
VHC,2016-02-04,0.8475991060707202,2015-19,1.0961156429586014,0
VHC,2016-10-03,0.57189535537551,2015-19,1.0384050918143561,0
VHC,2017-10-02,0.3076923076923077,2015-19,1.1449789752990935,0
VHC,2018-04-11,0.24390243902439024,2015-19,1.119413007607237,0
VHC,2018-08-31,0.20338983050847448,2015-19,1.1009793871434828,0
VHC,2023-03-30,0.32352941176470584,2023-26,1.031008202350309,1
VIAV,2025-01-31,0.21321322955370903,2023-26,1.0416493406834848,0
VIAV,2025-08-08,0.2204724217283056,2023-26,1.1052826117781371,0
VIR,2024-12-03,0.22699392246147676,2023-26,1.0102012109777423,0
VISN,2024-07-18,0.35672507689347577,2023-26,1.043570730230735,0
VIVK,2022-04-27,0.7777777449718764,2020-22,1.201229846969326,0
VIVK,2022-06-16,0.25423730747420525,2020-22,1.201229846969326,0
VIVK,2025-05-29,0.20235002626076914,2023-26,17.56714804952265,1
VIVK,2025-05-30,0.27088725742005204,2023-26,17.56714804952265,1
VIVK,2025-09-30,0.4124907286020587,2023-26,658.8429741692363,2
VIVK,2025-10-15,0.3312033862486137,2023-26,658.8429741692363,2
VIVK,2025-10-16,0.6231785499590117,2023-26,658.8429741692363,2
VIVO,2019-07-12,0.2847681542006699,2015-19,1.0000014752138986,0
VIVO,2020-08-25,0.2857142028941144,2020-22,1.3650181274016446,0
VIVO,2024-07-03,1.0399999618530273,2023-26,2.8216138222726457,0
VIVO,2024-07-10,0.6941177460561592,2023-26,2.8216138222726457,0
VIVS,2019-05-30,1.199999968210856,2015-19,21.862005348063704,1
VIVS,2024-04-15,0.6435643782495843,2023-26,3.107304189192231,1
VIVS,2025-02-25,2.378378334839559,2023-26,1.7929813177401575,1
VKTX,2017-12-06,0.2810218898709782,2015-19,2.5074648458585007,0
VKTX,2018-05-31,0.35814895069436425,2015-19,1.4177518217735998,0
VKTX,2022-12-19,0.3557213520207636,2020-22,1.3103446778536927,0
VMAR,2024-09-13,0.6466666666666667,2023-26,27028.294369645042,2
VMAR,2024-09-19,0.2288557213930349,2023-26,27028.294369645042,2
VNCE,2017-05-19,0.6666666907493517,2015-19,2.350204863249901,1
VNCE,2025-01-23,0.8638299115700381,2023-26,1.0578760835964258,0
VNCE,2025-09-11,1.1265060496202213,2023-26,0.9981648678016999,0
VNDA,2019-08-01,0.24497993875189383,2015-19,1.025857151631208,0
VNDA,2024-04-17,0.33827156075034615,2023-26,1.0242795224728138,0
VNDA,2024-06-06,0.28118802887612415,2023-26,1.0153072755268873,0
VNRX,2020-07-14,0.48571428571428577,2020-22,1.2897253772159782,0
VOR,2025-06-26,0.8050541640536737,2023-26,9.477222416795524,1
VOR,2025-08-13,0.24698796911152376,2023-26,9.340202262636256,1
VRA,2015-09-02,0.20325981050135278,2015-19,0.9274726101551868,0
VRAX,2023-04-19,0.4089403973509933,2023-26,1.6555530105989615,1
VRDN,2015-09-23,0.40601503759398505,2015-19,1.3714146344935294,0
VRDN,2020-01-30,0.30177512833973164,2020-22,3.411959841718192,1
VRDN,2020-06-17,0.27659571014307693,2020-22,2.7099660180410097,1
VRDN,2020-07-24,0.45205488519328374,2020-22,2.7099660180410097,1
VRDN,2020-10-28,1.221153889652304,2020-22,5.755773690352441,1
VRDN,2022-08-15,0.3584521962479228,2020-22,1.534225255919938,0
VREX,2021-02-05,0.25691306018898197,2020-22,1.010204081632653,0
VRME,2022-07-01,0.38775508962835414,2020-22,1.363419288154431,0
VRME,2023-12-08,0.2475247548124555,2023-26,1.050815137924015,0
VRME,2024-12-31,1.202810480849282,2023-26,1.1851155207641935,0
VRME,2025-01-02,0.47058821982578447,2023-26,1.1851155207641935,0
VS,2023-02-01,3.6713654134189495,2023-26,9.610401874707437,1
VS,2023-05-10,0.6031746001710938,2023-26,9.610401874707437,1
VS,2024-07-02,0.8257575682317371,2023-26,1.9559647488143526,0
VS,2024-10-16,2.2521739887605334,2023-26,1.9216776543794556,0
VSME,2024-01-24,0.21646347643211494,2023-26,2.79768685,1
VSME,2025-01-02,0.5,2023-26,6.882396845093653,0
VSTM,2017-09-06,0.44010412268754684,2015-19,1.9933859689842388,0
VSTM,2020-02-28,0.3089005192032641,2020-22,2.3088971531126994,0
VSTM,2021-09-20,0.2028985941250665,2020-22,1.162275182000111,0
VSTM,2024-12-31,0.3378745900110023,2023-26,1.9735331847738464,0
VTAK,2021-05-12,0.2349397590361446,2020-22,9.651815091398872,0
VTAK,2022-07-05,0.4516129032258065,2020-22,8.53134443876254,1
VTAK,2022-12-01,0.25714288336634006,2020-22,3.2509755224145764,0
VTAK,2022-12-02,0.2776025495529375,2020-22,3.2509755224145764,0
VTAK,2024-10-18,1.9772727765327662,2023-26,32.0597328753823,1
VTAK,2025-06-11,2.0869565502041887,2023-26,29.502405101421655,1
VTAK,2025-08-18,0.5555555961547192,2023-26,0.6169514148013016,0
VTGN,2017-10-26,0.32352939526515034,2015-19,3.338956995193879,0
VTGN,2017-12-06,0.22826090787444042,2015-19,2.654695616897687,0
VTGN,2018-05-25,0.7216494095314077,2015-19,1.861052329613889,0
VTGN,2019-12-10,0.23255814641192973,2015-19,3.2782205709395456,0
VTGN,2020-12-18,0.23655915669211058,2020-22,2.7909915931981835,0
VTGN,2022-12-06,0.33333342163651314,2020-22,3.9194810757268024,1
VTGN,2023-03-22,0.30769225126187605,2023-26,3.696571886612566,1
VTGN,2023-04-06,0.23076924957937472,2023-26,3.696571886612566,1
VTGN,2023-05-31,0.38461537521031275,2023-26,3.696571886612566,1
VTSI,2024-04-02,0.2421384097330761,2023-26,1.0135447936178468,0
VTSI,2025-05-13,0.21627403330712602,2023-26,1.0038787912373563,0
VUZI,2018-01-08,0.20915031172371767,2015-19,1.2424613843930468,0
VUZI,2024-09-03,0.23255805249727524,2023-26,1.172457919664013,0
VVOS,2022-01-19,0.24233128834355822,2020-22,1.0,0
VVOS,2023-01-04,1.7837837837837838,2023-26,1.3006820449694354,1
VVOS,2023-03-01,0.29508196721311486,2023-26,2.9672082783858365,1
VVOS,2023-08-08,1.0306513113167814,2023-26,2.8413180541302276,1
VVOS,2023-10-04,0.45945945945945943,2023-26,4.039004455442997,1
VVOS,2023-11-29,1.7175400154912341,2023-26,4.038644970424086,0
VVOS,2024-09-18,0.22142861947721437,2023-26,2.206330582380417,0
VVOS,2025-07-01,0.3322784568976569,2023-26,2.359207541531398,0
VYGR,2016-12-08,0.27458125152636526,2015-19,1.0085868374206337,0
VYGR,2021-10-06,0.6153846005345016,2020-22,1.0177062213961332,0
VYGR,2022-03-08,0.22137407358762018,2020-22,1.1405779521861827,0
VYGR,2024-01-02,0.24763036214428036,2023-26,1.2548341742287705,0
WATT,2017-12-27,0.9626696832579185,2015-19,1.1747080820299591,0
WATT,2018-12-27,0.3165938864628821,2015-19,1.2071495251891196,0
WATT,2020-04-21,1.61244019138756,2020-22,1.784820330734241,0
WATT,2020-06-17,0.588235294117647,2020-22,1.8154952367040205,0
WATT,2021-02-19,0.5779569892473118,2020-22,1.7293162586486712,0
WATT,2021-10-19,0.2749999999999999,2020-22,1.241889601727247,0
WATT,2024-12-30,2.0864198499897726,2023-26,7.42673940353552,1
WBTN,2025-08-13,0.3621795371439349,2023-26,1.0390694537611078,0
WBTN,2025-09-16,0.3208556269047589,2023-26,1.0390694537611078,0
WGS,2024-04-30,0.2981817939064719,2023-26,1.091482302547948,0
WHLR,2024-09-06,1.135265700483092,2023-26,9098.814425896326,6
WHLR,2024-12-13,0.2207207207207207,2023-26,664.1035764229589,4
WHLR,2025-01-16,0.7361702127659575,2023-26,4186.238072795543,6
WHLR,2025-04-10,0.35443037974683533,2023-26,1161.2946907366304,5
WHLR,2025-06-20,1.2163742690058479,2023-26,417302.2676827559,9
WHLR,2025-09-11,0.2142857142857142,2023-26,10860.115072498173,7
WHWK,2020-08-05,0.3636364161804051,2020-22,17.613760459863954,1
WHWK,2021-07-08,0.38011703907804195,2020-22,6.6630787073192765,1
WHWK,2021-11-23,0.23667707287760753,2020-22,1.1675640442539827,0
WIX,2016-02-10,0.205047313677013,2015-19,1.099941161347276,0
WKHS,2025-07-09,0.24723249699733363,2023-26,25.585926464689347,1
WKSP,2020-09-03,0.56,2020-22,4.030780548751823,1
WKSP,2021-02-17,0.2017167775466584,2020-22,5.104883356409465,1
WLDN,2024-03-08,0.22670024753252993,2023-26,1.0462985542740193,0
WLDS,2023-02-09,0.7777778076793824,2023-26,1.3546715819297634,0
WLDS,2024-02-28,0.21538460391938474,2023-26,0.6940188826172679,1
WLDS,2024-12-31,0.22826091839069984,2023-26,16.299379614198905,1
WS,2025-06-26,0.2056359318912393,2023-26,1.0040914025639378,0
WULF,2020-06-17,0.40533332824707036,2020-22,1.0024489539829402,0
WULF,2021-06-25,0.5876106399331786,2020-22,52.92553451917552,0
WVE,2024-09-24,0.20037446896058064,2023-26,1.3402649469813743,0
WVVI,2021-04-29,0.3434146788062118,2020-22,1.0,0
WWR,2016-08-24,0.5454545454545454,2015-19,2.9147048170952554,0
WWR,2018-10-24,0.23809523809523814,2015-19,2.768823750444886,1
WWR,2019-05-22,0.3090909633864187,2015-19,3.7265889102387773,0
WWR,2019-10-15,1.5945017072326446,2015-19,10.236651811877122,0
WWR,2020-06-02,1.1050000190734863,2020-22,5.807429795545836,0
WWR,2020-09-29,0.314720749520228,2020-22,4.662805765904388,0
WWR,2020-10-01,0.32270914177575105,2020-22,4.662805765904388,0
WWR,2023-05-03,0.2345678976006922,2023-26,1.1403046277440678,0
WYY,2022-07-13,0.23305093863681337,2020-22,1.024636051779652,0
XAIR,2023-12-20,0.2058823529411764,2023-26,2.7610862219623318,0
XBIO,2019-10-16,0.22467777266985345,2015-19,1.6817344210792575,0
XBIO,2020-12-09,2.583333340691931,2020-22,2.126349319997516,0
XBIT,2015-12-07,0.20209068457314872,2015-19,1.0086758316473492,0
XBIT,2017-06-12,0.2125000176951286,2015-19,1.0190891231259822,0
XBIT,2018-09-12,0.2510823274855756,2015-19,1.1470388197892494,0
XBIT,2019-12-09,1.0503596647217255,2015-19,0.7121680513939935,0
XBIT,2020-01-14,0.32384524744979193,2020-22,0.7169907592168155,0
XBP,2024-05-06,1.0377358117108684,2023-26,1.006506077583375,0
XBP,2024-11-12,0.6171616680424477,2023-26,3.895630002179267,0
XCUR,2019-11-14,0.2845528455284554,2015-19,1.1478232389351954,0
XCUR,2021-12-14,0.25555551787953323,2020-22,1.6901644649749639,1
XCUR,2022-05-11,0.24528300076090015,2020-22,2.1129011416517263,1
XCUR,2022-05-20,0.2561983314745002,2020-22,2.1129011416517263,1
XCUR,2022-08-04,0.43216083147366846,2020-22,2.1129011416517263,1
XCUR,2024-05-28,0.4030303579826118,2023-26,3.6514787991130744,1
XCUR,2024-08-02,0.6181819267728372,2023-26,3.651418863716122,1
XCUR,2024-09-16,0.42499996088445235,2023-26,3.6838284352550668,1
XCUR,2024-09-19,1.4628820787934895,2023-26,3.6838284352550668,1
XCUR,2025-01-23,0.47058825152318895,2023-26,2.934146993794201,0
XCUR,2025-03-04,0.21113077807020786,2023-26,2.934146993794201,0
XELB,2020-05-20,0.35064933456444014,2020-22,1.0209072554688048,0
XELB,2020-08-20,0.2742718800555446,2020-22,1.0160789016090654,0
XELB,2020-10-14,0.24651932932418186,2020-22,1.0170439560210993,0
XELB,2021-02-22,0.30024820143646536,2020-22,1.0176838590112651,0
XELB,2025-10-03,0.32947972656559,2023-26,2.714511520054685,0
XENE,2021-10-04,0.6993589474761437,2020-22,1.5208573864954986,0
XERS,2021-12-31,0.2304526450185873,2020-22,1.0904197842760825,0
XERS,2025-08-07,0.22586526405314733,2023-26,1.1290555588098212,0
XFOR,2025-08-12,0.21830990940681372,2023-26,8.690711817661386,0
XFOR,2025-08-13,0.2364341672685657,2023-26,8.690711817661386,0
XHR,2020-11-09,0.23435727287334696,2020-22,1.004206585668554,0
XLO,2024-03-28,2.0046947085574094,2023-26,1.50184164722999,0
XLO,2024-04-01,0.222222201197656,2023-26,1.50184164722999,0
XLO,2025-02-12,1.0547944893010763,2023-26,1.841644699902002,1
XLO,2025-05-13,0.24486999361763218,2023-26,1.5636341891388637,1
XMAX,2016-12-02,0.23605150214592285,2015-19,1.028686886323792,0
XMAX,2017-11-13,0.5141242937853108,2015-19,1.0098302461381332,0
XMAX,2017-12-20,0.21621621621621623,2015-19,1.0098302461381332,0
XMAX,2017-12-21,0.20576131687242794,2015-19,1.0098302461381332,0
XMAX,2020-06-18,0.3157894736842106,2020-22,1.2078025569741702,0
XMAX,2021-03-11,1.8875001271565757,2020-22,1.2289111200934968,0
XMAX,2023-07-17,0.37837833483955885,2023-26,2.1439583554002786,1
XMAX,2023-12-28,1.9419355374593286,2023-26,4.410954244959556,0
XMAX,2024-03-22,0.891891867510153,2023-26,8.079221790549736,0
XNCR,2015-09-16,0.23197491244582058,2015-19,1.0164761449562152,0
XNCR,2016-06-28,0.20414676454579594,2015-19,1.1516877296177033,0
XNET,2021-01-07,0.2712166366084736,2020-22,1.0085405145970112,0
XNET,2025-02-27,0.6344826259454324,2023-26,1.0225338475663521,0
XOS,2025-02-20,0.41533535666656407,2023-26,1.4923544189911404,0
XPON,2022-12-23,2.0417091168705293,2020-22,1.015913792414043,0
XPON,2023-02-10,0.3540621589283197,2023-26,1.0344688336461612,0
XPON,2024-08-06,0.2558138893026132,2023-26,49.37830195154511,1
XPON,2024-08-08,0.2023808857030449,2023-26,49.37830195154511,1
XPON,2024-09-06,0.3472222160900573,2023-26,6.2520886582704875,1
XPON,2024-09-20,1.2413793594838145,2023-26,17.375439856385057,1
XPON,2024-09-23,0.40000002991919414,2023-26,17.375439856385057,1
XPON,2024-10-14,0.6736401495552846,2023-26,17.375439856385057,1
XPON,2024-10-21,0.3892857864600494,2023-26,17.375439856385057,1
XPON,2024-10-25,0.36931813101877076,2023-26,17.375439856385057,1
XPON,2025-01-02,0.5355648691391262,2023-26,4.6070425679911375,0
XPON,2025-07-18,0.25961545221434323,2023-26,3.672487683131137,1
XPON,2025-08-14,1.7938929658330407,2023-26,3.3234390109131096,1
XPON,2025-09-24,0.37121206465430157,2023-26,3.3234390109131096,1
XTIA,2019-04-10,0.7919799733995723,2015-19,121.46669358754443,1
XTIA,2019-12-18,0.2987012987012987,2015-19,28.821263688956886,1
XTIA,2019-12-31,0.5263157894736843,2015-19,28.821263688956886,1
XTIA,2020-01-02,0.4128440366972477,2020-22,28.821263688956886,1
XTIA,2020-01-03,0.5319148384315266,2020-22,28.821263688956886,1
XTIA,2021-10-25,0.24671916010498696,2020-22,2.0703524353565266,1
XTIA,2022-09-26,0.5344827586206897,2020-22,59.12076656967234,1
XTIA,2022-10-17,0.7384937238493723,2020-22,59.12076656967234,1
XTIA,2023-04-14,0.9305555555555556,2023-26,66.93196320464659,1
XTIA,2023-09-28,0.37142857142857144,2023-26,210.41458592002465,1
XTIA,2023-12-15,0.42307692307692313,2023-26,118.71849668588139,1
XTIA,2024-01-12,0.5333333333333334,2023-26,118.71849668588139,1
XTIA,2024-04-02,0.46601941747572817,2023-26,1084.1888329063177,2
XTIA,2024-04-03,0.22857142857142865,2023-26,139.5632260826777,1
XTIA,2024-06-05,1.1304347826086958,2023-26,120.18512042776783,1
XTIA,2024-07-01,0.6266968325791855,2023-26,439.57194395374785,1
XTIA,2025-01-07,1.3863636363636362,2023-26,54.07156110049449,1
XTLB,2021-03-05,0.6678200680623145,2020-22,1.0597044025168607,0
XTNT,2017-01-11,0.2499999822605219,2015-19,1.4903273503215113,0
XTNT,2017-05-31,0.250000076416214,2015-19,8.673689241951532,1
XTNT,2017-08-09,0.21590905704281682,2015-19,8.718682436131495,1
XTNT,2018-05-21,0.23025216912829527,2015-19,1.0064457431667966,0
XTNT,2020-05-21,3.1343282267574137,2020-22,6.557028002660402,0
XTNT,2020-10-02,1.743902462958439,2020-22,6.5637500174877195,0
XWEL,2018-11-15,0.33333333333333326,2015-19,8.367074215699539,1
XWEL,2019-01-09,0.2777777777777777,2015-19,8.367074215699539,1
XWEL,2020-03-20,0.8333333554091282,2020-22,21.85390499633839,1
XWEL,2020-03-25,1.8571429868944707,2020-22,21.85390499633839,1
XWEL,2020-04-03,0.23529417814543074,2020-22,21.85390499633839,1
XWEL,2020-04-06,0.5454545388865404,2020-22,21.85390499633839,1
XWEL,2020-05-22,0.9807691578799234,2020-22,3.6514053384409926,1
XWEL,2020-12-17,0.2275861542800377,2020-22,1.519996625184196,0
XWEL,2023-08-17,0.23809524890787248,2023-26,1.2591139363908175,1
XXII,2024-09-13,0.8698884758364311,2023-26,2339.767412692,2
XXII,2025-01-15,0.21574803149606292,2023-26,665.1043000565993,3
XXII,2025-04-09,1.2857142857142856,2023-26,96.38865701195837,2
XXII,2025-07-17,0.6724890829694323,2023-26,2079.1097220065226,3
XXII,2025-09-25,0.21192052980132448,2023-26,58.35785818866802,2
YARW,2021-01-25,0.5372340425531914,2020-22,1.3382428400095627,1
YARW,2023-10-30,0.4031180400890868,2023-26,4.497427873600102,0
YCBD,2018-12-04,0.25647670601302597,2015-19,2.7458522512727632,0
YCBD,2020-04-08,0.20789475005089053,2020-22,2.035265600485073,0
YCBD,2020-05-18,0.44329891861857096,2020-22,1.0990079836919562,0
YCBD,2023-12-29,0.6202530843327989,2023-26,1.9399922247944998,0
YEXT,2021-05-28,0.21039797811755223,2020-22,0.9789665789961568,0
YEXT,2024-03-07,0.2567113629494011,2023-26,1.0129552787778924,0
YHC,2023-10-16,1.494186046511628,2023-26,20.91916559812607,1
YHC,2023-11-13,0.24444444444444446,2023-26,20.91916559812607,1
YHC,2023-11-21,0.2622950819672132,2023-26,0.023847042325638633,0
YHC,2023-11-30,0.21333328683035724,2023-26,0.023847042325638633,0
YHC,2025-05-12,0.9346733668341709,2023-26,20.54926897165657,1
YHC,2025-07-14,0.34615384615384626,2023-26,125.36842345570797,2
YHGJ,2020-01-06,0.26190486462478924,2020-22,1.507748015485082,0
YHGJ,2020-06-12,1.9735681819976878,2020-22,1.3097360214728404,0
YHGJ,2020-06-24,1.2627118924882552,2020-22,1.3097360214728404,0
YHGJ,2021-02-23,0.7426159454662487,2020-22,1.0221493500812464,0
YHGJ,2022-12-02,0.23684207059009532,2020-22,1.2514254387125647,0
YHGJ,2025-10-10,0.33333333333333326,2023-26,0.9949974118758406,1
YYAI,2023-07-31,0.2615384615384615,2023-26,265.45577598598027,2
YYAI,2023-09-19,0.855263157894737,2023-26,265.45577598598027,2
YYAI,2023-11-30,0.22093023255813948,2023-26,84.76303004446224,1
YYAI,2023-12-14,0.2272727272727273,2023-26,84.76303004446224,1
YYAI,2023-12-26,0.4285714285714286,2023-26,84.76303004446224,1
YYAI,2024-01-29,0.4193548387096775,2023-26,84.76303004446224,1
YYAI,2024-01-31,0.8894472361809045,2023-26,84.76303004446224,1
YYAI,2025-10-08,0.5555555555555556,2023-26,12585.074564552859,3
YYAI,2025-10-09,0.4196891191709844,2023-26,12585.074564552859,3
ZKIN,2020-11-25,0.5028572082519531,2020-22,1.7464737516892854,0
ZNTL,2024-09-16,0.5308642047986154,2023-26,1.0160715043364972,0
ZONE,2024-12-11,0.25000004656612984,2023-26,26.432132814807684,0
ZONE,2025-02-04,0.3333333722906182,2023-26,26.432132814807684,0
ZSQR,2024-12-26,1.1126761201874809,2023-26,2.597419128616585,1
ZSTK,2024-03-25,0.2848101191377892,2023-26,2.1631604628064443,0
ZSTK,2025-09-22,0.7279411280031449,2023-26,30.223482633190383,1
ZURA,2023-05-24,0.22803743715442115,2023-26,8.482946998410968,0
ZURA,2025-09-29,0.48962646735006077,2023-26,1.473884947471055,0
ZVRA,2015-08-14,0.23239429998294137,2015-19,1.029569928564053,0
ZVRA,2020-03-03,0.43730889943848594,2020-22,8.957747620422975,1
ZYME,2022-12-19,0.27863779877796824,2020-22,1.111207665261177,0
