sym,date,setup,R,epoca
AACG,2021-02-04,"F día 2: corto apertura, stop máx. día 1 (día 1 cerró fuerte)",0.35454821647202706,2020-22
AACG,2025-08-01,"G first red day: corto al día siguiente, stop máx. día rojo",-0.25105323644432065,2023-26
AAME,2021-02-05,"F día 2: corto apertura, stop máx. día 1 (día 1 cerró débil)",-0.14478373575071898,2020-22
ABAT,2016-05-27,"F día 2: corto apertura, stop máx. día 1 (día 1 cerró débil)",-0.014285714285714287,2015-19
ABAT,2016-09-30,"G first red day: corto al día siguiente, stop máx. día rojo",0.488884733531677,2015-19
ABAT,2020-01-16,"G first red day: corto al día siguiente, stop máx. día rojo",-0.03523693474040904,2020-22
ABAT,2020-02-12,"G first red day: corto al día siguiente, stop máx. día rojo",0.44390579641763966,2020-22
ABAT,2020-11-30,"F día 2: corto apertura, stop máx. día 1 (día 1 cerró débil)",0.2943878318515221,2020-22
ABAT,2020-12-23,"G first red day: corto al día siguiente, stop máx. día rojo",0.021271208058857835,2020-22
ABAT,2021-01-26,"G first red day: corto al día siguiente, stop máx. día rojo",0.49584405769618617,2020-22
ABAT,2025-10-15,"G first red day: corto al día siguiente, stop máx. día rojo",0.07132635547193646,2023-26
ABEO,2015-05-06,"F día 2: corto apertura, stop máx. día 1 (día 1 cerró débil)",2.599546690843156,2015-19
ABEO,2015-05-07,"G first red day: corto al día siguiente, stop máx. día rojo",-0.018898809523809526,2015-19
ABLV,2026-05-12,"G first red day: corto al día siguiente, stop máx. día rojo",-0.6573769999716246,2023-26
ABOS,2022-09-28,"F día 2: corto apertura, stop máx. día 1 (día 1 cerró fuerte)",-1.0450754876731954,2020-22
ABOS,2023-07-17,"F día 2: corto apertura, stop máx. día 1 (día 1 cerró débil)",0.3859303745701091,2023-26
ABTC,2019-06-20,"G first red day: corto al día siguiente, stop máx. día rojo",0.09451326604688196,2015-19
ABTC,2019-12-04,"G first red day: corto al día siguiente, stop máx. día rojo",0.10656028368794326,2015-19
ABTC,2025-05-12,"F día 2: corto apertura, stop máx. día 1 (día 1 cerró débil)",0.2189255365115944,2023-26
ABTC,2025-05-13,"G first red day: corto al día siguiente, stop máx. día rojo",0.38745328428934295,2023-26
ABTC,2025-05-19,"G first red day: corto al día siguiente, stop máx. día rojo",0.21059782608695649,2023-26
ABTS,2020-03-12,"G first red day: corto al día siguiente, stop máx. día rojo",0.2905273346379998,2020-22
ABTS,2020-06-11,"G first red day: corto al día siguiente, stop máx. día rojo",1.8220148385069428,2020-22
ABTS,2020-08-10,"F día 2: corto apertura, stop máx. día 1 (día 1 cerró débil)",-0.22291098333870554,2020-22
ABTS,2020-08-27,"F día 2: corto apertura, stop máx. día 1 (día 1 cerró débil)",-0.35680008341446334,2020-22
ABTS,2023-01-17,"G first red day: corto al día siguiente, stop máx. día rojo",0.6010485246806491,2023-26
ABTS,2025-03-10,"F día 2: corto apertura, stop máx. día 1 (día 1 cerró fuerte)",0.23793951426064577,2023-26
ABTS,2025-09-23,"G first red day: corto al día siguiente, stop máx. día rojo",0.9120812531348377,2023-26
ABTS,2026-06-03,"G first red day: corto al día siguiente, stop máx. día rojo",-1.0233066244359634,2023-26
ABUS,2021-12-01,"F día 2: corto apertura, stop máx. día 1 (día 1 cerró débil)",0.36765046528557566,2020-22
ABVC,2021-11-01,"F día 2: corto apertura, stop máx. día 1 (día 1 cerró débil)",0.08778099978571999,2020-22
ABVC,2023-01-05,"F día 2: corto apertura, stop máx. día 1 (día 1 cerró débil)",0.020260486062878627,2023-26
ABVC,2023-08-01,"F día 2: corto apertura, stop máx. día 1 (día 1 cerró débil)",0.22840153323259754,2023-26
ABVC,2023-10-26,"F día 2: corto apertura, stop máx. día 1 (día 1 cerró débil)",0.049351333409983614,2023-26
ABVC,2024-01-03,"F día 2: corto apertura, stop máx. día 1 (día 1 cerró débil)",0.6494607717693603,2023-26
ABVC,2025-04-02,"G first red day: corto al día siguiente, stop máx. día rojo",0.5475142328144201,2023-26
ABVX,2025-07-23,"F día 2: corto apertura, stop máx. día 1 (día 1 cerró fuerte)",-1.181568748246033,2023-26
ACAD,2019-09-09,"F día 2: corto apertura, stop máx. día 1 (día 1 cerró débil)",-0.44073634080594004,2015-19
ACB,2015-02-20,"F día 2: corto apertura, stop máx. día 1 (día 1 cerró débil)",0.6697847048571198,2015-19
ACB,2020-05-19,"G first red day: corto al día siguiente, stop máx. día rojo",0.11830985915492959,2020-22
ACET,2018-07-25,"F día 2: corto apertura, stop máx. día 1 (día 1 cerró débil)",0.0732740800170364,2015-19
ACHV,2016-04-27,"G first red day: corto al día siguiente, stop máx. día rojo",0.39221341023792344,2015-19
ACHV,2018-09-27,"F día 2: corto apertura, stop máx. día 1 (día 1 cerró débil)",0.22208445494382803,2015-19
ACHV,2019-02-22,"F día 2: corto apertura, stop máx. día 1 (día 1 cerró débil)",0.21095111670781053,2015-19
ACHV,2019-03-15,"F día 2: corto apertura, stop máx. día 1 (día 1 cerró débil)",-0.2218873178196408,2015-19
ACIU,2020-07-16,"F día 2: corto apertura, stop máx. día 1 (día 1 cerró débil)",0.03699157369749769,2020-22
ACIU,2021-02-11,"F día 2: corto apertura, stop máx. día 1 (día 1 cerró débil)",-0.05526765730549376,2020-22
ACIU,2021-08-31,"F día 2: corto apertura, stop máx. día 1 (día 1 cerró débil)",0.07690806108643754,2020-22
ACON,2023-04-24,"F día 2: corto apertura, stop máx. día 1 (día 1 cerró débil)",0.2175528767002615,2023-26
ACON,2023-05-30,"F día 2: corto apertura, stop máx. día 1 (día 1 cerró débil)",-0.16009981351042366,2023-26
ACON,2023-12-20,"F día 2: corto apertura, stop máx. día 1 (día 1 cerró débil)",0.04204042382216959,2023-26
ACON,2023-12-21,"G first red day: corto al día siguiente, stop máx. día rojo",-0.3500128022685308,2023-26
ACON,2024-01-08,"F día 2: corto apertura, stop máx. día 1 (día 1 cerró débil)",0.0381761711364182,2023-26
ACON,2024-01-26,"F día 2: corto apertura, stop máx. día 1 (día 1 cerró débil)",-0.024286650374236107,2023-26
ACON,2025-01-24,"F día 2: corto apertura, stop máx. día 1 (día 1 cerró débil)",0.1609728388887003,2023-26
ACON,2025-03-03,"F día 2: corto apertura, stop máx. día 1 (día 1 cerró fuerte)",0.2581498418836846,2023-26
ACON,2025-03-04,"G first red day: corto al día siguiente, stop máx. día rojo",-1.0259154887648787,2023-26
ACRE,2020-03-30,"G first red day: corto al día siguiente, stop máx. día rojo",-0.0396798318103238,2020-22
ACRS,2019-09-17,"F día 2: corto apertura, stop máx. día 1 (día 1 cerró débil)",0.34783847076182134,2015-19
ACRS,2024-11-20,"G first red day: corto al día siguiente, stop máx. día rojo",-1.1524389924781862,2023-26
ACRV,2024-04-09,"F día 2: corto apertura, stop máx. día 1 (día 1 cerró débil)",-0.40446389551013967,2023-26
ACXP,2025-06-17,"F día 2: corto apertura, stop máx. día 1 (día 1 cerró débil)",-0.16405332117370755,2023-26
ACXP,2025-10-08,"F día 2: corto apertura, stop máx. día 1 (día 1 cerró fuerte)",1.615445832064044,2023-26
ACXP,2026-03-12,"G first red day: corto al día siguiente, stop máx. día rojo",0.22191141777976683,2023-26
ADIL,2018-12-03,"G first red day: corto al día siguiente, stop máx. día rojo",-0.03636363636363636,2015-19
ADIL,2024-03-01,"F día 2: corto apertura, stop máx. día 1 (día 1 cerró débil)",0.48057177370646254,2023-26
ADIL,2024-03-04,"G first red day: corto al día siguiente, stop máx. día rojo",0.00211267605633803,2023-26
ADIL,2024-04-10,"F día 2: corto apertura, stop máx. día 1 (día 1 cerró fuerte)",-1.0557909604519773,2023-26
ADIL,2024-04-12,"G first red day: corto al día siguiente, stop máx. día rojo",-1.033215234720992,2023-26
ADIL,2024-07-23,"F día 2: corto apertura, stop máx. día 1 (día 1 cerró débil)",-0.03694300518134715,2023-26
ADMA,2019-04-02,"F día 2: corto apertura, stop máx. día 1 (día 1 cerró débil)",-0.009067768371936848,2015-19
ADT,2020-08-03,"F día 2: corto apertura, stop máx. día 1 (día 1 cerró débil)",0.14118088367357318,2020-22
ADVB,2026-04-07,"F día 2: corto apertura, stop máx. día 1 (día 1 cerró débil)",-0.18333548604162686,2023-26
ADXN,2021-01-21,"F día 2: corto apertura, stop máx. día 1 (día 1 cerró débil)",0.021305519018975733,2020-22
ADXN,2022-07-21,"F día 2: corto apertura, stop máx. día 1 (día 1 cerró débil)",-0.32183040974880567,2020-22
ADXN,2024-08-27,"F día 2: corto apertura, stop máx. día 1 (día 1 cerró débil)",0.23081308985374524,2023-26
AEC,2016-04-14,"F día 2: corto apertura, stop máx. día 1 (día 1 cerró débil)",-0.04464285714285715,2015-19
AEHL,2018-10-19,"G first red day: corto al día siguiente, stop máx. día rojo",0.2111575063119052,2015-19
AEHL,2019-01-03,"G first red day: corto al día siguiente, stop máx. día rojo",-0.5170834800986263,2015-19
AEHL,2019-12-13,"F día 2: corto apertura, stop máx. día 1 (día 1 cerró débil)",-0.047519329896907214,2015-19
AEHL,2020-05-20,"F día 2: corto apertura, stop máx. día 1 (día 1 cerró débil)",0.04309094675782058,2020-22
AEHL,2021-06-09,"F día 2: corto apertura, stop máx. día 1 (día 1 cerró débil)",-0.003034371643394201,2020-22
AEHL,2025-09-10,"F día 2: corto apertura, stop máx. día 1 (día 1 cerró débil)",-0.027197392252223947,2023-26
AEHL,2025-12-30,"F día 2: corto apertura, stop máx. día 1 (día 1 cerró fuerte)",0.6965534338327408,2023-26
AEHL,2026-05-08,"F día 2: corto apertura, stop máx. día 1 (día 1 cerró débil)",-0.15734306060726908,2023-26
AEHL,2026-05-15,"G first red day: corto al día siguiente, stop máx. día rojo",-0.16714825172688735,2023-26
AEHL,2026-08-31,"F día 2: corto apertura, stop máx. día 1 (día 1 cerró débil)",0.07374021892854384,2023-26
AEHL,2026-09-18,"G first red day: corto al día siguiente, stop máx. día rojo",0.3268181793552054,2023-26
AEHR,2021-07-20,"G first red day: corto al día siguiente, stop máx. día rojo",-1.0293577978393404,2020-22
AEI,2021-06-21,"F día 2: corto apertura, stop máx. día 1 (día 1 cerró débil)",-0.09293741922337213,2020-22
AEI,2022-04-08,"G first red day: corto al día siguiente, stop máx. día rojo",-0.21765460530075317,2020-22
AEI,2025-01-02,"F día 2: corto apertura, stop máx. día 1 (día 1 cerró débil)",0.11926542574356497,2023-26
AEI,2025-09-17,"G first red day: corto al día siguiente, stop máx. día rojo",-0.1866326714114988,2023-26
AEMD,2017-09-12,"F día 2: corto apertura, stop máx. día 1 (día 1 cerró débil)",0.2469437652811736,2015-19
AEMD,2017-09-13,"G first red day: corto al día siguiente, stop máx. día rojo",0.8960905349794238,2015-19
AEMD,2020-02-27,"F día 2: corto apertura, stop máx. día 1 (día 1 cerró fuerte)",-1.1661631419939578,2020-22
AEMD,2020-06-18,"F día 2: corto apertura, stop máx. día 1 (día 1 cerró débil)",0.2046864968970683,2020-22
AEMD,2020-12-16,"F día 2: corto apertura, stop máx. día 1 (día 1 cerró débil)",-0.24335854178786115,2020-22
AEMD,2021-06-09,"F día 2: corto apertura, stop máx. día 1 (día 1 cerró fuerte)",0.6329336894141712,2020-22
AEMD,2022-08-01,"F día 2: corto apertura, stop máx. día 1 (día 1 cerró débil)",-1.0440813810110974,2020-22
AEMD,2022-08-03,"G first red day: corto al día siguiente, stop máx. día rojo",-0.3035635723713155,2020-22
AEMD,2024-06-06,"F día 2: corto apertura, stop máx. día 1 (día 1 cerró débil)",-0.18069145466405742,2023-26
AEMD,2026-09-17,"F día 2: corto apertura, stop máx. día 1 (día 1 cerró débil)",0.0018731633629408806,2023-26
AEON,2024-07-17,"G first red day: corto al día siguiente, stop máx. día rojo",-1.0867656379945998,2023-26
AERT,2025-09-18,"F día 2: corto apertura, stop máx. día 1 (día 1 cerró débil)",0.061627814378412374,2023-26
AEYE,2016-02-24,"F día 2: corto apertura, stop máx. día 1 (día 1 cerró débil)",-0.42191780821917807,2015-19
AFJK,2025-11-07,"G first red day: corto al día siguiente, stop máx. día rojo",0.014834347239762395,2023-26
AFRM,2022-05-16,"G first red day: corto al día siguiente, stop máx. día rojo",-0.7585572257712504,2020-22
AGEN,2026-07-13,"F día 2: corto apertura, stop máx. día 1 (día 1 cerró débil)",0.3554103091753354,2023-26
AGI,2020-03-18,"G first red day: corto al día siguiente, stop máx. día rojo",-0.2161542303200773,2020-22
AGIG,2018-06-29,"G first red day: corto al día siguiente, stop máx. día rojo",0.24723247232472317,2015-19
AGIG,2020-06-09,"G first red day: corto al día siguiente, stop máx. día rojo",-0.0714285714285714,2020-22
AGIG,2020-09-29,"F día 2: corto apertura, stop máx. día 1 (día 1 cerró débil)",0.08048339001561405,2020-22
AGIG,2022-03-08,"G first red day: corto al día siguiente, stop máx. día rojo",-0.15703897304805622,2020-22
AGIG,2025-06-13,"F día 2: corto apertura, stop máx. día 1 (día 1 cerró débil)",0.5022062906159344,2023-26
AGIG,2025-06-16,"G first red day: corto al día siguiente, stop máx. día rojo",-1.0521601690485705,2023-26
AGL,2026-05-07,"F día 2: corto apertura, stop máx. día 1 (día 1 cerró fuerte)",1.7417163765373829,2023-26
AGMH,2018-04-20,"F día 2: corto apertura, stop máx. día 1 (día 1 cerró débil)",-0.1251636755757529,2015-19
AGMH,2025-03-06,"F día 2: corto apertura, stop máx. día 1 (día 1 cerró débil)",0.23820370590451043,2023-26
AGMH,2025-04-23,"F día 2: corto apertura, stop máx. día 1 (día 1 cerró débil)",0.015568216829620679,2023-26
AGMH,2025-04-25,"F día 2: corto apertura, stop máx. día 1 (día 1 cerró débil)",-1.084239083745441,2023-26
AGMH,2025-04-29,"G first red day: corto al día siguiente, stop máx. día rojo",-0.13744399081091596,2023-26
AGMH,2025-09-19,"F día 2: corto apertura, stop máx. día 1 (día 1 cerró débil)",-0.052581170349868374,2023-26
AGPU,2016-11-03,"G first red day: corto al día siguiente, stop máx. día rojo",-0.27102199223803364,2015-19
AGPU,2024-05-28,"F día 2: corto apertura, stop máx. día 1 (día 1 cerró débil)",-0.18537221135720186,2023-26
AGPU,2024-07-25,"F día 2: corto apertura, stop máx. día 1 (día 1 cerró débil)",0.05427443488560126,2023-26
AGPU,2025-01-07,"G first red day: corto al día siguiente, stop máx. día rojo",0.3135664907293781,2023-26
AGPU,2025-03-25,"F día 2: corto apertura, stop máx. día 1 (día 1 cerró débil)",0.05427693165512076,2023-26
AGPU,2025-09-29,"F día 2: corto apertura, stop máx. día 1 (día 1 cerró débil)",0.0621963699446491,2023-26
AGPU,2026-04-22,"F día 2: corto apertura, stop máx. día 1 (día 1 cerró débil)",-0.0944129835799536,2023-26
AGRZ,2025-10-09,"G first red day: corto al día siguiente, stop máx. día rojo",-1.0272594209944093,2023-26
AGRZ,2026-09-09,"F día 2: corto apertura, stop máx. día 1 (día 1 cerró débil)",-0.09948453053947645,2023-26
AHG,2020-05-28,"F día 2: corto apertura, stop máx. día 1 (día 1 cerró débil)",0.01481348926182411,2020-22
AHG,2021-10-21,"G first red day: corto al día siguiente, stop máx. día rojo",0.23624808862454916,2020-22
AHG,2024-01-17,"G first red day: corto al día siguiente, stop máx. día rojo",1.480768089167342,2023-26
AHG,2024-12-18,"G first red day: corto al día siguiente, stop máx. día rojo",0.18448058949042576,2023-26
AHG,2026-03-12,"G first red day: corto al día siguiente, stop máx. día rojo",-1.2655173570449767,2023-26
AHMA,2025-12-01,"F día 2: corto apertura, stop máx. día 1 (día 1 cerró fuerte)",0.024099636818296636,2023-26
AHMA,2026-01-13,"F día 2: corto apertura, stop máx. día 1 (día 1 cerró fuerte)",-1.0427034369748887,2023-26
AHMA,2026-01-16,"G first red day: corto al día siguiente, stop máx. día rojo",-0.21709423167912587,2023-26
AHMA,2026-05-06,"F día 2: corto apertura, stop máx. día 1 (día 1 cerró débil)",-1.0587843915954762,2023-26
AHMA,2026-06-09,"F día 2: corto apertura, stop máx. día 1 (día 1 cerró débil)",-0.04613179226472834,2023-26
AHMA,2026-06-16,"F día 2: corto apertura, stop máx. día 1 (día 1 cerró débil)",0.5212513463304073,2023-26
AHMA,2026-06-17,"G first red day: corto al día siguiente, stop máx. día rojo",0.2587589273422853,2023-26
AIFA,2020-03-23,"G first red day: corto al día siguiente, stop máx. día rojo",-0.2505146972545305,2020-22
AIFA,2020-06-18,"F día 2: corto apertura, stop máx. día 1 (día 1 cerró fuerte)",0.3316878518523633,2020-22
AIFA,2025-09-12,"F día 2: corto apertura, stop máx. día 1 (día 1 cerró débil)",0.20954987248393203,2023-26
AIFA,2026-04-15,"F día 2: corto apertura, stop máx. día 1 (día 1 cerró débil)",0.23913764306760532,2023-26
AIFC,2019-04-25,"F día 2: corto apertura, stop máx. día 1 (día 1 cerró débil)",0.008381485129803547,2015-19
AIFC,2019-11-25,"F día 2: corto apertura, stop máx. día 1 (día 1 cerró débil)",-0.0795774636291072,2015-19
AIFC,2020-02-06,"F día 2: corto apertura, stop máx. día 1 (día 1 cerró débil)",-0.03225804514786265,2020-22
AIFC,2020-07-21,"F día 2: corto apertura, stop máx. día 1 (día 1 cerró débil)",-0.032209235076772265,2020-22
AIFC,2021-01-28,"F día 2: corto apertura, stop máx. día 1 (día 1 cerró débil)",0.1773008154590474,2020-22
AIFC,2021-01-29,"G first red day: corto al día siguiente, stop máx. día rojo",-0.15187289004106191,2020-22
AIFC,2022-05-31,"F día 2: corto apertura, stop máx. día 1 (día 1 cerró débil)",0.6268736677344576,2020-22
AIFC,2024-08-20,"G first red day: corto al día siguiente, stop máx. día rojo",-0.09312748678765392,2023-26
AIFF,2020-01-03,"F día 2: corto apertura, stop máx. día 1 (día 1 cerró débil)",-0.010400000518798842,2020-22
AIFF,2020-08-27,"G first red day: corto al día siguiente, stop máx. día rojo",0.38596491228070157,2020-22
AIFF,2023-08-02,"F día 2: corto apertura, stop máx. día 1 (día 1 cerró débil)",0.087437252301459,2023-26
AIFF,2023-11-16,"F día 2: corto apertura, stop máx. día 1 (día 1 cerró fuerte)",-0.5212016440729231,2023-26
AIFF,2024-10-16,"F día 2: corto apertura, stop máx. día 1 (día 1 cerró débil)",0.25652603879262975,2023-26
AIFF,2025-01-14,"F día 2: corto apertura, stop máx. día 1 (día 1 cerró débil)",-0.25034293517819195,2023-26
AIFF,2025-03-18,"G first red day: corto al día siguiente, stop máx. día rojo",0.017154222657745508,2023-26
AIFF,2026-03-04,"F día 2: corto apertura, stop máx. día 1 (día 1 cerró fuerte)",-0.12962301280067232,2023-26
AIFU,2025-05-06,"F día 2: corto apertura, stop máx. día 1 (día 1 cerró débil)",0.07765151515151514,2023-26
AIIO,2025-05-20,"G first red day: corto al día siguiente, stop máx. día rojo",0.41334039711480935,2023-26
AIIO,2026-05-08,"F día 2: corto apertura, stop máx. día 1 (día 1 cerró débil)",-0.6425855938095288,2023-26
AIIO,2026-05-14,"F día 2: corto apertura, stop máx. día 1 (día 1 cerró débil)",0.047637300692863635,2023-26
AIIO,2026-05-15,"G first red day: corto al día siguiente, stop máx. día rojo",-1.0452709245356635,2023-26
AIM,2019-04-30,"F día 2: corto apertura, stop máx. día 1 (día 1 cerró débil)",0.3873965669655394,2015-19
AIM,2019-09-19,"F día 2: corto apertura, stop máx. día 1 (día 1 cerró débil)",0.22282601033272087,2015-19
AIM,2020-03-09,"F día 2: corto apertura, stop máx. día 1 (día 1 cerró fuerte)",0.7229547922840563,2020-22
AIM,2025-07-28,"F día 2: corto apertura, stop máx. día 1 (día 1 cerró débil)",0.018253455786519643,2023-26
AIM,2026-02-05,"F día 2: corto apertura, stop máx. día 1 (día 1 cerró débil)",0.14604469334497902,2023-26
AIM,2026-03-18,"F día 2: corto apertura, stop máx. día 1 (día 1 cerró débil)",-0.012561442265755207,2023-26
AIMD,2021-02-08,"F día 2: corto apertura, stop máx. día 1 (día 1 cerró débil)",-0.042238648363252355,2020-22
AIMD,2021-02-09,"F día 2: corto apertura, stop máx. día 1 (día 1 cerró fuerte)",-1.0503778337531486,2020-22
AIMD,2021-11-08,"F día 2: corto apertura, stop máx. día 1 (día 1 cerró débil)",-0.07795634444710965,2020-22
AIMD,2021-12-02,"F día 2: corto apertura, stop máx. día 1 (día 1 cerró débil)",-0.06410256410256406,2020-22
AIMD,2021-12-08,"F día 2: corto apertura, stop máx. día 1 (día 1 cerró débil)",-0.025826446280991726,2020-22
AIMD,2022-05-18,"F día 2: corto apertura, stop máx. día 1 (día 1 cerró débil)",-0.09036144578313247,2020-22
AIMD,2022-05-23,"F día 2: corto apertura, stop máx. día 1 (día 1 cerró débil)",0.5537313432835821,2020-22
AIMD,2022-05-27,"F día 2: corto apertura, stop máx. día 1 (día 1 cerró fuerte)",-0.0232783118689159,2020-22
AIMD,2022-06-01,"F día 2: corto apertura, stop máx. día 1 (día 1 cerró débil)",11.841726618705023,2020-22
AIMD,2022-06-02,"F día 2: corto apertura, stop máx. día 1 (día 1 cerró débil)",0.6121323529411763,2020-22
AIMD,2023-03-14,"F día 2: corto apertura, stop máx. día 1 (día 1 cerró fuerte)",-0.06076555023923443,2023-26
AIMD,2023-07-14,"F día 2: corto apertura, stop máx. día 1 (día 1 cerró fuerte)",-0.12274959083469723,2023-26
AIMD,2024-01-05,"F día 2: corto apertura, stop máx. día 1 (día 1 cerró débil)",-0.25878734581631196,2023-26
AIMD,2024-03-08,"F día 2: corto apertura, stop máx. día 1 (día 1 cerró débil)",0.02248641271989209,2023-26
AIMD,2025-05-29,"G first red day: corto al día siguiente, stop máx. día rojo",0.5072724676526729,2023-26
AIOS,2024-04-24,"G first red day: corto al día siguiente, stop máx. día rojo",-0.6219527144681994,2023-26
AIP,2025-08-05,"F día 2: corto apertura, stop máx. día 1 (día 1 cerró débil)",0.22175257241737123,2023-26
AIRE,2023-11-14,"F día 2: corto apertura, stop máx. día 1 (día 1 cerró fuerte)",-0.45456268000606337,2023-26
AIRE,2025-07-22,"G first red day: corto al día siguiente, stop máx. día rojo",0.21671126748375716,2023-26
AIRE,2025-10-22,"F día 2: corto apertura, stop máx. día 1 (día 1 cerró débil)",-0.4993993764883047,2023-26
AIRI,2024-08-22,"F día 2: corto apertura, stop máx. día 1 (día 1 cerró débil)",-0.022515836399593616,2023-26
AIRS,2026-03-16,"F día 2: corto apertura, stop máx. día 1 (día 1 cerró débil)",0.3620846833682032,2023-26
AISP,2024-03-06,"F día 2: corto apertura, stop máx. día 1 (día 1 cerró débil)",-0.0013915400219512662,2023-26
AISP,2024-03-07,"G first red day: corto al día siguiente, stop máx. día rojo",-1.1147407360389288,2023-26
AIXC,2016-10-20,"G first red day: corto al día siguiente, stop máx. día rojo",0.46794871794871795,2015-19
AIXC,2020-03-02,"G first red day: corto al día siguiente, stop máx. día rojo",0.14409426462237365,2020-22
AIXC,2020-03-24,"G first red day: corto al día siguiente, stop máx. día rojo",0.011840757808499743,2020-22
AIXC,2020-07-01,"F día 2: corto apertura, stop máx. día 1 (día 1 cerró débil)",0.06257575757575758,2020-22
AIXC,2021-11-23,"F día 2: corto apertura, stop máx. día 1 (día 1 cerró fuerte)",0.16520950181458263,2020-22
AIXC,2021-11-24,"G first red day: corto al día siguiente, stop máx. día rojo",-0.0909566517189836,2020-22
AIXC,2024-07-05,"F día 2: corto apertura, stop máx. día 1 (día 1 cerró débil)",-0.22430807813041456,2023-26
AIXC,2025-07-16,"F día 2: corto apertura, stop máx. día 1 (día 1 cerró débil)",0.062057275748458214,2023-26
AIXC,2025-09-22,"F día 2: corto apertura, stop máx. día 1 (día 1 cerró débil)",0.13780703343688688,2023-26
AIXC,2025-10-24,"F día 2: corto apertura, stop máx. día 1 (día 1 cerró débil)",0.14303182961361682,2023-26
AIXC,2026-09-15,"G first red day: corto al día siguiente, stop máx. día rojo",0.01703999031830111,2023-26
AIXI,2026-04-08,"G first red day: corto al día siguiente, stop máx. día rojo",0.036532634523050445,2023-26
AIXI,2026-04-10,"F día 2: corto apertura, stop máx. día 1 (día 1 cerró débil)",-0.20472633090072986,2023-26
AIXI,2026-08-25,"F día 2: corto apertura, stop máx. día 1 (día 1 cerró débil)",0.460052336400741,2023-26
AIXI,2026-09-08,"F día 2: corto apertura, stop máx. día 1 (día 1 cerró fuerte)",-0.34416219974287393,2023-26
AKAN,2023-01-30,"G first red day: corto al día siguiente, stop máx. día rojo",-1.051648326368921,2023-26
AKAN,2023-05-03,"F día 2: corto apertura, stop máx. día 1 (día 1 cerró débil)",0.06482709604081009,2023-26
AKAN,2024-03-28,"F día 2: corto apertura, stop máx. día 1 (día 1 cerró débil)",-0.13273723947653854,2023-26
AKAN,2024-05-01,"F día 2: corto apertura, stop máx. día 1 (día 1 cerró débil)",0.12691658240973178,2023-26
AKAN,2024-05-17,"F día 2: corto apertura, stop máx. día 1 (día 1 cerró débil)",0.027343397246529778,2023-26
AKAN,2024-05-20,"G first red day: corto al día siguiente, stop máx. día rojo",0.2655696066514757,2023-26
AKAN,2024-05-24,"F día 2: corto apertura, stop máx. día 1 (día 1 cerró débil)",-0.0024738509843110173,2023-26
AKAN,2026-08-14,"F día 2: corto apertura, stop máx. día 1 (día 1 cerró débil)",-0.05159460079092156,2023-26
AKBA,2015-09-09,"F día 2: corto apertura, stop máx. día 1 (día 1 cerró débil)",0.4537724217647742,2015-19
AKTX,2015-08-18,"F día 2: corto apertura, stop máx. día 1 (día 1 cerró fuerte)",-1.0426985482493596,2015-19
AKTX,2015-08-20,"G first red day: corto al día siguiente, stop máx. día rojo",-0.10139962807086231,2015-19
AKTX,2026-05-22,"F día 2: corto apertura, stop máx. día 1 (día 1 cerró fuerte)",-1.0244715030667964,2023-26
ALAR,2018-12-26,"F día 2: corto apertura, stop máx. día 1 (día 1 cerró débil)",0.293364650616559,2015-19
ALAR,2024-06-28,"G first red day: corto al día siguiente, stop máx. día rojo",0.10312790667330547,2023-26
ALDX,2017-09-12,"F día 2: corto apertura, stop máx. día 1 (día 1 cerró débil)",-0.05793794000833243,2015-19
ALDX,2019-03-26,"F día 2: corto apertura, stop máx. día 1 (día 1 cerró débil)",0.007058857783597389,2015-19
ALDX,2024-08-12,"G first red day: corto al día siguiente, stop máx. día rojo",-0.20213730559956272,2023-26
ALLO,2025-02-19,"G first red day: corto al día siguiente, stop máx. día rojo",0.2025888163156493,2023-26
ALLO,2026-04-13,"F día 2: corto apertura, stop máx. día 1 (día 1 cerró débil)",0.4737361560685688,2023-26
ALLR,2022-12-30,"F día 2: corto apertura, stop máx. día 1 (día 1 cerró débil)",0.14836325237592396,2020-22
ALLR,2023-01-23,"F día 2: corto apertura, stop máx. día 1 (día 1 cerró débil)",0.07930720145852324,2023-26
ALLR,2023-03-20,"F día 2: corto apertura, stop máx. día 1 (día 1 cerró débil)",0.11742494013630501,2023-26
ALLR,2023-12-05,"F día 2: corto apertura, stop máx. día 1 (día 1 cerró débil)",0.014324918829914822,2023-26
ALLR,2024-05-02,"F día 2: corto apertura, stop máx. día 1 (día 1 cerró débil)",0.0807144047849443,2023-26
ALLR,2025-08-26,"F día 2: corto apertura, stop máx. día 1 (día 1 cerró débil)",-0.20461391374868412,2023-26
ALMS,2025-03-25,"F día 2: corto apertura, stop máx. día 1 (día 1 cerró débil)",-1.019157473310234,2023-26
ALMS,2026-01-06,"F día 2: corto apertura, stop máx. día 1 (día 1 cerró débil)",-0.13142283469023128,2023-26
ALMU,2023-03-20,"F día 2: corto apertura, stop máx. día 1 (día 1 cerró débil)",-0.045890403657364034,2023-26
ALOY,2021-03-30,"F día 2: corto apertura, stop máx. día 1 (día 1 cerró débil)",-0.2652708861832676,2020-22
ALOY,2023-03-02,"G first red day: corto al día siguiente, stop máx. día rojo",0.892609439623415,2023-26
ALOY,2023-04-17,"F día 2: corto apertura, stop máx. día 1 (día 1 cerró débil)",0.1605127964242609,2023-26
ALOY,2025-01-22,"F día 2: corto apertura, stop máx. día 1 (día 1 cerró fuerte)",1.3794381994491363,2023-26
ALOY,2025-10-15,"G first red day: corto al día siguiente, stop máx. día rojo",0.5249634144574163,2023-26
ALP,2019-12-20,"F día 2: corto apertura, stop máx. día 1 (día 1 cerró débil)",-0.5174774774774774,2015-19
ALP,2020-03-25,"F día 2: corto apertura, stop máx. día 1 (día 1 cerró débil)",0.3938053097345134,2020-22
ALP,2020-06-05,"F día 2: corto apertura, stop máx. día 1 (día 1 cerró débil)",-0.49107142857142844,2020-22
ALP,2024-08-23,"F día 2: corto apertura, stop máx. día 1 (día 1 cerró débil)",-0.26988431139715435,2023-26
ALP,2024-09-18,"F día 2: corto apertura, stop máx. día 1 (día 1 cerró débil)",0.11103787881367512,2023-26
ALP,2024-12-17,"F día 2: corto apertura, stop máx. día 1 (día 1 cerró débil)",0.21163517381486008,2023-26
ALP,2025-03-28,"F día 2: corto apertura, stop máx. día 1 (día 1 cerró débil)",-0.15131572975035967,2023-26
ALP,2025-10-08,"F día 2: corto apertura, stop máx. día 1 (día 1 cerró débil)",-0.08271609749140313,2023-26
ALP,2026-01-13,"F día 2: corto apertura, stop máx. día 1 (día 1 cerró débil)",0.05289290031739998,2023-26
ALP,2026-05-14,"F día 2: corto apertura, stop máx. día 1 (día 1 cerró débil)",0.11043715109194267,2023-26
ALP,2026-09-10,"F día 2: corto apertura, stop máx. día 1 (día 1 cerró débil)",-0.3107010423187251,2023-26
ALT,2018-09-21,"G first red day: corto al día siguiente, stop máx. día rojo",0.1702784228631749,2015-19
ALT,2020-02-28,"F día 2: corto apertura, stop máx. día 1 (día 1 cerró débil)",0.8146143255770691,2020-22
ALT,2023-12-01,"F día 2: corto apertura, stop máx. día 1 (día 1 cerró débil)",-0.3025326985893138,2023-26
ALT,2024-02-28,"G first red day: corto al día siguiente, stop máx. día rojo",0.8754200717097981,2023-26
ALXO,2023-10-03,"F día 2: corto apertura, stop máx. día 1 (día 1 cerró débil)",0.4894612621540795,2023-26
ALZN,2024-08-19,"F día 2: corto apertura, stop máx. día 1 (día 1 cerró débil)",0.07774994170985791,2023-26
ALZN,2025-05-29,"F día 2: corto apertura, stop máx. día 1 (día 1 cerró débil)",0.3753054472148103,2023-26
AMBO,2020-06-11,"F día 2: corto apertura, stop máx. día 1 (día 1 cerró débil)",-0.09217683762428341,2020-22
AMBO,2024-02-16,"F día 2: corto apertura, stop máx. día 1 (día 1 cerró débil)",-0.08494207124576314,2023-26
AMBR,2023-08-01,"G first red day: corto al día siguiente, stop máx. día rojo",0.005733888922706368,2023-26
AMBR,2025-11-26,"F día 2: corto apertura, stop máx. día 1 (día 1 cerró débil)",0.03679123576945708,2023-26
AMC,2020-04-17,"F día 2: corto apertura, stop máx. día 1 (día 1 cerró débil)",0.011032747760513472,2020-22
AMC,2020-04-30,"G first red day: corto al día siguiente, stop máx. día rojo",0.006645678051337095,2020-22
AMC,2020-05-11,"F día 2: corto apertura, stop máx. día 1 (día 1 cerró débil)",0.7710234028420838,2020-22
AMC,2020-11-09,"F día 2: corto apertura, stop máx. día 1 (día 1 cerró débil)",0.9022146389843418,2020-22
AMC,2021-01-27,"F día 2: corto apertura, stop máx. día 1 (día 1 cerró fuerte)",0.3676028632872146,2020-22
AMC,2021-06-03,"G first red day: corto al día siguiente, stop máx. día rojo",0.018334367072382916,2020-22
AMC,2024-05-14,"F día 2: corto apertura, stop máx. día 1 (día 1 cerró débil)",0.09289415494718312,2023-26
AMC,2024-05-15,"G first red day: corto al día siguiente, stop máx. día rojo",0.21373387865596735,2023-26
AMCI,2025-09-19,"F día 2: corto apertura, stop máx. día 1 (día 1 cerró débil)",-0.13698568914021897,2023-26
AMCI,2025-10-21,"F día 2: corto apertura, stop máx. día 1 (día 1 cerró débil)",0.15849225288216334,2023-26
AMCI,2025-12-16,"F día 2: corto apertura, stop máx. día 1 (día 1 cerró fuerte)",0.4864674751017291,2023-26
AMCI,2025-12-17,"G first red day: corto al día siguiente, stop máx. día rojo",-0.3433119370526043,2023-26
AMIX,2024-07-15,"F día 2: corto apertura, stop máx. día 1 (día 1 cerró fuerte)",0.1575881109178562,2023-26
AMIX,2024-10-28,"F día 2: corto apertura, stop máx. día 1 (día 1 cerró débil)",0.125923292613005,2023-26
AMIX,2024-10-31,"F día 2: corto apertura, stop máx. día 1 (día 1 cerró débil)",0.37042303291580575,2023-26
AMIX,2025-11-17,"F día 2: corto apertura, stop máx. día 1 (día 1 cerró débil)",0.404988694225934,2023-26
AMIX,2025-12-30,"F día 2: corto apertura, stop máx. día 1 (día 1 cerró débil)",-0.017784709051343932,2023-26
AMIX,2026-07-29,"F día 2: corto apertura, stop máx. día 1 (día 1 cerró débil)",0.23129305145179016,2023-26
AMLX,2022-09-08,"F día 2: corto apertura, stop máx. día 1 (día 1 cerró débil)",-0.4547555678395196,2020-22
AMOD,2025-01-30,"F día 2: corto apertura, stop máx. día 1 (día 1 cerró débil)",0.0740944271451759,2023-26
AMOD,2025-02-13,"F día 2: corto apertura, stop máx. día 1 (día 1 cerró débil)",0.36138165323313726,2023-26
AMOD,2025-07-23,"F día 2: corto apertura, stop máx. día 1 (día 1 cerró débil)",0.13223447143758946,2023-26
AMPG,2024-12-11,"F día 2: corto apertura, stop máx. día 1 (día 1 cerró débil)",-1.084444434436752,2023-26
AMPY,2015-09-01,"G first red day: corto al día siguiente, stop máx. día rojo",-0.40118367464444876,2015-19
AMPY,2016-10-24,"F día 2: corto apertura, stop máx. día 1 (día 1 cerró fuerte)",0.908,2015-19
AMPY,2016-10-25,"G first red day: corto al día siguiente, stop máx. día rojo",0.08515989358268339,2015-19
AMPY,2020-06-08,"G first red day: corto al día siguiente, stop máx. día rojo",0.229767117229608,2020-22
AMRN,2015-03-16,"G first red day: corto al día siguiente, stop máx. día rojo",0.931474737894631,2015-19
AMRN,2018-09-24,"F día 2: corto apertura, stop máx. día 1 (día 1 cerró fuerte)",-1.2396938290370472,2015-19
AMSC,2023-08-01,"F día 2: corto apertura, stop máx. día 1 (día 1 cerró fuerte)",1.9368437993317686,2023-26
AMSS,2026-05-27,"F día 2: corto apertura, stop máx. día 1 (día 1 cerró débil)",0.06363692458481339,2023-26
AMST,2021-06-11,"F día 2: corto apertura, stop máx. día 1 (día 1 cerró débil)",0.18519660160558307,2020-22
AMST,2023-02-14,"F día 2: corto apertura, stop máx. día 1 (día 1 cerró débil)",0.05379456442074821,2023-26
AMST,2024-04-24,"F día 2: corto apertura, stop máx. día 1 (día 1 cerró débil)",-0.3489976585179405,2023-26
AMST,2025-05-16,"F día 2: corto apertura, stop máx. día 1 (día 1 cerró débil)",0.4282901266134681,2023-26
AMST,2025-09-11,"F día 2: corto apertura, stop máx. día 1 (día 1 cerró débil)",0.23677731845250974,2023-26
AMST,2026-05-19,"F día 2: corto apertura, stop máx. día 1 (día 1 cerró débil)",-0.38073892872317283,2023-26
AMTD,2022-08-02,"F día 2: corto apertura, stop máx. día 1 (día 1 cerró débil)",0.4773928728149857,2020-22
AMTX,2016-06-15,"F día 2: corto apertura, stop máx. día 1 (día 1 cerró débil)",-1.1974573302088425,2015-19
AMTX,2019-05-06,"F día 2: corto apertura, stop máx. día 1 (día 1 cerró débil)",-0.11610478030411085,2015-19
AMTX,2020-03-20,"F día 2: corto apertura, stop máx. día 1 (día 1 cerró débil)",-0.050966631785029706,2020-22
AMTX,2020-12-22,"F día 2: corto apertura, stop máx. día 1 (día 1 cerró débil)",0.21826856768620861,2020-22
AMTX,2021-01-25,"F día 2: corto apertura, stop máx. día 1 (día 1 cerró débil)",0.21718763979153227,2020-22
AMZE,2025-11-12,"F día 2: corto apertura, stop máx. día 1 (día 1 cerró débil)",-0.007722008288456691,2023-26
AMZE,2026-01-23,"G first red day: corto al día siguiente, stop máx. día rojo",0.2720569713277362,2023-26
ANGH,2022-02-04,"F día 2: corto apertura, stop máx. día 1 (día 1 cerró débil)",-1.145869595217215,2020-22
ANGH,2022-02-08,"G first red day: corto al día siguiente, stop máx. día rojo",0.5004464251565196,2020-22
ANGH,2025-12-31,"F día 2: corto apertura, stop máx. día 1 (día 1 cerró débil)",-0.6073201976775171,2023-26
ANGI,2017-05-02,"F día 2: corto apertura, stop máx. día 1 (día 1 cerró fuerte)",-1.2154017857142856,2015-19
ANGX,2025-10-03,"G first red day: corto al día siguiente, stop máx. día rojo",0.16107888471051124,2023-26
ANIX,2017-09-27,"G first red day: corto al día siguiente, stop máx. día rojo",1.068800044878279,2015-19
ANPA,2026-01-09,"F día 2: corto apertura, stop máx. día 1 (día 1 cerró fuerte)",-0.4479216851076588,2023-26
ANVS,2020-07-07,"F día 2: corto apertura, stop máx. día 1 (día 1 cerró débil)",-0.11865219082480893,2020-22
ANVS,2024-07-09,"G first red day: corto al día siguiente, stop máx. día rojo",0.42673584268724796,2023-26
API,2024-10-02,"F día 2: corto apertura, stop máx. día 1 (día 1 cerró débil)",-0.054045833764128685,2023-26
API,2024-11-11,"G first red day: corto al día siguiente, stop máx. día rojo",1.6974028718489569,2023-26
APLD,2024-09-05,"F día 2: corto apertura, stop máx. día 1 (día 1 cerró fuerte)",1.3296455550668123,2023-26
APLM,2023-03-30,"F día 2: corto apertura, stop máx. día 1 (día 1 cerró débil)",0.29456300813008135,2023-26
APLM,2023-10-27,"F día 2: corto apertura, stop máx. día 1 (día 1 cerró débil)",-0.0930047694753577,2023-26
APLM,2023-11-16,"F día 2: corto apertura, stop máx. día 1 (día 1 cerró débil)",-0.007130793769938074,2023-26
APLM,2024-08-13,"F día 2: corto apertura, stop máx. día 1 (día 1 cerró débil)",-0.03319135968468201,2023-26
APLM,2024-11-18,"F día 2: corto apertura, stop máx. día 1 (día 1 cerró débil)",-0.0128795476990214,2023-26
APLM,2026-06-23,"G first red day: corto al día siguiente, stop máx. día rojo",-0.19544806921027252,2023-26
APLM,2026-07-17,"G first red day: corto al día siguiente, stop máx. día rojo",0.03315415422325354,2023-26
APRE,2021-06-16,"F día 2: corto apertura, stop máx. día 1 (día 1 cerró débil)",-0.0368952369973163,2020-22
APRE,2023-02-14,"F día 2: corto apertura, stop máx. día 1 (día 1 cerró débil)",0.48649159384773366,2023-26
APT,2020-02-28,"G first red day: corto al día siguiente, stop máx. día rojo",0.1486567047104629,2020-22
APUS,2026-09-24,"F día 2: corto apertura, stop máx. día 1 (día 1 cerró débil)",-1.1398789289116371,2023-26
APVO,2017-09-01,"F día 2: corto apertura, stop máx. día 1 (día 1 cerró débil)",-0.1980944892265389,2015-19
APVO,2020-05-12,"G first red day: corto al día siguiente, stop máx. día rojo",0.4049856678958165,2020-22
APVO,2020-06-25,"F día 2: corto apertura, stop máx. día 1 (día 1 cerró débil)",0.23125382568175448,2020-22
APVO,2020-11-09,"F día 2: corto apertura, stop máx. día 1 (día 1 cerró débil)",-0.4402197172339141,2020-22
APVO,2022-12-12,"F día 2: corto apertura, stop máx. día 1 (día 1 cerró débil)",0.15700573374520613,2020-22
APVO,2024-10-23,"G first red day: corto al día siguiente, stop máx. día rojo",0.46297696703824365,2023-26
APVO,2025-04-04,"G first red day: corto al día siguiente, stop máx. día rojo",-0.12827622303844433,2023-26
APVO,2025-06-18,"F día 2: corto apertura, stop máx. día 1 (día 1 cerró débil)",0.09446080898440563,2023-26
APVO,2025-09-16,"F día 2: corto apertura, stop máx. día 1 (día 1 cerró débil)",0.08483236684573266,2023-26
APVO,2025-09-18,"F día 2: corto apertura, stop máx. día 1 (día 1 cerró débil)",0.15625878858721837,2023-26
AQMS,2018-02-14,"G first red day: corto al día siguiente, stop máx. día rojo",0.18600889607763857,2015-19
AQMS,2021-01-27,"G first red day: corto al día siguiente, stop máx. día rojo",1.414859437751002,2020-22
AQMS,2023-01-03,"G first red day: corto al día siguiente, stop máx. día rojo",-0.4306569343065694,2023-26
AQMS,2025-10-14,"F día 2: corto apertura, stop máx. día 1 (día 1 cerró fuerte)",0.5234161218344994,2023-26
AQMS,2025-10-15,"G first red day: corto al día siguiente, stop máx. día rojo",0.21788302411975485,2023-26
ARBB,2023-12-26,"F día 2: corto apertura, stop máx. día 1 (día 1 cerró débil)",0.04363700485822626,2023-26
ARBB,2024-02-13,"F día 2: corto apertura, stop máx. día 1 (día 1 cerró débil)",-0.07722690770276087,2023-26
ARBB,2025-03-05,"F día 2: corto apertura, stop máx. día 1 (día 1 cerró débil)",-0.10564883487084784,2023-26
ARBB,2025-04-16,"G first red day: corto al día siguiente, stop máx. día rojo",-0.45186112604124606,2023-26
ARBE,2023-02-21,"F día 2: corto apertura, stop máx. día 1 (día 1 cerró débil)",0.47724582456379167,2023-26
ARBE,2025-01-07,"G first red day: corto al día siguiente, stop máx. día rojo",0.23690957342748323,2023-26
ARBK,2022-10-27,"G first red day: corto al día siguiente, stop máx. día rojo",-0.0496972707102569,2020-22
ARBK,2025-07-21,"G first red day: corto al día siguiente, stop máx. día rojo",0.15267860472555408,2023-26
ARBK,2025-10-06,"F día 2: corto apertura, stop máx. día 1 (día 1 cerró fuerte)",0.23515990250089902,2023-26
ARBK,2025-10-07,"G first red day: corto al día siguiente, stop máx. día rojo",0.4178830671839024,2023-26
ARCT,2020-12-01,"G first red day: corto al día siguiente, stop máx. día rojo",-0.24030909736092645,2020-22
ARDX,2022-11-17,"F día 2: corto apertura, stop máx. día 1 (día 1 cerró débil)",-1.084109941413709,2020-22
AREC,2018-03-01,"F día 2: corto apertura, stop máx. día 1 (día 1 cerró débil)",-0.7563829220706585,2015-19
AREC,2018-08-16,"F día 2: corto apertura, stop máx. día 1 (día 1 cerró débil)",0.07412045740887263,2015-19
AREC,2020-10-07,"F día 2: corto apertura, stop máx. día 1 (día 1 cerró débil)",0.11847521447355384,2020-22
AREC,2025-08-26,"G first red day: corto al día siguiente, stop máx. día rojo",-1.1487604343910551,2023-26
AREC,2025-10-15,"G first red day: corto al día siguiente, stop máx. día rojo",0.9989876635343284,2023-26
ARI,2020-03-27,"G first red day: corto al día siguiente, stop máx. día rojo",0.606013953690206,2020-22
ARQ,2023-06-26,"G first red day: corto al día siguiente, stop máx. día rojo",-0.02891290937931416,2023-26
ARTL,2020-02-03,"F día 2: corto apertura, stop máx. día 1 (día 1 cerró débil)",0.2275096072832435,2020-22
ARTL,2020-09-29,"F día 2: corto apertura, stop máx. día 1 (día 1 cerró débil)",-0.3009052174678464,2020-22
ARTL,2021-02-02,"F día 2: corto apertura, stop máx. día 1 (día 1 cerró débil)",0.055575544702080634,2020-22
ARTL,2021-02-12,"F día 2: corto apertura, stop máx. día 1 (día 1 cerró débil)",0.031023035676229608,2020-22
ARTL,2021-11-01,"F día 2: corto apertura, stop máx. día 1 (día 1 cerró débil)",-0.055836185415725596,2020-22
ARTL,2025-06-30,"F día 2: corto apertura, stop máx. día 1 (día 1 cerró débil)",0.10077745249136062,2023-26
ARTL,2025-07-07,"F día 2: corto apertura, stop máx. día 1 (día 1 cerró débil)",0.04154852040646743,2023-26
ARTL,2025-07-11,"G first red day: corto al día siguiente, stop máx. día rojo",0.5496347682685475,2023-26
ARTL,2026-03-27,"F día 2: corto apertura, stop máx. día 1 (día 1 cerró débil)",-0.09207304332775365,2023-26
ARTL,2026-05-26,"F día 2: corto apertura, stop máx. día 1 (día 1 cerró débil)",-0.03928454110247735,2023-26
ARTV,2025-10-17,"F día 2: corto apertura, stop máx. día 1 (día 1 cerró débil)",0.37537889407034747,2023-26
ARTW,2019-02-19,"F día 2: corto apertura, stop máx. día 1 (día 1 cerró débil)",0.0920607629366851,2015-19
ARTW,2024-12-31,"G first red day: corto al día siguiente, stop máx. día rojo",-0.0414149199701644,2023-26
ARVN,2020-12-14,"F día 2: corto apertura, stop máx. día 1 (día 1 cerró débil)",-0.8906024005018855,2020-22
ARVN,2020-12-16,"G first red day: corto al día siguiente, stop máx. día rojo",-0.5155950648850022,2020-22
ASBP,2025-05-28,"F día 2: corto apertura, stop máx. día 1 (día 1 cerró fuerte)",-0.17385264386298852,2023-26
ASBP,2025-08-18,"F día 2: corto apertura, stop máx. día 1 (día 1 cerró débil)",0.24064988973721915,2023-26
ASBP,2025-10-02,"F día 2: corto apertura, stop máx. día 1 (día 1 cerró fuerte)",0.15310037878923843,2023-26
ASBP,2026-01-07,"F día 2: corto apertura, stop máx. día 1 (día 1 cerró débil)",0.24494851879418023,2023-26
ASBP,2026-05-11,"F día 2: corto apertura, stop máx. día 1 (día 1 cerró débil)",-0.13366277929637208,2023-26
ASM,2021-02-01,"F día 2: corto apertura, stop máx. día 1 (día 1 cerró débil)",0.09323554988650729,2020-22
ASMB,2023-10-17,"F día 2: corto apertura, stop máx. día 1 (día 1 cerró débil)",0.40918497667572085,2023-26
ASND,2019-03-04,"F día 2: corto apertura, stop máx. día 1 (día 1 cerró fuerte)",-0.6839154505637254,2015-19
ASPC,2025-12-10,"F día 2: corto apertura, stop máx. día 1 (día 1 cerró débil)",-0.010732521576904392,2023-26
ASPC,2025-12-26,"F día 2: corto apertura, stop máx. día 1 (día 1 cerró débil)",0.22208374710829967,2023-26
ASST,2023-06-12,"F día 2: corto apertura, stop máx. día 1 (día 1 cerró débil)",-0.06290999032153995,2023-26
ASST,2024-03-21,"F día 2: corto apertura, stop máx. día 1 (día 1 cerró débil)",-0.3147036281078092,2023-26
ASST,2024-12-09,"F día 2: corto apertura, stop máx. día 1 (día 1 cerró débil)",-0.04127979281743095,2023-26
ASST,2025-01-21,"F día 2: corto apertura, stop máx. día 1 (día 1 cerró débil)",-1.0493975949113221,2023-26
ASST,2025-01-23,"G first red day: corto al día siguiente, stop máx. día rojo",-0.30010888455319207,2023-26
ASST,2025-05-08,"F día 2: corto apertura, stop máx. día 1 (día 1 cerró fuerte)",-0.02130195023490621,2023-26
ASST,2025-09-10,"F día 2: corto apertura, stop máx. día 1 (día 1 cerró débil)",-0.24255191050805747,2023-26
ASTC,2018-06-19,"F día 2: corto apertura, stop máx. día 1 (día 1 cerró débil)",0.21231976535583127,2015-19
ASTC,2020-03-25,"F día 2: corto apertura, stop máx. día 1 (día 1 cerró débil)",0.021835087308392613,2020-22
ASTC,2020-03-27,"F día 2: corto apertura, stop máx. día 1 (día 1 cerró débil)",0.020034807761233304,2020-22
ASTC,2020-10-21,"F día 2: corto apertura, stop máx. día 1 (día 1 cerró débil)",0.2006831372084849,2020-22
ASTC,2026-06-01,"G first red day: corto al día siguiente, stop máx. día rojo",-1.0184101891335853,2023-26
ASTH,2016-12-01,"F día 2: corto apertura, stop máx. día 1 (día 1 cerró débil)",-0.13935103356008216,2015-19
ASTH,2017-12-14,"G first red day: corto al día siguiente, stop máx. día rojo",-0.07657654220993453,2015-19
ASTI,2023-10-24,"F día 2: corto apertura, stop máx. día 1 (día 1 cerró débil)",0.032261690647482015,2023-26
ASTI,2024-05-23,"F día 2: corto apertura, stop máx. día 1 (día 1 cerró débil)",0.11204891626715521,2023-26
ASTI,2025-06-26,"F día 2: corto apertura, stop máx. día 1 (día 1 cerró débil)",-1.0305073805928877,2023-26
ATCH,2024-09-25,"F día 2: corto apertura, stop máx. día 1 (día 1 cerró débil)",-0.22086056180806554,2023-26
ATCH,2024-11-07,"F día 2: corto apertura, stop máx. día 1 (día 1 cerró débil)",-0.18444582373326676,2023-26
ATCH,2025-02-24,"F día 2: corto apertura, stop máx. día 1 (día 1 cerró débil)",0.08169185510156521,2023-26
ATCH,2025-08-04,"F día 2: corto apertura, stop máx. día 1 (día 1 cerró fuerte)",0.2908674587754818,2023-26
ATCH,2025-09-15,"F día 2: corto apertura, stop máx. día 1 (día 1 cerró fuerte)",0.5388578364844758,2023-26
ATCH,2025-09-16,"G first red day: corto al día siguiente, stop máx. día rojo",-1.1099315428182899,2023-26
ATER,2026-04-28,"F día 2: corto apertura, stop máx. día 1 (día 1 cerró débil)",-0.04593112555980302,2023-26
ATGL,2024-10-01,"G first red day: corto al día siguiente, stop máx. día rojo",-1.0901962562661658,2023-26
ATHE,2019-01-02,"F día 2: corto apertura, stop máx. día 1 (día 1 cerró débil)",0.046457610057580596,2015-19
ATHE,2020-05-21,"F día 2: corto apertura, stop máx. día 1 (día 1 cerró débil)",0.005446914115472691,2020-22
ATHE,2020-06-30,"F día 2: corto apertura, stop máx. día 1 (día 1 cerró débil)",-1.086326784723986,2020-22
ATHE,2020-08-04,"F día 2: corto apertura, stop máx. día 1 (día 1 cerró débil)",0.02663114152375825,2020-22
ATHE,2020-11-16,"F día 2: corto apertura, stop máx. día 1 (día 1 cerró débil)",0.019830855054825708,2020-22
ATHE,2021-07-01,"F día 2: corto apertura, stop máx. día 1 (día 1 cerró débil)",0.07419684912343201,2020-22
ATHE,2023-12-04,"F día 2: corto apertura, stop máx. día 1 (día 1 cerró débil)",0.05948451506375631,2023-26
ATHE,2025-01-30,"F día 2: corto apertura, stop máx. día 1 (día 1 cerró débil)",-0.2055795638762953,2023-26
ATLC,2020-03-26,"G first red day: corto al día siguiente, stop máx. día rojo",-0.26632913554098453,2020-22
ATLX,2015-02-17,"F día 2: corto apertura, stop máx. día 1 (día 1 cerró fuerte)",0.8482142857142857,2015-19
ATLX,2015-03-06,"F día 2: corto apertura, stop máx. día 1 (día 1 cerró débil)",-0.9622641509433962,2015-19
ATLX,2015-03-25,"F día 2: corto apertura, stop máx. día 1 (día 1 cerró débil)",-0.009615384615384616,2015-19
ATLX,2015-04-01,"F día 2: corto apertura, stop máx. día 1 (día 1 cerró débil)",-0.009615384615384616,2015-19
ATLX,2015-04-21,"G first red day: corto al día siguiente, stop máx. día rojo",-0.009615384615384616,2015-19
ATLX,2017-07-28,"F día 2: corto apertura, stop máx. día 1 (día 1 cerró débil)",-0.01273885350318471,2015-19
ATLX,2017-09-11,"F día 2: corto apertura, stop máx. día 1 (día 1 cerró débil)",-0.04763912310286678,2015-19
ATLX,2017-09-18,"F día 2: corto apertura, stop máx. día 1 (día 1 cerró débil)",-0.7756653992395437,2015-19
ATLX,2017-11-10,"F día 2: corto apertura, stop máx. día 1 (día 1 cerró fuerte)",0.8482142857142859,2015-19
ATLX,2018-01-02,"F día 2: corto apertura, stop máx. día 1 (día 1 cerró débil)",-0.018867924528301886,2015-19
ATLX,2018-07-27,"F día 2: corto apertura, stop máx. día 1 (día 1 cerró débil)",-0.018867924528301886,2015-19
ATLX,2018-08-06,"F día 2: corto apertura, stop máx. día 1 (día 1 cerró débil)",-0.971153846153846,2015-19
ATLX,2018-08-13,"F día 2: corto apertura, stop máx. día 1 (día 1 cerró débil)",-0.009615384615384614,2015-19
ATLX,2018-09-27,"F día 2: corto apertura, stop máx. día 1 (día 1 cerró débil)",-0.018867924528301886,2015-19
ATLX,2018-10-02,"F día 2: corto apertura, stop máx. día 1 (día 1 cerró débil)",-0.018867924528301886,2015-19
ATLX,2018-10-18,"F día 2: corto apertura, stop máx. día 1 (día 1 cerró débil)",-0.009615384615384614,2015-19
ATLX,2018-11-30,"F día 2: corto apertura, stop máx. día 1 (día 1 cerró fuerte)",-0.009615384615384614,2015-19
ATLX,2018-12-04,"F día 2: corto apertura, stop máx. día 1 (día 1 cerró débil)",-0.009615384615384614,2015-19
ATLX,2019-01-23,"F día 2: corto apertura, stop máx. día 1 (día 1 cerró débil)",-0.009615384615384614,2015-19
ATLX,2019-02-05,"F día 2: corto apertura, stop máx. día 1 (día 1 cerró débil)",-0.009615384615384614,2015-19
ATLX,2019-05-31,"F día 2: corto apertura, stop máx. día 1 (día 1 cerró débil)",-0.009615384615384614,2015-19
ATLX,2019-07-17,"G first red day: corto al día siguiente, stop máx. día rojo",0.426605504587156,2015-19
ATLX,2020-03-11,"F día 2: corto apertura, stop máx. día 1 (día 1 cerró débil)",-0.009615384615384614,2020-22
ATLX,2020-03-19,"F día 2: corto apertura, stop máx. día 1 (día 1 cerró fuerte)",-0.971153846153846,2020-22
ATLX,2020-04-20,"F día 2: corto apertura, stop máx. día 1 (día 1 cerró débil)",-0.009615384615384614,2020-22
ATLX,2020-05-15,"F día 2: corto apertura, stop máx. día 1 (día 1 cerró débil)",-0.971153846153846,2020-22
ATLX,2021-01-21,"F día 2: corto apertura, stop máx. día 1 (día 1 cerró fuerte)",-1.0446428571428572,2020-22
ATLX,2021-01-27,"G first red day: corto al día siguiente, stop máx. día rojo",0.19673539518900343,2020-22
ATLX,2022-08-25,"G first red day: corto al día siguiente, stop máx. día rojo",-0.04464285714285715,2020-22
ATOM,2026-02-18,"G first red day: corto al día siguiente, stop máx. día rojo",-0.7482247890692726,2023-26
ATOS,2017-09-13,"G first red day: corto al día siguiente, stop máx. día rojo",-1.2992123973903877,2015-19
ATOS,2017-10-25,"G first red day: corto al día siguiente, stop máx. día rojo",-0.003840245549033977,2015-19
ATOS,2019-03-14,"F día 2: corto apertura, stop máx. día 1 (día 1 cerró fuerte)",0.8248692113513721,2015-19
ATOS,2020-04-16,"F día 2: corto apertura, stop máx. día 1 (día 1 cerró débil)",-0.1141383875751902,2020-22
ATPC,2023-09-26,"F día 2: corto apertura, stop máx. día 1 (día 1 cerró débil)",-0.016587677725118485,2023-26
ATPC,2023-10-05,"F día 2: corto apertura, stop máx. día 1 (día 1 cerró fuerte)",-0.007722007722007722,2023-26
ATPC,2024-01-30,"F día 2: corto apertura, stop máx. día 1 (día 1 cerró débil)",-0.22536295644522658,2023-26
ATPC,2024-07-23,"F día 2: corto apertura, stop máx. día 1 (día 1 cerró débil)",-0.003211991434689508,2023-26
ATPC,2024-09-13,"F día 2: corto apertura, stop máx. día 1 (día 1 cerró débil)",-0.06615969581749052,2023-26
ATPC,2024-09-17,"G first red day: corto al día siguiente, stop máx. día rojo",0.055555555555555546,2023-26
ATPC,2025-01-13,"F día 2: corto apertura, stop máx. día 1 (día 1 cerró débil)",0.07636219011003578,2023-26
ATPC,2025-02-24,"F día 2: corto apertura, stop máx. día 1 (día 1 cerró débil)",0.02510310202617895,2023-26
ATPC,2025-04-03,"F día 2: corto apertura, stop máx. día 1 (día 1 cerró débil)",-0.022251308900523563,2023-26
ATPC,2025-12-11,"F día 2: corto apertura, stop máx. día 1 (día 1 cerró fuerte)",0.2903226706568713,2023-26
ATPC,2025-12-17,"F día 2: corto apertura, stop máx. día 1 (día 1 cerró débil)",-0.011750035106650202,2023-26
ATPC,2026-01-15,"F día 2: corto apertura, stop máx. día 1 (día 1 cerró débil)",0.24529846592179996,2023-26
ATPC,2026-03-10,"F día 2: corto apertura, stop máx. día 1 (día 1 cerró débil)",0.2473481805081386,2023-26
ATPC,2026-05-21,"F día 2: corto apertura, stop máx. día 1 (día 1 cerró débil)",0.3745516205114441,2023-26
ATPC,2026-05-28,"F día 2: corto apertura, stop máx. día 1 (día 1 cerró débil)",0.2314803467856086,2023-26
ATRA,2024-02-05,"G first red day: corto al día siguiente, stop máx. día rojo",-0.11380798274002164,2023-26
ATRA,2026-05-07,"F día 2: corto apertura, stop máx. día 1 (día 1 cerró fuerte)",0.39799914574057516,2023-26
ATTT,2026-01-21,"G first red day: corto al día siguiente, stop máx. día rojo",-0.1120024856756458,2023-26
ATXG,2022-08-31,"F día 2: corto apertura, stop máx. día 1 (día 1 cerró fuerte)",5.474803596743159,2020-22
ATXG,2025-05-15,"F día 2: corto apertura, stop máx. día 1 (día 1 cerró débil)",0.03507921134186498,2023-26
ATXG,2026-03-17,"F día 2: corto apertura, stop máx. día 1 (día 1 cerró débil)",-0.2835536163489702,2023-26
ATYR,2020-01-06,"F día 2: corto apertura, stop máx. día 1 (día 1 cerró débil)",-0.100955020401771,2020-22
ATYR,2021-02-09,"G first red day: corto al día siguiente, stop máx. día rojo",1.291298061925476,2020-22
AUC,2020-04-22,"F día 2: corto apertura, stop máx. día 1 (día 1 cerró débil)",0.011598424579047863,2020-22
AUC,2021-08-30,"F día 2: corto apertura, stop máx. día 1 (día 1 cerró débil)",-0.1151941927608829,2020-22
AUC,2025-07-11,"F día 2: corto apertura, stop máx. día 1 (día 1 cerró débil)",-0.19226187197977443,2023-26
AUID,2026-01-15,"F día 2: corto apertura, stop máx. día 1 (día 1 cerró débil)",0.07051709736584456,2023-26
AUPH,2017-03-02,"F día 2: corto apertura, stop máx. día 1 (día 1 cerró débil)",-0.11056345811179549,2015-19
AUPH,2019-12-05,"F día 2: corto apertura, stop máx. día 1 (día 1 cerró débil)",-0.2085099228656114,2015-19
AURE,2024-08-26,"F día 2: corto apertura, stop máx. día 1 (día 1 cerró débil)",-0.20988766446165746,2023-26
AURE,2026-03-04,"G first red day: corto al día siguiente, stop máx. día rojo",0.34199954113441144,2023-26
AUTL,2018-11-12,"G first red day: corto al día siguiente, stop máx. día rojo",-0.3545509252393699,2015-19
AUUD,2023-04-13,"F día 2: corto apertura, stop máx. día 1 (día 1 cerró débil)",0.769703669567967,2023-26
AUUD,2023-06-12,"F día 2: corto apertura, stop máx. día 1 (día 1 cerró fuerte)",0.30714677114067,2023-26
AUUD,2024-04-08,"F día 2: corto apertura, stop máx. día 1 (día 1 cerró débil)",0.18178201635766902,2023-26
AUUD,2024-09-03,"F día 2: corto apertura, stop máx. día 1 (día 1 cerró débil)",0.2750187290702148,2023-26
AUUD,2026-02-18,"F día 2: corto apertura, stop máx. día 1 (día 1 cerró débil)",0.2837310736534517,2023-26
AUUD,2026-02-19,"G first red day: corto al día siguiente, stop máx. día rojo",0.42135547332610357,2023-26
AUUD,2026-04-23,"F día 2: corto apertura, stop máx. día 1 (día 1 cerró débil)",0.01685514438504004,2023-26
AUUD,2026-05-15,"F día 2: corto apertura, stop máx. día 1 (día 1 cerró débil)",-1.08469053439398,2023-26
AUUD,2026-05-19,"G first red day: corto al día siguiente, stop máx. día rojo",0.05900561264178726,2023-26
AUUD,2026-08-10,"F día 2: corto apertura, stop máx. día 1 (día 1 cerró fuerte)",0.22647556865561122,2023-26
AVTX,2023-04-12,"G first red day: corto al día siguiente, stop máx. día rojo",0.39344477053017635,2023-26
AVTX,2023-09-14,"G first red day: corto al día siguiente, stop máx. día rojo",0.32750959039010524,2023-26
AVTX,2024-03-28,"F día 2: corto apertura, stop máx. día 1 (día 1 cerró débil)",0.12541919696029655,2023-26
AVX,2023-08-07,"F día 2: corto apertura, stop máx. día 1 (día 1 cerró débil)",-0.09367315001117817,2023-26
AVX,2023-09-15,"F día 2: corto apertura, stop máx. día 1 (día 1 cerró débil)",0.3079861111111111,2023-26
AVX,2023-11-30,"F día 2: corto apertura, stop máx. día 1 (día 1 cerró débil)",0.03270680683869597,2023-26
AVX,2024-02-20,"F día 2: corto apertura, stop máx. día 1 (día 1 cerró débil)",0.030843209417137706,2023-26
AVX,2025-09-22,"F día 2: corto apertura, stop máx. día 1 (día 1 cerró débil)",0.2551025399209804,2023-26
AVXL,2021-02-04,"F día 2: corto apertura, stop máx. día 1 (día 1 cerró débil)",0.051902789107068505,2020-22
AVXL,2021-02-05,"G first red day: corto al día siguiente, stop máx. día rojo",-1.133921276790997,2020-22
AWX,2018-07-30,"F día 2: corto apertura, stop máx. día 1 (día 1 cerró débil)",0.13996217443332326,2015-19
AWX,2018-07-30,"G first red day: corto al día siguiente, stop máx. día rojo",0.13996217443332326,2015-19
AWX,2018-08-10,"F día 2: corto apertura, stop máx. día 1 (día 1 cerró débil)",0.010239658124858707,2015-19
AXG,2023-09-22,"G first red day: corto al día siguiente, stop máx. día rojo",0.09345318513593942,2023-26
AXG,2024-03-07,"G first red day: corto al día siguiente, stop máx. día rojo",-1.066245127879679,2023-26
AXIL,2025-12-11,"F día 2: corto apertura, stop máx. día 1 (día 1 cerró débil)",-0.4549255276597266,2023-26
AXSM,2016-01-06,"G first red day: corto al día siguiente, stop máx. día rojo",1.5015215995111357,2015-19
AXSM,2019-01-07,"F día 2: corto apertura, stop máx. día 1 (día 1 cerró débil)",-1.084673144544721,2015-19
AXSM,2019-01-09,"G first red day: corto al día siguiente, stop máx. día rojo",-0.21296835635400896,2015-19
AXSM,2019-12-16,"F día 2: corto apertura, stop máx. día 1 (día 1 cerró débil)",-0.18135258408843485,2015-19
AYA,2018-03-07,"F día 2: corto apertura, stop máx. día 1 (día 1 cerró débil)",-0.11412357505253592,2015-19
AYTU,2020-03-10,"F día 2: corto apertura, stop máx. día 1 (día 1 cerró fuerte)",0.6631016042780746,2020-22
AZ,2021-02-08,"G first red day: corto al día siguiente, stop máx. día rojo",-0.01695748256483356,2020-22
AZ,2021-03-09,"G first red day: corto al día siguiente, stop máx. día rojo",0.08478238755378172,2020-22
AZI,2025-11-07,"F día 2: corto apertura, stop máx. día 1 (día 1 cerró débil)",-0.23704954954954957,2023-26
AZI,2025-11-19,"F día 2: corto apertura, stop máx. día 1 (día 1 cerró débil)",0.18196202531645567,2023-26
AZI,2025-12-22,"F día 2: corto apertura, stop máx. día 1 (día 1 cerró débil)",-0.1840168555755991,2023-26
AZI,2026-01-06,"F día 2: corto apertura, stop máx. día 1 (día 1 cerró débil)",5.139472677968003,2023-26
AZI,2026-03-09,"F día 2: corto apertura, stop máx. día 1 (día 1 cerró débil)",0.012901167378564548,2023-26
AZI,2026-06-09,"F día 2: corto apertura, stop máx. día 1 (día 1 cerró débil)",-0.03481778524006701,2023-26
AZI,2026-06-11,"G first red day: corto al día siguiente, stop máx. día rojo",-0.026568499553377315,2023-26
AZI,2026-06-25,"F día 2: corto apertura, stop máx. día 1 (día 1 cerró fuerte)",-0.26534295574441097,2023-26
AZIO,2017-12-27,"G first red day: corto al día siguiente, stop máx. día rojo",0.02904234175267863,2015-19
AZIO,2018-05-22,"G first red day: corto al día siguiente, stop máx. día rojo",0.6427221172022686,2015-19
AZIO,2019-11-05,"G first red day: corto al día siguiente, stop máx. día rojo",0.440467218493697,2015-19
AZIO,2020-06-10,"F día 2: corto apertura, stop máx. día 1 (día 1 cerró débil)",0.3270703074569883,2020-22
AZIO,2020-06-11,"G first red day: corto al día siguiente, stop máx. día rojo",0.4945254778339915,2020-22
AZIO,2022-02-23,"G first red day: corto al día siguiente, stop máx. día rojo",-0.023188357205616208,2020-22
AZIO,2024-02-02,"G first red day: corto al día siguiente, stop máx. día rojo",0.4351495674924166,2023-26
AZIO,2026-01-14,"G first red day: corto al día siguiente, stop máx. día rojo",-1.0460902790143312,2023-26
AZTR,2024-07-23,"F día 2: corto apertura, stop máx. día 1 (día 1 cerró débil)",0.010694700101152855,2023-26
AZTR,2025-02-04,"F día 2: corto apertura, stop máx. día 1 (día 1 cerró débil)",-0.06648400553619314,2023-26
AZTR,2025-08-27,"F día 2: corto apertura, stop máx. día 1 (día 1 cerró débil)",-0.16228959661363743,2023-26
AZTR,2026-03-20,"F día 2: corto apertura, stop máx. día 1 (día 1 cerró débil)",-0.31034481921024376,2023-26
AZTR,2026-06-17,"F día 2: corto apertura, stop máx. día 1 (día 1 cerró débil)",0.35811019703826963,2023-26
BAER,2023-01-25,"F día 2: corto apertura, stop máx. día 1 (día 1 cerró fuerte)",7.605146979561453,2023-26
BAER,2023-02-24,"F día 2: corto apertura, stop máx. día 1 (día 1 cerró débil)",0.21064860103873004,2023-26
BAK,2020-03-27,"G first red day: corto al día siguiente, stop máx. día rojo",0.14288914872520586,2020-22
BAOS,2022-05-25,"F día 2: corto apertura, stop máx. día 1 (día 1 cerró fuerte)",-1.1076923016965743,2020-22
BAOS,2023-05-02,"G first red day: corto al día siguiente, stop máx. día rojo",-0.030413070125401807,2023-26
BAOS,2023-05-05,"F día 2: corto apertura, stop máx. día 1 (día 1 cerró débil)",0.17081528874584134,2023-26
BAOS,2023-06-08,"F día 2: corto apertura, stop máx. día 1 (día 1 cerró fuerte)",0.4322581182558829,2023-26
BAOS,2024-12-24,"F día 2: corto apertura, stop máx. día 1 (día 1 cerró débil)",0.060505219379216976,2023-26
BAOS,2025-06-04,"F día 2: corto apertura, stop máx. día 1 (día 1 cerró débil)",-0.27708471652880373,2023-26
BATL,2025-06-16,"F día 2: corto apertura, stop máx. día 1 (día 1 cerró débil)",-0.24348044536731386,2023-26
BATL,2026-01-26,"F día 2: corto apertura, stop máx. día 1 (día 1 cerró débil)",-0.05470806177748619,2023-26
BATL,2026-03-03,"F día 2: corto apertura, stop máx. día 1 (día 1 cerró fuerte)",-0.10113237507853173,2023-26
BBAI,2023-01-12,"F día 2: corto apertura, stop máx. día 1 (día 1 cerró débil)",0.13021676261305623,2023-26
BBAI,2023-04-04,"G first red day: corto al día siguiente, stop máx. día rojo",0.3597829604457494,2023-26
BBAI,2024-02-28,"G first red day: corto al día siguiente, stop máx. día rojo",-0.14495039902766774,2023-26
BBCP,2018-12-07,"F día 2: corto apertura, stop máx. día 1 (día 1 cerró débil)",0.3027423237402755,2015-19
BBDO,2020-03-24,"F día 2: corto apertura, stop máx. día 1 (día 1 cerró débil)",-0.20342155432098183,2020-22
BBGI,2020-11-03,"F día 2: corto apertura, stop máx. día 1 (día 1 cerró débil)",-0.15478622840523962,2020-22
BBGI,2026-04-08,"F día 2: corto apertura, stop máx. día 1 (día 1 cerró fuerte)",-1.0417505693013158,2023-26
BBIO,2020-03-23,"G first red day: corto al día siguiente, stop máx. día rojo",-0.43436634707553484,2020-22
BBIO,2023-03-06,"F día 2: corto apertura, stop máx. día 1 (día 1 cerró débil)",-1.0553207062687038,2023-26
BBLG,2023-12-29,"G first red day: corto al día siguiente, stop máx. día rojo",0.31860254629450857,2023-26
BBLG,2024-07-24,"F día 2: corto apertura, stop máx. día 1 (día 1 cerró débil)",-0.09683568109211786,2023-26
BBLG,2024-08-01,"F día 2: corto apertura, stop máx. día 1 (día 1 cerró débil)",-0.29105908012352055,2023-26
BBLG,2024-09-16,"F día 2: corto apertura, stop máx. día 1 (día 1 cerró fuerte)",-0.196702076955126,2023-26
BCDA,2016-11-29,"G first red day: corto al día siguiente, stop máx. día rojo",0.5920575591964269,2015-19
BCDA,2020-12-16,"G first red day: corto al día siguiente, stop máx. día rojo",0.734586313195097,2020-22
BCDA,2023-11-14,"F día 2: corto apertura, stop máx. día 1 (día 1 cerró débil)",0.1907868905394175,2023-26
BCDA,2024-08-29,"F día 2: corto apertura, stop máx. día 1 (día 1 cerró fuerte)",0.803401252057135,2023-26
BCG,2024-05-24,"G first red day: corto al día siguiente, stop máx. día rojo",-0.8053436138230838,2023-26
BCG,2026-04-01,"F día 2: corto apertura, stop máx. día 1 (día 1 cerró débil)",-0.17239727047869616,2023-26
BCTX,2016-03-29,"F día 2: corto apertura, stop máx. día 1 (día 1 cerró fuerte)",0.8434163701067614,2015-19
BCTX,2021-06-02,"F día 2: corto apertura, stop máx. día 1 (día 1 cerró débil)",0.0612803323227157,2020-22
BCTX,2024-09-11,"F día 2: corto apertura, stop máx. día 1 (día 1 cerró débil)",0.01000591501421909,2023-26
BCTX,2024-10-01,"G first red day: corto al día siguiente, stop máx. día rojo",-0.3408615395226736,2023-26
BCTX,2025-01-29,"F día 2: corto apertura, stop máx. día 1 (día 1 cerró fuerte)",-1.1849907379905247,2023-26
BCTX,2025-04-24,"F día 2: corto apertura, stop máx. día 1 (día 1 cerró débil)",-0.0944668140296148,2023-26
BCTX,2026-01-13,"F día 2: corto apertura, stop máx. día 1 (día 1 cerró fuerte)",-0.014319801358572377,2023-26
BDRX,2019-02-28,"G first red day: corto al día siguiente, stop máx. día rojo",0.7816524668119675,2015-19
BDRX,2019-07-19,"F día 2: corto apertura, stop máx. día 1 (día 1 cerró débil)",0.05955993930197269,2015-19
BDRX,2020-01-08,"F día 2: corto apertura, stop máx. día 1 (día 1 cerró débil)",0.014204545454545454,2020-22
BDRX,2020-07-21,"F día 2: corto apertura, stop máx. día 1 (día 1 cerró débil)",0.20590078031554365,2020-22
BDRX,2021-06-17,"F día 2: corto apertura, stop máx. día 1 (día 1 cerró débil)",-0.12460199533007854,2020-22
BDRX,2023-11-27,"F día 2: corto apertura, stop máx. día 1 (día 1 cerró débil)",0.16871734778575265,2023-26
BDRX,2024-03-28,"F día 2: corto apertura, stop máx. día 1 (día 1 cerró débil)",-0.19057142857142856,2023-26
BDRX,2024-04-26,"F día 2: corto apertura, stop máx. día 1 (día 1 cerró débil)",-0.2508267195767196,2023-26
BDRX,2024-05-21,"F día 2: corto apertura, stop máx. día 1 (día 1 cerró débil)",0.14239332096474955,2023-26
BDRX,2024-07-11,"F día 2: corto apertura, stop máx. día 1 (día 1 cerró débil)",-0.07456922162804516,2023-26
BDRX,2024-10-16,"F día 2: corto apertura, stop máx. día 1 (día 1 cerró débil)",0.09208915530414961,2023-26
BDRX,2025-02-10,"F día 2: corto apertura, stop máx. día 1 (día 1 cerró débil)",-0.006690777576853526,2023-26
BDRX,2026-04-02,"F día 2: corto apertura, stop máx. día 1 (día 1 cerró débil)",0.03474794747377724,2023-26
BDSX,2026-01-14,"G first red day: corto al día siguiente, stop máx. día rojo",0.5885713891593808,2023-26
BDTX,2023-06-27,"F día 2: corto apertura, stop máx. día 1 (día 1 cerró fuerte)",0.054089610040390576,2023-26
BE,2024-11-15,"F día 2: corto apertura, stop máx. día 1 (día 1 cerró fuerte)",-1.1385437553378008,2023-26
BEAT,2022-09-15,"F día 2: corto apertura, stop máx. día 1 (día 1 cerró fuerte)",0.21257993311978687,2020-22
BEAT,2022-09-30,"G first red day: corto al día siguiente, stop máx. día rojo",-1.1613280789868585,2020-22
BEAT,2025-12-10,"F día 2: corto apertura, stop máx. día 1 (día 1 cerró fuerte)",-1.038584363539109,2023-26
BENF,2023-06-08,"F día 2: corto apertura, stop máx. día 1 (día 1 cerró débil)",-0.0039012920984327058,2023-26
BENF,2024-03-07,"F día 2: corto apertura, stop máx. día 1 (día 1 cerró débil)",0.160071246275007,2023-26
BENF,2024-04-12,"F día 2: corto apertura, stop máx. día 1 (día 1 cerró débil)",0.1246154170910976,2023-26
BENF,2024-09-06,"F día 2: corto apertura, stop máx. día 1 (día 1 cerró débil)",-0.017196579873432677,2023-26
BENF,2024-10-04,"F día 2: corto apertura, stop máx. día 1 (día 1 cerró débil)",-0.21703138182864362,2023-26
BENF,2025-09-30,"F día 2: corto apertura, stop máx. día 1 (día 1 cerró fuerte)",-0.37486534018816225,2023-26
BENF,2025-10-22,"F día 2: corto apertura, stop máx. día 1 (día 1 cerró fuerte)",0.10536426409554293,2023-26
BENF,2026-09-23,"F día 2: corto apertura, stop máx. día 1 (día 1 cerró fuerte)",0.3590801610481449,2023-26
BESS,2015-01-28,"G first red day: corto al día siguiente, stop máx. día rojo",-0.06962027048279353,2015-19
BESS,2019-03-19,"F día 2: corto apertura, stop máx. día 1 (día 1 cerró débil)",-0.009615384615384616,2015-19
BESS,2020-07-31,"F día 2: corto apertura, stop máx. día 1 (día 1 cerró fuerte)",-0.009615384615384616,2020-22
BESS,2020-08-19,"G first red day: corto al día siguiente, stop máx. día rojo",-0.01428571271015915,2020-22
BESS,2020-11-25,"F día 2: corto apertura, stop máx. día 1 (día 1 cerró débil)",-0.03636363349248009,2020-22
BESS,2021-01-27,"G first red day: corto al día siguiente, stop máx. día rojo",-0.01582278550594846,2020-22
BESS,2021-05-14,"F día 2: corto apertura, stop máx. día 1 (día 1 cerró fuerte)",-0.09523800770732528,2020-22
BESS,2021-06-14,"G first red day: corto al día siguiente, stop máx. día rojo",-0.01804123731853069,2020-22
BESS,2021-06-21,"F día 2: corto apertura, stop máx. día 1 (día 1 cerró fuerte)",-0.6886544043336115,2020-22
BESS,2023-02-16,"G first red day: corto al día siguiente, stop máx. día rojo",-0.027777774799297775,2023-26
BFRG,2023-04-05,"G first red day: corto al día siguiente, stop máx. día rojo",-0.5483833206733794,2023-26
BFRG,2023-07-25,"F día 2: corto apertura, stop máx. día 1 (día 1 cerró débil)",-0.2205799880037915,2023-26
BFRG,2026-03-30,"F día 2: corto apertura, stop máx. día 1 (día 1 cerró débil)",-1.0304347923119341,2023-26
BFRG,2026-09-24,"G first red day: corto al día siguiente, stop máx. día rojo",-1.0866726416212373,2023-26
BFRI,2021-11-24,"F día 2: corto apertura, stop máx. día 1 (día 1 cerró débil)",-1.234375118743688,2020-22
BFRI,2021-11-29,"G first red day: corto al día siguiente, stop máx. día rojo",0.15283679661323538,2020-22
BFRI,2024-02-20,"F día 2: corto apertura, stop máx. día 1 (día 1 cerró débil)",-0.08451259836104615,2023-26
BFRI,2024-04-02,"G first red day: corto al día siguiente, stop máx. día rojo",-0.04702192332688302,2023-26
BGDE,2015-03-19,"F día 2: corto apertura, stop máx. día 1 (día 1 cerró débil)",-0.018867924528301886,2015-19
BGDE,2015-08-21,"F día 2: corto apertura, stop máx. día 1 (día 1 cerró débil)",-0.0052238805970149255,2015-19
BGDE,2015-08-31,"F día 2: corto apertura, stop máx. día 1 (día 1 cerró débil)",-0.33,2015-19
BGDE,2017-05-04,"F día 2: corto apertura, stop máx. día 1 (día 1 cerró débil)",-0.3113821138211382,2015-19
BGDE,2017-09-13,"F día 2: corto apertura, stop máx. día 1 (día 1 cerró débil)",-0.04464285714285715,2015-19
BGDE,2018-08-21,"F día 2: corto apertura, stop máx. día 1 (día 1 cerró fuerte)",-0.24752475247524744,2015-19
BGDE,2019-10-08,"F día 2: corto apertura, stop máx. día 1 (día 1 cerró débil)",-0.050660792951541835,2015-19
BGDE,2020-01-10,"F día 2: corto apertura, stop máx. día 1 (día 1 cerró débil)",-0.03636363636363636,2020-22
BGDE,2020-06-05,"F día 2: corto apertura, stop máx. día 1 (día 1 cerró fuerte)",0.708,2020-22
BGDE,2022-02-01,"G first red day: corto al día siguiente, stop máx. día rojo",0.637865441877869,2020-22
BGDE,2023-12-05,"G first red day: corto al día siguiente, stop máx. día rojo",1.4930440239717784,2023-26
BGDE,2023-12-28,"G first red day: corto al día siguiente, stop máx. día rojo",1.0019061357187382,2023-26
BGDE,2025-10-03,"G first red day: corto al día siguiente, stop máx. día rojo",-1.14210536495367,2023-26
BGL,2025-07-03,"G first red day: corto al día siguiente, stop máx. día rojo",-0.022278740938695883,2023-26
BGLC,2021-06-01,"F día 2: corto apertura, stop máx. día 1 (día 1 cerró débil)",0.26559853474518674,2020-22
BGLC,2021-07-13,"F día 2: corto apertura, stop máx. día 1 (día 1 cerró débil)",-0.025508968376164398,2020-22
BGLC,2023-02-22,"F día 2: corto apertura, stop máx. día 1 (día 1 cerró débil)",-0.05500502360752826,2023-26
BGLC,2023-05-19,"G first red day: corto al día siguiente, stop máx. día rojo",-0.5299619002396817,2023-26
BGLC,2023-07-14,"G first red day: corto al día siguiente, stop máx. día rojo",1.8723397018377135,2023-26
BGLC,2023-11-24,"F día 2: corto apertura, stop máx. día 1 (día 1 cerró fuerte)",-0.1205391129274227,2023-26
BGLC,2024-02-13,"F día 2: corto apertura, stop máx. día 1 (día 1 cerró débil)",0.025758551866729425,2023-26
BGLC,2024-03-05,"G first red day: corto al día siguiente, stop máx. día rojo",0.0890638807217076,2023-26
BGLC,2025-07-01,"F día 2: corto apertura, stop máx. día 1 (día 1 cerró débil)",-0.08695917459055554,2023-26
BGLC,2025-07-30,"F día 2: corto apertura, stop máx. día 1 (día 1 cerró débil)",-0.16118776819413894,2023-26
BGM,2024-12-03,"G first red day: corto al día siguiente, stop máx. día rojo",0.28181596751218563,2023-26
BGMS,2017-04-05,"G first red day: corto al día siguiente, stop máx. día rojo",0.07509663169519602,2015-19
BGMS,2020-04-20,"F día 2: corto apertura, stop máx. día 1 (día 1 cerró débil)",-0.0007426541814659349,2020-22
BGMS,2020-12-24,"G first red day: corto al día siguiente, stop máx. día rojo",-1.0807793789324132,2020-22
BGMS,2024-05-02,"G first red day: corto al día siguiente, stop máx. día rojo",0.410794696028348,2023-26
BGMS,2025-01-03,"F día 2: corto apertura, stop máx. día 1 (día 1 cerró débil)",-0.10634107373280578,2023-26
BGMS,2026-06-05,"F día 2: corto apertura, stop máx. día 1 (día 1 cerró débil)",0.4665260846049199,2023-26
BGMS,2026-07-02,"G first red day: corto al día siguiente, stop máx. día rojo",0.0018953390797979766,2023-26
BHRB,2021-02-25,"F día 2: corto apertura, stop máx. día 1 (día 1 cerró débil)",0.11067189289604291,2020-22
BIAF,2022-09-28,"F día 2: corto apertura, stop máx. día 1 (día 1 cerró débil)",-0.10372229192806359,2020-22
BIAF,2025-04-01,"F día 2: corto apertura, stop máx. día 1 (día 1 cerró fuerte)",0.007315378224355821,2023-26
BIAF,2025-09-26,"F día 2: corto apertura, stop máx. día 1 (día 1 cerró débil)",0.6403600471624744,2023-26
BIAF,2026-03-13,"F día 2: corto apertura, stop máx. día 1 (día 1 cerró débil)",-0.05394641185032486,2023-26
BIAF,2026-09-01,"F día 2: corto apertura, stop máx. día 1 (día 1 cerró débil)",-1.0654905203070293,2023-26
BIRD,2026-04-15,"F día 2: corto apertura, stop máx. día 1 (día 1 cerró fuerte)",0.32121783330727105,2023-26
BIVI,2021-04-27,"G first red day: corto al día siguiente, stop máx. día rojo",-0.1278112184151342,2020-22
BIVI,2024-03-01,"F día 2: corto apertura, stop máx. día 1 (día 1 cerró débil)",0.010543888937703189,2023-26
BIVI,2024-10-21,"F día 2: corto apertura, stop máx. día 1 (día 1 cerró débil)",-0.08387093492733534,2023-26
BIYA,2025-11-06,"F día 2: corto apertura, stop máx. día 1 (día 1 cerró débil)",-0.1601840855106888,2023-26
BIYA,2026-04-28,"F día 2: corto apertura, stop máx. día 1 (día 1 cerró débil)",-0.5768108444716125,2023-26
BIYA,2026-05-15,"F día 2: corto apertura, stop máx. día 1 (día 1 cerró débil)",-0.17041515891527217,2023-26
BIYA,2026-05-27,"G first red day: corto al día siguiente, stop máx. día rojo",0.2617393953525506,2023-26
BIYA,2026-06-30,"F día 2: corto apertura, stop máx. día 1 (día 1 cerró fuerte)",-1.0185314648894326,2023-26
BIYA,2026-07-20,"F día 2: corto apertura, stop máx. día 1 (día 1 cerró débil)",-0.019668517512311075,2023-26
BJDX,2022-06-10,"G first red day: corto al día siguiente, stop máx. día rojo",-0.06711555169417896,2020-22
BJDX,2023-08-03,"F día 2: corto apertura, stop máx. día 1 (día 1 cerró débil)",-0.08954774419623304,2023-26
BJDX,2023-09-20,"F día 2: corto apertura, stop máx. día 1 (día 1 cerró débil)",-0.048940832724616516,2023-26
BJDX,2024-12-05,"F día 2: corto apertura, stop máx. día 1 (día 1 cerró fuerte)",0.21462445247417009,2023-26
BJDX,2025-04-07,"F día 2: corto apertura, stop máx. día 1 (día 1 cerró débil)",0.12973794659489118,2023-26
BJDX,2025-10-09,"F día 2: corto apertura, stop máx. día 1 (día 1 cerró débil)",-0.17552261334076913,2023-26
BJDX,2026-06-02,"F día 2: corto apertura, stop máx. día 1 (día 1 cerró débil)",-0.21112639696377497,2023-26
BKKT,2021-01-08,"F día 2: corto apertura, stop máx. día 1 (día 1 cerró fuerte)",0.19717808219178082,2020-22
BKYI,2015-02-06,"F día 2: corto apertura, stop máx. día 1 (día 1 cerró débil)",0.027499959279621282,2015-19
BKYI,2020-03-11,"F día 2: corto apertura, stop máx. día 1 (día 1 cerró débil)",0.24423376081743522,2020-22
BKYI,2020-03-27,"F día 2: corto apertura, stop máx. día 1 (día 1 cerró débil)",0.10971002994016862,2020-22
BKYI,2020-10-08,"F día 2: corto apertura, stop máx. día 1 (día 1 cerró débil)",-0.11753724989055876,2020-22
BKYI,2023-10-27,"F día 2: corto apertura, stop máx. día 1 (día 1 cerró débil)",0.22266252251290358,2023-26
BKYI,2024-09-10,"F día 2: corto apertura, stop máx. día 1 (día 1 cerró débil)",0.2314164962875558,2023-26
BKYI,2024-10-29,"F día 2: corto apertura, stop máx. día 1 (día 1 cerró débil)",-0.10111246359186121,2023-26
BKYI,2024-12-31,"G first red day: corto al día siguiente, stop máx. día rojo",0.39546434250074525,2023-26
BKYI,2025-10-27,"F día 2: corto apertura, stop máx. día 1 (día 1 cerró débil)",0.03933686072169902,2023-26
BLFS,2016-07-11,"F día 2: corto apertura, stop máx. día 1 (día 1 cerró débil)",0.22507095259988938,2015-19
BLIN,2016-06-08,"F día 2: corto apertura, stop máx. día 1 (día 1 cerró débil)",0.20736220866259877,2015-19
BLIN,2016-06-09,"G first red day: corto al día siguiente, stop máx. día rojo",-0.08030480656506449,2015-19
BLIN,2018-07-10,"F día 2: corto apertura, stop máx. día 1 (día 1 cerró débil)",0.08422535211267605,2015-19
BLIN,2020-05-15,"F día 2: corto apertura, stop máx. día 1 (día 1 cerró débil)",-0.10346896569733184,2020-22
BLIN,2021-07-06,"F día 2: corto apertura, stop máx. día 1 (día 1 cerró débil)",0.2864929629846151,2020-22
BLIN,2021-07-07,"G first red day: corto al día siguiente, stop máx. día rojo",-0.1613310894537715,2020-22
BLNE,2023-02-06,"G first red day: corto al día siguiente, stop máx. día rojo",-0.006404002497881152,2023-26
BLNE,2024-09-05,"F día 2: corto apertura, stop máx. día 1 (día 1 cerró débil)",-0.10691265999863674,2023-26
BLNE,2025-03-26,"F día 2: corto apertura, stop máx. día 1 (día 1 cerró débil)",0.05151770712837709,2023-26
BLNK,2016-08-15,"G first red day: corto al día siguiente, stop máx. día rojo",0.492415831348179,2015-19
BLNK,2018-05-09,"G first red day: corto al día siguiente, stop máx. día rojo",-0.3133500214671474,2015-19
BLNK,2020-07-31,"G first red day: corto al día siguiente, stop máx. día rojo",-0.014444855926222506,2020-22
BLNK,2020-11-24,"G first red day: corto al día siguiente, stop máx. día rojo",-0.06937181762375756,2020-22
BLRX,2020-10-30,"F día 2: corto apertura, stop máx. día 1 (día 1 cerró débil)",-0.08830475391299906,2020-22
BLRX,2021-05-04,"F día 2: corto apertura, stop máx. día 1 (día 1 cerró débil)",0.8431020242151523,2020-22
BLRX,2025-05-30,"F día 2: corto apertura, stop máx. día 1 (día 1 cerró débil)",0.36464883769387796,2023-26
BLZE,2026-05-05,"F día 2: corto apertura, stop máx. día 1 (día 1 cerró débil)",0.34089833742440223,2023-26
BMGL,2025-07-09,"F día 2: corto apertura, stop máx. día 1 (día 1 cerró fuerte)",-0.1094406596680174,2023-26
BMGL,2026-09-14,"F día 2: corto apertura, stop máx. día 1 (día 1 cerró débil)",0.17624245077225398,2023-26
BMNR,2025-07-01,"F día 2: corto apertura, stop máx. día 1 (día 1 cerró débil)",-0.3019630970324283,2023-26
BMR,2023-05-25,"F día 2: corto apertura, stop máx. día 1 (día 1 cerró débil)",0.10916777805733058,2023-26
BMR,2024-02-12,"F día 2: corto apertura, stop máx. día 1 (día 1 cerró débil)",0.22071679912582468,2023-26
BMR,2024-02-13,"F día 2: corto apertura, stop máx. día 1 (día 1 cerró débil)",0.12246834691143696,2023-26
BMRA,2020-03-19,"F día 2: corto apertura, stop máx. día 1 (día 1 cerró débil)",0.25316653598606653,2020-22
BMRA,2020-03-20,"G first red day: corto al día siguiente, stop máx. día rojo",-0.524717758919397,2020-22
BMRA,2023-12-18,"F día 2: corto apertura, stop máx. día 1 (día 1 cerró débil)",-0.05695050886063696,2023-26
BMRA,2025-01-16,"F día 2: corto apertura, stop máx. día 1 (día 1 cerró débil)",0.10744788665328277,2023-26
BNAI,2024-05-29,"F día 2: corto apertura, stop máx. día 1 (día 1 cerró fuerte)",-0.2197427810411555,2023-26
BNAI,2025-06-02,"F día 2: corto apertura, stop máx. día 1 (día 1 cerró fuerte)",-0.05144731806509169,2023-26
BNAI,2025-11-10,"F día 2: corto apertura, stop máx. día 1 (día 1 cerró débil)",-0.03858862877237181,2023-26
BNAI,2026-01-26,"F día 2: corto apertura, stop máx. día 1 (día 1 cerró fuerte)",-0.432841138525224,2023-26
BNC,2015-08-18,"G first red day: corto al día siguiente, stop máx. día rojo",0.9138839969231526,2015-19
BNC,2021-01-06,"F día 2: corto apertura, stop máx. día 1 (día 1 cerró débil)",1.1733345097674652,2020-22
BNC,2021-01-15,"G first red day: corto al día siguiente, stop máx. día rojo",0.12460229702182381,2020-22
BNC,2025-07-28,"F día 2: corto apertura, stop máx. día 1 (día 1 cerró débil)",0.30283680733967144,2023-26
BNC,2026-09-08,"F día 2: corto apertura, stop máx. día 1 (día 1 cerró fuerte)",1.1743635616846002,2023-26
BNED,2024-05-22,"F día 2: corto apertura, stop máx. día 1 (día 1 cerró fuerte)",-0.15316792049355968,2023-26
BNGO,2019-10-16,"F día 2: corto apertura, stop máx. día 1 (día 1 cerró débil)",0.2234318673395818,2015-19
BNGO,2019-11-07,"F día 2: corto apertura, stop máx. día 1 (día 1 cerró débil)",0.01746031746031746,2015-19
BNGO,2021-01-04,"F día 2: corto apertura, stop máx. día 1 (día 1 cerró fuerte)",0.1424597083653108,2020-22
BNGO,2021-01-05,"G first red day: corto al día siguiente, stop máx. día rojo",-0.15919811320754718,2020-22
BNKK,2023-07-10,"F día 2: corto apertura, stop máx. día 1 (día 1 cerró débil)",0.0603774242966644,2023-26
BNKK,2025-11-20,"F día 2: corto apertura, stop máx. día 1 (día 1 cerró débil)",0.013857469913360615,2023-26
BNKK,2026-01-23,"G first red day: corto al día siguiente, stop máx. día rojo",0.8689086522642938,2023-26
BNTC,2018-07-09,"F día 2: corto apertura, stop máx. día 1 (día 1 cerró débil)",0.0837222955775805,2015-19
BNTC,2021-03-23,"F día 2: corto apertura, stop máx. día 1 (día 1 cerró fuerte)",0.3364274783027545,2020-22
BNTX,2020-03-19,"G first red day: corto al día siguiente, stop máx. día rojo",0.26295050112153606,2020-22
BOF,2024-04-24,"F día 2: corto apertura, stop máx. día 1 (día 1 cerró débil)",-0.11966079985076339,2023-26
BOLD,2026-06-23,"F día 2: corto apertura, stop máx. día 1 (día 1 cerró fuerte)",-0.12682920463878128,2023-26
BON,2023-02-23,"G first red day: corto al día siguiente, stop máx. día rojo",0.0878048780487805,2023-26
BON,2025-03-14,"F día 2: corto apertura, stop máx. día 1 (día 1 cerró débil)",0.09081772847391253,2023-26
BON,2025-04-11,"F día 2: corto apertura, stop máx. día 1 (día 1 cerró débil)",0.004806277991280651,2023-26
BON,2025-05-16,"F día 2: corto apertura, stop máx. día 1 (día 1 cerró débil)",0.18885031901836855,2023-26
BON,2025-09-09,"F día 2: corto apertura, stop máx. día 1 (día 1 cerró débil)",-0.09940756123111255,2023-26
BORR,2020-03-19,"F día 2: corto apertura, stop máx. día 1 (día 1 cerró fuerte)",-1.222826203679999,2020-22
BORR,2020-06-09,"G first red day: corto al día siguiente, stop máx. día rojo",0.23733798785360094,2020-22
BORR,2022-03-08,"G first red day: corto al día siguiente, stop máx. día rojo",0.2846969458825558,2020-22
BOT,2026-05-18,"G first red day: corto al día siguiente, stop máx. día rojo",0.4663448587197065,2023-26
BOXL,2018-05-03,"F día 2: corto apertura, stop máx. día 1 (día 1 cerró débil)",0.04465947152958691,2015-19
BOXL,2018-05-15,"G first red day: corto al día siguiente, stop máx. día rojo",-0.3847329756079595,2015-19
BOXL,2019-01-24,"G first red day: corto al día siguiente, stop máx. día rojo",0.31298462755201606,2015-19
BOXL,2020-03-25,"F día 2: corto apertura, stop máx. día 1 (día 1 cerró fuerte)",0.45643160926797555,2020-22
BOXL,2020-07-17,"G first red day: corto al día siguiente, stop máx. día rojo",0.24002038210662938,2020-22
BOXL,2025-09-22,"F día 2: corto apertura, stop máx. día 1 (día 1 cerró débil)",0.08828250995159335,2023-26
BOXL,2026-01-21,"F día 2: corto apertura, stop máx. día 1 (día 1 cerró débil)",-0.059225872759553634,2023-26
BOXL,2026-08-12,"F día 2: corto apertura, stop máx. día 1 (día 1 cerró fuerte)",0.04210110581053947,2023-26
BRBI,2025-09-23,"F día 2: corto apertura, stop máx. día 1 (día 1 cerró débil)",0.021618689398023305,2023-26
BRFH,2024-04-25,"F día 2: corto apertura, stop máx. día 1 (día 1 cerró fuerte)",0.4572046420819937,2023-26
BRIA,2025-09-04,"F día 2: corto apertura, stop máx. día 1 (día 1 cerró débil)",0.23469499729247378,2023-26
BRLS,2026-02-11,"G first red day: corto al día siguiente, stop máx. día rojo",0.15795419555815063,2023-26
BRN,2020-06-23,"F día 2: corto apertura, stop máx. día 1 (día 1 cerró débil)",-0.2009980775989532,2020-22
BRNX,2023-04-12,"G first red day: corto al día siguiente, stop máx. día rojo",0.05568383658969805,2023-26
BRNX,2024-08-30,"F día 2: corto apertura, stop máx. día 1 (día 1 cerró débil)",0.045230915727662274,2023-26
BRTX,2018-08-03,"G first red day: corto al día siguiente, stop máx. día rojo",-0.546315454400764,2015-19
BRTX,2020-03-03,"F día 2: corto apertura, stop máx. día 1 (día 1 cerró débil)",-0.9622641522430704,2020-22
BRTX,2020-04-01,"F día 2: corto apertura, stop máx. día 1 (día 1 cerró débil)",-0.009615384615384614,2020-22
BRTX,2020-04-03,"F día 2: corto apertura, stop máx. día 1 (día 1 cerró fuerte)",-0.971153846153846,2020-22
BRTX,2020-05-21,"F día 2: corto apertura, stop máx. día 1 (día 1 cerró débil)",-0.009615384615384614,2020-22
BRTX,2020-05-26,"F día 2: corto apertura, stop máx. día 1 (día 1 cerró débil)",-0.009615384615384614,2020-22
BRTX,2020-06-04,"F día 2: corto apertura, stop máx. día 1 (día 1 cerró débil)",-0.009615384615384614,2020-22
BRTX,2020-06-30,"F día 2: corto apertura, stop máx. día 1 (día 1 cerró débil)",-0.009615384615384614,2020-22
BRTX,2020-07-13,"F día 2: corto apertura, stop máx. día 1 (día 1 cerró fuerte)",-0.009615384615384614,2020-22
BRTX,2020-07-15,"F día 2: corto apertura, stop máx. día 1 (día 1 cerró fuerte)",-0.009615384615384614,2020-22
BRTX,2020-08-10,"F día 2: corto apertura, stop máx. día 1 (día 1 cerró débil)",0.6777175641803702,2020-22
BRTX,2020-08-11,"G first red day: corto al día siguiente, stop máx. día rojo",0.6441717206334775,2020-22
BRTX,2020-08-20,"G first red day: corto al día siguiente, stop máx. día rojo",-0.42470282045660396,2020-22
BRTX,2020-09-01,"G first red day: corto al día siguiente, stop máx. día rojo",0.441107156971662,2020-22
BRTX,2021-07-13,"G first red day: corto al día siguiente, stop máx. día rojo",1.3093226370509208,2020-22
BRTX,2024-06-13,"F día 2: corto apertura, stop máx. día 1 (día 1 cerró débil)",-0.10442142635760299,2023-26
BRTX,2026-05-27,"F día 2: corto apertura, stop máx. día 1 (día 1 cerró débil)",-0.2943082134794456,2023-26
BRTX,2026-09-09,"F día 2: corto apertura, stop máx. día 1 (día 1 cerró débil)",0.22222176867352617,2023-26
BSEM,2020-04-30,"F día 2: corto apertura, stop máx. día 1 (día 1 cerró fuerte)",0.13666447109925478,2020-22
BSEM,2020-05-06,"F día 2: corto apertura, stop máx. día 1 (día 1 cerró débil)",-0.12378593613515558,2020-22
BSEM,2021-10-12,"F día 2: corto apertura, stop máx. día 1 (día 1 cerró débil)",-0.9470802997512573,2020-22
BSEM,2024-02-02,"G first red day: corto al día siguiente, stop máx. día rojo",-0.3910544210413612,2023-26
BSEM,2024-04-02,"G first red day: corto al día siguiente, stop máx. día rojo",-0.3070932774932723,2023-26
BSIN,2020-09-29,"F día 2: corto apertura, stop máx. día 1 (día 1 cerró débil)",0.09613472900349769,2020-22
BSIN,2022-03-08,"F día 2: corto apertura, stop máx. día 1 (día 1 cerró débil)",-0.1481008483378043,2020-22
BSIN,2025-06-13,"F día 2: corto apertura, stop máx. día 1 (día 1 cerró débil)",0.7286179995607823,2023-26
BTBD,2022-01-24,"F día 2: corto apertura, stop máx. día 1 (día 1 cerró débil)",0.25053448572111153,2020-22
BTBD,2024-01-09,"F día 2: corto apertura, stop máx. día 1 (día 1 cerró débil)",0.023449264197956492,2023-26
BTBD,2025-09-03,"F día 2: corto apertura, stop máx. día 1 (día 1 cerró débil)",0.006488214267968725,2023-26
BTBT,2020-04-08,"G first red day: corto al día siguiente, stop máx. día rojo",0.2520539594201887,2020-22
BTCS,2016-11-30,"F día 2: corto apertura, stop máx. día 1 (día 1 cerró fuerte)",-0.9622641509433962,2015-19
BTCS,2017-01-26,"F día 2: corto apertura, stop máx. día 1 (día 1 cerró débil)",-0.018867924528301886,2015-19
BTCS,2017-01-30,"F día 2: corto apertura, stop máx. día 1 (día 1 cerró débil)",-0.018867924528301886,2015-19
BTCS,2017-02-15,"F día 2: corto apertura, stop máx. día 1 (día 1 cerró débil)",-0.00364963503649635,2015-19
BTCS,2017-03-03,"G first red day: corto al día siguiente, stop máx. día rojo",0.3213675213675213,2015-19
BTCS,2017-08-15,"G first red day: corto al día siguiente, stop máx. día rojo",0.2999998734565351,2015-19
BTCS,2017-09-19,"G first red day: corto al día siguiente, stop máx. día rojo",-0.11661938624803987,2015-19
BTCS,2019-04-04,"G first red day: corto al día siguiente, stop máx. día rojo",-1.060344791440723,2015-19
BTCS,2019-04-09,"G first red day: corto al día siguiente, stop máx. día rojo",-0.7741178952209278,2015-19
BTCS,2020-02-13,"G first red day: corto al día siguiente, stop máx. día rojo",0.03875961355862348,2020-22
BTCS,2021-01-15,"G first red day: corto al día siguiente, stop máx. día rojo",0.29428401451336733,2020-22
BTCT,2021-10-26,"F día 2: corto apertura, stop máx. día 1 (día 1 cerró débil)",1.2455573505654276,2020-22
BTCT,2021-10-27,"G first red day: corto al día siguiente, stop máx. día rojo",-1.0337552742616034,2020-22
BTCT,2023-09-29,"F día 2: corto apertura, stop máx. día 1 (día 1 cerró débil)",-0.3621232536610477,2023-26
BTCT,2023-10-03,"G first red day: corto al día siguiente, stop máx. día rojo",-0.5487411333372112,2023-26
BTCT,2024-11-13,"F día 2: corto apertura, stop máx. día 1 (día 1 cerró débil)",1.4452541456315735,2023-26
BTCT,2026-06-30,"F día 2: corto apertura, stop máx. día 1 (día 1 cerró débil)",-0.5308973259295466,2023-26
BTCT,2026-08-20,"F día 2: corto apertura, stop máx. día 1 (día 1 cerró débil)",0.8122343685102651,2023-26
BTTC,2025-12-11,"F día 2: corto apertura, stop máx. día 1 (día 1 cerró débil)",0.14109463624796464,2023-26
BTTC,2026-01-20,"F día 2: corto apertura, stop máx. día 1 (día 1 cerró débil)",-0.165817044593284,2023-26
BTTC,2026-09-21,"F día 2: corto apertura, stop máx. día 1 (día 1 cerró fuerte)",0.12886952900639834,2023-26
BULL,2025-04-14,"F día 2: corto apertura, stop máx. día 1 (día 1 cerró fuerte)",0.2679960633634207,2023-26
BURU,2023-04-05,"F día 2: corto apertura, stop máx. día 1 (día 1 cerró débil)",-0.02881997869570363,2023-26
BURU,2023-08-08,"F día 2: corto apertura, stop máx. día 1 (día 1 cerró débil)",0.0015710659257977416,2023-26
BURU,2024-05-17,"F día 2: corto apertura, stop máx. día 1 (día 1 cerró débil)",0.4283903675538656,2023-26
BURU,2024-05-20,"G first red day: corto al día siguiente, stop máx. día rojo",0.38644160262538096,2023-26
BURU,2024-05-31,"F día 2: corto apertura, stop máx. día 1 (día 1 cerró débil)",0.10938490813749123,2023-26
BURU,2024-12-12,"F día 2: corto apertura, stop máx. día 1 (día 1 cerró fuerte)",0.19162322091044115,2023-26
BURU,2024-12-31,"G first red day: corto al día siguiente, stop máx. día rojo",-1.058735418646446,2023-26
BURU,2025-02-21,"F día 2: corto apertura, stop máx. día 1 (día 1 cerró débil)",0.10490689174030968,2023-26
BURU,2025-05-30,"F día 2: corto apertura, stop máx. día 1 (día 1 cerró débil)",-0.2535327823696439,2023-26
BURU,2025-10-09,"G first red day: corto al día siguiente, stop máx. día rojo",1.6994665361576928,2023-26
BURU,2026-09-14,"F día 2: corto apertura, stop máx. día 1 (día 1 cerró débil)",-0.03930790560898233,2023-26
BVC,2024-10-16,"F día 2: corto apertura, stop máx. día 1 (día 1 cerró fuerte)",-0.014870312121368787,2023-26
BVC,2025-02-24,"F día 2: corto apertura, stop máx. día 1 (día 1 cerró débil)",-0.39850634690205883,2023-26
BVC,2025-09-09,"F día 2: corto apertura, stop máx. día 1 (día 1 cerró fuerte)",-0.2718258269022098,2023-26
BVC,2026-01-05,"F día 2: corto apertura, stop máx. día 1 (día 1 cerró fuerte)",0.23895857410413612,2023-26
BVC,2026-01-06,"G first red day: corto al día siguiente, stop máx. día rojo",0.22471358432380736,2023-26
BW,2020-05-13,"G first red day: corto al día siguiente, stop máx. día rojo",-0.06379906143778093,2020-22
BW,2023-11-16,"G first red day: corto al día siguiente, stop máx. día rojo",-0.7443959891790378,2023-26
BW,2025-05-14,"G first red day: corto al día siguiente, stop máx. día rojo",-0.28599850371699387,2023-26
BWEN,2020-04-28,"F día 2: corto apertura, stop máx. día 1 (día 1 cerró débil)",-0.06405590848658087,2020-22
BWEN,2023-01-11,"F día 2: corto apertura, stop máx. día 1 (día 1 cerró fuerte)",-0.3243749336277538,2023-26
BXMT,2020-03-27,"G first red day: corto al día siguiente, stop máx. día rojo",0.12205990410373133,2020-22
BYAH,2026-06-12,"F día 2: corto apertura, stop máx. día 1 (día 1 cerró débil)",0.2626654499122045,2023-26
BYFC,2020-06-19,"F día 2: corto apertura, stop máx. día 1 (día 1 cerró débil)",0.49083624406533355,2020-22
BYFC,2020-06-30,"F día 2: corto apertura, stop máx. día 1 (día 1 cerró débil)",-0.18270900829003123,2020-22
BYND,2019-06-11,"G first red day: corto al día siguiente, stop máx. día rojo",-0.49026323348668993,2015-19
BYND,2024-02-28,"F día 2: corto apertura, stop máx. día 1 (día 1 cerró débil)",-0.44892408948453216,2023-26
BYND,2025-10-22,"F día 2: corto apertura, stop máx. día 1 (día 1 cerró débil)",0.016449406071365184,2023-26
BYND,2025-10-22,"G first red day: corto al día siguiente, stop máx. día rojo",0.016449406071365184,2023-26
BYRN,2020-06-04,"G first red day: corto al día siguiente, stop máx. día rojo",0.4540542401564105,2020-22
BYRN,2020-06-10,"F día 2: corto apertura, stop máx. día 1 (día 1 cerró débil)",-0.2340659516706932,2020-22
BYSI,2021-08-04,"F día 2: corto apertura, stop máx. día 1 (día 1 cerró fuerte)",0.8463246532395295,2020-22
BZAI,2024-12-24,"F día 2: corto apertura, stop máx. día 1 (día 1 cerró débil)",0.10772726579145951,2023-26
BZAI,2025-02-18,"G first red day: corto al día siguiente, stop máx. día rojo",-0.027711613952908082,2023-26
BZFD,2023-01-30,"G first red day: corto al día siguiente, stop máx. día rojo",0.653318275317006,2023-26
BZFD,2024-02-22,"F día 2: corto apertura, stop máx. día 1 (día 1 cerró débil)",-0.07425753402102679,2023-26
BZFD,2024-05-22,"F día 2: corto apertura, stop máx. día 1 (día 1 cerró débil)",0.1648835879310927,2023-26
BZFD,2026-05-12,"F día 2: corto apertura, stop máx. día 1 (día 1 cerró débil)",0.013241306163888467,2023-26
CADL,2023-12-12,"F día 2: corto apertura, stop máx. día 1 (día 1 cerró débil)",-0.370862501097338,2023-26
CADL,2024-12-11,"F día 2: corto apertura, stop máx. día 1 (día 1 cerró débil)",-0.27897008652220795,2023-26
CAMP,2025-09-10,"F día 2: corto apertura, stop máx. día 1 (día 1 cerró débil)",-0.16135187034080525,2023-26
CANF,2015-09-21,"G first red day: corto al día siguiente, stop máx. día rojo",-0.18215102974828376,2015-19
CANF,2019-10-17,"F día 2: corto apertura, stop máx. día 1 (día 1 cerró débil)",-0.128,2015-19
CANF,2021-03-16,"F día 2: corto apertura, stop máx. día 1 (día 1 cerró débil)",0.07707532890906973,2020-22
CANF,2021-12-20,"F día 2: corto apertura, stop máx. día 1 (día 1 cerró débil)",0.33140589569161,2020-22
CANF,2025-11-18,"F día 2: corto apertura, stop máx. día 1 (día 1 cerró débil)",0.058427782950005426,2023-26
CANF,2025-12-26,"F día 2: corto apertura, stop máx. día 1 (día 1 cerró débil)",0.371352697950475,2023-26
CANF,2026-03-04,"F día 2: corto apertura, stop máx. día 1 (día 1 cerró débil)",0.10335312658209597,2023-26
CANF,2026-07-01,"F día 2: corto apertura, stop máx. día 1 (día 1 cerró débil)",0.21970907847342436,2023-26
CANG,2021-01-29,"G first red day: corto al día siguiente, stop máx. día rojo",0.17718278188554057,2020-22
CAPR,2015-01-28,"G first red day: corto al día siguiente, stop máx. día rojo",-0.04047663748835707,2015-19
CAPR,2017-09-20,"G first red day: corto al día siguiente, stop máx. día rojo",-0.10463478646182954,2015-19
CAPR,2019-07-15,"F día 2: corto apertura, stop máx. día 1 (día 1 cerró débil)",-0.00020224353150965552,2015-19
CAPR,2020-04-29,"F día 2: corto apertura, stop máx. día 1 (día 1 cerró fuerte)",0.056727360071449705,2020-22
CAPR,2025-12-03,"F día 2: corto apertura, stop máx. día 1 (día 1 cerró débil)",0.19860920199343957,2023-26
CAPR,2026-08-14,"F día 2: corto apertura, stop máx. día 1 (día 1 cerró débil)",-0.4495495814512304,2023-26
CAPS,2019-01-14,"F día 2: corto apertura, stop máx. día 1 (día 1 cerró débil)",-0.009615384615384618,2015-19
CAPS,2025-05-16,"F día 2: corto apertura, stop máx. día 1 (día 1 cerró débil)",0.03192916282286363,2023-26
CAPS,2025-08-25,"F día 2: corto apertura, stop máx. día 1 (día 1 cerró débil)",-0.10966632987037456,2023-26
CAR,2020-03-25,"G first red day: corto al día siguiente, stop máx. día rojo",0.2964100850671087,2020-22
CAST,2026-04-28,"G first red day: corto al día siguiente, stop máx. día rojo",1.6393590264587559,2023-26
CAST,2026-06-15,"F día 2: corto apertura, stop máx. día 1 (día 1 cerró débil)",-0.23286838878031865,2023-26
CAST,2026-06-18,"F día 2: corto apertura, stop máx. día 1 (día 1 cerró débil)",-0.5225113719190637,2023-26
CATX,2021-01-06,"F día 2: corto apertura, stop máx. día 1 (día 1 cerró débil)",0.25000000000000006,2020-22
CBAT,2020-09-25,"F día 2: corto apertura, stop máx. día 1 (día 1 cerró débil)",0.1276326984780464,2020-22
CBAT,2020-10-06,"G first red day: corto al día siguiente, stop máx. día rojo",-0.0889602936976224,2020-22
CBAT,2021-01-08,"G first red day: corto al día siguiente, stop máx. día rojo",0.054238901589661694,2020-22
CBIO,2024-10-29,"F día 2: corto apertura, stop máx. día 1 (día 1 cerró fuerte)",-0.12043435340572553,2023-26
CBUS,2021-01-20,"G first red day: corto al día siguiente, stop máx. día rojo",-0.3770449897750511,2020-22
CBUS,2023-01-17,"F día 2: corto apertura, stop máx. día 1 (día 1 cerró débil)",0.37086837701875225,2023-26
CCCC,2023-12-14,"G first red day: corto al día siguiente, stop máx. día rojo",0.19415707143259348,2023-26
CCG,2024-02-14,"F día 2: corto apertura, stop máx. día 1 (día 1 cerró débil)",-0.19403673924437362,2023-26
CCG,2026-07-20,"F día 2: corto apertura, stop máx. día 1 (día 1 cerró débil)",1.2337372603860135,2023-26
CCHH,2025-11-24,"G first red day: corto al día siguiente, stop máx. día rojo",-0.3139001364942157,2023-26
CCHH,2026-01-20,"F día 2: corto apertura, stop máx. día 1 (día 1 cerró débil)",-0.02762654680680499,2023-26
CCHH,2026-03-05,"G first red day: corto al día siguiente, stop máx. día rojo",-0.06849033802972017,2023-26
CCHH,2026-06-11,"F día 2: corto apertura, stop máx. día 1 (día 1 cerró débil)",-0.030631186603314372,2023-26
CCHH,2026-07-07,"F día 2: corto apertura, stop máx. día 1 (día 1 cerró débil)",0.20032140059228948,2023-26
CCLD,2017-04-28,"G first red day: corto al día siguiente, stop máx. día rojo",-1.0481394043067993,2015-19
CCLD,2017-08-03,"G first red day: corto al día siguiente, stop máx. día rojo",-0.15871898593029818,2015-19
CCM,2024-06-05,"G first red day: corto al día siguiente, stop máx. día rojo",0.041532219338745256,2023-26
CCO,2020-06-09,"G first red day: corto al día siguiente, stop máx. día rojo",0.6037187745724417,2020-22
CCTG,2024-02-08,"F día 2: corto apertura, stop máx. día 1 (día 1 cerró débil)",0.07002971160031124,2023-26
CCTG,2024-10-24,"F día 2: corto apertura, stop máx. día 1 (día 1 cerró débil)",0.007094751525510627,2023-26
CCTG,2025-11-05,"F día 2: corto apertura, stop máx. día 1 (día 1 cerró débil)",-0.0047553290353161805,2023-26
CCTG,2026-06-09,"F día 2: corto apertura, stop máx. día 1 (día 1 cerró débil)",0.04947218484162832,2023-26
CCTG,2026-07-07,"G first red day: corto al día siguiente, stop máx. día rojo",-0.3745556011435292,2023-26
CD,2018-10-19,"G first red day: corto al día siguiente, stop máx. día rojo",0.40037931826302453,2015-19
CD,2019-05-21,"F día 2: corto apertura, stop máx. día 1 (día 1 cerró fuerte)",0.22717218627597066,2015-19
CD,2021-02-18,"G first red day: corto al día siguiente, stop máx. día rojo",-0.32728352004826283,2020-22
CD,2023-03-09,"G first red day: corto al día siguiente, stop máx. día rojo",0.26695529829105025,2023-26
CD,2024-11-14,"G first red day: corto al día siguiente, stop máx. día rojo",-0.37290966220407606,2023-26
CD,2025-07-30,"G first red day: corto al día siguiente, stop máx. día rojo",0.09329538365721274,2023-26
CD,2025-10-07,"G first red day: corto al día siguiente, stop máx. día rojo",0.31420355126645155,2023-26
CDIO,2023-02-08,"G first red day: corto al día siguiente, stop máx. día rojo",1.3036383751520801,2023-26
CDIO,2023-02-28,"F día 2: corto apertura, stop máx. día 1 (día 1 cerró fuerte)",-1.05,2023-26
CDIO,2023-11-08,"G first red day: corto al día siguiente, stop máx. día rojo",0.5152499844953125,2023-26
CDIO,2024-12-12,"G first red day: corto al día siguiente, stop máx. día rojo",-0.1600566967036621,2023-26
CDLX,2022-11-14,"G first red day: corto al día siguiente, stop máx. día rojo",-0.05501372495836029,2020-22
CDLX,2024-03-15,"F día 2: corto apertura, stop máx. día 1 (día 1 cerró fuerte)",2.376145669079707,2023-26
CDT,2023-09-21,"F día 2: corto apertura, stop máx. día 1 (día 1 cerró débil)",-0.15683229813664595,2023-26
CDT,2023-10-04,"F día 2: corto apertura, stop máx. día 1 (día 1 cerró débil)",0.1100480307396734,2023-26
CDT,2024-07-16,"F día 2: corto apertura, stop máx. día 1 (día 1 cerró débil)",-0.011089367253750815,2023-26
CDT,2024-08-08,"F día 2: corto apertura, stop máx. día 1 (día 1 cerró débil)",0.07890807279514699,2023-26
CDT,2024-11-21,"F día 2: corto apertura, stop máx. día 1 (día 1 cerró débil)",0.05492851768246802,2023-26
CDT,2025-01-07,"F día 2: corto apertura, stop máx. día 1 (día 1 cerró débil)",-1.125,2023-26
CDT,2025-02-07,"F día 2: corto apertura, stop máx. día 1 (día 1 cerró débil)",1.202517162471396,2023-26
CDT,2025-09-17,"F día 2: corto apertura, stop máx. día 1 (día 1 cerró débil)",0.17596863468634688,2023-26
CDT,2026-06-18,"F día 2: corto apertura, stop máx. día 1 (día 1 cerró débil)",-1.0336104473548537,2023-26
CDT,2026-06-23,"G first red day: corto al día siguiente, stop máx. día rojo",-0.03768105740758155,2023-26
CDXS,2026-03-12,"F día 2: corto apertura, stop máx. día 1 (día 1 cerró débil)",0.20503755181441566,2023-26
CELC,2021-04-09,"F día 2: corto apertura, stop máx. día 1 (día 1 cerró débil)",-1.0562248995983936,2020-22
CELC,2021-04-13,"G first red day: corto al día siguiente, stop máx. día rojo",-0.20333939058793868,2020-22
CELC,2025-07-28,"F día 2: corto apertura, stop máx. día 1 (día 1 cerró débil)",-0.3117813305615659,2023-26
CELC,2025-10-20,"F día 2: corto apertura, stop máx. día 1 (día 1 cerró débil)",0.3575643553168504,2023-26
CELZ,2017-12-14,"F día 2: corto apertura, stop máx. día 1 (día 1 cerró fuerte)",2.4238601549828798,2015-19
CELZ,2018-02-20,"G first red day: corto al día siguiente, stop máx. día rojo",0.1328080229226361,2015-19
CELZ,2018-03-28,"G first red day: corto al día siguiente, stop máx. día rojo",0.3628048780487805,2015-19
CELZ,2018-04-24,"G first red day: corto al día siguiente, stop máx. día rojo",-1.0578034682080926,2015-19
CELZ,2018-06-22,"G first red day: corto al día siguiente, stop máx. día rojo",-0.23517382413087934,2015-19
CELZ,2018-06-28,"G first red day: corto al día siguiente, stop máx. día rojo",-0.18144329896907216,2015-19
CELZ,2018-08-29,"G first red day: corto al día siguiente, stop máx. día rojo",0.09565217391304348,2015-19
CELZ,2020-02-04,"F día 2: corto apertura, stop máx. día 1 (día 1 cerró débil)",-0.16092485549132948,2020-22
CELZ,2020-04-22,"G first red day: corto al día siguiente, stop máx. día rojo",-0.25633021158515434,2020-22
CELZ,2020-12-17,"G first red day: corto al día siguiente, stop máx. día rojo",0.663076923076923,2020-22
CELZ,2021-01-05,"G first red day: corto al día siguiente, stop máx. día rojo",1.1517323775388293,2020-22
CELZ,2022-03-23,"F día 2: corto apertura, stop máx. día 1 (día 1 cerró débil)",-0.3540985438099467,2020-22
CELZ,2023-02-08,"F día 2: corto apertura, stop máx. día 1 (día 1 cerró débil)",0.2602027188719771,2023-26
CELZ,2023-04-12,"F día 2: corto apertura, stop máx. día 1 (día 1 cerró débil)",0.2484452630144615,2023-26
CELZ,2024-03-07,"F día 2: corto apertura, stop máx. día 1 (día 1 cerró débil)",-0.06703407611936406,2023-26
CELZ,2026-06-30,"F día 2: corto apertura, stop máx. día 1 (día 1 cerró débil)",0.022117382632166588,2023-26
CELZ,2026-08-06,"F día 2: corto apertura, stop máx. día 1 (día 1 cerró débil)",-1.046666671813481,2023-26
CELZ,2026-08-10,"G first red day: corto al día siguiente, stop máx. día rojo",-1.067796621813032,2023-26
CENN,2018-07-31,"F día 2: corto apertura, stop máx. día 1 (día 1 cerró débil)",-0.28273932010865094,2015-19
CENN,2020-04-27,"F día 2: corto apertura, stop máx. día 1 (día 1 cerró débil)",0.08436264822134387,2020-22
CENN,2020-08-20,"F día 2: corto apertura, stop máx. día 1 (día 1 cerró débil)",0.2626527570789866,2020-22
CENN,2020-11-20,"G first red day: corto al día siguiente, stop máx. día rojo",0.9664179104477612,2020-22
CENN,2021-01-05,"F día 2: corto apertura, stop máx. día 1 (día 1 cerró fuerte)",0.1951219512195122,2020-22
CENN,2021-01-28,"F día 2: corto apertura, stop máx. día 1 (día 1 cerró débil)",0.47413793103448276,2020-22
CENN,2021-01-29,"F día 2: corto apertura, stop máx. día 1 (día 1 cerró débil)",0.9901256732495511,2020-22
CETX,2020-01-16,"F día 2: corto apertura, stop máx. día 1 (día 1 cerró débil)",0.2054781793342504,2020-22
CETX,2020-01-17,"G first red day: corto al día siguiente, stop máx. día rojo",0.08504398826979472,2020-22
CETX,2020-06-01,"F día 2: corto apertura, stop máx. día 1 (día 1 cerró débil)",0.07615593834995467,2020-22
CETX,2021-03-10,"F día 2: corto apertura, stop máx. día 1 (día 1 cerró débil)",0.11767151767151768,2020-22
CETX,2025-12-08,"F día 2: corto apertura, stop máx. día 1 (día 1 cerró débil)",0.3973064731315883,2023-26
CETX,2026-04-07,"F día 2: corto apertura, stop máx. día 1 (día 1 cerró débil)",0.08502693510700648,2023-26
CETY,2025-11-25,"F día 2: corto apertura, stop máx. día 1 (día 1 cerró fuerte)",0.31099229266274875,2023-26
CETY,2026-02-24,"G first red day: corto al día siguiente, stop máx. día rojo",-0.08446244984124866,2023-26
CGC,2023-09-12,"G first red day: corto al día siguiente, stop máx. día rojo",0.1751943503452974,2023-26
CGEN,2023-12-19,"F día 2: corto apertura, stop máx. día 1 (día 1 cerró débil)",0.3332636171369121,2023-26
CGTL,2026-01-20,"G first red day: corto al día siguiente, stop máx. día rojo",0.4092351773868231,2023-26
CGTX,2024-12-18,"F día 2: corto apertura, stop máx. día 1 (día 1 cerró débil)",0.00976377365506502,2023-26
CGTX,2025-07-10,"F día 2: corto apertura, stop máx. día 1 (día 1 cerró débil)",0.1665151803088921,2023-26
CHAI,2021-12-07,"F día 2: corto apertura, stop máx. día 1 (día 1 cerró débil)",-0.09328035982008995,2020-22
CHAI,2022-11-15,"F día 2: corto apertura, stop máx. día 1 (día 1 cerró débil)",0.14149849222918115,2020-22
CHAI,2024-05-22,"F día 2: corto apertura, stop máx. día 1 (día 1 cerró débil)",0.10746281201253735,2023-26
CHAI,2024-10-21,"F día 2: corto apertura, stop máx. día 1 (día 1 cerró débil)",0.4393301172053101,2023-26
CHAI,2025-02-26,"F día 2: corto apertura, stop máx. día 1 (día 1 cerró débil)",0.055823379123675125,2023-26
CHAI,2025-05-09,"F día 2: corto apertura, stop máx. día 1 (día 1 cerró débil)",0.41818194867166325,2023-26
CHAI,2025-05-20,"F día 2: corto apertura, stop máx. día 1 (día 1 cerró fuerte)",0.42944994473852866,2023-26
CHAI,2025-05-21,"G first red day: corto al día siguiente, stop máx. día rojo",-1.045511291711475,2023-26
CHAI,2026-06-09,"F día 2: corto apertura, stop máx. día 1 (día 1 cerró débil)",-0.008516777001517947,2023-26
CHAI,2026-07-22,"F día 2: corto apertura, stop máx. día 1 (día 1 cerró débil)",-0.07983098412748527,2023-26
CHCI,2020-04-15,"F día 2: corto apertura, stop máx. día 1 (día 1 cerró débil)",0.11681235294741137,2020-22
CHCI,2021-02-09,"F día 2: corto apertura, stop máx. día 1 (día 1 cerró débil)",0.023099514447146623,2020-22
CHEF,2020-03-19,"F día 2: corto apertura, stop máx. día 1 (día 1 cerró débil)",0.17449940644320489,2020-22
CHGA,2019-01-23,"G first red day: corto al día siguiente, stop máx. día rojo",0.10447101573817182,2015-19
CHGA,2019-01-28,"F día 2: corto apertura, stop máx. día 1 (día 1 cerró débil)",0.49508196721311476,2015-19
CHGA,2024-08-14,"F día 2: corto apertura, stop máx. día 1 (día 1 cerró débil)",-0.07829670329670328,2023-26
CHGA,2024-11-05,"F día 2: corto apertura, stop máx. día 1 (día 1 cerró débil)",0.07409962731958422,2023-26
CHGA,2024-12-06,"F día 2: corto apertura, stop máx. día 1 (día 1 cerró débil)",-0.03356956359567326,2023-26
CHGA,2026-02-26,"F día 2: corto apertura, stop máx. día 1 (día 1 cerró fuerte)",-1.0219536240951475,2023-26
CHGA,2026-03-02,"G first red day: corto al día siguiente, stop máx. día rojo",-0.057294088231136686,2023-26
CHNR,2020-06-12,"F día 2: corto apertura, stop máx. día 1 (día 1 cerró débil)",0.03759208322345675,2020-22
CHNR,2023-05-02,"G first red day: corto al día siguiente, stop máx. día rojo",-0.2915928802168963,2023-26
CHNR,2024-02-15,"F día 2: corto apertura, stop máx. día 1 (día 1 cerró débil)",0.12509722484118682,2023-26
CHNR,2026-03-19,"F día 2: corto apertura, stop máx. día 1 (día 1 cerró débil)",-0.258286705905575,2023-26
CHOW,2026-01-02,"F día 2: corto apertura, stop máx. día 1 (día 1 cerró débil)",-0.034796999360813,2023-26
CHOW,2026-02-12,"F día 2: corto apertura, stop máx. día 1 (día 1 cerró débil)",0.1486128149660048,2023-26
CHOW,2026-06-10,"F día 2: corto apertura, stop máx. día 1 (día 1 cerró débil)",0.060786056021894116,2023-26
CHOW,2026-08-12,"F día 2: corto apertura, stop máx. día 1 (día 1 cerró débil)",0.05976675118578588,2023-26
CHR,2020-05-18,"G first red day: corto al día siguiente, stop máx. día rojo",-0.43415340086830667,2020-22
CHR,2023-04-18,"F día 2: corto apertura, stop máx. día 1 (día 1 cerró débil)",-0.0264,2023-26
CHR,2025-11-05,"F día 2: corto apertura, stop máx. día 1 (día 1 cerró débil)",0.043135435992578845,2023-26
CHRD,2020-03-10,"F día 2: corto apertura, stop máx. día 1 (día 1 cerró fuerte)",-0.09843074824323594,2020-22
CHRD,2020-06-09,"G first red day: corto al día siguiente, stop máx. día rojo",0.06731453155884107,2020-22
CHRN,2017-11-14,"G first red day: corto al día siguiente, stop máx. día rojo",-0.3538602941176472,2015-19
CHRN,2017-11-22,"G first red day: corto al día siguiente, stop máx. día rojo",0.38681747269890787,2015-19
CHRN,2020-06-29,"G first red day: corto al día siguiente, stop máx. día rojo",-1.0494432116160923,2020-22
CHRN,2024-01-03,"G first red day: corto al día siguiente, stop máx. día rojo",0.26044533420173854,2023-26
CHRN,2025-12-30,"F día 2: corto apertura, stop máx. día 1 (día 1 cerró fuerte)",0.24289929913916683,2023-26
CHSN,2023-05-10,"F día 2: corto apertura, stop máx. día 1 (día 1 cerró débil)",-0.1966809591869144,2023-26
CHSN,2023-12-08,"G first red day: corto al día siguiente, stop máx. día rojo",-1.0590072057646118,2023-26
CHSN,2025-04-07,"F día 2: corto apertura, stop máx. día 1 (día 1 cerró débil)",0.02132701421800948,2023-26
CIIT,2015-04-01,"F día 2: corto apertura, stop máx. día 1 (día 1 cerró débil)",-0.0048543689320388345,2015-19
CIIT,2016-02-10,"G first red day: corto al día siguiente, stop máx. día rojo",-0.06185567010309277,2015-19
CIIT,2016-05-24,"F día 2: corto apertura, stop máx. día 1 (día 1 cerró débil)",-0.009181415466679563,2015-19
CIIT,2016-07-14,"F día 2: corto apertura, stop máx. día 1 (día 1 cerró débil)",0.4439252336448597,2015-19
CIIT,2016-10-04,"F día 2: corto apertura, stop máx. día 1 (día 1 cerró débil)",-0.8229063726100712,2015-19
CIIT,2016-12-07,"F día 2: corto apertura, stop máx. día 1 (día 1 cerró débil)",-0.014799154178756477,2015-19
CIIT,2017-03-23,"F día 2: corto apertura, stop máx. día 1 (día 1 cerró débil)",-0.01582278481012658,2015-19
CIIT,2017-04-04,"F día 2: corto apertura, stop máx. día 1 (día 1 cerró débil)",-0.014557671818240232,2015-19
CIIT,2017-08-10,"F día 2: corto apertura, stop máx. día 1 (día 1 cerró débil)",-0.009252405244781353,2015-19
CIIT,2017-08-16,"F día 2: corto apertura, stop máx. día 1 (día 1 cerró fuerte)",-0.006559527235663912,2015-19
CIIT,2018-04-11,"F día 2: corto apertura, stop máx. día 1 (día 1 cerró débil)",-0.007722007722007721,2015-19
CIIT,2020-03-18,"F día 2: corto apertura, stop máx. día 1 (día 1 cerró débil)",-0.010744437267623023,2020-22
CIIT,2020-05-29,"F día 2: corto apertura, stop máx. día 1 (día 1 cerró débil)",-0.0014776085438065582,2020-22
CIIT,2020-06-09,"F día 2: corto apertura, stop máx. día 1 (día 1 cerró débil)",0.2082191930125137,2020-22
CIIT,2020-06-15,"F día 2: corto apertura, stop máx. día 1 (día 1 cerró débil)",-0.030674846625766864,2020-22
CIIT,2020-11-03,"F día 2: corto apertura, stop máx. día 1 (día 1 cerró débil)",1.0641070187630297,2020-22
CIIT,2020-11-16,"F día 2: corto apertura, stop máx. día 1 (día 1 cerró fuerte)",0.24504589913905703,2020-22
CIIT,2021-04-22,"F día 2: corto apertura, stop máx. día 1 (día 1 cerró débil)",-1.0112329370676458,2020-22
CIIT,2021-06-29,"F día 2: corto apertura, stop máx. día 1 (día 1 cerró débil)",-0.02429071228154958,2020-22
CIIT,2021-08-06,"F día 2: corto apertura, stop máx. día 1 (día 1 cerró fuerte)",-0.16447356391631743,2020-22
CIIT,2024-07-22,"F día 2: corto apertura, stop máx. día 1 (día 1 cerró débil)",-1.0108186476596397,2023-26
CIIT,2025-03-21,"F día 2: corto apertura, stop máx. día 1 (día 1 cerró débil)",-0.7722222222222208,2023-26
CIIT,2025-07-10,"G first red day: corto al día siguiente, stop máx. día rojo",-0.7163025448192741,2023-26
CIIT,2026-03-09,"F día 2: corto apertura, stop máx. día 1 (día 1 cerró débil)",0.014060644293125745,2023-26
CIIT,2026-06-10,"F día 2: corto apertura, stop máx. día 1 (día 1 cerró débil)",-0.07446372436039483,2023-26
CIIT,2026-06-23,"F día 2: corto apertura, stop máx. día 1 (día 1 cerró fuerte)",-0.0185621563926355,2023-26
CING,2023-02-24,"F día 2: corto apertura, stop máx. día 1 (día 1 cerró débil)",-0.23495702060911924,2023-26
CING,2023-12-28,"F día 2: corto apertura, stop máx. día 1 (día 1 cerró débil)",-0.04125417596548756,2023-26
CING,2024-08-16,"F día 2: corto apertura, stop máx. día 1 (día 1 cerró fuerte)",0.4135615180979254,2023-26
CING,2024-08-19,"G first red day: corto al día siguiente, stop máx. día rojo",-0.5160626433511315,2023-26
CIRC,2023-02-07,"F día 2: corto apertura, stop máx. día 1 (día 1 cerró débil)",-0.0642354530855877,2023-26
CIRC,2023-02-10,"F día 2: corto apertura, stop máx. día 1 (día 1 cerró débil)",-0.0733459759607809,2023-26
CIRC,2024-04-02,"F día 2: corto apertura, stop máx. día 1 (día 1 cerró débil)",-0.08032913978907089,2023-26
CIRC,2025-03-05,"G first red day: corto al día siguiente, stop máx. día rojo",0.18180698675895463,2023-26
CIRC,2026-06-23,"F día 2: corto apertura, stop máx. día 1 (día 1 cerró débil)",1.4340051509219047,2023-26
CISO,2022-03-04,"G first red day: corto al día siguiente, stop máx. día rojo",-0.19346703516607008,2020-22
CISO,2023-03-21,"F día 2: corto apertura, stop máx. día 1 (día 1 cerró débil)",0.05576912681317766,2023-26
CISS,2026-05-18,"F día 2: corto apertura, stop máx. día 1 (día 1 cerró débil)",0.0723093183396286,2023-26
CISS,2026-07-28,"F día 2: corto apertura, stop máx. día 1 (día 1 cerró débil)",0.6193141138060031,2023-26
CJMB,2026-01-15,"F día 2: corto apertura, stop máx. día 1 (día 1 cerró fuerte)",-0.32200442906645027,2023-26
CLDI,2024-11-14,"G first red day: corto al día siguiente, stop máx. día rojo",0.11463662072602537,2023-26
CLDI,2025-07-09,"F día 2: corto apertura, stop máx. día 1 (día 1 cerró débil)",-0.3052105910849148,2023-26
CLDI,2025-07-11,"G first red day: corto al día siguiente, stop máx. día rojo",0.4691406965365854,2023-26
CLDI,2025-07-29,"F día 2: corto apertura, stop máx. día 1 (día 1 cerró débil)",-0.031016643196077942,2023-26
CLDX,2020-06-12,"G first red day: corto al día siguiente, stop máx. día rojo",-1.0272196751969274,2020-22
CLGN,2018-10-22,"F día 2: corto apertura, stop máx. día 1 (día 1 cerró débil)",0.031102520552600422,2015-19
CLGN,2025-05-30,"G first red day: corto al día siguiente, stop máx. día rojo",0.9482035213111127,2023-26
CLIK,2025-05-15,"F día 2: corto apertura, stop máx. día 1 (día 1 cerró débil)",0.18348468732258044,2023-26
CLIK,2025-10-27,"F día 2: corto apertura, stop máx. día 1 (día 1 cerró fuerte)",1.170536120291726,2023-26
CLIK,2026-04-10,"G first red day: corto al día siguiente, stop máx. día rojo",-0.17713598205189063,2023-26
CLIR,2020-06-16,"F día 2: corto apertura, stop máx. día 1 (día 1 cerró fuerte)",-1.0735366515886349,2020-22
CLIR,2025-09-23,"G first red day: corto al día siguiente, stop máx. día rojo",-0.25133127972056757,2023-26
CLLS,2023-11-01,"F día 2: corto apertura, stop máx. día 1 (día 1 cerró fuerte)",-1.3296214894114233,2023-26
CLOV,2021-06-09,"G first red day: corto al día siguiente, stop máx. día rojo",0.3148187284128038,2020-22
CLPS,2018-06-15,"F día 2: corto apertura, stop máx. día 1 (día 1 cerró débil)",-0.6100805974630593,2015-19
CLPS,2019-01-09,"G first red day: corto al día siguiente, stop máx. día rojo",-0.10619742865317319,2015-19
CLPS,2021-02-17,"F día 2: corto apertura, stop máx. día 1 (día 1 cerró débil)",0.004247493301485965,2020-22
CLPT,2016-08-12,"G first red day: corto al día siguiente, stop máx. día rojo",0.1284829721362229,2015-19
CLRB,2025-06-04,"F día 2: corto apertura, stop máx. día 1 (día 1 cerró débil)",0.09704315471434126,2023-26
CLRB,2026-05-05,"F día 2: corto apertura, stop máx. día 1 (día 1 cerró débil)",-0.26356039772983575,2023-26
CLRO,2023-05-09,"F día 2: corto apertura, stop máx. día 1 (día 1 cerró fuerte)",-0.2037915542653902,2023-26
CLRO,2024-03-12,"F día 2: corto apertura, stop máx. día 1 (día 1 cerró fuerte)",0.2118683471001008,2023-26
CLRO,2025-07-01,"F día 2: corto apertura, stop máx. día 1 (día 1 cerró débil)",-0.17567568245439039,2023-26
CLRO,2026-08-06,"F día 2: corto apertura, stop máx. día 1 (día 1 cerró débil)",0.19001838733013124,2023-26
CLSK,2018-10-16,"F día 2: corto apertura, stop máx. día 1 (día 1 cerró débil)",0.6018518518518519,2015-19
CLSK,2020-04-09,"F día 2: corto apertura, stop máx. día 1 (día 1 cerró débil)",0.07440037229315218,2020-22
CLWT,2018-06-01,"F día 2: corto apertura, stop máx. día 1 (día 1 cerró débil)",0.12777002411502614,2015-19
CLWT,2019-03-28,"F día 2: corto apertura, stop máx. día 1 (día 1 cerró débil)",0.05443256316327321,2015-19
CLWT,2022-08-10,"F día 2: corto apertura, stop máx. día 1 (día 1 cerró débil)",0.013698592738557386,2020-22
CLWT,2026-06-17,"F día 2: corto apertura, stop máx. día 1 (día 1 cerró débil)",-0.3172524308026701,2023-26
CLYM,2024-04-11,"F día 2: corto apertura, stop máx. día 1 (día 1 cerró fuerte)",-1.0840776559659115,2023-26
CLYM,2025-12-17,"G first red day: corto al día siguiente, stop máx. día rojo",-0.3327395544199134,2023-26
CMCT,2020-03-27,"G first red day: corto al día siguiente, stop máx. día rojo",-0.11461265771026272,2020-22
CMCT,2025-01-06,"F día 2: corto apertura, stop máx. día 1 (día 1 cerró fuerte)",0.6001386001386001,2023-26
CMCT,2025-11-12,"F día 2: corto apertura, stop máx. día 1 (día 1 cerró débil)",0.034843634572765333,2023-26
CMCT,2026-01-22,"F día 2: corto apertura, stop máx. día 1 (día 1 cerró débil)",-0.09678477690288713,2023-26
CMMB,2020-12-15,"F día 2: corto apertura, stop máx. día 1 (día 1 cerró débil)",0.025279585176074218,2020-22
CMMB,2021-03-08,"F día 2: corto apertura, stop máx. día 1 (día 1 cerró débil)",-0.200947758304201,2020-22
CMMB,2023-01-03,"F día 2: corto apertura, stop máx. día 1 (día 1 cerró débil)",-0.03329863454886016,2023-26
CMMB,2023-11-15,"F día 2: corto apertura, stop máx. día 1 (día 1 cerró débil)",0.056122373234025795,2023-26
CMND,2023-12-05,"F día 2: corto apertura, stop máx. día 1 (día 1 cerró débil)",0.06197339246119733,2023-26
CMND,2024-01-10,"F día 2: corto apertura, stop máx. día 1 (día 1 cerró débil)",0.00666120106579217,2023-26
CMND,2024-12-24,"F día 2: corto apertura, stop máx. día 1 (día 1 cerró débil)",-0.10364842454394692,2023-26
CMND,2026-04-20,"F día 2: corto apertura, stop máx. día 1 (día 1 cerró débil)",0.2834165805248169,2023-26
CNDT,2020-08-07,"F día 2: corto apertura, stop máx. día 1 (día 1 cerró fuerte)",-1.0649289157790576,2020-22
CNET,2018-01-04,"F día 2: corto apertura, stop máx. día 1 (día 1 cerró fuerte)",0.643045372707886,2015-19
CNET,2018-04-17,"F día 2: corto apertura, stop máx. día 1 (día 1 cerró débil)",-0.260507910560266,2015-19
CNET,2018-10-19,"F día 2: corto apertura, stop máx. día 1 (día 1 cerró débil)",-0.005974788207828192,2015-19
CNET,2020-12-09,"F día 2: corto apertura, stop máx. día 1 (día 1 cerró débil)",0.04282616556428671,2020-22
CNET,2024-10-01,"G first red day: corto al día siguiente, stop máx. día rojo",0.3226554946274391,2023-26
CNEY,2024-09-11,"F día 2: corto apertura, stop máx. día 1 (día 1 cerró fuerte)",0.4210975281529886,2023-26
CNEY,2024-09-27,"F día 2: corto apertura, stop máx. día 1 (día 1 cerró débil)",0.32915921288014316,2023-26
CNEY,2024-09-30,"G first red day: corto al día siguiente, stop máx. día rojo",-0.021258972943125346,2023-26
CNEY,2024-12-04,"F día 2: corto apertura, stop máx. día 1 (día 1 cerró débil)",0.216284969628974,2023-26
CNEY,2025-04-24,"F día 2: corto apertura, stop máx. día 1 (día 1 cerró débil)",0.03677486083103046,2023-26
CNEY,2025-05-07,"F día 2: corto apertura, stop máx. día 1 (día 1 cerró débil)",-0.2580864033355012,2023-26
CNEY,2026-04-22,"G first red day: corto al día siguiente, stop máx. día rojo",0.2310526598268796,2023-26
CNEY,2026-07-16,"G first red day: corto al día siguiente, stop máx. día rojo",-0.11401305379727283,2023-26
CNF,2024-10-03,"G first red day: corto al día siguiente, stop máx. día rojo",0.16370770223832318,2023-26
CNSP,2020-04-09,"F día 2: corto apertura, stop máx. día 1 (día 1 cerró débil)",0.25815217391304346,2020-22
CNSP,2023-04-06,"F día 2: corto apertura, stop máx. día 1 (día 1 cerró débil)",-0.05818834576083955,2023-26
CNSP,2023-04-17,"F día 2: corto apertura, stop máx. día 1 (día 1 cerró débil)",0.02483108108108108,2023-26
CNSP,2024-07-03,"F día 2: corto apertura, stop máx. día 1 (día 1 cerró débil)",0.05108286252354049,2023-26
CNSP,2024-10-23,"F día 2: corto apertura, stop máx. día 1 (día 1 cerró débil)",0.18697003896753414,2023-26
CNSP,2025-05-13,"F día 2: corto apertura, stop máx. día 1 (día 1 cerró débil)",0.0391782443727712,2023-26
CNSP,2026-05-04,"F día 2: corto apertura, stop máx. día 1 (día 1 cerró débil)",-0.29699652445793434,2023-26
CNSY,2017-10-09,"G first red day: corto al día siguiente, stop máx. día rojo",0.5104166666666666,2015-19
CNSY,2018-08-23,"G first red day: corto al día siguiente, stop máx. día rojo",0.6233283803863299,2015-19
CNSY,2019-01-31,"F día 2: corto apertura, stop máx. día 1 (día 1 cerró débil)",0.039458186101295645,2015-19
CNSY,2019-08-16,"F día 2: corto apertura, stop máx. día 1 (día 1 cerró fuerte)",0.8458457526080475,2015-19
CNSY,2019-08-29,"G first red day: corto al día siguiente, stop máx. día rojo",0.33944389343000797,2015-19
CNSY,2019-09-23,"F día 2: corto apertura, stop máx. día 1 (día 1 cerró débil)",0.013013923013923014,2015-19
CNSY,2020-03-30,"F día 2: corto apertura, stop máx. día 1 (día 1 cerró débil)",0.01291469194312796,2020-22
CNSY,2022-01-04,"F día 2: corto apertura, stop máx. día 1 (día 1 cerró débil)",-0.11044216344255821,2020-22
CNSY,2022-08-15,"F día 2: corto apertura, stop máx. día 1 (día 1 cerró débil)",0.05165816326530612,2020-22
CNSY,2022-08-18,"F día 2: corto apertura, stop máx. día 1 (día 1 cerró débil)",0.005465587044534412,2020-22
CNSY,2025-04-24,"G first red day: corto al día siguiente, stop máx. día rojo",0.12868949232585597,2023-26
CNSY,2025-06-25,"F día 2: corto apertura, stop máx. día 1 (día 1 cerró débil)",0.27380952380952367,2023-26
CNSY,2025-08-05,"G first red day: corto al día siguiente, stop máx. día rojo",-0.30733944954128445,2023-26
CNSY,2025-09-25,"F día 2: corto apertura, stop máx. día 1 (día 1 cerró fuerte)",-1.2723214285714284,2023-26
CNTB,2024-09-03,"G first red day: corto al día siguiente, stop máx. día rojo",-0.15918354606787774,2023-26
CNTN,2023-01-31,"F día 2: corto apertura, stop máx. día 1 (día 1 cerró débil)",-0.06985981308411215,2023-26
CNTN,2023-02-10,"F día 2: corto apertura, stop máx. día 1 (día 1 cerró débil)",-0.07925840092699883,2023-26
CNTN,2023-11-07,"F día 2: corto apertura, stop máx. día 1 (día 1 cerró fuerte)",1.18502994011976,2023-26
CNTN,2024-10-30,"F día 2: corto apertura, stop máx. día 1 (día 1 cerró débil)",0.11584507968494005,2023-26
CNTN,2025-11-03,"F día 2: corto apertura, stop máx. día 1 (día 1 cerró débil)",-0.053077289776754126,2023-26
CNTX,2023-01-09,"F día 2: corto apertura, stop máx. día 1 (día 1 cerró débil)",-0.04952950264660838,2023-26
CNTX,2023-01-31,"F día 2: corto apertura, stop máx. día 1 (día 1 cerró débil)",-0.11237581672573556,2023-26
CNTX,2023-06-05,"G first red day: corto al día siguiente, stop máx. día rojo",-1.0767634837325823,2023-26
CNTY,2020-03-24,"F día 2: corto apertura, stop máx. día 1 (día 1 cerró débil)",-1.1564003044505016,2020-22
CNVS,2020-06-04,"F día 2: corto apertura, stop máx. día 1 (día 1 cerró débil)",0.06358733921565317,2020-22
CNVS,2024-02-14,"F día 2: corto apertura, stop máx. día 1 (día 1 cerró débil)",0.01429440819414679,2023-26
COCH,2023-11-30,"G first red day: corto al día siguiente, stop máx. día rojo",-0.27220706154321145,2023-26
COCH,2025-10-07,"F día 2: corto apertura, stop máx. día 1 (día 1 cerró débil)",0.04569218169562868,2023-26
COCP,2020-02-25,"F día 2: corto apertura, stop máx. día 1 (día 1 cerró fuerte)",1.1058337194390377,2020-22
COCP,2020-02-26,"G first red day: corto al día siguiente, stop máx. día rojo",0.2755376848716649,2020-22
COCP,2025-09-12,"F día 2: corto apertura, stop máx. día 1 (día 1 cerró débil)",-0.01856681586039263,2023-26
COCP,2026-04-02,"F día 2: corto apertura, stop máx. día 1 (día 1 cerró débil)",-0.04288665556176418,2023-26
CODA,2018-07-16,"F día 2: corto apertura, stop máx. día 1 (día 1 cerró débil)",0.22776177021243324,2015-19
CODX,2019-01-30,"F día 2: corto apertura, stop máx. día 1 (día 1 cerró débil)",0.07602162123172777,2015-19
CODX,2019-07-11,"F día 2: corto apertura, stop máx. día 1 (día 1 cerró débil)",0.15079217016065408,2015-19
CODX,2019-07-18,"F día 2: corto apertura, stop máx. día 1 (día 1 cerró débil)",0.009555640314049622,2015-19
CODX,2020-01-23,"F día 2: corto apertura, stop máx. día 1 (día 1 cerró débil)",-0.10947955955115672,2020-22
CODX,2020-02-28,"G first red day: corto al día siguiente, stop máx. día rojo",-0.21588060309486737,2020-22
CODX,2025-10-27,"F día 2: corto apertura, stop máx. día 1 (día 1 cerró fuerte)",0.47136562009448235,2023-26
CODX,2026-05-27,"G first red day: corto al día siguiente, stop máx. día rojo",-1.0205458669449883,2023-26
COE,2022-02-15,"G first red day: corto al día siguiente, stop máx. día rojo",-0.4154887044125844,2020-22
COGT,2020-07-06,"F día 2: corto apertura, stop máx. día 1 (día 1 cerró fuerte)",-1.1126004963792133,2020-22
COGT,2024-02-14,"F día 2: corto apertura, stop máx. día 1 (día 1 cerró fuerte)",-0.2548929149874359,2023-26
COGT,2025-11-10,"F día 2: corto apertura, stop máx. día 1 (día 1 cerró débil)",-0.45481470317926836,2023-26
COHN,2020-03-05,"F día 2: corto apertura, stop máx. día 1 (día 1 cerró débil)",0.4051376678224181,2020-22
COHN,2020-06-19,"F día 2: corto apertura, stop máx. día 1 (día 1 cerró débil)",0.12478547464825755,2020-22
COHN,2021-03-03,"F día 2: corto apertura, stop máx. día 1 (día 1 cerró débil)",-0.035765023628389625,2020-22
COMP,2022-11-14,"G first red day: corto al día siguiente, stop máx. día rojo",-0.4829614700350459,2020-22
COOT,2025-10-15,"F día 2: corto apertura, stop máx. día 1 (día 1 cerró débil)",0.15906857721785525,2023-26
COOT,2025-10-16,"G first red day: corto al día siguiente, stop máx. día rojo",0.03953195046454229,2023-26
CORT,2025-03-31,"F día 2: corto apertura, stop máx. día 1 (día 1 cerró fuerte)",4.323578681774913,2023-26
COSM,2022-04-27,"F día 2: corto apertura, stop máx. día 1 (día 1 cerró débil)",0.14170261770579626,2020-22
COSM,2022-11-23,"G first red day: corto al día siguiente, stop máx. día rojo",0.16163925430422244,2020-22
COSM,2022-11-30,"G first red day: corto al día siguiente, stop máx. día rojo",1.1921073192202483,2020-22
COSM,2022-12-16,"F día 2: corto apertura, stop máx. día 1 (día 1 cerró fuerte)",0.0989773376365428,2020-22
COSM,2024-06-28,"F día 2: corto apertura, stop máx. día 1 (día 1 cerró débil)",-0.3800723567864813,2023-26
CPHI,2018-01-05,"F día 2: corto apertura, stop máx. día 1 (día 1 cerró débil)",-0.10490490490490491,2015-19
CPHI,2018-01-09,"G first red day: corto al día siguiente, stop máx. día rojo",0.08242358078602618,2015-19
CPHI,2020-02-03,"F día 2: corto apertura, stop máx. día 1 (día 1 cerró fuerte)",1.0159574468085104,2020-22
CPHI,2020-03-02,"F día 2: corto apertura, stop máx. día 1 (día 1 cerró débil)",0.12656903765690378,2020-22
CPHI,2020-04-15,"F día 2: corto apertura, stop máx. día 1 (día 1 cerró débil)",0.08378378378378379,2020-22
CPHI,2021-03-29,"F día 2: corto apertura, stop máx. día 1 (día 1 cerró débil)",0.04424260181658364,2020-22
CPHI,2023-10-12,"F día 2: corto apertura, stop máx. día 1 (día 1 cerró débil)",0.17748091603053434,2023-26
CPHI,2023-11-29,"F día 2: corto apertura, stop máx. día 1 (día 1 cerró débil)",0.07678883071553227,2023-26
CPIX,2021-11-30,"F día 2: corto apertura, stop máx. día 1 (día 1 cerró fuerte)",-0.01442570495205143,2020-22
CPIX,2024-12-10,"F día 2: corto apertura, stop máx. día 1 (día 1 cerró débil)",-0.34368280948445595,2023-26
CPIX,2026-04-23,"F día 2: corto apertura, stop máx. día 1 (día 1 cerró débil)",-0.07997138364046188,2023-26
CPOP,2021-12-30,"G first red day: corto al día siguiente, stop máx. día rojo",-1.0908215661103977,2020-22
CPOP,2024-02-16,"F día 2: corto apertura, stop máx. día 1 (día 1 cerró débil)",-1.0065370795801225,2023-26
CPOP,2024-05-09,"F día 2: corto apertura, stop máx. día 1 (día 1 cerró débil)",0.07936505184201106,2023-26
CPOP,2026-06-11,"G first red day: corto al día siguiente, stop máx. día rojo",-0.0046215720815116065,2023-26
CPOP,2026-09-15,"F día 2: corto apertura, stop máx. día 1 (día 1 cerró débil)",0.4874263750137087,2023-26
CPRI,2023-08-10,"F día 2: corto apertura, stop máx. día 1 (día 1 cerró débil)",-0.10799877924166675,2023-26
CPSH,2020-01-31,"F día 2: corto apertura, stop máx. día 1 (día 1 cerró débil)",-0.10127026268811871,2020-22
CPSH,2020-05-06,"F día 2: corto apertura, stop máx. día 1 (día 1 cerró débil)",-0.12737432465541765,2020-22
CPSH,2020-11-24,"G first red day: corto al día siguiente, stop máx. día rojo",-0.17422462620173917,2020-22
CRBP,2015-08-19,"F día 2: corto apertura, stop máx. día 1 (día 1 cerró débil)",0.20249137753733223,2015-19
CRBP,2016-11-14,"F día 2: corto apertura, stop máx. día 1 (día 1 cerró débil)",-0.09177972865123703,2015-19
CRBP,2024-01-26,"F día 2: corto apertura, stop máx. día 1 (día 1 cerró fuerte)",0.38028393570724317,2023-26
CRBU,2023-07-10,"G first red day: corto al día siguiente, stop máx. día rojo",-0.8636362776372571,2023-26
CRDF,2019-03-08,"F día 2: corto apertura, stop máx. día 1 (día 1 cerró débil)",0.09215129714503695,2015-19
CRDF,2019-10-22,"F día 2: corto apertura, stop máx. día 1 (día 1 cerró débil)",-0.10048910812785365,2015-19
CRDL,2019-10-14,"F día 2: corto apertura, stop máx. día 1 (día 1 cerró débil)",-0.02863868073256112,2015-19
CRE,2026-08-26,"F día 2: corto apertura, stop máx. día 1 (día 1 cerró débil)",-0.13644998372555736,2023-26
CREX,2015-10-20,"F día 2: corto apertura, stop máx. día 1 (día 1 cerró débil)",-0.03353657531946563,2015-19
CREX,2015-12-16,"F día 2: corto apertura, stop máx. día 1 (día 1 cerró débil)",0.6738351996244674,2015-19
CREX,2016-10-04,"G first red day: corto al día siguiente, stop máx. día rojo",-0.03636363636363637,2015-19
CREX,2020-04-29,"G first red day: corto al día siguiente, stop máx. día rojo",-0.534033641754613,2020-22
CREX,2021-11-15,"F día 2: corto apertura, stop máx. día 1 (día 1 cerró débil)",-0.14563871364320408,2020-22
CRGO,2023-01-26,"F día 2: corto apertura, stop máx. día 1 (día 1 cerró débil)",0.37852056567895404,2023-26
CRGO,2024-11-12,"G first red day: corto al día siguiente, stop máx. día rojo",-0.3123554973783614,2023-26
CRIS,2019-03-25,"F día 2: corto apertura, stop máx. día 1 (día 1 cerró débil)",-0.21830822711471606,2015-19
CRIS,2020-06-10,"F día 2: corto apertura, stop máx. día 1 (día 1 cerró débil)",-0.022440511474299263,2020-22
CRIS,2020-12-08,"F día 2: corto apertura, stop máx. día 1 (día 1 cerró fuerte)",-1.142613636363636,2020-22
CRIS,2022-08-18,"F día 2: corto apertura, stop máx. día 1 (día 1 cerró débil)",-0.01841359773371105,2020-22
CRK,2016-03-08,"G first red day: corto al día siguiente, stop máx. día rojo",-0.4748727110046694,2015-19
CRMD,2018-10-15,"G first red day: corto al día siguiente, stop máx. día rojo",0.019230641648920882,2015-19
CRML,2024-03-21,"G first red day: corto al día siguiente, stop máx. día rojo",-1.1747827210694428,2023-26
CRML,2025-06-17,"G first red day: corto al día siguiente, stop máx. día rojo",1.5542983687756093,2023-26
CRML,2025-10-15,"G first red day: corto al día siguiente, stop máx. día rojo",2.3639394619664102,2023-26
CRMT,2026-06-24,"G first red day: corto al día siguiente, stop máx. día rojo",-0.30232247422120323,2023-26
CRNC,2024-11-25,"G first red day: corto al día siguiente, stop máx. día rojo",0.43922526071063184,2023-26
CRNT,2021-01-20,"G first red day: corto al día siguiente, stop máx. día rojo",0.5373550852934912,2020-22
CROX,2020-03-26,"G first red day: corto al día siguiente, stop máx. día rojo",-0.09345823332487378,2020-22
CRVO,2016-09-16,"F día 2: corto apertura, stop máx. día 1 (día 1 cerró fuerte)",-0.0286159169550173,2015-19
CRVO,2017-01-11,"G first red day: corto al día siguiente, stop máx. día rojo",-0.12460209185993633,2015-19
CRVO,2017-10-17,"F día 2: corto apertura, stop máx. día 1 (día 1 cerró débil)",0.21338763945457762,2015-19
CRVO,2019-11-20,"F día 2: corto apertura, stop máx. día 1 (día 1 cerró débil)",0.18785714285714286,2015-19
CRVO,2020-04-01,"F día 2: corto apertura, stop máx. día 1 (día 1 cerró débil)",0.580074487895717,2020-22
CRVO,2020-04-27,"F día 2: corto apertura, stop máx. día 1 (día 1 cerró débil)",0.18365817091454267,2020-22
CRVO,2023-08-17,"F día 2: corto apertura, stop máx. día 1 (día 1 cerró débil)",-0.04024252878730357,2023-26
CRVO,2025-03-24,"G first red day: corto al día siguiente, stop máx. día rojo",0.3211907835586022,2023-26
CRVS,2020-07-07,"F día 2: corto apertura, stop máx. día 1 (día 1 cerró débil)",0.2713340260449036,2020-22
CRVS,2021-09-17,"F día 2: corto apertura, stop máx. día 1 (día 1 cerró fuerte)",-1.0518828370992257,2020-22
CRVS,2026-01-20,"F día 2: corto apertura, stop máx. día 1 (día 1 cerró fuerte)",-1.2782608154816184,2023-26
CSAI,2025-02-14,"G first red day: corto al día siguiente, stop máx. día rojo",0.8936663756743294,2023-26
CSBR,2015-08-28,"F día 2: corto apertura, stop máx. día 1 (día 1 cerró débil)",-0.021764705463070126,2015-19
CSTL,2023-07-07,"F día 2: corto apertura, stop máx. día 1 (día 1 cerró fuerte)",0.3917851529376266,2023-26
CSTM,2015-11-09,"G first red day: corto al día siguiente, stop máx. día rojo",-0.009486152456639573,2015-19
CTGO,2015-02-06,"F día 2: corto apertura, stop máx. día 1 (día 1 cerró débil)",-0.13571428571428584,2015-19
CTM,2024-12-06,"G first red day: corto al día siguiente, stop máx. día rojo",-0.23479522230398983,2023-26
CTM,2024-12-30,"F día 2: corto apertura, stop máx. día 1 (día 1 cerró fuerte)",0.20694963358190624,2023-26
CTMX,2023-01-06,"F día 2: corto apertura, stop máx. día 1 (día 1 cerró débil)",-0.7670809023700899,2023-26
CTMX,2024-05-01,"F día 2: corto apertura, stop máx. día 1 (día 1 cerró fuerte)",-0.09189529246276651,2023-26
CTNT,2023-11-07,"G first red day: corto al día siguiente, stop máx. día rojo",-0.16399999999999998,2023-26
CTNT,2024-05-14,"F día 2: corto apertura, stop máx. día 1 (día 1 cerró fuerte)",-0.9447706422018349,2023-26
CTNT,2024-05-21,"G first red day: corto al día siguiente, stop máx. día rojo",-0.0017402991246812324,2023-26
CTNT,2024-12-03,"F día 2: corto apertura, stop máx. día 1 (día 1 cerró débil)",0.12381374722838139,2023-26
CTNT,2026-04-16,"F día 2: corto apertura, stop máx. día 1 (día 1 cerró débil)",0.23214441467735725,2023-26
CTNT,2026-09-17,"F día 2: corto apertura, stop máx. día 1 (día 1 cerró débil)",0.1915777785781235,2023-26
CTOR,2025-03-31,"F día 2: corto apertura, stop máx. día 1 (día 1 cerró débil)",-0.17903640133563495,2023-26
CTOR,2025-06-30,"G first red day: corto al día siguiente, stop máx. día rojo",-1.0773977041445082,2023-26
CTRM,2019-06-04,"F día 2: corto apertura, stop máx. día 1 (día 1 cerró débil)",0.1691852202747513,2015-19
CTSO,2026-09-09,"F día 2: corto apertura, stop máx. día 1 (día 1 cerró débil)",-0.08497863857697671,2023-26
CTXR,2016-12-12,"G first red day: corto al día siguiente, stop máx. día rojo",0.8430122757318224,2015-19
CUE,2025-01-07,"G first red day: corto al día siguiente, stop máx. día rojo",0.7014117832207699,2023-26
CUE,2026-05-01,"F día 2: corto apertura, stop máx. día 1 (día 1 cerró débil)",0.005607520808239589,2023-26
CUPR,2025-09-10,"F día 2: corto apertura, stop máx. día 1 (día 1 cerró débil)",-0.2134756053346529,2023-26
CUPR,2026-06-15,"F día 2: corto apertura, stop máx. día 1 (día 1 cerró débil)",0.06900175635364886,2023-26
CUPR,2026-06-16,"G first red day: corto al día siguiente, stop máx. día rojo",-0.2528396296967332,2023-26
CURR,2024-12-19,"F día 2: corto apertura, stop máx. día 1 (día 1 cerró débil)",0.020388878637012317,2023-26
CURR,2025-01-08,"F día 2: corto apertura, stop máx. día 1 (día 1 cerró débil)",0.048189568096077336,2023-26
CURR,2025-07-02,"G first red day: corto al día siguiente, stop máx. día rojo",-0.47256757097092184,2023-26
CURX,2026-02-26,"F día 2: corto apertura, stop máx. día 1 (día 1 cerró débil)",-0.011036181927572596,2023-26
CV,2025-12-12,"G first red day: corto al día siguiente, stop máx. día rojo",-0.5732315677407753,2023-26
CVGI,2020-05-28,"G first red day: corto al día siguiente, stop máx. día rojo",-0.18694083006191628,2020-22
CVGI,2026-03-17,"G first red day: corto al día siguiente, stop máx. día rojo",-0.17358331213476239,2023-26
CVKD,2023-07-12,"F día 2: corto apertura, stop máx. día 1 (día 1 cerró débil)",0.19466781293446228,2023-26
CVM,2017-08-14,"F día 2: corto apertura, stop máx. día 1 (día 1 cerró débil)",0.06547987099710054,2015-19
CVM,2025-07-11,"F día 2: corto apertura, stop máx. día 1 (día 1 cerró débil)",-0.010078294388693499,2023-26
CVNA,2020-03-26,"G first red day: corto al día siguiente, stop máx. día rojo",0.18906202779559017,2020-22
CVNA,2023-01-13,"G first red day: corto al día siguiente, stop máx. día rojo",-0.12303399221168054,2023-26
CVU,2022-09-02,"F día 2: corto apertura, stop máx. día 1 (día 1 cerró débil)",0.10488556101205283,2020-22
CVU,2025-10-30,"F día 2: corto apertura, stop máx. día 1 (día 1 cerró débil)",-0.028129071493638858,2023-26
CVV,2026-03-26,"G first red day: corto al día siguiente, stop máx. día rojo",0.16735654637496786,2023-26
CWD,2025-08-28,"F día 2: corto apertura, stop máx. día 1 (día 1 cerró fuerte)",-0.1718631972892002,2023-26
CWD,2025-09-09,"F día 2: corto apertura, stop máx. día 1 (día 1 cerró débil)",0.015886543473634687,2023-26
CWD,2026-07-02,"F día 2: corto apertura, stop máx. día 1 (día 1 cerró débil)",-0.20206362425875268,2023-26
CXAI,2023-04-14,"F día 2: corto apertura, stop máx. día 1 (día 1 cerró débil)",-0.05053648068669528,2023-26
CXAI,2024-02-28,"G first red day: corto al día siguiente, stop máx. día rojo",-1.0506147540983606,2023-26
CXAI,2024-04-01,"F día 2: corto apertura, stop máx. día 1 (día 1 cerró fuerte)",0.15555268372533818,2023-26
CXAI,2024-08-13,"F día 2: corto apertura, stop máx. día 1 (día 1 cerró débil)",0.2704015544041451,2023-26
CXAI,2026-06-04,"F día 2: corto apertura, stop máx. día 1 (día 1 cerró débil)",0.48946503031775457,2023-26
CYCU,2025-11-17,"G first red day: corto al día siguiente, stop máx. día rojo",0.06303765124251606,2023-26
CYN,2022-04-21,"F día 2: corto apertura, stop máx. día 1 (día 1 cerró fuerte)",-1.029416403785489,2020-22
CYN,2023-12-07,"F día 2: corto apertura, stop máx. día 1 (día 1 cerró débil)",0.002168920643021179,2023-26
CYN,2024-04-23,"F día 2: corto apertura, stop máx. día 1 (día 1 cerró débil)",0.012323258528992086,2023-26
CYN,2024-05-16,"F día 2: corto apertura, stop máx. día 1 (día 1 cerró débil)",1.0594936708860758,2023-26
CYN,2025-06-26,"F día 2: corto apertura, stop máx. día 1 (día 1 cerró débil)",0.26078566605520404,2023-26
CYN,2025-06-27,"F día 2: corto apertura, stop máx. día 1 (día 1 cerró débil)",-0.03810520695561856,2023-26
CYTK,2023-12-27,"F día 2: corto apertura, stop máx. día 1 (día 1 cerró fuerte)",-1.2893151895288952,2023-26
DAIC,2025-07-02,"F día 2: corto apertura, stop máx. día 1 (día 1 cerró débil)",0.21414850917431186,2023-26
DAIC,2026-08-26,"F día 2: corto apertura, stop máx. día 1 (día 1 cerró débil)",0.042954872925361175,2023-26
DAIC,2026-09-17,"F día 2: corto apertura, stop máx. día 1 (día 1 cerró débil)",0.16302236436407327,2023-26
DAO,2020-02-11,"G first red day: corto al día siguiente, stop máx. día rojo",-0.42030954392245284,2020-22
DARE,2016-10-19,"F día 2: corto apertura, stop máx. día 1 (día 1 cerró débil)",0.33482131503877194,2015-19
DARE,2018-02-12,"F día 2: corto apertura, stop máx. día 1 (día 1 cerró débil)",0.054785711355501136,2015-19
DARE,2018-12-06,"F día 2: corto apertura, stop máx. día 1 (día 1 cerró débil)",0.08758035675120598,2015-19
DARE,2019-03-18,"F día 2: corto apertura, stop máx. día 1 (día 1 cerró débil)",0.02150172868286969,2015-19
DARE,2020-01-13,"F día 2: corto apertura, stop máx. día 1 (día 1 cerró débil)",0.18108536076464968,2020-22
DARE,2021-01-21,"G first red day: corto al día siguiente, stop máx. día rojo",-0.5524001271159373,2020-22
DARE,2024-02-26,"G first red day: corto al día siguiente, stop máx. día rojo",-0.47720478959317436,2023-26
DARE,2025-07-14,"F día 2: corto apertura, stop máx. día 1 (día 1 cerró débil)",0.028384839719675353,2023-26
DBGI,2021-09-28,"F día 2: corto apertura, stop máx. día 1 (día 1 cerró débil)",-0.041026516444747925,2020-22
DBGI,2021-10-28,"F día 2: corto apertura, stop máx. día 1 (día 1 cerró débil)",-0.22151106833493744,2020-22
DBGI,2022-03-08,"G first red day: corto al día siguiente, stop máx. día rojo",0.2657370517928287,2020-22
DBGI,2023-08-30,"F día 2: corto apertura, stop máx. día 1 (día 1 cerró débil)",-0.22747027764807293,2023-26
DBGI,2024-02-13,"F día 2: corto apertura, stop máx. día 1 (día 1 cerró débil)",0.2656649616368286,2023-26
DBGI,2024-10-15,"F día 2: corto apertura, stop máx. día 1 (día 1 cerró débil)",-0.15769172591135983,2023-26
DBGI,2026-05-29,"G first red day: corto al día siguiente, stop máx. día rojo",-1.1174999392032914,2023-26
DBVT,2020-11-02,"F día 2: corto apertura, stop máx. día 1 (día 1 cerró débil)",-0.27250057550960655,2020-22
DBVT,2024-11-29,"F día 2: corto apertura, stop máx. día 1 (día 1 cerró fuerte)",-1.2267855023244936,2023-26
DBVT,2025-03-28,"F día 2: corto apertura, stop máx. día 1 (día 1 cerró fuerte)",-1.0655307841591484,2023-26
DCOY,2019-01-07,"G first red day: corto al día siguiente, stop máx. día rojo",0.11903881700554529,2015-19
DCOY,2025-01-13,"F día 2: corto apertura, stop máx. día 1 (día 1 cerró débil)",0.07842636357311021,2023-26
DCOY,2025-06-17,"F día 2: corto apertura, stop máx. día 1 (día 1 cerró débil)",-0.3155678844122425,2023-26
DCOY,2025-07-29,"F día 2: corto apertura, stop máx. día 1 (día 1 cerró débil)",0.06690763411936401,2023-26
DCOY,2026-01-08,"G first red day: corto al día siguiente, stop máx. día rojo",-0.7367319315813148,2023-26
DCOY,2026-01-13,"F día 2: corto apertura, stop máx. día 1 (día 1 cerró fuerte)",0.4743523650905492,2023-26
DCOY,2026-06-29,"F día 2: corto apertura, stop máx. día 1 (día 1 cerró débil)",-0.057599479680415996,2023-26
DCOY,2026-09-22,"F día 2: corto apertura, stop máx. día 1 (día 1 cerró débil)",0.1504967532087097,2023-26
DCOY,2026-09-24,"G first red day: corto al día siguiente, stop máx. día rojo",-0.01646398050532818,2023-26
DCTH,2018-09-20,"G first red day: corto al día siguiente, stop máx. día rojo",0.6428100987925357,2015-19
DCTH,2018-09-24,"F día 2: corto apertura, stop máx. día 1 (día 1 cerró débil)",0.43055312445300187,2015-19
DCTH,2023-08-15,"F día 2: corto apertura, stop máx. día 1 (día 1 cerró débil)",0.04529878360499003,2023-26
DCX,2025-09-19,"F día 2: corto apertura, stop máx. día 1 (día 1 cerró fuerte)",0.2769660976395656,2023-26
DCX,2025-10-01,"F día 2: corto apertura, stop máx. día 1 (día 1 cerró débil)",0.03638976348277117,2023-26
DDC,2025-07-15,"G first red day: corto al día siguiente, stop máx. día rojo",-0.49813450907493745,2023-26
DDL,2023-01-06,"G first red day: corto al día siguiente, stop máx. día rojo",1.0864101284686707,2023-26
DEC,2023-12-05,"F día 2: corto apertura, stop máx. día 1 (día 1 cerró fuerte)",0.5950133321053437,2023-26
DFDV,2025-04-07,"F día 2: corto apertura, stop máx. día 1 (día 1 cerró fuerte)",-0.02381740423748607,2023-26
DFLI,2025-06-20,"F día 2: corto apertura, stop máx. día 1 (día 1 cerró débil)",-0.005555559622853231,2023-26
DFLI,2025-07-22,"F día 2: corto apertura, stop máx. día 1 (día 1 cerró débil)",0.07801100729142244,2023-26
DFLI,2025-07-23,"G first red day: corto al día siguiente, stop máx. día rojo",0.19702420245218896,2023-26
DFLI,2025-09-30,"G first red day: corto al día siguiente, stop máx. día rojo",-0.23595220347379076,2023-26
DFNS,2024-02-14,"G first red day: corto al día siguiente, stop máx. día rojo",-0.04845945488403589,2023-26
DFNS,2025-01-17,"F día 2: corto apertura, stop máx. día 1 (día 1 cerró débil)",-0.2685977446845141,2023-26
DFNS,2026-07-30,"F día 2: corto apertura, stop máx. día 1 (día 1 cerró fuerte)",0.16033679137986775,2023-26
DFNS,2026-08-03,"F día 2: corto apertura, stop máx. día 1 (día 1 cerró fuerte)",0.2558225990553119,2023-26
DFSC,2022-02-11,"F día 2: corto apertura, stop máx. día 1 (día 1 cerró débil)",0.037326445312883816,2020-22
DFSC,2022-03-08,"F día 2: corto apertura, stop máx. día 1 (día 1 cerró débil)",-0.217586649550706,2020-22
DFSC,2024-06-10,"F día 2: corto apertura, stop máx. día 1 (día 1 cerró débil)",-0.062499982190960625,2023-26
DFSC,2024-12-17,"F día 2: corto apertura, stop máx. día 1 (día 1 cerró débil)",0.06774818270114052,2023-26
DFSC,2025-02-18,"F día 2: corto apertura, stop máx. día 1 (día 1 cerró débil)",-0.04081356966359308,2023-26
DFSC,2025-04-24,"F día 2: corto apertura, stop máx. día 1 (día 1 cerró fuerte)",0.30596103762411087,2023-26
DFSC,2025-06-18,"F día 2: corto apertura, stop máx. día 1 (día 1 cerró débil)",0.4783603195525587,2023-26
DFSC,2026-08-13,"F día 2: corto apertura, stop máx. día 1 (día 1 cerró débil)",-0.4145901442060487,2023-26
DFSC,2026-08-17,"G first red day: corto al día siguiente, stop máx. día rojo",0.35112454318338987,2023-26
DFTX,2019-01-11,"F día 2: corto apertura, stop máx. día 1 (día 1 cerró débil)",0.03581454027563833,2015-19
DFTX,2019-04-08,"F día 2: corto apertura, stop máx. día 1 (día 1 cerró débil)",-0.012627986017637831,2015-19
DFTX,2020-03-05,"G first red day: corto al día siguiente, stop máx. día rojo",0.6327248804085646,2020-22
DFTX,2020-04-01,"G first red day: corto al día siguiente, stop máx. día rojo",1.2182413458715793,2020-22
DFTX,2020-04-24,"F día 2: corto apertura, stop máx. día 1 (día 1 cerró débil)",-0.022042240878146914,2020-22
DFTX,2020-12-15,"G first red day: corto al día siguiente, stop máx. día rojo",0.08448978762046185,2020-22
DFTX,2021-04-27,"G first red day: corto al día siguiente, stop máx. día rojo",-0.09591601355338505,2020-22
DFTX,2022-08-18,"F día 2: corto apertura, stop máx. día 1 (día 1 cerró débil)",1.668273222559892,2020-22
DFTX,2026-06-22,"F día 2: corto apertura, stop máx. día 1 (día 1 cerró débil)",-0.035252627968079826,2023-26
DGNX,2025-09-23,"G first red day: corto al día siguiente, stop máx. día rojo",0.0007592378036504616,2023-26
DGXX,2021-02-10,"G first red day: corto al día siguiente, stop máx. día rojo",0.28309888442128167,2020-22
DGXX,2021-02-23,"G first red day: corto al día siguiente, stop máx. día rojo",0.04429987324073935,2020-22
DJT,2021-10-22,"F día 2: corto apertura, stop máx. día 1 (día 1 cerró débil)",0.6057208368077954,2020-22
DJT,2021-10-25,"G first red day: corto al día siguiente, stop máx. día rojo",0.7313387387471786,2020-22
DKI,2025-09-29,"G first red day: corto al día siguiente, stop máx. día rojo",6.688157720323171,2023-26
DKI,2026-02-02,"F día 2: corto apertura, stop máx. día 1 (día 1 cerró fuerte)",0.09049294586512673,2023-26
DKI,2026-05-11,"F día 2: corto apertura, stop máx. día 1 (día 1 cerró fuerte)",-1.106138644566697,2023-26
DLPN,2015-03-11,"F día 2: corto apertura, stop máx. día 1 (día 1 cerró débil)",-0.01196172248803828,2015-19
DLPN,2017-12-12,"F día 2: corto apertura, stop máx. día 1 (día 1 cerró débil)",-0.03915662650602411,2015-19
DLPN,2020-06-04,"F día 2: corto apertura, stop máx. día 1 (día 1 cerró débil)",0.07570494782066019,2020-22
DLPN,2020-06-05,"G first red day: corto al día siguiente, stop máx. día rojo",-1.1741212394378764,2020-22
DLPN,2021-03-24,"F día 2: corto apertura, stop máx. día 1 (día 1 cerró débil)",-0.1788317911627185,2020-22
DLXY,2026-03-04,"F día 2: corto apertura, stop máx. día 1 (día 1 cerró fuerte)",0.3497794138816389,2023-26
DLXY,2026-09-16,"F día 2: corto apertura, stop máx. día 1 (día 1 cerró débil)",0.08660370686640631,2023-26
DMAC,2016-04-28,"F día 2: corto apertura, stop máx. día 1 (día 1 cerró débil)",-0.17424085956123128,2015-19
DMRA,2025-09-23,"F día 2: corto apertura, stop máx. día 1 (día 1 cerró débil)",-0.1811278738242097,2023-26
DMRA,2025-10-07,"F día 2: corto apertura, stop máx. día 1 (día 1 cerró débil)",-0.011679014813670632,2023-26
DMRA,2025-11-10,"F día 2: corto apertura, stop máx. día 1 (día 1 cerró débil)",-1.0222016253016593,2023-26
DOCS,2026-08-07,"F día 2: corto apertura, stop máx. día 1 (día 1 cerró débil)",0.028771586966920105,2023-26
DOGZ,2021-02-17,"F día 2: corto apertura, stop máx. día 1 (día 1 cerró débil)",-0.006262860772058162,2020-22
DOMH,2016-05-24,"F día 2: corto apertura, stop máx. día 1 (día 1 cerró débil)",0.35120687526791144,2015-19
DOMH,2017-06-29,"F día 2: corto apertura, stop máx. día 1 (día 1 cerró fuerte)",0.33722045817932206,2015-19
DOMH,2020-03-09,"F día 2: corto apertura, stop máx. día 1 (día 1 cerró débil)",0.13085259638658905,2020-22
DOMH,2020-03-10,"G first red day: corto al día siguiente, stop máx. día rojo",-0.30815461671997785,2020-22
DOMH,2020-04-14,"F día 2: corto apertura, stop máx. día 1 (día 1 cerró débil)",0.01642842771306838,2020-22
DOMH,2021-01-06,"F día 2: corto apertura, stop máx. día 1 (día 1 cerró débil)",0.028837054785637722,2020-22
DOMH,2025-02-11,"F día 2: corto apertura, stop máx. día 1 (día 1 cerró débil)",0.07635424346654661,2023-26
DPRO,2022-03-22,"F día 2: corto apertura, stop máx. día 1 (día 1 cerró débil)",-0.15108611326609775,2020-22
DPU,2023-04-28,"F día 2: corto apertura, stop máx. día 1 (día 1 cerró fuerte)",0.19536423841059603,2023-26
DPU,2023-05-01,"G first red day: corto al día siguiente, stop máx. día rojo",-0.09896386822529224,2023-26
DPU,2025-08-28,"F día 2: corto apertura, stop máx. día 1 (día 1 cerró débil)",0.15985112541191904,2023-26
DPU,2025-08-29,"G first red day: corto al día siguiente, stop máx. día rojo",-1.0526315789473684,2023-26
DPU,2025-09-26,"F día 2: corto apertura, stop máx. día 1 (día 1 cerró fuerte)",-0.5179452457342282,2023-26
DRCT,2022-03-09,"F día 2: corto apertura, stop máx. día 1 (día 1 cerró débil)",-0.15563423545493538,2020-22
DRCT,2022-03-30,"F día 2: corto apertura, stop máx. día 1 (día 1 cerró débil)",-0.3095757832215469,2020-22
DRCT,2022-07-20,"F día 2: corto apertura, stop máx. día 1 (día 1 cerró débil)",-0.0409090654440331,2020-22
DRCT,2023-11-14,"G first red day: corto al día siguiente, stop máx. día rojo",-0.8880939616269615,2023-26
DRCT,2025-12-01,"F día 2: corto apertura, stop máx. día 1 (día 1 cerró débil)",0.09262736626998148,2023-26
DRCT,2026-01-23,"F día 2: corto apertura, stop máx. día 1 (día 1 cerró débil)",0.2477072349038092,2023-26
DRCT,2026-01-26,"G first red day: corto al día siguiente, stop máx. día rojo",0.3717270375323844,2023-26
DRIO,2019-11-18,"F día 2: corto apertura, stop máx. día 1 (día 1 cerró débil)",0.13368610419872468,2015-19
DRIO,2019-12-03,"F día 2: corto apertura, stop máx. día 1 (día 1 cerró débil)",-0.2983226594002016,2015-19
DRIO,2020-04-28,"G first red day: corto al día siguiente, stop máx. día rojo",-0.15355760393836093,2020-22
DRK,2017-01-19,"F día 2: corto apertura, stop máx. día 1 (día 1 cerró débil)",-0.002260397830018083,2015-19
DRK,2018-09-26,"F día 2: corto apertura, stop máx. día 1 (día 1 cerró débil)",0.1414919799234983,2015-19
DRK,2023-12-21,"G first red day: corto al día siguiente, stop máx. día rojo",-1.105456041540196,2023-26
DRK,2026-06-01,"F día 2: corto apertura, stop máx. día 1 (día 1 cerró fuerte)",0.28013378087908924,2023-26
DRMA,2022-12-30,"F día 2: corto apertura, stop máx. día 1 (día 1 cerró débil)",0.42913148371531956,2020-22
DRMA,2023-04-18,"F día 2: corto apertura, stop máx. día 1 (día 1 cerró débil)",-0.18907085181394293,2023-26
DRMA,2023-05-12,"F día 2: corto apertura, stop máx. día 1 (día 1 cerró débil)",-0.21378792019677512,2023-26
DRMA,2024-07-24,"F día 2: corto apertura, stop máx. día 1 (día 1 cerró débil)",-0.09543476733007614,2023-26
DRMA,2024-08-05,"G first red day: corto al día siguiente, stop máx. día rojo",0.5210687023762683,2023-26
DRMA,2024-09-16,"F día 2: corto apertura, stop máx. día 1 (día 1 cerró fuerte)",0.06724058818027112,2023-26
DRMA,2025-03-27,"F día 2: corto apertura, stop máx. día 1 (día 1 cerró débil)",0.05823398685131181,2023-26
DRTS,2023-01-13,"G first red day: corto al día siguiente, stop máx. día rojo",0.5724431876293269,2023-26
DSS,2016-11-21,"G first red day: corto al día siguiente, stop máx. día rojo",0.3264149653972847,2015-19
DSS,2020-03-12,"F día 2: corto apertura, stop máx. día 1 (día 1 cerró débil)",0.38019167023291994,2020-22
DSY,2024-06-10,"F día 2: corto apertura, stop máx. día 1 (día 1 cerró débil)",-0.030762492877349973,2023-26
DSY,2025-09-09,"F día 2: corto apertura, stop máx. día 1 (día 1 cerró débil)",0.046736818056859704,2023-26
DSY,2026-06-10,"F día 2: corto apertura, stop máx. día 1 (día 1 cerró débil)",0.016643900523704683,2023-26
DSY,2026-06-12,"F día 2: corto apertura, stop máx. día 1 (día 1 cerró débil)",-0.05733540382963206,2023-26
DSY,2026-08-07,"F día 2: corto apertura, stop máx. día 1 (día 1 cerró débil)",-0.4252093079125196,2023-26
DTIL,2025-01-10,"F día 2: corto apertura, stop máx. día 1 (día 1 cerró débil)",-0.046359235903435665,2023-26
DTSS,2020-08-03,"F día 2: corto apertura, stop máx. día 1 (día 1 cerró débil)",-0.036559691531075744,2020-22
DTSS,2021-07-14,"F día 2: corto apertura, stop máx. día 1 (día 1 cerró débil)",1.0408732735164856,2020-22
DTSS,2024-02-14,"F día 2: corto apertura, stop máx. día 1 (día 1 cerró débil)",0.02648679343755982,2023-26
DTSS,2026-09-17,"F día 2: corto apertura, stop máx. día 1 (día 1 cerró débil)",0.057329040202024784,2023-26
DTST,2015-03-12,"F día 2: corto apertura, stop máx. día 1 (día 1 cerró fuerte)",2.425000822357973,2015-19
DTST,2015-03-20,"G first red day: corto al día siguiente, stop máx. día rojo",-0.648734216043928,2015-19
DTST,2015-08-28,"F día 2: corto apertura, stop máx. día 1 (día 1 cerró débil)",-0.014285712993266716,2015-19
DTST,2015-11-10,"F día 2: corto apertura, stop máx. día 1 (día 1 cerró débil)",0.8727271219915819,2015-19
DTST,2016-01-14,"F día 2: corto apertura, stop máx. día 1 (día 1 cerró débil)",-0.014285712993266716,2015-19
DTST,2016-05-12,"F día 2: corto apertura, stop máx. día 1 (día 1 cerró débil)",-0.018867924528301886,2015-19
DTST,2016-07-11,"G first red day: corto al día siguiente, stop máx. día rojo",-0.018867924528301886,2015-19
DTST,2016-07-13,"F día 2: corto apertura, stop máx. día 1 (día 1 cerró débil)",-0.018867924528301886,2015-19
DTST,2016-10-05,"F día 2: corto apertura, stop máx. día 1 (día 1 cerró débil)",-0.018867924528301886,2015-19
DTST,2017-01-05,"F día 2: corto apertura, stop máx. día 1 (día 1 cerró débil)",0.4099102271991215,2015-19
DTST,2017-03-09,"F día 2: corto apertura, stop máx. día 1 (día 1 cerró débil)",-0.03067485306149489,2015-19
DTST,2017-10-26,"F día 2: corto apertura, stop máx. día 1 (día 1 cerró débil)",-0.011182109595840626,2015-19
DTST,2017-10-31,"F día 2: corto apertura, stop máx. día 1 (día 1 cerró débil)",-0.021126765588569532,2015-19
DTST,2018-01-16,"G first red day: corto al día siguiente, stop máx. día rojo",-0.09617115757617388,2015-19
DTST,2019-10-15,"F día 2: corto apertura, stop máx. día 1 (día 1 cerró débil)",-1.0399484576467175,2015-19
DTST,2021-02-12,"G first red day: corto al día siguiente, stop máx. día rojo",0.8030702423447706,2020-22
DTST,2021-07-07,"F día 2: corto apertura, stop máx. día 1 (día 1 cerró débil)",-0.3849214280370105,2020-22
DTST,2022-05-16,"F día 2: corto apertura, stop máx. día 1 (día 1 cerró fuerte)",-0.16881460593912323,2020-22
DUKR,2021-02-08,"G first red day: corto al día siguiente, stop máx. día rojo",-1.0260223044126204,2020-22
DUKR,2021-02-11,"G first red day: corto al día siguiente, stop máx. día rojo",0.16821701678844383,2020-22
DUKR,2022-03-23,"F día 2: corto apertura, stop máx. día 1 (día 1 cerró débil)",0.21019107196325063,2020-22
DUKR,2022-06-02,"F día 2: corto apertura, stop máx. día 1 (día 1 cerró débil)",-0.05652171039853074,2020-22
DUKR,2023-05-31,"F día 2: corto apertura, stop máx. día 1 (día 1 cerró débil)",-0.020216174278021568,2023-26
DUKR,2023-07-25,"F día 2: corto apertura, stop máx. día 1 (día 1 cerró fuerte)",-0.015657085690924676,2023-26
DUKR,2023-09-18,"F día 2: corto apertura, stop máx. día 1 (día 1 cerró débil)",-0.0901786077786751,2023-26
DUKR,2024-07-11,"F día 2: corto apertura, stop máx. día 1 (día 1 cerró débil)",-0.010842369125111419,2023-26
DUKR,2024-07-16,"F día 2: corto apertura, stop máx. día 1 (día 1 cerró débil)",0.2530419368607157,2023-26
DUKR,2024-11-07,"F día 2: corto apertura, stop máx. día 1 (día 1 cerró fuerte)",-1.0084337357671207,2023-26
DUKR,2024-11-11,"F día 2: corto apertura, stop máx. día 1 (día 1 cerró fuerte)",-0.008196721276140599,2023-26
DUKR,2024-11-13,"F día 2: corto apertura, stop máx. día 1 (día 1 cerró débil)",-0.6702585797274275,2023-26
DUKR,2025-01-08,"G first red day: corto al día siguiente, stop máx. día rojo",1.7894745818578615,2023-26
DUKR,2025-03-25,"F día 2: corto apertura, stop máx. día 1 (día 1 cerró débil)",-0.021968367835685246,2023-26
DUKR,2025-09-10,"G first red day: corto al día siguiente, stop máx. día rojo",-0.46492160416001777,2023-26
DUO,2022-03-16,"F día 2: corto apertura, stop máx. día 1 (día 1 cerró débil)",-0.13006590843164265,2020-22
DUO,2024-03-11,"F día 2: corto apertura, stop máx. día 1 (día 1 cerró débil)",-0.16355075049178522,2023-26
DUO,2024-05-17,"F día 2: corto apertura, stop máx. día 1 (día 1 cerró débil)",0.5062306582898398,2023-26
DUO,2024-12-09,"F día 2: corto apertura, stop máx. día 1 (día 1 cerró débil)",-0.06723079118690527,2023-26
DUO,2025-09-09,"G first red day: corto al día siguiente, stop máx. día rojo",1.8713435325164793,2023-26
DVLT,2023-12-04,"F día 2: corto apertura, stop máx. día 1 (día 1 cerró débil)",0.21529411764705883,2023-26
DVLT,2024-04-04,"F día 2: corto apertura, stop máx. día 1 (día 1 cerró débil)",-0.018867924528301886,2023-26
DVLT,2024-04-17,"F día 2: corto apertura, stop máx. día 1 (día 1 cerró fuerte)",0.009673077074153064,2023-26
DVLT,2024-04-18,"G first red day: corto al día siguiente, stop máx. día rojo",-1.0352187153225627,2023-26
DVLT,2024-09-04,"F día 2: corto apertura, stop máx. día 1 (día 1 cerró fuerte)",0.20314066567795594,2023-26
DVLT,2025-09-18,"F día 2: corto apertura, stop máx. día 1 (día 1 cerró débil)",-0.21971056945046027,2023-26
DVLT,2025-10-08,"G first red day: corto al día siguiente, stop máx. día rojo",0.15991291341543992,2023-26
DWSN,2025-06-16,"F día 2: corto apertura, stop máx. día 1 (día 1 cerró débil)",0.026505842990142,2023-26
DWTX,2023-04-25,"F día 2: corto apertura, stop máx. día 1 (día 1 cerró débil)",0.27041573867854496,2023-26
DWTX,2025-03-12,"G first red day: corto al día siguiente, stop máx. día rojo",-0.04202143826017709,2023-26
DWTX,2025-09-29,"F día 2: corto apertura, stop máx. día 1 (día 1 cerró débil)",0.0559117737182137,2023-26
DXF,2026-05-14,"F día 2: corto apertura, stop máx. día 1 (día 1 cerró fuerte)",-0.09191063326161188,2023-26
DXF,2026-07-01,"F día 2: corto apertura, stop máx. día 1 (día 1 cerró débil)",0.0065641237221639205,2023-26
DXR,2020-03-02,"F día 2: corto apertura, stop máx. día 1 (día 1 cerró débil)",0.19719440354031698,2020-22
DXST,2026-06-02,"F día 2: corto apertura, stop máx. día 1 (día 1 cerró fuerte)",-0.2029588364824037,2023-26
DXYZ,2024-04-01,"G first red day: corto al día siguiente, stop máx. día rojo",0.35489255666895375,2023-26
DXYZ,2024-04-09,"G first red day: corto al día siguiente, stop máx. día rojo",-0.120872737027477,2023-26
DXYZ,2026-05-12,"G first red day: corto al día siguiente, stop máx. día rojo",2.989023864356075,2023-26
DYAI,2021-03-22,"F día 2: corto apertura, stop máx. día 1 (día 1 cerró débil)",0.30990693008471815,2020-22
EARN,2020-03-27,"G first red day: corto al día siguiente, stop máx. día rojo",0.4747235580715999,2020-22
EBON,2023-01-11,"G first red day: corto al día siguiente, stop máx. día rojo",0.11148246589907347,2023-26
EBS,2024-05-02,"F día 2: corto apertura, stop máx. día 1 (día 1 cerró débil)",-0.33767434882265035,2023-26
ECHO,2025-08-26,"F día 2: corto apertura, stop máx. día 1 (día 1 cerró débil)",-1.2737679066328171,2023-26
ECOR,2020-04-03,"F día 2: corto apertura, stop máx. día 1 (día 1 cerró débil)",0.1401869455973307,2020-22
ECOR,2020-07-13,"F día 2: corto apertura, stop máx. día 1 (día 1 cerró débil)",0.07852057038654797,2020-22
ECOR,2020-07-31,"F día 2: corto apertura, stop máx. día 1 (día 1 cerró débil)",-0.2835354412073493,2020-22
EDBL,2024-05-15,"F día 2: corto apertura, stop máx. día 1 (día 1 cerró débil)",0.0004363001745200698,2023-26
EDBL,2024-05-21,"F día 2: corto apertura, stop máx. día 1 (día 1 cerró débil)",-0.10924717569146863,2023-26
EDBL,2024-12-23,"F día 2: corto apertura, stop máx. día 1 (día 1 cerró débil)",-0.11340782122905028,2023-26
EDBL,2025-05-22,"G first red day: corto al día siguiente, stop máx. día rojo",-1.0608669833729216,2023-26
EDBL,2026-06-30,"F día 2: corto apertura, stop máx. día 1 (día 1 cerró débil)",0.04870094036875101,2023-26
EDBL,2026-07-27,"F día 2: corto apertura, stop máx. día 1 (día 1 cerró débil)",0.024975627564041297,2023-26
EDIT,2025-02-20,"G first red day: corto al día siguiente, stop máx. día rojo",0.8816711441465925,2023-26
EDRY,2020-11-12,"F día 2: corto apertura, stop máx. día 1 (día 1 cerró débil)",0.1279649834034911,2020-22
EDSA,2018-06-21,"F día 2: corto apertura, stop máx. día 1 (día 1 cerró débil)",0.06630041570712801,2015-19
EDSA,2019-05-31,"F día 2: corto apertura, stop máx. día 1 (día 1 cerró débil)",0.634636265211187,2015-19
EDSA,2019-06-20,"F día 2: corto apertura, stop máx. día 1 (día 1 cerró débil)",0.05399936877083603,2015-19
EDSA,2020-06-15,"F día 2: corto apertura, stop máx. día 1 (día 1 cerró débil)",-0.2654166876607466,2020-22
EDSA,2020-07-30,"F día 2: corto apertura, stop máx. día 1 (día 1 cerró débil)",0.1027060319606359,2020-22
EDSA,2021-01-26,"F día 2: corto apertura, stop máx. día 1 (día 1 cerró débil)",0.3346913132763346,2020-22
EDSA,2021-09-20,"F día 2: corto apertura, stop máx. día 1 (día 1 cerró fuerte)",0.23000013418677057,2020-22
EDSA,2025-02-13,"F día 2: corto apertura, stop máx. día 1 (día 1 cerró débil)",0.028898182170491123,2023-26
EDVA,2019-09-03,"F día 2: corto apertura, stop máx. día 1 (día 1 cerró débil)",-0.12277183600713014,2015-19
EDVA,2019-11-05,"G first red day: corto al día siguiente, stop máx. día rojo",0.6884001707356942,2015-19
EDVA,2020-08-12,"G first red day: corto al día siguiente, stop máx. día rojo",4.783333333333328,2020-22
EDVA,2022-01-11,"F día 2: corto apertura, stop máx. día 1 (día 1 cerró fuerte)",-0.6048702252697079,2020-22
EDVA,2022-01-19,"F día 2: corto apertura, stop máx. día 1 (día 1 cerró débil)",0.5188203044382506,2020-22
EDVA,2026-06-04,"F día 2: corto apertura, stop máx. día 1 (día 1 cerró débil)",0.08636352501702242,2023-26
EDVA,2026-06-05,"G first red day: corto al día siguiente, stop máx. día rojo",-1.0726256935803553,2023-26
EDVA,2026-07-06,"F día 2: corto apertura, stop máx. día 1 (día 1 cerró débil)",-0.06557184702355415,2023-26
EEIQ,2021-03-26,"F día 2: corto apertura, stop máx. día 1 (día 1 cerró débil)",0.2692534356170795,2020-22
EEIQ,2021-09-13,"G first red day: corto al día siguiente, stop máx. día rojo",-0.30516208375366555,2020-22
EEIQ,2023-05-24,"F día 2: corto apertura, stop máx. día 1 (día 1 cerró débil)",-0.30980833878006686,2023-26
EEIQ,2025-08-22,"F día 2: corto apertura, stop máx. día 1 (día 1 cerró débil)",0.22831814247436547,2023-26
EEIQ,2026-03-26,"F día 2: corto apertura, stop máx. día 1 (día 1 cerró débil)",-0.11821301343552745,2023-26
EEIQ,2026-03-30,"F día 2: corto apertura, stop máx. día 1 (día 1 cerró débil)",-0.3975073844492912,2023-26
EFC,2020-04-13,"G first red day: corto al día siguiente, stop máx. día rojo",0.5138348313940913,2020-22
EFOI,2021-12-08,"F día 2: corto apertura, stop máx. día 1 (día 1 cerró débil)",-0.19798023950263435,2020-22
EFOI,2022-10-21,"F día 2: corto apertura, stop máx. día 1 (día 1 cerró débil)",0.08047776602209578,2020-22
EFOI,2025-02-18,"F día 2: corto apertura, stop máx. día 1 (día 1 cerró fuerte)",-0.3706304256803735,2023-26
EFOI,2026-04-17,"F día 2: corto apertura, stop máx. día 1 (día 1 cerró débil)",0.12386046460115485,2023-26
EGG,2025-07-10,"G first red day: corto al día siguiente, stop máx. día rojo",0.6518445570853534,2023-26
EH,2020-12-09,"G first red day: corto al día siguiente, stop máx. día rojo",-0.2247320774387523,2020-22
EH,2022-12-06,"G first red day: corto al día siguiente, stop máx. día rojo",0.5308794081868792,2020-22
EHGO,2026-06-17,"F día 2: corto apertura, stop máx. día 1 (día 1 cerró débil)",0.2236472313557701,2023-26
EHGO,2026-06-22,"F día 2: corto apertura, stop máx. día 1 (día 1 cerró débil)",0.05109050694453606,2023-26
EHGO,2026-07-01,"F día 2: corto apertura, stop máx. día 1 (día 1 cerró fuerte)",0.3283164136178179,2023-26
EHGO,2026-07-23,"F día 2: corto apertura, stop máx. día 1 (día 1 cerró débil)",0.059941230594150345,2023-26
EHGO,2026-08-19,"F día 2: corto apertura, stop máx. día 1 (día 1 cerró débil)",-0.10324912934097025,2023-26
EJH,2022-12-23,"G first red day: corto al día siguiente, stop máx. día rojo",0.11303370786516855,2020-22
EJH,2024-01-12,"G first red day: corto al día siguiente, stop máx. día rojo",0.6631837082844653,2023-26
ELA,2015-07-07,"F día 2: corto apertura, stop máx. día 1 (día 1 cerró débil)",-0.110019033574618,2015-19
ELAB,2024-01-16,"F día 2: corto apertura, stop máx. día 1 (día 1 cerró débil)",0.09416305091507193,2023-26
ELAB,2024-02-01,"F día 2: corto apertura, stop máx. día 1 (día 1 cerró débil)",-0.1923580621550329,2023-26
ELAB,2024-10-03,"F día 2: corto apertura, stop máx. día 1 (día 1 cerró débil)",-0.03943294302088006,2023-26
ELAB,2024-10-25,"F día 2: corto apertura, stop máx. día 1 (día 1 cerró débil)",-0.06340732510497868,2023-26
ELAB,2024-11-14,"F día 2: corto apertura, stop máx. día 1 (día 1 cerró débil)",-0.009615384615384616,2023-26
ELAB,2025-01-24,"F día 2: corto apertura, stop máx. día 1 (día 1 cerró débil)",-0.041355830719719947,2023-26
ELAB,2025-10-14,"F día 2: corto apertura, stop máx. día 1 (día 1 cerró débil)",0.038834483681587505,2023-26
ELAB,2026-03-30,"F día 2: corto apertura, stop máx. día 1 (día 1 cerró débil)",-1.0384390842655924,2023-26
ELBM,2023-07-25,"F día 2: corto apertura, stop máx. día 1 (día 1 cerró débil)",0.19569962069786728,2023-26
ELBM,2023-07-26,"G first red day: corto al día siguiente, stop máx. día rojo",0.24775727086013913,2023-26
ELBM,2025-10-13,"F día 2: corto apertura, stop máx. día 1 (día 1 cerró fuerte)",0.5455161061864527,2023-26
ELBM,2025-10-17,"F día 2: corto apertura, stop máx. día 1 (día 1 cerró débil)",0.13873107760761033,2023-26
ELDN,2020-03-17,"F día 2: corto apertura, stop máx. día 1 (día 1 cerró débil)",0.3540707698766553,2020-22
ELDN,2020-09-15,"F día 2: corto apertura, stop máx. día 1 (día 1 cerró débil)",-0.12310269763240615,2020-22
ELDN,2020-11-02,"G first red day: corto al día siguiente, stop máx. día rojo",0.6556435879595609,2020-22
ELMD,2016-02-10,"F día 2: corto apertura, stop máx. día 1 (día 1 cerró fuerte)",-0.11732276542165816,2015-19
ELOG,2025-12-24,"F día 2: corto apertura, stop máx. día 1 (día 1 cerró débil)",-0.048135097750390744,2023-26
ELPW,2026-04-08,"F día 2: corto apertura, stop máx. día 1 (día 1 cerró fuerte)",0.45607589706810453,2023-26
ELPW,2026-06-09,"F día 2: corto apertura, stop máx. día 1 (día 1 cerró débil)",-0.06287893272779665,2023-26
ELTK,2017-11-22,"F día 2: corto apertura, stop máx. día 1 (día 1 cerró débil)",0.03945989504430046,2015-19
ELTK,2019-05-29,"F día 2: corto apertura, stop máx. día 1 (día 1 cerró fuerte)",-1.0203107945829561,2015-19
ELVA,2018-06-13,"F día 2: corto apertura, stop máx. día 1 (día 1 cerró débil)",0.8292253476491266,2015-19
ELVA,2018-06-14,"G first red day: corto al día siguiente, stop máx. día rojo",0.16086932661858294,2015-19
ELVA,2021-01-21,"G first red day: corto al día siguiente, stop máx. día rojo",0.09898403608842106,2020-22
ELVA,2026-07-15,"F día 2: corto apertura, stop máx. día 1 (día 1 cerró fuerte)",1.359542460542518,2023-26
EMPD,2022-08-19,"F día 2: corto apertura, stop máx. día 1 (día 1 cerró débil)",0.10863095238095238,2020-22
EMPD,2023-12-26,"F día 2: corto apertura, stop máx. día 1 (día 1 cerró débil)",-0.02997556850216125,2023-26
EMPD,2024-02-29,"F día 2: corto apertura, stop máx. día 1 (día 1 cerró débil)",0.25026141512722205,2023-26
EMPD,2024-07-11,"F día 2: corto apertura, stop máx. día 1 (día 1 cerró débil)",-0.0021052716247263433,2023-26
EMPD,2025-02-04,"F día 2: corto apertura, stop máx. día 1 (día 1 cerró débil)",0.026639926974131013,2023-26
EMPD,2025-07-17,"F día 2: corto apertura, stop máx. día 1 (día 1 cerró débil)",0.08617370489075733,2023-26
ENGN,2023-10-30,"G first red day: corto al día siguiente, stop máx. día rojo",0.02940455520925411,2023-26
ENGN,2024-02-14,"F día 2: corto apertura, stop máx. día 1 (día 1 cerró fuerte)",0.98266902821538,2023-26
ENGS,2025-04-25,"G first red day: corto al día siguiente, stop máx. día rojo",-0.8543417496296736,2023-26
ENLT,2023-02-10,"F día 2: corto apertura, stop máx. día 1 (día 1 cerró fuerte)",-0.49473558964758946,2023-26
ENLV,2020-10-01,"F día 2: corto apertura, stop máx. día 1 (día 1 cerró débil)",-0.510250679575688,2020-22
ENLV,2023-11-07,"G first red day: corto al día siguiente, stop máx. día rojo",-0.07000017997542549,2023-26
ENLV,2025-11-24,"F día 2: corto apertura, stop máx. día 1 (día 1 cerró débil)",0.00011683940511760305,2023-26
ENSC,2021-12-09,"F día 2: corto apertura, stop máx. día 1 (día 1 cerró débil)",-0.06037938789478832,2020-22
ENSC,2023-05-09,"F día 2: corto apertura, stop máx. día 1 (día 1 cerró débil)",0.02811646634547862,2023-26
ENSC,2024-08-27,"F día 2: corto apertura, stop máx. día 1 (día 1 cerró débil)",-0.22142027758312358,2023-26
ENSC,2024-10-22,"F día 2: corto apertura, stop máx. día 1 (día 1 cerró débil)",0.14374806271773494,2023-26
ENSC,2025-04-23,"F día 2: corto apertura, stop máx. día 1 (día 1 cerró débil)",-0.07605061330624378,2023-26
ENSC,2026-02-27,"F día 2: corto apertura, stop máx. día 1 (día 1 cerró débil)",-0.3765032347610874,2023-26
ENSC,2026-08-04,"F día 2: corto apertura, stop máx. día 1 (día 1 cerró débil)",-0.1925027266780659,2023-26
ENSC,2026-08-06,"F día 2: corto apertura, stop máx. día 1 (día 1 cerró débil)",-0.07936566822190494,2023-26
ENTX,2021-03-11,"F día 2: corto apertura, stop máx. día 1 (día 1 cerró débil)",-1.034661179980992,2020-22
ENTX,2021-03-12,"F día 2: corto apertura, stop máx. día 1 (día 1 cerró débil)",0.04401375834355897,2020-22
ENTX,2021-03-15,"G first red day: corto al día siguiente, stop máx. día rojo",0.7927990902852531,2020-22
ENTX,2021-06-23,"F día 2: corto apertura, stop máx. día 1 (día 1 cerró débil)",-0.00795237364389523,2020-22
ENVB,2018-01-10,"F día 2: corto apertura, stop máx. día 1 (día 1 cerró débil)",0.011410550458715597,2015-19
ENVB,2018-06-05,"F día 2: corto apertura, stop máx. día 1 (día 1 cerró débil)",0.04858511753256475,2015-19
ENVB,2018-07-17,"F día 2: corto apertura, stop máx. día 1 (día 1 cerró débil)",0.03485552636896343,2015-19
ENVB,2020-06-02,"F día 2: corto apertura, stop máx. día 1 (día 1 cerró débil)",0.09764789736279401,2020-22
ENVB,2021-01-04,"F día 2: corto apertura, stop máx. día 1 (día 1 cerró débil)",0.5222945891783567,2020-22
ENVB,2021-03-10,"F día 2: corto apertura, stop máx. día 1 (día 1 cerró débil)",0.07803571428571429,2020-22
ENVB,2024-02-29,"F día 2: corto apertura, stop máx. día 1 (día 1 cerró débil)",-0.012591019417475728,2023-26
ENVB,2024-03-19,"F día 2: corto apertura, stop máx. día 1 (día 1 cerró débil)",-0.028900187316028895,2023-26
ENVB,2025-02-26,"F día 2: corto apertura, stop máx. día 1 (día 1 cerró débil)",0.03282696349009661,2023-26
ENVB,2025-12-10,"F día 2: corto apertura, stop máx. día 1 (día 1 cerró débil)",0.7569417842163529,2023-26
ENVB,2026-04-20,"F día 2: corto apertura, stop máx. día 1 (día 1 cerró débil)",0.012188268746231103,2023-26
EOCN,2018-06-12,"F día 2: corto apertura, stop máx. día 1 (día 1 cerró débil)",-0.043179802472509965,2015-19
EOCN,2022-12-23,"G first red day: corto al día siguiente, stop máx. día rojo",0.7397490242750946,2020-22
EOCN,2025-04-28,"F día 2: corto apertura, stop máx. día 1 (día 1 cerró débil)",0.18877912004366573,2023-26
EOCN,2026-04-09,"F día 2: corto apertura, stop máx. día 1 (día 1 cerró débil)",-0.04150298902522018,2023-26
EONR,2023-11-28,"F día 2: corto apertura, stop máx. día 1 (día 1 cerró fuerte)",0.18856403244801365,2023-26
EONR,2025-01-21,"F día 2: corto apertura, stop máx. día 1 (día 1 cerró débil)",0.011152381357342232,2023-26
EOSE,2024-06-26,"G first red day: corto al día siguiente, stop máx. día rojo",-0.36074862837239025,2023-26
EP,2016-12-30,"G first red day: corto al día siguiente, stop máx. día rojo",0.054545292726257306,2015-19
EP,2017-01-27,"G first red day: corto al día siguiente, stop máx. día rojo",-0.28333318618434117,2015-19
EP,2017-07-13,"F día 2: corto apertura, stop máx. día 1 (día 1 cerró débil)",-0.020676692803379595,2015-19
EP,2017-09-06,"F día 2: corto apertura, stop máx. día 1 (día 1 cerró débil)",-0.015015015776496447,2015-19
EP,2018-08-23,"F día 2: corto apertura, stop máx. día 1 (día 1 cerró fuerte)",-0.1046512449929463,2015-19
EP,2018-12-21,"F día 2: corto apertura, stop máx. día 1 (día 1 cerró fuerte)",-0.07500001583248644,2015-19
EP,2019-04-05,"G first red day: corto al día siguiente, stop máx. día rojo",-0.6871867774803357,2015-19
EP,2019-07-30,"F día 2: corto apertura, stop máx. día 1 (día 1 cerró fuerte)",-0.8161292571552097,2015-19
EPOW,2022-09-07,"G first red day: corto al día siguiente, stop máx. día rojo",0.005743866118281096,2020-22
EPOW,2025-09-30,"F día 2: corto apertura, stop máx. día 1 (día 1 cerró débil)",-0.13383637807783952,2023-26
EPR,2020-03-26,"G first red day: corto al día siguiente, stop máx. día rojo",0.0617673965126953,2020-22
EPSM,2025-05-07,"G first red day: corto al día siguiente, stop máx. día rojo",0.01716281064366974,2023-26
EPSM,2026-03-10,"G first red day: corto al día siguiente, stop máx. día rojo",-0.09234387132222134,2023-26
EPSN,2015-06-05,"F día 2: corto apertura, stop máx. día 1 (día 1 cerró fuerte)",-0.44044947648889426,2015-19
EQ,2020-07-13,"F día 2: corto apertura, stop máx. día 1 (día 1 cerró fuerte)",0.5842051981485902,2020-22
EQ,2025-08-11,"F día 2: corto apertura, stop máx. día 1 (día 1 cerró débil)",0.7138464921466741,2023-26
ERII,2015-10-20,"F día 2: corto apertura, stop máx. día 1 (día 1 cerró fuerte)",0.8199710005102023,2015-19
ERNA,2020-08-13,"F día 2: corto apertura, stop máx. día 1 (día 1 cerró débil)",0.04085253658109174,2020-22
ERNA,2021-04-06,"F día 2: corto apertura, stop máx. día 1 (día 1 cerró débil)",0.014558338595383429,2020-22
ERNA,2021-04-07,"G first red day: corto al día siguiente, stop máx. día rojo",0.9672708962739174,2020-22
ERNA,2021-04-13,"G first red day: corto al día siguiente, stop máx. día rojo",-0.03841772151898734,2020-22
ERNA,2021-04-29,"G first red day: corto al día siguiente, stop máx. día rojo",-1.0236349693251534,2020-22
ERNA,2021-05-04,"G first red day: corto al día siguiente, stop máx. día rojo",0.3427289849325932,2020-22
ERNA,2025-01-14,"F día 2: corto apertura, stop máx. día 1 (día 1 cerró débil)",0.13832054560954818,2023-26
ERNA,2025-10-29,"F día 2: corto apertura, stop máx. día 1 (día 1 cerró débil)",-0.040695681973954755,2023-26
ERNA,2026-05-08,"G first red day: corto al día siguiente, stop máx. día rojo",0.13299715148423383,2023-26
ESEA,2020-03-16,"F día 2: corto apertura, stop máx. día 1 (día 1 cerró débil)",-0.05792605444444871,2020-22
ESEA,2020-05-27,"F día 2: corto apertura, stop máx. día 1 (día 1 cerró débil)",0.2852281377287978,2020-22
ESLA,2023-09-22,"G first red day: corto al día siguiente, stop máx. día rojo",-0.1908585937039344,2023-26
ESYN,2024-04-04,"F día 2: corto apertura, stop máx. día 1 (día 1 cerró fuerte)",0.4229688770482064,2023-26
ESYN,2024-11-27,"F día 2: corto apertura, stop máx. día 1 (día 1 cerró débil)",-0.3439230691601405,2023-26
ESYN,2025-09-02,"F día 2: corto apertura, stop máx. día 1 (día 1 cerró débil)",0.028104055247447135,2023-26
ESYN,2026-06-10,"F día 2: corto apertura, stop máx. día 1 (día 1 cerró débil)",-0.3531614128885052,2023-26
EU,2017-05-04,"F día 2: corto apertura, stop máx. día 1 (día 1 cerró débil)",-1.044642857142857,2015-19
EUDA,2023-03-14,"G first red day: corto al día siguiente, stop máx. día rojo",0.7487784771998607,2023-26
EUDA,2025-12-26,"G first red day: corto al día siguiente, stop máx. día rojo",0.2947599086178441,2023-26
EVAX,2021-11-04,"F día 2: corto apertura, stop máx. día 1 (día 1 cerró débil)",0.009758714157696455,2020-22
EVAX,2022-09-21,"F día 2: corto apertura, stop máx. día 1 (día 1 cerró débil)",-0.2304106998108619,2020-22
EVAX,2024-01-24,"F día 2: corto apertura, stop máx. día 1 (día 1 cerró débil)",0.3506899122154793,2023-26
EVAX,2024-01-25,"G first red day: corto al día siguiente, stop máx. día rojo",0.37930043582138395,2023-26
EVAX,2025-01-24,"F día 2: corto apertura, stop máx. día 1 (día 1 cerró débil)",-0.0788587876106388,2023-26
EVAX,2025-02-04,"F día 2: corto apertura, stop máx. día 1 (día 1 cerró débil)",-0.06666661942336005,2023-26
EVAX,2025-10-16,"G first red day: corto al día siguiente, stop máx. día rojo",1.015143825479917,2023-26
EVC,2026-05-06,"F día 2: corto apertura, stop máx. día 1 (día 1 cerró fuerte)",1.1059400855500638,2023-26
EVGN,2025-06-10,"F día 2: corto apertura, stop máx. día 1 (día 1 cerró fuerte)",0.4232827772623504,2023-26
EVGO,2021-01-22,"F día 2: corto apertura, stop máx. día 1 (día 1 cerró fuerte)",1.3040700495653714,2020-22
EVMN,2026-02-10,"F día 2: corto apertura, stop máx. día 1 (día 1 cerró fuerte)",-0.06633840408750669,2023-26
EVTL,2024-12-30,"G first red day: corto al día siguiente, stop máx. día rojo",-1.1207244884343872,2023-26
EXOD,2022-08-12,"F día 2: corto apertura, stop máx. día 1 (día 1 cerró débil)",-0.07492915323735627,2020-22
EXOD,2022-10-10,"G first red day: corto al día siguiente, stop máx. día rojo",-0.014519230544390768,2020-22
EXOD,2023-11-10,"F día 2: corto apertura, stop máx. día 1 (día 1 cerró débil)",0.02263154082681477,2023-26
EXOD,2023-12-08,"F día 2: corto apertura, stop máx. día 1 (día 1 cerró fuerte)",0.7929468652663221,2023-26
EXOD,2024-05-07,"F día 2: corto apertura, stop máx. día 1 (día 1 cerró débil)",-0.11084946474455372,2023-26
EXYN,2026-08-27,"G first red day: corto al día siguiente, stop máx. día rojo",-0.28897343236241035,2023-26
EYPT,2023-12-04,"F día 2: corto apertura, stop máx. día 1 (día 1 cerró débil)",0.3695425693398003,2023-26
EZGO,2023-09-12,"G first red day: corto al día siguiente, stop máx. día rojo",0.28038936372269707,2023-26
EZRA,2021-12-21,"F día 2: corto apertura, stop máx. día 1 (día 1 cerró débil)",-0.021664355062413314,2020-22
EZRA,2024-06-18,"F día 2: corto apertura, stop máx. día 1 (día 1 cerró débil)",-0.14357532236913598,2023-26
EZRA,2024-06-21,"G first red day: corto al día siguiente, stop máx. día rojo",-1.0869330315652455,2023-26
EZRA,2024-12-23,"F día 2: corto apertura, stop máx. día 1 (día 1 cerró débil)",0.19889707406663773,2023-26
EZRA,2025-09-15,"F día 2: corto apertura, stop máx. día 1 (día 1 cerró débil)",0.08495819639464557,2023-26
EZRA,2026-08-03,"F día 2: corto apertura, stop máx. día 1 (día 1 cerró débil)",0.14215683064080317,2023-26
FABC,2020-03-19,"G first red day: corto al día siguiente, stop máx. día rojo",0.09194932936017605,2020-22
FABC,2020-07-06,"F día 2: corto apertura, stop máx. día 1 (día 1 cerró débil)",-0.203738586495661,2020-22
FABC,2020-11-24,"G first red day: corto al día siguiente, stop máx. día rojo",-0.25937735209994767,2020-22
FAMI,2020-06-18,"F día 2: corto apertura, stop máx. día 1 (día 1 cerró débil)",-0.07215980024968789,2020-22
FAMI,2021-10-01,"G first red day: corto al día siguiente, stop máx. día rojo",0.1816143497757848,2020-22
FAMI,2024-02-13,"F día 2: corto apertura, stop máx. día 1 (día 1 cerró débil)",-0.057429380317574524,2023-26
FAMI,2024-10-25,"G first red day: corto al día siguiente, stop máx. día rojo",-0.2662919110713735,2023-26
FAMI,2025-01-15,"F día 2: corto apertura, stop máx. día 1 (día 1 cerró débil)",-0.04307491778996163,2023-26
FATE,2015-05-06,"F día 2: corto apertura, stop máx. día 1 (día 1 cerró débil)",-0.22663506295707025,2015-19
FATN,2025-04-21,"G first red day: corto al día siguiente, stop máx. día rojo",-0.2297066512542259,2023-26
FATN,2026-02-03,"F día 2: corto apertura, stop máx. día 1 (día 1 cerró débil)",-0.2423490372692057,2023-26
FBGL,2026-09-22,"F día 2: corto apertura, stop máx. día 1 (día 1 cerró débil)",-0.06229468333732851,2023-26
FBIO,2019-01-31,"F día 2: corto apertura, stop máx. día 1 (día 1 cerró débil)",-1.0568946449153942,2015-19
FBIO,2019-04-18,"F día 2: corto apertura, stop máx. día 1 (día 1 cerró débil)",-0.34906050422415263,2015-19
FBIO,2023-11-21,"G first red day: corto al día siguiente, stop máx. día rojo",-0.0033003596022293338,2023-26
FBLG,2024-09-11,"G first red day: corto al día siguiente, stop máx. día rojo",0.1769537695876773,2023-26
FCEL,2019-07-03,"F día 2: corto apertura, stop máx. día 1 (día 1 cerró débil)",-0.18307700200428084,2015-19
FCEL,2019-11-06,"F día 2: corto apertura, stop máx. día 1 (día 1 cerró fuerte)",0.5960729409061699,2015-19
FCEL,2020-01-02,"G first red day: corto al día siguiente, stop máx. día rojo",-0.2525028713112664,2020-22
FCEL,2026-07-01,"G first red day: corto al día siguiente, stop máx. día rojo",0.47800215835950927,2023-26
FCHL,2026-03-26,"F día 2: corto apertura, stop máx. día 1 (día 1 cerró fuerte)",1.2415397372408405,2023-26
FCHL,2026-05-15,"G first red day: corto al día siguiente, stop máx. día rojo",0.026800316909466465,2023-26
FCUV,2015-06-12,"F día 2: corto apertura, stop máx. día 1 (día 1 cerró débil)",-0.011494253558989111,2015-19
FCUV,2015-06-17,"F día 2: corto apertura, stop máx. día 1 (día 1 cerró débil)",-0.015384617344411329,2015-19
FCUV,2024-08-30,"F día 2: corto apertura, stop máx. día 1 (día 1 cerró débil)",-0.2855469923280303,2023-26
FCUV,2024-12-31,"G first red day: corto al día siguiente, stop máx. día rojo",-0.05133511263509916,2023-26
FCUV,2026-04-06,"F día 2: corto apertura, stop máx. día 1 (día 1 cerró débil)",0.05662864662623644,2023-26
FCUV,2026-07-31,"F día 2: corto apertura, stop máx. día 1 (día 1 cerró débil)",1.585204516282945,2023-26
FCUV,2026-09-04,"G first red day: corto al día siguiente, stop máx. día rojo",0.14469200105914592,2023-26
FDMT,2024-02-05,"F día 2: corto apertura, stop máx. día 1 (día 1 cerró fuerte)",-0.1697925832700935,2023-26
FEAM,2024-12-31,"G first red day: corto al día siguiente, stop máx. día rojo",0.08105167656389613,2023-26
FEMY,2023-07-27,"F día 2: corto apertura, stop máx. día 1 (día 1 cerró fuerte)",0.4055442086333695,2023-26
FEMY,2023-09-26,"F día 2: corto apertura, stop máx. día 1 (día 1 cerró fuerte)",0.03362241774527411,2023-26
FEMY,2023-10-03,"G first red day: corto al día siguiente, stop máx. día rojo",-0.3111647904041076,2023-26
FEMY,2025-10-07,"G first red day: corto al día siguiente, stop máx. día rojo",0.46735683741560086,2023-26
FENG,2020-11-19,"F día 2: corto apertura, stop máx. día 1 (día 1 cerró fuerte)",-0.5288885665495253,2020-22
FET,2020-06-09,"G first red day: corto al día siguiente, stop máx. día rojo",-0.024187976746980044,2020-22
FFAI,2022-08-04,"G first red day: corto al día siguiente, stop máx. día rojo",0.01858513189448441,2020-22
FFAI,2023-10-19,"G first red day: corto al día siguiente, stop máx. día rojo",0.032467532467532464,2023-26
FFAI,2024-05-15,"F día 2: corto apertura, stop máx. día 1 (día 1 cerró fuerte)",-1.0432835820895523,2023-26
FFAI,2024-05-17,"F día 2: corto apertura, stop máx. día 1 (día 1 cerró débil)",0.06957383548067393,2023-26
FFAI,2024-05-17,"G first red day: corto al día siguiente, stop máx. día rojo",0.06957383548067393,2023-26
FFAI,2024-05-20,"F día 2: corto apertura, stop máx. día 1 (día 1 cerró fuerte)",0.09226993865030675,2023-26
FFAI,2024-06-28,"G first red day: corto al día siguiente, stop máx. día rojo",0.22121417670001697,2023-26
FFAI,2024-12-31,"G first red day: corto al día siguiente, stop máx. día rojo",-0.5248113423279213,2023-26
FGI,2025-09-16,"F día 2: corto apertura, stop máx. día 1 (día 1 cerró débil)",-0.22549528050395662,2023-26
FGI,2026-08-13,"F día 2: corto apertura, stop máx. día 1 (día 1 cerró débil)",-0.007762636780718793,2023-26
FGNX,2021-11-03,"G first red day: corto al día siguiente, stop máx. día rojo",-0.08746848878864269,2020-22
FHTX,2021-12-13,"F día 2: corto apertura, stop máx. día 1 (día 1 cerró fuerte)",-0.1877164945435705,2020-22
FIEE,2015-02-10,"F día 2: corto apertura, stop máx. día 1 (día 1 cerró débil)",-0.02,2015-19
FIEE,2022-12-16,"F día 2: corto apertura, stop máx. día 1 (día 1 cerró débil)",-0.08002735978112174,2020-22
FIEE,2023-11-30,"F día 2: corto apertura, stop máx. día 1 (día 1 cerró débil)",0.01491137992233922,2023-26
FIEE,2024-01-04,"F día 2: corto apertura, stop máx. día 1 (día 1 cerró débil)",-0.1808054311760117,2023-26
FIEE,2024-02-01,"F día 2: corto apertura, stop máx. día 1 (día 1 cerró débil)",0.44909847994482954,2023-26
FIEE,2025-05-13,"G first red day: corto al día siguiente, stop máx. día rojo",-0.2801237057013743,2023-26
FIRY,2026-07-28,"F día 2: corto apertura, stop máx. día 1 (día 1 cerró débil)",-0.1291208350052459,2023-26
FLD,2026-06-10,"F día 2: corto apertura, stop máx. día 1 (día 1 cerró débil)",-0.06012783319480635,2023-26
FLL,2020-03-26,"G first red day: corto al día siguiente, stop máx. día rojo",0.09615372660560889,2020-22
FLNA,2017-03-21,"F día 2: corto apertura, stop máx. día 1 (día 1 cerró débil)",-0.11217049520751042,2015-19
FLNA,2019-12-26,"G first red day: corto al día siguiente, stop máx. día rojo",-1.0551565050725369,2015-19
FLNA,2020-01-06,"G first red day: corto al día siguiente, stop máx. día rojo",0.07823618787099262,2020-22
FLNA,2020-09-14,"F día 2: corto apertura, stop máx. día 1 (día 1 cerró fuerte)",0.07066711623969936,2020-22
FLNA,2021-02-04,"G first red day: corto al día siguiente, stop máx. día rojo",0.13177008861882877,2020-22
FLNA,2024-08-06,"G first red day: corto al día siguiente, stop máx. día rojo",-0.14938550484663413,2023-26
FLYE,2024-06-25,"G first red day: corto al día siguiente, stop máx. día rojo",0.011130987875173923,2023-26
FLYE,2025-01-02,"G first red day: corto al día siguiente, stop máx. día rojo",0.2888029403544188,2023-26
FLYX,2026-01-08,"F día 2: corto apertura, stop máx. día 1 (día 1 cerró débil)",0.20995526443832144,2023-26
FNGR,2020-03-10,"F día 2: corto apertura, stop máx. día 1 (día 1 cerró fuerte)",-0.5309523384001658,2020-22
FNGR,2023-07-12,"G first red day: corto al día siguiente, stop máx. día rojo",-0.10872425657539056,2023-26
FNGR,2026-08-28,"F día 2: corto apertura, stop máx. día 1 (día 1 cerró débil)",0.09039804465158746,2023-26
FNUC,2023-12-26,"G first red day: corto al día siguiente, stop máx. día rojo",-1.0314313432545255,2023-26
FNUC,2024-12-18,"F día 2: corto apertura, stop máx. día 1 (día 1 cerró fuerte)",0.2096610253974094,2023-26
FOCL,2018-06-08,"F día 2: corto apertura, stop máx. día 1 (día 1 cerró débil)",0.27395971393409285,2015-19
FOCL,2025-09-03,"G first red day: corto al día siguiente, stop máx. día rojo",0.37226302223151075,2023-26
FOFO,2025-09-29,"F día 2: corto apertura, stop máx. día 1 (día 1 cerró débil)",0.12353652466859896,2023-26
FOFO,2025-09-29,"G first red day: corto al día siguiente, stop máx. día rojo",0.12353652466859896,2023-26
FOFO,2026-06-04,"G first red day: corto al día siguiente, stop máx. día rojo",0.49535107438374554,2023-26
FORTY,2020-03-27,"F día 2: corto apertura, stop máx. día 1 (día 1 cerró débil)",0.7303267764117363,2020-22
FOSL,2018-02-14,"F día 2: corto apertura, stop máx. día 1 (día 1 cerró fuerte)",0.4305343406961607,2015-19
FOSL,2020-06-09,"G first red day: corto al día siguiente, stop máx. día rojo",0.11726880349661552,2020-22
FOSL,2025-08-18,"G first red day: corto al día siguiente, stop máx. día rojo",-0.24591257905860797,2023-26
FOXX,2024-12-05,"F día 2: corto apertura, stop máx. día 1 (día 1 cerró débil)",-0.5547257650297663,2023-26
FOXX,2024-12-09,"G first red day: corto al día siguiente, stop máx. día rojo",-1.0718554715399935,2023-26
FOXX,2026-06-04,"F día 2: corto apertura, stop máx. día 1 (día 1 cerró débil)",0.1416602269298671,2023-26
FOXX,2026-06-05,"G first red day: corto al día siguiente, stop máx. día rojo",0.450657063614849,2023-26
FRGT,2019-02-26,"G first red day: corto al día siguiente, stop máx. día rojo",0.05171231273096879,2015-19
FRGT,2019-03-04,"F día 2: corto apertura, stop máx. día 1 (día 1 cerró débil)",-0.13221824941826718,2015-19
FRGT,2020-06-18,"F día 2: corto apertura, stop máx. día 1 (día 1 cerró débil)",0.3656480718932341,2020-22
FRGT,2022-03-21,"F día 2: corto apertura, stop máx. día 1 (día 1 cerró débil)",-0.18727810650887575,2020-22
FRGT,2022-07-26,"F día 2: corto apertura, stop máx. día 1 (día 1 cerró débil)",0.26205172451936903,2020-22
FRGT,2022-11-14,"F día 2: corto apertura, stop máx. día 1 (día 1 cerró débil)",0.1436988543371522,2020-22
FRGT,2023-12-14,"F día 2: corto apertura, stop máx. día 1 (día 1 cerró débil)",0.09978865406006675,2023-26
FRGT,2024-06-06,"F día 2: corto apertura, stop máx. día 1 (día 1 cerró débil)",0.08374269005847954,2023-26
FRGT,2025-05-02,"F día 2: corto apertura, stop máx. día 1 (día 1 cerró débil)",0.11931757407209326,2023-26
FRMM,2021-03-26,"F día 2: corto apertura, stop máx. día 1 (día 1 cerró débil)",-0.09261288908373522,2020-22
FRMM,2022-12-27,"F día 2: corto apertura, stop máx. día 1 (día 1 cerró débil)",0.0613707608224366,2020-22
FRMM,2023-01-04,"G first red day: corto al día siguiente, stop máx. día rojo",-1.0685136264499717,2023-26
FRMM,2024-10-16,"F día 2: corto apertura, stop máx. día 1 (día 1 cerró débil)",0.013613873987052142,2023-26
FRMM,2025-07-29,"F día 2: corto apertura, stop máx. día 1 (día 1 cerró débil)",-0.22943627511850856,2023-26
FRSX,2019-06-19,"F día 2: corto apertura, stop máx. día 1 (día 1 cerró débil)",-0.1013868274609331,2015-19
FRSX,2020-06-05,"F día 2: corto apertura, stop máx. día 1 (día 1 cerró débil)",0.03455427010032454,2020-22
FRSX,2020-12-11,"F día 2: corto apertura, stop máx. día 1 (día 1 cerró débil)",-0.13586214244020262,2020-22
FRSX,2024-12-26,"G first red day: corto al día siguiente, stop máx. día rojo",0.5153913302781911,2023-26
FRTT,2026-06-24,"F día 2: corto apertura, stop máx. día 1 (día 1 cerró débil)",-0.029162488681909158,2023-26
FTCI,2024-09-11,"F día 2: corto apertura, stop máx. día 1 (día 1 cerró fuerte)",0.2316731189606868,2023-26
FTCI,2024-09-18,"G first red day: corto al día siguiente, stop máx. día rojo",-0.15494051090631966,2023-26
FTEK,2020-05-08,"F día 2: corto apertura, stop máx. día 1 (día 1 cerró débil)",-0.10397090482445889,2020-22
FTEK,2020-11-24,"F día 2: corto apertura, stop máx. día 1 (día 1 cerró fuerte)",-0.27815726292900556,2020-22
FTFT,2016-06-22,"F día 2: corto apertura, stop máx. día 1 (día 1 cerró débil)",0.06433823529411764,2015-19
FTFT,2016-07-18,"G first red day: corto al día siguiente, stop máx. día rojo",-1.0581267821890765,2015-19
FTFT,2016-07-26,"G first red day: corto al día siguiente, stop máx. día rojo",0.221990231990232,2015-19
FTFT,2017-12-21,"G first red day: corto al día siguiente, stop máx. día rojo",-1.0156543519098309,2015-19
FTFT,2017-12-27,"G first red day: corto al día siguiente, stop máx. día rojo",0.1381413359148113,2015-19
FTFT,2019-04-11,"F día 2: corto apertura, stop máx. día 1 (día 1 cerró débil)",0.3035527690700105,2015-19
FTFT,2019-10-17,"F día 2: corto apertura, stop máx. día 1 (día 1 cerró débil)",0.15160106737825216,2015-19
FTFT,2021-01-08,"F día 2: corto apertura, stop máx. día 1 (día 1 cerró débil)",0.029746552494927615,2020-22
FTFT,2021-01-11,"G first red day: corto al día siguiente, stop máx. día rojo",-0.4210526315789473,2020-22
FTFT,2023-12-29,"G first red day: corto al día siguiente, stop máx. día rojo",0.2861486020055077,2023-26
FTFT,2025-03-03,"F día 2: corto apertura, stop máx. día 1 (día 1 cerró débil)",-0.07655174200373259,2023-26
FTFT,2025-07-11,"F día 2: corto apertura, stop máx. día 1 (día 1 cerró fuerte)",0.3331532721692117,2023-26
FTH,2026-02-18,"F día 2: corto apertura, stop máx. día 1 (día 1 cerró débil)",-0.2898814242659844,2023-26
FTHM,2025-08-26,"G first red day: corto al día siguiente, stop máx. día rojo",0.3073010796718969,2023-26
FTHM,2026-06-17,"F día 2: corto apertura, stop máx. día 1 (día 1 cerró débil)",0.14820435194653528,2023-26
FTHM,2026-06-18,"G first red day: corto al día siguiente, stop máx. día rojo",0.2808928392361307,2023-26
FTK,2019-01-11,"F día 2: corto apertura, stop máx. día 1 (día 1 cerró fuerte)",0.4593280615711029,2015-19
FUBO,2019-06-10,"F día 2: corto apertura, stop máx. día 1 (día 1 cerró débil)",-1.3300002882218152,2015-19
FUBO,2020-12-23,"G first red day: corto al día siguiente, stop máx. día rojo",0.6878221629082355,2020-22
FUFU,2024-03-04,"F día 2: corto apertura, stop máx. día 1 (día 1 cerró débil)",0.1694123799317732,2023-26
FWDI,2015-08-28,"G first red day: corto al día siguiente, stop máx. día rojo",0.4027182489519881,2015-19
FWDI,2016-07-06,"F día 2: corto apertura, stop máx. día 1 (día 1 cerró débil)",0.0536645168842661,2015-19
FWDI,2018-01-19,"F día 2: corto apertura, stop máx. día 1 (día 1 cerró débil)",0.07067233358759802,2015-19
FWDI,2020-08-18,"F día 2: corto apertura, stop máx. día 1 (día 1 cerró débil)",-0.24585572607733974,2020-22
FWDI,2025-09-08,"F día 2: corto apertura, stop máx. día 1 (día 1 cerró débil)",-0.39932962403043837,2023-26
FXHO,2024-04-08,"F día 2: corto apertura, stop máx. día 1 (día 1 cerró fuerte)",-0.3550488599348534,2023-26
FXHO,2025-11-14,"F día 2: corto apertura, stop máx. día 1 (día 1 cerró débil)",0.42660550458715596,2023-26
FXHO,2026-06-11,"F día 2: corto apertura, stop máx. día 1 (día 1 cerró débil)",-0.041929464298093355,2023-26
FXHO,2026-07-06,"F día 2: corto apertura, stop máx. día 1 (día 1 cerró fuerte)",-0.09930646947015649,2023-26
GALT,2017-12-11,"G first red day: corto al día siguiente, stop máx. día rojo",-0.11612018465127369,2015-19
GALT,2025-06-20,"G first red day: corto al día siguiente, stop máx. día rojo",-0.07172538776169682,2023-26
GAME,2018-08-08,"F día 2: corto apertura, stop máx. día 1 (día 1 cerró fuerte)",-0.12421052631578948,2015-19
GAME,2019-04-01,"F día 2: corto apertura, stop máx. día 1 (día 1 cerró débil)",-0.16447368421052624,2015-19
GAME,2019-07-08,"F día 2: corto apertura, stop máx. día 1 (día 1 cerró débil)",-0.061711958145466254,2015-19
GAME,2019-10-21,"F día 2: corto apertura, stop máx. día 1 (día 1 cerró fuerte)",1.7736482655071708,2015-19
GAME,2020-04-14,"G first red day: corto al día siguiente, stop máx. día rojo",-0.06191717742400609,2020-22
GAME,2020-08-17,"G first red day: corto al día siguiente, stop máx. día rojo",0.083020239561153,2020-22
GAME,2025-07-10,"G first red day: corto al día siguiente, stop máx. día rojo",-1.1085527134459603,2023-26
GAME,2026-04-09,"F día 2: corto apertura, stop máx. día 1 (día 1 cerró débil)",-0.3559885984382561,2023-26
GAUZ,2026-05-13,"G first red day: corto al día siguiente, stop máx. día rojo",-0.2585738456641625,2023-26
GBR,2015-05-19,"G first red day: corto al día siguiente, stop máx. día rojo",0.5357141258571374,2015-19
GBR,2015-08-27,"F día 2: corto apertura, stop máx. día 1 (día 1 cerró débil)",0.12271320087015233,2015-19
GBR,2016-06-13,"G first red day: corto al día siguiente, stop máx. día rojo",0.3772092969524836,2015-19
GBR,2017-03-28,"G first red day: corto al día siguiente, stop máx. día rojo",0.030699122145446157,2015-19
GBR,2018-06-28,"F día 2: corto apertura, stop máx. día 1 (día 1 cerró débil)",-1.0085267416193469,2015-19
GBR,2018-07-03,"G first red day: corto al día siguiente, stop máx. día rojo",0.0041193341621914145,2015-19
GBR,2020-04-06,"G first red day: corto al día siguiente, stop máx. día rojo",0.4357228887576653,2020-22
GBR,2020-12-29,"F día 2: corto apertura, stop máx. día 1 (día 1 cerró débil)",-0.06464511114987881,2020-22
GBR,2022-03-08,"G first red day: corto al día siguiente, stop máx. día rojo",-0.1310150141020022,2020-22
GCDT,2026-06-10,"F día 2: corto apertura, stop máx. día 1 (día 1 cerró débil)",0.2531307737210848,2023-26
GCL,2026-05-20,"F día 2: corto apertura, stop máx. día 1 (día 1 cerró débil)",-0.25342520453934786,2023-26
GCT,2023-05-24,"F día 2: corto apertura, stop máx. día 1 (día 1 cerró débil)",0.25205468067934456,2023-26
GCTK,2018-12-21,"F día 2: corto apertura, stop máx. día 1 (día 1 cerró fuerte)",-0.9711538461538461,2015-19
GCTK,2019-01-04,"F día 2: corto apertura, stop máx. día 1 (día 1 cerró débil)",0.2134423251589464,2015-19
GCTK,2019-01-08,"F día 2: corto apertura, stop máx. día 1 (día 1 cerró fuerte)",-0.050880626223091974,2015-19
GCTK,2020-01-07,"F día 2: corto apertura, stop máx. día 1 (día 1 cerró débil)",-0.2681818181818182,2020-22
GCTK,2023-04-11,"G first red day: corto al día siguiente, stop máx. día rojo",-1.0184641208560639,2023-26
GCTK,2023-05-05,"G first red day: corto al día siguiente, stop máx. día rojo",0.16125160051216386,2023-26
GCTK,2025-06-25,"F día 2: corto apertura, stop máx. día 1 (día 1 cerró débil)",0.14845553651496943,2023-26
GCTK,2025-07-21,"F día 2: corto apertura, stop máx. día 1 (día 1 cerró débil)",0.037398139427062736,2023-26
GCTK,2025-09-12,"F día 2: corto apertura, stop máx. día 1 (día 1 cerró débil)",0.14357741507014302,2023-26
GCTS,2024-03-27,"F día 2: corto apertura, stop máx. día 1 (día 1 cerró fuerte)",-0.016169211164635804,2023-26
GCTS,2024-04-05,"F día 2: corto apertura, stop máx. día 1 (día 1 cerró débil)",0.18816350588172095,2023-26
GDC,2018-08-10,"F día 2: corto apertura, stop máx. día 1 (día 1 cerró débil)",0.14919180667015253,2015-19
GDC,2019-02-04,"G first red day: corto al día siguiente, stop máx. día rojo",-1.035068988173456,2015-19
GDC,2020-10-19,"F día 2: corto apertura, stop máx. día 1 (día 1 cerró débil)",-0.01650943396226415,2020-22
GDC,2022-10-06,"F día 2: corto apertura, stop máx. día 1 (día 1 cerró débil)",-0.05087527352297593,2020-22
GDC,2023-05-01,"F día 2: corto apertura, stop máx. día 1 (día 1 cerró fuerte)",0.4733095577746077,2023-26
GDC,2023-05-16,"F día 2: corto apertura, stop máx. día 1 (día 1 cerró débil)",0.14800845762615003,2023-26
GDC,2023-08-28,"F día 2: corto apertura, stop máx. día 1 (día 1 cerró débil)",-0.04511748844375963,2023-26
GDC,2024-08-23,"G first red day: corto al día siguiente, stop máx. día rojo",-0.03717120577281192,2023-26
GDC,2024-11-13,"G first red day: corto al día siguiente, stop máx. día rojo",0.35214105793450884,2023-26
GDC,2025-05-12,"F día 2: corto apertura, stop máx. día 1 (día 1 cerró débil)",0.3220723917672108,2023-26
GDC,2025-09-16,"G first red day: corto al día siguiente, stop máx. día rojo",-0.15325878478630628,2023-26
GDC,2026-05-08,"F día 2: corto apertura, stop máx. día 1 (día 1 cerró débil)",-0.06866723622383596,2023-26
GDC,2026-06-15,"F día 2: corto apertura, stop máx. día 1 (día 1 cerró débil)",1.0537177985948478,2023-26
GDEV,2025-09-23,"G first red day: corto al día siguiente, stop máx. día rojo",0.32013497171560457,2023-26
GDHG,2024-06-12,"F día 2: corto apertura, stop máx. día 1 (día 1 cerró débil)",-0.1259904912836767,2023-26
GDTC,2023-07-11,"F día 2: corto apertura, stop máx. día 1 (día 1 cerró débil)",0.20507498007304706,2023-26
GELS,2025-04-22,"F día 2: corto apertura, stop máx. día 1 (día 1 cerró débil)",0.008711942504473102,2023-26
GELS,2026-06-15,"F día 2: corto apertura, stop máx. día 1 (día 1 cerró débil)",-0.09723551607398774,2023-26
GEOS,2025-06-24,"G first red day: corto al día siguiente, stop máx. día rojo",0.996572231450369,2023-26
GERN,2024-03-15,"F día 2: corto apertura, stop máx. día 1 (día 1 cerró fuerte)",0.6506185436241348,2023-26
GETY,2022-07-29,"F día 2: corto apertura, stop máx. día 1 (día 1 cerró fuerte)",-1.0488223969468122,2020-22
GETY,2023-04-24,"F día 2: corto apertura, stop máx. día 1 (día 1 cerró débil)",-0.006941772396956277,2023-26
GETY,2025-10-31,"F día 2: corto apertura, stop máx. día 1 (día 1 cerró débil)",-0.1437062743536257,2023-26
GETY,2026-06-22,"F día 2: corto apertura, stop máx. día 1 (día 1 cerró débil)",0.4971021498558653,2023-26
GEVO,2016-06-08,"F día 2: corto apertura, stop máx. día 1 (día 1 cerró débil)",0.218413496051687,2015-19
GEVO,2016-06-09,"G first red day: corto al día siguiente, stop máx. día rojo",0.03439035283608754,2015-19
GEVO,2018-06-20,"G first red day: corto al día siguiente, stop máx. día rojo",0.35200003286508413,2015-19
GEVO,2020-08-20,"F día 2: corto apertura, stop máx. día 1 (día 1 cerró fuerte)",0.2989649647649565,2020-22
GEVO,2020-12-29,"G first red day: corto al día siguiente, stop máx. día rojo",-0.039509095084856546,2020-22
GFAI,2021-10-29,"F día 2: corto apertura, stop máx. día 1 (día 1 cerró débil)",0.13134325410153713,2020-22
GFAI,2022-03-11,"F día 2: corto apertura, stop máx. día 1 (día 1 cerró débil)",-0.3155506328614165,2020-22
GFAI,2023-04-04,"G first red day: corto al día siguiente, stop máx. día rojo",0.39733362241008735,2023-26
GFAI,2023-07-24,"G first red day: corto al día siguiente, stop máx. día rojo",0.009493929022357976,2023-26
GFAI,2026-02-24,"G first red day: corto al día siguiente, stop máx. día rojo",0.0762201598712786,2023-26
GFUZ,2026-07-15,"G first red day: corto al día siguiente, stop máx. día rojo",0.44813972065680385,2023-26
GGR,2025-04-16,"G first red day: corto al día siguiente, stop máx. día rojo",1.0350159735390685,2023-26
GHRS,2025-02-03,"F día 2: corto apertura, stop máx. día 1 (día 1 cerró débil)",1.559942341720066,2023-26
GIBO,2025-07-10,"F día 2: corto apertura, stop máx. día 1 (día 1 cerró débil)",0.14733178654292345,2023-26
GIBO,2026-06-30,"F día 2: corto apertura, stop máx. día 1 (día 1 cerró débil)",-1.0324256110296066,2023-26
GIBO,2026-07-02,"G first red day: corto al día siguiente, stop máx. día rojo",-0.04069435715264962,2023-26
GIFT,2022-10-17,"F día 2: corto apertura, stop máx. día 1 (día 1 cerró débil)",-0.16008702207395653,2020-22
GIPR,2025-10-06,"G first red day: corto al día siguiente, stop máx. día rojo",0.1284403232259488,2023-26
GIPR,2026-09-18,"F día 2: corto apertura, stop máx. día 1 (día 1 cerró débil)",-0.012640114660630607,2023-26
GITS,2024-04-15,"G first red day: corto al día siguiente, stop máx. día rojo",-0.22461423333813155,2023-26
GITS,2025-01-27,"F día 2: corto apertura, stop máx. día 1 (día 1 cerró débil)",0.187467317944045,2023-26
GITS,2025-05-30,"F día 2: corto apertura, stop máx. día 1 (día 1 cerró débil)",-0.26295517478295266,2023-26
GITS,2025-07-03,"F día 2: corto apertura, stop máx. día 1 (día 1 cerró débil)",-0.34857914636412174,2023-26
GLBS,2016-04-29,"F día 2: corto apertura, stop máx. día 1 (día 1 cerró fuerte)",0.2820009808729769,2015-19
GLBS,2016-05-02,"G first red day: corto al día siguiente, stop máx. día rojo",-0.16164616037335594,2015-19
GLBS,2016-05-23,"G first red day: corto al día siguiente, stop máx. día rojo",0.36529680365296796,2015-19
GLBS,2016-11-17,"G first red day: corto al día siguiente, stop máx. día rojo",0.0625951293759513,2015-19
GLBS,2017-11-07,"F día 2: corto apertura, stop máx. día 1 (día 1 cerró débil)",0.35356800766283536,2015-19
GLBS,2017-11-08,"G first red day: corto al día siguiente, stop máx. día rojo",-0.044411389715257106,2015-19
GLBS,2019-03-11,"F día 2: corto apertura, stop máx. día 1 (día 1 cerró fuerte)",2.2847222222222214,2015-19
GLBS,2019-03-12,"G first red day: corto al día siguiente, stop máx. día rojo",0.4785385500575372,2015-19
GLE,2025-09-10,"F día 2: corto apertura, stop máx. día 1 (día 1 cerró débil)",-0.00033032865455289074,2023-26
GLE,2026-05-07,"F día 2: corto apertura, stop máx. día 1 (día 1 cerró débil)",0.20763573066911514,2023-26
GLE,2026-06-10,"F día 2: corto apertura, stop máx. día 1 (día 1 cerró débil)",-0.027717944565040016,2023-26
GLE,2026-08-11,"F día 2: corto apertura, stop máx. día 1 (día 1 cerró débil)",0.002483182842214845,2023-26
GLND,2026-03-26,"F día 2: corto apertura, stop máx. día 1 (día 1 cerró débil)",0.43867742049043146,2023-26
GLND,2026-09-21,"F día 2: corto apertura, stop máx. día 1 (día 1 cerró débil)",0.7736578363671656,2023-26
GLOO,2026-09-18,"G first red day: corto al día siguiente, stop máx. día rojo",0.22627017697383495,2023-26
GLSI,2020-12-09,"F día 2: corto apertura, stop máx. día 1 (día 1 cerró débil)",0.1717367681088278,2020-22
GLSI,2020-12-10,"F día 2: corto apertura, stop máx. día 1 (día 1 cerró débil)",0.07847141190198366,2020-22
GLSI,2020-12-11,"G first red day: corto al día siguiente, stop máx. día rojo",-0.06591863577978727,2020-22
GLUE,2025-09-15,"F día 2: corto apertura, stop máx. día 1 (día 1 cerró fuerte)",0.36842831468790593,2023-26
GLXG,2025-04-08,"F día 2: corto apertura, stop máx. día 1 (día 1 cerró débil)",0.14302730828903254,2023-26
GLXG,2026-06-11,"F día 2: corto apertura, stop máx. día 1 (día 1 cerró débil)",0.08347637336720522,2023-26
GME,2020-04-15,"G first red day: corto al día siguiente, stop máx. día rojo",0.058486080269165464,2020-22
GME,2021-01-27,"F día 2: corto apertura, stop máx. día 1 (día 1 cerró fuerte)",-1.0216150081566069,2020-22
GME,2021-01-28,"G first red day: corto al día siguiente, stop máx. día rojo",0.45075597776762033,2020-22
GME,2021-01-29,"F día 2: corto apertura, stop máx. día 1 (día 1 cerró débil)",0.8362792874326764,2020-22
GME,2021-02-25,"F día 2: corto apertura, stop máx. día 1 (día 1 cerró débil)",0.2051144290294039,2020-22
GME,2023-03-22,"F día 2: corto apertura, stop máx. día 1 (día 1 cerró débil)",-0.047424589810310246,2023-26
GME,2024-05-14,"F día 2: corto apertura, stop máx. día 1 (día 1 cerró débil)",0.01382452048925599,2023-26
GME,2024-05-15,"G first red day: corto al día siguiente, stop máx. día rojo",0.6477378954265078,2023-26
GME,2024-06-03,"F día 2: corto apertura, stop máx. día 1 (día 1 cerró débil)",-0.03339533428907428,2023-26
GMEX,2024-05-10,"G first red day: corto al día siguiente, stop máx. día rojo",-0.0037487314849536622,2023-26
GMEX,2025-09-23,"F día 2: corto apertura, stop máx. día 1 (día 1 cerró débil)",0.06672500109852954,2023-26
GMEX,2025-11-06,"F día 2: corto apertura, stop máx. día 1 (día 1 cerró débil)",0.01200106722146475,2023-26
GMEX,2025-12-02,"F día 2: corto apertura, stop máx. día 1 (día 1 cerró débil)",0.3297546772909014,2023-26
GMHS,2025-08-29,"F día 2: corto apertura, stop máx. día 1 (día 1 cerró débil)",-0.4301249101555453,2023-26
GMHS,2026-06-08,"F día 2: corto apertura, stop máx. día 1 (día 1 cerró débil)",-0.03751041122895732,2023-26
GMM,2024-04-30,"F día 2: corto apertura, stop máx. día 1 (día 1 cerró débil)",-0.16753710830126445,2023-26
GMM,2024-10-28,"F día 2: corto apertura, stop máx. día 1 (día 1 cerró débil)",0.46666673187516683,2023-26
GMM,2024-11-26,"F día 2: corto apertura, stop máx. día 1 (día 1 cerró fuerte)",-1.147194465795542,2023-26
GMM,2026-06-09,"F día 2: corto apertura, stop máx. día 1 (día 1 cerró débil)",0.042443526792680576,2023-26
GMM,2026-06-12,"F día 2: corto apertura, stop máx. día 1 (día 1 cerró débil)",0.7832677222090857,2023-26
GMM,2026-07-10,"F día 2: corto apertura, stop máx. día 1 (día 1 cerró fuerte)",-0.1818733591337969,2023-26
GNLN,2024-08-12,"F día 2: corto apertura, stop máx. día 1 (día 1 cerró débil)",-0.08507347254447023,2023-26
GNLN,2025-05-21,"F día 2: corto apertura, stop máx. día 1 (día 1 cerró débil)",-0.018867924528301886,2023-26
GNLN,2025-06-12,"F día 2: corto apertura, stop máx. día 1 (día 1 cerró fuerte)",0.6612903225806449,2023-26
GNPX,2019-11-19,"F día 2: corto apertura, stop máx. día 1 (día 1 cerró débil)",0.3024965564738291,2015-19
GNPX,2020-01-22,"F día 2: corto apertura, stop máx. día 1 (día 1 cerró fuerte)",-0.29382022471910113,2020-22
GNPX,2020-05-05,"F día 2: corto apertura, stop máx. día 1 (día 1 cerró débil)",0.17811725846407925,2020-22
GNPX,2024-10-22,"F día 2: corto apertura, stop máx. día 1 (día 1 cerró fuerte)",0.18207693634638605,2023-26
GNPX,2024-10-23,"G first red day: corto al día siguiente, stop máx. día rojo",0.41090174966352616,2023-26
GNPX,2025-04-04,"G first red day: corto al día siguiente, stop máx. día rojo",-0.14159923792995316,2023-26
GNPX,2025-10-15,"F día 2: corto apertura, stop máx. día 1 (día 1 cerró fuerte)",0.40512096192676855,2023-26
GNPX,2025-10-16,"G first red day: corto al día siguiente, stop máx. día rojo",-0.08119983084730359,2023-26
GNS,2023-01-20,"F día 2: corto apertura, stop máx. día 1 (día 1 cerró débil)",-1.0185564793770898,2023-26
GNS,2023-08-29,"G first red day: corto al día siguiente, stop máx. día rojo",0.10302942939668858,2023-26
GNS,2024-09-26,"G first red day: corto al día siguiente, stop máx. día rojo",-0.07359633612076905,2023-26
GNS,2025-09-15,"G first red day: corto al día siguiente, stop máx. día rojo",-3.1206623281923745e-08,2023-26
GNTA,2025-10-24,"F día 2: corto apertura, stop máx. día 1 (día 1 cerró débil)",0.10322581721890357,2023-26
GNTA,2026-06-01,"F día 2: corto apertura, stop máx. día 1 (día 1 cerró débil)",-1.0210317487549283,2023-26
GNTA,2026-06-03,"G first red day: corto al día siguiente, stop máx. día rojo",-0.04704754161647245,2023-26
GORO,2019-10-21,"F día 2: corto apertura, stop máx. día 1 (día 1 cerró débil)",-0.018867923175580004,2015-19
GORO,2019-11-22,"F día 2: corto apertura, stop máx. día 1 (día 1 cerró débil)",-0.018867923175580004,2015-19
GORO,2019-12-13,"F día 2: corto apertura, stop máx. día 1 (día 1 cerró débil)",-0.018867923175580004,2015-19
GORO,2020-01-03,"F día 2: corto apertura, stop máx. día 1 (día 1 cerró débil)",-0.009615384615384614,2020-22
GORO,2020-01-10,"F día 2: corto apertura, stop máx. día 1 (día 1 cerró débil)",-0.009615384615384614,2020-22
GORO,2020-02-18,"F día 2: corto apertura, stop máx. día 1 (día 1 cerró débil)",-0.971153846153846,2020-22
GORO,2020-02-28,"F día 2: corto apertura, stop máx. día 1 (día 1 cerró débil)",-0.018867923175580004,2020-22
GORO,2020-03-24,"F día 2: corto apertura, stop máx. día 1 (día 1 cerró fuerte)",-0.009615384615384614,2020-22
GORO,2020-04-01,"F día 2: corto apertura, stop máx. día 1 (día 1 cerró débil)",-0.018867923175580004,2020-22
GORO,2020-04-14,"F día 2: corto apertura, stop máx. día 1 (día 1 cerró fuerte)",-0.971153846153846,2020-22
GORO,2020-04-23,"F día 2: corto apertura, stop máx. día 1 (día 1 cerró débil)",-0.018867923175580004,2020-22
GORO,2020-04-28,"F día 2: corto apertura, stop máx. día 1 (día 1 cerró débil)",-0.0048543687529552315,2020-22
GORO,2020-06-15,"F día 2: corto apertura, stop máx. día 1 (día 1 cerró débil)",-0.009615384615384614,2020-22
GORO,2020-06-30,"F día 2: corto apertura, stop máx. día 1 (día 1 cerró débil)",-0.018867923175580004,2020-22
GORO,2020-07-02,"F día 2: corto apertura, stop máx. día 1 (día 1 cerró débil)",-0.018867923175580004,2020-22
GORO,2020-07-30,"G first red day: corto al día siguiente, stop máx. día rojo",-0.036363638875898385,2020-22
GORO,2020-10-20,"F día 2: corto apertura, stop máx. día 1 (día 1 cerró fuerte)",-1.0188679231755802,2020-22
GORO,2021-01-04,"F día 2: corto apertura, stop máx. día 1 (día 1 cerró débil)",-0.02777778038394808,2020-22
GORO,2022-05-09,"F día 2: corto apertura, stop máx. día 1 (día 1 cerró débil)",-0.018867923175580004,2020-22
GORO,2022-08-19,"F día 2: corto apertura, stop máx. día 1 (día 1 cerró débil)",-0.009615384615384614,2020-22
GORO,2022-09-02,"F día 2: corto apertura, stop máx. día 1 (día 1 cerró débil)",-0.009615384615384614,2020-22
GORO,2024-02-23,"F día 2: corto apertura, stop máx. día 1 (día 1 cerró débil)",-0.009615384615384618,2023-26
GORO,2024-02-27,"F día 2: corto apertura, stop máx. día 1 (día 1 cerró débil)",-0.018867924528301886,2023-26
GORO,2024-03-11,"F día 2: corto apertura, stop máx. día 1 (día 1 cerró débil)",-0.0048543689320388345,2023-26
GORO,2024-06-24,"F día 2: corto apertura, stop máx. día 1 (día 1 cerró débil)",-0.018867924528301886,2023-26
GORO,2024-09-30,"F día 2: corto apertura, stop máx. día 1 (día 1 cerró débil)",-0.04464286623038142,2023-26
GOSS,2024-06-26,"G first red day: corto al día siguiente, stop máx. día rojo",-1.0764119587908139,2023-26
GOVX,2021-01-11,"F día 2: corto apertura, stop máx. día 1 (día 1 cerró débil)",-0.21048080373161104,2020-22
GOVX,2021-08-20,"F día 2: corto apertura, stop máx. día 1 (día 1 cerró débil)",-0.13871244635193133,2020-22
GOVX,2022-05-24,"G first red day: corto al día siguiente, stop máx. día rojo",0.6581883509833587,2020-22
GOVX,2022-07-25,"F día 2: corto apertura, stop máx. día 1 (día 1 cerró fuerte)",-1.066747572815534,2020-22
GOVX,2022-08-01,"F día 2: corto apertura, stop máx. día 1 (día 1 cerró débil)",1.1257425742574256,2020-22
GOVX,2022-08-02,"G first red day: corto al día siguiente, stop máx. día rojo",0.280322505258238,2020-22
GOVX,2024-06-25,"G first red day: corto al día siguiente, stop máx. día rojo",0.08914893617021276,2023-26
GOVX,2026-05-18,"F día 2: corto apertura, stop máx. día 1 (día 1 cerró débil)",-0.03145025280444897,2023-26
GP,2026-01-09,"F día 2: corto apertura, stop máx. día 1 (día 1 cerró débil)",0.02546118553573119,2023-26
GPCR,2023-09-29,"F día 2: corto apertura, stop máx. día 1 (día 1 cerró débil)",-0.39263402113666,2023-26
GPMT,2020-03-26,"F día 2: corto apertura, stop máx. día 1 (día 1 cerró débil)",0.04851101596779345,2020-22
GPMT,2020-04-13,"G first red day: corto al día siguiente, stop máx. día rojo",0.04782124730985656,2020-22
GPRO,2025-07-23,"F día 2: corto apertura, stop máx. día 1 (día 1 cerró débil)",-0.005120557310503747,2023-26
GPRO,2026-09-01,"F día 2: corto apertura, stop máx. día 1 (día 1 cerró débil)",-1.026943466100042,2023-26
GPRO,2026-09-03,"G first red day: corto al día siguiente, stop máx. día rojo",-1.0393198693864092,2023-26
GPUS,2017-03-15,"F día 2: corto apertura, stop máx. día 1 (día 1 cerró débil)",0.15089658778912873,2015-19
GPUS,2017-06-30,"F día 2: corto apertura, stop máx. día 1 (día 1 cerró débil)",0.6402717797338972,2015-19
GPUS,2017-11-27,"F día 2: corto apertura, stop máx. día 1 (día 1 cerró débil)",0.021408434890407925,2015-19
GPUS,2019-03-26,"G first red day: corto al día siguiente, stop máx. día rojo",0.432945914501828,2015-19
GPUS,2019-08-19,"F día 2: corto apertura, stop máx. día 1 (día 1 cerró débil)",0.12310472504553842,2015-19
GPUS,2020-04-01,"F día 2: corto apertura, stop máx. día 1 (día 1 cerró débil)",-0.23567959859741552,2020-22
GPUS,2020-04-07,"F día 2: corto apertura, stop máx. día 1 (día 1 cerró fuerte)",0.010150783800190445,2020-22
GPUS,2020-06-10,"F día 2: corto apertura, stop máx. día 1 (día 1 cerró débil)",-0.04185600494307679,2020-22
GPUS,2020-07-20,"F día 2: corto apertura, stop máx. día 1 (día 1 cerró débil)",-0.06912631192392109,2020-22
GPUS,2021-01-14,"F día 2: corto apertura, stop máx. día 1 (día 1 cerró débil)",0.21337867745727443,2020-22
GPUS,2022-03-21,"F día 2: corto apertura, stop máx. día 1 (día 1 cerró débil)",0.1436992498757052,2020-22
GPUS,2023-07-12,"F día 2: corto apertura, stop máx. día 1 (día 1 cerró débil)",-0.030579078729944142,2023-26
GPUS,2023-11-29,"F día 2: corto apertura, stop máx. día 1 (día 1 cerró débil)",-0.027777777777777776,2023-26
GPUS,2024-02-27,"F día 2: corto apertura, stop máx. día 1 (día 1 cerró débil)",-0.014145496535796767,2023-26
GPUS,2025-05-05,"F día 2: corto apertura, stop máx. día 1 (día 1 cerró fuerte)",0.3759934256617821,2023-26
GPUS,2025-05-09,"G first red day: corto al día siguiente, stop máx. día rojo",-0.1860223193285241,2023-26
GPUS,2025-09-15,"F día 2: corto apertura, stop máx. día 1 (día 1 cerró débil)",0.08206097840906217,2023-26
GRCE,2017-11-20,"F día 2: corto apertura, stop máx. día 1 (día 1 cerró fuerte)",0.38555747740270685,2015-19
GRCE,2018-09-24,"F día 2: corto apertura, stop máx. día 1 (día 1 cerró débil)",0.39678135899485123,2015-19
GRCE,2021-01-06,"G first red day: corto al día siguiente, stop máx. día rojo",0.2533109792639227,2020-22
GRCE,2021-01-12,"G first red day: corto al día siguiente, stop máx. día rojo",0.03339723517848142,2020-22
GRDX,2023-01-25,"F día 2: corto apertura, stop máx. día 1 (día 1 cerró débil)",-0.18848408274787587,2023-26
GRDX,2023-06-13,"F día 2: corto apertura, stop máx. día 1 (día 1 cerró débil)",-0.10765518788909584,2023-26
GRDX,2023-09-14,"F día 2: corto apertura, stop máx. día 1 (día 1 cerró débil)",0.03976105764890346,2023-26
GRDX,2023-12-27,"F día 2: corto apertura, stop máx. día 1 (día 1 cerró débil)",0.04770736583373219,2023-26
GRDX,2025-08-11,"F día 2: corto apertura, stop máx. día 1 (día 1 cerró débil)",-0.48321069766172614,2023-26
GRI,2022-04-22,"F día 2: corto apertura, stop máx. día 1 (día 1 cerró débil)",0.0005169640259069473,2020-22
GRI,2022-12-14,"F día 2: corto apertura, stop máx. día 1 (día 1 cerró débil)",0.012349169866988047,2020-22
GRI,2023-02-13,"F día 2: corto apertura, stop máx. día 1 (día 1 cerró débil)",0.5904964793943538,2023-26
GRI,2023-02-14,"G first red day: corto al día siguiente, stop máx. día rojo",-1.0567703601068255,2023-26
GRI,2024-10-21,"F día 2: corto apertura, stop máx. día 1 (día 1 cerró débil)",0.036651164775662465,2023-26
GRI,2025-04-01,"F día 2: corto apertura, stop máx. día 1 (día 1 cerró débil)",0.052145569894420075,2023-26
GRML,2024-06-26,"F día 2: corto apertura, stop máx. día 1 (día 1 cerró débil)",0.2570142015933495,2023-26
GRML,2025-06-10,"F día 2: corto apertura, stop máx. día 1 (día 1 cerró débil)",0.12621749620230543,2023-26
GRML,2026-09-23,"G first red day: corto al día siguiente, stop máx. día rojo",-0.40492525409057284,2023-26
GRNQ,2020-05-27,"F día 2: corto apertura, stop máx. día 1 (día 1 cerró fuerte)",0.26283031229526105,2020-22
GRNQ,2020-05-28,"G first red day: corto al día siguiente, stop máx. día rojo",0.061767357980162314,2020-22
GRNQ,2020-10-05,"F día 2: corto apertura, stop máx. día 1 (día 1 cerró débil)",-0.2715487637362637,2020-22
GRNQ,2020-12-28,"F día 2: corto apertura, stop máx. día 1 (día 1 cerró débil)",-0.10615020697811947,2020-22
GRNQ,2021-08-20,"F día 2: corto apertura, stop máx. día 1 (día 1 cerró débil)",-0.180961557488403,2020-22
GRNQ,2021-10-25,"F día 2: corto apertura, stop máx. día 1 (día 1 cerró débil)",-0.05971509027662746,2020-22
GRPN,2016-02-17,"G first red day: corto al día siguiente, stop máx. día rojo",-0.2598327092857117,2015-19
GRRR,2023-07-07,"F día 2: corto apertura, stop máx. día 1 (día 1 cerró fuerte)",-1.0544878809342597,2023-26
GRRR,2023-07-11,"G first red day: corto al día siguiente, stop máx. día rojo",1.391198464872337,2023-26
GRRR,2024-12-03,"G first red day: corto al día siguiente, stop máx. día rojo",0.5938331436425811,2023-26
GRVY,2017-01-20,"G first red day: corto al día siguiente, stop máx. día rojo",0.9662693853351866,2015-19
GSAT,2021-08-30,"F día 2: corto apertura, stop máx. día 1 (día 1 cerró fuerte)",0.02185531720988707,2020-22
GSAT,2024-11-05,"G first red day: corto al día siguiente, stop máx. día rojo",-0.7446913183740692,2023-26
GSIW,2025-07-24,"F día 2: corto apertura, stop máx. día 1 (día 1 cerró débil)",0.031760621657228684,2023-26
GSL,2016-11-17,"F día 2: corto apertura, stop máx. día 1 (día 1 cerró débil)",0.05056028694481449,2015-19
GSL,2016-11-18,"G first red day: corto al día siguiente, stop máx. día rojo",0.2281599723836414,2015-19
GSL,2018-10-30,"F día 2: corto apertura, stop máx. día 1 (día 1 cerró débil)",-0.07716530456901179,2015-19
GSM,2020-11-24,"G first red day: corto al día siguiente, stop máx. día rojo",-0.15819712546191803,2020-22
GSM,2021-02-03,"G first red day: corto al día siguiente, stop máx. día rojo",-0.1870041913521666,2020-22
GSUN,2022-08-26,"G first red day: corto al día siguiente, stop máx. día rojo",0.08466301947546154,2020-22
GSUN,2023-04-28,"F día 2: corto apertura, stop máx. día 1 (día 1 cerró débil)",0.08455328876995717,2023-26
GTBP,2018-06-08,"G first red day: corto al día siguiente, stop máx. día rojo",-0.05087993273283284,2015-19
GTBP,2018-11-20,"G first red day: corto al día siguiente, stop máx. día rojo",0.03418225531274173,2015-19
GTBP,2020-01-23,"F día 2: corto apertura, stop máx. día 1 (día 1 cerró débil)",-1.0088465846230106,2020-22
GTBP,2020-02-03,"F día 2: corto apertura, stop máx. día 1 (día 1 cerró débil)",0.07340973035964522,2020-22
GTBP,2020-02-06,"F día 2: corto apertura, stop máx. día 1 (día 1 cerró débil)",-0.04327756175131993,2020-22
GTBP,2020-03-11,"G first red day: corto al día siguiente, stop máx. día rojo",0.20084728296237384,2020-22
GTBP,2020-04-07,"F día 2: corto apertura, stop máx. día 1 (día 1 cerró débil)",-0.01217391362037011,2020-22
GTBP,2020-12-24,"G first red day: corto al día siguiente, stop máx. día rojo",0.4802784579396012,2020-22
GTBP,2024-05-20,"F día 2: corto apertura, stop máx. día 1 (día 1 cerró débil)",0.6375267503358687,2023-26
GTBP,2024-12-23,"F día 2: corto apertura, stop máx. día 1 (día 1 cerró débil)",-0.17387160412036332,2023-26
GTBP,2026-09-09,"F día 2: corto apertura, stop máx. día 1 (día 1 cerró fuerte)",-1.2610736455367648,2023-26
GTBP,2026-09-15,"G first red day: corto al día siguiente, stop máx. día rojo",0.6908343329688142,2023-26
GTE,2020-06-09,"G first red day: corto al día siguiente, stop máx. día rojo",0.24121121265863063,2020-22
GTE,2026-08-05,"F día 2: corto apertura, stop máx. día 1 (día 1 cerró débil)",-0.061877861022469643,2023-26
GTEC,2020-12-07,"F día 2: corto apertura, stop máx. día 1 (día 1 cerró débil)",-0.2497163926584232,2020-22
GTEC,2021-02-18,"F día 2: corto apertura, stop máx. día 1 (día 1 cerró débil)",0.040027294343397635,2020-22
GTEC,2021-11-19,"F día 2: corto apertura, stop máx. día 1 (día 1 cerró fuerte)",-1.0227434230157073,2020-22
GTEC,2025-03-27,"F día 2: corto apertura, stop máx. día 1 (día 1 cerró débil)",0.22297665990999738,2023-26
GTX,2020-10-01,"G first red day: corto al día siguiente, stop máx. día rojo",-0.3897805568390244,2020-22
GURE,2025-01-08,"G first red day: corto al día siguiente, stop máx. día rojo",-0.08381284975460615,2023-26
GURE,2025-12-05,"F día 2: corto apertura, stop máx. día 1 (día 1 cerró débil)",0.2508772476474991,2023-26
GVH,2025-06-27,"F día 2: corto apertura, stop máx. día 1 (día 1 cerró débil)",0.10199164825510076,2023-26
GVH,2026-02-17,"F día 2: corto apertura, stop máx. día 1 (día 1 cerró débil)",0.1414435982268926,2023-26
GVH,2026-07-02,"G first red day: corto al día siguiente, stop máx. día rojo",0.7305154026884374,2023-26
GWAV,2019-08-19,"F día 2: corto apertura, stop máx. día 1 (día 1 cerró débil)",-0.027777777777777776,2015-19
GWAV,2020-03-23,"F día 2: corto apertura, stop máx. día 1 (día 1 cerró débil)",-0.018867924528301886,2020-22
GWAV,2020-05-14,"F día 2: corto apertura, stop máx. día 1 (día 1 cerró fuerte)",-0.9622641509433962,2020-22
GWAV,2020-10-14,"F día 2: corto apertura, stop máx. día 1 (día 1 cerró débil)",-0.018867924528301886,2020-22
GWAV,2020-11-10,"G first red day: corto al día siguiente, stop máx. día rojo",0.8981481481481481,2020-22
GWAV,2020-12-04,"G first red day: corto al día siguiente, stop máx. día rojo",0.4351851851851852,2020-22
GWAV,2021-01-20,"G first red day: corto al día siguiente, stop máx. día rojo",-0.06190476190476191,2020-22
GWAV,2021-06-07,"G first red day: corto al día siguiente, stop máx. día rojo",-0.053763440860215055,2020-22
GWAV,2022-11-22,"G first red day: corto al día siguiente, stop máx. día rojo",0.08466933867735468,2020-22
GWAV,2024-05-16,"F día 2: corto apertura, stop máx. día 1 (día 1 cerró débil)",-1.081640625,2023-26
GWAV,2025-10-14,"F día 2: corto apertura, stop máx. día 1 (día 1 cerró débil)",0.12747448777744957,2023-26
GWH,2021-10-12,"F día 2: corto apertura, stop máx. día 1 (día 1 cerró fuerte)",0.4768255755974491,2020-22
GWH,2021-10-13,"G first red day: corto al día siguiente, stop máx. día rojo",0.554368980856311,2020-22
GWH,2025-10-14,"G first red day: corto al día siguiente, stop máx. día rojo",0.029322303709874625,2023-26
GXAI,2024-02-16,"F día 2: corto apertura, stop máx. día 1 (día 1 cerró débil)",-0.07709143363576045,2023-26
GXAI,2024-03-13,"F día 2: corto apertura, stop máx. día 1 (día 1 cerró débil)",0.06869126545253623,2023-26
GXAI,2025-08-19,"F día 2: corto apertura, stop máx. día 1 (día 1 cerró fuerte)",0.06882715972674319,2023-26
GXAI,2026-01-26,"F día 2: corto apertura, stop máx. día 1 (día 1 cerró débil)",0.06972102305160637,2023-26
GXAI,2026-03-05,"F día 2: corto apertura, stop máx. día 1 (día 1 cerró débil)",0.13891144941641007,2023-26
GXAI,2026-06-02,"F día 2: corto apertura, stop máx. día 1 (día 1 cerró débil)",0.007310285446254813,2023-26
GXAI,2026-08-13,"F día 2: corto apertura, stop máx. día 1 (día 1 cerró débil)",0.43231529344692,2023-26
GYRE,2015-08-24,"F día 2: corto apertura, stop máx. día 1 (día 1 cerró débil)",0.04986702127659575,2015-19
GYRE,2016-12-15,"F día 2: corto apertura, stop máx. día 1 (día 1 cerró débil)",0.18875418060200672,2015-19
GYRE,2017-03-28,"F día 2: corto apertura, stop máx. día 1 (día 1 cerró fuerte)",4.879251068016915,2015-19
GYRE,2022-05-23,"F día 2: corto apertura, stop máx. día 1 (día 1 cerró fuerte)",-0.6686694706760322,2020-22
HAO,2025-01-27,"F día 2: corto apertura, stop máx. día 1 (día 1 cerró débil)",-1.0380434793250146,2023-26
HAO,2025-01-29,"G first red day: corto al día siguiente, stop máx. día rojo",-0.06859284162310361,2023-26
HAO,2026-07-10,"F día 2: corto apertura, stop máx. día 1 (día 1 cerró débil)",-0.006882816862631827,2023-26
HCAI,2026-04-07,"F día 2: corto apertura, stop máx. día 1 (día 1 cerró débil)",-0.02285646703931697,2023-26
HCAI,2026-04-30,"F día 2: corto apertura, stop máx. día 1 (día 1 cerró débil)",-0.35330543400320363,2023-26
HCAI,2026-05-18,"F día 2: corto apertura, stop máx. día 1 (día 1 cerró débil)",-0.20890349396943417,2023-26
HCTI,2022-06-21,"F día 2: corto apertura, stop máx. día 1 (día 1 cerró débil)",-0.05152418820410869,2020-22
HCTI,2023-07-12,"F día 2: corto apertura, stop máx. día 1 (día 1 cerró débil)",0.07334305949478281,2023-26
HCTI,2023-07-17,"F día 2: corto apertura, stop máx. día 1 (día 1 cerró débil)",0.24341251678382875,2023-26
HCTI,2024-02-09,"G first red day: corto al día siguiente, stop máx. día rojo",-0.5421527142845257,2023-26
HCTI,2024-10-28,"F día 2: corto apertura, stop máx. día 1 (día 1 cerró débil)",-0.10200507439096551,2023-26
HCTI,2025-01-07,"G first red day: corto al día siguiente, stop máx. día rojo",0.23056555668813247,2023-26
HCTI,2025-02-18,"F día 2: corto apertura, stop máx. día 1 (día 1 cerró débil)",0.6665111906462755,2023-26
HCTI,2025-05-19,"F día 2: corto apertura, stop máx. día 1 (día 1 cerró débil)",0.14037857608882287,2023-26
HCTI,2025-05-29,"F día 2: corto apertura, stop máx. día 1 (día 1 cerró débil)",1.2787608681414744,2023-26
HCTI,2025-06-12,"F día 2: corto apertura, stop máx. día 1 (día 1 cerró débil)",0.3991697352806639,2023-26
HCTI,2025-06-16,"F día 2: corto apertura, stop máx. día 1 (día 1 cerró débil)",0.4154078662832707,2023-26
HCTI,2025-07-28,"G first red day: corto al día siguiente, stop máx. día rojo",0.5508720187866022,2023-26
HCTI,2026-01-22,"F día 2: corto apertura, stop máx. día 1 (día 1 cerró débil)",0.030337082525786024,2023-26
HCWB,2021-10-28,"F día 2: corto apertura, stop máx. día 1 (día 1 cerró débil)",-0.20855759151843478,2020-22
HCWB,2024-09-09,"G first red day: corto al día siguiente, stop máx. día rojo",-0.1125051024981673,2023-26
HCWB,2024-11-18,"F día 2: corto apertura, stop máx. día 1 (día 1 cerró débil)",0.254998260571645,2023-26
HCWB,2025-02-03,"F día 2: corto apertura, stop máx. día 1 (día 1 cerró débil)",-0.0567908202730322,2023-26
HCWB,2025-05-13,"F día 2: corto apertura, stop máx. día 1 (día 1 cerró débil)",0.10674960548518972,2023-26
HCWB,2025-08-25,"F día 2: corto apertura, stop máx. día 1 (día 1 cerró débil)",-0.3954986739102009,2023-26
HCWB,2025-09-12,"F día 2: corto apertura, stop máx. día 1 (día 1 cerró fuerte)",0.15205012218559413,2023-26
HCWB,2026-05-15,"F día 2: corto apertura, stop máx. día 1 (día 1 cerró fuerte)",-1.0385388665295465,2023-26
HELP,2020-05-26,"F día 2: corto apertura, stop máx. día 1 (día 1 cerró fuerte)",0.006739640565303893,2020-22
HEPS,2024-10-18,"F día 2: corto apertura, stop máx. día 1 (día 1 cerró fuerte)",-0.17352480362718173,2023-26
HERE,2024-10-03,"G first red day: corto al día siguiente, stop máx. día rojo",-0.8464126376877219,2023-26
HERE,2025-06-12,"G first red day: corto al día siguiente, stop máx. día rojo",0.004731322983120771,2023-26
HGBL,2015-10-15,"F día 2: corto apertura, stop máx. día 1 (día 1 cerró débil)",-0.02923076779179324,2015-19
HHS,2026-08-14,"F día 2: corto apertura, stop máx. día 1 (día 1 cerró fuerte)",0.18451747769338891,2023-26
HIHO,2020-08-03,"F día 2: corto apertura, stop máx. día 1 (día 1 cerró débil)",-0.23914108573536638,2020-22
HIHO,2025-12-23,"F día 2: corto apertura, stop máx. día 1 (día 1 cerró débil)",0.0705177906652311,2023-26
HIND,2018-12-21,"F día 2: corto apertura, stop máx. día 1 (día 1 cerró débil)",-0.1092255125284738,2015-19
HIND,2019-05-22,"F día 2: corto apertura, stop máx. día 1 (día 1 cerró fuerte)",-0.00684931506849315,2015-19
HIND,2019-05-31,"G first red day: corto al día siguiente, stop máx. día rojo",-1.0378640776699029,2015-19
HIND,2019-07-24,"G first red day: corto al día siguiente, stop máx. día rojo",-0.10017603696776323,2015-19
HIND,2021-01-20,"F día 2: corto apertura, stop máx. día 1 (día 1 cerró fuerte)",0.7564968974626773,2020-22
HIND,2023-02-03,"F día 2: corto apertura, stop máx. día 1 (día 1 cerró fuerte)",-0.03150232444335699,2023-26
HIND,2023-10-12,"F día 2: corto apertura, stop máx. día 1 (día 1 cerró débil)",-0.0231696192741615,2023-26
HIND,2023-12-13,"F día 2: corto apertura, stop máx. día 1 (día 1 cerró débil)",0.10768165028853917,2023-26
HIND,2024-05-29,"F día 2: corto apertura, stop máx. día 1 (día 1 cerró débil)",0.0296,2023-26
HIND,2025-04-01,"F día 2: corto apertura, stop máx. día 1 (día 1 cerró débil)",0.07602757043627476,2023-26
HIND,2025-04-10,"F día 2: corto apertura, stop máx. día 1 (día 1 cerró débil)",0.18906568505664959,2023-26
HIND,2025-05-02,"F día 2: corto apertura, stop máx. día 1 (día 1 cerró débil)",-0.18836345968009865,2023-26
HIND,2025-08-15,"G first red day: corto al día siguiente, stop máx. día rojo",1.1502885516481154,2023-26
HIND,2025-09-17,"F día 2: corto apertura, stop máx. día 1 (día 1 cerró débil)",-0.09511354173467376,2023-26
HITI,2021-02-02,"F día 2: corto apertura, stop máx. día 1 (día 1 cerró débil)",0.05958535670330188,2020-22
HIVE,2017-09-19,"F día 2: corto apertura, stop máx. día 1 (día 1 cerró fuerte)",-0.2512196337163193,2015-19
HKD,2022-08-03,"G first red day: corto al día siguiente, stop máx. día rojo",0.28316959056999813,2020-22
HKD,2023-01-05,"F día 2: corto apertura, stop máx. día 1 (día 1 cerró fuerte)",0.27622776000660176,2023-26
HKD,2024-10-04,"G first red day: corto al día siguiente, stop máx. día rojo",-1.0720392990086132,2023-26
HKD,2025-10-31,"F día 2: corto apertura, stop máx. día 1 (día 1 cerró débil)",0.14610454980057594,2023-26
HKIT,2024-02-08,"F día 2: corto apertura, stop máx. día 1 (día 1 cerró débil)",0.013630666388134531,2023-26
HKIT,2024-02-09,"G first red day: corto al día siguiente, stop máx. día rojo",0.03702993092862625,2023-26
HKIT,2026-03-27,"F día 2: corto apertura, stop máx. día 1 (día 1 cerró débil)",0.022328410078192876,2023-26
HKIT,2026-03-31,"F día 2: corto apertura, stop máx. día 1 (día 1 cerró débil)",-0.024459234608985025,2023-26
HKIT,2026-06-01,"F día 2: corto apertura, stop máx. día 1 (día 1 cerró fuerte)",0.14143169997262522,2023-26
HKIT,2026-06-12,"G first red day: corto al día siguiente, stop máx. día rojo",0.29744325157963425,2023-26
HLP,2023-05-01,"F día 2: corto apertura, stop máx. día 1 (día 1 cerró débil)",0.07148517026316392,2023-26
HLP,2024-01-04,"G first red day: corto al día siguiente, stop máx. día rojo",-0.18972228579805764,2023-26
HODO,2025-09-03,"G first red day: corto al día siguiente, stop máx. día rojo",3.8455915514493433,2023-26
HOLO,2022-09-19,"F día 2: corto apertura, stop máx. día 1 (día 1 cerró débil)",0.007051671732522797,2020-22
HOLO,2023-08-24,"G first red day: corto al día siguiente, stop máx. día rojo",-0.7120765832106039,2023-26
HOLO,2024-02-08,"F día 2: corto apertura, stop máx. día 1 (día 1 cerró débil)",0.023574943763936224,2023-26
HOLO,2024-02-09,"G first red day: corto al día siguiente, stop máx. día rojo",0.11173521773268101,2023-26
HOLO,2024-02-20,"G first red day: corto al día siguiente, stop máx. día rojo",0.17077390393719113,2023-26
HOLO,2024-02-26,"F día 2: corto apertura, stop máx. día 1 (día 1 cerró fuerte)",0.490251572327044,2023-26
HOLO,2024-05-14,"F día 2: corto apertura, stop máx. día 1 (día 1 cerró fuerte)",0.38575899843505473,2023-26
HOLO,2024-12-30,"F día 2: corto apertura, stop máx. día 1 (día 1 cerró fuerte)",-1.0640215770852,2023-26
HOLO,2024-12-31,"G first red day: corto al día siguiente, stop máx. día rojo",0.15030593011322435,2023-26
HOLO,2025-01-27,"F día 2: corto apertura, stop máx. día 1 (día 1 cerró débil)",-0.10494817484114397,2023-26
HOLO,2025-07-11,"F día 2: corto apertura, stop máx. día 1 (día 1 cerró débil)",0.2605651770875275,2023-26
HOOD,2021-08-05,"G first red day: corto al día siguiente, stop máx. día rojo",0.2169286511883587,2020-22
HOUR,2022-03-04,"G first red day: corto al día siguiente, stop máx. día rojo",0.6431179667394934,2020-22
HOUR,2022-03-16,"G first red day: corto al día siguiente, stop máx. día rojo",-1.0606540081381548,2020-22
HOUR,2023-05-02,"F día 2: corto apertura, stop máx. día 1 (día 1 cerró débil)",0.01704114171317598,2023-26
HOUR,2025-09-05,"F día 2: corto apertura, stop máx. día 1 (día 1 cerró débil)",-1.2994379059775552,2023-26
HOUR,2025-09-09,"G first red day: corto al día siguiente, stop máx. día rojo",0.6755573542573914,2023-26
HOVR,2024-06-10,"F día 2: corto apertura, stop máx. día 1 (día 1 cerró débil)",-0.04178528200469755,2023-26
HOVR,2024-11-11,"F día 2: corto apertura, stop máx. día 1 (día 1 cerró fuerte)",-0.6194493676899835,2023-26
HOVR,2024-12-30,"G first red day: corto al día siguiente, stop máx. día rojo",0.9823778849027074,2023-26
HOWL,2024-10-23,"G first red day: corto al día siguiente, stop máx. día rojo",0.5369303657103297,2023-26
HOWL,2026-08-21,"F día 2: corto apertura, stop máx. día 1 (día 1 cerró débil)",-0.1877828335718671,2023-26
HRTX,2015-06-02,"G first red day: corto al día siguiente, stop máx. día rojo",-1.2192659748091474,2015-19
HRTX,2024-12-04,"F día 2: corto apertura, stop máx. día 1 (día 1 cerró débil)",-0.42212639336079577,2023-26
HSCS,2023-02-03,"F día 2: corto apertura, stop máx. día 1 (día 1 cerró fuerte)",0.09162875341219287,2023-26
HSCS,2023-11-08,"F día 2: corto apertura, stop máx. día 1 (día 1 cerró débil)",0.08150596038140606,2023-26
HSCS,2026-06-23,"F día 2: corto apertura, stop máx. día 1 (día 1 cerró débil)",0.11693765922425028,2023-26
HSDT,2016-04-26,"G first red day: corto al día siguiente, stop máx. día rojo",0.09821428571428571,2015-19
HSDT,2019-12-19,"F día 2: corto apertura, stop máx. día 1 (día 1 cerró débil)",0.319989224137931,2015-19
HSDT,2020-05-12,"F día 2: corto apertura, stop máx. día 1 (día 1 cerró débil)",0.23080168776371307,2020-22
HSDT,2022-06-01,"F día 2: corto apertura, stop máx. día 1 (día 1 cerró débil)",-0.24417562724014336,2020-22
HSDT,2022-08-03,"F día 2: corto apertura, stop máx. día 1 (día 1 cerró débil)",0.16102136529442418,2020-22
HSDT,2024-12-20,"F día 2: corto apertura, stop máx. día 1 (día 1 cerró débil)",-0.35095057034220534,2023-26
HSDT,2025-01-21,"F día 2: corto apertura, stop máx. día 1 (día 1 cerró débil)",0.026194125159642402,2023-26
HSDT,2025-06-11,"F día 2: corto apertura, stop máx. día 1 (día 1 cerró débil)",0.030233506649588612,2023-26
HSDT,2025-07-21,"F día 2: corto apertura, stop máx. día 1 (día 1 cerró débil)",0.10629026484472225,2023-26
HSDT,2025-09-15,"F día 2: corto apertura, stop máx. día 1 (día 1 cerró débil)",-0.6090351994713897,2023-26
HTCO,2025-11-25,"G first red day: corto al día siguiente, stop máx. día rojo",0.6181540755362479,2023-26
HTCO,2026-05-13,"G first red day: corto al día siguiente, stop máx. día rojo",1.5280873982751484,2023-26
HTCR,2023-04-12,"F día 2: corto apertura, stop máx. día 1 (día 1 cerró débil)",0.08105808557503867,2023-26
HTCR,2023-05-23,"F día 2: corto apertura, stop máx. día 1 (día 1 cerró débil)",-0.006784873721158904,2023-26
HTOO,2023-11-30,"G first red day: corto al día siguiente, stop máx. día rojo",0.6852220213590674,2023-26
HTOO,2024-02-16,"F día 2: corto apertura, stop máx. día 1 (día 1 cerró débil)",-0.1388398194719329,2023-26
HTOO,2025-07-22,"F día 2: corto apertura, stop máx. día 1 (día 1 cerró débil)",0.017930729455440254,2023-26
HTT,2022-07-18,"F día 2: corto apertura, stop máx. día 1 (día 1 cerró débil)",-0.02810143512930423,2020-22
HUBC,2023-12-01,"F día 2: corto apertura, stop máx. día 1 (día 1 cerró débil)",0.03227272727272727,2023-26
HUBC,2024-04-08,"G first red day: corto al día siguiente, stop máx. día rojo",0.32083825265643445,2023-26
HUBC,2024-12-31,"G first red day: corto al día siguiente, stop máx. día rojo",-0.1342042755344418,2023-26
HUBC,2026-04-09,"G first red day: corto al día siguiente, stop máx. día rojo",-0.0865695792880259,2023-26
HUBC,2026-05-29,"F día 2: corto apertura, stop máx. día 1 (día 1 cerró débil)",0.07599011377021951,2023-26
HUBC,2026-06-01,"F día 2: corto apertura, stop máx. día 1 (día 1 cerró fuerte)",-1.0268174866363633,2023-26
HUBC,2026-06-03,"F día 2: corto apertura, stop máx. día 1 (día 1 cerró débil)",0.059691504157079966,2023-26
HUBC,2026-09-15,"F día 2: corto apertura, stop máx. día 1 (día 1 cerró débil)",0.07334019323824974,2023-26
HUDI,2022-11-07,"G first red day: corto al día siguiente, stop máx. día rojo",0.6073946919868406,2020-22
HUHU,2025-07-07,"G first red day: corto al día siguiente, stop máx. día rojo",-0.265545607065952,2023-26
HUIZ,2026-08-20,"F día 2: corto apertura, stop máx. día 1 (día 1 cerró débil)",-0.04698858170624798,2023-26
HUMA,2024-12-20,"F día 2: corto apertura, stop máx. día 1 (día 1 cerró débil)",0.10022938593542588,2023-26
HURA,2016-05-20,"F día 2: corto apertura, stop máx. día 1 (día 1 cerró débil)",-1.1076923076923078,2015-19
HURA,2017-09-20,"F día 2: corto apertura, stop máx. día 1 (día 1 cerró débil)",0.05439724094685688,2015-19
HURA,2022-08-03,"F día 2: corto apertura, stop máx. día 1 (día 1 cerró débil)",0.10476190476190476,2020-22
HURA,2022-10-19,"F día 2: corto apertura, stop máx. día 1 (día 1 cerró débil)",-0.17402148887183427,2020-22
HURA,2024-04-03,"F día 2: corto apertura, stop máx. día 1 (día 1 cerró débil)",0.22722766900981448,2023-26
HURA,2024-06-21,"G first red day: corto al día siguiente, stop máx. día rojo",-0.10761772742782787,2023-26
HURA,2024-12-02,"G first red day: corto al día siguiente, stop máx. día rojo",0.13982826831237183,2023-26
HURA,2026-02-11,"G first red day: corto al día siguiente, stop máx. día rojo",-0.4044310301281685,2023-26
HUT,2021-02-10,"G first red day: corto al día siguiente, stop máx. día rojo",0.36466690736075436,2020-22
HXHX,2025-12-22,"F día 2: corto apertura, stop máx. día 1 (día 1 cerró fuerte)",-0.2666588347450141,2023-26
HYFM,2026-08-03,"F día 2: corto apertura, stop máx. día 1 (día 1 cerró débil)",-0.18745407086549337,2023-26
HYFT,2017-01-03,"F día 2: corto apertura, stop máx. día 1 (día 1 cerró débil)",-0.27533009308487233,2015-19
HYFT,2020-02-21,"F día 2: corto apertura, stop máx. día 1 (día 1 cerró fuerte)",-0.3135740469486619,2020-22
HYLN,2020-06-19,"F día 2: corto apertura, stop máx. día 1 (día 1 cerró débil)",-1.2197803372477138,2020-22
HYLN,2020-06-23,"G first red day: corto al día siguiente, stop máx. día rojo",0.3751008070308926,2020-22
HYLN,2020-06-30,"G first red day: corto al día siguiente, stop máx. día rojo",0.10262418979105445,2020-22
HYMC,2022-03-08,"F día 2: corto apertura, stop máx. día 1 (día 1 cerró débil)",0.30411503525646955,2020-22
HYMC,2022-03-15,"F día 2: corto apertura, stop máx. día 1 (día 1 cerró débil)",0.17232350669045787,2020-22
HYPD,2019-01-30,"F día 2: corto apertura, stop máx. día 1 (día 1 cerró débil)",-0.3306049598274691,2015-19
HYPD,2020-08-11,"F día 2: corto apertura, stop máx. día 1 (día 1 cerró débil)",-0.20615348952471066,2020-22
HYPD,2024-12-31,"F día 2: corto apertura, stop máx. día 1 (día 1 cerró débil)",0.24936403157116033,2023-26
HYPD,2025-01-02,"G first red day: corto al día siguiente, stop máx. día rojo",-0.13775058998272596,2023-26
HYPD,2025-05-20,"F día 2: corto apertura, stop máx. día 1 (día 1 cerró débil)",0.7077240444364304,2023-26
HYPD,2025-06-18,"G first red day: corto al día siguiente, stop máx. día rojo",0.1519031396261542,2023-26
IBG,2025-03-24,"G first red day: corto al día siguiente, stop máx. día rojo",1.007351067103559,2023-26
IBG,2025-04-02,"F día 2: corto apertura, stop máx. día 1 (día 1 cerró débil)",-0.2340979339515211,2023-26
IBG,2025-07-16,"G first red day: corto al día siguiente, stop máx. día rojo",0.5057432432432434,2023-26
IBG,2025-09-23,"F día 2: corto apertura, stop máx. día 1 (día 1 cerró débil)",0.02488934583230081,2023-26
IBIO,2019-08-20,"F día 2: corto apertura, stop máx. día 1 (día 1 cerró débil)",0.36552511415525113,2015-19
IBIO,2020-02-04,"F día 2: corto apertura, stop máx. día 1 (día 1 cerró débil)",0.3527607361963191,2020-22
IBIO,2020-02-28,"F día 2: corto apertura, stop máx. día 1 (día 1 cerró fuerte)",2.3342391304347827,2020-22
IBIO,2020-03-02,"G first red day: corto al día siguiente, stop máx. día rojo",0.18072289156626506,2020-22
IBIO,2020-04-28,"F día 2: corto apertura, stop máx. día 1 (día 1 cerró débil)",0.22260273972602734,2020-22
IBIO,2020-06-26,"F día 2: corto apertura, stop máx. día 1 (día 1 cerró débil)",0.6768530559167742,2020-22
IBIO,2023-02-17,"F día 2: corto apertura, stop máx. día 1 (día 1 cerró débil)",-1.0298156147522564,2023-26
IBIO,2024-04-01,"G first red day: corto al día siguiente, stop máx. día rojo",0.029684058630379984,2023-26
IBIO,2025-10-23,"G first red day: corto al día siguiente, stop máx. día rojo",0.07564714701184527,2023-26
IBIO,2025-12-08,"F día 2: corto apertura, stop máx. día 1 (día 1 cerró débil)",-1.0572916752181638,2023-26
IBIO,2025-12-11,"G first red day: corto al día siguiente, stop máx. día rojo",0.6356903386595242,2023-26
IBO,2025-03-12,"F día 2: corto apertura, stop máx. día 1 (día 1 cerró débil)",0.03876466875965473,2023-26
IBO,2025-03-21,"F día 2: corto apertura, stop máx. día 1 (día 1 cerró fuerte)",0.07825300947191247,2023-26
IBO,2025-03-24,"G first red day: corto al día siguiente, stop máx. día rojo",0.266666473065022,2023-26
IBO,2025-04-01,"F día 2: corto apertura, stop máx. día 1 (día 1 cerró débil)",0.03964365574080553,2023-26
IBO,2025-04-04,"F día 2: corto apertura, stop máx. día 1 (día 1 cerró fuerte)",-0.2267602100741808,2023-26
IBO,2025-06-23,"F día 2: corto apertura, stop máx. día 1 (día 1 cerró fuerte)",0.3244470122621608,2023-26
IBO,2026-03-05,"F día 2: corto apertura, stop máx. día 1 (día 1 cerró débil)",-0.41633278295210074,2023-26
ICCM,2022-12-20,"F día 2: corto apertura, stop máx. día 1 (día 1 cerró débil)",0.1004623201224467,2020-22
ICCM,2023-10-02,"F día 2: corto apertura, stop máx. día 1 (día 1 cerró débil)",-0.20615860483636614,2023-26
ICCM,2023-11-28,"F día 2: corto apertura, stop máx. día 1 (día 1 cerró fuerte)",0.43550793019117867,2023-26
ICCM,2026-06-17,"F día 2: corto apertura, stop máx. día 1 (día 1 cerró débil)",0.32442257144289405,2023-26
ICMB,2020-03-23,"G first red day: corto al día siguiente, stop máx. día rojo",-1.093625356130125,2020-22
ICON,2025-06-13,"F día 2: corto apertura, stop máx. día 1 (día 1 cerró débil)",0.0817572198956669,2023-26
ICU,2022-11-21,"F día 2: corto apertura, stop máx. día 1 (día 1 cerró débil)",-0.36572222222222217,2020-22
ICU,2023-09-29,"F día 2: corto apertura, stop máx. día 1 (día 1 cerró débil)",-1.0813432835820898,2023-26
IDAI,2021-08-25,"F día 2: corto apertura, stop máx. día 1 (día 1 cerró débil)",-0.028740198520066054,2020-22
IDAI,2021-10-13,"G first red day: corto al día siguiente, stop máx. día rojo",-0.26078717524319134,2020-22
IDAI,2022-04-28,"F día 2: corto apertura, stop máx. día 1 (día 1 cerró débil)",-0.024235177946991655,2020-22
IDAI,2023-04-14,"G first red day: corto al día siguiente, stop máx. día rojo",-0.14100444916216856,2023-26
IDAI,2024-08-07,"F día 2: corto apertura, stop máx. día 1 (día 1 cerró débil)",-0.25193692770642345,2023-26
IDAI,2024-11-27,"F día 2: corto apertura, stop máx. día 1 (día 1 cerró fuerte)",-0.2366331688200049,2023-26
IDAI,2024-12-27,"F día 2: corto apertura, stop máx. día 1 (día 1 cerró débil)",-1.0458015326221026,2023-26
IDAI,2024-12-31,"G first red day: corto al día siguiente, stop máx. día rojo",-1.0615079636333928,2023-26
IDAI,2025-01-06,"F día 2: corto apertura, stop máx. día 1 (día 1 cerró fuerte)",0.14861730373183937,2023-26
IDN,2024-03-26,"G first red day: corto al día siguiente, stop máx. día rojo",-0.1105093707428889,2023-26
IDR,2015-06-26,"F día 2: corto apertura, stop máx. día 1 (día 1 cerró débil)",0.5258241710248123,2015-19
IDYA,2020-06-16,"F día 2: corto apertura, stop máx. día 1 (día 1 cerró débil)",-1.0508690670299328,2020-22
IDYA,2020-06-18,"G first red day: corto al día siguiente, stop máx. día rojo",-0.3321338955010628,2020-22
IFBD,2023-08-31,"F día 2: corto apertura, stop máx. día 1 (día 1 cerró débil)",0.11063029718148322,2023-26
IFBD,2024-02-27,"F día 2: corto apertura, stop máx. día 1 (día 1 cerró débil)",0.014318349610922583,2023-26
IFBD,2024-12-02,"G first red day: corto al día siguiente, stop máx. día rojo",0.4306824803924485,2023-26
IFRX,2020-04-01,"F día 2: corto apertura, stop máx. día 1 (día 1 cerró débil)",0.24885603849028798,2020-22
IFRX,2022-06-29,"G first red day: corto al día siguiente, stop máx. día rojo",-0.4687785657364226,2020-22
IFRX,2023-04-06,"G first red day: corto al día siguiente, stop máx. día rojo",2.794595001343874,2023-26
IGC,2017-12-26,"F día 2: corto apertura, stop máx. día 1 (día 1 cerró débil)",0.636339181970059,2015-19
IGC,2018-08-27,"F día 2: corto apertura, stop máx. día 1 (día 1 cerró fuerte)",-0.19053130966642082,2015-19
IGC,2018-10-03,"G first red day: corto al día siguiente, stop máx. día rojo",0.13014320453371586,2015-19
IGC,2019-06-14,"F día 2: corto apertura, stop máx. día 1 (día 1 cerró débil)",-0.006778599454026024,2015-19
IGC,2020-12-01,"G first red day: corto al día siguiente, stop máx. día rojo",-1.0546478977441758,2020-22
IGC,2021-07-22,"F día 2: corto apertura, stop máx. día 1 (día 1 cerró débil)",0.19152323214069303,2020-22
IGR,2026-09-09,"F día 2: corto apertura, stop máx. día 1 (día 1 cerró débil)",0.14091895986491143,2023-26
IH,2020-10-14,"G first red day: corto al día siguiente, stop máx. día rojo",0.4095902865178622,2020-22
IHT,2018-08-02,"F día 2: corto apertura, stop máx. día 1 (día 1 cerró débil)",0.04992392904995447,2015-19
IHT,2025-09-15,"F día 2: corto apertura, stop máx. día 1 (día 1 cerró fuerte)",0.8366521574745571,2023-26
IKT,2024-01-25,"G first red day: corto al día siguiente, stop máx. día rojo",-0.20717031773699027,2023-26
ILAG,2022-08-09,"G first red day: corto al día siguiente, stop máx. día rojo",-0.09326097964915314,2020-22
ILAG,2024-02-09,"F día 2: corto apertura, stop máx. día 1 (día 1 cerró débil)",-0.4190090550773424,2023-26
ILLR,2023-04-28,"F día 2: corto apertura, stop máx. día 1 (día 1 cerró débil)",0.03879175562332817,2023-26
ILLR,2024-04-18,"F día 2: corto apertura, stop máx. día 1 (día 1 cerró débil)",1.00938094119882,2023-26
ILLR,2025-09-18,"G first red day: corto al día siguiente, stop máx. día rojo",0.014487193829072985,2023-26
ILLR,2026-01-12,"F día 2: corto apertura, stop máx. día 1 (día 1 cerró débil)",-0.1104356441335743,2023-26
ILLR,2026-01-28,"F día 2: corto apertura, stop máx. día 1 (día 1 cerró débil)",-0.7908547229503529,2023-26
ILLR,2026-01-30,"G first red day: corto al día siguiente, stop máx. día rojo",-0.03735057680266843,2023-26
ILLR,2026-04-16,"G first red day: corto al día siguiente, stop máx. día rojo",-1.0994764514562982,2023-26
ILLR,2026-06-25,"F día 2: corto apertura, stop máx. día 1 (día 1 cerró débil)",-1.1858695154154149,2023-26
ILLR,2026-06-26,"F día 2: corto apertura, stop máx. día 1 (día 1 cerró débil)",-0.07121270548195771,2023-26
IMCC,2024-05-02,"G first red day: corto al día siguiente, stop máx. día rojo",-0.1860613414805184,2023-26
IMCC,2025-06-02,"G first red day: corto al día siguiente, stop máx. día rojo",0.08679793140681934,2023-26
IMCC,2026-09-18,"F día 2: corto apertura, stop máx. día 1 (día 1 cerró débil)",0.011199722319355255,2023-26
IMDX,2019-01-29,"F día 2: corto apertura, stop máx. día 1 (día 1 cerró fuerte)",0.23587498177660338,2015-19
IMDX,2020-12-15,"F día 2: corto apertura, stop máx. día 1 (día 1 cerró débil)",-0.1275229935407612,2020-22
IMMP,2015-05-21,"G first red day: corto al día siguiente, stop máx. día rojo",-0.13573578670926337,2015-19
IMMP,2015-08-14,"F día 2: corto apertura, stop máx. día 1 (día 1 cerró débil)",0.13413443499021702,2015-19
IMMP,2020-07-15,"F día 2: corto apertura, stop máx. día 1 (día 1 cerró débil)",-0.1567525245850073,2020-22
IMMP,2020-12-10,"F día 2: corto apertura, stop máx. día 1 (día 1 cerró débil)",0.23348615599046058,2020-22
IMMP,2026-04-15,"F día 2: corto apertura, stop máx. día 1 (día 1 cerró débil)",-0.08549899823100127,2023-26
IMMX,2022-01-03,"F día 2: corto apertura, stop máx. día 1 (día 1 cerró débil)",0.6543073722319173,2020-22
IMMX,2022-05-20,"F día 2: corto apertura, stop máx. día 1 (día 1 cerró débil)",-0.21666331523468046,2020-22
IMMX,2023-12-18,"G first red day: corto al día siguiente, stop máx. día rojo",-0.04373559673600874,2023-26
IMNM,2021-02-18,"F día 2: corto apertura, stop máx. día 1 (día 1 cerró débil)",0.05925149542879033,2020-22
IMNM,2023-06-29,"F día 2: corto apertura, stop máx. día 1 (día 1 cerró débil)",-0.2279547615112676,2023-26
IMNN,2017-01-17,"F día 2: corto apertura, stop máx. día 1 (día 1 cerró débil)",1.0186500312911264,2015-19
IMNN,2017-06-16,"F día 2: corto apertura, stop máx. día 1 (día 1 cerró fuerte)",0.038640254074024424,2015-19
IMNN,2017-10-12,"G first red day: corto al día siguiente, stop máx. día rojo",0.5577909960986936,2015-19
IMNN,2017-11-21,"F día 2: corto apertura, stop máx. día 1 (día 1 cerró débil)",-0.1539644739939277,2015-19
IMNN,2021-01-21,"F día 2: corto apertura, stop máx. día 1 (día 1 cerró débil)",0.046586006855129244,2020-22
IMNN,2021-01-22,"G first red day: corto al día siguiente, stop máx. día rojo",-1.2959996308923856,2020-22
IMNN,2021-02-11,"F día 2: corto apertura, stop máx. día 1 (día 1 cerró débil)",-0.013399456463357893,2020-22
IMNN,2021-02-22,"F día 2: corto apertura, stop máx. día 1 (día 1 cerró débil)",0.029039632006658024,2020-22
IMNN,2024-07-30,"F día 2: corto apertura, stop máx. día 1 (día 1 cerró fuerte)",0.18198687939151298,2023-26
IMNN,2025-05-23,"F día 2: corto apertura, stop máx. día 1 (día 1 cerró débil)",-1.0154177089182939,2023-26
IMNN,2025-05-28,"G first red day: corto al día siguiente, stop máx. día rojo",-1.0410705920554786,2023-26
IMPP,2022-01-28,"F día 2: corto apertura, stop máx. día 1 (día 1 cerró débil)",0.02409883058552351,2020-22
IMPP,2022-03-08,"G first red day: corto al día siguiente, stop máx. día rojo",-0.11053120584343765,2020-22
IMRN,2018-03-08,"F día 2: corto apertura, stop máx. día 1 (día 1 cerró débil)",0.6637668825905977,2015-19
IMRN,2019-07-16,"F día 2: corto apertura, stop máx. día 1 (día 1 cerró débil)",0.0033379562264131226,2015-19
IMRN,2020-06-09,"F día 2: corto apertura, stop máx. día 1 (día 1 cerró fuerte)",0.16031625326916765,2020-22
IMRN,2020-07-21,"F día 2: corto apertura, stop máx. día 1 (día 1 cerró débil)",0.15143677678805756,2020-22
IMRN,2020-07-22,"G first red day: corto al día siguiente, stop máx. día rojo",-1.1371951490764796,2020-22
IMRN,2022-01-12,"F día 2: corto apertura, stop máx. día 1 (día 1 cerró fuerte)",0.08130066823982975,2020-22
IMRN,2023-05-08,"F día 2: corto apertura, stop máx. día 1 (día 1 cerró débil)",-0.14854031050067307,2023-26
IMRN,2024-03-07,"F día 2: corto apertura, stop máx. día 1 (día 1 cerró fuerte)",-0.12988521528476346,2023-26
IMRN,2026-09-04,"F día 2: corto apertura, stop máx. día 1 (día 1 cerró fuerte)",-0.3498868547280072,2023-26
IMRX,2025-01-07,"F día 2: corto apertura, stop máx. día 1 (día 1 cerró débil)",0.06831803821704584,2023-26
IMTE,2018-05-04,"G first red day: corto al día siguiente, stop máx. día rojo",0.2081590277380524,2015-19
IMTE,2020-06-17,"F día 2: corto apertura, stop máx. día 1 (día 1 cerró débil)",-0.1062976255661145,2020-22
IMTE,2025-03-24,"F día 2: corto apertura, stop máx. día 1 (día 1 cerró fuerte)",-0.49061551195485775,2023-26
IMUX,2018-10-05,"G first red day: corto al día siguiente, stop máx. día rojo",0.176470588235294,2015-19
IMUX,2019-04-09,"G first red day: corto al día siguiente, stop máx. día rojo",0.2096916971752822,2015-19
IMXI,2025-08-11,"F día 2: corto apertura, stop máx. día 1 (día 1 cerró débil)",0.001351997623355244,2023-26
INAB,2023-04-24,"F día 2: corto apertura, stop máx. día 1 (día 1 cerró débil)",0.6226531120122244,2023-26
INBS,2023-01-23,"F día 2: corto apertura, stop máx. día 1 (día 1 cerró débil)",0.25467836257309934,2023-26
INBS,2023-11-09,"F día 2: corto apertura, stop máx. día 1 (día 1 cerró débil)",0.3812656737758145,2023-26
INBS,2024-02-02,"F día 2: corto apertura, stop máx. día 1 (día 1 cerró fuerte)",0.0918728766546608,2023-26
INBS,2024-09-09,"F día 2: corto apertura, stop máx. día 1 (día 1 cerró débil)",-0.044107243193652175,2023-26
INBS,2026-01-12,"G first red day: corto al día siguiente, stop máx. día rojo",-0.18202710434853275,2023-26
INBX,2025-10-24,"F día 2: corto apertura, stop máx. día 1 (día 1 cerró fuerte)",-0.6136006978304438,2023-26
INBX,2026-04-22,"F día 2: corto apertura, stop máx. día 1 (día 1 cerró débil)",-0.06762644214842715,2023-26
INCR,2019-03-18,"F día 2: corto apertura, stop máx. día 1 (día 1 cerró fuerte)",-0.3074592450891592,2015-19
INCR,2020-03-30,"F día 2: corto apertura, stop máx. día 1 (día 1 cerró débil)",-0.12578618917363493,2020-22
INCR,2020-11-19,"F día 2: corto apertura, stop máx. día 1 (día 1 cerró fuerte)",-1.0739074457720688,2020-22
INDO,2020-03-25,"G first red day: corto al día siguiente, stop máx. día rojo",0.6259572149305606,2020-22
INDO,2020-12-30,"F día 2: corto apertura, stop máx. día 1 (día 1 cerró débil)",-0.21077224075387122,2020-22
INDO,2022-02-24,"F día 2: corto apertura, stop máx. día 1 (día 1 cerró débil)",-0.43702975652452036,2020-22
INDO,2022-03-03,"F día 2: corto apertura, stop máx. día 1 (día 1 cerró débil)",-1.0622440500932637,2020-22
INDO,2022-03-08,"G first red day: corto al día siguiente, stop máx. día rojo",-0.07834852710140645,2020-22
INDO,2024-04-16,"G first red day: corto al día siguiente, stop máx. día rojo",0.22448655261613334,2023-26
INDP,2020-03-03,"G first red day: corto al día siguiente, stop máx. día rojo",0.01070353938655929,2020-22
INDP,2020-12-09,"F día 2: corto apertura, stop máx. día 1 (día 1 cerró débil)",-0.13973916942104353,2020-22
INDP,2021-03-15,"F día 2: corto apertura, stop máx. día 1 (día 1 cerró débil)",0.41375424869085436,2020-22
INDP,2021-09-15,"F día 2: corto apertura, stop máx. día 1 (día 1 cerró débil)",0.08848718984501941,2020-22
INDP,2023-04-20,"G first red day: corto al día siguiente, stop máx. día rojo",-0.3028219832920575,2023-26
INDP,2025-06-23,"F día 2: corto apertura, stop máx. día 1 (día 1 cerró débil)",-0.14259066115185404,2023-26
INDP,2025-12-24,"F día 2: corto apertura, stop máx. día 1 (día 1 cerró débil)",0.039151624351880875,2023-26
INEO,2025-03-20,"F día 2: corto apertura, stop máx. día 1 (día 1 cerró débil)",0.03399325266654317,2023-26
INEO,2025-04-28,"F día 2: corto apertura, stop máx. día 1 (día 1 cerró débil)",0.43692022097677774,2023-26
INHD,2026-04-29,"F día 2: corto apertura, stop máx. día 1 (día 1 cerró débil)",-0.07956725952952985,2023-26
INKT,2025-07-11,"F día 2: corto apertura, stop máx. día 1 (día 1 cerró fuerte)",0.02759497836240647,2023-26
INKT,2026-03-10,"F día 2: corto apertura, stop máx. día 1 (día 1 cerró débil)",0.05735493367967423,2023-26
INLF,2025-02-18,"G first red day: corto al día siguiente, stop máx. día rojo",-0.004435744159535338,2023-26
INLF,2026-06-30,"G first red day: corto al día siguiente, stop máx. día rojo",-0.06543910495447086,2023-26
INLF,2026-08-05,"F día 2: corto apertura, stop máx. día 1 (día 1 cerró débil)",-0.0611741011909463,2023-26
INLX,2018-03-13,"F día 2: corto apertura, stop máx. día 1 (día 1 cerró débil)",-0.4227642276422765,2015-19
INLX,2020-02-28,"F día 2: corto apertura, stop máx. día 1 (día 1 cerró fuerte)",-0.6511254019292604,2020-22
INLX,2020-04-23,"F día 2: corto apertura, stop máx. día 1 (día 1 cerró débil)",-1.2733334534257061,2020-22
INLX,2022-09-09,"G first red day: corto al día siguiente, stop máx. día rojo",0.1195465351323239,2020-22
INM,2015-02-23,"G first red day: corto al día siguiente, stop máx. día rojo",-0.04988399071925754,2015-19
INM,2017-01-18,"G first red day: corto al día siguiente, stop máx. día rojo",-0.16058683584456776,2015-19
INM,2018-01-04,"G first red day: corto al día siguiente, stop máx. día rojo",-0.6985976489997937,2015-19
INM,2018-03-07,"G first red day: corto al día siguiente, stop máx. día rojo",-0.3597560975609756,2015-19
INM,2022-09-13,"G first red day: corto al día siguiente, stop máx. día rojo",0.06217303046569853,2020-22
INM,2023-10-24,"F día 2: corto apertura, stop máx. día 1 (día 1 cerró débil)",-0.012594087766937278,2023-26
INM,2024-08-20,"F día 2: corto apertura, stop máx. día 1 (día 1 cerró débil)",-0.011032308132800352,2023-26
INM,2025-06-02,"F día 2: corto apertura, stop máx. día 1 (día 1 cerró débil)",-0.008924132269088681,2023-26
INM,2025-06-24,"F día 2: corto apertura, stop máx. día 1 (día 1 cerró débil)",-0.10361812225697642,2023-26
INM,2026-05-19,"F día 2: corto apertura, stop máx. día 1 (día 1 cerró fuerte)",-0.38988447267320886,2023-26
INMB,2020-07-14,"F día 2: corto apertura, stop máx. día 1 (día 1 cerró débil)",0.18166402195390524,2020-22
INMB,2020-07-15,"G first red day: corto al día siguiente, stop máx. día rojo",-0.07913382570155253,2020-22
INO,2020-03-09,"G first red day: corto al día siguiente, stop máx. día rojo",0.34850007695607305,2020-22
INO,2020-09-17,"G first red day: corto al día siguiente, stop máx. día rojo",-1.0552219605423196,2020-22
INOD,2026-05-08,"F día 2: corto apertura, stop máx. día 1 (día 1 cerró fuerte)",-1.080832787184422,2023-26
INOD,2026-05-12,"G first red day: corto al día siguiente, stop máx. día rojo",0.10210761151114875,2023-26
INSM,2017-09-05,"F día 2: corto apertura, stop máx. día 1 (día 1 cerró fuerte)",-0.883289055347274,2015-19
INSM,2024-05-28,"F día 2: corto apertura, stop máx. día 1 (día 1 cerró fuerte)",-1.0901607487898615,2023-26
INTS,2023-12-08,"F día 2: corto apertura, stop máx. día 1 (día 1 cerró débil)",-0.26988289826787015,2023-26
INTS,2025-06-03,"G first red day: corto al día siguiente, stop máx. día rojo",0.11173619075646644,2023-26
INTS,2025-10-30,"F día 2: corto apertura, stop máx. día 1 (día 1 cerró fuerte)",0.312043585360537,2023-26
INTZ,2016-10-18,"F día 2: corto apertura, stop máx. día 1 (día 1 cerró débil)",-0.009615384615384618,2015-19
INTZ,2024-12-30,"F día 2: corto apertura, stop máx. día 1 (día 1 cerró débil)",0.5002751770786844,2023-26
INTZ,2024-12-31,"G first red day: corto al día siguiente, stop máx. día rojo",0.20579030376195553,2023-26
INUV,2018-11-05,"F día 2: corto apertura, stop máx. día 1 (día 1 cerró fuerte)",1.0415841643803967,2015-19
INUV,2021-01-21,"G first red day: corto al día siguiente, stop máx. día rojo",-1.0986682074461405,2020-22
INUV,2026-03-03,"G first red day: corto al día siguiente, stop máx. día rojo",-5.0193385072065376e-08,2023-26
IOTR,2026-01-22,"F día 2: corto apertura, stop máx. día 1 (día 1 cerró débil)",-0.29169562671837745,2023-26
IOTR,2026-05-29,"F día 2: corto apertura, stop máx. día 1 (día 1 cerró débil)",0.0392833049832642,2023-26
IOTR,2026-06-01,"G first red day: corto al día siguiente, stop máx. día rojo",-1.0428437341682537,2023-26
IOVA,2025-07-24,"G first red day: corto al día siguiente, stop máx. día rojo",0.3650114200068655,2023-26
IPDN,2016-08-15,"F día 2: corto apertura, stop máx. día 1 (día 1 cerró débil)",-0.17468371423385032,2015-19
IPDN,2020-06-24,"F día 2: corto apertura, stop máx. día 1 (día 1 cerró débil)",-1.0108099881579722,2020-22
IPDN,2025-06-30,"F día 2: corto apertura, stop máx. día 1 (día 1 cerró débil)",0.03216004185227738,2023-26
IPDN,2025-08-29,"F día 2: corto apertura, stop máx. día 1 (día 1 cerró débil)",-0.30180129542827194,2023-26
IPDN,2026-09-15,"F día 2: corto apertura, stop máx. día 1 (día 1 cerró fuerte)",0.23863672780882658,2023-26
IPDN,2026-09-23,"F día 2: corto apertura, stop máx. día 1 (día 1 cerró débil)",0.024479494081355403,2023-26
IPI,2016-03-08,"G first red day: corto al día siguiente, stop máx. día rojo",0.9884357566946448,2015-19
IPM,2015-10-15,"G first red day: corto al día siguiente, stop máx. día rojo",-0.039156637852700474,2015-19
IPM,2016-07-27,"F día 2: corto apertura, stop máx. día 1 (día 1 cerró débil)",-0.07500001930055598,2015-19
IPM,2017-02-06,"F día 2: corto apertura, stop máx. día 1 (día 1 cerró débil)",0.056666811382986064,2015-19
IPM,2017-12-12,"G first red day: corto al día siguiente, stop máx. día rojo",-0.21396068151620357,2015-19
IPM,2020-01-13,"F día 2: corto apertura, stop máx. día 1 (día 1 cerró fuerte)",-0.06285715278314223,2020-22
IPM,2021-10-01,"G first red day: corto al día siguiente, stop máx. día rojo",0.31226821527373677,2020-22
IPST,2025-09-23,"G first red day: corto al día siguiente, stop máx. día rojo",0.2240034662045061,2023-26
IPST,2026-04-07,"F día 2: corto apertura, stop máx. día 1 (día 1 cerró fuerte)",-1.0489073836937337,2023-26
IPST,2026-05-18,"G first red day: corto al día siguiente, stop máx. día rojo",0.1626881933350112,2023-26
IPST,2026-08-17,"F día 2: corto apertura, stop máx. día 1 (día 1 cerró débil)",-1.0311716557003676,2023-26
IPST,2026-08-19,"G first red day: corto al día siguiente, stop máx. día rojo",-0.20049635185662856,2023-26
IPW,2023-01-18,"G first red day: corto al día siguiente, stop máx. día rojo",0.10456780176451345,2023-26
IPWR,2019-10-16,"F día 2: corto apertura, stop máx. día 1 (día 1 cerró débil)",0.11372018444999098,2015-19
IPWR,2026-05-28,"G first red day: corto al día siguiente, stop máx. día rojo",0.8438318042882493,2023-26
IQST,2018-08-29,"F día 2: corto apertura, stop máx. día 1 (día 1 cerró débil)",-0.024781920822712657,2015-19
IQST,2019-08-07,"F día 2: corto apertura, stop máx. día 1 (día 1 cerró débil)",-0.01794520392006205,2015-19
IQST,2019-08-15,"F día 2: corto apertura, stop máx. día 1 (día 1 cerró débil)",-0.01794520392006205,2015-19
IQST,2019-12-03,"F día 2: corto apertura, stop máx. día 1 (día 1 cerró débil)",-0.09275616823101548,2015-19
IQST,2019-12-30,"F día 2: corto apertura, stop máx. día 1 (día 1 cerró débil)",0.023738283016568183,2015-19
IQST,2020-01-09,"F día 2: corto apertura, stop máx. día 1 (día 1 cerró débil)",0.06396588710742392,2020-22
IQST,2020-01-21,"G first red day: corto al día siguiente, stop máx. día rojo",-1.081967171573331,2020-22
IQST,2020-02-04,"G first red day: corto al día siguiente, stop máx. día rojo",0.25790328994803974,2020-22
IQST,2020-02-26,"G first red day: corto al día siguiente, stop máx. día rojo",0.4848733347140556,2020-22
IQST,2020-03-19,"G first red day: corto al día siguiente, stop máx. día rojo",0.44727467177514446,2020-22
IQST,2020-04-01,"F día 2: corto apertura, stop máx. día 1 (día 1 cerró débil)",-1.0363636491384922,2020-22
IQST,2020-04-14,"F día 2: corto apertura, stop máx. día 1 (día 1 cerró débil)",1.5743806350874998,2020-22
IQST,2025-05-14,"F día 2: corto apertura, stop máx. día 1 (día 1 cerró débil)",-0.05331892773041222,2023-26
IRD,2019-04-16,"F día 2: corto apertura, stop máx. día 1 (día 1 cerró débil)",0.008777129802886873,2015-19
IRD,2025-06-02,"F día 2: corto apertura, stop máx. día 1 (día 1 cerró débil)",0.026308685594152375,2023-26
ISOU,2017-12-26,"F día 2: corto apertura, stop máx. día 1 (día 1 cerró débil)",-0.05273834000893979,2015-19
ISPC,2021-11-23,"F día 2: corto apertura, stop máx. día 1 (día 1 cerró débil)",-0.062067833698030636,2020-22
ISPC,2021-11-26,"F día 2: corto apertura, stop máx. día 1 (día 1 cerró débil)",-1.0129312701623927,2020-22
ISPC,2024-10-21,"F día 2: corto apertura, stop máx. día 1 (día 1 cerró débil)",0.7394222067336897,2023-26
ISPC,2026-03-13,"F día 2: corto apertura, stop máx. día 1 (día 1 cerró débil)",0.6794536747047294,2023-26
ISPC,2026-04-10,"F día 2: corto apertura, stop máx. día 1 (día 1 cerró débil)",0.05757656457489974,2023-26
ITOC,2026-03-25,"F día 2: corto apertura, stop máx. día 1 (día 1 cerró débil)",-0.15713380280499709,2023-26
ITP,2024-12-31,"F día 2: corto apertura, stop máx. día 1 (día 1 cerró débil)",-0.33987962160330976,2023-26
ITRG,2023-05-26,"F día 2: corto apertura, stop máx. día 1 (día 1 cerró fuerte)",-0.0176631841010206,2023-26
IVDA,2016-05-09,"F día 2: corto apertura, stop máx. día 1 (día 1 cerró débil)",-0.013255566825517356,2015-19
IVDA,2018-03-16,"F día 2: corto apertura, stop máx. día 1 (día 1 cerró débil)",-0.014285712993266716,2015-19
IVDA,2018-06-13,"F día 2: corto apertura, stop máx. día 1 (día 1 cerró débil)",-0.04464286623038142,2015-19
IVDA,2018-09-26,"F día 2: corto apertura, stop máx. día 1 (día 1 cerró débil)",-0.027777777777777783,2015-19
IVDA,2018-11-09,"F día 2: corto apertura, stop máx. día 1 (día 1 cerró débil)",-0.018867924528301886,2015-19
IVDA,2019-03-07,"F día 2: corto apertura, stop máx. día 1 (día 1 cerró débil)",-0.007722006872334394,2015-19
IVDA,2019-09-18,"F día 2: corto apertura, stop máx. día 1 (día 1 cerró fuerte)",-1.1644737894681032,2015-19
IVDA,2019-10-02,"F día 2: corto apertura, stop máx. día 1 (día 1 cerró fuerte)",-0.21978033908314326,2015-19
IVDA,2021-06-02,"F día 2: corto apertura, stop máx. día 1 (día 1 cerró fuerte)",-0.07734806397863556,2020-22
IVDA,2023-02-08,"G first red day: corto al día siguiente, stop máx. día rojo",1.701622938302316,2023-26
IVDA,2024-12-24,"G first red day: corto al día siguiente, stop máx. día rojo",-1.035730544733633,2023-26
IVDA,2024-12-31,"G first red day: corto al día siguiente, stop máx. día rojo",0.00665260691211767,2023-26
IVDA,2025-11-21,"F día 2: corto apertura, stop máx. día 1 (día 1 cerró débil)",0.0035076235452578,2023-26
IVDA,2026-08-14,"G first red day: corto al día siguiente, stop máx. día rojo",0.2981727277882147,2023-26
IVF,2021-03-09,"F día 2: corto apertura, stop máx. día 1 (día 1 cerró fuerte)",0.16098922247882988,2020-22
IVF,2023-06-26,"F día 2: corto apertura, stop máx. día 1 (día 1 cerró débil)",0.15500721481646648,2023-26
IVF,2023-10-23,"F día 2: corto apertura, stop máx. día 1 (día 1 cerró débil)",0.15307732657440512,2023-26
IVF,2023-11-10,"F día 2: corto apertura, stop máx. día 1 (día 1 cerró débil)",-0.3742472718873657,2023-26
IVF,2023-11-15,"G first red day: corto al día siguiente, stop máx. día rojo",-0.24343719826300259,2023-26
IVF,2024-04-17,"F día 2: corto apertura, stop máx. día 1 (día 1 cerró débil)",0.027323250042034453,2023-26
IVF,2026-01-20,"F día 2: corto apertura, stop máx. día 1 (día 1 cerró débil)",0.022892750618122525,2023-26
IVF,2026-01-27,"F día 2: corto apertura, stop máx. día 1 (día 1 cerró débil)",0.08591854606815245,2023-26
IVF,2026-08-17,"F día 2: corto apertura, stop máx. día 1 (día 1 cerró débil)",0.08827160111588872,2023-26
IVT,2021-09-14,"F día 2: corto apertura, stop máx. día 1 (día 1 cerró débil)",-0.0010564784642280395,2020-22
IVVD,2025-08-26,"F día 2: corto apertura, stop máx. día 1 (día 1 cerró fuerte)",1.043178337102498,2023-26
IVVD,2025-11-18,"G first red day: corto al día siguiente, stop máx. día rojo",-1.2267858306060644,2023-26
IXHL,2022-03-15,"F día 2: corto apertura, stop máx. día 1 (día 1 cerró débil)",0.1553491827637444,2020-22
IXHL,2022-03-16,"G first red day: corto al día siguiente, stop máx. día rojo",0.06660990181457077,2020-22
IXHL,2023-12-06,"G first red day: corto al día siguiente, stop máx. día rojo",0.4691041194404468,2023-26
IXHL,2024-02-28,"F día 2: corto apertura, stop máx. día 1 (día 1 cerró débil)",-0.0434624125043833,2023-26
IXHL,2025-05-14,"F día 2: corto apertura, stop máx. día 1 (día 1 cerró fuerte)",-1.034353958750448,2023-26
IXHL,2025-08-26,"G first red day: corto al día siguiente, stop máx. día rojo",0.016086912488221864,2023-26
IZEA,2017-09-27,"G first red day: corto al día siguiente, stop máx. día rojo",-0.17201318218359263,2015-19
IZEA,2017-11-08,"F día 2: corto apertura, stop máx. día 1 (día 1 cerró débil)",0.01835290148114606,2015-19
IZEA,2018-07-12,"F día 2: corto apertura, stop máx. día 1 (día 1 cerró fuerte)",0.4490240392384227,2015-19
IZEA,2018-08-17,"F día 2: corto apertura, stop máx. día 1 (día 1 cerró débil)",0.019366548029917906,2015-19
IZEA,2020-03-31,"F día 2: corto apertura, stop máx. día 1 (día 1 cerró débil)",0.14392324234894685,2020-22
IZEA,2020-06-09,"F día 2: corto apertura, stop máx. día 1 (día 1 cerró débil)",-0.38959305030545033,2020-22
IZM,2026-09-15,"F día 2: corto apertura, stop máx. día 1 (día 1 cerró fuerte)",0.03564246265806357,2023-26
JAGX,2015-10-30,"G first red day: corto al día siguiente, stop máx. día rojo",0.019773095623987033,2015-19
JAGX,2016-01-14,"G first red day: corto al día siguiente, stop máx. día rojo",0.12360890337226196,2015-19
JAGX,2016-06-09,"F día 2: corto apertura, stop máx. día 1 (día 1 cerró débil)",0.20880060858221847,2015-19
JAGX,2017-01-31,"F día 2: corto apertura, stop máx. día 1 (día 1 cerró débil)",0.34706447733317103,2015-19
JAGX,2017-02-09,"F día 2: corto apertura, stop máx. día 1 (día 1 cerró débil)",0.36150871405411256,2015-19
JAGX,2018-09-25,"F día 2: corto apertura, stop máx. día 1 (día 1 cerró débil)",0.2725001160321738,2015-19
JAGX,2019-06-11,"F día 2: corto apertura, stop máx. día 1 (día 1 cerró débil)",0.25490716110026823,2015-19
JAGX,2020-12-01,"F día 2: corto apertura, stop máx. día 1 (día 1 cerró débil)",-0.07511605079225973,2020-22
JAGX,2020-12-23,"F día 2: corto apertura, stop máx. día 1 (día 1 cerró fuerte)",0.14928265628631118,2020-22
JAGX,2021-01-11,"G first red day: corto al día siguiente, stop máx. día rojo",-0.1729600858324681,2020-22
JAGX,2023-10-12,"F día 2: corto apertura, stop máx. día 1 (día 1 cerró débil)",-0.04470827080942713,2023-26
JAGX,2024-03-04,"F día 2: corto apertura, stop máx. día 1 (día 1 cerró fuerte)",-0.03129657228017884,2023-26
JAGX,2024-04-17,"G first red day: corto al día siguiente, stop máx. día rojo",-0.4978317432784042,2023-26
JANX,2024-12-03,"F día 2: corto apertura, stop máx. día 1 (día 1 cerró débil)",-0.5865876989722018,2023-26
JBDI,2024-09-10,"G first red day: corto al día siguiente, stop máx. día rojo",-0.4907893274994322,2023-26
JBDI,2025-05-12,"G first red day: corto al día siguiente, stop máx. día rojo",1.107472998363214,2023-26
JBDI,2025-09-10,"F día 2: corto apertura, stop máx. día 1 (día 1 cerró fuerte)",-0.0936508086503192,2023-26
JBDI,2026-02-04,"G first red day: corto al día siguiente, stop máx. día rojo",-1.1927709593138953,2023-26
JBLU,2020-03-26,"G first red day: corto al día siguiente, stop máx. día rojo",0.29675944993769565,2020-22
JCSE,2024-07-22,"G first red day: corto al día siguiente, stop máx. día rojo",0.5818103502551092,2023-26
JCSE,2024-12-02,"F día 2: corto apertura, stop máx. día 1 (día 1 cerró fuerte)",-0.219461008917548,2023-26
JCSE,2025-04-07,"F día 2: corto apertura, stop máx. día 1 (día 1 cerró débil)",0.05317328987003113,2023-26
JDZG,2024-09-13,"G first red day: corto al día siguiente, stop máx. día rojo",0.38390894819466254,2023-26
JDZG,2024-10-16,"G first red day: corto al día siguiente, stop máx. día rojo",-1.0343561746987953,2023-26
JDZG,2024-10-18,"F día 2: corto apertura, stop máx. día 1 (día 1 cerró débil)",0.13008209538702106,2023-26
JDZG,2024-10-21,"G first red day: corto al día siguiente, stop máx. día rojo",0.586448598130841,2023-26
JDZG,2026-02-17,"G first red day: corto al día siguiente, stop máx. día rojo",0.5469461772812999,2023-26
JEM,2025-09-03,"F día 2: corto apertura, stop máx. día 1 (día 1 cerró débil)",0.04843268393283246,2023-26
JEM,2025-09-09,"F día 2: corto apertura, stop máx. día 1 (día 1 cerró débil)",-0.027140047829778493,2023-26
JEM,2026-07-01,"F día 2: corto apertura, stop máx. día 1 (día 1 cerró débil)",0.14998618476939773,2023-26
JF,2019-12-27,"F día 2: corto apertura, stop máx. día 1 (día 1 cerró débil)",0.1468579104867295,2015-19
JFIN,2020-03-25,"G first red day: corto al día siguiente, stop máx. día rojo",0.07527588322993513,2020-22
JFIN,2020-06-10,"F día 2: corto apertura, stop máx. día 1 (día 1 cerró débil)",0.1051867180345464,2020-22
JFIN,2020-06-11,"G first red day: corto al día siguiente, stop máx. día rojo",1.5205670164818352,2020-22
JFIN,2020-06-12,"F día 2: corto apertura, stop máx. día 1 (día 1 cerró débil)",-1.047169808824382,2020-22
JFIN,2021-03-19,"G first red day: corto al día siguiente, stop máx. día rojo",-1.049423795327552,2020-22
JFU,2020-10-22,"G first red day: corto al día siguiente, stop máx. día rojo",-0.0562525368281215,2020-22
JFU,2025-12-12,"G first red day: corto al día siguiente, stop máx. día rojo",0.3246303563503949,2023-26
JG,2020-12-22,"F día 2: corto apertura, stop máx. día 1 (día 1 cerró débil)",0.4146680943381333,2020-22
JG,2021-02-05,"F día 2: corto apertura, stop máx. día 1 (día 1 cerró débil)",-0.01585453194156344,2020-22
JG,2023-10-17,"F día 2: corto apertura, stop máx. día 1 (día 1 cerró débil)",0.1033253090658166,2023-26
JG,2025-01-27,"F día 2: corto apertura, stop máx. día 1 (día 1 cerró débil)",0.5582813589274134,2023-26
JILL,2020-06-16,"F día 2: corto apertura, stop máx. día 1 (día 1 cerró débil)",0.09380481205736742,2020-22
JILL,2020-07-16,"F día 2: corto apertura, stop máx. día 1 (día 1 cerró débil)",0.03897979757419367,2020-22
JILL,2020-09-01,"F día 2: corto apertura, stop máx. día 1 (día 1 cerró débil)",-0.18842874941775895,2020-22
JILL,2020-09-14,"F día 2: corto apertura, stop máx. día 1 (día 1 cerró débil)",0.02234325483025475,2020-22
JILL,2020-10-13,"F día 2: corto apertura, stop máx. día 1 (día 1 cerró débil)",0.13433913526863886,2020-22
JL,2024-02-29,"F día 2: corto apertura, stop máx. día 1 (día 1 cerró débil)",-0.005207055352830261,2023-26
JL,2024-12-10,"F día 2: corto apertura, stop máx. día 1 (día 1 cerró débil)",0.05570484159584505,2023-26
JMIA,2019-04-17,"G first red day: corto al día siguiente, stop máx. día rojo",0.2075637874774443,2015-19
JMIA,2020-08-04,"G first red day: corto al día siguiente, stop máx. día rojo",-0.13947308642572923,2020-22
JOB,2020-03-20,"G first red day: corto al día siguiente, stop máx. día rojo",0.7428572438201223,2020-22
JOB,2020-07-02,"F día 2: corto apertura, stop máx. día 1 (día 1 cerró débil)",-0.1878466312215838,2020-22
JRSH,2026-06-15,"F día 2: corto apertura, stop máx. día 1 (día 1 cerró débil)",-0.15408342560966673,2023-26
JSPR,2023-01-03,"F día 2: corto apertura, stop máx. día 1 (día 1 cerró fuerte)",0.28038921383642973,2023-26
JTAI,2024-03-15,"F día 2: corto apertura, stop máx. día 1 (día 1 cerró débil)",0.21576079666626963,2023-26
JTAI,2024-12-24,"F día 2: corto apertura, stop máx. día 1 (día 1 cerró débil)",-0.14709884211466936,2023-26
JTAI,2025-02-14,"F día 2: corto apertura, stop máx. día 1 (día 1 cerró débil)",0.2008465398805856,2023-26
JTAI,2026-07-15,"F día 2: corto apertura, stop máx. día 1 (día 1 cerró débil)",0.2742405660517646,2023-26
JUNS,2024-12-13,"G first red day: corto al día siguiente, stop máx. día rojo",0.3858080790236437,2023-26
JUNS,2026-05-20,"F día 2: corto apertura, stop máx. día 1 (día 1 cerró débil)",-0.13940763094824868,2023-26
JUNS,2026-08-21,"F día 2: corto apertura, stop máx. día 1 (día 1 cerró débil)",-0.011517103626144111,2023-26
JWEL,2021-11-19,"G first red day: corto al día siguiente, stop máx. día rojo",0.19760186038068187,2020-22
JWEL,2024-10-02,"G first red day: corto al día siguiente, stop máx. día rojo",0.2675735666841776,2023-26
JWEL,2026-08-10,"F día 2: corto apertura, stop máx. día 1 (día 1 cerró débil)",-0.34543132330195625,2023-26
JXG,2015-04-14,"G first red day: corto al día siguiente, stop máx. día rojo",-0.012606577344701584,2015-19
JXG,2015-04-27,"F día 2: corto apertura, stop máx. día 1 (día 1 cerró débil)",-0.012913864037092665,2015-19
JXG,2016-04-20,"F día 2: corto apertura, stop máx. día 1 (día 1 cerró débil)",-0.06142506142506139,2015-19
JXG,2016-06-23,"G first red day: corto al día siguiente, stop máx. día rojo",0.14475138121546963,2015-19
JXG,2017-02-13,"G first red day: corto al día siguiente, stop máx. día rojo",0.13307007786429365,2015-19
JXG,2017-11-09,"F día 2: corto apertura, stop máx. día 1 (día 1 cerró débil)",-0.045642689338852224,2015-19
JXG,2018-08-09,"F día 2: corto apertura, stop máx. día 1 (día 1 cerró débil)",15.186345381526142,2015-19
JXG,2018-08-10,"F día 2: corto apertura, stop máx. día 1 (día 1 cerró débil)",0.029871552325002493,2015-19
JXG,2020-06-12,"F día 2: corto apertura, stop máx. día 1 (día 1 cerró débil)",-0.0739588319770225,2020-22
JXG,2024-02-15,"F día 2: corto apertura, stop máx. día 1 (día 1 cerró débil)",0.013676245730100756,2023-26
JXG,2025-01-08,"F día 2: corto apertura, stop máx. día 1 (día 1 cerró débil)",0.07034408832261319,2023-26
JYD,2024-12-09,"G first red day: corto al día siguiente, stop máx. día rojo",-0.5420841683366732,2023-26
JYD,2025-04-23,"F día 2: corto apertura, stop máx. día 1 (día 1 cerró fuerte)",-0.15408861319206882,2023-26
JYD,2025-05-12,"F día 2: corto apertura, stop máx. día 1 (día 1 cerró fuerte)",0.3560849722170169,2023-26
JZ,2025-05-08,"F día 2: corto apertura, stop máx. día 1 (día 1 cerró débil)",0.07121784624415077,2023-26
JZ,2026-08-20,"F día 2: corto apertura, stop máx. día 1 (día 1 cerró débil)",0.017390223403249007,2023-26
JZXN,2022-12-13,"F día 2: corto apertura, stop máx. día 1 (día 1 cerró débil)",0.05611794877238725,2020-22
JZXN,2023-07-13,"F día 2: corto apertura, stop máx. día 1 (día 1 cerró débil)",0.23174155076665423,2023-26
JZXN,2026-06-09,"F día 2: corto apertura, stop máx. día 1 (día 1 cerró débil)",-0.09686533043307102,2023-26
KALA,2022-12-28,"F día 2: corto apertura, stop máx. día 1 (día 1 cerró fuerte)",-1.0949046834549305,2020-22
KALA,2023-01-03,"G first red day: corto al día siguiente, stop máx. día rojo",-1.0380977825273845,2023-26
KALA,2023-03-07,"G first red day: corto al día siguiente, stop máx. día rojo",-1.0524235731721494,2023-26
KALA,2026-03-11,"F día 2: corto apertura, stop máx. día 1 (día 1 cerró débil)",0.18709499120197334,2023-26
KAPA,2025-07-15,"F día 2: corto apertura, stop máx. día 1 (día 1 cerró débil)",-0.039038719156488995,2023-26
KBH,2020-03-26,"G first red day: corto al día siguiente, stop máx. día rojo",0.8247127809156137,2020-22
KEEL,2019-11-11,"F día 2: corto apertura, stop máx. día 1 (día 1 cerró débil)",-0.007250502414164803,2015-19
KEEL,2020-12-23,"G first red day: corto al día siguiente, stop máx. día rojo",0.10266666693021764,2020-22
KELYB,2026-02-05,"F día 2: corto apertura, stop máx. día 1 (día 1 cerró débil)",0.09975562772912837,2023-26
KG,2025-04-08,"G first red day: corto al día siguiente, stop máx. día rojo",-1.0735785966778164,2023-26
KGEI,2016-01-29,"G first red day: corto al día siguiente, stop máx. día rojo",-0.07499998311202066,2015-19
KGEI,2021-02-05,"F día 2: corto apertura, stop máx. día 1 (día 1 cerró débil)",-0.018867923175580004,2020-22
KGEI,2022-05-20,"F día 2: corto apertura, stop máx. día 1 (día 1 cerró débil)",-1.0868055628854099,2020-22
KIDZ,2025-05-02,"F día 2: corto apertura, stop máx. día 1 (día 1 cerró débil)",0.380450200431699,2023-26
KIDZ,2025-05-05,"G first red day: corto al día siguiente, stop máx. día rojo",-0.17215141715807494,2023-26
KIDZ,2025-06-04,"G first red day: corto al día siguiente, stop máx. día rojo",0.7328979515128735,2023-26
KIDZ,2025-09-11,"G first red day: corto al día siguiente, stop máx. día rojo",0.23250724875540235,2023-26
KIDZ,2026-02-11,"F día 2: corto apertura, stop máx. día 1 (día 1 cerró débil)",-0.03933124849651191,2023-26
KIDZ,2026-03-31,"F día 2: corto apertura, stop máx. día 1 (día 1 cerró débil)",-0.25259024064171126,2023-26
KIDZ,2026-07-06,"F día 2: corto apertura, stop máx. día 1 (día 1 cerró débil)",0.08482543846185082,2023-26
KIDZ,2026-07-21,"F día 2: corto apertura, stop máx. día 1 (día 1 cerró débil)",-0.09099477557076864,2023-26
KITT,2022-10-05,"F día 2: corto apertura, stop máx. día 1 (día 1 cerró fuerte)",-1.0988956097334626,2020-22
KITT,2024-06-07,"G first red day: corto al día siguiente, stop máx. día rojo",-1.2021027928119346,2023-26
KITT,2024-06-11,"F día 2: corto apertura, stop máx. día 1 (día 1 cerró débil)",0.10197788118527049,2023-26
KITT,2025-01-06,"F día 2: corto apertura, stop máx. día 1 (día 1 cerró débil)",0.06985854471409671,2023-26
KITT,2025-01-07,"G first red day: corto al día siguiente, stop máx. día rojo",0.9066929888155295,2023-26
KITT,2025-10-27,"F día 2: corto apertura, stop máx. día 1 (día 1 cerró débil)",0.04507203479586269,2023-26
KLXE,2021-08-25,"G first red day: corto al día siguiente, stop máx. día rojo",0.1303186692680447,2020-22
KNDI,2020-07-30,"F día 2: corto apertura, stop máx. día 1 (día 1 cerró débil)",0.059961462056636494,2020-22
KNTK,2020-11-05,"F día 2: corto apertura, stop máx. día 1 (día 1 cerró fuerte)",-0.25449352797396607,2020-22
KODK,2018-01-10,"F día 2: corto apertura, stop máx. día 1 (día 1 cerró débil)",0.3128251035415903,2015-19
KODK,2018-01-11,"G first red day: corto al día siguiente, stop máx. día rojo",-0.506371419016166,2015-19
KODK,2020-07-29,"F día 2: corto apertura, stop máx. día 1 (día 1 cerró débil)",0.755630151682078,2020-22
KODK,2020-07-30,"G first red day: corto al día siguiente, stop máx. día rojo",0.14377020498090398,2020-22
KODK,2020-09-01,"F día 2: corto apertura, stop máx. día 1 (día 1 cerró débil)",0.031593627299983676,2020-22
KODK,2020-09-16,"F día 2: corto apertura, stop máx. día 1 (día 1 cerró débil)",-0.7227798046114904,2020-22
KODK,2020-12-07,"F día 2: corto apertura, stop máx. día 1 (día 1 cerró débil)",1.3862479168412136,2020-22
KOSS,2020-12-29,"F día 2: corto apertura, stop máx. día 1 (día 1 cerró débil)",-0.2799216522852691,2020-22
KOSS,2021-01-28,"G first red day: corto al día siguiente, stop máx. día rojo",0.14230912571248167,2020-22
KOSS,2021-01-29,"F día 2: corto apertura, stop máx. día 1 (día 1 cerró débil)",0.5135976930335597,2020-22
KOSS,2021-02-25,"F día 2: corto apertura, stop máx. día 1 (día 1 cerró débil)",0.13206422715350594,2020-22
KOSS,2024-05-15,"G first red day: corto al día siguiente, stop máx. día rojo",-0.13271228008862013,2023-26
KOSS,2024-07-08,"G first red day: corto al día siguiente, stop máx. día rojo",-1.031332653996426,2023-26
KPRX,2017-02-21,"F día 2: corto apertura, stop máx. día 1 (día 1 cerró fuerte)",1.056831395348837,2015-19
KPRX,2018-04-06,"F día 2: corto apertura, stop máx. día 1 (día 1 cerró débil)",0.2494219783847477,2015-19
KPRX,2019-06-03,"F día 2: corto apertura, stop máx. día 1 (día 1 cerró débil)",0.35604317328364754,2015-19
KPRX,2019-11-22,"F día 2: corto apertura, stop máx. día 1 (día 1 cerró débil)",0.00039280963301307776,2015-19
KPRX,2020-03-31,"F día 2: corto apertura, stop máx. día 1 (día 1 cerró débil)",-0.2754966673714328,2020-22
KPRX,2020-12-21,"F día 2: corto apertura, stop máx. día 1 (día 1 cerró débil)",-0.18134836102811946,2020-22
KPRX,2021-07-27,"F día 2: corto apertura, stop máx. día 1 (día 1 cerró débil)",0.15846919677226778,2020-22
KPRX,2022-08-25,"F día 2: corto apertura, stop máx. día 1 (día 1 cerró débil)",1.1196106383426283,2020-22
KPRX,2023-01-03,"G first red day: corto al día siguiente, stop máx. día rojo",-1.0422916160948028,2023-26
KPRX,2023-02-07,"F día 2: corto apertura, stop máx. día 1 (día 1 cerró débil)",-1.0362921896781758,2023-26
KPRX,2023-02-09,"G first red day: corto al día siguiente, stop máx. día rojo",0.2588163743662644,2023-26
KPTI,2024-02-07,"G first red day: corto al día siguiente, stop máx. día rojo",-0.18375688594912504,2023-26
KRKR,2022-08-02,"F día 2: corto apertura, stop máx. día 1 (día 1 cerró débil)",-0.134996400852009,2020-22
KRKR,2024-06-21,"F día 2: corto apertura, stop máx. día 1 (día 1 cerró débil)",-0.17403182278652243,2023-26
KRSA,2024-11-27,"F día 2: corto apertura, stop máx. día 1 (día 1 cerró fuerte)",-0.32982183553444305,2023-26
KRSA,2024-12-04,"F día 2: corto apertura, stop máx. día 1 (día 1 cerró débil)",-0.14099739022719587,2023-26
KRSA,2025-02-04,"G first red day: corto al día siguiente, stop máx. día rojo",-0.19901906691478374,2023-26
KRSA,2026-01-06,"F día 2: corto apertura, stop máx. día 1 (día 1 cerró débil)",0.29608284146370045,2023-26
KRSA,2026-04-01,"F día 2: corto apertura, stop máx. día 1 (día 1 cerró débil)",-0.33949743655834025,2023-26
KRYS,2018-10-17,"G first red day: corto al día siguiente, stop máx. día rojo",-0.0966094207676717,2015-19
KRYS,2021-11-29,"F día 2: corto apertura, stop máx. día 1 (día 1 cerró débil)",0.3273911876320452,2020-22
KSCP,2022-02-01,"G first red day: corto al día siguiente, stop máx. día rojo",0.47908701089869565,2020-22
KSCP,2023-06-29,"G first red day: corto al día siguiente, stop máx. día rojo",-0.007456832596811194,2023-26
KSS,2025-07-22,"F día 2: corto apertura, stop máx. día 1 (día 1 cerró débil)",0.19954462041665874,2023-26
KTTA,2021-11-23,"F día 2: corto apertura, stop máx. día 1 (día 1 cerró débil)",0.06109836325219893,2020-22
KTTA,2023-12-11,"F día 2: corto apertura, stop máx. día 1 (día 1 cerró débil)",-0.17229961188002713,2023-26
KTTA,2024-09-26,"F día 2: corto apertura, stop máx. día 1 (día 1 cerró débil)",-0.06857154517863147,2023-26
KTTA,2025-02-05,"F día 2: corto apertura, stop máx. día 1 (día 1 cerró débil)",-0.07351868355332063,2023-26
KTTA,2025-04-10,"F día 2: corto apertura, stop máx. día 1 (día 1 cerró débil)",0.1504595921989046,2023-26
KTTA,2025-05-06,"F día 2: corto apertura, stop máx. día 1 (día 1 cerró débil)",0.10827427816697419,2023-26
KTTA,2025-12-01,"G first red day: corto al día siguiente, stop máx. día rojo",-0.1473957441566781,2023-26
KULR,2020-06-23,"G first red day: corto al día siguiente, stop máx. día rojo",0.3122448102312146,2020-22
KULR,2024-12-03,"G first red day: corto al día siguiente, stop máx. día rojo",0.4374139975454362,2023-26
KULR,2024-12-27,"G first red day: corto al día siguiente, stop máx. día rojo",0.2864158941452155,2023-26
KUST,2019-08-29,"G first red day: corto al día siguiente, stop máx. día rojo",0.7161073825503356,2015-19
KUST,2020-02-04,"F día 2: corto apertura, stop máx. día 1 (día 1 cerró débil)",0.03335741811175337,2020-22
KUST,2020-06-01,"F día 2: corto apertura, stop máx. día 1 (día 1 cerró débil)",-0.013798294029101857,2020-22
KUST,2024-08-14,"F día 2: corto apertura, stop máx. día 1 (día 1 cerró débil)",-0.2930291052820697,2023-26
KUST,2024-11-22,"G first red day: corto al día siguiente, stop máx. día rojo",0.16435185185185186,2023-26
KUST,2025-04-02,"F día 2: corto apertura, stop máx. día 1 (día 1 cerró débil)",-0.1996124031007752,2023-26
KUST,2026-01-23,"F día 2: corto apertura, stop máx. día 1 (día 1 cerró débil)",-0.021155793093002504,2023-26
KUST,2026-06-25,"F día 2: corto apertura, stop máx. día 1 (día 1 cerró débil)",0.15579034440109607,2023-26
KWY,2019-01-02,"G first red day: corto al día siguiente, stop máx. día rojo",0.3914305174324314,2015-19
KXIN,2020-10-19,"F día 2: corto apertura, stop máx. día 1 (día 1 cerró fuerte)",0.15519040166927492,2020-22
KXIN,2020-10-20,"G first red day: corto al día siguiente, stop máx. día rojo",-0.13729192894111064,2020-22
KXIN,2020-11-05,"F día 2: corto apertura, stop máx. día 1 (día 1 cerró débil)",0.15947660586835843,2020-22
KXIN,2020-11-24,"G first red day: corto al día siguiente, stop máx. día rojo",-1.0601173020527859,2020-22
KXIN,2024-05-17,"F día 2: corto apertura, stop máx. día 1 (día 1 cerró débil)",-0.013347921225382932,2023-26
KXIN,2024-09-30,"F día 2: corto apertura, stop máx. día 1 (día 1 cerró débil)",0.3131918119787718,2023-26
KXIN,2024-10-02,"F día 2: corto apertura, stop máx. día 1 (día 1 cerró fuerte)",-1.0246971109040075,2023-26
KXIN,2024-10-04,"G first red day: corto al día siguiente, stop máx. día rojo",0.2738671359436867,2023-26
KXIN,2024-11-13,"F día 2: corto apertura, stop máx. día 1 (día 1 cerró débil)",0.45727866904337483,2023-26
KYNB,2017-08-08,"F día 2: corto apertura, stop máx. día 1 (día 1 cerró débil)",1.655844155844153,2015-19
KZIA,2020-08-07,"F día 2: corto apertura, stop máx. día 1 (día 1 cerró débil)",-0.20786783126819688,2020-22
KZIA,2024-07-10,"F día 2: corto apertura, stop máx. día 1 (día 1 cerró débil)",-1.143854748603352,2023-26
KZIA,2024-07-11,"F día 2: corto apertura, stop máx. día 1 (día 1 cerró débil)",0.2941285081240768,2023-26
KZIA,2024-07-12,"G first red day: corto al día siguiente, stop máx. día rojo",0.47749869178440607,2023-26
KZIA,2025-01-30,"F día 2: corto apertura, stop máx. día 1 (día 1 cerró débil)",0.09283999125632432,2023-26
KZIA,2025-06-11,"F día 2: corto apertura, stop máx. día 1 (día 1 cerró débil)",-0.213737500413289,2023-26
LAB,2020-03-25,"G first red day: corto al día siguiente, stop máx. día rojo",-0.5288892909626479,2020-22
LABT,2026-05-01,"F día 2: corto apertura, stop máx. día 1 (día 1 cerró débil)",-0.26793284029796605,2023-26
LABT,2026-07-22,"F día 2: corto apertura, stop máx. día 1 (día 1 cerró débil)",0.1322374211729342,2023-26
LAC,2025-09-26,"G first red day: corto al día siguiente, stop máx. día rojo",0.2355368621085291,2023-26
LAES,2023-12-28,"F día 2: corto apertura, stop máx. día 1 (día 1 cerró débil)",-0.05179133914351431,2023-26
LAES,2024-12-16,"F día 2: corto apertura, stop máx. día 1 (día 1 cerró débil)",-0.11778676948739326,2023-26
LAES,2024-12-18,"G first red day: corto al día siguiente, stop máx. día rojo",0.43462034783877557,2023-26
LASE,2024-04-09,"F día 2: corto apertura, stop máx. día 1 (día 1 cerró débil)",-0.05312612483805648,2023-26
LASE,2025-08-19,"F día 2: corto apertura, stop máx. día 1 (día 1 cerró débil)",0.18314968231690898,2023-26
LASE,2025-08-26,"G first red day: corto al día siguiente, stop máx. día rojo",0.5420485896404417,2023-26
LBGJ,2026-03-18,"F día 2: corto apertura, stop máx. día 1 (día 1 cerró débil)",0.09030054644808742,2023-26
LBGJ,2026-07-31,"F día 2: corto apertura, stop máx. día 1 (día 1 cerró débil)",-0.16290109130307384,2023-26
LBTYB,2020-05-05,"G first red day: corto al día siguiente, stop máx. día rojo",0.37726495970498186,2020-22
LBTYB,2026-02-06,"F día 2: corto apertura, stop máx. día 1 (día 1 cerró débil)",-0.016966928584216407,2023-26
LCFY,2023-06-22,"F día 2: corto apertura, stop máx. día 1 (día 1 cerró débil)",-0.03089383421950454,2023-26
LCFY,2025-06-27,"F día 2: corto apertura, stop máx. día 1 (día 1 cerró débil)",0.10182129625722612,2023-26
LCFY,2026-01-16,"F día 2: corto apertura, stop máx. día 1 (día 1 cerró débil)",0.04701369676617147,2023-26
LCTX,2019-12-24,"F día 2: corto apertura, stop máx. día 1 (día 1 cerró débil)",-0.3012659861747088,2015-19
LEDS,2016-07-07,"F día 2: corto apertura, stop máx. día 1 (día 1 cerró fuerte)",1.1779874304719804,2015-19
LEDS,2018-04-11,"F día 2: corto apertura, stop máx. día 1 (día 1 cerró débil)",0.1350421729905406,2015-19
LEE,2020-01-29,"F día 2: corto apertura, stop máx. día 1 (día 1 cerró débil)",-0.009012160853686599,2020-22
LEU,2016-03-22,"F día 2: corto apertura, stop máx. día 1 (día 1 cerró débil)",-0.27777762562252556,2015-19
LFMD,2015-01-13,"F día 2: corto apertura, stop máx. día 1 (día 1 cerró débil)",-0.018867924528301886,2015-19
LFMD,2017-03-07,"G first red day: corto al día siguiente, stop máx. día rojo",1.361988153434174,2015-19
LFMD,2020-07-13,"G first red day: corto al día siguiente, stop máx. día rojo",-0.3362934971852286,2020-22
LFS,2026-05-22,"F día 2: corto apertura, stop máx. día 1 (día 1 cerró débil)",-0.40630802122751986,2023-26
LFWD,2017-06-27,"G first red day: corto al día siguiente, stop máx. día rojo",0.16023339317773785,2015-19
LFWD,2019-06-05,"F día 2: corto apertura, stop máx. día 1 (día 1 cerró débil)",0.5165364547647601,2015-19
LGCL,2026-06-29,"F día 2: corto apertura, stop máx. día 1 (día 1 cerró débil)",-1.0139296187683284,2023-26
LGCL,2026-07-23,"F día 2: corto apertura, stop máx. día 1 (día 1 cerró fuerte)",-1.1304347826086956,2023-26
LGHL,2020-07-16,"F día 2: corto apertura, stop máx. día 1 (día 1 cerró débil)",-0.028372134750818644,2020-22
LGHL,2021-01-08,"F día 2: corto apertura, stop máx. día 1 (día 1 cerró débil)",-0.2284830695041409,2020-22
LGHL,2023-04-28,"F día 2: corto apertura, stop máx. día 1 (día 1 cerró débil)",0.3548528285370391,2023-26
LGHL,2025-06-18,"F día 2: corto apertura, stop máx. día 1 (día 1 cerró débil)",0.3343614430280549,2023-26
LGHL,2026-07-27,"F día 2: corto apertura, stop máx. día 1 (día 1 cerró débil)",-0.08255310890143636,2023-26
LGPS,2025-07-07,"F día 2: corto apertura, stop máx. día 1 (día 1 cerró débil)",-0.333376997598762,2023-26
LGVN,2021-11-19,"F día 2: corto apertura, stop máx. día 1 (día 1 cerró débil)",-1.0137490134175218,2020-22
LGVN,2021-11-23,"G first red day: corto al día siguiente, stop máx. día rojo",-1.0230076142131979,2020-22
LGVN,2024-04-08,"F día 2: corto apertura, stop máx. día 1 (día 1 cerró débil)",-0.042051863735980015,2023-26
LGVN,2024-04-17,"G first red day: corto al día siguiente, stop máx. día rojo",0.09211907556836355,2023-26
LGVN,2024-07-10,"F día 2: corto apertura, stop máx. día 1 (día 1 cerró débil)",0.16472165503236505,2023-26
LGVN,2024-07-11,"G first red day: corto al día siguiente, stop máx. día rojo",-0.4248206739598706,2023-26
LHAI,2026-07-01,"F día 2: corto apertura, stop máx. día 1 (día 1 cerró fuerte)",-0.006833519536675062,2023-26
LHSW,2026-07-06,"F día 2: corto apertura, stop máx. día 1 (día 1 cerró fuerte)",0.05967405739539365,2023-26
LHSW,2026-09-22,"F día 2: corto apertura, stop máx. día 1 (día 1 cerró débil)",-0.06944182489106546,2023-26
LICN,2024-04-30,"G first red day: corto al día siguiente, stop máx. día rojo",0.08402544488625348,2023-26
LICN,2025-03-03,"F día 2: corto apertura, stop máx. día 1 (día 1 cerró débil)",-0.1981959463328848,2023-26
LICN,2025-05-13,"F día 2: corto apertura, stop máx. día 1 (día 1 cerró fuerte)",0.05424214850050451,2023-26
LIDR,2025-07-24,"F día 2: corto apertura, stop máx. día 1 (día 1 cerró débil)",-1.024094705162253,2023-26
LIDR,2025-07-28,"G first red day: corto al día siguiente, stop máx. día rojo",0.25184092488795784,2023-26
LIMN,2025-06-05,"F día 2: corto apertura, stop máx. día 1 (día 1 cerró fuerte)",-0.8084217293474762,2023-26
LIMN,2025-06-25,"G first red day: corto al día siguiente, stop máx. día rojo",0.47958286853936377,2023-26
LIMN,2026-02-06,"G first red day: corto al día siguiente, stop máx. día rojo",-1.0284547018348624,2023-26
LIMN,2026-05-21,"F día 2: corto apertura, stop máx. día 1 (día 1 cerró débil)",0.0553323644272332,2023-26
LINC,2015-10-06,"G first red day: corto al día siguiente, stop máx. día rojo",0.12438443701448175,2015-19
LINK,2020-04-09,"G first red day: corto al día siguiente, stop máx. día rojo",-0.04464290367101232,2020-22
LITB,2019-12-10,"F día 2: corto apertura, stop máx. día 1 (día 1 cerró débil)",0.12494872337802085,2015-19
LITS,2020-04-14,"F día 2: corto apertura, stop máx. día 1 (día 1 cerró débil)",-0.03999100483756311,2020-22
LITS,2025-07-18,"F día 2: corto apertura, stop máx. día 1 (día 1 cerró débil)",-0.028560692201084193,2023-26
LIVE,2017-12-28,"F día 2: corto apertura, stop máx. día 1 (día 1 cerró débil)",0.15555806792287588,2015-19
LIVE,2021-01-13,"F día 2: corto apertura, stop máx. día 1 (día 1 cerró débil)",0.0949607628150496,2020-22
LNAI,2020-06-08,"F día 2: corto apertura, stop máx. día 1 (día 1 cerró débil)",0.11950223241985347,2020-22
LNAI,2021-06-14,"F día 2: corto apertura, stop máx. día 1 (día 1 cerró débil)",0.1924610906601375,2020-22
LNAI,2022-05-31,"G first red day: corto al día siguiente, stop máx. día rojo",0.26281549151653355,2020-22
LNAI,2023-08-09,"F día 2: corto apertura, stop máx. día 1 (día 1 cerró débil)",-0.0952574207336281,2023-26
LNAI,2024-10-17,"G first red day: corto al día siguiente, stop máx. día rojo",0.06780744640213239,2023-26
LNAI,2026-02-11,"G first red day: corto al día siguiente, stop máx. día rojo",0.2269391825804647,2023-26
LNAI,2026-03-17,"F día 2: corto apertura, stop máx. día 1 (día 1 cerró débil)",0.2316700553118288,2023-26
LNAI,2026-03-26,"F día 2: corto apertura, stop máx. día 1 (día 1 cerró débil)",0.07523096052649145,2023-26
LNAI,2026-04-07,"F día 2: corto apertura, stop máx. día 1 (día 1 cerró débil)",0.18592443508133907,2023-26
LNAI,2026-06-17,"F día 2: corto apertura, stop máx. día 1 (día 1 cerró débil)",-0.16380416678536153,2023-26
LNKS,2024-12-18,"G first red day: corto al día siguiente, stop máx. día rojo",0.07276281494352743,2023-26
LNKS,2026-06-18,"F día 2: corto apertura, stop máx. día 1 (día 1 cerró débil)",-0.03387976487752271,2023-26
LNZA,2026-03-18,"G first red day: corto al día siguiente, stop máx. día rojo",-1.1630074114411166,2023-26
LOBO,2025-05-13,"F día 2: corto apertura, stop máx. día 1 (día 1 cerró débil)",0.21676163684759783,2023-26
LOBO,2025-05-15,"F día 2: corto apertura, stop máx. día 1 (día 1 cerró débil)",0.19995445590550479,2023-26
LOBO,2026-04-21,"F día 2: corto apertura, stop máx. día 1 (día 1 cerró débil)",-0.03476847852568972,2023-26
LOBO,2026-05-18,"G first red day: corto al día siguiente, stop máx. día rojo",0.43287946276802214,2023-26
LOCL,2023-03-29,"F día 2: corto apertura, stop máx. día 1 (día 1 cerró fuerte)",-0.4241073363832072,2023-26
LOCL,2023-11-08,"G first red day: corto al día siguiente, stop máx. día rojo",0.06195803312038511,2023-26
LOCL,2025-04-07,"G first red day: corto al día siguiente, stop máx. día rojo",0.03140268802086069,2023-26
LOCL,2026-04-21,"F día 2: corto apertura, stop máx. día 1 (día 1 cerró fuerte)",-0.5460890135744412,2023-26
LODE,2018-10-03,"F día 2: corto apertura, stop máx. día 1 (día 1 cerró débil)",1.232758620689655,2015-19
LODE,2020-08-17,"F día 2: corto apertura, stop máx. día 1 (día 1 cerró débil)",0.09685283219869482,2020-22
LODE,2021-02-01,"F día 2: corto apertura, stop máx. día 1 (día 1 cerró débil)",0.1929968183582582,2020-22
LODE,2021-02-17,"F día 2: corto apertura, stop máx. día 1 (día 1 cerró débil)",0.18392429845551447,2020-22
LODE,2024-08-08,"F día 2: corto apertura, stop máx. día 1 (día 1 cerró débil)",0.2955974049484826,2023-26
LODE,2024-12-31,"G first red day: corto al día siguiente, stop máx. día rojo",0.28110821078243065,2023-26
LONA,2025-12-18,"F día 2: corto apertura, stop máx. día 1 (día 1 cerró débil)",-0.18000210341595693,2023-26
LOOP,2023-03-29,"G first red day: corto al día siguiente, stop máx. día rojo",-1.1663030460825616,2023-26
LPA,2024-06-06,"F día 2: corto apertura, stop máx. día 1 (día 1 cerró débil)",0.26397780570203067,2023-26
LRE,2025-09-15,"F día 2: corto apertura, stop máx. día 1 (día 1 cerró débil)",-0.082193114136038,2023-26
LRHC,2024-02-22,"F día 2: corto apertura, stop máx. día 1 (día 1 cerró débil)",-0.04239747634069401,2023-26
LRHC,2024-06-25,"F día 2: corto apertura, stop máx. día 1 (día 1 cerró débil)",-0.27037980546549323,2023-26
LRHC,2024-10-23,"F día 2: corto apertura, stop máx. día 1 (día 1 cerró débil)",-0.01340897369778236,2023-26
LRHC,2025-07-03,"F día 2: corto apertura, stop máx. día 1 (día 1 cerró débil)",0.34704208745578513,2023-26
LRHC,2026-01-09,"F día 2: corto apertura, stop máx. día 1 (día 1 cerró débil)",0.0981408894764899,2023-26
LRHC,2026-01-30,"F día 2: corto apertura, stop máx. día 1 (día 1 cerró débil)",-0.1065865158463635,2023-26
LRHC,2026-09-09,"F día 2: corto apertura, stop máx. día 1 (día 1 cerró débil)",0.21158451818675852,2023-26
LSE,2025-03-20,"G first red day: corto al día siguiente, stop máx. día rojo",0.3767410067242051,2023-26
LSE,2025-06-18,"F día 2: corto apertura, stop máx. día 1 (día 1 cerró débil)",0.1604221682319074,2023-26
LSF,2024-03-18,"G first red day: corto al día siguiente, stop máx. día rojo",0.35659831288071864,2023-26
LSF,2024-06-06,"G first red day: corto al día siguiente, stop máx. día rojo",-0.39078142947834726,2023-26
LSTA,2017-03-17,"F día 2: corto apertura, stop máx. día 1 (día 1 cerró débil)",0.13696946295145104,2015-19
LSTA,2018-06-20,"F día 2: corto apertura, stop máx. día 1 (día 1 cerró débil)",0.2977951437343008,2015-19
LSTA,2018-06-21,"G first red day: corto al día siguiente, stop máx. día rojo",0.0773904525915144,2015-19
LSTA,2021-01-20,"F día 2: corto apertura, stop máx. día 1 (día 1 cerró débil)",0.09942801426250218,2020-22
LSTA,2026-01-21,"F día 2: corto apertura, stop máx. día 1 (día 1 cerró débil)",-0.31468118443858695,2023-26
LSTA,2026-09-17,"F día 2: corto apertura, stop máx. día 1 (día 1 cerró débil)",-0.00787839622566735,2023-26
LTBR,2016-01-21,"F día 2: corto apertura, stop máx. día 1 (día 1 cerró débil)",-0.11967757278954512,2015-19
LTBR,2018-01-22,"F día 2: corto apertura, stop máx. día 1 (día 1 cerró débil)",-0.14374068332443726,2015-19
LTBR,2018-01-25,"F día 2: corto apertura, stop máx. día 1 (día 1 cerró débil)",0.021459704065749596,2015-19
LTBR,2024-06-27,"G first red day: corto al día siguiente, stop máx. día rojo",0.20660281205374595,2023-26
LTBR,2024-10-22,"G first red day: corto al día siguiente, stop máx. día rojo",0.1727382034744197,2023-26
LTBR,2024-10-30,"G first red day: corto al día siguiente, stop máx. día rojo",0.25815382315520224,2023-26
LTRN,2024-03-11,"G first red day: corto al día siguiente, stop máx. día rojo",-0.6802431957150743,2023-26
LUCY,2022-10-07,"F día 2: corto apertura, stop máx. día 1 (día 1 cerró débil)",-0.020977650359249946,2020-22
LUCY,2022-12-28,"F día 2: corto apertura, stop máx. día 1 (día 1 cerró débil)",-0.31329743941908267,2020-22
LUCY,2023-04-11,"F día 2: corto apertura, stop máx. día 1 (día 1 cerró fuerte)",-0.37544937881943863,2023-26
LUCY,2024-06-28,"F día 2: corto apertura, stop máx. día 1 (día 1 cerró débil)",-0.3606632007012856,2023-26
LUCY,2024-08-29,"F día 2: corto apertura, stop máx. día 1 (día 1 cerró débil)",0.009313575926314335,2023-26
LUCY,2024-10-29,"F día 2: corto apertura, stop máx. día 1 (día 1 cerró débil)",-0.19840626178986268,2023-26
LUCY,2025-04-11,"G first red day: corto al día siguiente, stop máx. día rojo",0.29604832596411484,2023-26
LUCY,2025-05-14,"F día 2: corto apertura, stop máx. día 1 (día 1 cerró fuerte)",-0.054195798414794466,2023-26
LUCY,2026-01-07,"F día 2: corto apertura, stop máx. día 1 (día 1 cerró débil)",-0.2660000735759709,2023-26
LUD,2026-04-10,"G first red day: corto al día siguiente, stop máx. día rojo",-0.17583994915383097,2023-26
LUMN,2024-08-08,"G first red day: corto al día siguiente, stop máx. día rojo",-0.2382324209353981,2023-26
LUNR,2024-09-18,"F día 2: corto apertura, stop máx. día 1 (día 1 cerró débil)",-1.0538838336586438,2023-26
LVLU,2026-07-21,"G first red day: corto al día siguiente, stop máx. día rojo",-1.0863128039595782,2023-26
LVWR,2025-05-29,"G first red day: corto al día siguiente, stop máx. día rojo",-1.0753877733430328,2023-26
LVWR,2026-07-24,"F día 2: corto apertura, stop máx. día 1 (día 1 cerró débil)",-1.077896804338374,2023-26
LVWR,2026-07-28,"G first red day: corto al día siguiente, stop máx. día rojo",-0.4341484655949969,2023-26
LWLG,2021-06-08,"G first red day: corto al día siguiente, stop máx. día rojo",0.5969652447803023,2020-22
LX,2017-12-26,"F día 2: corto apertura, stop máx. día 1 (día 1 cerró débil)",0.48020981017347125,2015-19
LX,2017-12-27,"G first red day: corto al día siguiente, stop máx. día rojo",0.4205725095874686,2015-19
LXEH,2023-05-02,"F día 2: corto apertura, stop máx. día 1 (día 1 cerró débil)",0.0004386445882223926,2023-26
LXEH,2023-05-03,"G first red day: corto al día siguiente, stop máx. día rojo",-1.0655254960577645,2023-26
LXEH,2025-08-04,"G first red day: corto al día siguiente, stop máx. día rojo",0.30240356587097394,2023-26
LXEH,2025-10-24,"G first red day: corto al día siguiente, stop máx. día rojo",-0.06805381229097653,2023-26
LXRX,2020-11-17,"F día 2: corto apertura, stop máx. día 1 (día 1 cerró débil)",0.31071869407433633,2020-22
LXRX,2025-03-28,"F día 2: corto apertura, stop máx. día 1 (día 1 cerró débil)",0.7243054736164131,2023-26
LZMH,2025-03-11,"G first red day: corto al día siguiente, stop máx. día rojo",-0.02370440299996779,2023-26
MAAS,2025-04-22,"G first red day: corto al día siguiente, stop máx. día rojo",0.5093521788788321,2023-26
MAAS,2025-06-23,"F día 2: corto apertura, stop máx. día 1 (día 1 cerró fuerte)",-0.19555535914529704,2023-26
MAGH,2025-11-14,"G first red day: corto al día siguiente, stop máx. día rojo",0.05804233412477551,2023-26
MAGH,2025-11-21,"G first red day: corto al día siguiente, stop máx. día rojo",-1.120184908506401,2023-26
MAGN,2024-02-07,"F día 2: corto apertura, stop máx. día 1 (día 1 cerró fuerte)",1.2156272124547716,2023-26
MAIA,2022-08-02,"G first red day: corto al día siguiente, stop máx. día rojo",0.22262064910760648,2020-22
MARA,2017-06-27,"G first red day: corto al día siguiente, stop máx. día rojo",0.13311158700065176,2015-19
MARA,2020-05-11,"G first red day: corto al día siguiente, stop máx. día rojo",0.6068811954411892,2020-22
MARA,2020-08-03,"F día 2: corto apertura, stop máx. día 1 (día 1 cerró fuerte)",-0.1759782265646417,2020-22
MARA,2020-12-23,"G first red day: corto al día siguiente, stop máx. día rojo",0.25775332462779255,2020-22
MARA,2022-07-11,"G first red day: corto al día siguiente, stop máx. día rojo",0.0035419720088870877,2020-22
MARA,2022-07-20,"G first red day: corto al día siguiente, stop máx. día rojo",-0.6782671922631317,2020-22
MASK,2025-12-15,"F día 2: corto apertura, stop máx. día 1 (día 1 cerró débil)",-0.07998902956743442,2023-26
MASK,2026-06-01,"F día 2: corto apertura, stop máx. día 1 (día 1 cerró débil)",-0.12798504620712992,2023-26
MB,2026-08-07,"F día 2: corto apertura, stop máx. día 1 (día 1 cerró débil)",-0.04408061826087537,2023-26
MBAI,2016-08-08,"G first red day: corto al día siguiente, stop máx. día rojo",-0.4416276303160241,2015-19
MBAI,2018-04-25,"G first red day: corto al día siguiente, stop máx. día rojo",0.18487911627524764,2015-19
MBAI,2021-01-05,"F día 2: corto apertura, stop máx. día 1 (día 1 cerró débil)",0.21547151045166554,2020-22
MBAI,2021-03-15,"F día 2: corto apertura, stop máx. día 1 (día 1 cerró débil)",0.18815251044483147,2020-22
MBAI,2023-02-07,"G first red day: corto al día siguiente, stop máx. día rojo",0.5000080503349651,2023-26
MBAI,2025-09-15,"F día 2: corto apertura, stop máx. día 1 (día 1 cerró débil)",0.08207869684538718,2023-26
MBIO,2019-04-18,"F día 2: corto apertura, stop máx. día 1 (día 1 cerró débil)",-0.15839884153909806,2015-19
MBIO,2025-07-07,"F día 2: corto apertura, stop máx. día 1 (día 1 cerró débil)",0.17015784594530653,2023-26
MBOT,2019-01-14,"F día 2: corto apertura, stop máx. día 1 (día 1 cerró fuerte)",-1.0980194272070098,2015-19
MBOT,2021-12-27,"F día 2: corto apertura, stop máx. día 1 (día 1 cerró fuerte)",-0.36116538045199675,2020-22
MBOT,2023-05-22,"F día 2: corto apertura, stop máx. día 1 (día 1 cerró fuerte)",0.2820762414055648,2023-26
MBRX,2016-12-28,"G first red day: corto al día siguiente, stop máx. día rojo",0.23023715415019763,2015-19
MBRX,2020-03-17,"F día 2: corto apertura, stop máx. día 1 (día 1 cerró débil)",-0.011731135066582118,2020-22
MBRX,2020-03-19,"F día 2: corto apertura, stop máx. día 1 (día 1 cerró débil)",1.8700787401574799,2020-22
MBRX,2020-04-08,"F día 2: corto apertura, stop máx. día 1 (día 1 cerró débil)",0.33323067446874044,2020-22
MBRX,2021-02-02,"F día 2: corto apertura, stop máx. día 1 (día 1 cerró débil)",0.06293389677029883,2020-22
MBRX,2025-02-13,"F día 2: corto apertura, stop máx. día 1 (día 1 cerró débil)",-0.10581327069876688,2023-26
MBRX,2025-02-14,"F día 2: corto apertura, stop máx. día 1 (día 1 cerró débil)",0.16888714733542318,2023-26
MBRX,2025-02-18,"G first red day: corto al día siguiente, stop máx. día rojo",-1.0583707504810775,2023-26
MBX,2025-09-22,"F día 2: corto apertura, stop máx. día 1 (día 1 cerró débil)",0.11842679042031458,2023-26
MCRB,2020-08-10,"F día 2: corto apertura, stop máx. día 1 (día 1 cerró débil)",0.18865127692634548,2020-22
MCTA,2025-10-31,"G first red day: corto al día siguiente, stop máx. día rojo",0.4856120735305357,2023-26
MDAI,2023-10-19,"F día 2: corto apertura, stop máx. día 1 (día 1 cerró débil)",-0.025342800323366638,2023-26
MDGL,2017-12-06,"F día 2: corto apertura, stop máx. día 1 (día 1 cerró fuerte)",0.17299934961553912,2015-19
MDGL,2018-05-31,"F día 2: corto apertura, stop máx. día 1 (día 1 cerró fuerte)",-1.312001574226692,2015-19
MDGL,2022-12-19,"F día 2: corto apertura, stop máx. día 1 (día 1 cerró fuerte)",-1.294911635440451,2020-22
MDIA,2021-07-13,"G first red day: corto al día siguiente, stop máx. día rojo",0.154932637614881,2020-22
MDIA,2022-08-03,"F día 2: corto apertura, stop máx. día 1 (día 1 cerró fuerte)",-0.16712511324093313,2020-22
MDIA,2024-04-01,"F día 2: corto apertura, stop máx. día 1 (día 1 cerró fuerte)",-0.5409299078008166,2023-26
MDIA,2024-04-05,"F día 2: corto apertura, stop máx. día 1 (día 1 cerró débil)",0.0282497921983159,2023-26
MDRR,2020-10-14,"F día 2: corto apertura, stop máx. día 1 (día 1 cerró débil)",-0.1752326213175545,2020-22
MDXH,2023-11-28,"F día 2: corto apertura, stop máx. día 1 (día 1 cerró fuerte)",-0.721059680893347,2023-26
MEDS,2025-05-08,"F día 2: corto apertura, stop máx. día 1 (día 1 cerró débil)",0.018758026050266004,2023-26
MEDS,2025-10-24,"F día 2: corto apertura, stop máx. día 1 (día 1 cerró débil)",0.14951236502960638,2023-26
MEDS,2026-09-16,"F día 2: corto apertura, stop máx. día 1 (día 1 cerró débil)",0.34717311634096454,2023-26
MEDS,2026-09-17,"G first red day: corto al día siguiente, stop máx. día rojo",2.3500538893612566,2023-26
MEGL,2023-01-09,"G first red day: corto al día siguiente, stop máx. día rojo",-0.19397158983168283,2023-26
MEGL,2023-04-28,"F día 2: corto apertura, stop máx. día 1 (día 1 cerró débil)",0.14592034517537786,2023-26
MEGL,2025-01-06,"F día 2: corto apertura, stop máx. día 1 (día 1 cerró débil)",-0.25471415368751044,2023-26
MEGL,2025-02-18,"F día 2: corto apertura, stop máx. día 1 (día 1 cerró débil)",-0.11222086606335595,2023-26
MEGL,2025-06-10,"F día 2: corto apertura, stop máx. día 1 (día 1 cerró fuerte)",-0.44228531913914143,2023-26
MEOH,2020-03-26,"G first red day: corto al día siguiente, stop máx. día rojo",0.2606463407370998,2020-22
MERC,2026-08-27,"F día 2: corto apertura, stop máx. día 1 (día 1 cerró débil)",-0.04876322038484046,2023-26
MESO,2020-04-24,"F día 2: corto apertura, stop máx. día 1 (día 1 cerró débil)",0.42660535998480664,2020-22
MESO,2020-08-14,"F día 2: corto apertura, stop máx. día 1 (día 1 cerró débil)",-1.133620691663256,2020-22
MESO,2024-12-19,"F día 2: corto apertura, stop máx. día 1 (día 1 cerró fuerte)",0.03944892634572154,2023-26
MF,2024-11-27,"F día 2: corto apertura, stop máx. día 1 (día 1 cerró fuerte)",-0.5172323759791121,2023-26
MFA,2020-03-26,"F día 2: corto apertura, stop máx. día 1 (día 1 cerró débil)",0.049318994535933997,2020-22
MFA,2020-06-09,"G first red day: corto al día siguiente, stop máx. día rojo",0.5584938134385941,2020-22
MFI,2024-06-05,"F día 2: corto apertura, stop máx. día 1 (día 1 cerró débil)",0.06455701018039077,2023-26
MFI,2025-01-03,"F día 2: corto apertura, stop máx. día 1 (día 1 cerró débil)",-0.11963125940725419,2023-26
MFI,2025-06-06,"G first red day: corto al día siguiente, stop máx. día rojo",-0.5282492913371784,2023-26
MFI,2026-06-22,"G first red day: corto al día siguiente, stop máx. día rojo",0.33471074380165267,2023-26
MGIH,2024-02-12,"F día 2: corto apertura, stop máx. día 1 (día 1 cerró débil)",0.11636663132144531,2023-26
MGIH,2024-12-26,"F día 2: corto apertura, stop máx. día 1 (día 1 cerró débil)",0.0665944401594425,2023-26
MGN,2026-06-24,"F día 2: corto apertura, stop máx. día 1 (día 1 cerró débil)",0.13970968283719037,2023-26
MGN,2026-06-25,"G first red day: corto al día siguiente, stop máx. día rojo",-0.3563980493691952,2023-26
MGN,2026-08-03,"F día 2: corto apertura, stop máx. día 1 (día 1 cerró débil)",-0.16253902413522076,2023-26
MGN,2026-09-09,"F día 2: corto apertura, stop máx. día 1 (día 1 cerró débil)",0.012231837710642285,2023-26
MGNI,2022-11-14,"G first red day: corto al día siguiente, stop máx. día rojo",-1.1557929143282197,2020-22
MGNX,2019-02-06,"F día 2: corto apertura, stop máx. día 1 (día 1 cerró débil)",0.44282887624394424,2015-19
MGRX,2023-04-21,"F día 2: corto apertura, stop máx. día 1 (día 1 cerró débil)",-0.30219240936635294,2023-26
MGRX,2023-04-25,"G first red day: corto al día siguiente, stop máx. día rojo",0.5807453811045263,2023-26
MGRX,2024-05-21,"F día 2: corto apertura, stop máx. día 1 (día 1 cerró débil)",0.142640109794604,2023-26
MGRX,2024-10-01,"F día 2: corto apertura, stop máx. día 1 (día 1 cerró débil)",0.03460589016265603,2023-26
MGRX,2026-02-20,"F día 2: corto apertura, stop máx. día 1 (día 1 cerró débil)",-0.18718727324892218,2023-26
MGRX,2026-03-23,"F día 2: corto apertura, stop máx. día 1 (día 1 cerró débil)",-0.08672593094254791,2023-26
MGRX,2026-07-31,"F día 2: corto apertura, stop máx. día 1 (día 1 cerró débil)",-0.12849348006842218,2023-26
MHO,2020-03-26,"G first red day: corto al día siguiente, stop máx. día rojo",0.41552952309868946,2020-22
MI,2023-08-04,"F día 2: corto apertura, stop máx. día 1 (día 1 cerró débil)",-0.0326086453926579,2023-26
MI,2024-05-07,"G first red day: corto al día siguiente, stop máx. día rojo",-1.0605572469231106,2023-26
MI,2024-09-13,"G first red day: corto al día siguiente, stop máx. día rojo",-0.1378461038352439,2023-26
MI,2024-12-23,"G first red day: corto al día siguiente, stop máx. día rojo",0.5379117691809223,2023-26
MI,2026-05-18,"F día 2: corto apertura, stop máx. día 1 (día 1 cerró fuerte)",-1.079748582732819,2023-26
MIMI,2026-02-13,"F día 2: corto apertura, stop máx. día 1 (día 1 cerró débil)",-0.22211446425704795,2023-26
MIMI,2026-09-03,"F día 2: corto apertura, stop máx. día 1 (día 1 cerró débil)",0.3034054820307506,2023-26
MIRA,2024-07-15,"F día 2: corto apertura, stop máx. día 1 (día 1 cerró débil)",-0.32628193543247835,2023-26
MIRA,2024-07-22,"F día 2: corto apertura, stop máx. día 1 (día 1 cerró fuerte)",0.8609093753379963,2023-26
MIRA,2025-10-16,"F día 2: corto apertura, stop máx. día 1 (día 1 cerró débil)",0.06563665320549657,2023-26
MIST,2020-07-23,"F día 2: corto apertura, stop máx. día 1 (día 1 cerró fuerte)",-1.0756429800467056,2020-22
MITQ,2024-06-05,"F día 2: corto apertura, stop máx. día 1 (día 1 cerró débil)",0.029916713587746793,2023-26
MITQ,2024-06-06,"G first red day: corto al día siguiente, stop máx. día rojo",-0.08568332411400721,2023-26
MITQ,2025-06-20,"F día 2: corto apertura, stop máx. día 1 (día 1 cerró débil)",0.014309954138256056,2023-26
MITT,2020-06-09,"G first red day: corto al día siguiente, stop máx. día rojo",0.027388366966746305,2020-22
MKDW,2024-08-02,"F día 2: corto apertura, stop máx. día 1 (día 1 cerró débil)",0.278138312381085,2023-26
MKDW,2025-06-05,"F día 2: corto apertura, stop máx. día 1 (día 1 cerró débil)",0.014658115959862465,2023-26
MKDW,2026-03-27,"G first red day: corto al día siguiente, stop máx. día rojo",-1.0223941350338888,2023-26
MKZR,2024-08-02,"G first red day: corto al día siguiente, stop máx. día rojo",-0.05263157894736839,2023-26
MLCI,2025-09-15,"F día 2: corto apertura, stop máx. día 1 (día 1 cerró débil)",-0.03526806907146217,2023-26
MLEC,2024-04-22,"F día 2: corto apertura, stop máx. día 1 (día 1 cerró débil)",0.3420600858369099,2023-26
MLEC,2026-02-13,"F día 2: corto apertura, stop máx. día 1 (día 1 cerró débil)",-0.3936399588775502,2023-26
MLGO,2022-12-13,"F día 2: corto apertura, stop máx. día 1 (día 1 cerró débil)",0.031261806375442736,2020-22
MLGO,2023-01-26,"F día 2: corto apertura, stop máx. día 1 (día 1 cerró débil)",-0.10766169154228857,2023-26
MLGO,2024-02-08,"F día 2: corto apertura, stop máx. día 1 (día 1 cerró débil)",0.2042550839964633,2023-26
MLGO,2024-02-09,"G first red day: corto al día siguiente, stop máx. día rojo",-1.0262434391402149,2023-26
MLGO,2024-03-25,"F día 2: corto apertura, stop máx. día 1 (día 1 cerró débil)",-0.09367599333391809,2023-26
MLGO,2024-06-04,"F día 2: corto apertura, stop máx. día 1 (día 1 cerró fuerte)",0.10172229639519359,2023-26
MLGO,2024-12-31,"F día 2: corto apertura, stop máx. día 1 (día 1 cerró débil)",0.33502432497752666,2023-26
MLGO,2025-02-21,"F día 2: corto apertura, stop máx. día 1 (día 1 cerró débil)",0.6428235406972981,2023-26
MLGO,2025-03-24,"F día 2: corto apertura, stop máx. día 1 (día 1 cerró fuerte)",-1.0264212757491196,2023-26
MLGO,2025-05-23,"G first red day: corto al día siguiente, stop máx. día rojo",0.4925591608047191,2023-26
MLSS,2019-01-28,"F día 2: corto apertura, stop máx. día 1 (día 1 cerró débil)",0.16003925002284478,2015-19
MLTX,2023-06-26,"F día 2: corto apertura, stop máx. día 1 (día 1 cerró fuerte)",-1.076620930141994,2023-26
MLTX,2026-01-12,"G first red day: corto al día siguiente, stop máx. día rojo",0.6983864339764639,2023-26
MMA,2025-09-09,"F día 2: corto apertura, stop máx. día 1 (día 1 cerró débil)",0.21299438047687463,2023-26
MNDR,2025-11-24,"G first red day: corto al día siguiente, stop máx. día rojo",0.5498744771895356,2023-26
MNDR,2026-01-22,"G first red day: corto al día siguiente, stop máx. día rojo",0.2836963938610765,2023-26
MNKD,2016-04-13,"G first red day: corto al día siguiente, stop máx. día rojo",0.13256409377132605,2015-19
MNOV,2021-03-10,"F día 2: corto apertura, stop máx. día 1 (día 1 cerró débil)",0.06689820186379437,2020-22
MNPR,2020-08-12,"F día 2: corto apertura, stop máx. día 1 (día 1 cerró débil)",0.054675177238584935,2020-22
MNPR,2021-01-28,"F día 2: corto apertura, stop máx. día 1 (día 1 cerró débil)",0.24999999999999994,2020-22
MNPR,2021-02-11,"F día 2: corto apertura, stop máx. día 1 (día 1 cerró débil)",-0.07302567947778191,2020-22
MNPR,2023-11-01,"F día 2: corto apertura, stop máx. día 1 (día 1 cerró débil)",-0.18492790456872094,2023-26
MNPR,2024-02-20,"F día 2: corto apertura, stop máx. día 1 (día 1 cerró débil)",0.055867703753664406,2023-26
MNPR,2024-09-12,"F día 2: corto apertura, stop máx. día 1 (día 1 cerró débil)",0.031566147508806666,2023-26
MNTS,2024-08-23,"F día 2: corto apertura, stop máx. día 1 (día 1 cerró débil)",-0.06476683937823834,2023-26
MNTS,2024-10-09,"F día 2: corto apertura, stop máx. día 1 (día 1 cerró fuerte)",1.418322295805739,2023-26
MNTS,2025-08-13,"F día 2: corto apertura, stop máx. día 1 (día 1 cerró débil)",0.1559330500658015,2023-26
MNTS,2026-01-05,"F día 2: corto apertura, stop máx. día 1 (día 1 cerró débil)",-0.44084122220848926,2023-26
MNY,2023-11-29,"G first red day: corto al día siguiente, stop máx. día rojo",0.18319950230226792,2023-26
MNY,2024-02-12,"G first red day: corto al día siguiente, stop máx. día rojo",0.15632512071234655,2023-26
MNY,2024-02-20,"F día 2: corto apertura, stop máx. día 1 (día 1 cerró fuerte)",0.7558579692872921,2023-26
MNY,2024-02-21,"G first red day: corto al día siguiente, stop máx. día rojo",0.3629231088536773,2023-26
MOB,2023-02-21,"F día 2: corto apertura, stop máx. día 1 (día 1 cerró débil)",0.12496485444991243,2023-26
MOB,2023-07-10,"F día 2: corto apertura, stop máx. día 1 (día 1 cerró débil)",0.4059696774598147,2023-26
MOBX,2024-08-22,"F día 2: corto apertura, stop máx. día 1 (día 1 cerró débil)",0.14569290328192314,2023-26
MOBX,2024-12-02,"G first red day: corto al día siguiente, stop máx. día rojo",0.6287314605609321,2023-26
MOBX,2026-02-04,"F día 2: corto apertura, stop máx. día 1 (día 1 cerró débil)",-0.1368537315808277,2023-26
MOBX,2026-03-03,"F día 2: corto apertura, stop máx. día 1 (día 1 cerró fuerte)",8.65625383705071,2023-26
MOBX,2026-05-14,"F día 2: corto apertura, stop máx. día 1 (día 1 cerró débil)",0.16674216588052657,2023-26
MODD,2023-02-02,"F día 2: corto apertura, stop máx. día 1 (día 1 cerró débil)",0.05727386411811919,2023-26
MOGU,2020-07-08,"G first red day: corto al día siguiente, stop máx. día rojo",-1.056574547078629,2020-22
MOGU,2025-09-11,"F día 2: corto apertura, stop máx. día 1 (día 1 cerró débil)",-0.05888707710657494,2023-26
MOMO,2022-12-12,"G first red day: corto al día siguiente, stop máx. día rojo",-1.2628637458427585,2020-22
MOVE,2025-08-29,"F día 2: corto apertura, stop máx. día 1 (día 1 cerró débil)",0.019000324406860083,2023-26
MOVE,2025-11-10,"F día 2: corto apertura, stop máx. día 1 (día 1 cerró débil)",-0.16835608457057688,2023-26
MOVE,2026-01-23,"F día 2: corto apertura, stop máx. día 1 (día 1 cerró débil)",-0.46899523357615275,2023-26
MOVE,2026-04-15,"G first red day: corto al día siguiente, stop máx. día rojo",-1.1534482645556563,2023-26
MOVE,2026-08-04,"F día 2: corto apertura, stop máx. día 1 (día 1 cerró débil)",0.11327742160083648,2023-26
MP,2025-07-10,"F día 2: corto apertura, stop máx. día 1 (día 1 cerró débil)",-1.1283510307481357,2023-26
MPLT,2026-07-30,"G first red day: corto al día siguiente, stop máx. día rojo",0.9034530120110276,2023-26
MPU,2020-05-22,"G first red day: corto al día siguiente, stop máx. día rojo",0.5451766675910023,2020-22
MPU,2020-12-28,"F día 2: corto apertura, stop máx. día 1 (día 1 cerró débil)",0.006307519055447032,2020-22
MPU,2021-01-28,"F día 2: corto apertura, stop máx. día 1 (día 1 cerró débil)",0.15516513346957211,2020-22
MPU,2024-01-12,"G first red day: corto al día siguiente, stop máx. día rojo",-0.32546700462723566,2023-26
MPU,2026-06-11,"G first red day: corto al día siguiente, stop máx. día rojo",0.5028414112644725,2023-26
MPU,2026-09-16,"F día 2: corto apertura, stop máx. día 1 (día 1 cerró débil)",0.10952498913369431,2023-26
MRDN,2015-10-20,"G first red day: corto al día siguiente, stop máx. día rojo",0.39266304347826086,2015-19
MRDN,2015-11-19,"F día 2: corto apertura, stop máx. día 1 (día 1 cerró débil)",-1.0903614457831325,2015-19
MRDN,2016-04-12,"F día 2: corto apertura, stop máx. día 1 (día 1 cerró fuerte)",2.658461538461539,2015-19
MRDN,2016-05-06,"F día 2: corto apertura, stop máx. día 1 (día 1 cerró débil)",0.47115384615384615,2015-19
MRDN,2016-06-08,"F día 2: corto apertura, stop máx. día 1 (día 1 cerró fuerte)",-0.027777777777777787,2015-19
MRDN,2016-06-28,"F día 2: corto apertura, stop máx. día 1 (día 1 cerró fuerte)",0.4619047619047619,2015-19
MRDN,2017-01-27,"F día 2: corto apertura, stop máx. día 1 (día 1 cerró débil)",-0.1440443423705979,2015-19
MRDN,2017-02-06,"F día 2: corto apertura, stop máx. día 1 (día 1 cerró fuerte)",-0.018867922123463016,2015-19
MRDN,2017-02-28,"F día 2: corto apertura, stop máx. día 1 (día 1 cerró débil)",-0.971153846153846,2015-19
MRDN,2017-03-15,"F día 2: corto apertura, stop máx. día 1 (día 1 cerró débil)",-0.009615384615384614,2015-19
MRDN,2018-05-21,"G first red day: corto al día siguiente, stop máx. día rojo",-0.018867922123463016,2015-19
MRDN,2018-05-24,"F día 2: corto apertura, stop máx. día 1 (día 1 cerró débil)",-0.971153846153846,2015-19
MRDN,2019-05-01,"F día 2: corto apertura, stop máx. día 1 (día 1 cerró fuerte)",-0.018867922123463016,2015-19
MRDN,2019-05-13,"F día 2: corto apertura, stop máx. día 1 (día 1 cerró débil)",-0.9622641532539278,2015-19
MRDN,2020-04-27,"G first red day: corto al día siguiente, stop máx. día rojo",0.17490486292877722,2020-22
MREO,2019-12-30,"G first red day: corto al día siguiente, stop máx. día rojo",-1.1259278140334452,2015-19
MREO,2022-06-22,"G first red day: corto al día siguiente, stop máx. día rojo",-0.10475891498638584,2020-22
MRKR,2022-08-05,"F día 2: corto apertura, stop máx. día 1 (día 1 cerró débil)",-0.46604333164548933,2020-22
MRM,2021-09-23,"F día 2: corto apertura, stop máx. día 1 (día 1 cerró débil)",-0.04554425610071521,2020-22
MRM,2024-08-26,"F día 2: corto apertura, stop máx. día 1 (día 1 cerró débil)",-0.028990312082138002,2023-26
MRM,2025-04-11,"G first red day: corto al día siguiente, stop máx. día rojo",-0.034630432980588204,2023-26
MRM,2025-05-22,"G first red day: corto al día siguiente, stop máx. día rojo",-0.07647418157138103,2023-26
MRM,2025-08-08,"F día 2: corto apertura, stop máx. día 1 (día 1 cerró fuerte)",-0.2810524078151629,2023-26
MRM,2025-09-26,"F día 2: corto apertura, stop máx. día 1 (día 1 cerró débil)",0.16523457457786728,2023-26
MRNA,2020-02-27,"G first red day: corto al día siguiente, stop máx. día rojo",-0.2086807317005252,2020-22
MRNA,2026-08-19,"F día 2: corto apertura, stop máx. día 1 (día 1 cerró fuerte)",0.5097157659237552,2023-26
MRNO,2024-03-22,"F día 2: corto apertura, stop máx. día 1 (día 1 cerró fuerte)",0.17972211712864566,2023-26
MRNO,2026-01-07,"G first red day: corto al día siguiente, stop máx. día rojo",-1.1339713858149458,2023-26
MRNO,2026-01-28,"F día 2: corto apertura, stop máx. día 1 (día 1 cerró débil)",0.182646522366223,2023-26
MRNO,2026-01-29,"G first red day: corto al día siguiente, stop máx. día rojo",0.5891790238351965,2023-26
MRNO,2026-05-15,"F día 2: corto apertura, stop máx. día 1 (día 1 cerró débil)",0.06773320747115412,2023-26
MRT,2024-04-09,"G first red day: corto al día siguiente, stop máx. día rojo",-0.15566055272374965,2023-26
MSAI,2023-12-21,"F día 2: corto apertura, stop máx. día 1 (día 1 cerró débil)",0.022441597188287928,2023-26
MSAI,2025-01-07,"F día 2: corto apertura, stop máx. día 1 (día 1 cerró débil)",0.2614530761169251,2023-26
MSC,2022-12-07,"G first red day: corto al día siguiente, stop máx. día rojo",-0.048224226377950354,2020-22
MSGM,2023-01-31,"F día 2: corto apertura, stop máx. día 1 (día 1 cerró fuerte)",-1.0784726300179241,2023-26
MSGM,2023-02-02,"G first red day: corto al día siguiente, stop máx. día rojo",0.3191927449510753,2023-26
MSGM,2025-11-07,"F día 2: corto apertura, stop máx. día 1 (día 1 cerró débil)",0.1838409426192209,2023-26
MSLE,2018-06-22,"G first red day: corto al día siguiente, stop máx. día rojo",-0.24524255583857127,2015-19
MSLE,2019-03-04,"G first red day: corto al día siguiente, stop máx. día rojo",-0.2248547729406351,2015-19
MSLE,2022-11-29,"F día 2: corto apertura, stop máx. día 1 (día 1 cerró débil)",-0.2702702291502815,2020-22
MSLE,2023-01-27,"F día 2: corto apertura, stop máx. día 1 (día 1 cerró débil)",-0.06242602911697106,2023-26
MSN,2025-10-09,"G first red day: corto al día siguiente, stop máx. día rojo",0.45204769878230755,2023-26
MSS,2024-09-24,"F día 2: corto apertura, stop máx. día 1 (día 1 cerró fuerte)",0.45582047685834504,2023-26
MSS,2025-09-29,"F día 2: corto apertura, stop máx. día 1 (día 1 cerró débil)",0.044226177555893205,2023-26
MSTR,2021-02-10,"G first red day: corto al día siguiente, stop máx. día rojo",1.3509906107576448,2020-22
MTA,2015-01-28,"F día 2: corto apertura, stop máx. día 1 (día 1 cerró débil)",-0.009615384615384614,2015-19
MTA,2015-02-02,"F día 2: corto apertura, stop máx. día 1 (día 1 cerró débil)",-0.023364485289873196,2015-19
MTA,2015-04-02,"F día 2: corto apertura, stop máx. día 1 (día 1 cerró fuerte)",0.9863638665260589,2015-19
MTA,2015-05-20,"F día 2: corto apertura, stop máx. día 1 (día 1 cerró fuerte)",-0.03915662880425087,2015-19
MTA,2016-05-18,"G first red day: corto al día siguiente, stop máx. día rojo",-0.016587674595677657,2015-19
MTC,2020-05-26,"F día 2: corto apertura, stop máx. día 1 (día 1 cerró débil)",-0.0779961049019525,2020-22
MTC,2020-11-25,"F día 2: corto apertura, stop máx. día 1 (día 1 cerró débil)",-0.19362575386346567,2020-22
MTC,2023-03-03,"G first red day: corto al día siguiente, stop máx. día rojo",-1.0614709061215855,2023-26
MTC,2023-03-16,"G first red day: corto al día siguiente, stop máx. día rojo",-0.3433549857954013,2023-26
MTC,2023-05-03,"G first red day: corto al día siguiente, stop máx. día rojo",0.4907248399289822,2023-26
MTC,2023-10-20,"G first red day: corto al día siguiente, stop máx. día rojo",0.015422608478989266,2023-26
MTC,2024-04-25,"G first red day: corto al día siguiente, stop máx. día rojo",0.0741803065255686,2023-26
MTC,2024-05-15,"G first red day: corto al día siguiente, stop máx. día rojo",0.4285253897662948,2023-26
MTDR,2020-03-10,"F día 2: corto apertura, stop máx. día 1 (día 1 cerró débil)",0.24630012877584165,2020-22
MTEK,2024-12-12,"G first red day: corto al día siguiente, stop máx. día rojo",-0.14185852383812597,2023-26
MTNB,2020-12-31,"G first red day: corto al día siguiente, stop máx. día rojo",-1.1851851851851853,2020-22
MTNB,2023-10-11,"F día 2: corto apertura, stop máx. día 1 (día 1 cerró fuerte)",0.27115833145593893,2023-26
MTNB,2024-11-12,"G first red day: corto al día siguiente, stop máx. día rojo",0.1153225116776508,2023-26
MTNB,2025-08-12,"G first red day: corto al día siguiente, stop máx. día rojo",-0.15040859710009633,2023-26
MTNB,2026-07-27,"F día 2: corto apertura, stop máx. día 1 (día 1 cerró débil)",0.20067434555992636,2023-26
MTVA,2018-06-29,"F día 2: corto apertura, stop máx. día 1 (día 1 cerró débil)",0.7313101806772694,2015-19
MTVA,2019-07-25,"F día 2: corto apertura, stop máx. día 1 (día 1 cerró débil)",0.5357505070993915,2015-19
MTVA,2022-09-14,"G first red day: corto al día siguiente, stop máx. día rojo",0.7928834607196982,2020-22
MTVA,2022-09-15,"F día 2: corto apertura, stop máx. día 1 (día 1 cerró débil)",0.27741125555903945,2020-22
MTVA,2026-05-19,"F día 2: corto apertura, stop máx. día 1 (día 1 cerró fuerte)",-1.1145349692112676,2023-26
MVIS,2020-05-05,"F día 2: corto apertura, stop máx. día 1 (día 1 cerró débil)",0.5276586944860581,2020-22
MVIS,2021-04-27,"G first red day: corto al día siguiente, stop máx. día rojo",0.16077417529247698,2020-22
MVST,2024-11-13,"F día 2: corto apertura, stop máx. día 1 (día 1 cerró fuerte)",1.0120572085437824,2023-26
MVST,2024-12-04,"G first red day: corto al día siguiente, stop máx. día rojo",0.2848142886563036,2023-26
MWC,2026-05-20,"F día 2: corto apertura, stop máx. día 1 (día 1 cerró débil)",0.15195980873940826,2023-26
MWG,2024-06-06,"G first red day: corto al día siguiente, stop máx. día rojo",-0.039598986050613134,2023-26
MWG,2025-12-24,"F día 2: corto apertura, stop máx. día 1 (día 1 cerró débil)",-0.09139869089462271,2023-26
MWYN,2025-08-01,"F día 2: corto apertura, stop máx. día 1 (día 1 cerró débil)",0.08961840011059126,2023-26
MXC,2019-04-02,"G first red day: corto al día siguiente, stop máx. día rojo",0.3551945521259058,2015-19
MXC,2020-07-22,"F día 2: corto apertura, stop máx. día 1 (día 1 cerró débil)",-0.040141220160604084,2020-22
MXC,2022-03-08,"G first red day: corto al día siguiente, stop máx. día rojo",0.060634940011160716,2020-22
MXL,2026-04-24,"F día 2: corto apertura, stop máx. día 1 (día 1 cerró fuerte)",2.2544652415005135,2023-26
MYND,2024-12-02,"G first red day: corto al día siguiente, stop máx. día rojo",0.03884670026015527,2023-26
MYO,2017-11-07,"F día 2: corto apertura, stop máx. día 1 (día 1 cerró fuerte)",0.5014172335600906,2015-19
MYO,2020-02-05,"F día 2: corto apertura, stop máx. día 1 (día 1 cerró débil)",2.4250000000000016,2020-22
MYO,2020-02-06,"G first red day: corto al día siguiente, stop máx. día rojo",0.19400916184549882,2020-22
MYSE,2024-07-15,"F día 2: corto apertura, stop máx. día 1 (día 1 cerró fuerte)",-0.36304110334271317,2023-26
MYSE,2024-11-06,"F día 2: corto apertura, stop máx. día 1 (día 1 cerró débil)",0.024531800371887746,2023-26
MYSE,2025-03-25,"F día 2: corto apertura, stop máx. día 1 (día 1 cerró débil)",0.22085432759627288,2023-26
MYSE,2026-04-16,"F día 2: corto apertura, stop máx. día 1 (día 1 cerró débil)",-0.025330018022319437,2023-26
MYSZ,2017-11-30,"F día 2: corto apertura, stop máx. día 1 (día 1 cerró débil)",0.46465968586387424,2015-19
MYSZ,2018-01-08,"F día 2: corto apertura, stop máx. día 1 (día 1 cerró débil)",0.41210417283219875,2015-19
MYSZ,2018-01-09,"G first red day: corto al día siguiente, stop máx. día rojo",0.34820239680426096,2015-19
MYSZ,2018-01-17,"G first red day: corto al día siguiente, stop máx. día rojo",0.303604436229205,2015-19
MYSZ,2022-12-08,"F día 2: corto apertura, stop máx. día 1 (día 1 cerró débil)",0.2154530480069364,2020-22
MYSZ,2024-12-20,"F día 2: corto apertura, stop máx. día 1 (día 1 cerró débil)",-0.14435337899932427,2023-26
MYSZ,2024-12-27,"F día 2: corto apertura, stop máx. día 1 (día 1 cerró débil)",0.22349578683808058,2023-26
NAAS,2020-08-19,"G first red day: corto al día siguiente, stop máx. día rojo",0.3426728110599078,2020-22
NAAS,2022-06-10,"F día 2: corto apertura, stop máx. día 1 (día 1 cerró fuerte)",0.1142047159503013,2020-22
NAAS,2025-02-21,"F día 2: corto apertura, stop máx. día 1 (día 1 cerró débil)",0.2102226272400875,2023-26
NAK,2016-07-12,"G first red day: corto al día siguiente, stop máx. día rojo",0.21671411907449173,2015-19
NAKA,2024-11-27,"G first red day: corto al día siguiente, stop máx. día rojo",-0.1034600760261471,2023-26
NAKA,2025-05-12,"F día 2: corto apertura, stop máx. día 1 (día 1 cerró débil)",0.14007868928131828,2023-26
NAKA,2025-08-12,"G first red day: corto al día siguiente, stop máx. día rojo",-1.0647877672790962,2023-26
NAMI,2026-08-07,"F día 2: corto apertura, stop máx. día 1 (día 1 cerró débil)",0.05134269087766622,2023-26
NAMM,2026-01-23,"G first red day: corto al día siguiente, stop máx. día rojo",0.45388324812059544,2023-26
NBIS,2025-09-09,"F día 2: corto apertura, stop máx. día 1 (día 1 cerró fuerte)",-0.2958196193818221,2023-26
NBR,2020-06-09,"G first red day: corto al día siguiente, stop máx. día rojo",1.2440032197940958,2020-22
NBTX,2023-05-05,"F día 2: corto apertura, stop máx. día 1 (día 1 cerró fuerte)",1.4732383074848983,2023-26
NBTX,2023-07-10,"F día 2: corto apertura, stop máx. día 1 (día 1 cerró débil)",0.24920354362251898,2023-26
NCEL,2021-03-12,"F día 2: corto apertura, stop máx. día 1 (día 1 cerró débil)",0.11667392250761861,2020-22
NCEL,2024-06-18,"F día 2: corto apertura, stop máx. día 1 (día 1 cerró débil)",0.05247928030473234,2023-26
NCEL,2024-06-20,"G first red day: corto al día siguiente, stop máx. día rojo",-0.28674164345231407,2023-26
NCEL,2024-06-27,"F día 2: corto apertura, stop máx. día 1 (día 1 cerró débil)",-0.0554000737991305,2023-26
NCEL,2024-07-29,"F día 2: corto apertura, stop máx. día 1 (día 1 cerró débil)",-0.202541533347482,2023-26
NCEL,2024-12-30,"F día 2: corto apertura, stop máx. día 1 (día 1 cerró fuerte)",0.8626863351357195,2023-26
NCEL,2025-01-31,"F día 2: corto apertura, stop máx. día 1 (día 1 cerró débil)",0.031223988208549196,2023-26
NCI,2024-10-02,"G first red day: corto al día siguiente, stop máx. día rojo",0.035560684752016555,2023-26
NCI,2024-10-22,"G first red day: corto al día siguiente, stop máx. día rojo",0.0738951650318098,2023-26
NCI,2024-12-31,"F día 2: corto apertura, stop máx. día 1 (día 1 cerró débil)",0.07449626104309058,2023-26
NCLH,2020-03-26,"G first red day: corto al día siguiente, stop máx. día rojo",0.3367369130927325,2020-22
NCMI,2023-04-13,"G first red day: corto al día siguiente, stop máx. día rojo",0.02763380724297599,2023-26
NCNA,2020-03-02,"F día 2: corto apertura, stop máx. día 1 (día 1 cerró débil)",-0.24395298808961646,2020-22
NCNA,2022-07-14,"G first red day: corto al día siguiente, stop máx. día rojo",-0.4009170653907496,2020-22
NCNA,2024-03-13,"F día 2: corto apertura, stop máx. día 1 (día 1 cerró débil)",0.015338522994981051,2023-26
NCNA,2024-09-16,"F día 2: corto apertura, stop máx. día 1 (día 1 cerró débil)",0.8083883495145631,2023-26
NCNA,2025-05-05,"F día 2: corto apertura, stop máx. día 1 (día 1 cerró fuerte)",-0.029988847771137285,2023-26
NCNA,2025-05-15,"F día 2: corto apertura, stop máx. día 1 (día 1 cerró débil)",0.45777216496408574,2023-26
NCNA,2025-06-10,"F día 2: corto apertura, stop máx. día 1 (día 1 cerró débil)",-1.1530613257755569,2023-26
NCPL,2015-02-23,"F día 2: corto apertura, stop máx. día 1 (día 1 cerró fuerte)",-0.018867924528301883,2015-19
NCPL,2015-08-07,"G first red day: corto al día siguiente, stop máx. día rojo",-0.24879227053140093,2015-19
NCPL,2015-10-23,"F día 2: corto apertura, stop máx. día 1 (día 1 cerró débil)",-0.009615384615384614,2015-19
NCPL,2016-03-24,"F día 2: corto apertura, stop máx. día 1 (día 1 cerró fuerte)",-0.9622641509433961,2015-19
NCPL,2016-04-20,"F día 2: corto apertura, stop máx. día 1 (día 1 cerró débil)",-0.009615384615384614,2015-19
NCPL,2017-05-08,"F día 2: corto apertura, stop máx. día 1 (día 1 cerró débil)",-0.02777777777777777,2015-19
NCPL,2017-07-31,"F día 2: corto apertura, stop máx. día 1 (día 1 cerró fuerte)",-0.02777777777777777,2015-19
NCPL,2017-11-24,"G first red day: corto al día siguiente, stop máx. día rojo",-0.9537037037037034,2015-19
NCPL,2018-07-11,"F día 2: corto apertura, stop máx. día 1 (día 1 cerró débil)",-0.009615384615384614,2015-19
NCPL,2019-02-28,"F día 2: corto apertura, stop máx. día 1 (día 1 cerró débil)",-0.018867924528301883,2015-19
NCPL,2020-11-11,"F día 2: corto apertura, stop máx. día 1 (día 1 cerró fuerte)",-0.1079039136949333,2020-22
NCPL,2022-12-13,"F día 2: corto apertura, stop máx. día 1 (día 1 cerró débil)",0.16814372456969212,2020-22
NCPL,2024-05-24,"F día 2: corto apertura, stop máx. día 1 (día 1 cerró débil)",0.07728217599379557,2023-26
NCPL,2024-07-22,"F día 2: corto apertura, stop máx. día 1 (día 1 cerró débil)",0.0396596386071983,2023-26
NCPL,2025-07-02,"G first red day: corto al día siguiente, stop máx. día rojo",-0.2339822588901263,2023-26
NCPL,2025-12-09,"F día 2: corto apertura, stop máx. día 1 (día 1 cerró débil)",0.010265373451999389,2023-26
NCPL,2026-09-21,"F día 2: corto apertura, stop máx. día 1 (día 1 cerró débil)",0.10476511207945849,2023-26
NCPL,2026-09-22,"G first red day: corto al día siguiente, stop máx. día rojo",-1.0666666677055276,2023-26
NCRA,2026-05-26,"F día 2: corto apertura, stop máx. día 1 (día 1 cerró débil)",0.06473474046145616,2023-26
NCRA,2026-07-29,"F día 2: corto apertura, stop máx. día 1 (día 1 cerró débil)",0.003576606916139383,2023-26
NCT,2026-05-28,"F día 2: corto apertura, stop máx. día 1 (día 1 cerró débil)",0.13714467543487482,2023-26
NCT,2026-09-14,"F día 2: corto apertura, stop máx. día 1 (día 1 cerró fuerte)",0.03535709706023236,2023-26
NCTY,2015-11-30,"G first red day: corto al día siguiente, stop máx. día rojo",0.5457487496322446,2015-19
NCTY,2018-10-19,"F día 2: corto apertura, stop máx. día 1 (día 1 cerró débil)",0.034542602543136534,2015-19
NCTY,2019-03-05,"F día 2: corto apertura, stop máx. día 1 (día 1 cerró débil)",0.08594539939332659,2015-19
NCTY,2019-03-25,"F día 2: corto apertura, stop máx. día 1 (día 1 cerró débil)",0.14047438535687207,2015-19
NCTY,2021-01-04,"F día 2: corto apertura, stop máx. día 1 (día 1 cerró débil)",-1.0327639734665466,2020-22
NCTY,2021-01-26,"G first red day: corto al día siguiente, stop máx. día rojo",0.39860145788185325,2020-22
NDRA,2024-06-05,"F día 2: corto apertura, stop máx. día 1 (día 1 cerró débil)",0.04364805881001608,2023-26
NDRA,2025-07-08,"F día 2: corto apertura, stop máx. día 1 (día 1 cerró débil)",-0.27049259408299126,2023-26
NDRA,2025-10-13,"F día 2: corto apertura, stop máx. día 1 (día 1 cerró débil)",-0.010042943853924692,2023-26
NEGG,2020-01-27,"F día 2: corto apertura, stop máx. día 1 (día 1 cerró fuerte)",4.362121547066707,2020-22
NEGG,2020-01-28,"G first red day: corto al día siguiente, stop máx. día rojo",0.05263137759554289,2020-22
NEGG,2020-02-03,"G first red day: corto al día siguiente, stop máx. día rojo",0.06498943784701751,2020-22
NEGG,2020-10-26,"F día 2: corto apertura, stop máx. día 1 (día 1 cerró débil)",-0.24180121343579453,2020-22
NEGG,2021-07-08,"G first red day: corto al día siguiente, stop máx. día rojo",0.03922607580330704,2020-22
NEGG,2025-07-14,"G first red day: corto al día siguiente, stop máx. día rojo",-0.005914621051830475,2023-26
NEGG,2025-08-15,"G first red day: corto al día siguiente, stop máx. día rojo",0.15738092186224478,2023-26
NEON,2024-08-22,"G first red day: corto al día siguiente, stop máx. día rojo",-0.18512486683429233,2023-26
NEOV,2026-06-22,"G first red day: corto al día siguiente, stop máx. día rojo",0.0623372337171165,2023-26
NERV,2015-01-06,"F día 2: corto apertura, stop máx. día 1 (día 1 cerró débil)",0.14901805061482176,2015-19
NERV,2016-05-26,"F día 2: corto apertura, stop máx. día 1 (día 1 cerró fuerte)",0.2517747860373995,2015-19
NERV,2019-06-24,"F día 2: corto apertura, stop máx. día 1 (día 1 cerró débil)",0.02981494430334523,2015-19
NERV,2025-10-21,"F día 2: corto apertura, stop máx. día 1 (día 1 cerró débil)",-0.0244664459310557,2023-26
NEUP,2023-09-28,"F día 2: corto apertura, stop máx. día 1 (día 1 cerró débil)",0.14019532633609225,2023-26
NEUP,2024-11-05,"F día 2: corto apertura, stop máx. día 1 (día 1 cerró débil)",0.6471756653036884,2023-26
NEUP,2024-12-24,"F día 2: corto apertura, stop máx. día 1 (día 1 cerró débil)",0.0690189830861934,2023-26
NEUP,2025-10-24,"F día 2: corto apertura, stop máx. día 1 (día 1 cerró débil)",0.5060701785072242,2023-26
NEXR,2023-04-10,"F día 2: corto apertura, stop máx. día 1 (día 1 cerró fuerte)",0.5263160950051375,2023-26
NEXR,2024-11-20,"F día 2: corto apertura, stop máx. día 1 (día 1 cerró fuerte)",-1.1148648789894993,2023-26
NEXR,2025-04-30,"F día 2: corto apertura, stop máx. día 1 (día 1 cerró fuerte)",-0.09377685623345579,2023-26
NEXR,2026-01-16,"F día 2: corto apertura, stop máx. día 1 (día 1 cerró débil)",-0.17013610905066015,2023-26
NEXR,2026-04-28,"F día 2: corto apertura, stop máx. día 1 (día 1 cerró débil)",-0.01713614863209604,2023-26
NEXR,2026-06-08,"F día 2: corto apertura, stop máx. día 1 (día 1 cerró débil)",0.039341454351384024,2023-26
NEXT,2017-07-25,"F día 2: corto apertura, stop máx. día 1 (día 1 cerró débil)",-0.009748305321713021,2015-19
NEXT,2021-06-09,"G first red day: corto al día siguiente, stop máx. día rojo",-0.5249777296727293,2020-22
NFE,2026-09-15,"F día 2: corto apertura, stop máx. día 1 (día 1 cerró débil)",0.08311100583008574,2023-26
NFE,2026-09-16,"G first red day: corto al día siguiente, stop máx. día rojo",0.08293529362508445,2023-26
NGEN,2019-10-31,"F día 2: corto apertura, stop máx. día 1 (día 1 cerró débil)",-0.18581096046238488,2015-19
NGNE,2015-08-10,"F día 2: corto apertura, stop máx. día 1 (día 1 cerró débil)",0.23246143736873162,2015-19
NGNE,2019-12-11,"G first red day: corto al día siguiente, stop máx. día rojo",-1.1685441984901337,2015-19
NIKI,2020-09-29,"F día 2: corto apertura, stop máx. día 1 (día 1 cerró débil)",0.044044017479610065,2020-22
NIKI,2023-05-03,"F día 2: corto apertura, stop máx. día 1 (día 1 cerró débil)",-0.05385120136916409,2023-26
NIKI,2024-03-06,"F día 2: corto apertura, stop máx. día 1 (día 1 cerró débil)",0.012970155029868122,2023-26
NIKI,2024-12-31,"F día 2: corto apertura, stop máx. día 1 (día 1 cerró débil)",0.2180278314487646,2023-26
NIKI,2025-01-02,"G first red day: corto al día siguiente, stop máx. día rojo",0.010384331110620447,2023-26
NIKI,2025-08-21,"F día 2: corto apertura, stop máx. día 1 (día 1 cerró fuerte)",-0.02877804603766147,2023-26
NIKI,2026-07-20,"F día 2: corto apertura, stop máx. día 1 (día 1 cerró débil)",-0.024160009585799818,2023-26
NIPG,2026-07-28,"G first red day: corto al día siguiente, stop máx. día rojo",0.7044561583148924,2023-26
NIVF,2024-04-24,"G first red day: corto al día siguiente, stop máx. día rojo",0.3292604501607717,2023-26
NIVF,2025-02-11,"F día 2: corto apertura, stop máx. día 1 (día 1 cerró débil)",-1.0329341317365268,2023-26
NIVF,2025-04-03,"F día 2: corto apertura, stop máx. día 1 (día 1 cerró débil)",0.0820214300432722,2023-26
NIVF,2025-06-03,"F día 2: corto apertura, stop máx. día 1 (día 1 cerró débil)",-0.0589456205894562,2023-26
NIVF,2025-11-03,"F día 2: corto apertura, stop máx. día 1 (día 1 cerró débil)",-0.06743559545101575,2023-26
NIXX,2016-12-16,"F día 2: corto apertura, stop máx. día 1 (día 1 cerró débil)",-0.02874742437831384,2015-19
NIXX,2016-12-27,"F día 2: corto apertura, stop máx. día 1 (día 1 cerró débil)",-0.006286145745693366,2015-19
NIXX,2017-07-11,"F día 2: corto apertura, stop máx. día 1 (día 1 cerró fuerte)",-0.0012087912087912088,2015-19
NIXX,2017-10-26,"G first red day: corto al día siguiente, stop máx. día rojo",-0.03424657534246576,2015-19
NIXX,2019-04-08,"F día 2: corto apertura, stop máx. día 1 (día 1 cerró débil)",0.18321513002364062,2015-19
NIXX,2019-04-09,"G first red day: corto al día siguiente, stop máx. día rojo",0.8701250919793965,2015-19
NIXX,2020-01-10,"F día 2: corto apertura, stop máx. día 1 (día 1 cerró débil)",0.03881650380021716,2020-22
NIXX,2023-06-06,"F día 2: corto apertura, stop máx. día 1 (día 1 cerró débil)",0.10808606425136309,2023-26
NIXX,2024-10-17,"F día 2: corto apertura, stop máx. día 1 (día 1 cerró débil)",-0.05429496641483647,2023-26
NKTR,2025-06-24,"F día 2: corto apertura, stop máx. día 1 (día 1 cerró fuerte)",-1.0741889033433896,2023-26
NKTX,2022-04-25,"F día 2: corto apertura, stop máx. día 1 (día 1 cerró fuerte)",-0.20783621656016213,2020-22
NMAD,2015-03-05,"F día 2: corto apertura, stop máx. día 1 (día 1 cerró débil)",-0.018867924528301886,2015-19
NMAD,2015-11-30,"F día 2: corto apertura, stop máx. día 1 (día 1 cerró débil)",-1.0288683573947517,2015-19
NMAD,2016-01-14,"F día 2: corto apertura, stop máx. día 1 (día 1 cerró débil)",-0.018867924528301886,2015-19
NMAD,2018-06-25,"G first red day: corto al día siguiente, stop máx. día rojo",-0.9355555478633664,2015-19
NMAD,2018-08-23,"G first red day: corto al día siguiente, stop máx. día rojo",-0.23439029077109413,2015-19
NMAD,2021-02-26,"F día 2: corto apertura, stop máx. día 1 (día 1 cerró débil)",0.03456413482291826,2020-22
NMAD,2022-01-05,"F día 2: corto apertura, stop máx. día 1 (día 1 cerró débil)",-0.2262584043834612,2020-22
NMAD,2022-04-12,"F día 2: corto apertura, stop máx. día 1 (día 1 cerró débil)",-0.034193131558570525,2020-22
NMAD,2024-03-27,"F día 2: corto apertura, stop máx. día 1 (día 1 cerró débil)",0.09703462755960109,2023-26
NMAD,2024-10-29,"F día 2: corto apertura, stop máx. día 1 (día 1 cerró fuerte)",-0.27752667653000807,2023-26
NMAD,2025-07-07,"G first red day: corto al día siguiente, stop máx. día rojo",-1.0688046211081978,2023-26
NMTC,2018-10-03,"G first red day: corto al día siguiente, stop máx. día rojo",0.04619443612370707,2015-19
NMTC,2019-02-26,"G first red day: corto al día siguiente, stop máx. día rojo",0.3040473602302032,2015-19
NNDM,2018-06-11,"F día 2: corto apertura, stop máx. día 1 (día 1 cerró débil)",0.21316813800916207,2015-19
NNDM,2019-10-23,"F día 2: corto apertura, stop máx. día 1 (día 1 cerró débil)",0.05703988645747462,2015-19
NNDM,2020-03-31,"G first red day: corto al día siguiente, stop máx. día rojo",0.5164834309261507,2020-22
NNDM,2020-04-06,"F día 2: corto apertura, stop máx. día 1 (día 1 cerró débil)",-0.0699226245448453,2020-22
NNDM,2020-04-16,"G first red day: corto al día siguiente, stop máx. día rojo",-0.008479557384772584,2020-22
NNDM,2020-05-19,"F día 2: corto apertura, stop máx. día 1 (día 1 cerró fuerte)",-1.0382416020065381,2020-22
NNE,2024-05-31,"G first red day: corto al día siguiente, stop máx. día rojo",0.26275467166471894,2023-26
NNE,2024-06-26,"G first red day: corto al día siguiente, stop máx. día rojo",0.40025208994013955,2023-26
NNOX,2021-04-05,"F día 2: corto apertura, stop máx. día 1 (día 1 cerró débil)",0.1088496967269128,2020-22
NNOX,2024-02-15,"F día 2: corto apertura, stop máx. día 1 (día 1 cerró débil)",-1.0338524057501592,2023-26
NNOX,2024-02-20,"G first red day: corto al día siguiente, stop máx. día rojo",0.2893154258177391,2023-26
NNVC,2020-01-27,"F día 2: corto apertura, stop máx. día 1 (día 1 cerró fuerte)",0.6511849169597531,2020-22
NNVC,2020-01-28,"G first red day: corto al día siguiente, stop máx. día rojo",-0.07375681498284076,2020-22
NNVC,2020-01-31,"F día 2: corto apertura, stop máx. día 1 (día 1 cerró débil)",0.305458181644,2020-22
NNVC,2020-02-03,"G first red day: corto al día siguiente, stop máx. día rojo",-0.23527637597765036,2020-22
NNVC,2020-02-24,"F día 2: corto apertura, stop máx. día 1 (día 1 cerró débil)",0.03943018975191303,2020-22
NNVC,2021-03-02,"F día 2: corto apertura, stop máx. día 1 (día 1 cerró débil)",0.20404673020010938,2020-22
NNVC,2022-05-23,"G first red day: corto al día siguiente, stop máx. día rojo",0.15640290218654704,2020-22
NRGV,2022-02-18,"F día 2: corto apertura, stop máx. día 1 (día 1 cerró débil)",-0.04155442113025909,2020-22
NRP,2016-01-25,"G first red day: corto al día siguiente, stop máx. día rojo",-1.134844964313892,2015-19
NRSN,2022-06-27,"F día 2: corto apertura, stop máx. día 1 (día 1 cerró débil)",-0.13591694126754977,2020-22
NRSN,2023-01-19,"F día 2: corto apertura, stop máx. día 1 (día 1 cerró débil)",-0.0067051504943765146,2023-26
NRSN,2026-09-15,"F día 2: corto apertura, stop máx. día 1 (día 1 cerró fuerte)",-1.1778676092830533,2023-26
NRXP,2020-12-23,"G first red day: corto al día siguiente, stop máx. día rojo",0.11503821988739583,2020-22
NRXP,2021-03-29,"F día 2: corto apertura, stop máx. día 1 (día 1 cerró débil)",0.12486931971248043,2020-22
NRXP,2021-07-26,"G first red day: corto al día siguiente, stop máx. día rojo",-0.23612175723247947,2020-22
NRXP,2025-01-03,"G first red day: corto al día siguiente, stop máx. día rojo",-0.6919981683014356,2023-26
NRXP,2025-01-08,"G first red day: corto al día siguiente, stop máx. día rojo",-1.033398472984235,2023-26
NRXS,2025-05-20,"F día 2: corto apertura, stop máx. día 1 (día 1 cerró débil)",-0.06919376087404681,2023-26
NSPR,2018-01-10,"G first red day: corto al día siguiente, stop máx. día rojo",0.32710280373831774,2015-19
NSPR,2021-01-06,"G first red day: corto al día siguiente, stop máx. día rojo",0.24346438750712587,2020-22
NSYS,2019-11-13,"F día 2: corto apertura, stop máx. día 1 (día 1 cerró débil)",-0.11091832659346088,2015-19
NSYS,2020-08-28,"F día 2: corto apertura, stop máx. día 1 (día 1 cerró débil)",-0.4181182854342893,2020-22
NTHI,2025-04-07,"G first red day: corto al día siguiente, stop máx. día rojo",0.009036098618105231,2023-26
NTHI,2025-11-26,"G first red day: corto al día siguiente, stop máx. día rojo",-1.106889835204284,2023-26
NTLA,2021-06-28,"F día 2: corto apertura, stop máx. día 1 (día 1 cerró fuerte)",-1.0777602879473507,2020-22
NTRB,2021-12-31,"F día 2: corto apertura, stop máx. día 1 (día 1 cerró fuerte)",-0.20464748919922368,2020-22
NTRB,2022-06-28,"G first red day: corto al día siguiente, stop máx. día rojo",-0.08232529778393154,2020-22
NTRB,2025-01-24,"G first red day: corto al día siguiente, stop máx. día rojo",-0.014760161677849685,2023-26
NTRP,2017-01-25,"G first red day: corto al día siguiente, stop máx. día rojo",-0.46112040133779264,2015-19
NTRP,2020-08-25,"F día 2: corto apertura, stop máx. día 1 (día 1 cerró débil)",0.058685314152695095,2020-22
NTRP,2023-09-07,"F día 2: corto apertura, stop máx. día 1 (día 1 cerró débil)",-0.022090766644153666,2023-26
NTRP,2023-10-13,"F día 2: corto apertura, stop máx. día 1 (día 1 cerró débil)",0.031990008691388884,2023-26
NTRP,2024-01-03,"F día 2: corto apertura, stop máx. día 1 (día 1 cerró débil)",-0.04203082174201447,2023-26
NUAI,2025-01-02,"G first red day: corto al día siguiente, stop máx. día rojo",0.02572587199080336,2023-26
NUAI,2025-01-22,"F día 2: corto apertura, stop máx. día 1 (día 1 cerró débil)",-0.06820483167019668,2023-26
NUAI,2025-06-12,"F día 2: corto apertura, stop máx. día 1 (día 1 cerró débil)",0.019934955457723464,2023-26
NUAI,2025-09-30,"G first red day: corto al día siguiente, stop máx. día rojo",0.49503053583279255,2023-26
NUAI,2025-10-21,"G first red day: corto al día siguiente, stop máx. día rojo",0.03502962481479181,2023-26
NUVB,2024-03-28,"G first red day: corto al día siguiente, stop máx. día rojo",-0.11419753056137436,2023-26
NUWE,2020-03-03,"G first red day: corto al día siguiente, stop máx. día rojo",-0.10916032737009104,2020-22
NUWE,2020-03-12,"F día 2: corto apertura, stop máx. día 1 (día 1 cerró débil)",-0.020376172734523794,2020-22
NUWE,2022-08-31,"F día 2: corto apertura, stop máx. día 1 (día 1 cerró débil)",0.04370015948963318,2020-22
NUWE,2022-12-30,"G first red day: corto al día siguiente, stop máx. día rojo",-0.27366387636831946,2020-22
NUWE,2024-05-07,"F día 2: corto apertura, stop máx. día 1 (día 1 cerró débil)",-0.17610062893081765,2023-26
NUWE,2024-10-23,"G first red day: corto al día siguiente, stop máx. día rojo",0.21724818942171784,2023-26
NUWE,2024-11-04,"F día 2: corto apertura, stop máx. día 1 (día 1 cerró débil)",0.35798850789223724,2023-26
NUWE,2025-07-16,"F día 2: corto apertura, stop máx. día 1 (día 1 cerró débil)",-0.13524014260212433,2023-26
NUWE,2026-01-27,"F día 2: corto apertura, stop máx. día 1 (día 1 cerró débil)",-0.23206623835618204,2023-26
NUWE,2026-07-30,"F día 2: corto apertura, stop máx. día 1 (día 1 cerró débil)",-0.0036340851663575462,2023-26
NVA,2025-10-14,"F día 2: corto apertura, stop máx. día 1 (día 1 cerró fuerte)",0.9791131052095111,2023-26
NVA,2025-10-15,"G first red day: corto al día siguiente, stop máx. día rojo",-1.0525600013949925,2023-26
NVAX,2020-01-21,"F día 2: corto apertura, stop máx. día 1 (día 1 cerró fuerte)",0.6664825906609413,2020-22
NVAX,2020-01-22,"G first red day: corto al día siguiente, stop máx. día rojo",0.17873453966954964,2020-22
NVAX,2020-03-02,"G first red day: corto al día siguiente, stop máx. día rojo",-0.08752670813933533,2020-22
NVAX,2020-05-12,"F día 2: corto apertura, stop máx. día 1 (día 1 cerró débil)",-0.26741099037242305,2020-22
NVAX,2021-02-02,"G first red day: corto al día siguiente, stop máx. día rojo",-1.1199954121633195,2020-22
NVAX,2024-05-10,"F día 2: corto apertura, stop máx. día 1 (día 1 cerró débil)",-1.0633333132209917,2023-26
NVCR,2017-04-03,"F día 2: corto apertura, stop máx. día 1 (día 1 cerró débil)",0.07144574296680128,2015-19
NVCR,2021-04-13,"F día 2: corto apertura, stop máx. día 1 (día 1 cerró débil)",-0.1042421044536168,2020-22
NVCR,2023-01-05,"F día 2: corto apertura, stop máx. día 1 (día 1 cerró fuerte)",0.4801401575352526,2023-26
NVCT,2022-05-09,"G first red day: corto al día siguiente, stop máx. día rojo",0.12984523558551875,2020-22
NVGS,2020-06-02,"G first red day: corto al día siguiente, stop máx. día rojo",0.4166667214754945,2020-22
NVNI,2024-12-20,"F día 2: corto apertura, stop máx. día 1 (día 1 cerró fuerte)",0.24916569073079967,2023-26
NVNI,2024-12-23,"G first red day: corto al día siguiente, stop máx. día rojo",-0.2065049044914817,2023-26
NVNI,2025-05-01,"F día 2: corto apertura, stop máx. día 1 (día 1 cerró débil)",0.056416625927614886,2023-26
NVNI,2025-05-01,"G first red day: corto al día siguiente, stop máx. día rojo",0.056416625927614886,2023-26
NVNO,2019-03-14,"F día 2: corto apertura, stop máx. día 1 (día 1 cerró débil)",-0.2435813034891376,2015-19
NVNO,2020-06-01,"F día 2: corto apertura, stop máx. día 1 (día 1 cerró débil)",0.16933333333333334,2020-22
NVTS,2025-05-22,"F día 2: corto apertura, stop máx. día 1 (día 1 cerró fuerte)",0.06497088053439361,2023-26
NWGL,2025-06-20,"G first red day: corto al día siguiente, stop máx. día rojo",0.04724803890119115,2023-26
NWGL,2026-08-21,"G first red day: corto al día siguiente, stop máx. día rojo",-0.310296401702816,2023-26
NWTG,2025-01-31,"G first red day: corto al día siguiente, stop máx. día rojo",-0.29406525019222096,2023-26
NWTG,2025-03-13,"F día 2: corto apertura, stop máx. día 1 (día 1 cerró débil)",0.19129014803189082,2023-26
NWTG,2025-04-08,"G first red day: corto al día siguiente, stop máx. día rojo",0.13770684404071365,2023-26
NXAT,2025-06-04,"F día 2: corto apertura, stop máx. día 1 (día 1 cerró débil)",0.6848081654860219,2023-26
NXAT,2025-06-11,"G first red day: corto al día siguiente, stop máx. día rojo",0.599203178115928,2023-26
NXH,2020-03-25,"G first red day: corto al día siguiente, stop máx. día rojo",0.2197777288743121,2020-22
NXL,2024-04-03,"G first red day: corto al día siguiente, stop máx. día rojo",0.6385467343320226,2023-26
NXL,2024-10-18,"G first red day: corto al día siguiente, stop máx. día rojo",-1.091703072569882,2023-26
NXL,2025-10-08,"F día 2: corto apertura, stop máx. día 1 (día 1 cerró fuerte)",0.4143241312767053,2023-26
NXPL,2015-02-26,"F día 2: corto apertura, stop máx. día 1 (día 1 cerró débil)",-0.013855021059632011,2015-19
NXPL,2016-05-18,"G first red day: corto al día siguiente, stop máx. día rojo",0.46584699453551914,2015-19
NXPL,2016-10-17,"F día 2: corto apertura, stop máx. día 1 (día 1 cerró débil)",-0.018867924528301886,2015-19
NXPL,2016-11-11,"F día 2: corto apertura, stop máx. día 1 (día 1 cerró débil)",-0.018867924528301886,2015-19
NXPL,2017-02-24,"F día 2: corto apertura, stop máx. día 1 (día 1 cerró débil)",-0.018867924528301886,2015-19
NXPL,2017-02-28,"F día 2: corto apertura, stop máx. día 1 (día 1 cerró débil)",-0.018867924528301886,2015-19
NXPL,2017-03-10,"F día 2: corto apertura, stop máx. día 1 (día 1 cerró débil)",-0.018867924528301886,2015-19
NXPL,2017-03-21,"F día 2: corto apertura, stop máx. día 1 (día 1 cerró débil)",-0.018867924528301886,2015-19
NXPL,2017-09-28,"F día 2: corto apertura, stop máx. día 1 (día 1 cerró débil)",-0.009615384615384616,2015-19
NXPL,2018-03-07,"F día 2: corto apertura, stop máx. día 1 (día 1 cerró débil)",-0.009615384615384616,2015-19
NXPL,2019-02-08,"F día 2: corto apertura, stop máx. día 1 (día 1 cerró débil)",-0.00925240562546262,2015-19
NXPL,2019-05-16,"F día 2: corto apertura, stop máx. día 1 (día 1 cerró débil)",-0.02558139534883721,2015-19
NXPL,2019-06-07,"F día 2: corto apertura, stop máx. día 1 (día 1 cerró débil)",-0.009615384615384616,2015-19
NXPL,2019-06-12,"F día 2: corto apertura, stop máx. día 1 (día 1 cerró débil)",-0.06779661016949153,2015-19
NXPL,2019-08-14,"F día 2: corto apertura, stop máx. día 1 (día 1 cerró débil)",-0.009237875288683603,2015-19
NXPL,2020-09-25,"F día 2: corto apertura, stop máx. día 1 (día 1 cerró débil)",-0.005802816901408451,2020-22
NXPL,2020-11-19,"F día 2: corto apertura, stop máx. día 1 (día 1 cerró fuerte)",-1.2956730769230766,2020-22
NXPL,2021-07-06,"F día 2: corto apertura, stop máx. día 1 (día 1 cerró débil)",0.2630594418979481,2020-22
NXPL,2021-07-13,"F día 2: corto apertura, stop máx. día 1 (día 1 cerró débil)",0.018674944036180436,2020-22
NXPL,2024-04-12,"F día 2: corto apertura, stop máx. día 1 (día 1 cerró débil)",0.0638535285277786,2023-26
NXTC,2025-10-20,"G first red day: corto al día siguiente, stop máx. día rojo",-1.0852656854747074,2023-26
NXTC,2026-07-14,"F día 2: corto apertura, stop máx. día 1 (día 1 cerró débil)",-0.25452167485871857,2023-26
NXTS,2020-06-02,"F día 2: corto apertura, stop máx. día 1 (día 1 cerró débil)",-0.10769230769230759,2020-22
NXTS,2020-06-24,"F día 2: corto apertura, stop máx. día 1 (día 1 cerró fuerte)",-0.019590624246476247,2020-22
NXTS,2020-06-29,"F día 2: corto apertura, stop máx. día 1 (día 1 cerró débil)",-0.010511882998171846,2020-22
NXTS,2023-08-07,"F día 2: corto apertura, stop máx. día 1 (día 1 cerró débil)",-0.13622666683256282,2023-26
NXTS,2023-12-07,"F día 2: corto apertura, stop máx. día 1 (día 1 cerró débil)",-0.06082124655413743,2023-26
NXTS,2025-01-03,"F día 2: corto apertura, stop máx. día 1 (día 1 cerró débil)",0.012877549655552224,2023-26
NXTS,2025-01-06,"G first red day: corto al día siguiente, stop máx. día rojo",0.4513532851157649,2023-26
NXTS,2025-05-05,"F día 2: corto apertura, stop máx. día 1 (día 1 cerró fuerte)",0.31253546179847796,2023-26
NXTS,2025-05-06,"G first red day: corto al día siguiente, stop máx. día rojo",0.14218719285278486,2023-26
NXTS,2026-06-22,"F día 2: corto apertura, stop máx. día 1 (día 1 cerró débil)",0.042127320564469176,2023-26
NXTT,2022-08-05,"F día 2: corto apertura, stop máx. día 1 (día 1 cerró débil)",0.0684299125930722,2020-22
NXTT,2023-05-17,"F día 2: corto apertura, stop máx. día 1 (día 1 cerró débil)",0.5117565698478561,2023-26
NXTT,2023-06-14,"F día 2: corto apertura, stop máx. día 1 (día 1 cerró débil)",0.03024882741076397,2023-26
NXTT,2024-08-02,"G first red day: corto al día siguiente, stop máx. día rojo",0.6544991511035654,2023-26
NXTT,2025-05-12,"F día 2: corto apertura, stop máx. día 1 (día 1 cerró débil)",0.09584221748400854,2023-26
NXTT,2025-05-13,"G first red day: corto al día siguiente, stop máx. día rojo",0.8903805292640525,2023-26
NXTT,2025-09-12,"G first red day: corto al día siguiente, stop máx. día rojo",-0.15005378271782002,2023-26
NXXT,2023-05-04,"G first red day: corto al día siguiente, stop máx. día rojo",-0.3421991252248318,2023-26
NXXT,2023-05-08,"F día 2: corto apertura, stop máx. día 1 (día 1 cerró débil)",-0.18752744616431788,2023-26
NXXT,2026-05-18,"F día 2: corto apertura, stop máx. día 1 (día 1 cerró débil)",-1.0243554744923453,2023-26
NXXT,2026-05-20,"G first red day: corto al día siguiente, stop máx. día rojo",0.0078124756631738354,2023-26
NXXT,2026-09-15,"F día 2: corto apertura, stop máx. día 1 (día 1 cerró débil)",-0.11294302584749985,2023-26
NYXH,2024-01-30,"G first red day: corto al día siguiente, stop máx. día rojo",-1.0690582049138255,2023-26
OBAI,2026-02-17,"F día 2: corto apertura, stop máx. día 1 (día 1 cerró débil)",0.06464955393826581,2023-26
OBE,2019-12-10,"G first red day: corto al día siguiente, stop máx. día rojo",-0.10274786851410042,2015-19
OBX,2026-08-04,"F día 2: corto apertura, stop máx. día 1 (día 1 cerró débil)",0.05674934430449035,2023-26
OBX,2026-08-05,"G first red day: corto al día siguiente, stop máx. día rojo",-0.39336193620347015,2023-26
OCC,2026-06-08,"F día 2: corto apertura, stop máx. día 1 (día 1 cerró débil)",-0.6840102103761003,2023-26
OCG,2020-12-17,"F día 2: corto apertura, stop máx. día 1 (día 1 cerró débil)",0.05124566219505878,2020-22
OCGN,2016-08-17,"G first red day: corto al día siguiente, stop máx. día rojo",0.36595160626640705,2015-19
OCGN,2019-01-07,"G first red day: corto al día siguiente, stop máx. día rojo",0.21411037670724367,2015-19
OCGN,2019-04-08,"F día 2: corto apertura, stop máx. día 1 (día 1 cerró débil)",0.07651705350086305,2015-19
OCGN,2019-04-10,"G first red day: corto al día siguiente, stop máx. día rojo",0.10099763741575575,2015-19
OCGN,2020-12-23,"F día 2: corto apertura, stop máx. día 1 (día 1 cerró fuerte)",0.5253731912069447,2020-22
OCGN,2021-01-04,"F día 2: corto apertura, stop máx. día 1 (día 1 cerró débil)",0.30542380301988886,2020-22
OCGN,2021-02-08,"F día 2: corto apertura, stop máx. día 1 (día 1 cerró fuerte)",0.03232666697448659,2020-22
OCGN,2021-02-09,"G first red day: corto al día siguiente, stop máx. día rojo",0.35148719077173435,2020-22
ODYS,2022-05-18,"F día 2: corto apertura, stop máx. día 1 (día 1 cerró fuerte)",-0.09523809523809525,2020-22
ODYS,2026-05-11,"F día 2: corto apertura, stop máx. día 1 (día 1 cerró débil)",-0.0028481411632447357,2023-26
OFAL,2025-07-15,"G first red day: corto al día siguiente, stop máx. día rojo",0.27374104063556637,2023-26
OFAL,2026-08-12,"F día 2: corto apertura, stop máx. día 1 (día 1 cerró débil)",0.058354798665507565,2023-26
OGEN,2018-01-26,"G first red day: corto al día siguiente, stop máx. día rojo",0.8987551867219913,2015-19
OGEN,2018-03-09,"G first red day: corto al día siguiente, stop máx. día rojo",0.40129500947567903,2015-19
OGEN,2018-05-30,"F día 2: corto apertura, stop máx. día 1 (día 1 cerró débil)",0.23503724633958378,2015-19
OGEN,2018-09-25,"G first red day: corto al día siguiente, stop máx. día rojo",-1.0466666666666666,2015-19
OGEN,2018-10-03,"G first red day: corto al día siguiente, stop máx. día rojo",-0.15506450376804187,2015-19
OGEN,2018-12-03,"G first red day: corto al día siguiente, stop máx. día rojo",-0.18096182449181958,2015-19
OGEN,2021-01-07,"F día 2: corto apertura, stop máx. día 1 (día 1 cerró débil)",0.03411078717201166,2020-22
OGEN,2021-03-09,"F día 2: corto apertura, stop máx. día 1 (día 1 cerró fuerte)",0.3429014740108612,2020-22
OGEN,2024-05-21,"G first red day: corto al día siguiente, stop máx. día rojo",1.5500000967106518,2023-26
OGEN,2025-02-05,"F día 2: corto apertura, stop máx. día 1 (día 1 cerró débil)",-0.00772200737674361,2023-26
OGEN,2025-06-02,"F día 2: corto apertura, stop máx. día 1 (día 1 cerró débil)",0.04568800354238956,2023-26
OGI,2021-02-11,"G first red day: corto al día siguiente, stop máx. día rojo",-0.1207926834243769,2020-22
OIO,2023-08-04,"F día 2: corto apertura, stop máx. día 1 (día 1 cerró débil)",0.1302029271730791,2023-26
OIO,2023-08-07,"G first red day: corto al día siguiente, stop máx. día rojo",0.5036167423876281,2023-26
OIO,2023-11-29,"G first red day: corto al día siguiente, stop máx. día rojo",0.2877711551919801,2023-26
OIO,2023-12-22,"G first red day: corto al día siguiente, stop máx. día rojo",0.725640907032651,2023-26
OKYO,2023-10-05,"G first red day: corto al día siguiente, stop máx. día rojo",-0.04281948403244913,2023-26
OLB,2018-04-26,"F día 2: corto apertura, stop máx. día 1 (día 1 cerró débil)",-0.018867924528301886,2015-19
OLB,2018-06-21,"F día 2: corto apertura, stop máx. día 1 (día 1 cerró débil)",-0.04464285714285715,2015-19
OLB,2018-10-01,"F día 2: corto apertura, stop máx. día 1 (día 1 cerró fuerte)",-0.11940298507462677,2015-19
OLB,2019-05-20,"F día 2: corto apertura, stop máx. día 1 (día 1 cerró débil)",-0.06779661016949157,2015-19
OLB,2021-02-10,"F día 2: corto apertura, stop máx. día 1 (día 1 cerró débil)",0.011726322200449547,2020-22
OLB,2021-11-02,"F día 2: corto apertura, stop máx. día 1 (día 1 cerró débil)",-0.07962616498016935,2020-22
OLB,2026-02-17,"F día 2: corto apertura, stop máx. día 1 (día 1 cerró fuerte)",0.16284984203131125,2023-26
OLB,2026-02-18,"G first red day: corto al día siguiente, stop máx. día rojo",0.27753086880624045,2023-26
OLMA,2025-11-18,"F día 2: corto apertura, stop máx. día 1 (día 1 cerró débil)",0.02301530379642085,2023-26
OLOX,2019-07-12,"F día 2: corto apertura, stop máx. día 1 (día 1 cerró débil)",-0.04229508196721311,2015-19
OLOX,2020-03-31,"F día 2: corto apertura, stop máx. día 1 (día 1 cerró fuerte)",0.19919322008207205,2020-22
OLOX,2020-09-25,"F día 2: corto apertura, stop máx. día 1 (día 1 cerró débil)",-0.07977885667219421,2020-22
OLOX,2020-10-16,"F día 2: corto apertura, stop máx. día 1 (día 1 cerró débil)",0.1515924584183492,2020-22
OLOX,2024-12-02,"F día 2: corto apertura, stop máx. día 1 (día 1 cerró débil)",-0.031381117870100964,2023-26
OLOX,2025-01-15,"F día 2: corto apertura, stop máx. día 1 (día 1 cerró débil)",-0.03555679477906643,2023-26
OLOX,2025-05-28,"F día 2: corto apertura, stop máx. día 1 (día 1 cerró fuerte)",-0.4650387099554154,2023-26
OLOX,2025-06-18,"G first red day: corto al día siguiente, stop máx. día rojo",0.2854726372070332,2023-26
OLOX,2025-08-06,"F día 2: corto apertura, stop máx. día 1 (día 1 cerró débil)",0.21818584898309348,2023-26
OLOX,2025-10-10,"F día 2: corto apertura, stop máx. día 1 (día 1 cerró débil)",0.10639258370896122,2023-26
OLOX,2025-11-14,"G first red day: corto al día siguiente, stop máx. día rojo",-1.0379847372720037,2023-26
OLOX,2026-05-29,"F día 2: corto apertura, stop máx. día 1 (día 1 cerró débil)",-0.46588091692425293,2023-26
OMER,2015-08-18,"F día 2: corto apertura, stop máx. día 1 (día 1 cerró débil)",0.1797182243553922,2015-19
OMER,2018-03-22,"F día 2: corto apertura, stop máx. día 1 (día 1 cerró débil)",0.1343732938759959,2015-19
OMER,2025-10-15,"F día 2: corto apertura, stop máx. día 1 (día 1 cerró débil)",-0.2416980310514131,2023-26
OMER,2025-12-24,"F día 2: corto apertura, stop máx. día 1 (día 1 cerró débil)",-0.19355439488840195,2023-26
OMEX,2018-03-22,"F día 2: corto apertura, stop máx. día 1 (día 1 cerró débil)",-0.16594541486796582,2015-19
OMEX,2024-09-18,"F día 2: corto apertura, stop máx. día 1 (día 1 cerró fuerte)",0.21755594505019216,2023-26
OMEX,2024-12-03,"G first red day: corto al día siguiente, stop máx. día rojo",-0.3969598368729349,2023-26
OMEX,2025-04-25,"F día 2: corto apertura, stop máx. día 1 (día 1 cerró débil)",-1.1076923016965743,2023-26
OMEX,2025-04-28,"G first red day: corto al día siguiente, stop máx. día rojo",0.18565331120541287,2023-26
OMEX,2026-04-08,"F día 2: corto apertura, stop máx. día 1 (día 1 cerró débil)",0.03169874427661536,2023-26
OMH,2023-05-16,"G first red day: corto al día siguiente, stop máx. día rojo",0.02892018779342723,2023-26
OMH,2024-02-13,"F día 2: corto apertura, stop máx. día 1 (día 1 cerró débil)",0.03354978354978355,2023-26
OMH,2025-03-10,"F día 2: corto apertura, stop máx. día 1 (día 1 cerró fuerte)",0.35430463576158927,2023-26
OMH,2025-04-22,"G first red day: corto al día siguiente, stop máx. día rojo",0.07097394019454785,2023-26
OMH,2025-06-09,"F día 2: corto apertura, stop máx. día 1 (día 1 cerró fuerte)",-0.13424501424501423,2023-26
ONCO,2022-07-27,"F día 2: corto apertura, stop máx. día 1 (día 1 cerró débil)",-0.2035015593989226,2020-22
ONCO,2023-06-14,"F día 2: corto apertura, stop máx. día 1 (día 1 cerró débil)",-0.07367933271547729,2023-26
ONCO,2024-01-25,"F día 2: corto apertura, stop máx. día 1 (día 1 cerró débil)",-0.05229146844275293,2023-26
ONCO,2024-07-18,"F día 2: corto apertura, stop máx. día 1 (día 1 cerró débil)",0.16364779874213836,2023-26
ONCO,2024-09-27,"F día 2: corto apertura, stop máx. día 1 (día 1 cerró fuerte)",0.2187890694766922,2023-26
ONCO,2024-12-31,"F día 2: corto apertura, stop máx. día 1 (día 1 cerró débil)",-0.04884874697875588,2023-26
ONCO,2026-02-12,"G first red day: corto al día siguiente, stop máx. día rojo",0.7873665027912543,2023-26
ONCO,2026-03-27,"F día 2: corto apertura, stop máx. día 1 (día 1 cerró débil)",-0.022159050846185295,2023-26
ONCY,2017-03-06,"G first red day: corto al día siguiente, stop máx. día rojo",0.1670041486773125,2015-19
ONCY,2020-01-02,"G first red day: corto al día siguiente, stop máx. día rojo",-0.06040742102857607,2020-22
ONCY,2021-02-17,"F día 2: corto apertura, stop máx. día 1 (día 1 cerró débil)",0.17020490345159942,2020-22
ONDS,2025-03-11,"F día 2: corto apertura, stop máx. día 1 (día 1 cerró débil)",-0.027063922209209054,2023-26
ONEG,2025-08-13,"G first red day: corto al día siguiente, stop máx. día rojo",0.0013580543900584623,2023-26
ONFO,2023-05-26,"F día 2: corto apertura, stop máx. día 1 (día 1 cerró débil)",0.014937388193202145,2023-26
ONFO,2026-04-16,"F día 2: corto apertura, stop máx. día 1 (día 1 cerró débil)",0.005804891869418345,2023-26
ONMD,2024-01-29,"F día 2: corto apertura, stop máx. día 1 (día 1 cerró fuerte)",-1.0174551417040225,2023-26
ONMD,2024-05-23,"F día 2: corto apertura, stop máx. día 1 (día 1 cerró fuerte)",-1.1716739289300893,2023-26
ONMD,2025-06-24,"F día 2: corto apertura, stop máx. día 1 (día 1 cerró débil)",-0.021496463023772897,2023-26
OPAD,2025-07-17,"G first red day: corto al día siguiente, stop máx. día rojo",0.03784655215313804,2023-26
OPAD,2026-01-09,"F día 2: corto apertura, stop máx. día 1 (día 1 cerró débil)",0.05299414199286935,2023-26
OPAD,2026-06-05,"F día 2: corto apertura, stop máx. día 1 (día 1 cerró débil)",0.45340034964209036,2023-26
OPCH,2017-03-07,"G first red day: corto al día siguiente, stop máx. día rojo",-1.1249999013894505,2015-19
OPEN,2025-07-22,"G first red day: corto al día siguiente, stop máx. día rojo",0.14681657298516596,2023-26
OPHC,2020-06-17,"F día 2: corto apertura, stop máx. día 1 (día 1 cerró débil)",-0.15196509773551084,2020-22
OPLN,2022-02-25,"F día 2: corto apertura, stop máx. día 1 (día 1 cerró débil)",-0.033506659849030895,2020-22
OPTT,2016-07-18,"G first red day: corto al día siguiente, stop máx. día rojo",-1.0340101503904637,2015-19
OPTT,2016-07-21,"G first red day: corto al día siguiente, stop máx. día rojo",-0.35653285972431403,2015-19
OPTT,2017-04-24,"F día 2: corto apertura, stop máx. día 1 (día 1 cerró débil)",0.2022972648326669,2015-19
OPTT,2019-04-03,"F día 2: corto apertura, stop máx. día 1 (día 1 cerró débil)",0.004323216456410753,2015-19
OPTT,2020-10-08,"G first red day: corto al día siguiente, stop máx. día rojo",-1.0312777869274827,2020-22
OPTT,2020-11-24,"F día 2: corto apertura, stop máx. día 1 (día 1 cerró débil)",-0.22181575224659064,2020-22
OPTT,2024-07-02,"F día 2: corto apertura, stop máx. día 1 (día 1 cerró fuerte)",0.45634274660673757,2023-26
OPTT,2024-07-03,"G first red day: corto al día siguiente, stop máx. día rojo",0.2995008011172749,2023-26
OPTT,2026-01-28,"G first red day: corto al día siguiente, stop máx. día rojo",0.47027964034148206,2023-26
OPTT,2026-09-14,"F día 2: corto apertura, stop máx. día 1 (día 1 cerró débil)",0.6156903981622824,2023-26
OPTU,2026-06-01,"F día 2: corto apertura, stop máx. día 1 (día 1 cerró débil)",0.3323644405136196,2023-26
OPTX,2023-11-02,"F día 2: corto apertura, stop máx. día 1 (día 1 cerró débil)",0.06173077429020316,2023-26
OPTX,2024-06-26,"F día 2: corto apertura, stop máx. día 1 (día 1 cerró débil)",0.03494527131084631,2023-26
OPTX,2024-12-17,"F día 2: corto apertura, stop máx. día 1 (día 1 cerró débil)",0.2576003500604708,2023-26
OPTX,2024-12-18,"G first red day: corto al día siguiente, stop máx. día rojo",0.9088895406451863,2023-26
OPXS,2015-05-28,"F día 2: corto apertura, stop máx. día 1 (día 1 cerró débil)",-0.018867924528301886,2015-19
OPXS,2015-06-17,"F día 2: corto apertura, stop máx. día 1 (día 1 cerró fuerte)",-0.9298245614035083,2015-19
ORBS,2024-09-25,"F día 2: corto apertura, stop máx. día 1 (día 1 cerró débil)",0.25754504848849125,2023-26
ORBS,2024-12-30,"F día 2: corto apertura, stop máx. día 1 (día 1 cerró fuerte)",0.6072982756796415,2023-26
ORBS,2025-09-08,"F día 2: corto apertura, stop máx. día 1 (día 1 cerró débil)",0.14358000186390285,2023-26
ORGO,2019-01-10,"F día 2: corto apertura, stop máx. día 1 (día 1 cerró débil)",-0.015576420835493581,2015-19
ORIC,2022-12-27,"G first red day: corto al día siguiente, stop máx. día rojo",-1.1183979754218392,2020-22
ORIO,2020-03-27,"G first red day: corto al día siguiente, stop máx. día rojo",-1.073111112845778,2020-22
ORIO,2020-07-15,"F día 2: corto apertura, stop máx. día 1 (día 1 cerró débil)",0.03640370898407462,2020-22
ORIO,2020-11-06,"F día 2: corto apertura, stop máx. día 1 (día 1 cerró débil)",-0.31629233421259184,2020-22
ORIO,2025-07-02,"F día 2: corto apertura, stop máx. día 1 (día 1 cerró débil)",0.13930654107167803,2023-26
ORKA,2018-03-01,"G first red day: corto al día siguiente, stop máx. día rojo",0.10951034627024896,2015-19
ORKA,2019-02-20,"F día 2: corto apertura, stop máx. día 1 (día 1 cerró débil)",0.2300927871267058,2015-19
ORKA,2019-05-02,"F día 2: corto apertura, stop máx. día 1 (día 1 cerró débil)",0.2274315837269604,2015-19
ORKA,2019-05-03,"G first red day: corto al día siguiente, stop máx. día rojo",-0.35909365568331536,2015-19
ORKA,2020-05-28,"F día 2: corto apertura, stop máx. día 1 (día 1 cerró fuerte)",0.13594854106050025,2020-22
ORKA,2024-04-03,"F día 2: corto apertura, stop máx. día 1 (día 1 cerró débil)",-0.12391466737455223,2023-26
ORMP,2021-01-26,"G first red day: corto al día siguiente, stop máx. día rojo",-0.42151708710335833,2020-22
OSBC,2020-03-16,"F día 2: corto apertura, stop máx. día 1 (día 1 cerró débil)",-0.09455013317052757,2020-22
OSTX,2024-12-13,"G first red day: corto al día siguiente, stop máx. día rojo",-0.2325354486787288,2023-26
OSTX,2025-01-15,"F día 2: corto apertura, stop máx. día 1 (día 1 cerró débil)",0.03738679262894425,2023-26
OTLK,2021-02-09,"G first red day: corto al día siguiente, stop máx. día rojo",0.09942050184469411,2020-22
OTLK,2024-03-22,"F día 2: corto apertura, stop máx. día 1 (día 1 cerró débil)",0.04436271848191876,2023-26
OTLK,2026-05-26,"F día 2: corto apertura, stop máx. día 1 (día 1 cerró débil)",-1.0443556673487806,2023-26
OTLK,2026-05-29,"G first red day: corto al día siguiente, stop máx. día rojo",-1.0815098581074072,2023-26
OVID,2021-03-03,"F día 2: corto apertura, stop máx. día 1 (día 1 cerró débil)",-0.16825386514147658,2020-22
OVV,2020-03-10,"F día 2: corto apertura, stop máx. día 1 (día 1 cerró débil)",-0.11255728917608569,2020-22
OXBR,2020-08-11,"F día 2: corto apertura, stop máx. día 1 (día 1 cerró débil)",-0.39783730398910394,2020-22
OXBR,2021-01-28,"G first red day: corto al día siguiente, stop máx. día rojo",0.029267975871594864,2020-22
PAAI,2016-10-20,"G first red day: corto al día siguiente, stop máx. día rojo",-0.11710834287669206,2015-19
PAAI,2024-11-15,"F día 2: corto apertura, stop máx. día 1 (día 1 cerró fuerte)",-0.28223212695783845,2023-26
PACS,2025-11-20,"F día 2: corto apertura, stop máx. día 1 (día 1 cerró débil)",-0.7924593161127129,2023-26
PAGP,2020-03-23,"G first red day: corto al día siguiente, stop máx. día rojo",-0.8495554898579512,2020-22
PALI,2022-03-22,"F día 2: corto apertura, stop máx. día 1 (día 1 cerró débil)",-0.1926042762004907,2020-22
PALI,2023-01-03,"G first red day: corto al día siguiente, stop máx. día rojo",-0.4583198017251849,2023-26
PALI,2023-04-03,"G first red day: corto al día siguiente, stop máx. día rojo",0.43555030703345354,2023-26
PALI,2023-09-06,"F día 2: corto apertura, stop máx. día 1 (día 1 cerró débil)",0.07400329729280605,2023-26
PALI,2024-01-29,"F día 2: corto apertura, stop máx. día 1 (día 1 cerró débil)",0.11602900517434724,2023-26
PALI,2024-04-16,"F día 2: corto apertura, stop máx. día 1 (día 1 cerró débil)",-0.11965124123669417,2023-26
PALI,2024-12-12,"F día 2: corto apertura, stop máx. día 1 (día 1 cerró débil)",0.39751336735333714,2023-26
PAPL,2025-07-23,"F día 2: corto apertura, stop máx. día 1 (día 1 cerró débil)",-0.06536261415462383,2023-26
PAPL,2026-01-21,"F día 2: corto apertura, stop máx. día 1 (día 1 cerró débil)",-0.2280679321459405,2023-26
PAPL,2026-04-23,"F día 2: corto apertura, stop máx. día 1 (día 1 cerró débil)",-0.07609862605511962,2023-26
PARA,2024-01-05,"F día 2: corto apertura, stop máx. día 1 (día 1 cerró débil)",0.06304816678648455,2023-26
PARA,2024-09-20,"F día 2: corto apertura, stop máx. día 1 (día 1 cerró débil)",0.2548339483394834,2023-26
PARA,2024-09-24,"F día 2: corto apertura, stop máx. día 1 (día 1 cerró débil)",-0.11725838264299801,2023-26
PARA,2024-10-09,"F día 2: corto apertura, stop máx. día 1 (día 1 cerró débil)",-0.08246671202254836,2023-26
PARA,2024-12-10,"F día 2: corto apertura, stop máx. día 1 (día 1 cerró débil)",0.18877825618945104,2023-26
PASG,2024-11-27,"G first red day: corto al día siguiente, stop máx. día rojo",-1.3023256983051688,2023-26
PAVM,2024-02-29,"G first red day: corto al día siguiente, stop máx. día rojo",-0.02134133935943851,2023-26
PAVM,2026-01-21,"F día 2: corto apertura, stop máx. día 1 (día 1 cerró débil)",0.03247488495204609,2023-26
PAVS,2020-03-25,"F día 2: corto apertura, stop máx. día 1 (día 1 cerró fuerte)",0.1370759982825247,2020-22
PAVS,2022-05-25,"F día 2: corto apertura, stop máx. día 1 (día 1 cerró débil)",0.18126888217522658,2020-22
PAVS,2025-12-08,"F día 2: corto apertura, stop máx. día 1 (día 1 cerró débil)",0.30076419213973793,2023-26
PAVS,2026-03-24,"F día 2: corto apertura, stop máx. día 1 (día 1 cerró débil)",0.06422840496352829,2023-26
PAVS,2026-06-09,"F día 2: corto apertura, stop máx. día 1 (día 1 cerró débil)",0.014471895434764447,2023-26
PAVS,2026-06-15,"F día 2: corto apertura, stop máx. día 1 (día 1 cerró débil)",0.015133195004220739,2023-26
PAVS,2026-08-06,"F día 2: corto apertura, stop máx. día 1 (día 1 cerró débil)",-0.13715494142518403,2023-26
PAYS,2015-03-25,"F día 2: corto apertura, stop máx. día 1 (día 1 cerró fuerte)",-0.03323699450178728,2015-19
PAYS,2016-04-07,"F día 2: corto apertura, stop máx. día 1 (día 1 cerró débil)",-0.044642847449501845,2015-19
PBM,2024-03-08,"F día 2: corto apertura, stop máx. día 1 (día 1 cerró débil)",0.15960288487222865,2023-26
PBM,2024-03-11,"G first red day: corto al día siguiente, stop máx. día rojo",0.37955801104972375,2023-26
PBM,2024-07-25,"F día 2: corto apertura, stop máx. día 1 (día 1 cerró débil)",-0.011085751548744702,2023-26
PBM,2024-12-20,"F día 2: corto apertura, stop máx. día 1 (día 1 cerró débil)",0.09925925925925926,2023-26
PBM,2024-12-23,"G first red day: corto al día siguiente, stop máx. día rojo",-0.20415335463258785,2023-26
PBM,2025-08-04,"F día 2: corto apertura, stop máx. día 1 (día 1 cerró débil)",-0.295635528330781,2023-26
PBM,2026-04-20,"F día 2: corto apertura, stop máx. día 1 (día 1 cerró débil)",0.3001261348307618,2023-26
PBM,2026-04-21,"G first red day: corto al día siguiente, stop máx. día rojo",-0.27218769348991134,2023-26
PBYI,2020-02-06,"G first red day: corto al día siguiente, stop máx. día rojo",0.22852859279787366,2020-22
PCLA,2025-12-23,"F día 2: corto apertura, stop máx. día 1 (día 1 cerró fuerte)",0.0863353749013902,2023-26
PCLA,2026-05-22,"F día 2: corto apertura, stop máx. día 1 (día 1 cerró fuerte)",-1.0459940540400001,2023-26
PCSA,2015-10-26,"F día 2: corto apertura, stop máx. día 1 (día 1 cerró débil)",-0.009615384615384616,2015-19
PCSA,2017-07-17,"F día 2: corto apertura, stop máx. día 1 (día 1 cerró fuerte)",-0.04538087520259321,2015-19
PCSA,2018-12-17,"F día 2: corto apertura, stop máx. día 1 (día 1 cerró débil)",-0.2926829268292683,2015-19
PCSA,2018-12-19,"G first red day: corto al día siguiente, stop máx. día rojo",-0.9354736172917991,2015-19
PCSA,2024-01-19,"F día 2: corto apertura, stop máx. día 1 (día 1 cerró débil)",0.38459740563281525,2023-26
PCSA,2024-01-25,"F día 2: corto apertura, stop máx. día 1 (día 1 cerró fuerte)",0.3022719604094027,2023-26
PCSA,2024-04-25,"F día 2: corto apertura, stop máx. día 1 (día 1 cerró fuerte)",0.03329654157468726,2023-26
PCSA,2024-07-30,"F día 2: corto apertura, stop máx. día 1 (día 1 cerró débil)",0.1651345291479821,2023-26
PCSA,2025-06-17,"F día 2: corto apertura, stop máx. día 1 (día 1 cerró débil)",0.011806432949233633,2023-26
PCSA,2025-10-08,"F día 2: corto apertura, stop máx. día 1 (día 1 cerró débil)",0.2571721832608916,2023-26
PCSA,2025-10-09,"G first red day: corto al día siguiente, stop máx. día rojo",0.18731356429858873,2023-26
PCVX,2022-10-24,"F día 2: corto apertura, stop máx. día 1 (día 1 cerró débil)",-1.0972902348302496,2020-22
PDC,2024-02-14,"F día 2: corto apertura, stop máx. día 1 (día 1 cerró débil)",-0.025563173801402782,2023-26
PDC,2025-07-02,"F día 2: corto apertura, stop máx. día 1 (día 1 cerró fuerte)",-1.0485942381850144,2023-26
PDS,2020-03-10,"F día 2: corto apertura, stop máx. día 1 (día 1 cerró débil)",0.20848766540275426,2020-22
PDSB,2020-07-21,"G first red day: corto al día siguiente, stop máx. día rojo",0.001997455869272231,2020-22
PDSB,2022-11-16,"G first red day: corto al día siguiente, stop máx. día rojo",-1.0670628467261294,2020-22
PDSB,2026-09-08,"F día 2: corto apertura, stop máx. día 1 (día 1 cerró débil)",0.010988404593132934,2023-26
PDSB,2026-09-17,"G first red day: corto al día siguiente, stop máx. día rojo",0.04498368307666974,2023-26
PDYN,2024-03-06,"G first red day: corto al día siguiente, stop máx. día rojo",-0.07111113937952099,2023-26
PECO,2021-07-15,"F día 2: corto apertura, stop máx. día 1 (día 1 cerró débil)",-0.2303231436457309,2020-22
PED,2020-08-27,"F día 2: corto apertura, stop máx. día 1 (día 1 cerró fuerte)",-0.18639998474121092,2020-22
PED,2020-10-13,"F día 2: corto apertura, stop máx. día 1 (día 1 cerró débil)",-0.2195536350794937,2020-22
PEPG,2025-02-24,"F día 2: corto apertura, stop máx. día 1 (día 1 cerró débil)",0.2806150007354523,2023-26
PEPG,2025-03-03,"G first red day: corto al día siguiente, stop máx. día rojo",0.23203269323130313,2023-26
PEPG,2025-09-25,"F día 2: corto apertura, stop máx. día 1 (día 1 cerró fuerte)",0.2028113207537502,2023-26
PEPG,2025-09-26,"G first red day: corto al día siguiente, stop máx. día rojo",0.6783374168479815,2023-26
PETZ,2017-10-04,"G first red day: corto al día siguiente, stop máx. día rojo",-0.4114642957246735,2015-19
PETZ,2019-03-05,"F día 2: corto apertura, stop máx. día 1 (día 1 cerró débil)",-0.014652738694422476,2015-19
PETZ,2021-02-17,"F día 2: corto apertura, stop máx. día 1 (día 1 cerró débil)",0.07549296819662499,2020-22
PETZ,2021-02-18,"G first red day: corto al día siguiente, stop máx. día rojo",-0.03180830371649373,2020-22
PETZ,2021-11-04,"F día 2: corto apertura, stop máx. día 1 (día 1 cerró fuerte)",-0.37246932831997903,2020-22
PETZ,2022-08-31,"G first red day: corto al día siguiente, stop máx. día rojo",-0.1959758977734025,2020-22
PFAI,2025-10-15,"F día 2: corto apertura, stop máx. día 1 (día 1 cerró fuerte)",-0.18240415693548687,2023-26
PFSA,2025-09-11,"F día 2: corto apertura, stop máx. día 1 (día 1 cerró débil)",0.11354166666666667,2023-26
PFSA,2025-12-30,"F día 2: corto apertura, stop máx. día 1 (día 1 cerró débil)",0.09576547231270359,2023-26
PFSA,2026-04-06,"F día 2: corto apertura, stop máx. día 1 (día 1 cerró débil)",0.21952662721893493,2023-26
PFSA,2026-04-07,"G first red day: corto al día siguiente, stop máx. día rojo",0.07316053511705681,2023-26
PFSA,2026-08-18,"F día 2: corto apertura, stop máx. día 1 (día 1 cerró fuerte)",0.16985433546412368,2023-26
PFSA,2026-08-19,"G first red day: corto al día siguiente, stop máx. día rojo",1.0417431687318612,2023-26
PFSA,2026-09-24,"F día 2: corto apertura, stop máx. día 1 (día 1 cerró débil)",0.31529806260632465,2023-26
PGEN,2025-01-02,"G first red day: corto al día siguiente, stop máx. día rojo",-0.47288504986133223,2023-26
PGY,2022-07-28,"G first red day: corto al día siguiente, stop máx. día rojo",-1.1423356787492822,2020-22
PHIO,2020-05-29,"F día 2: corto apertura, stop máx. día 1 (día 1 cerró débil)",-0.00249356199445613,2020-22
PHIO,2024-12-23,"F día 2: corto apertura, stop máx. día 1 (día 1 cerró débil)",-0.0915223192700833,2023-26
PHIO,2025-01-13,"F día 2: corto apertura, stop máx. día 1 (día 1 cerró débil)",0.036057143029342736,2023-26
PHIO,2025-04-09,"F día 2: corto apertura, stop máx. día 1 (día 1 cerró débil)",0.049596141856144416,2023-26
PHIO,2025-11-03,"F día 2: corto apertura, stop máx. día 1 (día 1 cerró débil)",0.04884574730533023,2023-26
PHIO,2026-02-10,"F día 2: corto apertura, stop máx. día 1 (día 1 cerró débil)",-0.05874315225323953,2023-26
PHOE,2026-05-08,"F día 2: corto apertura, stop máx. día 1 (día 1 cerró débil)",0.15093102008396064,2023-26
PHUN,2019-01-10,"G first red day: corto al día siguiente, stop máx. día rojo",0.15845044643961317,2015-19
PHUN,2019-01-15,"F día 2: corto apertura, stop máx. día 1 (día 1 cerró débil)",0.11456140350877193,2015-19
PHUN,2020-12-18,"G first red day: corto al día siguiente, stop máx. día rojo",-0.30600628132922936,2020-22
PHUN,2021-10-22,"F día 2: corto apertura, stop máx. día 1 (día 1 cerró débil)",0.3682940765665672,2020-22
PHUN,2021-10-25,"G first red day: corto al día siguiente, stop máx. día rojo",0.32877758913412564,2020-22
PHUN,2024-01-16,"F día 2: corto apertura, stop máx. día 1 (día 1 cerró fuerte)",-0.01065522029132708,2023-26
PHUN,2024-10-24,"G first red day: corto al día siguiente, stop máx. día rojo",-0.37850322211170795,2023-26
PHVS,2022-12-08,"F día 2: corto apertura, stop máx. día 1 (día 1 cerró fuerte)",0.4922372849047507,2020-22
PIII,2026-03-11,"G first red day: corto al día siguiente, stop máx. día rojo",0.050733218908669934,2023-26
PLAG,2025-04-02,"G first red day: corto al día siguiente, stop máx. día rojo",1.112299872232507,2023-26
PLAG,2025-05-14,"G first red day: corto al día siguiente, stop máx. día rojo",0.12223483410941215,2023-26
PLAG,2026-08-11,"F día 2: corto apertura, stop máx. día 1 (día 1 cerró fuerte)",0.02439154746522154,2023-26
PLAY,2020-03-25,"G first red day: corto al día siguiente, stop máx. día rojo",-0.6119440034425533,2020-22
PLCE,2024-09-16,"G first red day: corto al día siguiente, stop máx. día rojo",-1.0765682463666044,2023-26
PLG,2020-12-09,"G first red day: corto al día siguiente, stop máx. día rojo",-1.0608333445919902,2020-22
PLRX,2022-07-11,"F día 2: corto apertura, stop máx. día 1 (día 1 cerró fuerte)",2.4010423819224016,2020-22
PLRX,2023-01-23,"F día 2: corto apertura, stop máx. día 1 (día 1 cerró débil)",-0.35400954883082236,2023-26
PLRZ,2024-12-18,"F día 2: corto apertura, stop máx. día 1 (día 1 cerró débil)",0.04326765188834154,2023-26
PLRZ,2024-12-30,"F día 2: corto apertura, stop máx. día 1 (día 1 cerró débil)",-0.25625,2023-26
PLRZ,2025-05-30,"G first red day: corto al día siguiente, stop máx. día rojo",0.3344299448058801,2023-26
PLRZ,2025-07-24,"G first red day: corto al día siguiente, stop máx. día rojo",-0.5162351893587163,2023-26
PLRZ,2025-12-02,"F día 2: corto apertura, stop máx. día 1 (día 1 cerró fuerte)",-0.34227684715721196,2023-26
PLRZ,2025-12-04,"F día 2: corto apertura, stop máx. día 1 (día 1 cerró débil)",-0.10939282033373543,2023-26
PLSE,2023-04-04,"G first red day: corto al día siguiente, stop máx. día rojo",0.6950825706604725,2023-26
PLSM,2026-06-24,"F día 2: corto apertura, stop máx. día 1 (día 1 cerró débil)",-0.07890474509294962,2023-26
PLUG,2024-05-14,"F día 2: corto apertura, stop máx. día 1 (día 1 cerró débil)",0.22294946026587276,2023-26
PLUR,2016-02-18,"G first red day: corto al día siguiente, stop máx. día rojo",0.17731981716349052,2015-19
PLX,2019-10-17,"F día 2: corto apertura, stop máx. día 1 (día 1 cerró débil)",0.2456491924385314,2015-19
PLX,2019-11-18,"F día 2: corto apertura, stop máx. día 1 (día 1 cerró débil)",-0.02051282299993979,2015-19
PMA,2025-05-14,"G first red day: corto al día siguiente, stop máx. día rojo",0.08217540262807066,2023-26
PMA,2026-06-10,"F día 2: corto apertura, stop máx. día 1 (día 1 cerró débil)",-0.26220189696606966,2023-26
PMAX,2025-01-16,"F día 2: corto apertura, stop máx. día 1 (día 1 cerró débil)",0.05342953181559788,2023-26
PMAX,2025-02-28,"F día 2: corto apertura, stop máx. día 1 (día 1 cerró débil)",-0.22716056940207702,2023-26
PMAX,2025-10-13,"F día 2: corto apertura, stop máx. día 1 (día 1 cerró débil)",-0.0001767119724975983,2023-26
PMCB,2016-01-06,"G first red day: corto al día siguiente, stop máx. día rojo",0.018402962366667972,2015-19
PMCB,2016-12-09,"G first red day: corto al día siguiente, stop máx. día rojo",-0.28686290932361797,2015-19
PMCB,2020-06-11,"G first red day: corto al día siguiente, stop máx. día rojo",1.6529176540618482,2020-22
PMCB,2021-01-08,"G first red day: corto al día siguiente, stop máx. día rojo",8.779324965744033,2020-22
PMCB,2021-07-20,"G first red day: corto al día siguiente, stop máx. día rojo",2.6816035399356886,2020-22
PMCB,2021-08-18,"F día 2: corto apertura, stop máx. día 1 (día 1 cerró fuerte)",0.10787741531182145,2020-22
PMI,2026-06-02,"F día 2: corto apertura, stop máx. día 1 (día 1 cerró débil)",0.24953303559558093,2023-26
PMN,2015-07-15,"F día 2: corto apertura, stop máx. día 1 (día 1 cerró fuerte)",-0.0526315789473684,2015-19
PMN,2018-01-23,"G first red day: corto al día siguiente, stop máx. día rojo",0.5820707070707067,2015-19
PMN,2025-07-21,"F día 2: corto apertura, stop máx. día 1 (día 1 cerró débil)",0.3153871718178797,2023-26
PMN,2026-01-30,"F día 2: corto apertura, stop máx. día 1 (día 1 cerró débil)",-0.08816004399085696,2023-26
PMT,2020-03-27,"G first red day: corto al día siguiente, stop máx. día rojo",0.33813742153396087,2020-22
PN,2026-05-04,"F día 2: corto apertura, stop máx. día 1 (día 1 cerró fuerte)",-1.0393548432646884,2023-26
PN,2026-07-30,"F día 2: corto apertura, stop máx. día 1 (día 1 cerró fuerte)",-0.2521610684226688,2023-26
PNBK,2024-12-03,"G first red day: corto al día siguiente, stop máx. día rojo",0.6823188872759042,2023-26
PNBK,2025-02-10,"F día 2: corto apertura, stop máx. día 1 (día 1 cerró fuerte)",-0.6196708889785822,2023-26
PNBK,2025-04-22,"G first red day: corto al día siguiente, stop máx. día rojo",-0.4011092937863767,2023-26
PNBK,2025-05-14,"G first red day: corto al día siguiente, stop máx. día rojo",-0.28008759407087924,2023-26
POAS,2026-02-05,"G first red day: corto al día siguiente, stop máx. día rojo",0.346661812547214,2023-26
POCI,2015-01-14,"F día 2: corto apertura, stop máx. día 1 (día 1 cerró débil)",-0.008236239257322867,2015-19
POCI,2022-11-03,"F día 2: corto apertura, stop máx. día 1 (día 1 cerró débil)",-0.18386925579591523,2020-22
POET,2024-04-25,"G first red day: corto al día siguiente, stop máx. día rojo",-1.0893719641229636,2023-26
POLA,2020-09-24,"F día 2: corto apertura, stop máx. día 1 (día 1 cerró débil)",-0.08429278426306833,2020-22
POLA,2021-01-20,"G first red day: corto al día siguiente, stop máx. día rojo",-1.077893853069688,2020-22
POLA,2023-05-11,"F día 2: corto apertura, stop máx. día 1 (día 1 cerró débil)",0.13223456454744467,2023-26
POLA,2026-03-13,"G first red day: corto al día siguiente, stop máx. día rojo",0.10310120827922702,2023-26
PONY,2025-04-25,"G first red day: corto al día siguiente, stop máx. día rojo",-1.0286542879068619,2023-26
POWW,2017-04-17,"F día 2: corto apertura, stop máx. día 1 (día 1 cerró débil)",-0.02336448362120975,2015-19
POWW,2021-01-14,"G first red day: corto al día siguiente, stop máx. día rojo",-0.15311681582805697,2020-22
PPBT,2019-01-03,"F día 2: corto apertura, stop máx. día 1 (día 1 cerró débil)",-0.2246498599439776,2015-19
PPBT,2019-01-15,"F día 2: corto apertura, stop máx. día 1 (día 1 cerró fuerte)",1.4691830780452224,2015-19
PPBT,2025-10-29,"F día 2: corto apertura, stop máx. día 1 (día 1 cerró débil)",-0.05634885655824124,2023-26
PPCB,2015-01-13,"G first red day: corto al día siguiente, stop máx. día rojo",0.35161589876014804,2015-19
PPCB,2015-01-23,"F día 2: corto apertura, stop máx. día 1 (día 1 cerró débil)",-0.3479745997390134,2015-19
PPCB,2015-01-23,"G first red day: corto al día siguiente, stop máx. día rojo",-0.3479745997390134,2015-19
PPCB,2015-02-23,"F día 2: corto apertura, stop máx. día 1 (día 1 cerró débil)",0.48795198253820754,2015-19
PPCB,2015-03-10,"F día 2: corto apertura, stop máx. día 1 (día 1 cerró fuerte)",-1.0199999986782655,2015-19
PPCB,2015-03-18,"G first red day: corto al día siguiente, stop máx. día rojo",0.45893856627079876,2015-19
PPCB,2016-03-14,"G first red day: corto al día siguiente, stop máx. día rojo",0.2875610888921532,2015-19
PPCB,2017-12-11,"G first red day: corto al día siguiente, stop máx. día rojo",0.10172234252342925,2015-19
PPCB,2018-08-30,"G first red day: corto al día siguiente, stop máx. día rojo",-0.5103869167428717,2015-19
PPCB,2018-09-06,"G first red day: corto al día siguiente, stop máx. día rojo",0.7691041708908463,2015-19
PPCB,2018-12-24,"F día 2: corto apertura, stop máx. día 1 (día 1 cerró débil)",0.3329466357308585,2015-19
PPCB,2019-07-01,"G first red day: corto al día siguiente, stop máx. día rojo",0.023194168323392977,2015-19
PPCB,2020-01-03,"G first red day: corto al día siguiente, stop máx. día rojo",0.2751915144372422,2020-22
PPCB,2020-03-11,"G first red day: corto al día siguiente, stop máx. día rojo",0.019030331420541047,2020-22
PPCB,2020-09-18,"G first red day: corto al día siguiente, stop máx. día rojo",0.19885057471264367,2020-22
PPCB,2021-08-31,"G first red day: corto al día siguiente, stop máx. día rojo",0.010112152969295825,2020-22
PPCB,2022-01-03,"G first red day: corto al día siguiente, stop máx. día rojo",1.5057142857142856,2020-22
PPCB,2022-02-04,"F día 2: corto apertura, stop máx. día 1 (día 1 cerró débil)",0.15862708719851576,2020-22
PPCB,2022-07-26,"G first red day: corto al día siguiente, stop máx. día rojo",1.195945945945945,2020-22
PPCB,2023-02-24,"G first red day: corto al día siguiente, stop máx. día rojo",-0.49052132701421797,2023-26
PPCB,2023-05-23,"F día 2: corto apertura, stop máx. día 1 (día 1 cerró débil)",0.1236842105263158,2023-26
PPCB,2023-06-12,"F día 2: corto apertura, stop máx. día 1 (día 1 cerró fuerte)",1.2407249768295112,2023-26
PPCB,2023-06-14,"F día 2: corto apertura, stop máx. día 1 (día 1 cerró débil)",0.13330168103184878,2023-26
PPCB,2024-03-18,"G first red day: corto al día siguiente, stop máx. día rojo",-0.3048327421006475,2023-26
PPCB,2024-12-16,"F día 2: corto apertura, stop máx. día 1 (día 1 cerró fuerte)",-0.962264150943396,2023-26
PPCB,2024-12-30,"F día 2: corto apertura, stop máx. día 1 (día 1 cerró débil)",-0.018867924528301886,2023-26
PPCB,2025-01-22,"F día 2: corto apertura, stop máx. día 1 (día 1 cerró débil)",-0.962264150943396,2023-26
PPCB,2025-01-29,"F día 2: corto apertura, stop máx. día 1 (día 1 cerró débil)",0.030473093387172214,2023-26
PPCB,2025-04-14,"F día 2: corto apertura, stop máx. día 1 (día 1 cerró fuerte)",0.010502746237945497,2023-26
PPCB,2025-04-16,"F día 2: corto apertura, stop máx. día 1 (día 1 cerró fuerte)",-0.49473306772908365,2023-26
PPCB,2025-08-18,"F día 2: corto apertura, stop máx. día 1 (día 1 cerró débil)",0.2382732834806254,2023-26
PPCB,2026-06-11,"F día 2: corto apertura, stop máx. día 1 (día 1 cerró débil)",-0.05887368208560711,2023-26
PPCB,2026-08-27,"F día 2: corto apertura, stop máx. día 1 (día 1 cerró débil)",0.2456408843742236,2023-26
PPSI,2020-10-06,"F día 2: corto apertura, stop máx. día 1 (día 1 cerró débil)",-0.3429925862243116,2020-22
PPSI,2020-10-08,"G first red day: corto al día siguiente, stop máx. día rojo",0.6376290063394965,2020-22
PPSI,2021-11-08,"F día 2: corto apertura, stop máx. día 1 (día 1 cerró fuerte)",0.04598332790229191,2020-22
PPSI,2021-12-01,"G first red day: corto al día siguiente, stop máx. día rojo",-0.7042776470786825,2020-22
PPSI,2025-08-15,"F día 2: corto apertura, stop máx. día 1 (día 1 cerró débil)",0.25430181201832674,2023-26
PR,2020-06-09,"G first red day: corto al día siguiente, stop máx. día rojo",0.030220863133788724,2020-22
PRAX,2024-01-10,"G first red day: corto al día siguiente, stop máx. día rojo",-1.0670191923912464,2023-26
PRAX,2025-10-16,"F día 2: corto apertura, stop máx. día 1 (día 1 cerró débil)",-0.41401221772228675,2023-26
PRE,2023-01-10,"F día 2: corto apertura, stop máx. día 1 (día 1 cerró débil)",0.19473267529085886,2023-26
PRFX,2021-07-22,"F día 2: corto apertura, stop máx. día 1 (día 1 cerró débil)",-0.08891598417226466,2020-22
PRFX,2022-12-28,"F día 2: corto apertura, stop máx. día 1 (día 1 cerró débil)",-0.479596297802402,2020-22
PRFX,2024-11-19,"F día 2: corto apertura, stop máx. día 1 (día 1 cerró fuerte)",-0.0006199923174350821,2023-26
PRFX,2024-11-21,"F día 2: corto apertura, stop máx. día 1 (día 1 cerró débil)",-0.01002035797287644,2023-26
PRFX,2024-12-05,"F día 2: corto apertura, stop máx. día 1 (día 1 cerró débil)",0.08623464204784707,2023-26
PRFX,2024-12-19,"F día 2: corto apertura, stop máx. día 1 (día 1 cerró fuerte)",0.1148174298423423,2023-26
PRFX,2025-02-18,"F día 2: corto apertura, stop máx. día 1 (día 1 cerró débil)",-0.11960667991033064,2023-26
PRFX,2025-04-10,"F día 2: corto apertura, stop máx. día 1 (día 1 cerró débil)",0.06431597756232035,2023-26
PRFX,2025-08-19,"F día 2: corto apertura, stop máx. día 1 (día 1 cerró débil)",-0.004691445591595319,2023-26
PRFX,2026-05-29,"F día 2: corto apertura, stop máx. día 1 (día 1 cerró débil)",0.09736956878902348,2023-26
PRHI,2020-12-30,"F día 2: corto apertura, stop máx. día 1 (día 1 cerró débil)",0.0037852124790903638,2020-22
PRHI,2024-09-06,"G first red day: corto al día siguiente, stop máx. día rojo",0.9551750713814949,2023-26
PRHI,2025-09-16,"F día 2: corto apertura, stop máx. día 1 (día 1 cerró débil)",-0.6261277533678373,2023-26
PROK,2025-07-09,"F día 2: corto apertura, stop máx. día 1 (día 1 cerró débil)",-0.16643548378717848,2023-26
PROP,2018-12-04,"F día 2: corto apertura, stop máx. día 1 (día 1 cerró débil)",-0.2681821051829175,2015-19
PROP,2020-04-22,"F día 2: corto apertura, stop máx. día 1 (día 1 cerró fuerte)",-0.007957747052950775,2020-22
PROP,2020-06-08,"F día 2: corto apertura, stop máx. día 1 (día 1 cerró débil)",-0.9454545475554665,2020-22
PROP,2020-07-16,"F día 2: corto apertura, stop máx. día 1 (día 1 cerró fuerte)",-0.04087195926863856,2020-22
PROP,2023-01-05,"F día 2: corto apertura, stop máx. día 1 (día 1 cerró fuerte)",5.396407706221854,2023-26
PROP,2023-01-19,"F día 2: corto apertura, stop máx. día 1 (día 1 cerró fuerte)",-0.012173917044800314,2023-26
PROP,2023-08-18,"G first red day: corto al día siguiente, stop máx. día rojo",-1.2166665441725628,2023-26
PRPO,2017-07-06,"G first red day: corto al día siguiente, stop máx. día rojo",0.6949999397183642,2015-19
PRPO,2019-01-10,"F día 2: corto apertura, stop máx. día 1 (día 1 cerró débil)",0.2383268482490272,2015-19
PRPO,2019-04-10,"G first red day: corto al día siguiente, stop máx. día rojo",0.11902439024390245,2015-19
PRPO,2019-04-17,"G first red day: corto al día siguiente, stop máx. día rojo",-1.0952380952380953,2015-19
PRPO,2019-07-02,"G first red day: corto al día siguiente, stop máx. día rojo",0.1092759284220328,2015-19
PRQR,2018-09-05,"F día 2: corto apertura, stop máx. día 1 (día 1 cerró fuerte)",0.0906057806936316,2015-19
PRQR,2022-12-22,"F día 2: corto apertura, stop máx. día 1 (día 1 cerró débil)",-0.27989883915276603,2020-22
PRSO,2017-01-26,"G first red day: corto al día siguiente, stop máx. día rojo",0.602189781021897,2015-19
PRSO,2017-06-08,"G first red day: corto al día siguiente, stop máx. día rojo",-1.0349140177175613,2015-19
PRSO,2025-09-05,"F día 2: corto apertura, stop máx. día 1 (día 1 cerró débil)",0.22658935423853113,2023-26
PRSO,2026-03-06,"F día 2: corto apertura, stop máx. día 1 (día 1 cerró fuerte)",-1.082327607442386,2023-26
PRSU,2020-03-26,"G first red day: corto al día siguiente, stop máx. día rojo",-0.3476154163353408,2020-22
PRTA,2022-09-28,"F día 2: corto apertura, stop máx. día 1 (día 1 cerró fuerte)",-1.1370815070487426,2020-22
PRTH,2020-03-03,"G first red day: corto al día siguiente, stop máx. día rojo",0.19167320848483022,2020-22
PRZO,2023-08-07,"F día 2: corto apertura, stop máx. día 1 (día 1 cerró fuerte)",-0.13557756711109653,2023-26
PRZO,2023-10-09,"F día 2: corto apertura, stop máx. día 1 (día 1 cerró fuerte)",0.035011363785654274,2023-26
PRZO,2023-10-10,"G first red day: corto al día siguiente, stop máx. día rojo",0.9117004357293166,2023-26
PRZO,2023-12-22,"G first red day: corto al día siguiente, stop máx. día rojo",0.08302033479515306,2023-26
PRZO,2024-12-03,"G first red day: corto al día siguiente, stop máx. día rojo",-1.0429542692848732,2023-26
PSHG,2016-11-17,"G first red day: corto al día siguiente, stop máx. día rojo",-0.026226133280916754,2015-19
PSHG,2017-07-25,"F día 2: corto apertura, stop máx. día 1 (día 1 cerró débil)",0.19575557591528675,2015-19
PSHG,2017-11-03,"F día 2: corto apertura, stop máx. día 1 (día 1 cerró débil)",-1.0370145085552471,2015-19
PSHG,2017-11-07,"G first red day: corto al día siguiente, stop máx. día rojo",0.10989378531879426,2015-19
PSHG,2017-11-17,"F día 2: corto apertura, stop máx. día 1 (día 1 cerró débil)",0.09596636186393077,2015-19
PSHG,2017-11-21,"G first red day: corto al día siguiente, stop máx. día rojo",0.46863613724105746,2015-19
PSHG,2018-05-09,"F día 2: corto apertura, stop máx. día 1 (día 1 cerró débil)",0.16443623082422032,2015-19
PSHG,2019-01-10,"F día 2: corto apertura, stop máx. día 1 (día 1 cerró débil)",0.1535153481333756,2015-19
PSHG,2020-11-02,"F día 2: corto apertura, stop máx. día 1 (día 1 cerró débil)",-0.05789645555175542,2020-22
PSHG,2020-11-11,"F día 2: corto apertura, stop máx. día 1 (día 1 cerró débil)",0.10686586192117863,2020-22
PSIX,2017-02-06,"F día 2: corto apertura, stop máx. día 1 (día 1 cerró débil)",-0.19926996290526605,2015-19
PSIX,2017-03-28,"F día 2: corto apertura, stop máx. día 1 (día 1 cerró débil)",-0.15388264659848935,2015-19
PSNYW,2025-10-16,"F día 2: corto apertura, stop máx. día 1 (día 1 cerró débil)",-0.1419860195653225,2023-26
PSNYW,2026-07-17,"F día 2: corto apertura, stop máx. día 1 (día 1 cerró débil)",0.1005502057441103,2023-26
PSNYW,2026-08-26,"F día 2: corto apertura, stop máx. día 1 (día 1 cerró débil)",-0.1514001310386482,2023-26
PSQH,2023-07-21,"G first red day: corto al día siguiente, stop máx. día rojo",0.11838661948433343,2023-26
PSQH,2024-12-03,"F día 2: corto apertura, stop máx. día 1 (día 1 cerró fuerte)",0.13775760980903778,2023-26
PSQL,2026-08-28,"F día 2: corto apertura, stop máx. día 1 (día 1 cerró fuerte)",-1.0709715311162329,2023-26
PTGX,2021-10-11,"F día 2: corto apertura, stop máx. día 1 (día 1 cerró fuerte)",1.3240951490226163,2020-22
PTHS,2025-04-17,"F día 2: corto apertura, stop máx. día 1 (día 1 cerró débil)",0.8363667921316513,2023-26
PTLE,2025-06-18,"F día 2: corto apertura, stop máx. día 1 (día 1 cerró débil)",0.07281763311361775,2023-26
PTLE,2025-11-04,"F día 2: corto apertura, stop máx. día 1 (día 1 cerró débil)",-0.07761705815585952,2023-26
PTN,2015-06-05,"F día 2: corto apertura, stop máx. día 1 (día 1 cerró débil)",-0.10187400318979266,2015-19
PTN,2016-11-02,"F día 2: corto apertura, stop máx. día 1 (día 1 cerró débil)",0.4484848484848485,2015-19
PTN,2020-12-24,"G first red day: corto al día siguiente, stop máx. día rojo",-0.23504273504273504,2020-22
PTN,2021-11-24,"F día 2: corto apertura, stop máx. día 1 (día 1 cerró fuerte)",-0.6669014084507042,2020-22
PTN,2025-05-16,"G first red day: corto al día siguiente, stop máx. día rojo",-0.3403614457831325,2023-26
PTN,2025-07-25,"G first red day: corto al día siguiente, stop máx. día rojo",0.2714078374455733,2023-26
PULM,2017-01-30,"G first red day: corto al día siguiente, stop máx. día rojo",0.779002876318312,2015-19
PULM,2017-02-03,"G first red day: corto al día siguiente, stop máx. día rojo",-0.33911325724319585,2015-19
PULM,2020-01-02,"F día 2: corto apertura, stop máx. día 1 (día 1 cerró fuerte)",-0.07673431900766811,2020-22
PUSA,2025-03-21,"G first red day: corto al día siguiente, stop máx. día rojo",-0.0335438343744453,2023-26
PVLA,2024-07-24,"F día 2: corto apertura, stop máx. día 1 (día 1 cerró fuerte)",-1.0941485913549125,2023-26
PWCM,2018-08-15,"F día 2: corto apertura, stop máx. día 1 (día 1 cerró débil)",0.07850109409190371,2015-19
PWCM,2019-01-17,"F día 2: corto apertura, stop máx. día 1 (día 1 cerró débil)",0.15242805755395683,2015-19
PWCM,2020-06-17,"F día 2: corto apertura, stop máx. día 1 (día 1 cerró débil)",-0.03154276844614446,2020-22
PWCM,2020-07-06,"F día 2: corto apertura, stop máx. día 1 (día 1 cerró débil)",-0.21418701059419623,2020-22
PWCM,2021-01-11,"F día 2: corto apertura, stop máx. día 1 (día 1 cerró débil)",5.60538116591923e-05,2020-22
PWCM,2021-01-29,"F día 2: corto apertura, stop máx. día 1 (día 1 cerró débil)",0.030748462576871152,2020-22
PWCM,2023-05-15,"F día 2: corto apertura, stop máx. día 1 (día 1 cerró débil)",0.07581293386919984,2023-26
PXLW,2025-06-23,"G first red day: corto al día siguiente, stop máx. día rojo",0.8027801498831769,2023-26
PXS,2015-12-14,"G first red day: corto al día siguiente, stop máx. día rojo",0.26422765720248964,2015-19
PXS,2016-01-11,"F día 2: corto apertura, stop máx. día 1 (día 1 cerró débil)",0.3505413652838686,2015-19
PXS,2017-12-05,"G first red day: corto al día siguiente, stop máx. día rojo",-0.00036331112643274384,2015-19
PXS,2018-10-30,"G first red day: corto al día siguiente, stop máx. día rojo",-1.0750000241256974,2015-19
QBTS,2023-01-17,"G first red day: corto al día siguiente, stop máx. día rojo",-0.09157096120967213,2023-26
QBTS,2024-12-09,"G first red day: corto al día siguiente, stop máx. día rojo",-0.140454543723948,2023-26
QCLS,2017-03-28,"F día 2: corto apertura, stop máx. día 1 (día 1 cerró fuerte)",0.3919491525423729,2015-19
QCLS,2018-02-05,"G first red day: corto al día siguiente, stop máx. día rojo",-0.06603773584905662,2015-19
QCLS,2018-11-19,"F día 2: corto apertura, stop máx. día 1 (día 1 cerró débil)",0.06109643328929987,2015-19
QCLS,2018-12-31,"G first red day: corto al día siguiente, stop máx. día rojo",-0.06852315394242806,2015-19
QCLS,2025-09-24,"F día 2: corto apertura, stop máx. día 1 (día 1 cerró débil)",-0.0530440443336942,2023-26
QCLS,2025-12-05,"G first red day: corto al día siguiente, stop máx. día rojo",-0.09792515832702349,2023-26
QH,2023-05-01,"F día 2: corto apertura, stop máx. día 1 (día 1 cerró débil)",0.09366099281226505,2023-26
QH,2026-04-14,"F día 2: corto apertura, stop máx. día 1 (día 1 cerró débil)",-1.020297032776034,2023-26
QH,2026-04-27,"F día 2: corto apertura, stop máx. día 1 (día 1 cerró fuerte)",-0.24804377936550032,2023-26
QH,2026-05-29,"F día 2: corto apertura, stop máx. día 1 (día 1 cerró débil)",-0.06092501499582209,2023-26
QH,2026-06-11,"F día 2: corto apertura, stop máx. día 1 (día 1 cerró fuerte)",-0.5522873957927552,2023-26
QMCO,2018-12-31,"G first red day: corto al día siguiente, stop máx. día rojo",-1.1015624999999998,2015-19
QNCX,2021-08-11,"G first red day: corto al día siguiente, stop máx. día rojo",-0.032882132705575946,2020-22
QNCX,2023-01-27,"F día 2: corto apertura, stop máx. día 1 (día 1 cerró débil)",-0.15250693772325377,2023-26
QNCX,2023-03-21,"F día 2: corto apertura, stop máx. día 1 (día 1 cerró fuerte)",-0.3592297476759628,2023-26
QNCX,2026-04-08,"F día 2: corto apertura, stop máx. día 1 (día 1 cerró débil)",0.002785334080555266,2023-26
QNME,2024-07-31,"F día 2: corto apertura, stop máx. día 1 (día 1 cerró fuerte)",-0.05383757051846172,2023-26
QNME,2026-08-04,"F día 2: corto apertura, stop máx. día 1 (día 1 cerró débil)",-0.01937759615098134,2023-26
QNME,2026-09-22,"F día 2: corto apertura, stop máx. día 1 (día 1 cerró débil)",-0.06749595777160529,2023-26
QNRX,2018-01-04,"F día 2: corto apertura, stop máx. día 1 (día 1 cerró débil)",-0.023872679045092837,2015-19
QNRX,2020-01-07,"F día 2: corto apertura, stop máx. día 1 (día 1 cerró débil)",0.09452126728513917,2020-22
QNRX,2020-04-02,"F día 2: corto apertura, stop máx. día 1 (día 1 cerró débil)",-0.07021817411565345,2020-22
QNRX,2020-05-11,"F día 2: corto apertura, stop máx. día 1 (día 1 cerró débil)",0.0804178814382896,2020-22
QNRX,2021-03-25,"F día 2: corto apertura, stop máx. día 1 (día 1 cerró débil)",0.024928639391056134,2020-22
QNRX,2021-06-17,"F día 2: corto apertura, stop máx. día 1 (día 1 cerró débil)",-0.07269581861012958,2020-22
QNRX,2021-09-03,"F día 2: corto apertura, stop máx. día 1 (día 1 cerró débil)",0.050932273101179044,2020-22
QNRX,2021-12-15,"F día 2: corto apertura, stop máx. día 1 (día 1 cerró débil)",0.027243007628042135,2020-22
QNRX,2022-07-01,"F día 2: corto apertura, stop máx. día 1 (día 1 cerró débil)",0.018282312925170068,2020-22
QNRX,2022-08-02,"F día 2: corto apertura, stop máx. día 1 (día 1 cerró débil)",-1.0137608832883773,2020-22
QNRX,2023-02-01,"F día 2: corto apertura, stop máx. día 1 (día 1 cerró débil)",-0.5133551884459928,2023-26
QNRX,2024-03-04,"F día 2: corto apertura, stop máx. día 1 (día 1 cerró débil)",0.020005955809605895,2023-26
QNRX,2025-04-02,"F día 2: corto apertura, stop máx. día 1 (día 1 cerró débil)",-0.1414167654414953,2023-26
QNRX,2025-11-11,"F día 2: corto apertura, stop máx. día 1 (día 1 cerró fuerte)",-0.46940320736543034,2023-26
QNTM,2018-07-02,"F día 2: corto apertura, stop máx. día 1 (día 1 cerró débil)",-0.021402508294329343,2015-19
QNTM,2018-09-05,"G first red day: corto al día siguiente, stop máx. día rojo",-0.4537644060969923,2015-19
QNTM,2018-09-11,"G first red day: corto al día siguiente, stop máx. día rojo",-0.025618280186797453,2015-19
QNTM,2020-03-16,"F día 2: corto apertura, stop máx. día 1 (día 1 cerró débil)",0.07792966916010928,2020-22
QNTM,2020-06-03,"F día 2: corto apertura, stop máx. día 1 (día 1 cerró débil)",0.2158615857217513,2020-22
QNTM,2020-07-30,"F día 2: corto apertura, stop máx. día 1 (día 1 cerró débil)",0.09886740679495329,2020-22
QNTM,2021-02-11,"G first red day: corto al día siguiente, stop máx. día rojo",0.09869629659488946,2020-22
QNTM,2024-08-09,"F día 2: corto apertura, stop máx. día 1 (día 1 cerró débil)",0.4769776357606131,2023-26
QNTM,2025-02-04,"F día 2: corto apertura, stop máx. día 1 (día 1 cerró fuerte)",-1.0702247028647325,2023-26
QNTM,2025-02-07,"G first red day: corto al día siguiente, stop máx. día rojo",-1.0375738367087557,2023-26
QNTM,2025-11-28,"G first red day: corto al día siguiente, stop máx. día rojo",0.4498622572730696,2023-26
QNTM,2026-03-25,"G first red day: corto al día siguiente, stop máx. día rojo",0.2098527364215092,2023-26
QS,2020-09-08,"G first red day: corto al día siguiente, stop máx. día rojo",0.8673123438917588,2020-22
QS,2020-12-01,"G first red day: corto al día siguiente, stop máx. día rojo",-0.5646322569320906,2020-22
QS,2020-12-23,"G first red day: corto al día siguiente, stop máx. día rojo",-0.09205016015390126,2020-22
QS,2025-06-27,"G first red day: corto al día siguiente, stop máx. día rojo",-0.0894172504375592,2023-26
QSI,2021-02-18,"F día 2: corto apertura, stop máx. día 1 (día 1 cerró fuerte)",-0.08255716859179062,2020-22
QSI,2024-11-20,"F día 2: corto apertura, stop máx. día 1 (día 1 cerró débil)",0.21893387655030935,2023-26
QSI,2024-12-27,"F día 2: corto apertura, stop máx. día 1 (día 1 cerró fuerte)",0.17868915482661887,2023-26
QSI,2024-12-30,"G first red day: corto al día siguiente, stop máx. día rojo",0.6923077902470635,2023-26
QTEX,2021-12-09,"F día 2: corto apertura, stop máx. día 1 (día 1 cerró débil)",0.09384374308256176,2020-22
QTEX,2022-07-06,"F día 2: corto apertura, stop máx. día 1 (día 1 cerró débil)",3.340597603856791,2020-22
QTEX,2023-12-26,"F día 2: corto apertura, stop máx. día 1 (día 1 cerró débil)",0.052008034166838794,2023-26
QTEX,2024-02-14,"F día 2: corto apertura, stop máx. día 1 (día 1 cerró débil)",-0.09761076792126312,2023-26
QTEX,2026-05-26,"F día 2: corto apertura, stop máx. día 1 (día 1 cerró fuerte)",-1.0348258661880037,2023-26
QTTB,2025-12-01,"F día 2: corto apertura, stop máx. día 1 (día 1 cerró débil)",0.1304959872368434,2023-26
QTTB,2026-05-28,"G first red day: corto al día siguiente, stop máx. día rojo",-0.2862527742864628,2023-26
QTTB,2026-07-13,"F día 2: corto apertura, stop máx. día 1 (día 1 cerró fuerte)",-1.125,2023-26
QUBT,2015-08-31,"F día 2: corto apertura, stop máx. día 1 (día 1 cerró débil)",-0.0048543687529552315,2015-19
QUBT,2017-02-23,"F día 2: corto apertura, stop máx. día 1 (día 1 cerró débil)",-0.009615384615384614,2015-19
QUBT,2017-04-28,"F día 2: corto apertura, stop máx. día 1 (día 1 cerró fuerte)",-0.018867923175580004,2015-19
QUBT,2017-11-29,"F día 2: corto apertura, stop máx. día 1 (día 1 cerró fuerte)",-0.490565967420835,2015-19
QUBT,2018-07-09,"F día 2: corto apertura, stop máx. día 1 (día 1 cerró débil)",-0.0008115058967374157,2015-19
QUBT,2018-07-11,"F día 2: corto apertura, stop máx. día 1 (día 1 cerró débil)",-0.01263572397665618,2015-19
QUBT,2019-09-16,"G first red day: corto al día siguiente, stop máx. día rojo",0.05899989995957377,2015-19
QUBT,2020-05-28,"G first red day: corto al día siguiente, stop máx. día rojo",-0.4480883912588173,2020-22
QUBT,2021-01-04,"G first red day: corto al día siguiente, stop máx. día rojo",0.0730863196209265,2020-22
QUBT,2021-05-19,"G first red day: corto al día siguiente, stop máx. día rojo",0.5240293007477865,2020-22
QUBT,2024-12-19,"G first red day: corto al día siguiente, stop máx. día rojo",-0.4133877898696771,2023-26
QUCY,2022-01-05,"F día 2: corto apertura, stop máx. día 1 (día 1 cerró débil)",-0.08734684950685592,2020-22
QUCY,2022-01-19,"G first red day: corto al día siguiente, stop máx. día rojo",-0.20789732663324523,2020-22
QUCY,2024-12-03,"F día 2: corto apertura, stop máx. día 1 (día 1 cerró débil)",-0.3629762890334156,2023-26
QUCY,2024-12-23,"G first red day: corto al día siguiente, stop máx. día rojo",0.0972794347549923,2023-26
QURE,2015-04-06,"F día 2: corto apertura, stop máx. día 1 (día 1 cerró débil)",0.00013399131447453774,2015-19
QURE,2017-10-23,"G first red day: corto al día siguiente, stop máx. día rojo",-0.15963560535534244,2015-19
QURE,2024-07-09,"F día 2: corto apertura, stop máx. día 1 (día 1 cerró fuerte)",-1.2503763977776667,2023-26
QURE,2024-07-11,"G first red day: corto al día siguiente, stop máx. día rojo",0.19927229745634986,2023-26
QURE,2024-12-10,"F día 2: corto apertura, stop máx. día 1 (día 1 cerró fuerte)",-0.27657012896567956,2023-26
QURE,2025-09-24,"F día 2: corto apertura, stop máx. día 1 (día 1 cerró fuerte)",-1.2795146598903901,2023-26
QURE,2026-06-17,"F día 2: corto apertura, stop máx. día 1 (día 1 cerró fuerte)",1.152417915152863,2023-26
QXL,2017-02-15,"F día 2: corto apertura, stop máx. día 1 (día 1 cerró débil)",0.19931038478244203,2015-19
QXL,2017-09-21,"F día 2: corto apertura, stop máx. día 1 (día 1 cerró débil)",-0.017945206435606313,2015-19
QXL,2018-01-11,"G first red day: corto al día siguiente, stop máx. día rojo",0.7031936941619897,2015-19
QXL,2018-01-22,"G first red day: corto al día siguiente, stop máx. día rojo",-0.11225864223253657,2015-19
QXL,2018-09-07,"F día 2: corto apertura, stop máx. día 1 (día 1 cerró débil)",-0.1596251522850513,2015-19
QXL,2018-12-21,"F día 2: corto apertura, stop máx. día 1 (día 1 cerró débil)",-0.19111206542095047,2015-19
QXL,2019-04-11,"F día 2: corto apertura, stop máx. día 1 (día 1 cerró débil)",-1.060593213593124,2015-19
QXL,2019-05-23,"F día 2: corto apertura, stop máx. día 1 (día 1 cerró débil)",-1.0159255958710378,2015-19
QXL,2019-06-24,"F día 2: corto apertura, stop máx. día 1 (día 1 cerró débil)",-0.13122845333356023,2015-19
QXL,2019-08-21,"G first red day: corto al día siguiente, stop máx. día rojo",-1.022697421439327,2015-19
QXL,2019-11-26,"F día 2: corto apertura, stop máx. día 1 (día 1 cerró débil)",-0.05142574454694932,2015-19
QXL,2020-01-03,"F día 2: corto apertura, stop máx. día 1 (día 1 cerró débil)",-0.11310342349037907,2020-22
QXL,2020-01-17,"F día 2: corto apertura, stop máx. día 1 (día 1 cerró débil)",-0.015786518553482613,2020-22
QXL,2020-01-29,"F día 2: corto apertura, stop máx. día 1 (día 1 cerró débil)",-1.0119617222394963,2020-22
QXL,2020-05-15,"G first red day: corto al día siguiente, stop máx. día rojo",0.2763806813773191,2020-22
QXL,2020-05-19,"F día 2: corto apertura, stop máx. día 1 (día 1 cerró débil)",-0.034671536461905725,2020-22
QXL,2020-06-22,"F día 2: corto apertura, stop máx. día 1 (día 1 cerró débil)",-0.14084508119079645,2020-22
QXL,2020-07-15,"G first red day: corto al día siguiente, stop máx. día rojo",0.7774141930279351,2020-22
QXL,2020-08-11,"F día 2: corto apertura, stop máx. día 1 (día 1 cerró débil)",-0.026682136908513916,2020-22
QXL,2021-12-06,"F día 2: corto apertura, stop máx. día 1 (día 1 cerró débil)",0.40205727415199694,2020-22
QXL,2021-12-13,"G first red day: corto al día siguiente, stop máx. día rojo",-0.00814916036636473,2020-22
QXL,2023-09-08,"F día 2: corto apertura, stop máx. día 1 (día 1 cerró fuerte)",-0.011327756219664626,2023-26
QXL,2024-02-27,"F día 2: corto apertura, stop máx. día 1 (día 1 cerró débil)",-0.001918121134820838,2023-26
QXO,2020-08-04,"F día 2: corto apertura, stop máx. día 1 (día 1 cerró débil)",0.06210587228544005,2020-22
QXO,2023-12-04,"F día 2: corto apertura, stop máx. día 1 (día 1 cerró fuerte)",-0.23680745097252412,2023-26
QXO,2024-07-25,"G first red day: corto al día siguiente, stop máx. día rojo",0.27030688600061803,2023-26
RADX,2025-12-15,"F día 2: corto apertura, stop máx. día 1 (día 1 cerró débil)",0.029496110403833764,2023-26
RAIN,2026-05-22,"G first red day: corto al día siguiente, stop máx. día rojo",0.5965490594007308,2023-26
RAND,2020-03-20,"F día 2: corto apertura, stop máx. día 1 (día 1 cerró débil)",0.42746436112794484,2020-22
RANI,2025-10-17,"F día 2: corto apertura, stop máx. día 1 (día 1 cerró débil)",-1.0621669226335844,2023-26
RANI,2025-10-22,"G first red day: corto al día siguiente, stop máx. día rojo",0.2041185317376393,2023-26
RAPP,2025-09-08,"F día 2: corto apertura, stop máx. día 1 (día 1 cerró débil)",0.3189814072380275,2023-26
RAVE,2020-10-07,"F día 2: corto apertura, stop máx. día 1 (día 1 cerró débil)",0.021565468944009947,2020-22
RAYA,2022-12-22,"G first red day: corto al día siguiente, stop máx. día rojo",0.24060437305158963,2020-22
RAYA,2026-04-10,"F día 2: corto apertura, stop máx. día 1 (día 1 cerró fuerte)",-0.10225978151019856,2023-26
RBC,2020-03-26,"G first red day: corto al día siguiente, stop máx. día rojo",0.18548740956539242,2020-22
RBNE,2025-06-13,"F día 2: corto apertura, stop máx. día 1 (día 1 cerró débil)",0.13297598185754045,2023-26
RBNE,2025-09-10,"F día 2: corto apertura, stop máx. día 1 (día 1 cerró débil)",-0.01588479809976247,2023-26
RC,2020-03-27,"G first red day: corto al día siguiente, stop máx. día rojo",0.31585593597869743,2020-22
RCAT,2016-11-15,"G first red day: corto al día siguiente, stop máx. día rojo",-0.4719101123595504,2015-19
RCAT,2017-01-12,"F día 2: corto apertura, stop máx. día 1 (día 1 cerró débil)",0.17490494296577946,2015-19
RCAT,2017-04-10,"F día 2: corto apertura, stop máx. día 1 (día 1 cerró débil)",-0.021179291770537186,2015-19
RCAT,2017-05-31,"F día 2: corto apertura, stop máx. día 1 (día 1 cerró fuerte)",-1.2875003152426767,2015-19
RCAT,2017-06-20,"F día 2: corto apertura, stop máx. día 1 (día 1 cerró débil)",-0.2718531468531468,2015-19
RCAT,2017-08-24,"F día 2: corto apertura, stop máx. día 1 (día 1 cerró débil)",-0.06779661016949154,2015-19
RCAT,2017-09-05,"F día 2: corto apertura, stop máx. día 1 (día 1 cerró débil)",-0.9537037037037036,2015-19
RCAT,2017-11-27,"F día 2: corto apertura, stop máx. día 1 (día 1 cerró fuerte)",-0.6892045400215738,2015-19
RCAT,2017-12-18,"G first red day: corto al día siguiente, stop máx. día rojo",1.9224136834857106,2015-19
RCAT,2018-01-04,"F día 2: corto apertura, stop máx. día 1 (día 1 cerró fuerte)",-1.1094092524741708,2015-19
RCAT,2018-01-08,"G first red day: corto al día siguiente, stop máx. día rojo",1.8992248062015507,2015-19
RCAT,2019-08-02,"G first red day: corto al día siguiente, stop máx. día rojo",-0.014013454442999668,2015-19
RCAT,2020-03-27,"G first red day: corto al día siguiente, stop máx. día rojo",-0.17535202793365498,2020-22
RCAT,2020-12-24,"G first red day: corto al día siguiente, stop máx. día rojo",-1.2102273904896133,2020-22
RCAT,2021-01-21,"G first red day: corto al día siguiente, stop máx. día rojo",-1.0381315609327726,2020-22
RCAT,2021-09-27,"F día 2: corto apertura, stop máx. día 1 (día 1 cerró débil)",-0.03733997282892337,2020-22
RCL,2020-03-26,"G first red day: corto al día siguiente, stop máx. día rojo",0.19726130999543914,2020-22
RCMT,2021-02-11,"F día 2: corto apertura, stop máx. día 1 (día 1 cerró débil)",-0.05546376079068325,2020-22
RCON,2015-10-02,"G first red day: corto al día siguiente, stop máx. día rojo",0.18494965553789083,2015-19
RCON,2018-01-16,"F día 2: corto apertura, stop máx. día 1 (día 1 cerró débil)",0.15181068747239804,2015-19
RCON,2020-12-09,"F día 2: corto apertura, stop máx. día 1 (día 1 cerró débil)",0.11053083416797826,2020-22
RCON,2025-08-01,"G first red day: corto al día siguiente, stop máx. día rojo",0.006523468575974542,2023-26
RCT,2026-04-13,"F día 2: corto apertura, stop máx. día 1 (día 1 cerró débil)",0.1673026364396622,2023-26
RDAC,2026-08-19,"F día 2: corto apertura, stop máx. día 1 (día 1 cerró débil)",0.024904584050200834,2023-26
RDGT,2023-04-19,"F día 2: corto apertura, stop máx. día 1 (día 1 cerró débil)",0.3653458697112157,2023-26
RDGT,2024-10-02,"G first red day: corto al día siguiente, stop máx. día rojo",0.34173182739646674,2023-26
RDGT,2025-03-04,"F día 2: corto apertura, stop máx. día 1 (día 1 cerró débil)",0.02649390243902439,2023-26
RDGT,2026-04-07,"F día 2: corto apertura, stop máx. día 1 (día 1 cerró débil)",0.004251616602075402,2023-26
RDGT,2026-06-23,"F día 2: corto apertura, stop máx. día 1 (día 1 cerró débil)",-0.09442007373455091,2023-26
RDHL,2022-10-19,"F día 2: corto apertura, stop máx. día 1 (día 1 cerró débil)",0.4211634546752319,2020-22
RDHL,2023-10-18,"G first red day: corto al día siguiente, stop máx. día rojo",0.7529311596090728,2023-26
RDHL,2023-11-30,"G first red day: corto al día siguiente, stop máx. día rojo",0.6140197789412449,2023-26
RDHL,2026-08-31,"F día 2: corto apertura, stop máx. día 1 (día 1 cerró débil)",0.004240032064056598,2023-26
RDNW,2020-07-17,"F día 2: corto apertura, stop máx. día 1 (día 1 cerró débil)",0.07914102040705288,2020-22
REAX,2021-02-08,"G first red day: corto al día siguiente, stop máx. día rojo",-0.5845138368729078,2020-22
REBN,2024-05-08,"F día 2: corto apertura, stop máx. día 1 (día 1 cerró débil)",-0.11160487310358543,2023-26
REBN,2025-02-03,"F día 2: corto apertura, stop máx. día 1 (día 1 cerró débil)",0.5091376786916216,2023-26
REBN,2025-02-04,"G first red day: corto al día siguiente, stop máx. día rojo",-1.1094092136603004,2023-26
RECT,2026-04-13,"F día 2: corto apertura, stop máx. día 1 (día 1 cerró débil)",-0.15207578089277224,2023-26
REED,2020-06-04,"G first red day: corto al día siguiente, stop máx. día rojo",0.04767309875141883,2020-22
REI,2020-06-09,"G first red day: corto al día siguiente, stop máx. día rojo",1.2954212981770004,2020-22
REKR,2017-09-06,"F día 2: corto apertura, stop máx. día 1 (día 1 cerró fuerte)",-0.21666678675905154,2015-19
REKR,2017-09-12,"F día 2: corto apertura, stop máx. día 1 (día 1 cerró débil)",0.4166666843273021,2015-19
REKR,2017-09-14,"F día 2: corto apertura, stop máx. día 1 (día 1 cerró débil)",-0.21022739048961325,2015-19
REKR,2024-12-31,"G first red day: corto al día siguiente, stop máx. día rojo",-0.16683284426198203,2023-26
RENX,2023-11-17,"F día 2: corto apertura, stop máx. día 1 (día 1 cerró débil)",0.12479367758655309,2023-26
RENX,2023-11-20,"G first red day: corto al día siguiente, stop máx. día rojo",-1.0234053529173532,2023-26
RENX,2024-03-08,"F día 2: corto apertura, stop máx. día 1 (día 1 cerró débil)",0.16817973734527464,2023-26
RENX,2024-05-10,"G first red day: corto al día siguiente, stop máx. día rojo",-0.3467123230712768,2023-26
RENX,2024-08-14,"F día 2: corto apertura, stop máx. día 1 (día 1 cerró débil)",-0.03369418406170018,2023-26
RENX,2024-10-15,"F día 2: corto apertura, stop máx. día 1 (día 1 cerró débil)",0.04571414236872626,2023-26
RENX,2026-02-11,"F día 2: corto apertura, stop máx. día 1 (día 1 cerró débil)",0.06369427055310291,2023-26
REPL,2025-07-30,"F día 2: corto apertura, stop máx. día 1 (día 1 cerró fuerte)",-0.13009097734450933,2023-26
REPL,2025-10-20,"F día 2: corto apertura, stop máx. día 1 (día 1 cerró débil)",0.5415160045464728,2023-26
REPL,2026-04-24,"G first red day: corto al día siguiente, stop máx. día rojo",-0.6108464975661194,2023-26
REPL,2026-05-29,"F día 2: corto apertura, stop máx. día 1 (día 1 cerró fuerte)",-1.3010222836079217,2023-26
REPL,2026-07-31,"F día 2: corto apertura, stop máx. día 1 (día 1 cerró fuerte)",-0.5840170335459673,2023-26
REPX,2017-04-06,"G first red day: corto al día siguiente, stop máx. día rojo",-1.0238984275397882,2015-19
REPX,2020-10-21,"F día 2: corto apertura, stop máx. día 1 (día 1 cerró débil)",0.02432959650005167,2020-22
RETO,2020-05-22,"G first red day: corto al día siguiente, stop máx. día rojo",0.19048757170172084,2020-22
RETO,2020-07-10,"F día 2: corto apertura, stop máx. día 1 (día 1 cerró débil)",-0.12205188679245282,2020-22
RETO,2021-02-22,"F día 2: corto apertura, stop máx. día 1 (día 1 cerró débil)",0.030181623931623932,2020-22
RETO,2025-02-24,"F día 2: corto apertura, stop máx. día 1 (día 1 cerró débil)",-0.7860558843767509,2023-26
RETO,2025-02-26,"G first red day: corto al día siguiente, stop máx. día rojo",0.004376667689949618,2023-26
RETO,2025-03-07,"F día 2: corto apertura, stop máx. día 1 (día 1 cerró débil)",0.3984757584588551,2023-26
RETO,2025-04-25,"F día 2: corto apertura, stop máx. día 1 (día 1 cerró débil)",0.0490280021343879,2023-26
RETO,2026-09-16,"F día 2: corto apertura, stop máx. día 1 (día 1 cerró débil)",0.018628732301788707,2023-26
REVB,2022-06-30,"F día 2: corto apertura, stop máx. día 1 (día 1 cerró débil)",0.021236795774647887,2020-22
REVB,2022-07-01,"G first red day: corto al día siguiente, stop máx. día rojo",0.6464202449521926,2020-22
REVB,2022-07-25,"F día 2: corto apertura, stop máx. día 1 (día 1 cerró débil)",0.021593805204674757,2020-22
REVB,2024-01-29,"F día 2: corto apertura, stop máx. día 1 (día 1 cerró débil)",0.2521152671891526,2023-26
REVB,2024-08-21,"F día 2: corto apertura, stop máx. día 1 (día 1 cerró débil)",0.0874999838430179,2023-26
REVB,2025-01-02,"F día 2: corto apertura, stop máx. día 1 (día 1 cerró débil)",-0.016241028606631545,2023-26
REZI,2020-11-09,"G first red day: corto al día siguiente, stop máx. día rojo",-0.11822008050097513,2020-22
RFAI,2026-08-21,"F día 2: corto apertura, stop máx. día 1 (día 1 cerró fuerte)",-0.3127180772270729,2023-26
RGC,2021-08-25,"F día 2: corto apertura, stop máx. día 1 (día 1 cerró fuerte)",0.260136896779636,2020-22
RGC,2024-08-08,"G first red day: corto al día siguiente, stop máx. día rojo",-1.0432142431070455,2023-26
RGC,2025-03-18,"F día 2: corto apertura, stop máx. día 1 (día 1 cerró fuerte)",-1.0459046566395915,2023-26
RGC,2025-03-24,"G first red day: corto al día siguiente, stop máx. día rojo",-0.16572913473718887,2023-26
RGC,2025-05-02,"G first red day: corto al día siguiente, stop máx. día rojo",-1.0382339301204875,2023-26
RGC,2025-05-13,"G first red day: corto al día siguiente, stop máx. día rojo",-0.13354850054640585,2023-26
RGC,2025-06-16,"F día 2: corto apertura, stop máx. día 1 (día 1 cerró fuerte)",-0.38679780668624786,2023-26
RGC,2026-01-08,"G first red day: corto al día siguiente, stop máx. día rojo",-0.2936093189620386,2023-26
RGNT,2026-06-09,"F día 2: corto apertura, stop máx. día 1 (día 1 cerró débil)",0.1710117140077707,2023-26
RGS,2024-06-25,"F día 2: corto apertura, stop máx. día 1 (día 1 cerró fuerte)",-0.3860229166344454,2023-26
RGTI,2024-11-25,"F día 2: corto apertura, stop máx. día 1 (día 1 cerró débil)",0.1477209190103409,2023-26
RHLD,2025-11-03,"F día 2: corto apertura, stop máx. día 1 (día 1 cerró fuerte)",-0.7595004688160943,2023-26
RIG,2020-06-09,"G first red day: corto al día siguiente, stop máx. día rojo",0.4042616075257021,2020-22
RIGL,2020-07-15,"G first red day: corto al día siguiente, stop máx. día rojo",-0.29144201874756787,2020-22
RIME,2025-01-07,"F día 2: corto apertura, stop máx. día 1 (día 1 cerró débil)",-0.009615384615384616,2023-26
RIME,2026-02-17,"G first red day: corto al día siguiente, stop máx. día rojo",-0.14021234064600402,2023-26
RIOT,2017-11-27,"G first red day: corto al día siguiente, stop máx. día rojo",0.08640530651080769,2015-19
RIOT,2017-12-13,"G first red day: corto al día siguiente, stop máx. día rojo",-0.30969413814457897,2015-19
RIOT,2020-05-11,"G first red day: corto al día siguiente, stop máx. día rojo",-0.02051112936599728,2020-22
RIOT,2021-02-18,"G first red day: corto al día siguiente, stop máx. día rojo",-0.279219059602898,2020-22
RJET,2024-01-19,"F día 2: corto apertura, stop máx. día 1 (día 1 cerró débil)",-0.675384537134415,2023-26
RJET,2024-01-23,"G first red day: corto al día siguiente, stop máx. día rojo",0.1960112489708096,2023-26
RJET,2025-04-07,"F día 2: corto apertura, stop máx. día 1 (día 1 cerró fuerte)",-0.2048242409721772,2023-26
RKDA,2019-02-28,"F día 2: corto apertura, stop máx. día 1 (día 1 cerró débil)",0.05240663476500653,2015-19
RKDA,2019-08-13,"G first red day: corto al día siguiente, stop máx. día rojo",-0.8229646756370149,2015-19
RKDA,2024-12-05,"F día 2: corto apertura, stop máx. día 1 (día 1 cerró débil)",0.02346239500995017,2023-26
RKTO,2020-03-23,"F día 2: corto apertura, stop máx. día 1 (día 1 cerró débil)",0.08653846153846154,2020-22
RKTO,2020-12-31,"F día 2: corto apertura, stop máx. día 1 (día 1 cerró débil)",0.3825221238938054,2020-22
RKTO,2022-01-04,"F día 2: corto apertura, stop máx. día 1 (día 1 cerró débil)",-0.13485915492957745,2020-22
RKTO,2022-04-11,"F día 2: corto apertura, stop máx. día 1 (día 1 cerró débil)",0.08972714552238807,2020-22
RKTO,2022-12-29,"F día 2: corto apertura, stop máx. día 1 (día 1 cerró fuerte)",-0.05177044075247132,2020-22
RKTO,2023-06-06,"F día 2: corto apertura, stop máx. día 1 (día 1 cerró débil)",-0.05953561767197543,2023-26
RKTO,2024-09-05,"F día 2: corto apertura, stop máx. día 1 (día 1 cerró débil)",0.06744205216707475,2023-26
RKTO,2025-01-07,"F día 2: corto apertura, stop máx. día 1 (día 1 cerró débil)",-0.05684008835222913,2023-26
RKTO,2026-05-29,"G first red day: corto al día siguiente, stop máx. día rojo",-0.17618601805533773,2023-26
RLMD,2019-10-15,"F día 2: corto apertura, stop máx. día 1 (día 1 cerró débil)",0.19117643658915096,2015-19
RLYB,2024-04-11,"F día 2: corto apertura, stop máx. día 1 (día 1 cerró débil)",0.5704293349348745,2023-26
RMCF,2026-08-12,"F día 2: corto apertura, stop máx. día 1 (día 1 cerró débil)",-0.37188603232031386,2023-26
RMCO,2023-11-06,"F día 2: corto apertura, stop máx. día 1 (día 1 cerró débil)",0.010357731666213878,2023-26
RMCO,2023-12-22,"F día 2: corto apertura, stop máx. día 1 (día 1 cerró débil)",-0.05772291408188351,2023-26
RMSG,2024-09-13,"F día 2: corto apertura, stop máx. día 1 (día 1 cerró fuerte)",-0.019086333348708406,2023-26
RMSG,2025-10-17,"G first red day: corto al día siguiente, stop máx. día rojo",0.05313836910443323,2023-26
RMSG,2026-03-25,"F día 2: corto apertura, stop máx. día 1 (día 1 cerró débil)",-0.228867179018484,2023-26
RMSG,2026-06-05,"F día 2: corto apertura, stop máx. día 1 (día 1 cerró débil)",0.2349690699166893,2023-26
RMSG,2026-06-08,"G first red day: corto al día siguiente, stop máx. día rojo",-0.02430170692091081,2023-26
RMTI,2022-01-13,"F día 2: corto apertura, stop máx. día 1 (día 1 cerró débil)",-0.15426006880152954,2020-22
RNAZ,2021-07-13,"G first red day: corto al día siguiente, stop máx. día rojo",0.15069324090121322,2020-22
RNAZ,2023-02-15,"F día 2: corto apertura, stop máx. día 1 (día 1 cerró débil)",0.04419240237789915,2023-26
RNAZ,2023-09-20,"F día 2: corto apertura, stop máx. día 1 (día 1 cerró débil)",-0.44265641640858133,2023-26
RNAZ,2023-09-25,"F día 2: corto apertura, stop máx. día 1 (día 1 cerró fuerte)",0.05455593617670544,2023-26
RNAZ,2024-09-26,"G first red day: corto al día siguiente, stop máx. día rojo",-0.3178935637089341,2023-26
RNAZ,2025-02-07,"G first red day: corto al día siguiente, stop máx. día rojo",-1.0589189080914378,2023-26
RNAZ,2025-10-08,"F día 2: corto apertura, stop máx. día 1 (día 1 cerró débil)",-0.19986943148522043,2023-26
RNTX,2020-06-01,"G first red day: corto al día siguiente, stop máx. día rojo",0.47516381569784333,2020-22
RNTX,2023-01-04,"G first red day: corto al día siguiente, stop máx. día rojo",0.1305508736207231,2023-26
RNXT,2021-11-10,"F día 2: corto apertura, stop máx. día 1 (día 1 cerró débil)",-0.2028684188180116,2020-22
RNXT,2023-12-15,"G first red day: corto al día siguiente, stop máx. día rojo",-0.18212163960759992,2023-26
ROLR,2026-01-14,"F día 2: corto apertura, stop máx. día 1 (día 1 cerró débil)",-0.09809969307265819,2023-26
ROLR,2026-01-16,"G first red day: corto al día siguiente, stop máx. día rojo",0.09972722999191187,2023-26
ROLR,2026-04-14,"F día 2: corto apertura, stop máx. día 1 (día 1 cerró débil)",0.1547274945179105,2023-26
ROMA,2026-01-28,"G first red day: corto al día siguiente, stop máx. día rojo",-0.26115330427333044,2023-26
ROMA,2026-03-13,"G first red day: corto al día siguiente, stop máx. día rojo",0.1702570000763191,2023-26
ROMA,2026-03-26,"G first red day: corto al día siguiente, stop máx. día rojo",0.47490050382908344,2023-26
ROOT,2023-06-23,"G first red day: corto al día siguiente, stop máx. día rojo",-0.2991476001991688,2023-26
ROOT,2024-10-31,"F día 2: corto apertura, stop máx. día 1 (día 1 cerró débil)",0.0082403966102778,2023-26
RPGL,2025-12-29,"F día 2: corto apertura, stop máx. día 1 (día 1 cerró fuerte)",-0.028753361378096476,2023-26
RPGL,2026-05-01,"G first red day: corto al día siguiente, stop máx. día rojo",0.41353900949302125,2023-26
RR,2024-08-07,"F día 2: corto apertura, stop máx. día 1 (día 1 cerró débil)",-0.24971365109618426,2023-26
RR,2024-08-21,"G first red day: corto al día siguiente, stop máx. día rojo",0.22354589316400972,2023-26
RTB,2017-02-23,"F día 2: corto apertura, stop máx. día 1 (día 1 cerró fuerte)",-1.0211267605633803,2015-19
RTB,2018-05-23,"G first red day: corto al día siguiente, stop máx. día rojo",-1.0503778337531486,2015-19
RTB,2018-06-19,"F día 2: corto apertura, stop máx. día 1 (día 1 cerró débil)",0.16479400749063672,2015-19
RTB,2018-06-25,"F día 2: corto apertura, stop máx. día 1 (día 1 cerró débil)",-0.7168284789644013,2015-19
RTB,2018-09-10,"F día 2: corto apertura, stop máx. día 1 (día 1 cerró débil)",-0.05198180636777127,2015-19
RTB,2018-12-18,"F día 2: corto apertura, stop máx. día 1 (día 1 cerró débil)",0.23636363636363636,2015-19
RTB,2019-01-28,"F día 2: corto apertura, stop máx. día 1 (día 1 cerró débil)",-0.020075282308657464,2015-19
RTB,2019-02-14,"F día 2: corto apertura, stop máx. día 1 (día 1 cerró débil)",0.18789144050104375,2015-19
RTB,2019-02-19,"F día 2: corto apertura, stop máx. día 1 (día 1 cerró débil)",-0.01351351351351351,2015-19
RTB,2019-08-08,"F día 2: corto apertura, stop máx. día 1 (día 1 cerró débil)",0.07280772325020111,2015-19
RTB,2019-09-09,"F día 2: corto apertura, stop máx. día 1 (día 1 cerró débil)",-0.005254648342764754,2015-19
RTB,2019-09-24,"F día 2: corto apertura, stop máx. día 1 (día 1 cerró débil)",-0.003962536023054755,2015-19
RTB,2019-10-10,"F día 2: corto apertura, stop máx. día 1 (día 1 cerró débil)",-0.21434634974533107,2015-19
RTB,2019-11-07,"F día 2: corto apertura, stop máx. día 1 (día 1 cerró débil)",-0.0018703241895261847,2015-19
RTB,2019-11-12,"F día 2: corto apertura, stop máx. día 1 (día 1 cerró débil)",0.019522776572668113,2015-19
RTB,2020-04-20,"G first red day: corto al día siguiente, stop máx. día rojo",0.09905660377358488,2020-22
RTB,2025-06-05,"F día 2: corto apertura, stop máx. día 1 (día 1 cerró fuerte)",0.21791440936060144,2023-26
RTB,2025-10-01,"F día 2: corto apertura, stop máx. día 1 (día 1 cerró fuerte)",0.4209728323586059,2023-26
RTB,2026-06-17,"G first red day: corto al día siguiente, stop máx. día rojo",-1.1838842186232108,2023-26
RUBI,2025-11-25,"F día 2: corto apertura, stop máx. día 1 (día 1 cerró débil)",-0.0532681420483788,2023-26
RUBI,2026-02-19,"F día 2: corto apertura, stop máx. día 1 (día 1 cerró débil)",0.028247843550404952,2023-26
RUBI,2026-05-19,"F día 2: corto apertura, stop máx. día 1 (día 1 cerró débil)",0.036947757538154345,2023-26
RUBI,2026-07-16,"F día 2: corto apertura, stop máx. día 1 (día 1 cerró débil)",0.053332661052074376,2023-26
RUM,2024-01-24,"G first red day: corto al día siguiente, stop máx. día rojo",0.713368353332445,2023-26
RVI,2026-05-14,"G first red day: corto al día siguiente, stop máx. día rojo",-0.196913095564659,2023-26
RVSN,2022-05-04,"F día 2: corto apertura, stop máx. día 1 (día 1 cerró débil)",-0.17235890014471777,2020-22
RVSN,2024-01-24,"G first red day: corto al día siguiente, stop máx. día rojo",-1.0297592756183747,2023-26
RXRX,2023-07-12,"F día 2: corto apertura, stop máx. día 1 (día 1 cerró débil)",-0.17366633447599442,2023-26
RXT,2026-02-18,"F día 2: corto apertura, stop máx. día 1 (día 1 cerró fuerte)",0.0570742048390508,2023-26
RXT,2026-05-07,"F día 2: corto apertura, stop máx. día 1 (día 1 cerró débil)",-1.0449615188904293,2023-26
RXT,2026-05-11,"G first red day: corto al día siguiente, stop máx. día rojo",-1.0441393177571021,2023-26
RYDE,2024-12-30,"G first red day: corto al día siguiente, stop máx. día rojo",0.8219846814168026,2023-26
RYDE,2025-06-18,"F día 2: corto apertura, stop máx. día 1 (día 1 cerró fuerte)",-0.029250117702791137,2023-26
RYET,2025-07-14,"G first red day: corto al día siguiente, stop máx. día rojo",-0.01763263806334138,2023-26
RYM,2021-02-04,"G first red day: corto al día siguiente, stop máx. día rojo",-1.064340239912759,2020-22
RYM,2022-12-19,"F día 2: corto apertura, stop máx. día 1 (día 1 cerró débil)",0.26202583807952634,2020-22
RYM,2024-01-18,"F día 2: corto apertura, stop máx. día 1 (día 1 cerró débil)",0.11052305444042035,2023-26
RYM,2024-01-30,"F día 2: corto apertura, stop máx. día 1 (día 1 cerró débil)",0.02433775926613027,2023-26
RYM,2024-06-24,"F día 2: corto apertura, stop máx. día 1 (día 1 cerró débil)",-0.13249789404205564,2023-26
RYM,2024-11-05,"F día 2: corto apertura, stop máx. día 1 (día 1 cerró débil)",-0.00948456572509332,2023-26
RYOJ,2025-10-16,"F día 2: corto apertura, stop máx. día 1 (día 1 cerró fuerte)",-0.49093286836817085,2023-26
RYTM,2022-07-14,"G first red day: corto al día siguiente, stop máx. día rojo",-1.1906205225616169,2020-22
RZLT,2019-08-01,"F día 2: corto apertura, stop máx. día 1 (día 1 cerró fuerte)",-0.020075282308657467,2015-19
RZLV,2024-09-19,"F día 2: corto apertura, stop máx. día 1 (día 1 cerró débil)",-0.07522535967532597,2023-26
SABS,2023-04-13,"F día 2: corto apertura, stop máx. día 1 (día 1 cerró fuerte)",-0.4956396468103472,2023-26
SAFX,2025-06-09,"F día 2: corto apertura, stop máx. día 1 (día 1 cerró fuerte)",0.13479155367313767,2023-26
SAFX,2025-06-10,"G first red day: corto al día siguiente, stop máx. día rojo",2.144281801673487,2023-26
SAFX,2025-07-10,"F día 2: corto apertura, stop máx. día 1 (día 1 cerró débil)",-0.022136441195542582,2023-26
SAFX,2026-04-14,"G first red day: corto al día siguiente, stop máx. día rojo",1.7360371676188886,2023-26
SAGT,2026-04-29,"F día 2: corto apertura, stop máx. día 1 (día 1 cerró débil)",0.06934941486881747,2023-26
SAGT,2026-06-22,"F día 2: corto apertura, stop máx. día 1 (día 1 cerró débil)",-0.3143923066772242,2023-26
SAIH,2023-04-14,"F día 2: corto apertura, stop máx. día 1 (día 1 cerró débil)",0.0003796506532695448,2023-26
SAIH,2023-04-17,"G first red day: corto al día siguiente, stop máx. día rojo",0.9382590070818316,2023-26
SAIH,2025-03-26,"G first red day: corto al día siguiente, stop máx. día rojo",1.2020565274738024,2023-26
SANA,2025-01-08,"F día 2: corto apertura, stop máx. día 1 (día 1 cerró débil)",0.5462334976053141,2023-26
SATL,2024-12-10,"G first red day: corto al día siguiente, stop máx. día rojo",-0.03833917808995517,2023-26
SBC,2025-04-10,"F día 2: corto apertura, stop máx. día 1 (día 1 cerró débil)",-0.332688792493495,2023-26
SBET,2015-02-03,"F día 2: corto apertura, stop máx. día 1 (día 1 cerró débil)",-0.1612722835843525,2015-19
SBET,2019-09-13,"F día 2: corto apertura, stop máx. día 1 (día 1 cerró débil)",-0.021119760267387013,2015-19
SBET,2021-04-16,"F día 2: corto apertura, stop máx. día 1 (día 1 cerró débil)",-0.12552136545988338,2020-22
SBET,2021-07-12,"F día 2: corto apertura, stop máx. día 1 (día 1 cerró débil)",0.13244417295727154,2020-22
SBET,2025-02-06,"F día 2: corto apertura, stop máx. día 1 (día 1 cerró débil)",-0.2062168328796491,2023-26
SBET,2025-05-27,"F día 2: corto apertura, stop máx. día 1 (día 1 cerró débil)",0.0695589266256847,2023-26
SBET,2025-05-28,"G first red day: corto al día siguiente, stop máx. día rojo",-1.067877104501569,2023-26
SBET,2025-07-17,"G first red day: corto al día siguiente, stop máx. día rojo",-1.126906122898609,2023-26
SBFM,2022-03-09,"F día 2: corto apertura, stop máx. día 1 (día 1 cerró débil)",-0.12285834031852473,2020-22
SBFM,2022-04-05,"F día 2: corto apertura, stop máx. día 1 (día 1 cerró débil)",-1.04004329004329,2020-22
SBFM,2023-05-11,"F día 2: corto apertura, stop máx. día 1 (día 1 cerró débil)",-0.0521978021978022,2023-26
SBFM,2024-03-05,"F día 2: corto apertura, stop máx. día 1 (día 1 cerró débil)",0.20042514424536892,2023-26
SBFM,2024-04-01,"F día 2: corto apertura, stop máx. día 1 (día 1 cerró débil)",0.29636005902606977,2023-26
SBFM,2025-04-02,"F día 2: corto apertura, stop máx. día 1 (día 1 cerró débil)",0.07616873923683048,2023-26
SBFM,2026-05-18,"F día 2: corto apertura, stop máx. día 1 (día 1 cerró débil)",-0.002284053124691262,2023-26
SBFM,2026-05-21,"F día 2: corto apertura, stop máx. día 1 (día 1 cerró débil)",-0.26476396742446784,2023-26
SCAG,2025-07-02,"F día 2: corto apertura, stop máx. día 1 (día 1 cerró fuerte)",-0.03008534692094765,2023-26
SCAG,2025-07-09,"F día 2: corto apertura, stop máx. día 1 (día 1 cerró débil)",-0.3683322714937902,2023-26
SCKT,2020-07-27,"F día 2: corto apertura, stop máx. día 1 (día 1 cerró débil)",-0.1581654541135753,2020-22
SCKT,2020-10-23,"F día 2: corto apertura, stop máx. día 1 (día 1 cerró débil)",-0.1765022889743464,2020-22
SCKT,2021-02-16,"F día 2: corto apertura, stop máx. día 1 (día 1 cerró débil)",0.12464997983312623,2020-22
SCKT,2021-07-23,"F día 2: corto apertura, stop máx. día 1 (día 1 cerró débil)",-0.005773312210157754,2020-22
SCKT,2026-08-10,"F día 2: corto apertura, stop máx. día 1 (día 1 cerró fuerte)",-0.06061989922721457,2023-26
SCNI,2015-09-02,"F día 2: corto apertura, stop máx. día 1 (día 1 cerró débil)",0.35780406274106447,2015-19
SCNI,2020-04-30,"G first red day: corto al día siguiente, stop máx. día rojo",-0.06966105219380328,2020-22
SCNI,2021-12-22,"F día 2: corto apertura, stop máx. día 1 (día 1 cerró fuerte)",-0.3194269237700486,2020-22
SCNI,2022-03-24,"F día 2: corto apertura, stop máx. día 1 (día 1 cerró débil)",-0.26637673280782814,2020-22
SCNI,2024-06-17,"F día 2: corto apertura, stop máx. día 1 (día 1 cerró débil)",0.3922120028485363,2023-26
SCNI,2024-06-18,"G first red day: corto al día siguiente, stop máx. día rojo",0.16210622834471977,2023-26
SCNI,2024-07-15,"F día 2: corto apertura, stop máx. día 1 (día 1 cerró débil)",-0.01401647151790061,2023-26
SCNI,2025-06-05,"F día 2: corto apertura, stop máx. día 1 (día 1 cerró débil)",0.1656124927890322,2023-26
SCNI,2026-04-24,"F día 2: corto apertura, stop máx. día 1 (día 1 cerró débil)",0.1752912067630356,2023-26
SCNX,2015-10-07,"F día 2: corto apertura, stop máx. día 1 (día 1 cerró débil)",-0.014285714285714287,2015-19
SCNX,2017-12-07,"F día 2: corto apertura, stop máx. día 1 (día 1 cerró fuerte)",-1.004966139668466,2015-19
SCNX,2018-03-08,"F día 2: corto apertura, stop máx. día 1 (día 1 cerró débil)",-0.2166664531694078,2015-19
SCNX,2019-05-14,"F día 2: corto apertura, stop máx. día 1 (día 1 cerró débil)",-0.05574912760767897,2015-19
SCNX,2021-06-10,"F día 2: corto apertura, stop máx. día 1 (día 1 cerró débil)",0.13049595830364985,2020-22
SCNX,2021-07-01,"F día 2: corto apertura, stop máx. día 1 (día 1 cerró débil)",-0.017382766687403454,2020-22
SCNX,2023-06-26,"F día 2: corto apertura, stop máx. día 1 (día 1 cerró débil)",-0.21783310449135151,2023-26
SCNX,2023-08-02,"F día 2: corto apertura, stop máx. día 1 (día 1 cerró débil)",0.42289962676448106,2023-26
SCNX,2023-09-01,"F día 2: corto apertura, stop máx. día 1 (día 1 cerró débil)",-0.14598622586877463,2023-26
SCNX,2024-02-20,"F día 2: corto apertura, stop máx. día 1 (día 1 cerró débil)",0.02055089083934978,2023-26
SCNX,2025-03-18,"G first red day: corto al día siguiente, stop máx. día rojo",-0.039206346126597666,2023-26
SCNX,2025-10-16,"F día 2: corto apertura, stop máx. día 1 (día 1 cerró débil)",0.02459989940635478,2023-26
SCNX,2025-10-23,"F día 2: corto apertura, stop máx. día 1 (día 1 cerró fuerte)",0.47188354123467735,2023-26
SCNX,2026-03-11,"F día 2: corto apertura, stop máx. día 1 (día 1 cerró débil)",-0.2023970336863688,2023-26
SCWO,2015-02-24,"F día 2: corto apertura, stop máx. día 1 (día 1 cerró débil)",-0.027777777777777776,2015-19
SCWO,2019-02-08,"F día 2: corto apertura, stop máx. día 1 (día 1 cerró débil)",-0.002003004640152889,2015-19
SCWO,2020-07-16,"F día 2: corto apertura, stop máx. día 1 (día 1 cerró débil)",-0.009615384615384614,2020-22
SCWO,2020-07-24,"F día 2: corto apertura, stop máx. día 1 (día 1 cerró débil)",-0.032722511005840914,2020-22
SCWO,2020-08-31,"F día 2: corto apertura, stop máx. día 1 (día 1 cerró fuerte)",-0.020376174054973533,2020-22
SCWO,2020-09-30,"F día 2: corto apertura, stop máx. día 1 (día 1 cerró débil)",1.7286186493427544,2020-22
SCYX,2019-01-31,"F día 2: corto apertura, stop máx. día 1 (día 1 cerró débil)",-0.3112440028253584,2015-19
SCYX,2023-03-23,"G first red day: corto al día siguiente, stop máx. día rojo",-0.27834006321991356,2023-26
SDA,2023-05-19,"F día 2: corto apertura, stop máx. día 1 (día 1 cerró fuerte)",-0.25787805711085204,2023-26
SDEV,2019-11-18,"F día 2: corto apertura, stop máx. día 1 (día 1 cerró débil)",0.04300062774639045,2015-19
SDEV,2020-04-20,"F día 2: corto apertura, stop máx. día 1 (día 1 cerró débil)",0.28421807747489236,2020-22
SDEV,2023-01-04,"G first red day: corto al día siguiente, stop máx. día rojo",-0.10711793440334963,2023-26
SDEV,2023-09-11,"F día 2: corto apertura, stop máx. día 1 (día 1 cerró débil)",0.01957001102535832,2023-26
SDEV,2024-09-20,"F día 2: corto apertura, stop máx. día 1 (día 1 cerró débil)",-0.0599586106045826,2023-26
SDEV,2025-08-20,"F día 2: corto apertura, stop máx. día 1 (día 1 cerró débil)",-0.39846147977388824,2023-26
SDEV,2025-08-27,"F día 2: corto apertura, stop máx. día 1 (día 1 cerró débil)",-0.37671232876712335,2023-26
SDOT,2025-10-15,"F día 2: corto apertura, stop máx. día 1 (día 1 cerró débil)",-0.08464533750778551,2023-26
SDOT,2026-05-05,"F día 2: corto apertura, stop máx. día 1 (día 1 cerró débil)",-0.020935138249141123,2023-26
SDOT,2026-06-03,"F día 2: corto apertura, stop máx. día 1 (día 1 cerró débil)",-1.0188104636221325,2023-26
SDOT,2026-06-26,"F día 2: corto apertura, stop máx. día 1 (día 1 cerró fuerte)",-1.0815384642934243,2023-26
SDOT,2026-06-30,"G first red day: corto al día siguiente, stop máx. día rojo",-1.0477564149641718,2023-26
SDOT,2026-08-24,"F día 2: corto apertura, stop máx. día 1 (día 1 cerró débil)",0.2225685060295267,2023-26
SDST,2025-05-14,"G first red day: corto al día siguiente, stop máx. día rojo",0.4962781257619527,2023-26
SDST,2025-07-14,"F día 2: corto apertura, stop máx. día 1 (día 1 cerró débil)",-0.11413836008142905,2023-26
SDST,2025-10-15,"G first red day: corto al día siguiente, stop máx. día rojo",0.4113567195184609,2023-26
SDST,2026-09-17,"F día 2: corto apertura, stop máx. día 1 (día 1 cerró débil)",0.20563937165329071,2023-26
SEED,2020-01-13,"G first red day: corto al día siguiente, stop máx. día rojo",-0.3068421370699168,2020-22
SEED,2020-06-16,"G first red day: corto al día siguiente, stop máx. día rojo",0.9696885662085785,2020-22
SEED,2025-10-15,"F día 2: corto apertura, stop máx. día 1 (día 1 cerró débil)",0.0006898595457906258,2023-26
SEGG,2026-01-14,"F día 2: corto apertura, stop máx. día 1 (día 1 cerró débil)",-0.1755547953229058,2023-26
SEGG,2026-01-22,"G first red day: corto al día siguiente, stop máx. día rojo",0.12403377989444175,2023-26
SEGG,2026-04-29,"G first red day: corto al día siguiente, stop máx. día rojo",-0.15930185793071894,2023-26
SEGG,2026-05-19,"G first red day: corto al día siguiente, stop máx. día rojo",-0.1609270442748269,2023-26
SENS,2020-12-24,"F día 2: corto apertura, stop máx. día 1 (día 1 cerró débil)",-0.20109067454741053,2020-22
SENS,2021-01-15,"F día 2: corto apertura, stop máx. día 1 (día 1 cerró débil)",-1.0332778729093992,2020-22
SENS,2021-01-20,"G first red day: corto al día siguiente, stop máx. día rojo",0.030309062355075793,2020-22
SEPN,2025-05-14,"F día 2: corto apertura, stop máx. día 1 (día 1 cerró fuerte)",-0.22963068135809409,2023-26
SER,2020-10-08,"F día 2: corto apertura, stop máx. día 1 (día 1 cerró débil)",-0.24420205859853397,2020-22
SER,2024-03-18,"G first red day: corto al día siguiente, stop máx. día rojo",0.10185209739944588,2023-26
SER,2026-03-19,"F día 2: corto apertura, stop máx. día 1 (día 1 cerró fuerte)",-1.3233257421124998,2023-26
SERA,2022-06-28,"G first red day: corto al día siguiente, stop máx. día rojo",-0.11502138297734091,2020-22
SERA,2023-02-15,"F día 2: corto apertura, stop máx. día 1 (día 1 cerró fuerte)",-1.048672551336076,2023-26
SERA,2023-02-21,"G first red day: corto al día siguiente, stop máx. día rojo",-0.42301363222851146,2023-26
SERA,2023-12-06,"F día 2: corto apertura, stop máx. día 1 (día 1 cerró débil)",-0.06547712798919335,2023-26
SERV,2024-03-15,"G first red day: corto al día siguiente, stop máx. día rojo",0.20606066385904945,2023-26
SERV,2025-01-07,"G first red day: corto al día siguiente, stop máx. día rojo",0.24134284590439462,2023-26
SES,2024-12-27,"F día 2: corto apertura, stop máx. día 1 (día 1 cerró fuerte)",-0.680033689712256,2023-26
SEV,2025-10-24,"G first red day: corto al día siguiente, stop máx. día rojo",0.5165914284742709,2023-26
SEZL,2023-09-19,"F día 2: corto apertura, stop máx. día 1 (día 1 cerró débil)",0.02618447104050137,2023-26
SFHG,2024-10-18,"G first red day: corto al día siguiente, stop máx. día rojo",-0.4776647007153537,2023-26
SFWL,2026-09-09,"F día 2: corto apertura, stop máx. día 1 (día 1 cerró débil)",0.8165753255863115,2023-26
SGLY,2016-08-02,"F día 2: corto apertura, stop máx. día 1 (día 1 cerró débil)",0.5749086479902558,2015-19
SGLY,2016-08-03,"G first red day: corto al día siguiente, stop máx. día rojo",0.5646900269541777,2015-19
SGLY,2016-11-17,"F día 2: corto apertura, stop máx. día 1 (día 1 cerró débil)",0.06708776595744681,2015-19
SGLY,2016-11-17,"G first red day: corto al día siguiente, stop máx. día rojo",0.06708776595744681,2015-19
SGLY,2020-06-08,"F día 2: corto apertura, stop máx. día 1 (día 1 cerró débil)",0.13995117982099262,2020-22
SGLY,2021-02-03,"F día 2: corto apertura, stop máx. día 1 (día 1 cerró débil)",-0.19262942351964468,2020-22
SGLY,2026-08-18,"F día 2: corto apertura, stop máx. día 1 (día 1 cerró débil)",-0.06002424919816394,2023-26
SGLY,2026-08-20,"F día 2: corto apertura, stop máx. día 1 (día 1 cerró débil)",0.18896221186866224,2023-26
SGMT,2024-01-22,"F día 2: corto apertura, stop máx. día 1 (día 1 cerró fuerte)",0.2683973514406772,2023-26
SGRX,2020-03-27,"G first red day: corto al día siguiente, stop máx. día rojo",0.05547728073265233,2020-22
SGRX,2025-03-03,"F día 2: corto apertura, stop máx. día 1 (día 1 cerró débil)",0.007077633816919724,2023-26
SGRX,2025-03-07,"F día 2: corto apertura, stop máx. día 1 (día 1 cerró débil)",0.13494221809009496,2023-26
SGRX,2025-04-08,"F día 2: corto apertura, stop máx. día 1 (día 1 cerró débil)",0.08521422138670993,2023-26
SGRX,2025-07-14,"G first red day: corto al día siguiente, stop máx. día rojo",-0.1546240740210068,2023-26
SGRX,2025-07-21,"G first red day: corto al día siguiente, stop máx. día rojo",0.10663820276253567,2023-26
SGRX,2026-09-04,"F día 2: corto apertura, stop máx. día 1 (día 1 cerró débil)",0.046698338685152725,2023-26
SHFS,2025-04-21,"F día 2: corto apertura, stop máx. día 1 (día 1 cerró fuerte)",-0.4817458967571437,2023-26
SHFS,2025-09-02,"F día 2: corto apertura, stop máx. día 1 (día 1 cerró débil)",-0.0946639406072293,2023-26
SHFS,2025-09-24,"F día 2: corto apertura, stop máx. día 1 (día 1 cerró débil)",-0.09855369477815494,2023-26
SHIP,2015-01-30,"F día 2: corto apertura, stop máx. día 1 (día 1 cerró débil)",0.005673758865248228,2015-19
SHIP,2015-07-22,"F día 2: corto apertura, stop máx. día 1 (día 1 cerró débil)",0.2971160295103956,2015-19
SHIP,2016-11-17,"G first red day: corto al día siguiente, stop máx. día rojo",0.384418901660281,2015-19
SHIP,2020-06-09,"G first red day: corto al día siguiente, stop máx. día rojo",0.23546513666843136,2020-22
SHMD,2025-10-16,"G first red day: corto al día siguiente, stop máx. día rojo",-1.059468439343452,2023-26
SHPH,2022-09-08,"G first red day: corto al día siguiente, stop máx. día rojo",-0.5930096519450132,2020-22
SHPH,2022-12-06,"G first red day: corto al día siguiente, stop máx. día rojo",0.15495610761630588,2020-22
SHPH,2023-05-23,"F día 2: corto apertura, stop máx. día 1 (día 1 cerró débil)",0.0045791245791245785,2023-26
SHPH,2025-05-09,"F día 2: corto apertura, stop máx. día 1 (día 1 cerró débil)",0.016380090497737556,2023-26
SHPH,2026-01-20,"F día 2: corto apertura, stop máx. día 1 (día 1 cerró débil)",-0.03877293659762859,2023-26
SHPH,2026-06-26,"F día 2: corto apertura, stop máx. día 1 (día 1 cerró débil)",0.06610775019081991,2023-26
SIDU,2022-05-06,"F día 2: corto apertura, stop máx. día 1 (día 1 cerró débil)",0.2569270833333333,2020-22
SIDU,2022-06-16,"F día 2: corto apertura, stop máx. día 1 (día 1 cerró débil)",0.04821381492222514,2020-22
SIDU,2022-06-17,"G first red day: corto al día siguiente, stop máx. día rojo",1.9573093887838684,2020-22
SIDU,2022-09-07,"F día 2: corto apertura, stop máx. día 1 (día 1 cerró débil)",0.07281132620629877,2020-22
SIDU,2024-12-16,"F día 2: corto apertura, stop máx. día 1 (día 1 cerró fuerte)",-1.039948446428747,2023-26
SIDU,2024-12-18,"G first red day: corto al día siguiente, stop máx. día rojo",-0.41289374573732834,2023-26
SIDU,2025-12-22,"F día 2: corto apertura, stop máx. día 1 (día 1 cerró fuerte)",-0.22491678514598268,2023-26
SIDU,2026-05-27,"G first red day: corto al día siguiente, stop máx. día rojo",-0.08902073315131381,2023-26
SIEB,2021-01-29,"F día 2: corto apertura, stop máx. día 1 (día 1 cerró débil)",0.035597498802946013,2020-22
SIF,2020-05-13,"F día 2: corto apertura, stop máx. día 1 (día 1 cerró débil)",-0.4783980700946995,2020-22
SIF,2020-12-24,"F día 2: corto apertura, stop máx. día 1 (día 1 cerró débil)",-0.535754267683501,2020-22
SIFY,2024-09-03,"F día 2: corto apertura, stop máx. día 1 (día 1 cerró débil)",-0.19485517352552825,2023-26
SILO,2022-09-19,"F día 2: corto apertura, stop máx. día 1 (día 1 cerró débil)",-0.10041515586081048,2020-22
SILO,2024-07-16,"F día 2: corto apertura, stop máx. día 1 (día 1 cerró fuerte)",-0.14788750633601602,2023-26
SILO,2025-01-08,"F día 2: corto apertura, stop máx. día 1 (día 1 cerró débil)",-0.09144932298030195,2023-26
SILO,2026-04-07,"F día 2: corto apertura, stop máx. día 1 (día 1 cerró débil)",0.1981177400985185,2023-26
SIMO,2023-07-26,"F día 2: corto apertura, stop máx. día 1 (día 1 cerró débil)",0.16122728290235053,2023-26
SINT,2016-01-29,"G first red day: corto al día siguiente, stop máx. día rojo",-0.35335042109117537,2015-19
SINT,2016-04-18,"F día 2: corto apertura, stop máx. día 1 (día 1 cerró débil)",0.3425925925925926,2015-19
SINT,2017-11-10,"F día 2: corto apertura, stop máx. día 1 (día 1 cerró débil)",0.01805736636245111,2015-19
SINT,2018-03-06,"F día 2: corto apertura, stop máx. día 1 (día 1 cerró débil)",-0.0025684931506849314,2015-19
SINT,2018-10-16,"G first red day: corto al día siguiente, stop máx. día rojo",-0.11547022815804119,2015-19
SINT,2019-09-12,"F día 2: corto apertura, stop máx. día 1 (día 1 cerró débil)",-0.296077105174163,2015-19
SINT,2020-01-30,"F día 2: corto apertura, stop máx. día 1 (día 1 cerró débil)",0.19837317397078352,2020-22
SINT,2020-06-22,"F día 2: corto apertura, stop máx. día 1 (día 1 cerró débil)",0.08276839640083816,2020-22
SINT,2024-04-18,"F día 2: corto apertura, stop máx. día 1 (día 1 cerró débil)",-0.08174379882899066,2023-26
SINT,2024-05-15,"F día 2: corto apertura, stop máx. día 1 (día 1 cerró débil)",-0.06508815607333832,2023-26
SINT,2024-09-09,"F día 2: corto apertura, stop máx. día 1 (día 1 cerró débil)",0.15587145649355474,2023-26
SINT,2025-02-19,"F día 2: corto apertura, stop máx. día 1 (día 1 cerró débil)",-0.11310978647396479,2023-26
SINT,2025-04-25,"G first red day: corto al día siguiente, stop máx. día rojo",0.5656884452540033,2023-26
SJ,2021-04-06,"F día 2: corto apertura, stop máx. día 1 (día 1 cerró débil)",0.0046768322109989645,2020-22
SKK,2024-11-21,"F día 2: corto apertura, stop máx. día 1 (día 1 cerró débil)",0.02072981356723726,2023-26
SKK,2024-11-22,"F día 2: corto apertura, stop máx. día 1 (día 1 cerró débil)",0.3167750754941583,2023-26
SKYA,2024-05-28,"F día 2: corto apertura, stop máx. día 1 (día 1 cerró débil)",-0.17212508986579436,2023-26
SKYA,2024-05-30,"F día 2: corto apertura, stop máx. día 1 (día 1 cerró débil)",0.41456398809031625,2023-26
SKYA,2025-03-10,"F día 2: corto apertura, stop máx. día 1 (día 1 cerró débil)",0.07934240949880732,2023-26
SKYA,2025-04-10,"F día 2: corto apertura, stop máx. día 1 (día 1 cerró débil)",0.38012291208172283,2023-26
SKYA,2025-04-14,"F día 2: corto apertura, stop máx. día 1 (día 1 cerró débil)",0.033433003179110674,2023-26
SKYA,2025-04-15,"G first red day: corto al día siguiente, stop máx. día rojo",1.8000001046392788,2023-26
SKYA,2025-06-04,"F día 2: corto apertura, stop máx. día 1 (día 1 cerró fuerte)",0.3972445099529983,2023-26
SKYA,2025-08-25,"F día 2: corto apertura, stop máx. día 1 (día 1 cerró débil)",-0.0074752661444470805,2023-26
SKYE,2016-10-26,"G first red day: corto al día siguiente, stop máx. día rojo",0.1896700143472023,2015-19
SKYE,2021-01-14,"G first red day: corto al día siguiente, stop máx. día rojo",0.10781249999999998,2020-22
SKYE,2021-06-03,"G first red day: corto al día siguiente, stop máx. día rojo",0.2637767637767637,2020-22
SKYE,2023-08-29,"G first red day: corto al día siguiente, stop máx. día rojo",-0.04733727810650889,2023-26
SKYE,2023-09-21,"G first red day: corto al día siguiente, stop máx. día rojo",-0.4726078991603102,2023-26
SKYE,2026-08-14,"F día 2: corto apertura, stop máx. día 1 (día 1 cerró débil)",0.45573870641182956,2023-26
SKYQ,2026-04-02,"F día 2: corto apertura, stop máx. día 1 (día 1 cerró fuerte)",-1.035938213895256,2023-26
SKYQ,2026-07-09,"G first red day: corto al día siguiente, stop máx. día rojo",-0.09460073077260747,2023-26
SLAB,2026-02-04,"F día 2: corto apertura, stop máx. día 1 (día 1 cerró débil)",-0.42614395041870884,2023-26
SLBT,2026-06-16,"F día 2: corto apertura, stop máx. día 1 (día 1 cerró débil)",-0.050056895840832526,2023-26
SLDB,2020-10-01,"F día 2: corto apertura, stop máx. día 1 (día 1 cerró débil)",-0.30066157759840884,2020-22
SLDB,2025-02-18,"F día 2: corto apertura, stop máx. día 1 (día 1 cerró débil)",-0.5673178358940394,2023-26
SLDB,2025-02-20,"G first red day: corto al día siguiente, stop máx. día rojo",0.5773999391326766,2023-26
SLE,2020-01-14,"F día 2: corto apertura, stop máx. día 1 (día 1 cerró débil)",0.049183780937335435,2020-22
SLE,2021-03-05,"G first red day: corto al día siguiente, stop máx. día rojo",0.2577556651893971,2020-22
SLE,2023-04-18,"F día 2: corto apertura, stop máx. día 1 (día 1 cerró débil)",-0.6017202647548486,2023-26
SLE,2023-09-11,"F día 2: corto apertura, stop máx. día 1 (día 1 cerró débil)",0.09044339065746124,2023-26
SLE,2025-09-23,"F día 2: corto apertura, stop máx. día 1 (día 1 cerró débil)",0.093385914253396,2023-26
SLE,2026-05-15,"F día 2: corto apertura, stop máx. día 1 (día 1 cerró débil)",-0.08548676802885355,2023-26
SLE,2026-08-18,"F día 2: corto apertura, stop máx. día 1 (día 1 cerró débil)",0.4133227576747746,2023-26
SLE,2026-08-19,"G first red day: corto al día siguiente, stop máx. día rojo",-0.24987516803221316,2023-26
SLGB,2026-01-21,"F día 2: corto apertura, stop máx. día 1 (día 1 cerró débil)",0.057595587917680824,2023-26
SLGB,2026-06-09,"F día 2: corto apertura, stop máx. día 1 (día 1 cerró débil)",-0.10457778309551799,2023-26
SLGB,2026-07-21,"F día 2: corto apertura, stop máx. día 1 (día 1 cerró débil)",-0.022089451872074978,2023-26
SLGL,2019-12-30,"F día 2: corto apertura, stop máx. día 1 (día 1 cerró débil)",0.15895164270129442,2015-19
SLMT,2024-02-14,"F día 2: corto apertura, stop máx. día 1 (día 1 cerró débil)",0.029090909090909094,2023-26
SLMT,2024-03-07,"F día 2: corto apertura, stop máx. día 1 (día 1 cerró débil)",0.19166249374061092,2023-26
SLMT,2024-10-17,"F día 2: corto apertura, stop máx. día 1 (día 1 cerró débil)",-0.2556630900167183,2023-26
SLMT,2025-02-25,"F día 2: corto apertura, stop máx. día 1 (día 1 cerró débil)",0.19113659268082991,2023-26
SLND,2026-07-17,"F día 2: corto apertura, stop máx. día 1 (día 1 cerró fuerte)",-1.0900321370549315,2023-26
SLNG,2018-12-03,"F día 2: corto apertura, stop máx. día 1 (día 1 cerró débil)",-1.0377643560022953,2015-19
SLNG,2018-12-06,"G first red day: corto al día siguiente, stop máx. día rojo",0.245426444716986,2015-19
SLNG,2018-12-18,"F día 2: corto apertura, stop máx. día 1 (día 1 cerró débil)",0.21523718964117278,2015-19
SLNG,2020-05-14,"F día 2: corto apertura, stop máx. día 1 (día 1 cerró débil)",-0.3679475526734441,2020-22
SLNH,2021-02-17,"G first red day: corto al día siguiente, stop máx. día rojo",-0.14985461865354507,2020-22
SLNH,2025-07-14,"G first red day: corto al día siguiente, stop máx. día rojo",0.7245533422267315,2023-26
SLNH,2025-10-16,"G first red day: corto al día siguiente, stop máx. día rojo",-0.5529839705391864,2023-26
SLS,2017-02-06,"F día 2: corto apertura, stop máx. día 1 (día 1 cerró débil)",0.0352112676056338,2015-19
SLS,2018-04-02,"F día 2: corto apertura, stop máx. día 1 (día 1 cerró fuerte)",-1.0351727566492668,2015-19
SLS,2019-07-03,"F día 2: corto apertura, stop máx. día 1 (día 1 cerró débil)",0.1362007168458781,2015-19
SLS,2020-12-11,"G first red day: corto al día siguiente, stop máx. día rojo",0.051538877973223776,2020-22
SLSN,2019-10-03,"F día 2: corto apertura, stop máx. día 1 (día 1 cerró débil)",-0.17561295238247515,2015-19
SLSN,2020-08-06,"F día 2: corto apertura, stop máx. día 1 (día 1 cerró débil)",0.43920642501690027,2020-22
SLSN,2025-04-08,"F día 2: corto apertura, stop máx. día 1 (día 1 cerró débil)",0.0008012589845278165,2023-26
SLXN,2024-11-20,"F día 2: corto apertura, stop máx. día 1 (día 1 cerró débil)",-0.2566724982309184,2023-26
SLXN,2024-11-29,"F día 2: corto apertura, stop máx. día 1 (día 1 cerró fuerte)",-1.075,2023-26
SLXN,2025-01-29,"F día 2: corto apertura, stop máx. día 1 (día 1 cerró fuerte)",0.12234290147401085,2023-26
SLXN,2025-01-30,"G first red day: corto al día siguiente, stop máx. día rojo",-1.131325301204819,2023-26
SLXN,2026-05-20,"F día 2: corto apertura, stop máx. día 1 (día 1 cerró fuerte)",-0.17485148584523275,2023-26
SM,2020-05-01,"G first red day: corto al día siguiente, stop máx. día rojo",-0.4060089244383533,2020-22
SM,2020-06-09,"G first red day: corto al día siguiente, stop máx. día rojo",0.7117111867027129,2020-22
SMHI,2020-06-09,"G first red day: corto al día siguiente, stop máx. día rojo",-1.128279885448979,2020-22
SMMT,2016-10-04,"F día 2: corto apertura, stop máx. día 1 (día 1 cerró débil)",0.08671788511311547,2015-19
SMMT,2022-12-06,"F día 2: corto apertura, stop máx. día 1 (día 1 cerró fuerte)",-1.0550708930757342,2020-22
SMSI,2024-09-17,"F día 2: corto apertura, stop máx. día 1 (día 1 cerró fuerte)",-0.35921050315088326,2023-26
SMTI,2018-12-07,"F día 2: corto apertura, stop máx. día 1 (día 1 cerró débil)",-0.006451612903225807,2015-19
SMTI,2018-12-11,"F día 2: corto apertura, stop máx. día 1 (día 1 cerró débil)",-1.0188679245283019,2015-19
SMTI,2019-01-04,"G first red day: corto al día siguiente, stop máx. día rojo",0.872727272727273,2015-19
SMTI,2019-02-27,"F día 2: corto apertura, stop máx. día 1 (día 1 cerró débil)",-0.018867924528301886,2015-19
SMTI,2019-05-03,"F día 2: corto apertura, stop máx. día 1 (día 1 cerró fuerte)",-0.044642857142857144,2015-19
SMTI,2019-05-13,"F día 2: corto apertura, stop máx. día 1 (día 1 cerró débil)",-0.044615367940192316,2015-19
SMTI,2019-06-10,"F día 2: corto apertura, stop máx. día 1 (día 1 cerró fuerte)",-0.4161769300419559,2015-19
SMTK,2026-06-08,"F día 2: corto apertura, stop máx. día 1 (día 1 cerró fuerte)",0.24878399502932624,2023-26
SMTK,2026-06-09,"G first red day: corto al día siguiente, stop máx. día rojo",-0.22961063651281802,2023-26
SMX,2023-03-23,"F día 2: corto apertura, stop máx. día 1 (día 1 cerró débil)",-0.16184206544273394,2023-26
SMX,2023-05-09,"G first red day: corto al día siguiente, stop máx. día rojo",0.04185149401062553,2023-26
SMX,2023-07-19,"F día 2: corto apertura, stop máx. día 1 (día 1 cerró débil)",0.1308400529535354,2023-26
SMX,2023-10-10,"F día 2: corto apertura, stop máx. día 1 (día 1 cerró débil)",-0.16162197363526232,2023-26
SMX,2024-02-07,"F día 2: corto apertura, stop máx. día 1 (día 1 cerró débil)",-0.019761471083435664,2023-26
SMX,2024-09-10,"F día 2: corto apertura, stop máx. día 1 (día 1 cerró débil)",-0.15150805164787784,2023-26
SMX,2024-12-06,"F día 2: corto apertura, stop máx. día 1 (día 1 cerró débil)",0.32602484661881254,2023-26
SMX,2024-12-26,"F día 2: corto apertura, stop máx. día 1 (día 1 cerró fuerte)",0.33253419650645577,2023-26
SMX,2025-11-18,"F día 2: corto apertura, stop máx. día 1 (día 1 cerró débil)",-0.12610616281917414,2023-26
SMX,2025-11-28,"F día 2: corto apertura, stop máx. día 1 (día 1 cerró fuerte)",0.8161116430764238,2023-26
SMX,2025-12-01,"G first red day: corto al día siguiente, stop máx. día rojo",-1.0177503236041368,2023-26
SMX,2025-12-05,"F día 2: corto apertura, stop máx. día 1 (día 1 cerró débil)",0.2929950276625906,2023-26
SMX,2025-12-08,"G first red day: corto al día siguiente, stop máx. día rojo",-0.21636296567470747,2023-26
SMX,2026-05-11,"F día 2: corto apertura, stop máx. día 1 (día 1 cerró débil)",0.5584486469963668,2023-26
SMXT,2025-08-05,"F día 2: corto apertura, stop máx. día 1 (día 1 cerró débil)",0.10499995679566479,2023-26
SNAL,2024-10-08,"G first red day: corto al día siguiente, stop máx. día rojo",0.3314055816191697,2023-26
SNAL,2026-04-14,"F día 2: corto apertura, stop máx. día 1 (día 1 cerró fuerte)",-0.013847485966681023,2023-26
SNAL,2026-05-14,"F día 2: corto apertura, stop máx. día 1 (día 1 cerró débil)",0.02536650966853492,2023-26
SND,2020-03-23,"G first red day: corto al día siguiente, stop máx. día rojo",-1.0431130944703912,2020-22
SNDL,2020-11-09,"F día 2: corto apertura, stop máx. día 1 (día 1 cerró débil)",-0.15891098698007058,2020-22
SNDL,2020-12-01,"G first red day: corto al día siguiente, stop máx. día rojo",-0.38956344360967504,2020-22
SNDL,2021-01-28,"F día 2: corto apertura, stop máx. día 1 (día 1 cerró débil)",0.015634018100035434,2020-22
SNDL,2021-02-11,"G first red day: corto al día siguiente, stop máx. día rojo",-0.08026740261991941,2020-22
SNES,2021-03-19,"F día 2: corto apertura, stop máx. día 1 (día 1 cerró débil)",0.13155395136778114,2020-22
SNES,2022-10-19,"F día 2: corto apertura, stop máx. día 1 (día 1 cerró débil)",0.09057530092320136,2020-22
SNES,2023-12-28,"F día 2: corto apertura, stop máx. día 1 (día 1 cerró fuerte)",0.17802832160747306,2023-26
SNGX,2015-12-22,"G first red day: corto al día siguiente, stop máx. día rojo",0.6973840665873962,2015-19
SNGX,2017-04-19,"F día 2: corto apertura, stop máx. día 1 (día 1 cerró débil)",-0.15840348285232767,2015-19
SNGX,2023-05-04,"F día 2: corto apertura, stop máx. día 1 (día 1 cerró débil)",0.028534380764266308,2023-26
SNGX,2024-04-15,"F día 2: corto apertura, stop máx. día 1 (día 1 cerró débil)",0.18690419934346306,2023-26
SNGX,2024-07-09,"F día 2: corto apertura, stop máx. día 1 (día 1 cerró débil)",0.15703075617577164,2023-26
SNGX,2025-07-31,"F día 2: corto apertura, stop máx. día 1 (día 1 cerró débil)",-0.03769978900816027,2023-26
SNGX,2025-08-04,"F día 2: corto apertura, stop máx. día 1 (día 1 cerró débil)",0.11809651856235166,2023-26
SNGX,2026-05-27,"F día 2: corto apertura, stop máx. día 1 (día 1 cerró débil)",-0.4756465261653419,2023-26
SNOA,2020-05-29,"F día 2: corto apertura, stop máx. día 1 (día 1 cerró débil)",-0.009097511591349104,2020-22
SNOA,2020-07-29,"F día 2: corto apertura, stop máx. día 1 (día 1 cerró débil)",0.0028571428571428567,2020-22
SNOA,2020-12-11,"F día 2: corto apertura, stop máx. día 1 (día 1 cerró débil)",-0.02632370832764269,2020-22
SNOA,2021-08-19,"F día 2: corto apertura, stop máx. día 1 (día 1 cerró débil)",0.16413913153076012,2020-22
SNOA,2021-09-28,"F día 2: corto apertura, stop máx. día 1 (día 1 cerró débil)",0.24935631192486354,2020-22
SNOA,2023-01-25,"F día 2: corto apertura, stop máx. día 1 (día 1 cerró débil)",-0.20873587938074198,2023-26
SNOA,2024-06-18,"F día 2: corto apertura, stop máx. día 1 (día 1 cerró débil)",-0.23308820875561265,2023-26
SNOA,2024-07-08,"G first red day: corto al día siguiente, stop máx. día rojo",0.36324788963431026,2023-26
SNOA,2024-09-18,"G first red day: corto al día siguiente, stop máx. día rojo",0.5227428255663789,2023-26
SNOA,2025-03-11,"F día 2: corto apertura, stop máx. día 1 (día 1 cerró débil)",-0.23673435937275752,2023-26
SNOA,2025-04-23,"F día 2: corto apertura, stop máx. día 1 (día 1 cerró fuerte)",-0.34831637397843623,2023-26
SNOA,2025-08-14,"F día 2: corto apertura, stop máx. día 1 (día 1 cerró débil)",-0.2835576450388136,2023-26
SNTG,2022-11-04,"F día 2: corto apertura, stop máx. día 1 (día 1 cerró débil)",0.10674834903495432,2020-22
SNTG,2022-11-07,"G first red day: corto al día siguiente, stop máx. día rojo",0.2288392137725593,2020-22
SNTG,2023-05-01,"F día 2: corto apertura, stop máx. día 1 (día 1 cerró débil)",0.20181092726032476,2023-26
SNTG,2023-05-02,"G first red day: corto al día siguiente, stop máx. día rojo",-1.1098360009447104,2023-26
SNTG,2023-05-03,"F día 2: corto apertura, stop máx. día 1 (día 1 cerró débil)",0.08005183293298884,2023-26
SNTG,2024-01-09,"F día 2: corto apertura, stop máx. día 1 (día 1 cerró débil)",0.003579920644406847,2023-26
SNTI,2023-11-07,"F día 2: corto apertura, stop máx. día 1 (día 1 cerró débil)",-1.028269164926708,2023-26
SNTI,2023-11-09,"G first red day: corto al día siguiente, stop máx. día rojo",-0.015001736742746545,2023-26
SNTI,2024-12-02,"F día 2: corto apertura, stop máx. día 1 (día 1 cerró débil)",0.37543148242963115,2023-26
SOAR,2023-12-05,"F día 2: corto apertura, stop máx. día 1 (día 1 cerró débil)",0.24299758834301577,2023-26
SOAR,2024-07-23,"F día 2: corto apertura, stop máx. día 1 (día 1 cerró débil)",-0.22128651562093743,2023-26
SOAR,2024-11-19,"F día 2: corto apertura, stop máx. día 1 (día 1 cerró débil)",0.17127768260966383,2023-26
SOAR,2024-12-03,"F día 2: corto apertura, stop máx. día 1 (día 1 cerró débil)",-0.01985398159383938,2023-26
SOAR,2025-06-12,"F día 2: corto apertura, stop máx. día 1 (día 1 cerró débil)",0.1960887269384238,2023-26
SOAR,2026-06-01,"F día 2: corto apertura, stop máx. día 1 (día 1 cerró débil)",0.19702603178576117,2023-26
SOAR,2026-06-04,"G first red day: corto al día siguiente, stop máx. día rojo",-1.0441340922061129,2023-26
SOAR,2026-08-26,"F día 2: corto apertura, stop máx. día 1 (día 1 cerró débil)",-0.07716650622371247,2023-26
SOC,2025-12-18,"F día 2: corto apertura, stop máx. día 1 (día 1 cerró débil)",0.6771085282855717,2023-26
SOGP,2020-12-03,"F día 2: corto apertura, stop máx. día 1 (día 1 cerró débil)",0.1561302310548937,2020-22
SOGP,2021-02-05,"G first red day: corto al día siguiente, stop máx. día rojo",0.13172454239788203,2020-22
SOGP,2024-02-21,"F día 2: corto apertura, stop máx. día 1 (día 1 cerró débil)",0.010616071569159757,2023-26
SOGP,2025-09-05,"G first red day: corto al día siguiente, stop máx. día rojo",0.47955499022249515,2023-26
SONM,2021-10-25,"F día 2: corto apertura, stop máx. día 1 (día 1 cerró débil)",-0.15278332488358598,2020-22
SONM,2025-06-16,"F día 2: corto apertura, stop máx. día 1 (día 1 cerró débil)",0.19974312691996446,2023-26
SORA,2025-05-07,"G first red day: corto al día siguiente, stop máx. día rojo",-0.6234046866163022,2023-26
SOS,2019-05-28,"F día 2: corto apertura, stop máx. día 1 (día 1 cerró fuerte)",-0.1229802513464991,2015-19
SOS,2019-12-26,"F día 2: corto apertura, stop máx. día 1 (día 1 cerró débil)",-0.16927007299270075,2015-19
SOS,2020-05-06,"F día 2: corto apertura, stop máx. día 1 (día 1 cerró débil)",-0.12815388458656007,2020-22
SOS,2021-01-07,"F día 2: corto apertura, stop máx. día 1 (día 1 cerró débil)",-0.003943908851884312,2020-22
SOS,2021-01-08,"G first red day: corto al día siguiente, stop máx. día rojo",-1.0625083122755685,2020-22
SOS,2025-05-13,"G first red day: corto al día siguiente, stop máx. día rojo",0.33681014065239234,2023-26
SOUN,2023-02-07,"G first red day: corto al día siguiente, stop máx. día rojo",-1.0371117446884608,2023-26
SOUN,2024-02-15,"F día 2: corto apertura, stop máx. día 1 (día 1 cerró fuerte)",-0.32573583392587036,2023-26
SOWG,2015-12-22,"F día 2: corto apertura, stop máx. día 1 (día 1 cerró fuerte)",-1.0446428571428572,2015-19
SOWG,2015-12-24,"G first red day: corto al día siguiente, stop máx. día rojo",-0.015822784810126583,2015-19
SOWG,2016-02-04,"F día 2: corto apertura, stop máx. día 1 (día 1 cerró fuerte)",-0.060344827586206906,2015-19
SOWG,2016-04-05,"F día 2: corto apertura, stop máx. día 1 (día 1 cerró débil)",-0.4903225806451613,2015-19
SOWG,2016-04-25,"F día 2: corto apertura, stop máx. día 1 (día 1 cerró débil)",-0.021875,2015-19
SOWG,2016-10-17,"F día 2: corto apertura, stop máx. día 1 (día 1 cerró débil)",-0.018867924528301893,2015-19
SOWG,2016-10-21,"F día 2: corto apertura, stop máx. día 1 (día 1 cerró débil)",1.7017543859649118,2015-19
SOWG,2016-12-19,"F día 2: corto apertura, stop máx. día 1 (día 1 cerró débil)",-0.009615384615384618,2015-19
SOWG,2017-01-19,"F día 2: corto apertura, stop máx. día 1 (día 1 cerró débil)",-0.9622641509433965,2015-19
SOWG,2017-03-06,"F día 2: corto apertura, stop máx. día 1 (día 1 cerró fuerte)",-0.018867924528301893,2015-19
SOWG,2017-04-07,"F día 2: corto apertura, stop máx. día 1 (día 1 cerró débil)",-0.3301282051282052,2015-19
SOWG,2017-06-14,"F día 2: corto apertura, stop máx. día 1 (día 1 cerró débil)",-0.009615384615384616,2015-19
SOWG,2017-09-19,"F día 2: corto apertura, stop máx. día 1 (día 1 cerró débil)",-0.9622641509433965,2015-19
SOWG,2017-11-17,"F día 2: corto apertura, stop máx. día 1 (día 1 cerró débil)",-0.018867924528301893,2015-19
SOWG,2018-05-07,"F día 2: corto apertura, stop máx. día 1 (día 1 cerró débil)",-0.9622641509433965,2015-19
SOWG,2018-05-14,"F día 2: corto apertura, stop máx. día 1 (día 1 cerró débil)",-0.018867924528301893,2015-19
SOWG,2018-07-09,"F día 2: corto apertura, stop máx. día 1 (día 1 cerró débil)",-0.018867924528301893,2015-19
SOWG,2019-08-26,"F día 2: corto apertura, stop máx. día 1 (día 1 cerró débil)",-0.018867924528301893,2015-19
SOWG,2019-09-20,"F día 2: corto apertura, stop máx. día 1 (día 1 cerró débil)",-0.018867924528301893,2015-19
SOWG,2019-11-08,"F día 2: corto apertura, stop máx. día 1 (día 1 cerró débil)",-0.018867924528301893,2015-19
SOWG,2025-01-06,"G first red day: corto al día siguiente, stop máx. día rojo",-0.002142981866381112,2023-26
SOWG,2026-06-22,"G first red day: corto al día siguiente, stop máx. día rojo",0.1979911411770324,2023-26
SPAI,2024-10-09,"G first red day: corto al día siguiente, stop máx. día rojo",-0.20509542734261182,2023-26
SPAI,2024-11-21,"F día 2: corto apertura, stop máx. día 1 (día 1 cerró débil)",-0.09596416430469754,2023-26
SPCB,2020-03-30,"F día 2: corto apertura, stop máx. día 1 (día 1 cerró débil)",-0.08790913968878555,2020-22
SPCB,2020-06-08,"F día 2: corto apertura, stop máx. día 1 (día 1 cerró débil)",-1.0299862448418158,2020-22
SPCB,2020-11-30,"F día 2: corto apertura, stop máx. día 1 (día 1 cerró débil)",0.07465886939571148,2020-22
SPCB,2021-03-19,"F día 2: corto apertura, stop máx. día 1 (día 1 cerró débil)",0.251925192519252,2020-22
SPCB,2022-08-24,"F día 2: corto apertura, stop máx. día 1 (día 1 cerró fuerte)",0.18468468468468466,2020-22
SPCB,2023-10-10,"F día 2: corto apertura, stop máx. día 1 (día 1 cerró fuerte)",0.1410256770550219,2023-26
SPCB,2024-04-16,"G first red day: corto al día siguiente, stop máx. día rojo",-0.2547168750097174,2023-26
SPCE,2026-06-02,"G first red day: corto al día siguiente, stop máx. día rojo",0.10547681839329723,2023-26
SPHL,2026-01-15,"F día 2: corto apertura, stop máx. día 1 (día 1 cerró fuerte)",0.5752955392554313,2023-26
SPPL,2024-11-06,"G first red day: corto al día siguiente, stop máx. día rojo",0.9607939759825407,2023-26
SPRB,2023-01-06,"F día 2: corto apertura, stop máx. día 1 (día 1 cerró débil)",0.29435718440954045,2023-26
SPRB,2025-10-07,"F día 2: corto apertura, stop máx. día 1 (día 1 cerró débil)",-0.2049140930175781,2023-26
SPRC,2022-11-07,"F día 2: corto apertura, stop máx. día 1 (día 1 cerró débil)",0.016390599822648146,2020-22
SPRC,2023-09-27,"F día 2: corto apertura, stop máx. día 1 (día 1 cerró débil)",0.1535352177411969,2023-26
SPRC,2023-10-03,"F día 2: corto apertura, stop máx. día 1 (día 1 cerró débil)",-0.149728092399583,2023-26
SPRC,2023-10-17,"F día 2: corto apertura, stop máx. día 1 (día 1 cerró débil)",-0.12805479781736231,2023-26
SPRC,2023-10-31,"F día 2: corto apertura, stop máx. día 1 (día 1 cerró débil)",-0.3879476010986028,2023-26
SPRC,2023-11-15,"F día 2: corto apertura, stop máx. día 1 (día 1 cerró débil)",-0.13408924389462787,2023-26
SPRC,2024-01-24,"F día 2: corto apertura, stop máx. día 1 (día 1 cerró fuerte)",-0.6107500903379838,2023-26
SPRC,2024-02-20,"F día 2: corto apertura, stop máx. día 1 (día 1 cerró débil)",-0.08137558540721161,2023-26
SPRC,2024-08-15,"F día 2: corto apertura, stop máx. día 1 (día 1 cerró débil)",-0.11266275049392399,2023-26
SPRC,2024-12-26,"F día 2: corto apertura, stop máx. día 1 (día 1 cerró débil)",-0.011268120346682035,2023-26
SPRC,2025-01-06,"F día 2: corto apertura, stop máx. día 1 (día 1 cerró débil)",0.09506747405684904,2023-26
SPRC,2025-01-07,"G first red day: corto al día siguiente, stop máx. día rojo",0.40497696033601505,2023-26
SPRC,2025-09-17,"F día 2: corto apertura, stop máx. día 1 (día 1 cerró débil)",-0.16841261217619158,2023-26
SPRC,2026-05-28,"F día 2: corto apertura, stop máx. día 1 (día 1 cerró débil)",0.0150930045708495,2023-26
SPRO,2022-09-08,"G first red day: corto al día siguiente, stop máx. día rojo",0.8485803144699076,2020-22
SPRO,2022-09-22,"F día 2: corto apertura, stop máx. día 1 (día 1 cerró débil)",0.27830583025735756,2020-22
SPRO,2025-05-28,"F día 2: corto apertura, stop máx. día 1 (día 1 cerró fuerte)",0.2593454751098165,2023-26
SPRY,2023-05-12,"F día 2: corto apertura, stop máx. día 1 (día 1 cerró débil)",0.12631259267920614,2023-26
SPWR,2024-07-01,"F día 2: corto apertura, stop máx. día 1 (día 1 cerró débil)",-0.06133072256760938,2023-26
SQFT,2025-07-14,"F día 2: corto apertura, stop máx. día 1 (día 1 cerró débil)",0.023997156531216424,2023-26
SQNS,2019-12-02,"G first red day: corto al día siguiente, stop máx. día rojo",-0.030925086643561722,2015-19
SQNS,2024-08-23,"F día 2: corto apertura, stop máx. día 1 (día 1 cerró débil)",0.13919867823213544,2023-26
SRFM,2024-10-11,"G first red day: corto al día siguiente, stop máx. día rojo",0.04609095162436118,2023-26
SRG,2020-06-09,"G first red day: corto al día siguiente, stop máx. día rojo",0.24496335872877234,2020-22
SRPT,2018-06-19,"F día 2: corto apertura, stop máx. día 1 (día 1 cerró débil)",-0.2880634239207442,2015-19
SRRK,2020-10-29,"G first red day: corto al día siguiente, stop máx. día rojo",0.9511315914640227,2020-22
SRRK,2024-10-07,"F día 2: corto apertura, stop máx. día 1 (día 1 cerró fuerte)",-1.1673239506279334,2023-26
SRXH,2017-10-06,"F día 2: corto apertura, stop máx. día 1 (día 1 cerró débil)",1.2693615793665127,2015-19
SRXH,2019-11-15,"F día 2: corto apertura, stop máx. día 1 (día 1 cerró débil)",-0.07022471762744936,2015-19
SRXH,2020-06-12,"G first red day: corto al día siguiente, stop máx. día rojo",-0.050648198988830384,2020-22
SRXH,2024-05-24,"F día 2: corto apertura, stop máx. día 1 (día 1 cerró débil)",-0.10330948043028573,2023-26
SRXH,2025-05-09,"F día 2: corto apertura, stop máx. día 1 (día 1 cerró débil)",0.05395216587798888,2023-26
SRXH,2025-12-16,"F día 2: corto apertura, stop máx. día 1 (día 1 cerró débil)",-0.056198821906422045,2023-26
SRZN,2026-09-24,"F día 2: corto apertura, stop máx. día 1 (día 1 cerró fuerte)",-1.186948160687622,2023-26
SSII,2025-04-25,"F día 2: corto apertura, stop máx. día 1 (día 1 cerró débil)",0.14405879939728933,2023-26
SSII,2025-06-23,"G first red day: corto al día siguiente, stop máx. día rojo",-1.049553723365276,2023-26
SSII,2025-07-18,"G first red day: corto al día siguiente, stop máx. día rojo",-0.43774795656151255,2023-26
SSM,2023-09-19,"F día 2: corto apertura, stop máx. día 1 (día 1 cerró débil)",0.47115384615384615,2023-26
SSM,2023-09-20,"F día 2: corto apertura, stop máx. día 1 (día 1 cerró débil)",-0.20192304635659242,2023-26
SSM,2023-10-09,"G first red day: corto al día siguiente, stop máx. día rojo",-0.3295819510517547,2023-26
SSM,2023-11-10,"F día 2: corto apertura, stop máx. día 1 (día 1 cerró débil)",-0.0006675567041922491,2023-26
SSM,2023-12-06,"F día 2: corto apertura, stop máx. día 1 (día 1 cerró fuerte)",-0.9622641474775979,2023-26
SSM,2023-12-08,"G first red day: corto al día siguiente, stop máx. día rojo",0.9245284786424941,2023-26
SSM,2023-12-18,"F día 2: corto apertura, stop máx. día 1 (día 1 cerró débil)",-0.49029131036911167,2023-26
SSM,2024-01-04,"F día 2: corto apertura, stop máx. día 1 (día 1 cerró débil)",0.32187492052714023,2023-26
SSM,2024-01-12,"F día 2: corto apertura, stop máx. día 1 (día 1 cerró débil)",0.014002333722287048,2023-26
SSM,2024-01-16,"G first red day: corto al día siguiente, stop máx. día rojo",1.0578357971722807,2023-26
SSM,2024-03-06,"F día 2: corto apertura, stop máx. día 1 (día 1 cerró débil)",-0.012575453126517248,2023-26
SSM,2024-03-21,"F día 2: corto apertura, stop máx. día 1 (día 1 cerró fuerte)",-0.011494252873563215,2023-26
SSM,2024-03-25,"F día 2: corto apertura, stop máx. día 1 (día 1 cerró débil)",2.5916667726304787,2023-26
SSM,2024-03-26,"F día 2: corto apertura, stop máx. día 1 (día 1 cerró débil)",-1.0142857142857142,2023-26
SSM,2024-05-24,"F día 2: corto apertura, stop máx. día 1 (día 1 cerró débil)",-0.0003378378517158368,2023-26
SSM,2025-09-05,"F día 2: corto apertura, stop máx. día 1 (día 1 cerró débil)",-0.04372393883089675,2023-26
SSM,2026-09-18,"F día 2: corto apertura, stop máx. día 1 (día 1 cerró débil)",0.08172153746358093,2023-26
SSP,2025-03-14,"G first red day: corto al día siguiente, stop máx. día rojo",-0.04093962695298794,2023-26
STAK,2025-06-16,"F día 2: corto apertura, stop máx. día 1 (día 1 cerró débil)",-0.1810354423023427,2023-26
STEM,2024-12-31,"G first red day: corto al día siguiente, stop máx. día rojo",-1.0376612371145517,2023-26
STEM,2025-07-22,"G first red day: corto al día siguiente, stop máx. día rojo",0.1659122542858691,2023-26
STEX,2024-04-11,"G first red day: corto al día siguiente, stop máx. día rojo",0.2265625268884622,2023-26
STEX,2024-10-23,"F día 2: corto apertura, stop máx. día 1 (día 1 cerró fuerte)",0.6537063874849791,2023-26
STEX,2024-10-24,"G first red day: corto al día siguiente, stop máx. día rojo",-0.3429246434014093,2023-26
STEX,2025-05-28,"G first red day: corto al día siguiente, stop máx. día rojo",2.993420550697729,2023-26
STG,2021-02-05,"F día 2: corto apertura, stop máx. día 1 (día 1 cerró débil)",0.030641821946169774,2020-22
STG,2026-05-29,"F día 2: corto apertura, stop máx. día 1 (día 1 cerró fuerte)",2.8011930379756422,2023-26
STGW,2020-06-26,"F día 2: corto apertura, stop máx. día 1 (día 1 cerró débil)",-0.28531887463659095,2020-22
STI,2024-01-16,"G first red day: corto al día siguiente, stop máx. día rojo",-0.1390842191332788,2023-26
STI,2024-03-18,"F día 2: corto apertura, stop máx. día 1 (día 1 cerró débil)",-0.2389202256244963,2023-26
STI,2024-04-26,"G first red day: corto al día siguiente, stop máx. día rojo",-0.0674074074074074,2023-26
STI,2024-10-30,"F día 2: corto apertura, stop máx. día 1 (día 1 cerró débil)",-0.27934037455897365,2023-26
STI,2025-05-08,"F día 2: corto apertura, stop máx. día 1 (día 1 cerró fuerte)",0.074877799999993,2023-26
STI,2025-09-03,"F día 2: corto apertura, stop máx. día 1 (día 1 cerró fuerte)",-0.29189565709219256,2023-26
STI,2025-10-13,"F día 2: corto apertura, stop máx. día 1 (día 1 cerró fuerte)",-1.0181059238485348,2023-26
STI,2025-10-15,"G first red day: corto al día siguiente, stop máx. día rojo",0.6676196003996212,2023-26
STI,2026-06-05,"F día 2: corto apertura, stop máx. día 1 (día 1 cerró débil)",0.5995366934165753,2023-26
STI,2026-06-08,"G first red day: corto al día siguiente, stop máx. día rojo",0.16763853401206327,2023-26
STKE,2021-02-23,"G first red day: corto al día siguiente, stop máx. día rojo",0.7133527082161031,2020-22
STKE,2022-10-10,"F día 2: corto apertura, stop máx. día 1 (día 1 cerró débil)",-0.0026535755026092524,2020-22
STKE,2023-01-12,"F día 2: corto apertura, stop máx. día 1 (día 1 cerró débil)",-0.06595743648765348,2023-26
STKE,2023-03-03,"F día 2: corto apertura, stop máx. día 1 (día 1 cerró débil)",-0.018110236102678524,2023-26
STKE,2023-08-16,"F día 2: corto apertura, stop máx. día 1 (día 1 cerró débil)",0.31306530346545464,2023-26
STKE,2024-01-22,"F día 2: corto apertura, stop máx. día 1 (día 1 cerró débil)",-0.014580799575452748,2023-26
STKE,2024-08-23,"F día 2: corto apertura, stop máx. día 1 (día 1 cerró débil)",-0.10101018715296388,2023-26
STKE,2025-09-09,"G first red day: corto al día siguiente, stop máx. día rojo",0.13056808076012952,2023-26
STKH,2026-07-30,"F día 2: corto apertura, stop máx. día 1 (día 1 cerró débil)",0.012910264094238469,2023-26
STKH,2026-08-10,"F día 2: corto apertura, stop máx. día 1 (día 1 cerró débil)",-0.20916011058678563,2023-26
STKH,2026-08-14,"F día 2: corto apertura, stop máx. día 1 (día 1 cerró débil)",-0.17811800592348373,2023-26
STLN,2023-03-23,"G first red day: corto al día siguiente, stop máx. día rojo",1.2618894220489114,2023-26
STOK,2024-03-26,"F día 2: corto apertura, stop máx. día 1 (día 1 cerró débil)",-1.0543689260789328,2023-26
STOK,2024-03-28,"G first red day: corto al día siguiente, stop máx. día rojo",-0.3058552003283599,2023-26
STRO,2025-04-25,"G first red day: corto al día siguiente, stop máx. día rojo",0.002536747353373107,2023-26
STTK,2023-12-13,"F día 2: corto apertura, stop máx. día 1 (día 1 cerró fuerte)",-1.0575513173243463,2023-26
STTK,2023-12-15,"G first red day: corto al día siguiente, stop máx. día rojo",0.8748833531194496,2023-26
SUGP,2024-02-23,"F día 2: corto apertura, stop máx. día 1 (día 1 cerró débil)",-0.2598605278944211,2023-26
SUGP,2025-07-09,"F día 2: corto apertura, stop máx. día 1 (día 1 cerró débil)",-0.30058191584601607,2023-26
SUGP,2025-07-11,"G first red day: corto al día siguiente, stop máx. día rojo",0.10996563573883156,2023-26
SUGP,2026-06-16,"F día 2: corto apertura, stop máx. día 1 (día 1 cerró débil)",-0.06974218757436286,2023-26
SUIG,2019-03-25,"F día 2: corto apertura, stop máx. día 1 (día 1 cerró débil)",-0.04999997384689951,2015-19
SUIG,2022-07-26,"F día 2: corto apertura, stop máx. día 1 (día 1 cerró débil)",-0.724332409933522,2020-22
SUNE,2021-03-02,"F día 2: corto apertura, stop máx. día 1 (día 1 cerró débil)",0.09035437198574124,2020-22
SUNE,2022-10-06,"F día 2: corto apertura, stop máx. día 1 (día 1 cerró fuerte)",-0.24675908099088692,2020-22
SUNE,2024-04-26,"F día 2: corto apertura, stop máx. día 1 (día 1 cerró débil)",0.42660550458715596,2023-26
SUNE,2024-05-17,"G first red day: corto al día siguiente, stop máx. día rojo",-1.0127388535031847,2023-26
SUNE,2024-05-28,"F día 2: corto apertura, stop máx. día 1 (día 1 cerró débil)",0.11590296495956873,2023-26
SUNE,2024-07-09,"F día 2: corto apertura, stop máx. día 1 (día 1 cerró fuerte)",-1.2470238095238095,2023-26
SUNE,2024-07-11,"G first red day: corto al día siguiente, stop máx. día rojo",0.3743255395683453,2023-26
SUNE,2024-10-03,"F día 2: corto apertura, stop máx. día 1 (día 1 cerró débil)",-0.029953917050691243,2023-26
SUNE,2025-03-07,"F día 2: corto apertura, stop máx. día 1 (día 1 cerró débil)",0.23303393213572854,2023-26
SUNE,2025-04-07,"F día 2: corto apertura, stop máx. día 1 (día 1 cerró débil)",0.03893769968051118,2023-26
SUNE,2025-04-10,"F día 2: corto apertura, stop máx. día 1 (día 1 cerró débil)",-0.018867924528301886,2023-26
SUNE,2025-04-16,"G first red day: corto al día siguiente, stop máx. día rojo",-0.018867924528301886,2023-26
SUNE,2026-06-08,"F día 2: corto apertura, stop máx. día 1 (día 1 cerró fuerte)",0.4519401819983868,2023-26
SURG,2025-03-26,"F día 2: corto apertura, stop máx. día 1 (día 1 cerró débil)",0.06258225322656179,2023-26
SURG,2026-08-06,"F día 2: corto apertura, stop máx. día 1 (día 1 cerró débil)",-0.06658180007734044,2023-26
SURG,2026-08-14,"F día 2: corto apertura, stop máx. día 1 (día 1 cerró débil)",-0.13916122102846792,2023-26
SVRA,2019-12-30,"F día 2: corto apertura, stop máx. día 1 (día 1 cerró fuerte)",-1.055970162797227,2015-19
SVRE,2022-08-22,"F día 2: corto apertura, stop máx. día 1 (día 1 cerró débil)",0.06624610392387381,2020-22
SVRE,2023-05-04,"F día 2: corto apertura, stop máx. día 1 (día 1 cerró débil)",-0.04877112135176652,2023-26
SVRE,2026-06-30,"F día 2: corto apertura, stop máx. día 1 (día 1 cerró débil)",-0.04007778918320067,2023-26
SVRN,2025-06-16,"F día 2: corto apertura, stop máx. día 1 (día 1 cerró débil)",-0.7068835809667106,2023-26
SVRN,2025-06-18,"G first red day: corto al día siguiente, stop máx. día rojo",0.24451060662448826,2023-26
SVRN,2025-06-23,"F día 2: corto apertura, stop máx. día 1 (día 1 cerró débil)",-0.2122671804752729,2023-26
SVRN,2025-07-14,"F día 2: corto apertura, stop máx. día 1 (día 1 cerró débil)",0.03931175934366454,2023-26
SVRN,2026-03-03,"F día 2: corto apertura, stop máx. día 1 (día 1 cerró débil)",-0.15640731631284624,2023-26
SWVL,2023-01-03,"F día 2: corto apertura, stop máx. día 1 (día 1 cerró débil)",0.10322392228025114,2023-26
SWVL,2023-01-04,"G first red day: corto al día siguiente, stop máx. día rojo",1.085921746440352,2023-26
SWVL,2024-03-22,"G first red day: corto al día siguiente, stop máx. día rojo",-0.18819193175955537,2023-26
SWVL,2026-08-25,"F día 2: corto apertura, stop máx. día 1 (día 1 cerró fuerte)",-0.39416641301574934,2023-26
SXTC,2020-01-16,"F día 2: corto apertura, stop máx. día 1 (día 1 cerró débil)",0.10821214713430283,2020-22
SXTC,2022-05-19,"F día 2: corto apertura, stop máx. día 1 (día 1 cerró fuerte)",-1.126,2020-22
SXTC,2022-12-13,"G first red day: corto al día siguiente, stop máx. día rojo",0.31908048666354705,2020-22
SXTC,2023-08-21,"F día 2: corto apertura, stop máx. día 1 (día 1 cerró débil)",0.14696883852691217,2023-26
SXTC,2023-12-29,"F día 2: corto apertura, stop máx. día 1 (día 1 cerró débil)",-0.014355903577460463,2023-26
SXTC,2024-02-08,"F día 2: corto apertura, stop máx. día 1 (día 1 cerró débil)",0.023211567732115676,2023-26
SXTC,2025-02-25,"F día 2: corto apertura, stop máx. día 1 (día 1 cerró fuerte)",0.22085889570552142,2023-26
SXTC,2025-02-26,"G first red day: corto al día siguiente, stop máx. día rojo",-0.08250497017892641,2023-26
SXTC,2026-02-02,"F día 2: corto apertura, stop máx. día 1 (día 1 cerró débil)",0.17721077880006034,2023-26
SXTC,2026-08-05,"G first red day: corto al día siguiente, stop máx. día rojo",0.01759183021395303,2023-26
SXTP,2024-07-19,"F día 2: corto apertura, stop máx. día 1 (día 1 cerró débil)",0.0716711488531326,2023-26
SXTP,2026-01-22,"F día 2: corto apertura, stop máx. día 1 (día 1 cerró débil)",-0.01297385472485429,2023-26
SYM,2022-06-21,"F día 2: corto apertura, stop máx. día 1 (día 1 cerró débil)",-0.032179506114830905,2020-22
SYM,2022-07-07,"G first red day: corto al día siguiente, stop máx. día rojo",0.5867019980912159,2020-22
SYPR,2021-02-24,"F día 2: corto apertura, stop máx. día 1 (día 1 cerró débil)",0.04497053549905015,2020-22
SYRE,2023-06-22,"F día 2: corto apertura, stop máx. día 1 (día 1 cerró débil)",0.10670261941448382,2023-26
TANH,2024-09-11,"F día 2: corto apertura, stop máx. día 1 (día 1 cerró débil)",-0.11819038642789817,2023-26
TAOP,2018-01-05,"F día 2: corto apertura, stop máx. día 1 (día 1 cerró débil)",-0.06706979958534899,2015-19
TAOP,2020-07-30,"F día 2: corto apertura, stop máx. día 1 (día 1 cerró débil)",0.25912854030501087,2020-22
TAOP,2021-02-23,"G first red day: corto al día siguiente, stop máx. día rojo",-1.0489130434782608,2020-22
TAOP,2023-07-11,"F día 2: corto apertura, stop máx. día 1 (día 1 cerró débil)",0.11142418032786885,2023-26
TAOP,2023-09-01,"F día 2: corto apertura, stop máx. día 1 (día 1 cerró débil)",-0.024482962056921423,2023-26
TAOP,2024-02-14,"F día 2: corto apertura, stop máx. día 1 (día 1 cerró débil)",-0.007004710145108869,2023-26
TAOP,2024-12-20,"F día 2: corto apertura, stop máx. día 1 (día 1 cerró débil)",-0.09387060721824059,2023-26
TAOX,2020-12-11,"G first red day: corto al día siguiente, stop máx. día rojo",-0.03346392425726412,2020-22
TARA,2024-12-05,"F día 2: corto apertura, stop máx. día 1 (día 1 cerró débil)",-0.060959125504109146,2023-26
TATT,2020-09-25,"F día 2: corto apertura, stop máx. día 1 (día 1 cerró débil)",-0.18484308542046216,2020-22
TATT,2021-07-02,"F día 2: corto apertura, stop máx. día 1 (día 1 cerró débil)",-0.17105603039731818,2020-22
TBCH,2018-05-10,"F día 2: corto apertura, stop máx. día 1 (día 1 cerró débil)",-1.0372297799731403,2015-19
TBCH,2018-05-14,"G first red day: corto al día siguiente, stop máx. día rojo",-1.056521732382389,2015-19
TBLA,2022-11-28,"F día 2: corto apertura, stop máx. día 1 (día 1 cerró débil)",0.06939129389363595,2020-22
TC,2026-07-01,"F día 2: corto apertura, stop máx. día 1 (día 1 cerró débil)",0.18095107465479898,2023-26
TCRT,2015-01-14,"F día 2: corto apertura, stop máx. día 1 (día 1 cerró débil)",0.27804687499999997,2015-19
TCRT,2023-12-13,"F día 2: corto apertura, stop máx. día 1 (día 1 cerró fuerte)",-0.04464285714285715,2023-26
TCRT,2025-04-04,"G first red day: corto al día siguiente, stop máx. día rojo",-0.05044971267304925,2023-26
TCRX,2023-05-11,"G first red day: corto al día siguiente, stop máx. día rojo",1.0130441860269503,2023-26
TDIC,2026-02-11,"F día 2: corto apertura, stop máx. día 1 (día 1 cerró débil)",0.11570379827641239,2023-26
TDIC,2026-05-14,"G first red day: corto al día siguiente, stop máx. día rojo",0.0228569051426881,2023-26
TDIC,2026-05-15,"F día 2: corto apertura, stop máx. día 1 (día 1 cerró débil)",0.08641480632916906,2023-26
TDIC,2026-06-16,"F día 2: corto apertura, stop máx. día 1 (día 1 cerró débil)",-0.11096867520585119,2023-26
TDTH,2025-01-31,"F día 2: corto apertura, stop máx. día 1 (día 1 cerró débil)",0.1933504029637451,2023-26
TDTH,2026-07-07,"F día 2: corto apertura, stop máx. día 1 (día 1 cerró débil)",0.15251848373424304,2023-26
TE,2024-11-08,"G first red day: corto al día siguiente, stop máx. día rojo",-0.9832446299786642,2023-26
TECX,2023-05-22,"F día 2: corto apertura, stop máx. día 1 (día 1 cerró débil)",-0.03089623092416826,2023-26
TECX,2024-06-24,"F día 2: corto apertura, stop máx. día 1 (día 1 cerró débil)",-0.1971657172927369,2023-26
TECX,2025-01-30,"F día 2: corto apertura, stop máx. día 1 (día 1 cerró fuerte)",-1.1145053168684431,2023-26
TELO,2025-07-18,"F día 2: corto apertura, stop máx. día 1 (día 1 cerró débil)",-0.0981588620467402,2023-26
TENX,2017-02-03,"G first red day: corto al día siguiente, stop máx. día rojo",0.12274104251540789,2015-19
TENX,2018-04-04,"F día 2: corto apertura, stop máx. día 1 (día 1 cerró débil)",-0.027890645702676443,2015-19
TENX,2020-06-02,"F día 2: corto apertura, stop máx. día 1 (día 1 cerró débil)",-0.03537511870845204,2020-22
TENX,2020-12-29,"F día 2: corto apertura, stop máx. día 1 (día 1 cerró débil)",-0.16549034175334323,2020-22
TENX,2021-01-19,"F día 2: corto apertura, stop máx. día 1 (día 1 cerró débil)",-0.33629232039636664,2020-22
TENX,2023-02-02,"F día 2: corto apertura, stop máx. día 1 (día 1 cerró débil)",-0.02494415487714073,2023-26
TENX,2023-11-13,"F día 2: corto apertura, stop máx. día 1 (día 1 cerró fuerte)",-1.0227272733068027,2023-26
TENX,2024-02-06,"F día 2: corto apertura, stop máx. día 1 (día 1 cerró débil)",-0.2855445828725294,2023-26
TENX,2024-02-08,"G first red day: corto al día siguiente, stop máx. día rojo",-0.014044999316287759,2023-26
TENX,2024-08-06,"F día 2: corto apertura, stop máx. día 1 (día 1 cerró débil)",-0.24773482167133412,2023-26
TGE,2025-11-03,"F día 2: corto apertura, stop máx. día 1 (día 1 cerró fuerte)",0.25958643125742764,2023-26
TGHL,2026-06-01,"F día 2: corto apertura, stop máx. día 1 (día 1 cerró débil)",0.03864538740007002,2023-26
TGHL,2026-07-16,"F día 2: corto apertura, stop máx. día 1 (día 1 cerró fuerte)",1.0359279624558493,2023-26
TGHL,2026-07-17,"G first red day: corto al día siguiente, stop máx. día rojo",0.14020047375439276,2023-26
TGL,2023-10-18,"F día 2: corto apertura, stop máx. día 1 (día 1 cerró débil)",0.1871844660194175,2023-26
TGL,2024-03-20,"F día 2: corto apertura, stop máx. día 1 (día 1 cerró débil)",0.24156629944631547,2023-26
TGL,2024-08-20,"F día 2: corto apertura, stop máx. día 1 (día 1 cerró débil)",0.04062710721510452,2023-26
TGL,2024-09-23,"F día 2: corto apertura, stop máx. día 1 (día 1 cerró débil)",-0.14338235294117643,2023-26
TGL,2025-01-03,"F día 2: corto apertura, stop máx. día 1 (día 1 cerró débil)",0.08628500823723229,2023-26
TGL,2025-03-24,"F día 2: corto apertura, stop máx. día 1 (día 1 cerró débil)",0.09799306243805748,2023-26
TGL,2025-04-16,"F día 2: corto apertura, stop máx. día 1 (día 1 cerró fuerte)",2.315573926831854,2023-26
TGL,2025-09-11,"F día 2: corto apertura, stop máx. día 1 (día 1 cerró débil)",-0.018565138435450896,2023-26
TGL,2025-12-08,"F día 2: corto apertura, stop máx. día 1 (día 1 cerró débil)",0.04473556466967378,2023-26
TGTX,2017-03-06,"F día 2: corto apertura, stop máx. día 1 (día 1 cerró débil)",-0.3791287319907033,2015-19
THRY,2020-10-01,"F día 2: corto apertura, stop máx. día 1 (día 1 cerró débil)",-1.159999915077615,2020-22
THRY,2020-10-05,"G first red day: corto al día siguiente, stop máx. día rojo",0.9677532657185859,2020-22
TII,2021-04-15,"F día 2: corto apertura, stop máx. día 1 (día 1 cerró fuerte)",-0.8643515256426575,2020-22
TII,2021-10-13,"F día 2: corto apertura, stop máx. día 1 (día 1 cerró débil)",-0.3790461867630572,2020-22
TIL,2024-09-16,"G first red day: corto al día siguiente, stop máx. día rojo",-0.3744264688891537,2023-26
TISI,2022-08-15,"F día 2: corto apertura, stop máx. día 1 (día 1 cerró fuerte)",0.6493780844547314,2020-22
TKLF,2022-02-01,"G first red day: corto al día siguiente, stop máx. día rojo",-0.1392073547872451,2020-22
TKLF,2022-07-22,"F día 2: corto apertura, stop máx. día 1 (día 1 cerró débil)",0.9704422880710469,2020-22
TLIH,2026-02-24,"F día 2: corto apertura, stop máx. día 1 (día 1 cerró débil)",-0.45283729366972425,2023-26
TLRY,2018-09-19,"F día 2: corto apertura, stop máx. día 1 (día 1 cerró débil)",0.3876255681072444,2015-19
TLRY,2018-09-20,"G first red day: corto al día siguiente, stop máx. día rojo",0.24378856090032786,2015-19
TLRY,2021-02-10,"F día 2: corto apertura, stop máx. día 1 (día 1 cerró fuerte)",1.6729101941787585,2020-22
TLRY,2021-02-11,"G first red day: corto al día siguiente, stop máx. día rojo",-0.0012141212920738216,2020-22
TLSA,2020-03-11,"F día 2: corto apertura, stop máx. día 1 (día 1 cerró débil)",0.2055604196853993,2020-22
TLSA,2020-03-13,"G first red day: corto al día siguiente, stop máx. día rojo",0.11317901011622733,2020-22
TLSA,2020-04-09,"F día 2: corto apertura, stop máx. día 1 (día 1 cerró débil)",0.21964736459032808,2020-22
TLSA,2023-08-15,"F día 2: corto apertura, stop máx. día 1 (día 1 cerró débil)",-0.04175476757090986,2023-26
TLYS,2026-03-12,"F día 2: corto apertura, stop máx. día 1 (día 1 cerró débil)",-1.0643353046679387,2023-26
TMC,2023-06-21,"G first red day: corto al día siguiente, stop máx. día rojo",-0.5596151470029832,2023-26
TMDE,2025-06-16,"F día 2: corto apertura, stop máx. día 1 (día 1 cerró débil)",0.2897241604126023,2023-26
TMDE,2026-01-05,"F día 2: corto apertura, stop máx. día 1 (día 1 cerró fuerte)",-0.08671585553026043,2023-26
TMDE,2026-03-04,"G first red day: corto al día siguiente, stop máx. día rojo",-1.041135400819602,2023-26
TMDE,2026-04-02,"F día 2: corto apertura, stop máx. día 1 (día 1 cerró fuerte)",-0.49173526393025174,2023-26
TMQ,2025-10-07,"F día 2: corto apertura, stop máx. día 1 (día 1 cerró débil)",0.9110478910834507,2023-26
TNMG,2025-11-13,"F día 2: corto apertura, stop máx. día 1 (día 1 cerró débil)",0.11382447046152327,2023-26
TNMG,2026-06-29,"F día 2: corto apertura, stop máx. día 1 (día 1 cerró débil)",0.41112080988376076,2023-26
TNMG,2026-08-04,"F día 2: corto apertura, stop máx. día 1 (día 1 cerró débil)",-0.2595965370986011,2023-26
TNMG,2026-08-25,"F día 2: corto apertura, stop máx. día 1 (día 1 cerró débil)",-0.1560040947188005,2023-26
TNMG,2026-09-09,"F día 2: corto apertura, stop máx. día 1 (día 1 cerró fuerte)",-1.1272332851861682,2023-26
TNMG,2026-09-18,"F día 2: corto apertura, stop máx. día 1 (día 1 cerró débil)",-0.38431920232332106,2023-26
TNON,2023-02-15,"F día 2: corto apertura, stop máx. día 1 (día 1 cerró fuerte)",-0.6236323851203499,2023-26
TNON,2023-09-12,"F día 2: corto apertura, stop máx. día 1 (día 1 cerró débil)",-0.018867924528301883,2023-26
TNON,2023-11-03,"F día 2: corto apertura, stop máx. día 1 (día 1 cerró fuerte)",-1.0459940781297894,2023-26
TNON,2024-09-13,"F día 2: corto apertura, stop máx. día 1 (día 1 cerró débil)",0.029688702065490954,2023-26
TNON,2025-03-25,"F día 2: corto apertura, stop máx. día 1 (día 1 cerró débil)",0.24795885239370977,2023-26
TNON,2026-06-22,"F día 2: corto apertura, stop máx. día 1 (día 1 cerró débil)",-0.07287236121295472,2023-26
TNON,2026-08-19,"F día 2: corto apertura, stop máx. día 1 (día 1 cerró débil)",0.03318747879490459,2023-26
TNON,2026-09-11,"F día 2: corto apertura, stop máx. día 1 (día 1 cerró débil)",-0.009222820427470796,2023-26
TNXP,2017-03-29,"F día 2: corto apertura, stop máx. día 1 (día 1 cerró débil)",0.05391566265060241,2015-19
TNXP,2018-11-29,"F día 2: corto apertura, stop máx. día 1 (día 1 cerró débil)",0.4435073201782304,2015-19
TNXP,2018-12-07,"F día 2: corto apertura, stop máx. día 1 (día 1 cerró débil)",0.03366928291116661,2015-19
TNXP,2019-03-08,"F día 2: corto apertura, stop máx. día 1 (día 1 cerró débil)",1.3393048128342246,2015-19
TNXP,2019-03-12,"G first red day: corto al día siguiente, stop máx. día rojo",0.4299844840961986,2015-19
TNXP,2020-02-27,"F día 2: corto apertura, stop máx. día 1 (día 1 cerró fuerte)",0.5433622414943295,2020-22
TNXP,2020-02-28,"G first red day: corto al día siguiente, stop máx. día rojo",-0.37337278106508875,2020-22
TNXP,2020-03-20,"F día 2: corto apertura, stop máx. día 1 (día 1 cerró débil)",0.20880829015544042,2020-22
TNXP,2020-12-07,"F día 2: corto apertura, stop máx. día 1 (día 1 cerró débil)",0.1263219741480611,2020-22
TNXP,2022-12-12,"F día 2: corto apertura, stop máx. día 1 (día 1 cerró débil)",0.041796469366562825,2020-22
TNXP,2023-01-11,"G first red day: corto al día siguiente, stop máx. día rojo",-1.1554054054054055,2023-26
TNXP,2024-09-09,"F día 2: corto apertura, stop máx. día 1 (día 1 cerró débil)",0.1284829721362229,2023-26
TNXP,2024-11-20,"F día 2: corto apertura, stop máx. día 1 (día 1 cerró débil)",-0.27422145328719716,2023-26
TNXP,2024-12-17,"F día 2: corto apertura, stop máx. día 1 (día 1 cerró débil)",0.05010917030567686,2023-26
TNXP,2025-03-07,"G first red day: corto al día siguiente, stop máx. día rojo",-1.0710280430474153,2023-26
TNXP,2025-03-25,"G first red day: corto al día siguiente, stop máx. día rojo",0.2856064766338958,2023-26
TNYA,2024-01-23,"G first red day: corto al día siguiente, stop máx. día rojo",0.42865352090047154,2023-26
TOMZ,2016-09-12,"F día 2: corto apertura, stop máx. día 1 (día 1 cerró débil)",0.043341774379600746,2015-19
TOMZ,2020-02-05,"G first red day: corto al día siguiente, stop máx. día rojo",0.996567395460345,2020-22
TONX,2016-02-05,"G first red day: corto al día siguiente, stop máx. día rojo",-0.12315270935960596,2015-19
TONX,2017-04-26,"G first red day: corto al día siguiente, stop máx. día rojo",-0.1858147713950762,2015-19
TONX,2018-01-31,"G first red day: corto al día siguiente, stop máx. día rojo",0.36024844720496896,2015-19
TONX,2018-02-06,"G first red day: corto al día siguiente, stop máx. día rojo",0.7445054945054945,2015-19
TONX,2018-02-15,"G first red day: corto al día siguiente, stop máx. día rojo",-0.3440012368583798,2015-19
TONX,2023-01-23,"F día 2: corto apertura, stop máx. día 1 (día 1 cerró débil)",0.053873431533006,2023-26
TONX,2023-09-05,"F día 2: corto apertura, stop máx. día 1 (día 1 cerró fuerte)",0.5846069868995631,2023-26
TONX,2024-03-15,"F día 2: corto apertura, stop máx. día 1 (día 1 cerró débil)",0.5295382869802089,2023-26
TONX,2024-10-14,"F día 2: corto apertura, stop máx. día 1 (día 1 cerró débil)",0.33587069077917847,2023-26
TONX,2024-10-15,"G first red day: corto al día siguiente, stop máx. día rojo",-0.016010374128003164,2023-26
TONX,2025-08-04,"F día 2: corto apertura, stop máx. día 1 (día 1 cerró débil)",-0.05941649080696704,2023-26
TOON,2019-08-09,"F día 2: corto apertura, stop máx. día 1 (día 1 cerró débil)",-0.2817164392613653,2015-19
TOON,2020-05-08,"G first red day: corto al día siguiente, stop máx. día rojo",-1.05702756037342,2020-22
TOON,2020-05-15,"G first red day: corto al día siguiente, stop máx. día rojo",-0.06080441853389134,2020-22
TOON,2020-06-04,"G first red day: corto al día siguiente, stop máx. día rojo",0.027288647571200333,2020-22
TOP,2023-04-28,"F día 2: corto apertura, stop máx. día 1 (día 1 cerró débil)",0.16382411734916508,2023-26
TOP,2023-05-01,"G first red day: corto al día siguiente, stop máx. día rojo",0.07481716822235504,2023-26
TOP,2023-07-03,"G first red day: corto al día siguiente, stop máx. día rojo",0.5946036124014111,2023-26
TOP,2024-02-09,"F día 2: corto apertura, stop máx. día 1 (día 1 cerró débil)",0.3703519083298159,2023-26
TOPP,2026-05-29,"G first red day: corto al día siguiente, stop máx. día rojo",-0.21995353124976133,2023-26
TOPS,2016-07-25,"G first red day: corto al día siguiente, stop máx. día rojo",0.23826906603874545,2015-19
TOPS,2017-02-17,"F día 2: corto apertura, stop máx. día 1 (día 1 cerró débil)",0.29877715602685023,2015-19
TOPS,2017-10-27,"G first red day: corto al día siguiente, stop máx. día rojo",-0.037011173184357544,2015-19
TOPS,2017-11-07,"F día 2: corto apertura, stop máx. día 1 (día 1 cerró débil)",0.3721461187214612,2015-19
TOPS,2017-11-08,"G first red day: corto al día siguiente, stop máx. día rojo",0.025179856115107913,2015-19
TOPS,2020-03-30,"F día 2: corto apertura, stop máx. día 1 (día 1 cerró fuerte)",-0.03160040774719674,2020-22
TOPS,2020-04-07,"F día 2: corto apertura, stop máx. día 1 (día 1 cerró débil)",-0.1940677966101695,2020-22
TOPS,2022-10-06,"G first red day: corto al día siguiente, stop máx. día rojo",-0.26921687360813684,2020-22
TOPS,2022-12-02,"F día 2: corto apertura, stop máx. día 1 (día 1 cerró débil)",-0.09605065649812687,2020-22
TOPS,2026-09-22,"F día 2: corto apertura, stop máx. día 1 (día 1 cerró débil)",0.05744083367389521,2023-26
TOUR,2020-11-27,"G first red day: corto al día siguiente, stop máx. día rojo",0.32108232932637687,2020-22
TOUR,2022-06-28,"F día 2: corto apertura, stop máx. día 1 (día 1 cerró débil)",-0.5193999383984453,2020-22
TOUR,2022-12-09,"G first red day: corto al día siguiente, stop máx. día rojo",0.08377760726710755,2020-22
TOVX,2021-01-05,"F día 2: corto apertura, stop máx. día 1 (día 1 cerró débil)",-0.12544378698224853,2020-22
TOVX,2022-03-21,"G first red day: corto al día siguiente, stop máx. día rojo",0.5261627906976744,2020-22
TOVX,2024-09-03,"G first red day: corto al día siguiente, stop máx. día rojo",0.34047835853901043,2023-26
TOVX,2024-11-01,"F día 2: corto apertura, stop máx. día 1 (día 1 cerró débil)",-0.24775774458149016,2023-26
TOVX,2026-04-20,"F día 2: corto apertura, stop máx. día 1 (día 1 cerró débil)",0.043391120441549254,2023-26
TOVX,2026-06-11,"F día 2: corto apertura, stop máx. día 1 (día 1 cerró débil)",-0.1273743711809403,2023-26
TOYO,2024-07-12,"F día 2: corto apertura, stop máx. día 1 (día 1 cerró débil)",-0.4548990038797841,2023-26
TOYO,2024-11-26,"F día 2: corto apertura, stop máx. día 1 (día 1 cerró fuerte)",0.49632437864613577,2023-26
TPC,2020-03-20,"G first red day: corto al día siguiente, stop máx. día rojo",-0.24006086220212264,2020-22
TPET,2023-10-31,"G first red day: corto al día siguiente, stop máx. día rojo",0.02248548732504358,2023-26
TPET,2024-04-02,"F día 2: corto apertura, stop máx. día 1 (día 1 cerró débil)",-0.012428296797372333,2023-26
TPET,2024-04-16,"G first red day: corto al día siguiente, stop máx. día rojo",0.24084344352187875,2023-26
TPET,2024-06-11,"F día 2: corto apertura, stop máx. día 1 (día 1 cerró débil)",0.34693091303807494,2023-26
TPET,2024-12-19,"F día 2: corto apertura, stop máx. día 1 (día 1 cerró débil)",0.08531215832120947,2023-26
TPET,2025-01-08,"F día 2: corto apertura, stop máx. día 1 (día 1 cerró fuerte)",-0.07517268024652642,2023-26
TPET,2026-03-03,"F día 2: corto apertura, stop máx. día 1 (día 1 cerró fuerte)",2.7280715088197938,2023-26
TPET,2026-03-04,"G first red day: corto al día siguiente, stop máx. día rojo",-1.0118311519523628,2023-26
TPET,2026-03-09,"G first red day: corto al día siguiente, stop máx. día rojo",0.35015231746387415,2023-26
TPST,2021-07-12,"F día 2: corto apertura, stop máx. día 1 (día 1 cerró débil)",0.2622141729851634,2020-22
TPST,2021-07-13,"G first red day: corto al día siguiente, stop máx. día rojo",-1.0248324723300903,2020-22
TPST,2023-03-31,"G first red day: corto al día siguiente, stop máx. día rojo",0.02749842687192575,2023-26
TPST,2023-04-28,"F día 2: corto apertura, stop máx. día 1 (día 1 cerró débil)",-0.024646235296131982,2023-26
TPST,2023-10-11,"F día 2: corto apertura, stop máx. día 1 (día 1 cerró fuerte)",0.2715737071731833,2023-26
TRAW,2015-08-14,"F día 2: corto apertura, stop máx. día 1 (día 1 cerró débil)",0.07033149171270718,2015-19
TRAW,2019-11-21,"F día 2: corto apertura, stop máx. día 1 (día 1 cerró débil)",0.06685633001422474,2015-19
TRAW,2024-12-23,"F día 2: corto apertura, stop máx. día 1 (día 1 cerró débil)",-0.08052109183234492,2023-26
TRAW,2025-06-03,"F día 2: corto apertura, stop máx. día 1 (día 1 cerró débil)",0.11439624212526305,2023-26
TRIB,2025-01-28,"F día 2: corto apertura, stop máx. día 1 (día 1 cerró fuerte)",-1.0394648913575735,2023-26
TRIB,2025-08-14,"F día 2: corto apertura, stop máx. día 1 (día 1 cerró débil)",0.0019264106852029319,2023-26
TRIB,2025-12-23,"F día 2: corto apertura, stop máx. día 1 (día 1 cerró débil)",0.6520880677038693,2023-26
TRLV,2018-11-05,"F día 2: corto apertura, stop máx. día 1 (día 1 cerró débil)",-0.016833039402917263,2015-19
TRNR,2023-05-22,"G first red day: corto al día siguiente, stop máx. día rojo",-0.39247347261583077,2023-26
TRNR,2024-06-17,"F día 2: corto apertura, stop máx. día 1 (día 1 cerró débil)",0.07216269841269841,2023-26
TRNR,2024-08-12,"F día 2: corto apertura, stop máx. día 1 (día 1 cerró débil)",-0.2314166886717718,2023-26
TRNR,2024-11-19,"F día 2: corto apertura, stop máx. día 1 (día 1 cerró fuerte)",-0.30419000207425845,2023-26
TRNR,2025-02-26,"F día 2: corto apertura, stop máx. día 1 (día 1 cerró débil)",0.5761198547215497,2023-26
TRNR,2025-02-27,"F día 2: corto apertura, stop máx. día 1 (día 1 cerró débil)",-1.0545262043409211,2023-26
TRNR,2025-03-03,"G first red day: corto al día siguiente, stop máx. día rojo",0.056675335934113565,2023-26
TRON,2024-12-04,"F día 2: corto apertura, stop máx. día 1 (día 1 cerró débil)",0.11414761262984519,2023-26
TRON,2025-06-16,"F día 2: corto apertura, stop máx. día 1 (día 1 cerró fuerte)",0.4740528971697083,2023-26
TRON,2025-06-17,"G first red day: corto al día siguiente, stop máx. día rojo",-0.6325209901126304,2023-26
TROO,2021-07-12,"F día 2: corto apertura, stop máx. día 1 (día 1 cerró débil)",0.5693191636641504,2020-22
TROO,2021-07-13,"G first red day: corto al día siguiente, stop máx. día rojo",-1.0222905043989747,2020-22
TROO,2022-03-21,"G first red day: corto al día siguiente, stop máx. día rojo",-0.4808715067370354,2020-22
TRT,2026-05-18,"G first red day: corto al día siguiente, stop máx. día rojo",0.19158880287241709,2023-26
TRUG,2023-07-14,"F día 2: corto apertura, stop máx. día 1 (día 1 cerró débil)",-0.02851460419509262,2023-26
TRUG,2024-03-20,"F día 2: corto apertura, stop máx. día 1 (día 1 cerró débil)",0.6137752703338034,2023-26
TRUG,2024-12-13,"F día 2: corto apertura, stop máx. día 1 (día 1 cerró débil)",0.1321638993036958,2023-26
TRUG,2026-08-17,"F día 2: corto apertura, stop máx. día 1 (día 1 cerró débil)",4.1181689969664665,2023-26
TRVI,2024-12-12,"F día 2: corto apertura, stop máx. día 1 (día 1 cerró débil)",-0.34973056574593453,2023-26
TRVI,2025-03-10,"F día 2: corto apertura, stop máx. día 1 (día 1 cerró débil)",-0.14015217501330648,2023-26
TSAT,2023-08-11,"F día 2: corto apertura, stop máx. día 1 (día 1 cerró fuerte)",-1.1092775779855442,2023-26
TSSI,2016-10-07,"F día 2: corto apertura, stop máx. día 1 (día 1 cerró débil)",-0.01335877945628088,2015-19
TSSI,2017-02-08,"F día 2: corto apertura, stop máx. día 1 (día 1 cerró débil)",1.2123189475920224,2015-19
TTI,2020-06-09,"G first red day: corto al día siguiente, stop máx. día rojo",0.17857165031488992,2020-22
TULP,2021-12-10,"G first red day: corto al día siguiente, stop máx. día rojo",0.36723641949814034,2020-22
TURB,2025-09-16,"F día 2: corto apertura, stop máx. día 1 (día 1 cerró débil)",-0.16382334293889544,2023-26
TURB,2026-03-02,"F día 2: corto apertura, stop máx. día 1 (día 1 cerró fuerte)",-1.031431333912021,2023-26
TURB,2026-03-04,"G first red day: corto al día siguiente, stop máx. día rojo",-1.0422504399261545,2023-26
TURB,2026-03-10,"G first red day: corto al día siguiente, stop máx. día rojo",-0.21613608232691325,2023-26
TURB,2026-09-17,"F día 2: corto apertura, stop máx. día 1 (día 1 cerró débil)",0.24513934555946373,2023-26
TVGN,2024-04-04,"F día 2: corto apertura, stop máx. día 1 (día 1 cerró débil)",0.3382557815547506,2023-26
TVGN,2024-10-14,"F día 2: corto apertura, stop máx. día 1 (día 1 cerró fuerte)",-1.0297441998810233,2023-26
TVRD,2026-07-09,"G first red day: corto al día siguiente, stop máx. día rojo",0.3978640976999338,2023-26
TWAV,2020-03-05,"G first red day: corto al día siguiente, stop máx. día rojo",0.07521712158808931,2020-22
TWAV,2020-07-22,"F día 2: corto apertura, stop máx. día 1 (día 1 cerró débil)",-0.44666833981678994,2020-22
TWAV,2022-10-19,"G first red day: corto al día siguiente, stop máx. día rojo",0.13286118980169973,2020-22
TWAV,2023-01-05,"F día 2: corto apertura, stop máx. día 1 (día 1 cerró débil)",-0.4906220961733991,2023-26
TWAV,2024-03-20,"F día 2: corto apertura, stop máx. día 1 (día 1 cerró débil)",0.08966246320671045,2023-26
TWAV,2025-04-22,"F día 2: corto apertura, stop máx. día 1 (día 1 cerró fuerte)",-0.029825822484805118,2023-26
TWAV,2026-06-04,"F día 2: corto apertura, stop máx. día 1 (día 1 cerró débil)",0.08391369370816869,2023-26
TWG,2024-10-11,"F día 2: corto apertura, stop máx. día 1 (día 1 cerró fuerte)",0.22846057122186997,2023-26
TWG,2025-03-28,"F día 2: corto apertura, stop máx. día 1 (día 1 cerró débil)",-0.02465755646537083,2023-26
TWG,2025-12-08,"F día 2: corto apertura, stop máx. día 1 (día 1 cerró fuerte)",0.03389249641955858,2023-26
TWG,2026-01-20,"F día 2: corto apertura, stop máx. día 1 (día 1 cerró débil)",-0.040186469097938694,2023-26
TWI,2020-11-11,"G first red day: corto al día siguiente, stop máx. día rojo",-0.12728773626078063,2020-22
TXMD,2022-03-07,"F día 2: corto apertura, stop máx. día 1 (día 1 cerró débil)",0.09196891191709845,2020-22
TYGO,2023-05-24,"F día 2: corto apertura, stop máx. día 1 (día 1 cerró débil)",0.018037185045581758,2023-26
TYGO,2024-02-16,"G first red day: corto al día siguiente, stop máx. día rojo",1.341666044460526,2023-26
UAVS,2015-02-04,"G first red day: corto al día siguiente, stop máx. día rojo",-1.0939490445859872,2015-19
UAVS,2016-09-30,"G first red day: corto al día siguiente, stop máx. día rojo",-0.055232558139534885,2015-19
UAVS,2017-04-10,"F día 2: corto apertura, stop máx. día 1 (día 1 cerró débil)",-0.08172362555720654,2015-19
UAVS,2017-10-20,"F día 2: corto apertura, stop máx. día 1 (día 1 cerró débil)",0.16274089935760172,2015-19
UAVS,2018-03-21,"G first red day: corto al día siguiente, stop máx. día rojo",0.1886317907444668,2015-19
UAVS,2018-03-28,"G first red day: corto al día siguiente, stop máx. día rojo",0.2552751158500922,2015-19
UAVS,2018-11-27,"F día 2: corto apertura, stop máx. día 1 (día 1 cerró débil)",-0.026611922141119217,2015-19
UAVS,2020-04-15,"F día 2: corto apertura, stop máx. día 1 (día 1 cerró débil)",0.3003704759190653,2020-22
UAVS,2020-04-30,"F día 2: corto apertura, stop máx. día 1 (día 1 cerró débil)",0.01192873741285825,2020-22
UAVS,2022-06-21,"F día 2: corto apertura, stop máx. día 1 (día 1 cerró débil)",-0.08411507191994995,2020-22
UAVS,2024-10-01,"F día 2: corto apertura, stop máx. día 1 (día 1 cerró débil)",0.1159029649595687,2023-26
UAVS,2024-11-14,"F día 2: corto apertura, stop máx. día 1 (día 1 cerró débil)",0.09000841027283876,2023-26
UAVS,2024-11-18,"F día 2: corto apertura, stop máx. día 1 (día 1 cerró débil)",0.015343202908348003,2023-26
UCAR,2023-05-01,"G first red day: corto al día siguiente, stop máx. día rojo",1.262165021156559,2023-26
UCAR,2023-06-01,"F día 2: corto apertura, stop máx. día 1 (día 1 cerró débil)",-1.209125475285171,2023-26
UCAR,2024-04-08,"F día 2: corto apertura, stop máx. día 1 (día 1 cerró débil)",0.004794106742702845,2023-26
UCAR,2026-03-17,"F día 2: corto apertura, stop máx. día 1 (día 1 cerró débil)",0.15821429420549982,2023-26
UCAR,2026-04-08,"F día 2: corto apertura, stop máx. día 1 (día 1 cerró fuerte)",-1.216140627266272,2023-26
UCAR,2026-09-10,"F día 2: corto apertura, stop máx. día 1 (día 1 cerró fuerte)",3.5805475644266798,2023-26
UCFI,2025-07-08,"F día 2: corto apertura, stop máx. día 1 (día 1 cerró fuerte)",-0.18267386297818558,2023-26
UCL,2024-12-19,"G first red day: corto al día siguiente, stop máx. día rojo",-0.20561531225656346,2023-26
UMAC,2024-12-02,"G first red day: corto al día siguiente, stop máx. día rojo",0.09685392151366559,2023-26
UNCY,2023-03-06,"F día 2: corto apertura, stop máx. día 1 (día 1 cerró débil)",-1.0720632218085426,2023-26
UNCY,2023-03-13,"G first red day: corto al día siguiente, stop máx. día rojo",-0.11801831716169121,2023-26
UONE,2020-06-17,"G first red day: corto al día siguiente, stop máx. día rojo",-1.0089527027027028,2020-22
UONE,2020-06-19,"F día 2: corto apertura, stop máx. día 1 (día 1 cerró débil)",0.46734756770778674,2020-22
UONE,2020-06-22,"G first red day: corto al día siguiente, stop máx. día rojo",-0.3086556033859444,2020-22
UONE,2020-08-25,"F día 2: corto apertura, stop máx. día 1 (día 1 cerró débil)",0.08663222360926616,2020-22
UONEK,2020-06-17,"F día 2: corto apertura, stop máx. día 1 (día 1 cerró débil)",-0.28930035038476093,2020-22
UONEK,2020-06-17,"G first red day: corto al día siguiente, stop máx. día rojo",-0.28930035038476093,2020-22
UONEK,2025-11-19,"G first red day: corto al día siguiente, stop máx. día rojo",-1.069983137976715,2023-26
UP,2023-12-28,"G first red day: corto al día siguiente, stop máx. día rojo",0.20647698583210816,2023-26
UPC,2021-03-29,"F día 2: corto apertura, stop máx. día 1 (día 1 cerró débil)",0.07433491980522161,2020-22
UPC,2024-12-06,"F día 2: corto apertura, stop máx. día 1 (día 1 cerró débil)",0.07503107404410662,2023-26
UPC,2025-02-21,"F día 2: corto apertura, stop máx. día 1 (día 1 cerró débil)",0.06737003274352567,2023-26
UPC,2026-06-29,"F día 2: corto apertura, stop máx. día 1 (día 1 cerró débil)",0.15419427880424663,2023-26
UPC,2026-08-03,"F día 2: corto apertura, stop máx. día 1 (día 1 cerró débil)",-0.47484972505066275,2023-26
UPST,2020-12-21,"G first red day: corto al día siguiente, stop máx. día rojo",-0.883961639887743,2020-22
UPXI,2021-10-14,"F día 2: corto apertura, stop máx. día 1 (día 1 cerró débil)",-0.07471954707780713,2020-22
UPXI,2024-10-25,"F día 2: corto apertura, stop máx. día 1 (día 1 cerró débil)",0.0238700251193067,2023-26
UPXI,2025-04-21,"F día 2: corto apertura, stop máx. día 1 (día 1 cerró débil)",-0.0785793067481441,2023-26
URGN,2023-07-31,"G first red day: corto al día siguiente, stop máx. día rojo",0.9153068579578321,2023-26
USBC,2018-05-09,"F día 2: corto apertura, stop máx. día 1 (día 1 cerró débil)",-0.582720500436389,2015-19
USBC,2018-06-14,"F día 2: corto apertura, stop máx. día 1 (día 1 cerró fuerte)",-1.0526315575617233,2015-19
USBC,2018-08-10,"G first red day: corto al día siguiente, stop máx. día rojo",-0.12395821326468368,2015-19
USBC,2020-04-09,"G first red day: corto al día siguiente, stop máx. día rojo",-0.7160947078916688,2020-22
USBC,2025-06-09,"F día 2: corto apertura, stop máx. día 1 (día 1 cerró débil)",-0.29405212968901495,2023-26
USDE,2026-07-02,"F día 2: corto apertura, stop máx. día 1 (día 1 cerró débil)",-0.06830125768710635,2023-26
USDE,2026-08-24,"G first red day: corto al día siguiente, stop máx. día rojo",-0.23090974648862278,2023-26
UUU,2020-10-29,"F día 2: corto apertura, stop máx. día 1 (día 1 cerró débil)",-0.10892841835907394,2020-22
UUU,2020-12-29,"F día 2: corto apertura, stop máx. día 1 (día 1 cerró débil)",-0.031987330037874136,2020-22
UUU,2021-01-28,"G first red day: corto al día siguiente, stop máx. día rojo",-1.0390815753753755,2020-22
UUU,2023-06-05,"G first red day: corto al día siguiente, stop máx. día rojo",-0.20323768400157563,2023-26
UUU,2025-09-02,"F día 2: corto apertura, stop máx. día 1 (día 1 cerró débil)",-0.4616738573511241,2023-26
UXIN,2022-07-11,"G first red day: corto al día siguiente, stop máx. día rojo",-0.11729931549471063,2020-22
UZX,2024-10-24,"F día 2: corto apertura, stop máx. día 1 (día 1 cerró débil)",-0.21206849957433965,2023-26
UZX,2025-04-08,"G first red day: corto al día siguiente, stop máx. día rojo",-0.060264847685082945,2023-26
UZX,2025-10-16,"F día 2: corto apertura, stop máx. día 1 (día 1 cerró débil)",0.016338818527642546,2023-26
VAI,2019-11-15,"F día 2: corto apertura, stop máx. día 1 (día 1 cerró débil)",-0.000452352231604343,2015-19
VAI,2020-02-18,"F día 2: corto apertura, stop máx. día 1 (día 1 cerró débil)",-0.13398604450321985,2020-22
VAI,2020-07-09,"F día 2: corto apertura, stop máx. día 1 (día 1 cerró débil)",0.12076124567474046,2020-22
VAI,2020-07-10,"G first red day: corto al día siguiente, stop máx. día rojo",0.5887043189368771,2020-22
VALN,2022-06-21,"F día 2: corto apertura, stop máx. día 1 (día 1 cerró fuerte)",-0.07258677191256507,2020-22
VALU,2022-10-06,"G first red day: corto al día siguiente, stop máx. día rojo",0.7222296020293908,2020-22
VANI,2015-02-26,"G first red day: corto al día siguiente, stop máx. día rojo",-1.0876010347715437,2015-19
VANI,2021-03-05,"F día 2: corto apertura, stop máx. día 1 (día 1 cerró débil)",-1.072161586609102,2020-22
VANI,2021-03-09,"F día 2: corto apertura, stop máx. día 1 (día 1 cerró débil)",0.2514493048479015,2020-22
VANI,2021-03-10,"G first red day: corto al día siguiente, stop máx. día rojo",-0.2832212315485885,2020-22
VANI,2024-02-28,"F día 2: corto apertura, stop máx. día 1 (día 1 cerró débil)",-0.15059684135556115,2023-26
VATE,2018-05-02,"F día 2: corto apertura, stop máx. día 1 (día 1 cerró débil)",-0.008785623048890471,2015-19
VATE,2024-11-25,"G first red day: corto al día siguiente, stop máx. día rojo",-0.3230164625296248,2023-26
VBIO,2023-08-29,"F día 2: corto apertura, stop máx. día 1 (día 1 cerró débil)",-0.05771037444638303,2023-26
VBIO,2023-11-13,"F día 2: corto apertura, stop máx. día 1 (día 1 cerró débil)",-1.0593952483801294,2023-26
VBIO,2024-11-08,"F día 2: corto apertura, stop máx. día 1 (día 1 cerró débil)",-0.14871470745995458,2023-26
VBIO,2024-12-24,"F día 2: corto apertura, stop máx. día 1 (día 1 cerró fuerte)",-0.3611338599757889,2023-26
VBIO,2025-04-04,"G first red day: corto al día siguiente, stop máx. día rojo",-0.06208487084870851,2023-26
VBIO,2025-04-22,"F día 2: corto apertura, stop máx. día 1 (día 1 cerró débil)",-0.007509977759497913,2023-26
VCEL,2016-03-10,"F día 2: corto apertura, stop máx. día 1 (día 1 cerró débil)",-1.1155778311084337,2015-19
VCEL,2016-12-14,"F día 2: corto apertura, stop máx. día 1 (día 1 cerró débil)",0.8620984526884435,2015-19
VCIG,2024-02-13,"F día 2: corto apertura, stop máx. día 1 (día 1 cerró débil)",-0.12959032052642752,2023-26
VCIG,2025-10-30,"F día 2: corto apertura, stop máx. día 1 (día 1 cerró débil)",0.09064500246184146,2023-26
VCIG,2026-03-04,"F día 2: corto apertura, stop máx. día 1 (día 1 cerró débil)",0.0015044328843394873,2023-26
VCIG,2026-06-01,"G first red day: corto al día siguiente, stop máx. día rojo",-0.7540535273909266,2023-26
VCX,2026-03-26,"G first red day: corto al día siguiente, stop máx. día rojo",0.051641975812086,2023-26
VCYT,2018-11-01,"G first red day: corto al día siguiente, stop máx. día rojo",-0.4888900540689835,2015-19
VEEA,2026-09-15,"F día 2: corto apertura, stop máx. día 1 (día 1 cerró débil)",-0.3092846463119261,2023-26
VEEE,2025-04-10,"G first red day: corto al día siguiente, stop máx. día rojo",-0.23472857902454233,2023-26
VEEE,2025-09-05,"F día 2: corto apertura, stop máx. día 1 (día 1 cerró débil)",-0.12396467738344691,2023-26
VEEE,2026-07-13,"F día 2: corto apertura, stop máx. día 1 (día 1 cerró fuerte)",-1.0110219766805575,2023-26
VEEE,2026-07-15,"G first red day: corto al día siguiente, stop máx. día rojo",-0.13504946873686652,2023-26
VEEE,2026-09-21,"F día 2: corto apertura, stop máx. día 1 (día 1 cerró débil)",0.3648352976774959,2023-26
VEL,2020-03-27,"G first red day: corto al día siguiente, stop máx. día rojo",-0.6603989887880451,2020-22
VELO,2024-09-20,"G first red day: corto al día siguiente, stop máx. día rojo",0.3266024567854744,2023-26
VELO,2024-10-02,"G first red day: corto al día siguiente, stop máx. día rojo",0.010016588890558776,2023-26
VELO,2025-04-03,"G first red day: corto al día siguiente, stop máx. día rojo",-0.35103748560017767,2023-26
VELO,2025-10-15,"G first red day: corto al día siguiente, stop máx. día rojo",0.7770056586544666,2023-26
VELO,2025-12-12,"G first red day: corto al día siguiente, stop máx. día rojo",0.3393398563724494,2023-26
VERI,2024-03-18,"G first red day: corto al día siguiente, stop máx. día rojo",-0.6444173167674665,2023-26
VERU,2021-02-10,"G first red day: corto al día siguiente, stop máx. día rojo",-0.10235800375378894,2020-22
VFS,2023-08-15,"F día 2: corto apertura, stop máx. día 1 (día 1 cerró fuerte)",-0.2133517970828242,2023-26
VHC,2016-02-04,"F día 2: corto apertura, stop máx. día 1 (día 1 cerró débil)",-0.12500008356071426,2015-19
VHC,2016-10-03,"F día 2: corto apertura, stop máx. día 1 (día 1 cerró débil)",0.30510291353733177,2015-19
VIOT,2021-02-22,"G first red day: corto al día siguiente, stop máx. día rojo",-0.049804715701058766,2020-22
VIP,2021-03-22,"F día 2: corto apertura, stop máx. día 1 (día 1 cerró débil)",0.22853826479688616,2020-22
VIP,2021-08-27,"F día 2: corto apertura, stop máx. día 1 (día 1 cerró débil)",0.0013322387213820658,2020-22
VIP,2021-08-31,"G first red day: corto al día siguiente, stop máx. día rojo",0.5526847213868433,2020-22
VIP,2023-07-11,"G first red day: corto al día siguiente, stop máx. día rojo",0.08287171587844543,2023-26
VIP,2024-11-15,"F día 2: corto apertura, stop máx. día 1 (día 1 cerró débil)",-0.20845500322062901,2023-26
VIR,2020-02-27,"F día 2: corto apertura, stop máx. día 1 (día 1 cerró fuerte)",4.474487539840425,2020-22
VIR,2020-02-28,"G first red day: corto al día siguiente, stop máx. día rojo",-0.17317507230221516,2020-22
VIR,2025-01-08,"F día 2: corto apertura, stop máx. día 1 (día 1 cerró débil)",0.22305266355512443,2023-26
VISN,2025-08-04,"F día 2: corto apertura, stop máx. día 1 (día 1 cerró fuerte)",-1.1630460650101895,2023-26
VIVK,2015-08-05,"F día 2: corto apertura, stop máx. día 1 (día 1 cerró débil)",-0.0930851039545588,2015-19
VIVK,2015-11-16,"F día 2: corto apertura, stop máx. día 1 (día 1 cerró débil)",-0.02777777189094214,2015-19
VIVK,2016-09-09,"F día 2: corto apertura, stop máx. día 1 (día 1 cerró débil)",-0.08602938431133625,2015-19
VIVK,2017-01-20,"F día 2: corto apertura, stop máx. día 1 (día 1 cerró fuerte)",-0.09394900454194954,2015-19
VIVK,2017-03-16,"F día 2: corto apertura, stop máx. día 1 (día 1 cerró débil)",-0.3094377711778307,2015-19
VIVK,2017-09-11,"F día 2: corto apertura, stop máx. día 1 (día 1 cerró débil)",1.1874994194660091,2015-19
VIVK,2018-10-04,"F día 2: corto apertura, stop máx. día 1 (día 1 cerró fuerte)",-0.18125018287676786,2015-19
VIVK,2022-04-27,"F día 2: corto apertura, stop máx. día 1 (día 1 cerró débil)",-0.2124502842503948,2020-22
VIVK,2024-07-03,"G first red day: corto al día siguiente, stop máx. día rojo",-0.05218968167595007,2023-26
VIVK,2025-10-16,"F día 2: corto apertura, stop máx. día 1 (día 1 cerró débil)",0.16003719001524586,2023-26
VIVK,2026-02-11,"G first red day: corto al día siguiente, stop máx. día rojo",-0.4173157010805478,2023-26
VIVK,2026-07-21,"F día 2: corto apertura, stop máx. día 1 (día 1 cerró débil)",0.05408507194422996,2023-26
VIVK,2026-07-24,"F día 2: corto apertura, stop máx. día 1 (día 1 cerró débil)",0.16544404607281102,2023-26
VIVK,2026-07-27,"G first red day: corto al día siguiente, stop máx. día rojo",0.03892858693572068,2023-26
VIVO,2020-10-09,"F día 2: corto apertura, stop máx. día 1 (día 1 cerró débil)",0.12631658113080915,2020-22
VIVO,2024-04-03,"F día 2: corto apertura, stop máx. día 1 (día 1 cerró débil)",0.05625356802651459,2023-26
VIVO,2024-07-03,"F día 2: corto apertura, stop máx. día 1 (día 1 cerró débil)",-0.15577440801910158,2023-26
VIVO,2024-07-10,"F día 2: corto apertura, stop máx. día 1 (día 1 cerró débil)",-0.19810948987029242,2023-26
VIVO,2025-03-21,"F día 2: corto apertura, stop máx. día 1 (día 1 cerró débil)",-1.0340307168851504,2023-26
VIVO,2025-06-05,"G first red day: corto al día siguiente, stop máx. día rojo",-0.14176384485450907,2023-26
VIVS,2019-05-30,"F día 2: corto apertura, stop máx. día 1 (día 1 cerró débil)",0.3493439214206752,2015-19
VIVS,2020-05-14,"G first red day: corto al día siguiente, stop máx. día rojo",0.04298784620299349,2020-22
VIVS,2020-12-23,"G first red day: corto al día siguiente, stop máx. día rojo",0.014459114141073167,2020-22
VIVS,2023-02-17,"G first red day: corto al día siguiente, stop máx. día rojo",-0.25306110897110995,2023-26
VIVS,2024-04-15,"F día 2: corto apertura, stop máx. día 1 (día 1 cerró débil)",0.2368633102287657,2023-26
VIVS,2025-02-25,"F día 2: corto apertura, stop máx. día 1 (día 1 cerró débil)",1.3492739211185159,2023-26
VIVS,2026-01-30,"F día 2: corto apertura, stop máx. día 1 (día 1 cerró débil)",0.4474210061653122,2023-26
VIVS,2026-07-15,"F día 2: corto apertura, stop máx. día 1 (día 1 cerró débil)",0.09207895259504215,2023-26
VKTX,2018-09-18,"F día 2: corto apertura, stop máx. día 1 (día 1 cerró débil)",0.006782509768815954,2015-19
VMAR,2024-09-13,"F día 2: corto apertura, stop máx. día 1 (día 1 cerró débil)",0.007151262786276817,2023-26
VMAR,2025-01-10,"F día 2: corto apertura, stop máx. día 1 (día 1 cerró débil)",0.005762564991334489,2023-26
VNCE,2017-05-19,"F día 2: corto apertura, stop máx. día 1 (día 1 cerró débil)",-0.10916024989357428,2015-19
VNCE,2017-07-11,"G first red day: corto al día siguiente, stop máx. día rojo",0.34880002584839054,2015-19
VNCE,2025-01-23,"F día 2: corto apertura, stop máx. día 1 (día 1 cerró débil)",0.5576440681485966,2023-26
VNCE,2025-09-11,"F día 2: corto apertura, stop máx. día 1 (día 1 cerró débil)",0.5054511708205571,2023-26
VNRX,2026-03-18,"F día 2: corto apertura, stop máx. día 1 (día 1 cerró débil)",0.07547172060552633,2023-26
VNRX,2026-08-27,"F día 2: corto apertura, stop máx. día 1 (día 1 cerró débil)",-0.01582278210415314,2023-26
VOR,2025-06-26,"F día 2: corto apertura, stop máx. día 1 (día 1 cerró débil)",-0.3766320116520378,2023-26
VOR,2025-07-08,"G first red day: corto al día siguiente, stop máx. día rojo",-0.06514532564841073,2023-26
VRAX,2023-03-07,"F día 2: corto apertura, stop máx. día 1 (día 1 cerró débil)",-0.1767660208643815,2023-26
VRAX,2024-06-06,"F día 2: corto apertura, stop máx. día 1 (día 1 cerró débil)",-0.17026768642447415,2023-26
VRAX,2024-08-19,"F día 2: corto apertura, stop máx. día 1 (día 1 cerró débil)",0.15692946058091287,2023-26
VRAX,2024-08-20,"G first red day: corto al día siguiente, stop máx. día rojo",-1.0358895705521474,2023-26
VRAX,2024-10-23,"F día 2: corto apertura, stop máx. día 1 (día 1 cerró débil)",-0.0719722598105548,2023-26
VRAX,2025-12-03,"F día 2: corto apertura, stop máx. día 1 (día 1 cerró débil)",-0.049639223869977656,2023-26
VRAX,2026-03-31,"F día 2: corto apertura, stop máx. día 1 (día 1 cerró débil)",-0.07483800596908617,2023-26
VRAX,2026-04-13,"F día 2: corto apertura, stop máx. día 1 (día 1 cerró débil)",-0.06540639660309909,2023-26
VRAX,2026-05-18,"F día 2: corto apertura, stop máx. día 1 (día 1 cerró débil)",0.21743244626884475,2023-26
VRAX,2026-05-19,"F día 2: corto apertura, stop máx. día 1 (día 1 cerró débil)",-0.5329095652658271,2023-26
VRAX,2026-07-09,"F día 2: corto apertura, stop máx. día 1 (día 1 cerró débil)",0.09266683055111555,2023-26
VRCA,2025-04-08,"G first red day: corto al día siguiente, stop máx. día rojo",1.243736557793446,2023-26
VRCA,2025-12-01,"G first red day: corto al día siguiente, stop máx. día rojo",0.4605361909322103,2023-26
VRDN,2016-11-21,"G first red day: corto al día siguiente, stop máx. día rojo",-0.5785273923683795,2015-19
VRDN,2020-05-29,"G first red day: corto al día siguiente, stop máx. día rojo",-0.2847218690095119,2020-22
VRDN,2020-10-28,"F día 2: corto apertura, stop máx. día 1 (día 1 cerró fuerte)",-1.0260712453155238,2020-22
VRME,2015-06-25,"G first red day: corto al día siguiente, stop máx. día rojo",0.2954545454545454,2015-19
VRME,2015-07-17,"G first red day: corto al día siguiente, stop máx. día rojo",-1.2875000000000003,2015-19
VRME,2018-01-03,"G first red day: corto al día siguiente, stop máx. día rojo",-0.1359026369168357,2015-19
VRME,2024-12-31,"F día 2: corto apertura, stop máx. día 1 (día 1 cerró débil)",0.4343737874711981,2023-26
VRME,2025-01-03,"G first red day: corto al día siguiente, stop máx. día rojo",0.07810702727810531,2023-26
VRME,2025-01-14,"G first red day: corto al día siguiente, stop máx. día rojo",-0.44708326445258845,2023-26
VRME,2025-07-31,"F día 2: corto apertura, stop máx. día 1 (día 1 cerró fuerte)",-0.2954101949205782,2023-26
VRME,2026-01-05,"F día 2: corto apertura, stop máx. día 1 (día 1 cerró débil)",0.35370242586276995,2023-26
VS,2022-07-25,"F día 2: corto apertura, stop máx. día 1 (día 1 cerró débil)",0.416913589120579,2020-22
VS,2023-02-01,"F día 2: corto apertura, stop máx. día 1 (día 1 cerró débil)",0.02974370558704026,2023-26
VS,2023-05-10,"F día 2: corto apertura, stop máx. día 1 (día 1 cerró débil)",-0.2116611503191282,2023-26
VS,2023-10-12,"F día 2: corto apertura, stop máx. día 1 (día 1 cerró débil)",0.22354333295825088,2023-26
VS,2024-07-02,"F día 2: corto apertura, stop máx. día 1 (día 1 cerró débil)",-0.3165150505156579,2023-26
VS,2024-10-16,"F día 2: corto apertura, stop máx. día 1 (día 1 cerró débil)",-0.004487692006137771,2023-26
VS,2025-01-17,"F día 2: corto apertura, stop máx. día 1 (día 1 cerró débil)",0.09768135667911933,2023-26
VSA,2024-02-16,"F día 2: corto apertura, stop máx. día 1 (día 1 cerró débil)",-0.37290388548057257,2023-26
VSA,2025-01-31,"F día 2: corto apertura, stop máx. día 1 (día 1 cerró débil)",0.10391797265755252,2023-26
VSA,2026-04-15,"F día 2: corto apertura, stop máx. día 1 (día 1 cerró débil)",-0.011684218170503316,2023-26
VSA,2026-06-02,"F día 2: corto apertura, stop máx. día 1 (día 1 cerró débil)",-0.5198922685650379,2023-26
VSME,2024-10-17,"F día 2: corto apertura, stop máx. día 1 (día 1 cerró débil)",-0.05624917008085652,2023-26
VSME,2025-01-02,"F día 2: corto apertura, stop máx. día 1 (día 1 cerró débil)",-0.011087541190290099,2023-26
VSME,2026-02-11,"G first red day: corto al día siguiente, stop máx. día rojo",0.10593981634751397,2023-26
VSME,2026-06-10,"F día 2: corto apertura, stop máx. día 1 (día 1 cerró débil)",0.0572729901130886,2023-26
VSME,2026-06-15,"F día 2: corto apertura, stop máx. día 1 (día 1 cerró fuerte)",-0.35913809171306665,2023-26
VTAK,2019-08-16,"G first red day: corto al día siguiente, stop máx. día rojo",-0.4680038204393505,2015-19
VTAK,2024-10-18,"F día 2: corto apertura, stop máx. día 1 (día 1 cerró débil)",0.10447181897813454,2023-26
VTAK,2025-06-11,"F día 2: corto apertura, stop máx. día 1 (día 1 cerró débil)",0.0137726943145102,2023-26
VTAK,2025-08-18,"F día 2: corto apertura, stop máx. día 1 (día 1 cerró fuerte)",0.1495888111454643,2023-26
VTAK,2026-06-24,"F día 2: corto apertura, stop máx. día 1 (día 1 cerró débil)",-0.20971544914497584,2023-26
VTAK,2026-07-08,"F día 2: corto apertura, stop máx. día 1 (día 1 cerró débil)",-0.12674878827304106,2023-26
VTGN,2015-02-17,"F día 2: corto apertura, stop máx. día 1 (día 1 cerró fuerte)",1.3188405797101457,2015-19
VTGN,2018-05-25,"F día 2: corto apertura, stop máx. día 1 (día 1 cerró débil)",0.2620485250345967,2015-19
VTGN,2019-12-17,"G first red day: corto al día siguiente, stop máx. día rojo",0.3793532517117936,2015-19
VTGN,2023-08-07,"F día 2: corto apertura, stop máx. día 1 (día 1 cerró débil)",0.2709253619200565,2023-26
VTGN,2026-09-23,"F día 2: corto apertura, stop máx. día 1 (día 1 cerró débil)",0.22037904353073157,2023-26
VTOL,2020-06-12,"F día 2: corto apertura, stop máx. día 1 (día 1 cerró débil)",-0.4304301036320516,2020-22
VTSI,2021-03-30,"F día 2: corto apertura, stop máx. día 1 (día 1 cerró débil)",-0.06493915204952094,2020-22
VTVT,2018-10-17,"F día 2: corto apertura, stop máx. día 1 (día 1 cerró débil)",0.19781842226992996,2015-19
VTVT,2020-02-10,"F día 2: corto apertura, stop máx. día 1 (día 1 cerró débil)",-0.15974436036614384,2020-22
VTVT,2020-05-14,"G first red day: corto al día siguiente, stop máx. día rojo",0.2040294017121771,2020-22
VTVT,2020-12-11,"F día 2: corto apertura, stop máx. día 1 (día 1 cerró débil)",0.18463029128000838,2020-22
VTVT,2022-06-01,"F día 2: corto apertura, stop máx. día 1 (día 1 cerró débil)",-0.07856548442145253,2020-22
VTVT,2024-02-28,"F día 2: corto apertura, stop máx. día 1 (día 1 cerró débil)",-0.2298153900449669,2023-26
VUZI,2024-11-26,"G first red day: corto al día siguiente, stop máx. día rojo",-0.29139000407997895,2023-26
VVOS,2021-08-23,"F día 2: corto apertura, stop máx. día 1 (día 1 cerró débil)",-0.06769297958292388,2020-22
VVOS,2023-01-04,"F día 2: corto apertura, stop máx. día 1 (día 1 cerró débil)",-0.2191168526528434,2023-26
VVOS,2023-08-08,"F día 2: corto apertura, stop máx. día 1 (día 1 cerró débil)",0.1552515290564972,2023-26
VVOS,2023-11-29,"F día 2: corto apertura, stop máx. día 1 (día 1 cerró fuerte)",0.021530873994592154,2023-26
VVOS,2026-08-31,"F día 2: corto apertura, stop máx. día 1 (día 1 cerró débil)",-0.022050994193196737,2023-26
VWAV,2025-07-28,"F día 2: corto apertura, stop máx. día 1 (día 1 cerró fuerte)",-0.11446296204378334,2023-26
VWAV,2026-09-17,"F día 2: corto apertura, stop máx. día 1 (día 1 cerró débil)",0.3357854516813296,2023-26
VXX,2024-08-06,"G first red day: corto al día siguiente, stop máx. día rojo",-0.3951424570605759,2023-26
VYGR,2021-10-06,"F día 2: corto apertura, stop máx. día 1 (día 1 cerró fuerte)",0.23094581803358608,2020-22
W,2023-01-24,"G first red day: corto al día siguiente, stop máx. día rojo",-0.4588363465932567,2023-26
WAFU,2020-01-08,"F día 2: corto apertura, stop máx. día 1 (día 1 cerró débil)",-0.2564552068504477,2020-22
WAFU,2020-06-11,"F día 2: corto apertura, stop máx. día 1 (día 1 cerró débil)",-0.01856160586212618,2020-22
WAFU,2020-07-10,"F día 2: corto apertura, stop máx. día 1 (día 1 cerró débil)",0.07080651517051516,2020-22
WAFU,2021-03-26,"F día 2: corto apertura, stop máx. día 1 (día 1 cerró débil)",0.028574014361743224,2020-22
WAFU,2025-02-25,"F día 2: corto apertura, stop máx. día 1 (día 1 cerró débil)",-0.029046905774136746,2023-26
WATT,2017-12-29,"G first red day: corto al día siguiente, stop máx. día rojo",-0.07502792336111348,2015-19
WATT,2020-04-21,"F día 2: corto apertura, stop máx. día 1 (día 1 cerró débil)",0.30900601253677884,2020-22
WATT,2020-06-17,"F día 2: corto apertura, stop máx. día 1 (día 1 cerró débil)",-0.057131197714752106,2020-22
WATT,2021-02-19,"F día 2: corto apertura, stop máx. día 1 (día 1 cerró fuerte)",0.23088340669464635,2020-22
WATT,2024-12-30,"F día 2: corto apertura, stop máx. día 1 (día 1 cerró fuerte)",0.4356312503582351,2023-26
WAVE,2024-10-16,"G first red day: corto al día siguiente, stop máx. día rojo",0.28282922845033687,2023-26
WBUY,2024-08-09,"F día 2: corto apertura, stop máx. día 1 (día 1 cerró débil)",0.043417078124478585,2023-26
WBUY,2024-09-18,"F día 2: corto apertura, stop máx. día 1 (día 1 cerró débil)",-0.10490656156853674,2023-26
WBUY,2024-11-07,"F día 2: corto apertura, stop máx. día 1 (día 1 cerró débil)",-0.10582130716846717,2023-26
WBUY,2024-12-16,"F día 2: corto apertura, stop máx. día 1 (día 1 cerró débil)",0.017987462624344155,2023-26
WBUY,2025-04-15,"G first red day: corto al día siguiente, stop máx. día rojo",-1.090361428132755,2023-26
WBUY,2025-05-09,"F día 2: corto apertura, stop máx. día 1 (día 1 cerró débil)",0.20543460908786204,2023-26
WBUY,2025-05-12,"G first red day: corto al día siguiente, stop máx. día rojo",0.4623744154040729,2023-26
WBUY,2025-06-06,"F día 2: corto apertura, stop máx. día 1 (día 1 cerró débil)",-0.05793541123436608,2023-26
WBUY,2025-06-30,"F día 2: corto apertura, stop máx. día 1 (día 1 cerró fuerte)",0.03575565488293679,2023-26
WBUY,2026-07-23,"F día 2: corto apertura, stop máx. día 1 (día 1 cerró débil)",0.022453501357360364,2023-26
WBX,2021-10-26,"F día 2: corto apertura, stop máx. día 1 (día 1 cerró débil)",0.17178539445312807,2020-22
WBX,2025-07-03,"F día 2: corto apertura, stop máx. día 1 (día 1 cerró fuerte)",0.08815489032745216,2023-26
WBX,2026-07-07,"G first red day: corto al día siguiente, stop máx. día rojo",0.07853823242073851,2023-26
WCT,2024-11-22,"F día 2: corto apertura, stop máx. día 1 (día 1 cerró fuerte)",-0.402362846279196,2023-26
WCT,2025-04-08,"G first red day: corto al día siguiente, stop máx. día rojo",0.09420885977567588,2023-26
WCT,2026-06-03,"F día 2: corto apertura, stop máx. día 1 (día 1 cerró fuerte)",-0.07133510418831625,2023-26
WCT,2026-09-09,"F día 2: corto apertura, stop máx. día 1 (día 1 cerró fuerte)",-1.1762315905803034,2023-26
WETO,2025-05-29,"F día 2: corto apertura, stop máx. día 1 (día 1 cerró fuerte)",0.46722513089005235,2023-26
WETO,2025-07-01,"F día 2: corto apertura, stop máx. día 1 (día 1 cerró débil)",-0.04518222666000998,2023-26
WETO,2026-07-31,"F día 2: corto apertura, stop máx. día 1 (día 1 cerró débil)",0.06065528831090232,2023-26
WETO,2026-08-14,"F día 2: corto apertura, stop máx. día 1 (día 1 cerró débil)",-1.0333224007452884,2023-26
WETO,2026-08-18,"F día 2: corto apertura, stop máx. día 1 (día 1 cerró débil)",0.015831461761851316,2023-26
WFCF,2020-12-08,"F día 2: corto apertura, stop máx. día 1 (día 1 cerró débil)",-0.722727156867615,2020-22
WFF,2025-06-23,"F día 2: corto apertura, stop máx. día 1 (día 1 cerró débil)",-1.018088304376208,2023-26
WGS,2024-05-02,"G first red day: corto al día siguiente, stop máx. día rojo",-1.1059418796082583,2023-26
WHLR,2023-09-07,"F día 2: corto apertura, stop máx. día 1 (día 1 cerró débil)",0.2846261329834776,2023-26
WHLR,2023-10-11,"F día 2: corto apertura, stop máx. día 1 (día 1 cerró débil)",0.030470517605326878,2023-26
WHLR,2023-11-30,"G first red day: corto al día siguiente, stop máx. día rojo",0.041979949874686714,2023-26
WHLR,2024-09-06,"F día 2: corto apertura, stop máx. día 1 (día 1 cerró fuerte)",0.3292269993316997,2023-26
WHLR,2024-09-09,"G first red day: corto al día siguiente, stop máx. día rojo",-1.05635687732342,2023-26
WHLR,2024-09-18,"G first red day: corto al día siguiente, stop máx. día rojo",0.08327865542825416,2023-26
WHLR,2024-10-04,"G first red day: corto al día siguiente, stop máx. día rojo",-0.044086242299794666,2023-26
WHLR,2025-01-16,"F día 2: corto apertura, stop máx. día 1 (día 1 cerró débil)",0.06834372217275156,2023-26
WHLR,2025-06-20,"F día 2: corto apertura, stop máx. día 1 (día 1 cerró débil)",0.03976737745776792,2023-26
WHLR,2025-12-05,"F día 2: corto apertura, stop máx. día 1 (día 1 cerró fuerte)",0.8597284142502809,2023-26
WHLR,2026-09-17,"F día 2: corto apertura, stop máx. día 1 (día 1 cerró débil)",0.8801241560978613,2023-26
WHLR,2026-09-23,"F día 2: corto apertura, stop máx. día 1 (día 1 cerró débil)",0.11277871742362786,2023-26
WHWK,2020-05-13,"F día 2: corto apertura, stop máx. día 1 (día 1 cerró débil)",0.043780181308551686,2020-22
WHWK,2025-10-16,"F día 2: corto apertura, stop máx. día 1 (día 1 cerró débil)",0.20139518212139665,2023-26
WIMI,2020-07-14,"G first red day: corto al día siguiente, stop máx. día rojo",-1.034818252708997,2020-22
WIMI,2024-03-18,"G first red day: corto al día siguiente, stop máx. día rojo",0.1835844844147963,2023-26
WIMI,2024-12-27,"F día 2: corto apertura, stop máx. día 1 (día 1 cerró fuerte)",-1.023820920344858,2023-26
WKEY,2020-06-11,"G first red day: corto al día siguiente, stop máx. día rojo",-1.07360657829074,2020-22
WKEY,2024-08-14,"G first red day: corto al día siguiente, stop máx. día rojo",0.5242182820009037,2023-26
WKEY,2024-12-17,"G first red day: corto al día siguiente, stop máx. día rojo",0.54504513096165,2023-26
WKHS,2017-05-08,"G first red day: corto al día siguiente, stop máx. día rojo",0.30611982514785296,2015-19
WKHS,2024-11-13,"G first red day: corto al día siguiente, stop máx. día rojo",0.9249737670514164,2023-26
WKSP,2017-01-24,"F día 2: corto apertura, stop máx. día 1 (día 1 cerró débil)",-0.08982682606530568,2015-19
WKSP,2017-02-21,"G first red day: corto al día siguiente, stop máx. día rojo",-0.03495441291162743,2015-19
WKSP,2017-02-28,"G first red day: corto al día siguiente, stop máx. día rojo",0.415841378172491,2015-19
WKSP,2018-02-16,"G first red day: corto al día siguiente, stop máx. día rojo",0.4266055090911303,2015-19
WKSP,2018-09-18,"F día 2: corto apertura, stop máx. día 1 (día 1 cerró débil)",-0.017567568751823526,2015-19
WKSP,2018-11-20,"F día 2: corto apertura, stop máx. día 1 (día 1 cerró débil)",-0.09842514659168233,2015-19
WKSP,2020-02-11,"G first red day: corto al día siguiente, stop máx. día rojo",-1.2875001182159251,2020-22
WKSP,2020-02-19,"G first red day: corto al día siguiente, stop máx. día rojo",0.09479084572530408,2020-22
WKSP,2020-09-02,"G first red day: corto al día siguiente, stop máx. día rojo",-1.1382978723404256,2020-22
WKSP,2020-09-03,"F día 2: corto apertura, stop máx. día 1 (día 1 cerró débil)",0.31983713755913584,2020-22
WKSP,2021-02-18,"G first red day: corto al día siguiente, stop máx. día rojo",-0.14011820618789883,2020-22
WKSP,2024-05-01,"G first red day: corto al día siguiente, stop máx. día rojo",-0.29557657227239875,2023-26
WKSP,2026-06-18,"F día 2: corto apertura, stop máx. día 1 (día 1 cerró débil)",1.5903725120077543,2023-26
WLDS,2023-02-09,"F día 2: corto apertura, stop máx. día 1 (día 1 cerró débil)",-0.2435158760170419,2023-26
WLDS,2023-05-25,"F día 2: corto apertura, stop máx. día 1 (día 1 cerró fuerte)",-0.08482465333986869,2023-26
WLDS,2024-03-18,"F día 2: corto apertura, stop máx. día 1 (día 1 cerró débil)",-0.4272152166996995,2023-26
WLDS,2025-04-29,"F día 2: corto apertura, stop máx. día 1 (día 1 cerró débil)",-0.13877377456582665,2023-26
WLDS,2025-09-10,"F día 2: corto apertura, stop máx. día 1 (día 1 cerró débil)",-0.3474781181908679,2023-26
WLDS,2026-04-20,"F día 2: corto apertura, stop máx. día 1 (día 1 cerró débil)",0.027983263663160788,2023-26
WLDS,2026-07-27,"G first red day: corto al día siguiente, stop máx. día rojo",-0.1330407130628373,2023-26
WNW,2020-12-18,"G first red day: corto al día siguiente, stop máx. día rojo",0.41543178334184977,2020-22
WNW,2022-12-15,"G first red day: corto al día siguiente, stop máx. día rojo",1.9292300599354542,2020-22
WNW,2023-10-05,"F día 2: corto apertura, stop máx. día 1 (día 1 cerró débil)",0.12006037321624588,2023-26
WNW,2023-12-05,"F día 2: corto apertura, stop máx. día 1 (día 1 cerró débil)",-0.09670275590551182,2023-26
WNW,2024-01-25,"G first red day: corto al día siguiente, stop máx. día rojo",-1.07798769771529,2023-26
WNW,2024-04-10,"F día 2: corto apertura, stop máx. día 1 (día 1 cerró débil)",0.009545454545454546,2023-26
WNW,2025-04-22,"F día 2: corto apertura, stop máx. día 1 (día 1 cerró fuerte)",0.07094017094017097,2023-26
WNW,2026-05-19,"F día 2: corto apertura, stop máx. día 1 (día 1 cerró débil)",-1.0499172609969547,2023-26
WOK,2025-02-20,"F día 2: corto apertura, stop máx. día 1 (día 1 cerró débil)",0.047172557172557174,2023-26
WOK,2025-05-21,"F día 2: corto apertura, stop máx. día 1 (día 1 cerró débil)",-0.17473955214944317,2023-26
WOK,2025-12-29,"F día 2: corto apertura, stop máx. día 1 (día 1 cerró débil)",0.09109869909502262,2023-26
WPRT,2016-01-22,"G first red day: corto al día siguiente, stop máx. día rojo",0.10148156705488352,2015-19
WRAP,2020-06-03,"G first red day: corto al día siguiente, stop máx. día rojo",-0.3510281655733567,2020-22
WRAP,2024-02-05,"F día 2: corto apertura, stop máx. día 1 (día 1 cerró débil)",0.038638223012412765,2023-26
WRD,2025-02-19,"G first red day: corto al día siguiente, stop máx. día rojo",0.7529654180299008,2023-26
WSHP,2026-04-16,"F día 2: corto apertura, stop máx. día 1 (día 1 cerró débil)",0.13404641383510255,2023-26
WULF,2021-06-25,"F día 2: corto apertura, stop máx. día 1 (día 1 cerró débil)",-1.031803276074314,2020-22
WVE,2016-02-18,"F día 2: corto apertura, stop máx. día 1 (día 1 cerró débil)",-0.16118069507639132,2015-19
WVE,2022-12-15,"G first red day: corto al día siguiente, stop máx. día rojo",0.07254377803182198,2020-22
WWR,2016-08-24,"F día 2: corto apertura, stop máx. día 1 (día 1 cerró débil)",-0.0744368266405485,2015-19
WWR,2017-01-12,"G first red day: corto al día siguiente, stop máx. día rojo",-0.08571428571428572,2015-19
WWR,2019-05-23,"G first red day: corto al día siguiente, stop máx. día rojo",-0.03124028561954394,2015-19
WWR,2019-10-15,"F día 2: corto apertura, stop máx. día 1 (día 1 cerró débil)",0.025788075352882012,2015-19
WWR,2020-06-02,"F día 2: corto apertura, stop máx. día 1 (día 1 cerró débil)",-0.08458833909112025,2020-22
WWR,2020-10-06,"F día 2: corto apertura, stop máx. día 1 (día 1 cerró débil)",0.15592136105513973,2020-22
WWR,2020-10-07,"G first red day: corto al día siguiente, stop máx. día rojo",1.1028697870079485,2020-22
WWR,2025-10-15,"G first red day: corto al día siguiente, stop máx. día rojo",0.4330255386012282,2023-26
WXM,2026-08-11,"F día 2: corto apertura, stop máx. día 1 (día 1 cerró débil)",0.04938894644371914,2023-26
WYHG,2026-08-06,"F día 2: corto apertura, stop máx. día 1 (día 1 cerró débil)",0.06380370939059182,2023-26
XAIR,2026-01-13,"F día 2: corto apertura, stop máx. día 1 (día 1 cerró fuerte)",-0.16173443178052416,2023-26
XBIO,2018-06-22,"G first red day: corto al día siguiente, stop máx. día rojo",-1.055232558139535,2015-19
XBIO,2020-07-21,"G first red day: corto al día siguiente, stop máx. día rojo",0.15083451608630866,2020-22
XBIO,2020-12-09,"F día 2: corto apertura, stop máx. día 1 (día 1 cerró débil)",0.04137050790274248,2020-22
XBIO,2025-10-08,"F día 2: corto apertura, stop máx. día 1 (día 1 cerró débil)",-0.06843915930230926,2023-26
XBIT,2019-12-09,"F día 2: corto apertura, stop máx. día 1 (día 1 cerró débil)",-0.019278848437492828,2015-19
XBP,2023-12-05,"G first red day: corto al día siguiente, stop máx. día rojo",0.21962192879312453,2023-26
XBP,2023-12-14,"F día 2: corto apertura, stop máx. día 1 (día 1 cerró débil)",0.055982273014195456,2023-26
XBP,2024-05-06,"F día 2: corto apertura, stop máx. día 1 (día 1 cerró débil)",0.05464656502337996,2023-26
XBP,2024-11-12,"F día 2: corto apertura, stop máx. día 1 (día 1 cerró débil)",-0.20766668050554146,2023-26
XCH,2024-09-19,"G first red day: corto al día siguiente, stop máx. día rojo",-0.14068705626081143,2023-26
XCUR,2022-12-23,"G first red day: corto al día siguiente, stop máx. día rojo",-0.046112380972409286,2020-22
XCUR,2023-12-08,"F día 2: corto apertura, stop máx. día 1 (día 1 cerró débil)",-0.7724384224440093,2023-26
XCUR,2024-08-02,"F día 2: corto apertura, stop máx. día 1 (día 1 cerró débil)",-0.011494251403593716,2023-26
XCUR,2024-09-19,"F día 2: corto apertura, stop máx. día 1 (día 1 cerró débil)",-0.3225547236096482,2023-26
XCUR,2025-12-09,"F día 2: corto apertura, stop máx. día 1 (día 1 cerró débil)",0.28730182526011516,2023-26
XELB,2020-03-27,"G first red day: corto al día siguiente, stop máx. día rojo",-0.47255366660961684,2020-22
XHG,2022-10-13,"G first red day: corto al día siguiente, stop máx. día rojo",-1.0425117004680187,2020-22
XHG,2023-07-12,"F día 2: corto apertura, stop máx. día 1 (día 1 cerró débil)",0.021383647798742144,2023-26
XHG,2023-11-24,"F día 2: corto apertura, stop máx. día 1 (día 1 cerró débil)",0.03885793871866295,2023-26
XHG,2024-05-17,"F día 2: corto apertura, stop máx. día 1 (día 1 cerró débil)",0.18991152242924964,2023-26
XHG,2024-05-31,"F día 2: corto apertura, stop máx. día 1 (día 1 cerró débil)",-0.20590338647975812,2023-26
XHG,2024-09-30,"F día 2: corto apertura, stop máx. día 1 (día 1 cerró débil)",0.01931297709923664,2023-26
XHG,2024-10-01,"F día 2: corto apertura, stop máx. día 1 (día 1 cerró débil)",0.4802419490189605,2023-26
XHG,2024-12-19,"F día 2: corto apertura, stop máx. día 1 (día 1 cerró débil)",0.050361349007624595,2023-26
XHG,2025-01-10,"F día 2: corto apertura, stop máx. día 1 (día 1 cerró débil)",0.35212055700165884,2023-26
XHG,2026-08-13,"F día 2: corto apertura, stop máx. día 1 (día 1 cerró débil)",-0.15139172840104592,2023-26
XHLD,2025-03-24,"F día 2: corto apertura, stop máx. día 1 (día 1 cerró débil)",0.02455066454949383,2023-26
XHLD,2025-03-25,"G first red day: corto al día siguiente, stop máx. día rojo",-1.0622317546794433,2023-26
XHLD,2025-10-28,"F día 2: corto apertura, stop máx. día 1 (día 1 cerró débil)",0.006115549924136955,2023-26
XHLD,2026-01-29,"F día 2: corto apertura, stop máx. día 1 (día 1 cerró débil)",0.46746628541164453,2023-26
XLO,2024-03-28,"F día 2: corto apertura, stop máx. día 1 (día 1 cerró débil)",-0.3441258327026127,2023-26
XLO,2025-02-12,"F día 2: corto apertura, stop máx. día 1 (día 1 cerró fuerte)",0.7586071989664935,2023-26
XMAX,2016-10-04,"G first red day: corto al día siguiente, stop máx. día rojo",-0.10293567688855643,2015-19
XMAX,2017-11-13,"F día 2: corto apertura, stop máx. día 1 (día 1 cerró débil)",-0.007986688851913478,2015-19
XMAX,2021-03-11,"F día 2: corto apertura, stop máx. día 1 (día 1 cerró débil)",-0.25511234713844366,2020-22
XMAX,2023-12-28,"F día 2: corto apertura, stop máx. día 1 (día 1 cerró débil)",0.23727952688368512,2023-26
XMAX,2024-03-22,"F día 2: corto apertura, stop máx. día 1 (día 1 cerró débil)",-0.10663107230020312,2023-26
XNDU,2026-04-17,"G first red day: corto al día siguiente, stop máx. día rojo",0.1929442827937693,2023-26
XNET,2025-02-27,"F día 2: corto apertura, stop máx. día 1 (día 1 cerró débil)",-0.018411308520266605,2023-26
XNET,2025-08-19,"G first red day: corto al día siguiente, stop máx. día rojo",0.17939095607619845,2023-26
XOS,2026-06-03,"F día 2: corto apertura, stop máx. día 1 (día 1 cerró fuerte)",0.09694198699299636,2023-26
XOS,2026-08-18,"F día 2: corto apertura, stop máx. día 1 (día 1 cerró débil)",0.8206214445434494,2023-26
XPEV,2020-11-06,"G first red day: corto al día siguiente, stop máx. día rojo",0.20693429433151025,2020-22
XPON,2022-12-23,"F día 2: corto apertura, stop máx. día 1 (día 1 cerró débil)",0.06795810196870267,2020-22
XPON,2024-09-20,"F día 2: corto apertura, stop máx. día 1 (día 1 cerró débil)",0.0071328600308015406,2023-26
XPON,2024-09-24,"G first red day: corto al día siguiente, stop máx. día rojo",-0.2177265463934091,2023-26
XPON,2024-10-14,"F día 2: corto apertura, stop máx. día 1 (día 1 cerró débil)",0.08502174327875943,2023-26
XPON,2025-01-02,"F día 2: corto apertura, stop máx. día 1 (día 1 cerró débil)",-0.05904518164904851,2023-26
XPON,2025-08-14,"F día 2: corto apertura, stop máx. día 1 (día 1 cerró débil)",0.021994509358271356,2023-26
XPON,2026-08-24,"F día 2: corto apertura, stop máx. día 1 (día 1 cerró débil)",0.02632492490136163,2023-26
XRTX,2022-07-13,"F día 2: corto apertura, stop máx. día 1 (día 1 cerró débil)",-0.375440157959875,2020-22
XRTX,2023-10-20,"F día 2: corto apertura, stop máx. día 1 (día 1 cerró débil)",0.0767291067938217,2023-26
XRTX,2023-10-23,"G first red day: corto al día siguiente, stop máx. día rojo",-0.5231267063364814,2023-26
XRTX,2024-03-07,"G first red day: corto al día siguiente, stop máx. día rojo",-0.08503940011572649,2023-26
XRX,2026-05-04,"G first red day: corto al día siguiente, stop máx. día rojo",-0.18084817089312752,2023-26
XTIA,2016-05-20,"G first red day: corto al día siguiente, stop máx. día rojo",-0.2971344584733776,2015-19
XTIA,2016-12-12,"G first red day: corto al día siguiente, stop máx. día rojo",0.01715060717252006,2015-19
XTIA,2017-09-27,"G first red day: corto al día siguiente, stop máx. día rojo",0.3713696759753688,2015-19
XTIA,2018-01-09,"F día 2: corto apertura, stop máx. día 1 (día 1 cerró débil)",0.6080586854347042,2015-19
XTIA,2018-01-17,"G first red day: corto al día siguiente, stop máx. día rojo",-0.17390421670521589,2015-19
XTIA,2018-09-27,"G first red day: corto al día siguiente, stop máx. día rojo",0.06587871393563882,2015-19
XTIA,2019-04-10,"F día 2: corto apertura, stop máx. día 1 (día 1 cerró débil)",0.1259919837737253,2015-19
XTIA,2019-12-19,"G first red day: corto al día siguiente, stop máx. día rojo",0.6284367635506677,2015-19
XTIA,2020-01-03,"F día 2: corto apertura, stop máx. día 1 (día 1 cerró débil)",2.658144294312196,2020-22
XTIA,2020-01-06,"G first red day: corto al día siguiente, stop máx. día rojo",0.0038632040976495806,2020-22
XTIA,2022-09-26,"F día 2: corto apertura, stop máx. día 1 (día 1 cerró débil)",0.20692974013474494,2020-22
XTIA,2022-10-17,"F día 2: corto apertura, stop máx. día 1 (día 1 cerró fuerte)",1.4269639934533551,2020-22
XTIA,2023-04-14,"F día 2: corto apertura, stop máx. día 1 (día 1 cerró débil)",0.09793656020195368,2023-26
XTIA,2023-04-17,"G first red day: corto al día siguiente, stop máx. día rojo",0.18909109498006338,2023-26
XTIA,2023-07-25,"F día 2: corto apertura, stop máx. día 1 (día 1 cerró fuerte)",0.18146295717411692,2023-26
XTIA,2024-01-12,"F día 2: corto apertura, stop máx. día 1 (día 1 cerró débil)",-0.19145299145299147,2023-26
XTIA,2024-04-04,"G first red day: corto al día siguiente, stop máx. día rojo",1.6986908358509567,2023-26
XTIA,2024-06-05,"F día 2: corto apertura, stop máx. día 1 (día 1 cerró débil)",0.12320724273933309,2023-26
XTIA,2024-07-01,"F día 2: corto apertura, stop máx. día 1 (día 1 cerró débil)",-0.08002525252525253,2023-26
XTIA,2025-01-07,"F día 2: corto apertura, stop máx. día 1 (día 1 cerró débil)",0.045454545454545456,2023-26
XTIA,2025-01-08,"G first red day: corto al día siguiente, stop máx. día rojo",0.08074123854671861,2023-26
XTLB,2021-03-05,"F día 2: corto apertura, stop máx. día 1 (día 1 cerró débil)",0.058270824371460264,2020-22
XTLB,2025-10-09,"G first red day: corto al día siguiente, stop máx. día rojo",0.5176547319992659,2023-26
XTLB,2026-04-29,"F día 2: corto apertura, stop máx. día 1 (día 1 cerró débil)",-0.26687520811228993,2023-26
XTNT,2020-05-21,"F día 2: corto apertura, stop máx. día 1 (día 1 cerró débil)",0.012171758148892495,2020-22
XTNT,2020-10-02,"F día 2: corto apertura, stop máx. día 1 (día 1 cerró débil)",-0.13872879395536972,2020-22
XWEL,2020-03-20,"F día 2: corto apertura, stop máx. día 1 (día 1 cerró débil)",0.285714524767555,2020-22
XWEL,2020-03-25,"F día 2: corto apertura, stop máx. día 1 (día 1 cerró débil)",-0.047031632870205085,2020-22
XWEL,2020-04-06,"F día 2: corto apertura, stop máx. día 1 (día 1 cerró débil)",0.12536242161280142,2020-22
XWEL,2020-05-22,"F día 2: corto apertura, stop máx. día 1 (día 1 cerró débil)",0.2593170352696761,2020-22
XWEL,2020-06-05,"F día 2: corto apertura, stop máx. día 1 (día 1 cerró débil)",-0.18805006315154987,2020-22
XWEL,2026-02-25,"F día 2: corto apertura, stop máx. día 1 (día 1 cerró fuerte)",-0.49946656383805094,2023-26
XXI,2025-04-28,"G first red day: corto al día siguiente, stop máx. día rojo",-0.2864869401261611,2023-26
XXII,2022-06-24,"G first red day: corto al día siguiente, stop máx. día rojo",-0.15170019679861738,2020-22
XXII,2024-09-13,"F día 2: corto apertura, stop máx. día 1 (día 1 cerró débil)",0.03051517742625053,2023-26
XXII,2025-04-09,"F día 2: corto apertura, stop máx. día 1 (día 1 cerró débil)",0.018081112686042553,2023-26
XXII,2025-07-17,"F día 2: corto apertura, stop máx. día 1 (día 1 cerró débil)",0.095116520136676,2023-26
YAAS,2025-09-24,"F día 2: corto apertura, stop máx. día 1 (día 1 cerró débil)",-0.10227870436414276,2023-26
YAAS,2026-04-27,"F día 2: corto apertura, stop máx. día 1 (día 1 cerró fuerte)",0.09625285032197749,2023-26
YAAS,2026-07-30,"F día 2: corto apertura, stop máx. día 1 (día 1 cerró débil)",-0.015378541604248024,2023-26
YARW,2020-03-23,"G first red day: corto al día siguiente, stop máx. día rojo",0.2551948051948051,2020-22
YARW,2021-01-25,"F día 2: corto apertura, stop máx. día 1 (día 1 cerró débil)",0.04901960784313724,2020-22
YARW,2023-01-10,"F día 2: corto apertura, stop máx. día 1 (día 1 cerró débil)",0.02622642379781691,2023-26
YARW,2025-12-17,"F día 2: corto apertura, stop máx. día 1 (día 1 cerró débil)",0.1986206896551724,2023-26
YCBD,2023-12-29,"F día 2: corto apertura, stop máx. día 1 (día 1 cerró débil)",-0.08009762749463929,2023-26
YDES,2025-08-29,"F día 2: corto apertura, stop máx. día 1 (día 1 cerró fuerte)",-0.2625362134749338,2023-26
YDKG,2024-07-31,"G first red day: corto al día siguiente, stop máx. día rojo",-1.0363636363636364,2023-26
YDKG,2024-10-30,"G first red day: corto al día siguiente, stop máx. día rojo",0.6144230769230765,2023-26
YDKG,2025-03-17,"F día 2: corto apertura, stop máx. día 1 (día 1 cerró fuerte)",0.8183085501858736,2023-26
YFOR,2026-08-26,"F día 2: corto apertura, stop máx. día 1 (día 1 cerró fuerte)",0.13047237523415664,2023-26
YHC,2023-10-16,"F día 2: corto apertura, stop máx. día 1 (día 1 cerró débil)",0.033997230099584524,2023-26
YHC,2025-05-12,"F día 2: corto apertura, stop máx. día 1 (día 1 cerró débil)",0.03501816980508755,2023-26
YHGJ,2020-06-12,"F día 2: corto apertura, stop máx. día 1 (día 1 cerró débil)",0.010773909264269506,2020-22
YHGJ,2020-06-15,"G first red day: corto al día siguiente, stop máx. día rojo",-1.0610328443942274,2020-22
YHGJ,2020-06-24,"F día 2: corto apertura, stop máx. día 1 (día 1 cerró débil)",-0.13718197845125596,2020-22
YHGJ,2021-02-23,"F día 2: corto apertura, stop máx. día 1 (día 1 cerró débil)",-0.14361703750935007,2020-22
YI,2021-02-11,"G first red day: corto al día siguiente, stop máx. día rojo",0.05831639661265426,2020-22
YI,2025-01-24,"F día 2: corto apertura, stop máx. día 1 (día 1 cerró fuerte)",-0.03397826984728438,2023-26
YIBO,2024-10-09,"G first red day: corto al día siguiente, stop máx. día rojo",0.19999966365960598,2023-26
YIBO,2025-01-28,"F día 2: corto apertura, stop máx. día 1 (día 1 cerró débil)",0.2266144056936584,2023-26
YIBO,2025-01-29,"G first red day: corto al día siguiente, stop máx. día rojo",0.5505952380952382,2023-26
YJ,2023-06-02,"F día 2: corto apertura, stop máx. día 1 (día 1 cerró débil)",0.18640299442288863,2023-26
YJ,2026-08-19,"F día 2: corto apertura, stop máx. día 1 (día 1 cerró débil)",-0.07422912176572817,2023-26
YMAT,2026-05-12,"G first red day: corto al día siguiente, stop máx. día rojo",-1.0558064556618016,2023-26
YMAT,2026-05-15,"G first red day: corto al día siguiente, stop máx. día rojo",0.0381959457939047,2023-26
YMAT,2026-05-26,"F día 2: corto apertura, stop máx. día 1 (día 1 cerró débil)",-0.03698540790596327,2023-26
YMAT,2026-06-17,"F día 2: corto apertura, stop máx. día 1 (día 1 cerró débil)",-0.011086012586606518,2023-26
YOUL,2025-09-09,"F día 2: corto apertura, stop máx. día 1 (día 1 cerró débil)",0.08539412651951785,2023-26
YQ,2020-12-10,"G first red day: corto al día siguiente, stop máx. día rojo",0.1349196661728873,2020-22
YQ,2022-12-20,"G first red day: corto al día siguiente, stop máx. día rojo",-0.0068711578759482065,2020-22
YXT,2026-04-17,"F día 2: corto apertura, stop máx. día 1 (día 1 cerró débil)",-0.4143791088869219,2023-26
YXT,2026-08-05,"F día 2: corto apertura, stop máx. día 1 (día 1 cerró fuerte)",-0.005975219668967422,2023-26
YYAI,2022-10-04,"F día 2: corto apertura, stop máx. día 1 (día 1 cerró débil)",-0.03165137614678899,2020-22
YYAI,2022-10-14,"F día 2: corto apertura, stop máx. día 1 (día 1 cerró débil)",0.038766114180478824,2020-22
YYAI,2023-09-19,"F día 2: corto apertura, stop máx. día 1 (día 1 cerró fuerte)",-0.029994419642857144,2023-26
YYAI,2024-01-31,"F día 2: corto apertura, stop máx. día 1 (día 1 cerró débil)",-0.0581039755351682,2023-26
YYAI,2024-04-16,"G first red day: corto al día siguiente, stop máx. día rojo",-0.270199370409234,2023-26
YYAI,2025-02-24,"F día 2: corto apertura, stop máx. día 1 (día 1 cerró débil)",0.08729062338110861,2023-26
YYAI,2025-07-29,"G first red day: corto al día siguiente, stop máx. día rojo",-0.4236855538540072,2023-26
YYAI,2025-10-08,"F día 2: corto apertura, stop máx. día 1 (día 1 cerró débil)",0.38541537699640965,2023-26
YYAI,2025-10-22,"F día 2: corto apertura, stop máx. día 1 (día 1 cerró fuerte)",0.05253940455341506,2023-26
YYAI,2026-08-03,"F día 2: corto apertura, stop máx. día 1 (día 1 cerró débil)",-0.076724761430516,2023-26
ZBAO,2024-12-06,"F día 2: corto apertura, stop máx. día 1 (día 1 cerró débil)",-0.12831953275022026,2023-26
ZBAO,2026-07-10,"F día 2: corto apertura, stop máx. día 1 (día 1 cerró débil)",0.08349182331282987,2023-26
ZBAO,2026-07-31,"F día 2: corto apertura, stop máx. día 1 (día 1 cerró débil)",-1.0158924224164085,2023-26
ZCMD,2021-03-17,"F día 2: corto apertura, stop máx. día 1 (día 1 cerró débil)",0.1297874423869716,2020-22
ZCMD,2024-04-19,"F día 2: corto apertura, stop máx. día 1 (día 1 cerró débil)",0.1812301486051915,2023-26
ZCMD,2024-09-30,"F día 2: corto apertura, stop máx. día 1 (día 1 cerró fuerte)",-1.0517578192830708,2023-26
ZCMD,2024-12-11,"G first red day: corto al día siguiente, stop máx. día rojo",-0.16833347334229387,2023-26
ZCMD,2026-07-06,"F día 2: corto apertura, stop máx. día 1 (día 1 cerró débil)",-0.3095790093802415,2023-26
ZCMD,2026-07-22,"F día 2: corto apertura, stop máx. día 1 (día 1 cerró débil)",0.23754329571847796,2023-26
ZD,2026-03-03,"F día 2: corto apertura, stop máx. día 1 (día 1 cerró débil)",-0.21752710818940763,2023-26
ZDAI,2024-11-26,"F día 2: corto apertura, stop máx. día 1 (día 1 cerró fuerte)",0.1444735312614902,2023-26
ZDGE,2020-03-13,"F día 2: corto apertura, stop máx. día 1 (día 1 cerró débil)",0.8997988926367105,2020-22
ZDGE,2020-10-23,"F día 2: corto apertura, stop máx. día 1 (día 1 cerró débil)",-0.527455281534829,2020-22
ZDGE,2021-02-10,"G first red day: corto al día siguiente, stop máx. día rojo",0.12641342405214806,2020-22
ZENA,2024-10-11,"F día 2: corto apertura, stop máx. día 1 (día 1 cerró débil)",-0.01315790672062092,2023-26
ZENA,2024-10-24,"F día 2: corto apertura, stop máx. día 1 (día 1 cerró débil)",-0.18371750137095796,2023-26
ZENA,2024-11-26,"F día 2: corto apertura, stop máx. día 1 (día 1 cerró fuerte)",0.19132008528217742,2023-26
ZENA,2024-11-27,"G first red day: corto al día siguiente, stop máx. día rojo",-1.0304405259159761,2023-26
ZEO,2024-09-19,"F día 2: corto apertura, stop máx. día 1 (día 1 cerró débil)",-0.0847825497745621,2023-26
ZEO,2024-12-09,"F día 2: corto apertura, stop máx. día 1 (día 1 cerró fuerte)",-0.719230954745806,2023-26
ZEO,2025-01-17,"F día 2: corto apertura, stop máx. día 1 (día 1 cerró débil)",0.041058297606207,2023-26
ZEO,2025-05-29,"F día 2: corto apertura, stop máx. día 1 (día 1 cerró fuerte)",-0.3524789605859237,2023-26
ZEO,2026-09-23,"G first red day: corto al día siguiente, stop máx. día rojo",-0.04138837472798193,2023-26
ZJK,2024-12-03,"F día 2: corto apertura, stop máx. día 1 (día 1 cerró débil)",0.07448791939601035,2023-26
ZJYL,2023-11-22,"G first red day: corto al día siguiente, stop máx. día rojo",-0.5835909694828498,2023-26
ZJYL,2023-12-19,"F día 2: corto apertura, stop máx. día 1 (día 1 cerró débil)",-0.12395692470973473,2023-26
ZJYL,2024-01-26,"G first red day: corto al día siguiente, stop máx. día rojo",0.20811125859244062,2023-26
ZJYL,2026-08-10,"F día 2: corto apertura, stop máx. día 1 (día 1 cerró débil)",-0.28173895430819235,2023-26
ZKIN,2017-12-28,"F día 2: corto apertura, stop máx. día 1 (día 1 cerró débil)",-0.0013841137356974576,2015-19
ZKIN,2019-02-04,"F día 2: corto apertura, stop máx. día 1 (día 1 cerró débil)",0.06066994259533551,2015-19
ZKIN,2020-11-25,"F día 2: corto apertura, stop máx. día 1 (día 1 cerró débil)",-0.21602163736899918,2020-22
ZKIN,2025-01-31,"F día 2: corto apertura, stop máx. día 1 (día 1 cerró fuerte)",-0.43628754312518553,2023-26
ZKIN,2025-05-09,"F día 2: corto apertura, stop máx. día 1 (día 1 cerró fuerte)",0.4172692232041407,2023-26
ZKIN,2025-05-12,"G first red day: corto al día siguiente, stop máx. día rojo",0.06969288476288878,2023-26
ZNB,2016-07-22,"F día 2: corto apertura, stop máx. día 1 (día 1 cerró débil)",0.060625225876400436,2015-19
ZNB,2017-11-16,"F día 2: corto apertura, stop máx. día 1 (día 1 cerró fuerte)",0.20520156046814045,2015-19
ZNB,2020-02-14,"F día 2: corto apertura, stop máx. día 1 (día 1 cerró débil)",-0.06120826709062003,2020-22
ZNB,2020-06-11,"F día 2: corto apertura, stop máx. día 1 (día 1 cerró débil)",0.11425843411839592,2020-22
ZNB,2020-06-24,"F día 2: corto apertura, stop máx. día 1 (día 1 cerró débil)",0.06760741364785172,2020-22
ZNB,2020-09-01,"G first red day: corto al día siguiente, stop máx. día rojo",0.7117420596727623,2020-22
ZNB,2021-03-30,"F día 2: corto apertura, stop máx. día 1 (día 1 cerró débil)",-0.058368924140736224,2020-22
ZNB,2024-12-26,"F día 2: corto apertura, stop máx. día 1 (día 1 cerró débil)",0.12193794229722374,2023-26
ZNB,2025-08-22,"F día 2: corto apertura, stop máx. día 1 (día 1 cerró débil)",-0.01717437633195437,2023-26
ZNB,2025-09-04,"F día 2: corto apertura, stop máx. día 1 (día 1 cerró débil)",-0.0075826508947528055,2023-26
ZNB,2025-10-07,"F día 2: corto apertura, stop máx. día 1 (día 1 cerró débil)",0.02399088346428357,2023-26
ZNTL,2024-09-16,"F día 2: corto apertura, stop máx. día 1 (día 1 cerró débil)",-0.21542133203220515,2023-26
ZNTL,2026-04-13,"G first red day: corto al día siguiente, stop máx. día rojo",0.21331474606221879,2023-26
ZOOZ,2025-09-19,"F día 2: corto apertura, stop máx. día 1 (día 1 cerró débil)",0.07538524524415594,2023-26
ZSQR,2024-12-26,"F día 2: corto apertura, stop máx. día 1 (día 1 cerró débil)",-0.14806559466647906,2023-26
ZSTK,2025-09-22,"F día 2: corto apertura, stop máx. día 1 (día 1 cerró débil)",0.6330489508135054,2023-26
ZTG,2026-09-16,"F día 2: corto apertura, stop máx. día 1 (día 1 cerró débil)",-0.07141742384548708,2023-26
ZURA,2025-10-01,"G first red day: corto al día siguiente, stop máx. día rojo",-0.4347246665287485,2023-26
ZVRA,2021-03-03,"F día 2: corto apertura, stop máx. día 1 (día 1 cerró débil)",0.2208965444975161,2020-22
ZYBT,2025-04-21,"G first red day: corto al día siguiente, stop máx. día rojo",-0.3355436522549288,2023-26
ZYBT,2026-07-20,"F día 2: corto apertura, stop máx. día 1 (día 1 cerró fuerte)",0.36354717292711874,2023-26
