ts,mint,precio,mc,liq,compras_m5,ventas_m5,compradores_m5,vendedores_m5,vol_m5,var_m5,var_h1
2026-09-27T23:45:10+00:00,HCy7vxTApN2Lcv6Rw1MZazXsEofXFLxWCVbJBhF8pump,3.10218874974939e-05,31021.8873992407,15760.466,2,2,2,2,95.9200845907,0.783,2.255
2026-09-27T23:45:10+00:00,B2kipu1WYBPBDQrCX5yv9p7dhjhG1FwwnxBjUDhSkbdG,0.00016402619788756344,163755.037269652,39278.5488,7,10,5,8,385.3275503331,-1.448,-8.166
2026-09-27T23:45:10+00:00,ACnXGZwP4DKHEcYMmX1TQv2wCpwWdQog9iZ4G1Tpump,3.1452196513732466e-06,3129.3684688511,3267.7311,0,0,0,0,0.0,0.0,0.0
2026-09-27T23:45:10+00:00,GBNCTFPnVCh852xrnjJLi2eVpPb3LW59ZGiSkvjDEqN,0.00036166073042734933,361660.7304,0.0122,0,0,0,0,0.0,0.0,0.0
2026-09-27T23:45:10+00:00,5zfBmzXxtwq3e2hw6TGebcwycvVHNpaC1te7u56jCE1G,9.79438412370786e-06,9733.1832463682,7657.1377,0,1,0,1,52.6385395354,0.0,-1.897
2026-09-27T23:45:10+00:00,5cg6QnabuagTDFyqt6GmYjsYaLmcPc7X4WCoeCS3pump,2.19417479007777e-06,2184.1567168613,2216.6933,0,0,0,0,0.0,0.0,0.0
2026-09-27T23:45:10+00:00,3iUTyNYW6xKv5kZUjtbrEDTsuJTrSVwvB3bQtxkLpump,0.0011811000372804578,1179799.434,120151.9852,47,30,37,19,7737.0955668421,-4.317,27.113
2026-09-27T23:45:10+00:00,BmExgUDRid7NTnN1iLb3KnTug3Ma6adYsKyF9zfaPc39,0.0001913223756635885,189703.8982,40881.7972,0,0,0,0,0.0,0.0,0.0
2026-09-27T23:45:10+00:00,ChQY9KmYmNMHdDCztFNmdvUmtPB2uuVt3pEVSUD1pump,3.4371772974308865e-06,3371.2652567654,3507.1331,0,0,0,0,0.0,0.0,0.0
2026-09-27T23:45:10+00:00,9WAUA7LQqzoiYnLzEECk6zRoT8Mse7pJp1R1RHX48mQm,7.106130640481492e-05,69272.8998273455,56904.5071,0,0,0,0,0.0,0.0,0.0
2026-09-27T23:45:10+00:00,DYY3bjoJ9jgE6qigS6hdEsc8NBmMFL1SHEvw8hJtasw,3.4968669258211037e-06,349544.6616,2.09123231984937e-07,0,0,0,0,0.0,0.0,0.0
2026-09-27T23:45:10+00:00,CWsyVkoRHbywhL17QtNZTMhXaRrh4AcBb5GurXqmreLS,4.1911881961006586e-05,4191188.196,7.04073409018026e-07,0,0,0,0,0.0,0.0,7.505
2026-09-27T23:45:10+00:00,2GsbPfFTaNWcpVn9Nij44wDdWyZA5EazhYHN5dffGVvY,4.495781087097652e-05,4495781.087,7.12580237865612e-07,0,0,0,0,0.0,0.0,13.863
2026-09-27T23:45:10+00:00,38CqdxjLaZH6Yv4bBEbz1dr1GgctCF23rjbU5qmUYqrq,4.307607443450418e-05,4307607.443,8.852072698e-07,0,0,0,0,0.0,0.0,11.76
2026-09-27T23:45:10+00:00,CC5D6puFmcsnGaJh7kNXeAcRpL2SZzQfoQezvx45uKjt,0.00030021884553857784,300218.8455,57098.2023,27,22,20,19,1971.318140001,7.422,-18.559
2026-09-27T23:45:10+00:00,GytZU2HrRuUPLy2xZa29oUBBJzp6ErMUStEAR5cjhNB9,0.00010295146848137648,105801.7693,8.94188636893592e-07,0,0,0,0,0.0,0.0,0.0
2026-09-27T23:45:10+00:00,3kFMiBqiLLhChGKTdjq7mNbjjzq93ecQrDWN7ruc7YBo,4.224601339014979e-06,4224.601339,4020.629,0,0,0,0,0.0,0.0,-1.045
2026-09-27T23:45:10+00:00,4TetqPfYjTxVCK2732K2boPMJK9HuF71a32E9r4atij3,0.0314141997102321,31414199.7414142,3.970815684e-06,0,0,0,0,0.0,0.0,0.0
2026-09-27T23:45:10+00:00,H2UcfqHubJJxdzEZxZgKr9E8ZjXm2xd4mDyfiRcspump,2.363325021344395e-06,2363.325021,2359.0127,0,0,0,0,0.0,0.0,0.0
2026-09-27T23:45:10+00:00,DAF4QargatxR2rAqe237KJK4k63DNYaxMbRujSEgAoeA,0.00043900030174553355,439000.3017,1.666893558e-06,0,0,0,0,0.0,0.0,0.0
2026-09-27T23:45:10+00:00,F4K2SbLNgyz9gzNqT8bPeLpRkxy4oMA9twaffUDdZtB6,0.00040077950257116836,417450.0883,79153.949,20,10,12,8,2675.534750528,9.402,27.601
2026-09-27T23:45:10+00:00,6uPEdkU2xPg1iyfLzV1ssUwvve8nndA2sd6nBFrb1n58,0.00010372542919340938,99983.2855828039,33340.3555,85,61,67,54,9436.5914217738,-15.89,-53.377
2026-09-27T23:45:10+00:00,4mgGg9zy7krWaGDj9TaFra4R5LUUJXtWYyevFBwdeJyf,2.2034210663031085e-06,2194.2716723314,2251.5652,0,0,0,0,0.0,0.0,0.0
2026-09-27T23:45:10+00:00,6XnC2YXRnvT8Nx16Kny61sz3UgGjWGRKsGomTDRe8haa,2.711780716212622e-05,27418.722321571,14192.5539,11,6,11,6,648.4030688818,2.446,-27.656
2026-09-27T23:45:10+00:00,tbexi2NANoovGUyzNZEY8iJEAXwDgSDijuSLfAApump,2.2211711892953917e-06,2206.1227160215,2190.4936,0,0,0,0,0.0,0.0,0.0
2026-09-27T23:45:10+00:00,2xrw9WoHD5EWPT77rgYdubFGCxySPQxtbP69XWmU8eBM,4.7116490472300125e-05,47116.49047,0.0,0,0,0,0,0.0,0.0,0.0
2026-09-27T23:45:10+00:00,DAemPFNc3RtibBDKkUA4eL2Ns11q9VRdbpptmqm8DGqN,0.00022381707666884327,227104.3953,53205.2164,19,18,16,15,1482.1883648617,0.516,27.988
2026-09-27T23:45:10+00:00,J1yxV53EmVRmt9RUj6PPufMfdAYUbtgwXCuNYTBTsYzJ,0.00017476228019386395,170945.0013,48326.3327,38,39,33,31,8174.2323967695,-8.22,-17.531
2026-09-27T23:45:10+00:00,38ALUy9vcgFKfGnaNwbsKewxW2YEhvJHTUeNgHU1tycS,5.6432600762443655e-05,56218.10032,23005.2016,0,0,0,0,0.0,0.0,0.0
2026-09-27T23:45:10+00:00,BNPEa7C53BvqYJxvhpSRvae3jQUSGSYrgVijnX1Ec777,0.003662982492014377,3662982.492,6.464171646e-07,0,0,0,0,0.0,0.0,0.0
2026-09-27T23:45:10+00:00,71RDTAQ6sPNMZXf3fuWEcbP8BmG1KV8jvh1yQD1Wau2y,0.003782771112008675,3782771.112,6.33500449722787e-07,0,0,0,0,0.0,0.0,0.0
2026-09-27T23:45:10+00:00,E1CNn65e5J9R5YH8ZJTPCaAd16QHJzRtFecCCAEAwS8z,0.0042571742719839855,4257174.272,6.33351832114218e-07,0,0,0,0,0.0,0.0,0.0
2026-09-27T23:45:10+00:00,CSnG7fy9W8CZ4Um4tXFwHG1eSV8RWGPraEhRbvX5kjKv,4.9865612888377085e-05,49865.61289,0.0,0,0,0,0,0.0,0.0,0.0
2026-09-27T23:45:10+00:00,CazHcRRKaE1Wa4phXayEdPE6YDACPNY4cwDeW1dBkfgn,0.0037006700439254974,3700670.044,6.3283858911548e-07,0,0,0,0,0.0,0.0,0.0
2026-09-27T23:45:10+00:00,FJ6nMZFu2EqgBcYwjfA9uwAcE8PBLYTJmHX4WBnP4qvH,1.46943440613648e-05,13940.5671968673,11947.0387,1,1,1,1,6.0058733912,-13.759,-15.771
2026-09-27T23:45:10+00:00,99WxCfiVSpFKpALnFhhT7uh1YKjjsQztLkRvGrDUPeng,3.072338351638051e-06,3072.338352,3016.6975,0,0,0,0,0.0,0.0,-0.724
2026-09-27T23:45:10+00:00,GP8CWb472uCzJdUwKh1rQs8Aoizte19MbqeM4NPi4Qh6,1.2350957253522123e-05,12350.95725,12227.2156,0,0,0,0,0.0,0.0,0.0
2026-09-27T23:45:10+00:00,DFjPTTAAnet9hnkjDNEbb5z1TVFoHebWBKMfxMb5wi9V,1.295639498168937e-05,12956.39498,13588.6248,0,0,0,0,0.0,0.0,0.0
2026-09-27T23:45:10+00:00,Cgi54CNpHaYn4smqLH5tW8X5QxssMvi592My3tRoiHfX,0.00011358640019568995,113586.4002,30887.2179,6,17,6,13,812.697272385,-5.261,-4.601
2026-09-27T23:45:10+00:00,2zSroydg93rpA7poQjPwhCMAx6iW3HM6MuR4LrWopump,2.192963993714528e-06,2183.9728686475,2259.0422,0,0,0,0,0.0,0.0,0.0
2026-09-27T23:45:10+00:00,8Z4dayPJpM2noUpHfGVivVRmVXGcyx47HHstjNvVnuq9,0.00017793415493335324,177934.146359161,1.1453154344286e-06,0,0,0,0,0.0,0.0,0.0
2026-09-27T23:45:10+00:00,Dwu8Jbw2ZtyKXAdfa71AMKqjuuzyPPniXEe9byKzbwQ9,7.483685403566474e-06,7483.685404,0.00482496074943477,0,0,0,0,0.0,0.0,0.0
2026-09-27T23:45:10+00:00,7tEsDuij7aj4b2jLUAS5oXcp6B3zWratYVmviS5zpump,0.00036221439998088313,359807.599731646,61354.3175,31,39,26,30,6319.2721657541,-4.568,-25.578
2026-09-27T23:45:10+00:00,E944rK64mgtLB9c2X8cuaMEHVdfxMtr6HURMLAZ59zWC,0.000684821563942031,684821.5639,2.09345453638836e-06,0,0,0,0,0.0,0.0,0.0
2026-09-27T23:45:10+00:00,BktmcCNmK6fxbFhA5HwtpDAtEZ3cfpr5zaoFMgWziUVG,0.0003278178195058139,331721.0369,1.72641963426241e-06,0,0,0,0,0.0,0.0,0.0
2026-09-27T23:45:10+00:00,HFC9vq83rXjinp7dg8Dx1dnwca9LoaTK1zTonnZxTKgM,0.000376517000645144,376517.0006,1.19571661321501e-05,0,0,0,0,0.0,0.0,0.0
2026-09-27T23:45:10+00:00,FUKX4RajeVJeWBigzVBh97p7UKB86oBC8P7uqp7DtmB1,0.00019875851632945193,186559.6947,1.20537962253708e-06,0,0,0,0,0.0,0.0,0.0
2026-09-27T23:45:10+00:00,ChyCbmYAtbkzJbttDVrUJNDVXD1oxy5BrY18fkMq5wH5,3.613812416532774e-05,36138.12417,4.60319304649865e-07,0,0,0,0,0.0,0.0,0.0
2026-09-27T23:45:10+00:00,DgcshFJxwpx8wdHq1FeVFpF6JkAgFincYeyTHTwPE3Q7,3.367602057704049e-05,33574.16459,55313.9601,0,0,0,0,0.0,0.0,0.0
2026-09-27T23:45:10+00:00,133ZoZ2jHzJ3gTfYAkvLdNKadpzcGQqb6d4PQZyyiodi,0.0005296363259017966,480.1985816,0.00445,0,0,0,0,0.0,0.0,0.0
2026-09-27T23:45:10+00:00,3YctFnSKjqujVdMuNp22d9ZcCgyXxgbtcGmNSzg3WZgw,0.010319288149116562,10286935.61,159669.4189,461,407,96,41,264117.104906161,6.184,15.205
2026-09-27T23:45:10+00:00,2WXCWg6wt4eYUoGmXq3U39cFcALBfoiknVGKKWyapump,2.7505488207464984e-06,2684.3618055213,3201.5786,0,1,0,1,2.750548821e-05,0.0,-0.729
2026-09-27T23:45:10+00:00,pjHAdwFceSYWgEecSBc9wVHwYAyeKD8HFm7FajLpump,2.166218449103006e-06,2157.5724360739,2187.9073,0,0,0,0,0.0,0.0,0.0
2026-09-27T23:45:10+00:00,8HnLRKJ6XkeGq1tpmKPqn3yB5ruqbSR5LR5nVCNAshop,8.003448734269165e-05,79472.7407891142,27051.9395,3,8,3,8,428.728590389,-4.213,13.904
2026-09-27T23:45:10+00:00,6KaprXhTqtGQDRijpjPg36QJ7i9Ewt4NAmjv8twU5tSH,0.0001964765552312353,194016.7361,1.12902681034999e-06,0,0,0,0,0.0,0.0,0.0
2026-09-27T23:45:10+00:00,GUuw78fGcaCu3HCbYP91T3WfUeaPansbPXzsyLwrpump,2.171545271474739e-06,2161.402984573,2173.5394,0,0,0,0,0.0,0.0,0.0
2026-09-27T23:45:10+00:00,WvRemAJimtxHbxSu9MTAijoiwqBw8VJyAWrB3x5pump,2.192032591576241e-06,2173.4440467367,2220.8086,0,0,0,0,0.0,0.0,0.0
2026-09-27T23:45:10+00:00,FiLrNu8Cee9naYei81XdsKBJDZNb5kJJsGWoK53WYVuF,0.000189747729764466,191308.0668,1.16962256e-06,0,0,0,0,0.0,0.0,0.0
2026-09-27T23:45:10+00:00,8XDD33SKSzM7GE7oFecv8UdhfDuV9AUSqcCDC5LQpump,6.491346805804408e-05,64913.46806,6.43436231171361e-07,0,0,0,0,0.0,0.0,0.0
2026-09-27T23:45:10+00:00,9ajUQYkyUb54B5AWhx3yfdRiMUG4ynR5omc3aNXTSXpG,5.716772380244721e-05,57517.19987,6.306554348e-07,0,0,0,0,0.0,0.0,0.0
2026-09-27T23:45:10+00:00,4WBpkZtNbGxZpS7z9i7tL6WsWyRG8F5xMZssLAtmgqUf,5.8699650224319606e-05,58699.65022,23468.8438,0,0,0,0,0.0,0.0,0.0
2026-09-27T23:45:10+00:00,BHatrvaBF2p3oWh5VLfNGSAAqMWcezeCJ1D2F9bYmqmY,3.507018098263618e-05,35419.7163262592,0.000290014187682659,0,0,0,0,0.0,0.0,0.0
2026-09-27T23:45:10+00:00,AzzCRDu99QeTgLCHmqQTgM8quLLiodjXVJ5FN5wEpump,2.6926012173352704e-06,2617.8953501272,2818.7994,0,0,0,0,0.0,0.0,-1.551
2026-09-27T23:45:10+00:00,Bt7PJzFGHTTBgHzG7HubEGweKv4kzYZpMNhzxAZZt9xE,5.9704350141590285e-05,59704.35014,0.0,0,0,0,0,0.0,0.0,0.0
2026-09-27T23:45:10+00:00,3YYWjrJqC4Z5SnjmYVGN4j6qPoa7prnxhy324BTntoN2,1.2511069338535274e-05,12531.428795949,22716.1875,0,0,0,0,0.0,0.0,0.0
2026-09-27T23:45:10+00:00,CC5tKEhAyBHey4GJkV9i4SqPugKmhHN7K4iEdDKnzFV8,6.567528581536473e-05,65675.28582,21685.479,0,0,0,0,0.0,0.0,0.044
2026-09-27T23:45:10+00:00,Z8x3hqaPdvWxpHgxtjykUSMd2JBW9A8SdZ8b1vrpump,3.036324222588315e-06,3020.6824181871,3119.7586,0,0,0,0,0.0,0.0,0.0
2026-09-27T23:45:10+00:00,GSfvvcfB5AdC6sLgnwuFkCYc93xTxRjVYizx2ZqD1R4h,0.0001572465302063095,157303.9065,9.405080254e-07,0,0,0,0,0.0,0.0,0.0
2026-09-27T23:45:10+00:00,DHY3zbRpo3kT33fDPjqBJaJECJw5Ri7yWVyEcZEqx6NX,0.000350321673960027,328226.0193,1.270509735e-06,0,0,0,0,0.0,0.0,0.0
2026-09-27T23:45:10+00:00,FQjTXyY8aQVbaYSpcjfp8NCk4kifEwysGL698HZatRew,2.7752813600453537e-05,28002.3134060046,4.320292785e-07,0,0,0,0,0.0,0.0,0.0
2026-09-27T23:45:10+00:00,7XjAEtbUTeuutYYUiEQRbkyTemNWqS2Ts8pK5kgFft78,4.828237826853089e-06,4805.7145973259,4152.2397,0,0,0,0,0.0,0.0,0.0
2026-09-27T23:45:10+00:00,Aa4KzJ9j9Py1E2pZ2BmazRZpCr3hfwjLZkXD7t1Rjc5t,5.411119180829004e-06,5411.1191809999,4055.4729,0,0,0,0,0.0,0.0,0.0
2026-09-27T23:45:10+00:00,8yBARRKTehPWk5pHg7kD586utdSUN2RSecN3Dxa1pump,2.3748891300161738e-06,2344.421424816,2360.0005,0,0,0,0,0.0,0.0,0.0
2026-09-27T23:45:10+00:00,tUN5zAESx7r5gkRMqvM1aNJGyuyWHTTPbrN39cWpump,2.86817897612227e-06,2850.8834353007,3035.333,0,0,0,0,0.0,0.0,0.0
2026-09-27T23:45:10+00:00,AqSH5KsTRTRsY4ixC2BckfdiLmytjQii9qYEjdGDpump,6.593109040820064e-05,65898.84431,6.47824778479092e-07,0,0,0,0,0.0,0.0,0.0
2026-09-27T23:45:10+00:00,Cjoj1oJEkhR5GJuKsKSJCva1Yw8fRmYeAmRs5mgapump,5.590953886652055e-05,43619.4263602005,6.30787837e-07,0,0,0,0,0.0,0.0,0.0
2026-09-27T23:45:10+00:00,CA4dhkbKtcKqsXrojQBjvgGHx1hCFPku2MSxY1dAaji1,5.806083402762107e-05,58060.83403,0.0,0,0,0,0,0.0,0.0,0.0
2026-09-27T23:45:10+00:00,GCchBoQZb3Jb3SpUCTE58zQgLHfUMBBAE635knAx9Sd9,5.6739039748480576e-05,45185.2415952339,6.320887517e-07,0,0,0,0,0.0,0.0,0.0
2026-09-27T23:45:10+00:00,BjwABWzz9ZbDtzHizErzgRZGcgJLufRGBr8yDEk3pump,0.0026945951657260008,2691998.95656065,2670786.1174,0,0,0,0,0.0,0.0,0.0
2026-09-27T23:45:10+00:00,9pqpzHh7VadhG467wqNNdxPDvzvbJbAFHMxCxHdhTzmd,5.505834731030729e-05,55058.34731,51743.615,0,0,0,0,0.0,0.0,0.0
2026-09-27T23:45:10+00:00,3gzcjJR1RAwTLg7dno3UgjYE2TfAJPve7hpDJfNmEAMh,0.0001877606704781879,196181.9582,39322.7988,3,0,2,0,398.2710803939,2.823,-16.878
2026-09-27T23:45:10+00:00,HTwigtUK8W3FWke5mD66np7Hnh5XF9i6WDC5GcdMcYkV,7.283133136785331e-06,7199.4877471338,6019.3305,1,4,1,4,12.2082135787,0.062,-20.802
2026-09-27T23:45:10+00:00,6ruZJr42TYMxZ7tfg7nbAnSdcZLJmUfr9cTM5xz1pump,2.205113078361806e-06,2193.9152183187,2175.2703,0,0,0,0,0.0,0.0,0.0
2026-09-27T23:45:10+00:00,5NbTiWe2L82Vd8PwYDwoRxHyJKkwThXzuX53Hq2U7c1x,0.00014080431000983203,140804.31,9.785368467e-07,0,0,0,0,0.0,0.0,0.0
2026-09-27T23:45:10+00:00,3sPUaE4Kb4iieoT6FHaRB8k7FFd2kUBSm78pzwaygMVs,2.2809672340697806e-08,40151.8781003038,0.0122,0,0,0,0,0.0,0.0,0.0
2026-09-27T23:45:10+00:00,JA6S2LkhKwTW6xnSykmPS2R2cYywxW498FsyZezAfW7d,0.00015449153591332975,153622.1508,9.250586576e-07,0,0,0,0,0.0,0.0,0.0
2026-09-27T23:45:10+00:00,BJ4mX94CpEnhQkHmnaTc1FRMAFFYTRZHMjfRaFKCpump,2.5868508644566116e-06,2582.7938096672,2572.4618,0,0,0,0,0.0,0.0,-0.714
2026-09-27T23:45:10+00:00,7ESoDXqwqKUQBWdeqygNCFZroAtemHxyK8EPcjgPV777,8.135125881225825e-05,83649.86047,38416.3257,2,0,2,0,126.2768441893,0.146,-37.036
2026-09-27T23:45:10+00:00,D6J3ZnxByTuC5iaMqzXyyV4Huybwe3Job7zSyp8rpump,5.013361007619842e-05,48761.9014687743,0.0,0,0,0,0,0.0,0.0,0.0
2026-09-27T23:45:10+00:00,6FK66aZAaSrnmjvTh78y16U36kvfwf1L5A7tqofkpump,2.1602504938974553e-06,2149.0312424319,2217.0694,0,0,0,0,0.0,0.0,0.0
2026-09-27T23:45:10+00:00,5tz7MWoef84dXueAhJqcRU4TnUsVREyC7bpxwwCwja4G,4.391896116074091e-05,43852.33643,4.87294088008473e-07,0,0,0,0,0.0,0.0,0.0
2026-09-27T23:45:10+00:00,EhuL2NEfQjYqB7Ha5r59RVdPUXXTVWurZfLyVs1xohYi,6.088569165294986e-05,60885.69165,0.0,0,0,0,0,0.0,0.0,0.0
2026-09-27T23:45:10+00:00,7xh7jnprUU66Knu7mDi8DzrsLoytxGxQqd3hnh9Lpump,2.147800658994678e-06,2138.5582634372,2173.9259,0,0,0,0,0.0,0.0,0.0
2026-09-27T23:45:10+00:00,598rzX6PqwSmNZY88HTnA2PvWgrYXfWZwLCcW8pYSRz4,5.523779495858436e-05,55237.79496,0.0,0,0,0,0,0.0,0.0,0.0
2026-09-27T23:45:10+00:00,5kBmDYcfkdKSKD47TTyBu92LgeyZq7oS8ys6T49h5777,6.549176331833164e-05,65397.53642,6.506922932e-07,0,0,0,0,0.0,0.0,0.0
2026-09-27T23:45:10+00:00,EzCmudnz9Kqysa7zCQat7A7veYCieTiZM64mN9d1NGqc,3.4318796180932516e-06,3431.879618,2728.2839,0,0,0,0,0.0,0.0,0.0
2026-09-27T23:45:10+00:00,92ninR7mzzP6qQhf3hkPjgeym96rtfnc5pUGHWn7pNY,0.0002451249802149124,246393.6117,1.457922982e-06,0,0,0,0,0.0,0.0,33.821
2026-09-27T23:45:10+00:00,GKtNkQJtZ8s7jFo1AG7JC8mnn7WSf1vm6ngmBhuppump,3.430661983780622e-06,3430.661984,2706.9133,0,0,0,0,0.0,0.0,0.0
2026-09-27T23:45:10+00:00,7KsHxqhZcKddVA1fhVA2oymMYY2ibwHzn9pfTbXC2KK4,6.126274774786593e-06,6126.274775,4419.2987,0,0,0,0,0.0,0.0,0.0
2026-09-27T23:45:10+00:00,8DXqVUopcdviLvujTcpwEqkKzB43Arp6E1axzsEE5Btq,0.001119261479093622,1131551.02912124,108696.5318,20,18,17,16,1797.4995466456,-0.449,30.051
2026-09-27T23:45:10+00:00,DTz5H2MRqZSdsJ3hJ6rzggaefyNkJVYrDDdFEVX5pump,2.360815155041716e-06,2360.815155,2368.2725,0,0,0,0,0.0,0.0,0.0
2026-09-27T23:45:10+00:00,DHLXeQmBYoKBzWUN2ZgNdZmdqHKLoWNUDerkRxredWx,2.7867975092311615e-06,278679.7509,2.101460065e-07,0,0,0,0,0.0,0.0,2.996
2026-09-27T23:45:10+00:00,D1Jf2FTyYiU36oW9Rty5SpodCyK9ryUrWcdmEHvTpump,4.79515163459141e-06,4740.6260853465,3677.4407,0,0,0,0,0.0,0.0,-1.0
2026-09-27T23:45:10+00:00,ApgrtWJuoTTKucfSm5MuQJ6WuFShKqhfzHJcNVbrpump,4.821599979729402e-05,48207.7586370418,0.0,0,0,0,0,0.0,0.0,0.0
2026-09-27T23:45:10+00:00,NwSBLGWctvRMqhxUxir2acQnEaSa4Gcnr89hc63pump,2.275541064118689e-06,2262.1766874935,2220.115,0,0,0,0,0.0,0.0,0.0
2026-09-27T23:45:10+00:00,LatHeGq8sKiccjBrGUSHp8mERHphV5prQvvzibu3rg6,3.965327861472592e-06,3965.327861,3124.2395,0,0,0,0,0.0,0.0,-2.85
2026-09-27T23:45:10+00:00,AGBuP12RvNQQrFicjGgH8o7SnrXJAWVm7z7uLWWNVe25,0.04760670674070383,47606706.74,5.742380531e-06,268,267,21,20,292086.205720087,10925.349,13897.546
2026-09-27T23:45:10+00:00,6Hk15XRQ1Bo7ZbiMPDt9B6AnJ1XhYkXsBiLEmxFQjWY3,5.65191301627897e-10,0.5651913016,0.9142,0,0,0,0,0.0,0.0,0.0
2026-09-27T23:45:10+00:00,7zkVvdxpHVKx8GEXXPqGoG86yhCJhaJENTvwpuKwspew,2.0078476982939572e-05,20473.6124504736,3.321391655e-05,0,0,0,0,0.0,0.0,0.0
2026-09-27T23:45:10+00:00,65PgqBeaQ796L6hk11AUEpyrgzvED6LgKmBFPmqVLad2,5.547589655273673e-05,59293.873084778,6.435320709e-07,0,0,0,0,0.0,0.0,0.0
2026-09-27T23:45:10+00:00,8VSpaYRiFzpdwjvzEX2u8gHZkiMAQRXwtWpxeDTQukkW,7.999947498164389e-07,1688.186471,0.0122,0,0,0,0,0.0,0.0,0.0
2026-09-27T23:45:10+00:00,2KwZjvYGryRcBTjmgNEXRRzbFfE7TbcjSHfbVFpXpump,2.195036895871982e-06,2182.2077673854,2211.8582,0,0,0,0,0.0,0.0,0.0
2026-09-27T23:45:10+00:00,twTmbSR2WYY5yTDBQbpKNUhy8u5Gk2iFYVxHbdQVcoP,0.00013481522105669946,134815.2211,9.237139088e-07,0,0,0,0,0.0,0.0,0.0
2026-09-27T23:45:10+00:00,9oXM6yhVuTYiiVa8aXaf3YREv3pTSvEG5FCAm5wZbMND,0.00014773537378734685,147735.374095471,9.329364952e-07,0,0,0,0,0.0,0.0,0.0
2026-09-27T23:45:10+00:00,BfWLhbv92aLvHW7zWzSnYevw5gVFNu6nrDgXX3Lrv412,1.1581024221602438e-07,115.8102422,0.000851315499127974,0,0,0,0,0.0,0.0,0.0
2026-09-27T23:45:10+00:00,2949z21XVsk9KmoU4q23SMRaLYW8GPcNJroH3B2apump,5.041228168295215e-05,50412.28168,0.0,0,0,0,0,0.0,0.0,0.0
2026-09-27T23:45:10+00:00,2r4cPHduWmAeh7F2gqzSvfMJ1beUVaZBZYMEUMuNqYu7,1.9802393043081403e-05,19458.996699459,28828.3649,0,0,0,0,0.0,0.0,0.0
2026-09-27T23:45:10+00:00,FCEjmz9E9yqrGvGu4voUARtv11fwmyYm4JKuSoG2X5Gb,5.012004741191179e-05,49948.8549488023,0.0,0,0,0,0,0.0,0.0,0.0
2026-09-27T23:45:10+00:00,FMqod9SpTodTmhQVF8VtbN5qXdeSih2PnsqeqEkMpump,5.030465270852136e-05,50304.65271,0.0,0,0,0,0,0.0,0.0,0.0
2026-09-27T23:45:10+00:00,E49aPnmALrDQYz16EBuXTdj9cs33e82hX8G7wHypump,2.7179870799154007e-06,2611.4764012446,2796.3199,0,0,0,0,0.0,0.0,-1.646
2026-09-27T23:45:10+00:00,AezYBzTYAUw5gFN8vyzt6H9hL7gMvMv14n4VbYrqpump,2.4462845706639213e-06,2370.6535186055,2593.4496,0,1,0,1,2.446284571e-05,0.0,-0.707
2026-09-27T23:45:10+00:00,9594CVoQfvyAg53ToXWqJjMNrwzjMsqiPehg7GZjpump,3.4336301860376185e-06,3433.630186,2701.2276,0,0,0,0,0.0,0.0,0.0
2026-09-27T23:45:10+00:00,G1nMJ6fg3SmRbowVGtSVQnpkdo5VWy9E9krGjwfipump,6.335749335951153e-05,63397.9837935607,6.473226982e-07,0,0,0,0,0.0,0.0,0.0
2026-09-27T23:45:10+00:00,6KfHYCNzpp4Y4CteXm3mDHmFiyHU4LaeTRpBF2p6hiq1,4.939664379734445e-05,47641.6547647522,0.0,0,0,0,0,0.0,0.0,0.0
2026-09-27T23:45:10+00:00,DJKCCmDBtfZFt7HAvEtUW6SWeiohg2xEHZGQduSxZ8Wb,0.0002515372293066007,249005.0288,1.34894239297702e-06,0,0,0,0,0.0,0.0,0.0
2026-09-27T23:45:10+00:00,GMT2cGrQfKrmHcu2U8T3JZXHLoj9L3xJGi1QqrsdCbxd,0.00019946404765806052,199464.0477,1.965733381e-06,0,0,0,0,0.0,0.0,0.0
2026-09-27T23:45:10+00:00,3v6r37iS1eJNoT5ko3qr7BUz5bpDBGSdxmmATucjFwq7,1.7042501860576676e-05,16241.5798662416,0.0001970862958,0,0,0,0,0.0,0.0,0.0
2026-09-27T23:45:10+00:00,o4yUzLw6Saz6JnHJCnZSWcemSU1nX5N7hKB3bfhpump,3.662858368601679e-06,3662.858369,3025.7077,0,0,0,0,0.0,0.0,-3.856
2026-09-27T23:45:10+00:00,CM5M8C1H1ZUoDjxZBrm21eEEHwaL5Tdg5m8nqBBvxwGD,2.2431853553336652e-05,22431.8535724319,5.21049493e-05,0,0,0,0,0.0,0.0,0.0
2026-09-27T23:45:10+00:00,CedSVzaBjbqniJ1GpUcTozB58S56yDX42nTXsz31zQUe,1.7991200328957854e-05,17991.20033,10292.7839,2,6,2,6,177.9186772979,-2.301,-32.458
2026-09-27T23:45:10+00:00,4S8creAKXGg3s9Te3KQsT9wP4ToiCk2y4pECe3pXpump,2.1852473654782687e-06,2176.8649965146,2179.7274,0,0,0,0,0.0,0.0,0.0
2026-09-27T23:45:10+00:00,b7Y25fed6nNTDFopGP9E6sifgzNJHyJSoqimZPqpump,2.1773564148550575e-06,2167.5364224283,2217.0694,0,0,0,0,0.0,0.0,-99.897
2026-09-27T23:45:10+00:00,7S1kzM12jNoeAm9URh43eUnjgwwCQYb1f5h4UZjFjAgA,6.005596856748655e-05,59770.23645,23620.554,0,0,0,0,0.0,0.0,0.0
2026-09-27T23:45:10+00:00,BHcmM47Jzm1QFDBzPGC5SrLyQNNsJttNRKgnUwMbonk,0.010486300886248688,41945.20356,0.0244,0,0,0,0,0.0,0.0,0.0
2026-09-27T23:45:10+00:00,875nCQ7w2LqbZrNe6KXmBkBEY2TiJAapW9rmBwUce6tg,5.669977520882705e-05,56711.17379,6.353340075e-07,0,0,0,0,0.0,0.0,0.0
2026-09-27T23:45:10+00:00,AbfLN7d1BdbV13NQv8kP5tHiZr1qKAEs7xMN1U2BvA3U,4.91605121647048e-05,49160.51216,0.0,0,0,0,0,0.0,0.0,0.0
2026-09-27T23:45:10+00:00,BoSNMHpY75JUMFb1EHx9of2yAaYc2Zive2TJXfa5pump,3.4055364705745304e-06,3405.536471,2707.8434,0,0,0,0,0.0,0.0,0.0
2026-09-27T23:45:10+00:00,69sisPLJNkaCwgNDkeDy7ueByMAM52cMR9eY9T3grUBs,5.936930663233771e-05,59307.59178,11463.0993,0,0,0,0,0.0,0.0,0.0
2026-09-27T23:45:10+00:00,5mdbw1mfaB7JbejXdijFwybaUbV7SUzDJcAjKmxTeSmH,0.0011831964364242148,1183196.436,2.63499399327875e-06,0,0,0,0,0.0,0.0,0.0
2026-09-27T23:45:10+00:00,6J9wWWVbebe4VFTp9NwvodVgAi25xYkfQdQK7VgKpump,2.1754324517369606e-06,2166.8133468753,2162.7667,0,0,0,0,0.0,0.0,0.0
2026-09-27T23:45:10+00:00,6nvUMM2srxp24EuVdaFbM8EmFYoFVHgoiB2RBb7FmfQ3,17.073070068190606,17073070102.3461,12.3357,0,0,0,0,0.0,0.0,0.0
2026-09-27T23:45:10+00:00,9fETWVSGArSGGDrmP4oJYyKmGL3MRkoMRtub3TWAmryV,0.00036493901394503696,364939.0139,0.0122,0,0,0,0,0.0,0.0,0.0
2026-09-27T23:45:10+00:00,42s1RxjsCYjo2nZEQMM3eVEVH1BMYnk3dqZ1numtraNY,7.165037105552378e-05,70795.84878,6.81534917533781e-07,0,0,0,0,0.0,0.0,0.0
2026-09-27T23:45:10+00:00,DEXErBu1tqMufAaqpdqzUjpehgv2VmF3h94Sqiiipump,3.5270805755386507e-06,3527.080576,2804.8,0,0,0,0,0.0,0.0,0.1
2026-09-27T23:45:10+00:00,E17dHzzy4XMZ5d8XzB2LWwgWYo1pnuzyiHK3Bwpz8d5P,2.5899764487383094e-05,25673.8841556739,9.818088111e-05,0,0,0,0,0.0,0.0,0.0
2026-09-27T23:45:10+00:00,CsVd8MzVuN4K99qJYxRzDBA1F31hQH6MH9EqeMz7pump,3.376612953252891e-06,3376.612953,3329.8075,0,0,0,0,0.0,0.0,-8.224
2026-09-27T23:45:10+00:00,3FfCcJoAJhbXyd4LaiLw4QvLqxnMKhTKfZkUgPRsRRT2,5.0436968607130656e-05,49801.50679,0.0,0,0,0,0,0.0,0.0,0.0
2026-09-27T23:45:10+00:00,G3FagANWjqyn2BzqXo5oAtxGESZLM6G8qjxpGMv9qwR4,5.014693528990623e-06,5261.564974,4746.3404,0,2,0,2,165.398609691,-4.861,-32.749
2026-09-27T23:45:10+00:00,FQnupu5zhfdSaj7d7jJz2dfuowiztcJX1eutWeBHKtQN,5.679137619063118e-05,57008.70913,6.333633949e-07,0,0,0,0,0.0,0.0,0.0
2026-09-27T23:45:10+00:00,A6R4vgoBZznVx931QNhoYnAw9J32pf23mDnLEtacxFUC,0.00017213260022973348,172132.6002,9.71270758587008e-07,0,0,0,0,0.0,0.0,0.0
2026-09-27T23:45:10+00:00,BqouaqkQUPpm7gTgfR6j5KcGYpBRK6g5rX5tu1w7f9tQ,0.0006950449698495916,694843.908835677,0.005031140377,0,0,0,0,0.0,0.0,0.0
2026-09-27T23:45:10+00:00,5S4m8rkZ9aEoSHLyJgUJtR1ZM9KQszZftmhWMJ8NF777,6.606616062252459e-05,66066.16062,24343.9569,0,0,0,0,0.0,0.0,0.0
2026-09-27T23:45:10+00:00,2iZghDPGjFzeMHGLBnf34CLufBSfguaHuFruQxvzAryr,2.753495769642808e-05,27534.9577,51449.7201,0,0,0,0,0.0,0.0,0.0
2026-09-27T23:45:10+00:00,E1LY7wpf89QtKee6gVzWiJxRVJh8strksQTCqPiyNErH,8.149433249290898e-10,0.8149433249,1.1811,0,0,0,0,0.0,0.0,19.313
2026-09-27T23:45:10+00:00,6yMW8La9Vek9nqqvoddEA8UfdBEi893kW8PbnXAvfour,4.8965222173390494e-05,38245.7314223486,4.91702535306273e-07,0,0,0,0,0.0,0.0,0.0
2026-09-27T23:45:10+00:00,3YFDt7RDRJxgp8JDRta5fFbH9Y72Kf5wchimyKmm5gcf,5.673138952087203e-05,56731.38952,21430.4601,0,0,0,0,0.0,0.0,0.0
2026-09-27T23:45:10+00:00,5YcNDZCncNvpVWoAXUtPYz6y2mmu1ZTD1zt8ZzMQ7MbS,3.3223297780873016e-05,33223.29778,4.59404481e-07,0,0,0,0,0.0,0.0,0.0
2026-09-27T23:45:10+00:00,Gec1S7aYfu9HV58sd55REQQ6E4BY6oxB5WPW3s7R3v6r,2.242416488029014e-05,22720.2989114966,2.79344185758427e-05,0,0,0,0,0.0,0.0,0.0
2026-09-27T23:45:10+00:00,DicQ3KVeSqaNbqSZnRvxTLfXFnLcFC7AVhgASE7RpwaE,1.9692000554596903e-05,19688.966699689,0.0001056999138,0,0,0,0,0.0,0.0,0.0
2026-09-27T23:45:10+00:00,21UfAy5fPSs7XBqZjvseyidViX86m4ZFYiFSoMaxBTFY,6.255487180840078e-06,6255.487181,6414.8048,0,0,0,0,0.0,0.0,0.0
2026-09-27T23:45:10+00:00,2hwD3HEVmn3yZtiiJtiwCtDtpp3BrrCXnaSh2pxrU7SR,0.00017232597645814554,176269.755152539,57638.6737,131,129,67,59,78553.6412294818,40.734,-23.864
2026-09-27T23:45:10+00:00,839S6B1bpfNA48eSRut25ytrnVJQVd2AAYCPj9Xgpump,2.994511509084266e-06,2927.8071637592,2987.7047,0,0,0,0,0.0,0.0,-4.58
2026-09-27T23:45:10+00:00,4gRfXFzrbRKYe4bwC4tuBr4NcFSC5o3eJUCJcitr3BNz,2.136558130759218e-05,21365.5813313656,9.96464141687632e-05,0,0,0,0,0.0,0.0,0.0
2026-09-27T23:45:10+00:00,7a3U2mDYunTbMLJAUPT6PFLtZsf8EzkWXxueQB5WhgP,1.7910097523942518e-05,18332.566902338,0.0001538395226,0,0,0,0,0.0,0.0,0.0
2026-09-27T23:45:10+00:00,5UhTmZTvuUKop8w2cjAQj9nQz7wNM5HxRHGt8X1Uat3q,7.992379051650187e-05,81904.0731419041,0.0001212342393,0,0,0,0,0.0,0.0,0.0
2026-09-27T23:45:10+00:00,7smz97fA3YUFTKnFV1vtgvyw1qjrS8KN3ZtbozG3Qrad,2.0236478011366777e-05,19976.4638199765,4.554574199e-05,0,0,0,0,0.0,0.0,0.0
2026-09-27T23:45:10+00:00,BfA5KGhWhdtwMKJ6Jhr7YsMUaNYDD8cu6F9ZrVNDZcbY,0.00017970565798181611,179705.658,9.59521084690253e-07,0,0,0,0,0.0,0.0,0.0
2026-09-27T23:45:10+00:00,2Y3TvjBBqE5XpxgB3TTF5TczWSKv54j13waxcU8fPGk1,0.0002573600757372868,254887.5334,6.090223862715e-06,0,0,0,0,0.0,0.0,0.0
2026-09-27T23:45:10+00:00,7MPwgsq3A8wFHuqpQJ3icQdNrcnDpPySLGULSMQcSfPR,5.826909478905121e-05,57745.7026893196,6.34854990268582e-07,0,0,0,0,0.0,0.0,0.0
2026-09-27T23:45:10+00:00,CJx1fuGW9ftdXa4PjMSxkSabZSKdaWXfYYcLqzdiPVyX,2.1689001907062e-05,21689.001931689,0.000100215229272498,0,0,0,0,0.0,0.0,0.0
2026-09-27T23:45:10+00:00,3xGwWRepUK9gf8FAx44tQBsviCf6WpfYKrv5TtgZ1sRQ,1.1662736613216884e-05,11683.9938358765,21912.3815,0,0,0,0,0.0,0.0,0.0
2026-09-27T23:45:10+00:00,3dRwACCdwv3YogFtgNTS57ANV59j1c8eEdyaJGq1BDsU,5.397219506817064e-05,53972.19507,0.0,0,0,0,0,0.0,0.0,0.0
2026-09-27T23:45:10+00:00,3FjuFTsp8zgRjmJbFd95rJYkzwWt51PwHqtSrHz8pump,3.1904690573687605e-06,3065.002141481,3265.2243,0,0,0,0,0.0,0.0,0.016
2026-09-27T23:45:10+00:00,FA7X2YG4q6L5nAZbWjyc8X5auG27uGpYgGwPBBx5pump,0.0024769000122355327,2480659.1838477,147896.1359,438,162,266,78,12820.2849448588,4.393,95.135
2026-09-27T23:45:10+00:00,HgoScXAo4zFv5kDb6axGrwuz95FaVEcLskyDVZfo297z,0.0012297202036736868,1232158.649,112180.3184,37,44,32,36,11488.0492214022,-14.044,-29.2
2026-09-27T23:45:10+00:00,3EpcGjzix1rVuThHgqaphCmRpeuCGjQwhboivhhppump,2.2014395751731626e-06,2190.0230424744,2230.8373,0,0,0,0,0.0,0.0,0.0
2026-09-27T23:45:10+00:00,99SDwTevUTgDZ2Ncha8rzMhrGsoCFpUd6sW4PAsatksn,1.4925280476025743e-05,14524.7460245247,2.5562416584667e-05,0,0,0,0,0.0,0.0,0.0
2026-09-27T23:45:10+00:00,L1PrXMM97whi2rYjqYQfMeKcmJgmTZjpZTCaKFBQ7nD,3.396172961129417e-05,33730.1609969592,2.099677273e-05,0,0,0,0,0.0,0.0,0.0
2026-09-27T23:45:10+00:00,7agx8eyK8mVJvfmR2FZmnsk4tJCjdpJCqJCrqcs3pump,5.0081063392442476e-05,50075.04654,0.0,0,0,0,0,0.0,0.0,0.0
2026-09-27T23:45:10+00:00,8TxtjqTcbp91g3464ihaV4UtWyBfh6osHXwDk7Jmpump,6.320075298240424e-05,63014.8326,6.33857341978567e-07,0,0,0,0,0.0,0.0,0.0
2026-09-27T23:45:10+00:00,HApy3ceQzgzkw2D9CawCEFaZEnhhgDiMquLLdHfHciYu,1.7505812711144177e-05,18061.3937780614,5.36766081508235e-05,0,0,0,0,0.0,0.0,0.0
2026-09-27T23:45:10+00:00,DSmRx5Nqp8UbT396YXmDTXQcjhUHn84K8vgmuZkKBzhq,0.000101392048796629,96374.6274863746,0.0001007577745,0,0,0,0,0.0,0.0,0.0
2026-09-27T23:45:10+00:00,Hv6gbk95sK4HsgEpzNQcACK3sA8hmQUU67Csfo5u5Ard,1.587067677307904e-05,15817.2091058172,25538.1034,0,0,0,0,0.0,0.0,0.0
2026-09-27T23:45:10+00:00,5TUfCnGKUFSJ93NBSwL7U9ZpCJ6EmtAWUYsZxj4HGqcW,5.519704213384772e-05,55197.04213,0.0,0,0,0,0,0.0,0.0,0.0
2026-09-27T23:45:10+00:00,7ochtKXK6jwLAWg3WqNthieaj84HB5quLBEMrpd6ffZN,5.731273405636187e-05,57269.81905,6.331316938e-07,0,0,0,0,0.0,0.0,0.0
2026-09-27T23:45:10+00:00,5StN7eSv1W3DuBjRiD8BBT1zpegonSAfkqpCVnsfVNmo,0.0002425581719035521,240349.9698,1.16562079840172e-06,0,0,0,0,0.0,0.0,0.0
2026-09-27T23:45:10+00:00,9nCNxguyDMjtYwuUXyo3o6rvTnqvWn68v9L2BmMopump,2.1783588711071697e-06,2168.5210300799,2221.0207,0,0,0,0,0.0,0.0,0.0
2026-09-27T23:45:10+00:00,Ay1w8fAhkuQK2xN7ZFPRWYf6boLc1DZ3KcqrRx53Ber,2.315633390376069e-05,23268.1746998045,31071.6448,0,0,0,0,0.0,0.0,0.0
2026-09-27T23:45:10+00:00,3RNy7erxjwGRRYvM6KzVKVtuFnNSpkQFwwiHhUH26xoa,5.202787890017617e-05,51814.58829,20043.746,34,53,27,40,4605.9268290255,3.094,-77.738
2026-09-27T23:45:10+00:00,DEjoXLoJLLfoYMpALy8Cg8QSxA51FW4iDXKxexpdSmRx,4.588260456928081e-06,23.04330918,0.1097,0,0,0,0,0.0,0.0,0.0
2026-09-27T23:45:10+00:00,Agw4sQ2D2EMVhqa94yWiNscJUuBinnA6dLoFviHNySR8,3.648252879478371e-06,3648.252879,3492.1997,0,0,0,0,0.0,0.0,-0.964
2026-09-27T23:45:10+00:00,BcpRdQiNzwGRJLbtrUwKrLCWAVwm8Bm1KKbGYtUohoyG,0.00015971096855951753,161950.3254,9.374741854e-07,0,0,0,0,0.0,0.0,0.0
2026-09-27T23:45:10+00:00,C21FJxnw6ctehNzc5Bc2UrqEagx4qBunVFvkWoYXtLhF,2.3523237372911215e-05,23523.2373935232,4.748833858e-05,0,0,0,0,0.0,0.0,0.0
2026-09-27T23:45:10+00:00,2YSk1cVbWWhVrW8whBtf516WdedhQduEKHDHiGbBpump,5.021728042463339e-05,50217.28042,0.0,0,0,0,0,0.0,0.0,0.0
2026-09-27T23:45:10+00:00,8ijW9ujtU9CHXDmUZ4fZ51vErJV2mx1DnfzjcGLbaXyM,5.8463426675402704e-05,58463.0865819197,55491.0986,0,0,0,0,0.0,0.0,0.0
2026-09-27T23:45:10+00:00,4MvT9bNSYQmxMBkV14qm9VPhyr7KthWBq5G9PpoZpump,6.412902859107464e-05,64089.03283,6.482765835e-07,0,0,0,0,0.0,0.0,0.0
2026-09-27T23:45:10+00:00,GmTGKumEpgq1xjLnzk6CLKFVLDaLw5ez6dwFtRyBbKcE,1.9719992061468038e-05,44.16219551,0.002461430722,0,0,0,0,0.0,0.0,0.0
2026-09-27T23:45:10+00:00,H4wDkYxCTaeBNQdEWk9r5K2ddzruRdSB3J2ivsq4pPob,1.696580575630394e-05,16621.6426666216,3.8160335071395e-05,0,0,0,0,0.0,0.0,0.0
2026-09-27T23:45:10+00:00,5m9LoXgsNiv1a19XX9VFznV9icFn2d8L5LMzk9ScdpGp,8.4744526525493e-10,0.8474452653,1.3026,0,0,0,0,0.0,0.0,28.448
2026-09-27T23:45:10+00:00,GvhSPDqyPYgHob9HZL8CuV4yQfUUcw88ppTakgRz3URw,3.563774647001921e-05,35636.970028355,0.0,0,0,0,0,0.0,0.0,0.0
2026-09-27T23:45:10+00:00,3twWHp2uq1zaFrW5UxAGdHvZVyUARCovT9saTvCdbonk,8.618438510638072e-05,86184.38511,0.0366,0,0,0,0,0.0,0.0,0.0
2026-09-27T23:45:10+00:00,4czjXTWXR7VJiaEY3i9FnuBJkgFz7XmcpERygboqpump,3.700481905951227e-06,3555.5243699468,2929.4186,0,0,0,0,0.0,0.0,0.0
2026-09-27T23:45:10+00:00,2F1mZ9znwpC3NZRsXKSnq4ejgBiL9sRboZRUuN94wLWM,6.719725982614215e-06,7047.929953,5237.3367,2,0,2,0,181.2495279596,0.0,-9.736
2026-09-27T23:45:10+00:00,AHuxFiCnX65nvCRzLZHr1VmtoA9LBWK5hGai3C9v44T6,5.4258364152653406e-05,54160.1733980864,6.263093089e-07,0,0,0,0,0.0,0.0,0.0
2026-09-27T23:45:10+00:00,Di6PQX4Dj2LsSmNxqEkobpsjCRxDMaNCfbC6xfzupump,2.3399454832026553e-06,2305.8537981371,2498.2755,0,0,0,0,0.0,0.0,0.0
2026-09-27T23:45:10+00:00,FdjkMLM79vWtvaDYU83xkXoZAPnhdKpicZmyFQQ89RSN,0.00019092119041540836,194041.963894042,0.00021920852273561,0,0,0,0,0.0,0.0,0.0
2026-09-27T23:45:10+00:00,EWghpAaYGd4h9wjRw6aAQVHHxr9Vx6EYMe1ynTcY3gcp,9.27862002248663e-06,9278.620022,5873.4363,2,4,2,4,178.9972022578,-3.495,26.169
2026-09-27T23:45:10+00:00,4kDfsU81RM6u2x4frbbUJoo6kFpoXriSCXACJTm2G1oG,1.3479194727520544e-05,13251.8404432518,8.599882402e-05,0,0,0,0,0.0,0.0,0.0
2026-09-27T23:45:10+00:00,4oABZg7Jnx1WvukCTDWeaJkKEFKD6t5kfqhQvGBs54je,7.456394560282732e-05,74563.9456,6.707423405e-07,0,0,0,0,0.0,0.0,0.0
2026-09-27T23:45:10+00:00,8hhofkDL7nZSgHUaavFkp9T2tvtxbJPKJAkps27Ypump,6.275326161557427e-05,62753.26162,6.411639251e-07,0,0,0,0,0.0,0.0,0.0
2026-09-27T23:45:10+00:00,562rSMBaCVLRGvP1MdGe7A5poEgQUoRG37JqsKrZheYv,5.64689155215235e-05,56969.20718,6.314401352e-07,0,0,0,0,0.0,0.0,0.0
2026-09-27T23:45:10+00:00,HExriGYxavi69DMqF959WqJhCwgesEdxHCzib7bpjphg,4.899779917307384e-10,0.4899779917,0.9739,0,0,0,0,0.0,0.0,-17.013
2026-09-27T23:45:10+00:00,2fHrMrEKahXTz9BDgGN4DKYkH8RXZGwu7iYcRoUUGgtG,1.8058004837676926e-05,18058.00484,27973.1063,0,0,0,0,0.0,0.0,0.0
2026-09-27T23:45:10+00:00,Aw7jQdxvdEv19K3jtFnbWJhaCbXGPvs4vQpPMDdwSBP3,5.644405877731934e-05,56644.29033,6.25487901e-07,0,0,0,0,0.0,0.0,0.0
2026-09-27T23:45:10+00:00,7webxiJfmuLPiQEgxMoaBJ1U9nePizYa8nVHv12Ybonk,8.286893462346852e-05,82868.93462,0.0366,0,0,0,0,0.0,0.0,0.0
2026-09-27T23:45:10+00:00,wxmQK9z3RM6kdgrUGcQrPdBN6ncnWF3nB8t5AbfnN97,8.947397420220652e-05,89472.3294910114,7.709526828e-07,0,0,0,0,0.0,0.0,0.0
2026-09-27T23:45:10+00:00,6uippr2yoHhCZirtDnnKahgkD8dPpi9ybxcxNgYSpYNB,1.4491677542496714e-05,14491.67754,3.76538874034714e-07,0,0,0,0,0.0,0.0,0.0
2026-09-27T23:45:10+00:00,Ag8VFhAaXzjAxxj2BNBeWJFMuskkVbnknuErhkhtboF,0.0002386147222415197,238614.7222,1.17415313114934e-06,0,0,0,0,0.0,0.0,0.0
2026-09-27T23:45:10+00:00,6GsRicHhaf1wG5ZAm4jT3Z6SLVagbJJUvvqJxhhFpump,2.8781725175740486e-06,2729.2126341158,2845.2517,0,0,0,0,0.0,0.0,-7.514
2026-09-27T23:45:10+00:00,CrM8WD5yUV3B4QCeoCj6UD2h2w9tWETv8tWKBq5Wpump,2.2880088291765345e-06,2258.3588728941,2348.9763,0,0,0,0,0.0,0.0,0.0
2026-09-27T23:45:10+00:00,FJGWEmtCEtvyviC8w86twWNiTcXwn7YiAoHmJgxWpump,8.267783235236836e-06,8012.508108177,8046.8938,1,1,1,1,15.1352293408,-1.104,-96.194
2026-09-27T23:45:10+00:00,FFPSq1ByV2XdPTj2UkSPRe14NoQydUkarBLeNfXd1gdj,0.0001200471405299853,119994.8249,30940.0528,7,4,7,4,393.319592549,0.921,-31.075
2026-09-27T23:45:10+00:00,6n9xcjUAGy7hnd1LFdzBqpKUwhumh5eKJipDk75JwkkW,1.4774330969495042e-05,14068.4679141567,24072.2982,0,0,0,0,0.0,0.0,0.0
2026-09-27T23:45:10+00:00,6KqbfB3zL5SockYzfNAFHrTQ9429RZaRPPmQif68U2Hq,4.890977241714188e-05,48714.1740085686,0.0,0,0,0,0,0.0,0.0,0.0
2026-09-27T23:45:10+00:00,BdeQbxD9v9JkKam8r9P3wz317rn7jDu7MHGczVw2LZ8m,0.0004708250336670446,470825.0337,1.82951852e-06,0,0,0,0,0.0,0.0,0.0
2026-09-27T23:45:10+00:00,G5MmckrvhcqqRArzW3iyU4GQJuvQNC6PVPmDhPs8pump,2.19273118262977e-06,2183.7825164077,2172.2208,0,0,0,0,0.0,0.0,0.0
2026-09-27T23:45:10+00:00,HxNzaehXN56aJSF2yHRA3Wbxmav9QyvgtwJDZSmMpump,6.552254942037092e-06,6552.254942,5372.7679,1,3,1,3,11.0261071249,-1.638,-1.031
2026-09-27T23:45:10+00:00,Gj2ksaU1VgcRSQhbBwYYNDDhUiLPc3jY2rPkaSs5U777,6.2355301575809e-05,62355.30158,6.431204473e-07,0,0,0,0,0.0,0.0,0.0
2026-09-27T23:45:10+00:00,A7S1e8eN3sbCnGS5HAraBUF6eN9Gn3wR3rBiJS1kxuqe,5.746121756709709e-05,57461.21757,6.312161044e-07,0,0,0,0,0.0,0.0,0.0
2026-09-27T23:45:10+00:00,nheVhBEu7aQgtZLbtLkzvZEhhQh9fctKXWWFPd8pump,0.002413763208752501,2365128.65351939,156955.4459,219,87,163,70,11974.9713556127,4.411,169.505
2026-09-27T23:45:10+00:00,88FirgpLH7CPAqWr426XykKETqM592wTrWqSRipHZbSa,1.237096147184087e-05,12370.96147,12795.6309,0,0,0,0,0.0,0.0,0.0
2026-09-27T23:45:10+00:00,FNRD5UDEVL2EcMEtPevqt4b5jDCMXELog4FVkEfRQsCA,1.2276818272686025e-05,12276.81827,12235.875,0,0,0,0,0.0,0.0,0.0
2026-09-27T23:45:10+00:00,8TiH2aAFhhuTr572fuJNxLz3MS5UtGQjiA3vy1ws9Zdz,3.760064566790915e-06,3760.064567,3560.6295,11,1,10,1,192.7957245569,7.796,-54.787
2026-09-27T23:45:10+00:00,4Gx1X1BpGZVGu51xfaKrp4qcM9oUEVGLFstQv9owpump,4.9874194667310494e-05,49874.19467,0.0,0,0,0,0,0.0,0.0,0.0
2026-09-27T23:45:10+00:00,A1cpNt5497MRNcebJLBQdZuni4ZrpbfZtopG5XXVU8Gm,1.554598054851226e-05,15429.8107454298,9.38813133503235e-05,0,0,0,0,0.0,0.0,0.0
2026-09-27T23:45:10+00:00,EeG2GGh9NUjVnknkJdbhbZKgSbzLtn2iAuGiDwdgVShF,9.244350858243526e-05,94815.9410848159,66111.2819,47,44,31,29,17726.1999681304,3.475,180.241
2026-09-27T23:45:10+00:00,GNR4Ao7GM31k5NiN9AQoK4tj5PAA61sXzCoh4bmYpump,3.412525509063134e-06,3412.525509,2716.0628,0,0,0,0,0.0,0.0,0.0
2026-09-27T23:45:10+00:00,2MTou9QEaLd8Xqyy1jVk7cZzC8dD3UE4VQnZ7pg9pump,4.186435896799872e-06,4186.435897,3273.2283,0,0,0,0,0.0,0.0,-0.031
2026-09-27T23:45:10+00:00,DJMx3M1scy4BTzSTQJLrmtAehTcCuNrd885JjAWijups,0.004530709958817835,4530709.959,6.445456608e-07,0,0,0,0,0.0,0.0,0.0
2026-09-27T23:45:10+00:00,94HSRTXMJPAoC2PhNzsJChCHbDv75KZnyyrxNtvRnViP,0.00195725225740749,1750787.702,0.0122,0,0,0,0,0.0,0.0,0.0
2026-09-27T23:45:10+00:00,EKSdvDxtA84oySTgaDcDGXyFC5nLvCMDafp46nWJunF4,5.885254265385697e-05,58851.6619211725,56149.5736,0,0,0,0,0.0,0.0,0.0
2026-09-27T23:45:10+00:00,5WKEWCpvbHS8TsAsge5v8FpFXyG2SMNFhVfqLtWYoSu1,1.3849739128679545e-05,13849.7391438497,5.11698378671421e-06,0,0,0,0,0.0,0.0,0.0
2026-09-27T23:45:10+00:00,FGktc5Es2PNDv3rhK2S6KBsbfQZonabD7oP7ZDmojnJ,4.7579964927483794e-05,47579.96493,0.0,0,0,0,0,0.0,0.0,0.0
2026-09-27T23:45:10+00:00,VjftXfgZapnhnwhA69BP8thhcoS1PAzanWPDFYZ7GsD,1.1577878915300958e-05,11573.0091750333,2.67846079155677e-06,0,0,0,0,0.0,0.0,0.0
2026-09-27T23:45:10+00:00,GHNJY8WowhxAFneGs3oXoFV5EpiScmNAZrnAuxN5pump,2.2722559731082793e-06,2256.2263573035,2396.0488,0,0,0,0,0.0,0.0,0.0
2026-09-27T23:45:10+00:00,G3EZu7t5T4zy9bgbdKe7YbtNfBzL3nePcMr6JeaYsw1t,0.0001532356073783394,153235.6074,9.47136280099449e-07,0,0,0,0,0.0,0.0,23.315
2026-09-27T23:45:10+00:00,H4vfewfwrjgzTzMGfoskTJoxrBW9vMutoVP5m8rb6Uun,3.501683355527555e-06,3501.6833559998,2775.5423,0,0,0,0,0.0,0.0,-0.82
2026-09-27T23:45:10+00:00,95NKmBaCH2yfEefQHJf7hcbty24NP84XRhx7Ta8zpump,3.6360579127323278e-06,3599.9525653181,2874.617,0,0,0,0,0.0,0.0,-2.685
2026-09-27T23:45:10+00:00,H8Z4ALPwuLJVaZp64m2HyvwNRe65b4xBcjgKcAgjnnmp,2.098546807205558e-05,1158740.334,0.000975767627351997,0,0,0,0,0.0,0.0,0.0
2026-09-27T23:45:10+00:00,5uAJPcmuk22CWDVTrkZjRfcCYnrxfDkwMyyJZg4QLv2q,2.2049432563096407e-05,21703.3962117034,9.659607056e-05,0,0,0,0,0.0,0.0,0.0
2026-09-27T23:45:10+00:00,HTKyJy9CVRkexzedUwUHVU8G2r5PN2qRWPVd9WmGpump,3.769128262712291e-06,3769.128263,3572.3694,0,1,0,1,0.2915257549,0.0,-30.622
2026-09-27T23:45:10+00:00,FQj2arb1LcYGU7mF9BP9BYGGTLHHXTVs3pvdexSWebjA,5.518256813559662e-05,55182.56814,6.259308577e-07,0,0,0,0,0.0,0.0,0.0
2026-09-27T23:45:10+00:00,ArHWUADgaXyPoHvQWvnFhchJzrBND4doCM1cTf4JadRE,1.206935813965158e-05,11968.1060873609,1.94487043185239e-06,0,0,0,0,0.0,0.0,0.0
2026-09-27T23:45:10+00:00,GBLiyXhWJ3tKaG2R1v4Xbg1RA81XK8MbF7kwDypV94BB,2.109162194921095e-05,21098.3891310984,0.0001717227048,0,0,0,0,0.0,0.0,0.0
2026-09-27T23:45:10+00:00,CRDRFGijyjJtixDy2YxdgcECF5um9kzJFs4ZgKovpump,2.318009669202848e-06,2318.009669,2331.1726,0,0,0,0,0.0,0.0,0.0
2026-09-27T23:45:10+00:00,9L4xAusWTDaHxbA54ZRQGeqM5UZrHyysjx5qnTVvyApT,0.0001191462314103863,125679.73342568,0.00012008301025678,0,0,0,0,0.0,0.0,0.0
2026-09-27T23:45:10+00:00,3nzrxfMG1JHjKdmepdySmwKnQJhcGRDjwzTvvcEDfFBv,5.002035886111126e-06,5002.0358859999,3803.8305,0,1,0,1,0.6203812686,0.0,-47.179
2026-09-27T23:45:10+00:00,ScnhBmMYsjLZX7z5EjLtSSZjNpYh7D9S4cX944Mpump,2.876756591468569e-06,2743.7016775105,2822.7026,0,0,0,0,0.0,0.0,0.305
2026-09-27T23:45:10+00:00,BvnqdYwuFrvi9ds63EtwQLYME89ikJkULnJPAd83pump,0.0002535620566836218,249935.780822406,46008.4772,465,121,322,72,39686.3770775702,-28.784,126.411
2026-09-27T23:45:10+00:00,iuMh3MwbidNHmWcbxeHuLXZQT5cQprPFLbjgDSUtUQ3,0.0002675632954392384,545.8073695,0.00263076488406282,0,0,0,0,0.0,0.0,0.0
2026-09-27T23:45:10+00:00,4ZUpim5ZRfsPpHxn1Jj5euES83s5ZgvBA3VSxENQn77h,1.5926085057620144e-05,16393.9383763939,2.477336403e-05,0,0,0,0,0.0,0.0,0.0
2026-09-27T23:45:10+00:00,3bm27vzA7SETPf7ZrEvQYmr6isUktkQuZmXon3Xypump,6.21665525658818e-05,62198.5564,6.422445807e-07,0,0,0,0,0.0,0.0,0.0
2026-09-27T23:45:10+00:00,EHukM8oGcpeiu89NYA5kyiCCh963i7eEKBoyiotT4Bq7,5.67231001299965e-05,56723.10013,6.284028308e-07,0,0,0,0,0.0,0.0,0.0
2026-09-27T23:45:10+00:00,BL6gr3xTabuts1W4Ua7A9mCJaGv55GHVqUNXmrXTi1jA,1.3455536362123484e-05,13485.9547194086,1.366041467e-05,0,0,0,0,0.0,0.0,0.0
2026-09-27T23:45:10+00:00,J7ogZNqLut27JRt69ycc7xasx5FK6y9QJnr29dB5fLys,3.442706147453265e-06,3442.706147,2728.7691,0,0,0,0,0.0,0.0,-1.796
2026-09-27T23:45:10+00:00,2BDL3GMBqJxcAoww9BtdJMirtkguRyRMbN8TZav3k5Ze,1.765043044618178e-05,17631.23028,9.60771010725125e-05,0,0,0,0,0.0,0.0,0.0
2026-09-27T23:45:10+00:00,31Gk2Ej4qqbw2y9azRoNKLRcTA2HRnwDYu4oKbfGYNHm,2.4328168054437575e-05,24271.7771316273,0.0001678817424,0,0,0,0,0.0,0.0,0.0
2026-09-27T23:45:10+00:00,CHqG6sH62EwuzUsVacqFN43hrTZP9WFEvxj2nBMAhU8p,0.00018270225988464405,182702.2599,0.0122,0,0,0,0,0.0,0.0,0.0
2026-09-27T23:45:10+00:00,5VKAyjJDHz9MpG7aFhbhwQjzgzPdsMdBxxAT9kR7pump,2.1947195306920588e-06,2185.4336231082,2188.9173,0,0,0,0,0.0,0.0,-99.72
2026-09-27T23:45:10+00:00,2Kz5jhqyXFBJx5W9xRFGf4BU2TvmRTdqqU7rSND3Bjc6,6.686858574564483e-05,66868.58575,22792.5705,0,0,0,0,0.0,0.0,-10.68
2026-09-27T23:45:10+00:00,DNEVjt1PbJfEKBi1WN1XxscmsirwSQKsBDjha2gXpump,4.967260252106896e-05,49748.5808299502,0.0,0,0,0,0,0.0,0.0,0.0
2026-09-27T23:45:10+00:00,6vCHQ5ANYorBQbkNmbA3x9vgsFqrR1bjKfVp6HHtpump,3.170191908855446e-06,3082.3801537621,4542.9592,1,1,1,1,1.0758103669,-10.948,-98.916
2026-09-27T23:45:10+00:00,95uRmfMtycVw25zrL8yorWY1fFr4X1KcPCZgSzZHjh2u,2.7170195486411234e-05,26923.9322669239,0.0001340632186,0,0,0,0,0.0,0.0,0.0
2026-09-27T23:45:10+00:00,6b6gmhAgZe3nTjyjxhVNCGpFVwK1j3mK6GnVs23Mpump,1.1117056730310977e-05,10375.0841216268,7648.7854,20,18,13,11,861.8094497996,4.289,109.032
2026-09-27T23:45:10+00:00,EPs12AZTtYsm6fwX93FafcZJCSwzVa7zZDsdPdGpump,0.00011615573643941394,114819.138715985,29427.9465,1961,1439,303,291,4072.1178687045,28.558,-69.203
2026-09-27T23:45:10+00:00,4QCdBmnQ2H92cvCsGM6ZNq71MjqPkmdYjqksBkTYpump,3.4076887008641783e-06,3407.688701,2711.7983,0,0,0,0,0.0,0.0,0.073
2026-09-27T23:45:10+00:00,9qBf89DWNAKL65arwK3EnpUxtSfe9R7W9RBhmP7cHNV,5.781662095438782e-05,58109.30866,6.319438347e-07,0,0,0,0,0.0,0.0,0.0
2026-09-27T23:45:10+00:00,8jWzx3vojz35ru6HeMcy7Ez84wr9GTRZ9YisTjDKpump,6.335516289184249e-05,63243.29377,6.408963255e-07,0,0,0,0,0.0,0.0,0.0
2026-09-27T23:45:10+00:00,DeXHhsH329mt1zwP2VqdUPLHWc38ZTVfmbbXCkm8pump,6.507750658367148e-05,64885.33345,6.44013563254055e-07,0,0,0,0,0.0,0.0,0.0
2026-09-27T23:45:10+00:00,Av2WLf2SgkqVd2jYkAW2pv3gjvNrn6R8Cj6FEjY7m4Dn,1.4514289068640425e-05,14514.28907,3.751345753e-07,0,0,0,0,0.0,0.0,0.0
2026-09-27T23:45:10+00:00,Cxsg5L8SpnesZQZjtjKieyCHLBEXpLPNzFX9aoj9pump,0.0004634855846531757,417865.642459266,61308.7362,669,445,484,245,41905.4426446902,-8.835,200.837
2026-09-27T23:45:10+00:00,BVZVLTUSV6ftqHPqDEggag8crXJgJ6Cz5BCWmVvqpump,4.518622606620662e-05,45574.62517,18709.8737,36,48,28,42,3100.5561214303,-1.315,-64.582
2026-09-27T23:45:10+00:00,WnFL5YYoGzCskdFxowXBv2j4cjT5xcD6iNdD8dWpump,0.0015003936315370191,1492693.53970947,115305.0275,842,332,533,172,17807.4870151757,5.029,233.613
2026-09-27T23:45:10+00:00,4Z9eH1BCuq2Y6FFRXkZft9LoxwMqQWo7bJsEbcd7pump,2.379693362213663e-06,2345.1736121708,2421.7383,1,0,1,0,25.8684889716,0.0,-98.431
2026-09-27T23:45:10+00:00,Bj5tXVUxSZ5BgDXa59rdiibqNmAaxE4nAPMdP42tpump,0.0012547864942186585,1246349.15839931,101999.3392,694,956,149,138,16654.5531790232,7.012,130.755
2026-09-27T23:45:10+00:00,FjA4FYRgqDxD4bKimnsYzB16j9z264u6EoPxDGkApump,3.3953554134968895e-06,3395.355413,2702.2172,0,0,0,0,0.0,0.0,0.0
2026-09-27T23:45:10+00:00,7wscZEQnDGSbutfRKi7Aimd1J7LybvxVmZED99isKhdX,1.6808227378478654e-05,16618.9379966189,2.09617388e-05,0,0,0,0,0.0,0.0,0.0
2026-09-27T23:45:10+00:00,AUA4kFXXfmRQ3MN1oXKXhrWRT6Zukj7rmdc5GgNwpump,6.396265334310257e-05,63810.9728371642,23588.567,0,0,0,0,0.0,0.0,0.0
2026-09-27T23:45:10+00:00,J399HfSSs5qgyeKZzAqYxAkchotQt2Anb1vujxLy8wqJ,5.615405546928436e-05,56118.54517,6.245245386e-07,0,0,0,0,0.0,0.0,0.0
2026-09-27T23:45:10+00:00,EUgrTjoSpfk2UwX6dSDizz8RRzFScqKYW8icpSGwfN6S,0.00030598700420425833,313138.015599071,77690.8653,509,269,253,20,686112.935215074,11.183,70.223
2026-09-27T23:45:10+00:00,9Yr7Vs2rmQScfTykp9Zmb7pXVttut9ZXZaDH6uE2CeKX,2.4160150613529612e-05,24431.8754244319,0.0002416551942,0,0,0,0,0.0,0.0,0.83
2026-09-27T23:45:10+00:00,HRzTMpyHCdKCq2gzbZP59J5WKX13nwrctHM98BmBNwf5,1.681460947975863e-05,15790.7315057907,25697.0983,0,0,0,0,0.0,0.0,0.0
2026-09-27T23:45:10+00:00,D8YpRj2Gza1SCkhVdFiMBWfnaqUbN173CbXdfSRmRFjq,0.00011301532890423471,117016.7085,9.14687130296273e-07,0,0,0,0,0.0,0.0,554.05
2026-09-27T23:45:10+00:00,EhxGFdrH9NygyvGi5G79y9fqRoexbh5DLcu2TKAdAsZy,0.0010082374749821983,1063698.053,90232.713,180,145,73,71,117324.294379106,16.953,213.029
2026-09-27T23:45:10+00:00,97AVKQngHK9W2FHaiL9zebqnuPGADuqhtkgp6qQG1MYW,3.876217362017092e-05,38975.09963,4.542980114e-07,0,0,0,0,0.0,0.0,19.91
2026-09-27T23:45:10+00:00,4VWMqfC1T7iMwtGuKD4Hi3hDYLtxTkWXcZKsQHkRpump,2.2736356193768253e-06,2249.5168696882,2378.5789,0,0,0,0,0.0,0.0,-98.065
2026-09-27T23:45:10+00:00,Cfctf6xtNf96tM8jKmEZYAYmjjnpaEQH4gxeJP34pump,2.1539741511691495e-06,2143.7611188216,2167.5165,0,1,0,1,0.01052347433,0.0,-99.457
2026-09-27T23:45:10+00:00,HgifwBfbMi9eBwgSVwBJc3R66Uj9267GXfwbgiQf77Ud,5.658344926661734e-05,56186.95415,6.24222793814749e-07,0,0,0,0,0.0,0.0,16.168
2026-09-27T23:45:10+00:00,5vPUcAb7HVr7dKB5FXYuKYufgLL1DtzgAcdYzME3pump,4.9883662773393754e-05,49883.66277,10348.6485,0,0,0,0,0.0,0.0,109.229
2026-09-27T23:45:10+00:00,6cWHvR5LKbxhge1XmUefvFcraWzmUQW3QkyKjqCqXNmP,5.7206100841511113e-05,57174.13091,6.248333447e-07,0,0,0,0,0.0,0.0,3.626
2026-09-27T23:45:10+00:00,C91Pyh2jp8w5Yk1DssJQ3zNb1vHayzvxveL5ipscmu4e,5.4350381889365765e-05,54350.38189,51960.9166,0,0,0,0,0.0,0.0,0.0
2026-09-27T23:45:10+00:00,ByqdCepXayazM7xg7yum6PtYsbzFM8Qe12qcfBAYpump,4.9747975946168935e-05,49861.23403,0.0,0,0,0,0,0.0,0.0,1141.927
2026-09-27T23:45:10+00:00,FVs8np9UjacAbFv12pzsU6BstSqxeSabpWzD2tqpump,3.083753998548671e-06,2861.7095890078,2974.1555,1,0,1,0,0.478712614,0.0,-91.031
2026-09-27T23:45:10+00:00,7LnnHauov6QusDwKRwTZbVAtrg6xU3drmDWnDmEuyqnF,1.653361334910913e-05,16533.61335,26317.397,0,0,0,0,0.0,0.0,0.91
2026-09-27T23:45:10+00:00,AjxqTiS6TnK75xG6pWAMJgNQuhkip3LzN36uy2wBbwmH,0.00043197528796802684,461911.3466,64175.6949,98,56,76,45,16735.8715687833,32.781,836.934
2026-09-27T23:45:10+00:00,3EBURqAzyyVtjidB4J8nYVVWQmuWmofGWrYeMqiGmeZx,3.5645329719672004e-06,3564.532972,2826.7214,1,0,1,0,4.7825794217,0.0,-1.468
2026-09-27T23:45:10+00:00,BBuVYbzh1W7tmqdB4U91NoL9B5rN6jt3K3C8cedkpump,6.457129215782287e-05,64444.51245,23261.4468,0,0,0,0,0.0,0.0,35.562
2026-09-27T23:45:10+00:00,7WXdqhbxJi3zcJaEw2cV3BdVhTdw9Devmxa69sqH9b95,1.9842696705708164e-05,19842.6967298427,0.000270050868859476,0,0,0,0,0.0,0.0,92.314
2026-09-27T23:45:10+00:00,UTM3Ub28s6JKWVjcCr2Z4n5cWtdCXnGZq9H3EZ1pump,0.00098339109115338,977555.45950959,98471.9295,213,66,131,63,2092.6865726672,3.521,294.41
2026-09-27T23:45:10+00:00,DKfkSPCGnbP1cY1muov1bmMA5C3rZZm9G93FX1ewpump,3.4084740384501422e-06,3408.474038,2706.6973,0,0,0,0,0.0,0.0,-15.493
2026-09-27T23:45:10+00:00,CbmDmSjDn8VLyMGhgCmDWjmBi72kEJcNTPxTX3v4pump,0.10226576915983075,81812.61536,0.0122,0,0,0,0,0.0,0.0,39.191
2026-09-27T23:45:10+00:00,4rGaAQRecWJ2P91sBTDGSYqHw9mrZv5da6p5SvtCQkLg,5.654054425991967e-05,56700.51496,6.276967942e-07,0,0,0,0,0.0,0.0,8.815
2026-09-27T23:45:10+00:00,DHoy94stzuAsjSKRYSQFL22NgVCQSYfqtJBkr2DCxDUK,6.037663158240124e-05,60376.63158,6.46498048168205e-07,0,0,0,0,0.0,0.0,92.051
2026-09-27T23:45:10+00:00,8Bc2cfMes4PTwYGivgcxuZX82vtfNSFnvfZ1SMvypump,1.1256696353285466e-05,11215.81932,6472.4599,0,0,0,0,0.0,0.0,70.952
2026-09-27T23:45:10+00:00,GhRJXatdMGdDcGmfxZPKWyUW4FNvMM4fSHRquyvgpump,4.982330516000771e-05,49775.0094935614,0.0,0,0,0,0,0.0,0.0,1085.165
2026-09-27T23:45:10+00:00,81okcujCn1KnmjVCMSNSHQDMgxesxWE8cFx2kXrN3CiW,5.9563370116676624e-06,5956.337012,4345.1397,2,5,2,5,38.2214049207,-0.644,32.005
2026-09-27T23:45:10+00:00,BQfybBieX8DAoELyzVNCkaic71umi5FDYq8SrQk8YnnH,3.6887832954892954e-05,36413.14846,17815.0489,37,15,22,13,1668.399401739,3.104,540.363
2026-09-27T23:45:10+00:00,5H7CxPsc7Pcjz6bjf9RJqG2ECYNyyPa2STwBZZSTpump,1.2391246495839157e-05,12657.9659,8375.9667,19,31,18,29,2397.9548096854,-28.341,-72.669
2026-09-27T23:45:10+00:00,7nx4NtEpQ2eqPQWuzw3GkCXvrRMkuE75Vy7LMkSTpump,0.00161720674025424,1600306.15840527,115063.8901,1548,1346,227,168,9792.8126421516,22.157,3086.815
2026-09-27T23:45:10+00:00,6XqPLoyNCY5nuv7HZMNX1ANFdhPRDt3dkRLCeBomWbdW,2.4488612476998904e-05,25216.5574552166,0.000226674981395534,0,0,0,0,0.0,0.0,133.779
2026-09-27T23:45:10+00:00,EsnPV5QDmazP84nbMuJchr6VWhcDgKkGaPHmCzpDRyGA,0.00011001937920437509,109184.149309184,193810.8626,341,251,120,29,557271.97373071,3.891,52.836
2026-09-27T23:45:10+00:00,5pBaTJs3egcUpDx7YThsVbTXoCpvkvNfE5A12nijDdvb,5.737543805864988e-05,57375.43806,23159.0864,0,0,0,0,0.0,0.0,26.235
2026-09-27T23:45:10+00:00,F3naE9XJs54VgtBoeR2XQ9KAFpDRTbgZoDSjP4bzMcWJ,2.175027078131976e-05,20545.5855016368,0.000372763177286081,0,0,0,0,0.0,0.0,98.74
2026-09-27T23:45:10+00:00,6UhUkSBc9RBB9gVJcjCWtcQv4t771rQF7bdn2qK7pump,0.0007961499062855012,802083.193715942,85968.2728,610,318,418,198,76085.0751341252,17.979,572.516
2026-09-27T23:45:10+00:00,36ef5aQyrEFRDMyRk3fBdcvDPHNjARi5bDG9ryPoWRWX,4.957239269199113e-05,49572.39269,0.0,0,0,0,0,0.0,0.0,1340.806
2026-09-27T23:45:10+00:00,H9TEHQNvkqiM8kiUqeSoqN54sXRtAR9LG6cN8eUavGdU,1.5760137345285357e-05,15466.3992059227,25091.5872,0,0,0,0,0.0,0.0,49.804
2026-09-27T23:45:10+00:00,D3uLum2k5fd87eGqEn4WiFLp5AX1FiQGw4J7CWaDpump,3.425848115592329e-06,3425.848116,2718.7181,0,1,0,1,1.4708445089,0.0,-37.243
2026-09-27T23:45:10+00:00,EPFPcvcJo5KHb37JGj3ANC3DuMqkmQ6Pb5MaJAQRSkay,1.3303130841893367e-05,13303.1308533031,23021.4086,0,0,0,0,0.0,0.0,28.999
2026-09-27T23:45:10+00:00,5TwNmEZyCVioXCeAGj4FkHANQj7L8czAEQoNuasR3DSz,1.6151214492621267e-05,16148.9438553,2.696032555e-05,0,0,0,0,0.0,0.0,56.518
2026-09-27T23:45:10+00:00,akLNbP66rtnuuJgLV8q4g9iQwSE7HunRSdkSDPBpump,0.0007875939660927411,780084.453772078,88333.5387,265,86,201,72,7554.3188609061,9.75,941.407
2026-09-27T23:45:10+00:00,ioQubVJtPKKJ4TRJa5EdfuJnbbs9DgmZ8AJgiyFK1ur,6.0335873588492206e-05,60535.25954,0.0,0,0,0,0,0.0,0.0,489.054
2026-09-27T23:45:10+00:00,9dWu7cE3wTjuWKn3yuiikXjScvCfN768jsfGbHqGAU7J,5.763205351107549e-05,57416.3601798558,23124.4897,0,0,0,0,0.0,0.0,25.861
2026-09-27T23:45:10+00:00,AiaX1ApKHVJvQ7uHrZfu9GvAnWX2xSPn3pYdxjyMpump,4.94658316636751e-05,38597.0486501167,6.11138874724344e-07,0,0,0,0,0.0,0.0,4.3
2026-09-27T23:45:10+00:00,TJY3o6nyEJqbhF2u1bPaDND5tCuQzYnUyDt45m5dCN7,0.00010445352991276743,103630.40470363,175509.7321,575,469,133,27,969819.717987161,13.415,47.13
2026-09-27T23:45:10+00:00,F1CZsBwru1KGc4wZHem9oAjna2xkBJ3DbS4db9QvBAGS,0.13964445480244214,139353.9271,0.0487,0,0,0,0,0.0,0.0,43.407
2026-09-27T23:54:22+00:00,HCy7vxTApN2Lcv6Rw1MZazXsEofXFLxWCVbJBhF8pump,3.071581841728339e-05,30715.8183202348,15848.2315,1,6,1,6,59.8556257328,-2.103,16.224
2026-09-27T23:54:22+00:00,B2kipu1WYBPBDQrCX5yv9p7dhjhG1FwwnxBjUDhSkbdG,0.00016053187680892811,160263.072086313,38879.6457,1,4,1,4,182.1891125826,-2.851,8.282
2026-09-27T23:54:22+00:00,GBNCTFPnVCh852xrnjJLi2eVpPb3LW59ZGiSkvjDEqN,0.00036166073042734933,361660.7304,0.0122,0,0,0,0,0.0,0.0,0.0
2026-09-27T23:54:22+00:00,5zfBmzXxtwq3e2hw6TGebcwycvVHNpaC1te7u56jCE1G,9.69196400960501e-06,9643.2132290933,7496.7981,0,2,0,2,2.0571181105,0.139,-2.804
2026-09-27T23:54:22+00:00,3iUTyNYW6xKv5kZUjtbrEDTsuJTrSVwvB3bQtxkLpump,0.0010940512777217048,1094051.278,114992.1974,17,19,15,18,4404.1212839996,-5.348,0.657
2026-09-27T23:54:22+00:00,BmExgUDRid7NTnN1iLb3KnTug3Ma6adYsKyF9zfaPc39,0.0001913223756635885,189703.8982,40881.7972,0,0,0,0,0.0,0.0,0.0
2026-09-27T23:54:22+00:00,9WAUA7LQqzoiYnLzEECk6zRoT8Mse7pJp1R1RHX48mQm,7.106130640481492e-05,69272.8998273455,56904.5071,0,0,0,0,0.0,0.0,0.0
2026-09-27T23:54:22+00:00,DYY3bjoJ9jgE6qigS6hdEsc8NBmMFL1SHEvw8hJtasw,3.4968669258211037e-06,349544.6616,2.09123231984937e-07,0,0,0,0,0.0,0.0,0.0
2026-09-27T23:54:22+00:00,CWsyVkoRHbywhL17QtNZTMhXaRrh4AcBb5GurXqmreLS,4.1911881961006586e-05,4191188.196,7.04073409018026e-07,0,0,0,0,0.0,0.0,6.225
2026-09-27T23:54:22+00:00,2GsbPfFTaNWcpVn9Nij44wDdWyZA5EazhYHN5dffGVvY,4.495781087097652e-05,4495781.087,7.12580237865612e-07,0,0,0,0,0.0,0.0,10.369
2026-09-27T23:54:22+00:00,38CqdxjLaZH6Yv4bBEbz1dr1GgctCF23rjbU5qmUYqrq,4.307607443450418e-05,4307607.443,8.852072698e-07,0,0,0,0,0.0,0.0,10.177
2026-09-27T23:54:22+00:00,CC5D6puFmcsnGaJh7kNXeAcRpL2SZzQfoQezvx45uKjt,0.0002910530919118093,288649.663,56144.2983,68,22,38,19,4963.2803914918,-4.034,-19.125
2026-09-27T23:54:22+00:00,GytZU2HrRuUPLy2xZa29oUBBJzp6ErMUStEAR5cjhNB9,0.00010295146848137648,105801.7693,8.94188636893592e-07,0,0,0,0,0.0,0.0,0.0
2026-09-27T23:54:22+00:00,4TetqPfYjTxVCK2732K2boPMJK9HuF71a32E9r4atij3,0.0314141997102321,31414199.7414142,3.970815684e-06,0,0,0,0,0.0,0.0,0.0
2026-09-27T23:54:22+00:00,DAF4QargatxR2rAqe237KJK4k63DNYaxMbRujSEgAoeA,0.00043900030174553355,439000.3017,1.666893558e-06,0,0,0,0,0.0,0.0,0.0
2026-09-27T23:54:22+00:00,F4K2SbLNgyz9gzNqT8bPeLpRkxy4oMA9twaffUDdZtB6,0.00033460940174186426,317253.5075,69413.7063,87,41,51,28,18131.6980760229,-15.299,-0.963
2026-09-27T23:54:22+00:00,6uPEdkU2xPg1iyfLzV1ssUwvve8nndA2sd6nBFrb1n58,0.00011910297937068599,116509.014202089,35664.429,23,43,22,38,2954.96308221,7.933,-43.317
2026-09-27T23:54:22+00:00,6XnC2YXRnvT8Nx16Kny61sz3UgGjWGRKsGomTDRe8haa,2.5403710566956824e-05,26144.990996119,13656.764,0,2,0,2,27.0964686627,-0.309,-25.978
2026-09-27T23:54:22+00:00,2xrw9WoHD5EWPT77rgYdubFGCxySPQxtbP69XWmU8eBM,4.7116490472300125e-05,47116.49047,0.0,0,0,0,0,0.0,0.0,0.0
2026-09-27T23:54:22+00:00,DAemPFNc3RtibBDKkUA4eL2Ns11q9VRdbpptmqm8DGqN,0.00024531076175203026,227753.5282,53415.2417,13,14,9,12,831.9393659339,10.435,31.411
2026-09-27T23:54:22+00:00,J1yxV53EmVRmt9RUj6PPufMfdAYUbtgwXCuNYTBTsYzJ,0.00016345809878315752,168511.4548,48271.5509,6,5,6,5,551.1840532743,-1.172,-14.351
2026-09-27T23:54:22+00:00,38ALUy9vcgFKfGnaNwbsKewxW2YEhvJHTUeNgHU1tycS,5.6432600762443655e-05,56218.10032,23005.2016,0,0,0,0,0.0,0.0,0.0
2026-09-27T23:54:22+00:00,BNPEa7C53BvqYJxvhpSRvae3jQUSGSYrgVijnX1Ec777,0.003662982492014377,3662982.492,6.464171646e-07,0,0,0,0,0.0,0.0,0.0
2026-09-27T23:54:22+00:00,71RDTAQ6sPNMZXf3fuWEcbP8BmG1KV8jvh1yQD1Wau2y,0.003782771112008675,3782771.112,6.33500449722787e-07,0,0,0,0,0.0,0.0,0.0
2026-09-27T23:54:22+00:00,E1CNn65e5J9R5YH8ZJTPCaAd16QHJzRtFecCCAEAwS8z,0.0042571742719839855,4257174.272,6.33351832114218e-07,0,0,0,0,0.0,0.0,0.0
2026-09-27T23:54:22+00:00,CSnG7fy9W8CZ4Um4tXFwHG1eSV8RWGPraEhRbvX5kjKv,4.9865612888377085e-05,49865.61289,0.0,0,0,0,0,0.0,0.0,0.0
2026-09-27T23:54:22+00:00,CazHcRRKaE1Wa4phXayEdPE6YDACPNY4cwDeW1dBkfgn,0.0037006700439254974,3700670.044,6.3283858911548e-07,0,0,0,0,0.0,0.0,0.0
2026-09-27T23:54:22+00:00,FJ6nMZFu2EqgBcYwjfA9uwAcE8PBLYTJmHX4WBnP4qvH,1.46943440613648e-05,13940.5671968673,11952.6454,0,0,0,0,0.0,0.0,-15.771
2026-09-27T23:54:22+00:00,GP8CWb472uCzJdUwKh1rQs8Aoizte19MbqeM4NPi4Qh6,1.2350957253522123e-05,12350.95725,12227.2156,0,0,0,0,0.0,0.0,0.0
2026-09-27T23:54:22+00:00,DFjPTTAAnet9hnkjDNEbb5z1TVFoHebWBKMfxMb5wi9V,1.295639498168937e-05,12956.39498,13588.6248,0,0,0,0,0.0,0.0,0.0
2026-09-27T23:54:22+00:00,Cgi54CNpHaYn4smqLH5tW8X5QxssMvi592My3tRoiHfX,0.00011217086122431591,113283.8065,31234.7433,17,20,15,17,1628.6153225141,-0.024,-5.916
2026-09-27T23:54:22+00:00,8Z4dayPJpM2noUpHfGVivVRmVXGcyx47HHstjNvVnuq9,0.00017793415493335324,177934.146359161,1.1453154344286e-06,0,0,0,0,0.0,0.0,0.0
2026-09-27T23:54:22+00:00,7tEsDuij7aj4b2jLUAS5oXcp6B3zWratYVmviS5zpump,0.000251894678889571,250360.24555146,50849.4351,176,137,115,95,37236.2259812458,-19.292,-53.423
2026-09-27T23:54:22+00:00,E944rK64mgtLB9c2X8cuaMEHVdfxMtr6HURMLAZ59zWC,0.000684821563942031,684821.5639,2.09345453638836e-06,0,0,0,0,0.0,0.0,0.0
2026-09-27T23:54:22+00:00,BktmcCNmK6fxbFhA5HwtpDAtEZ3cfpr5zaoFMgWziUVG,0.0003278178195058139,331721.0369,1.72641963426241e-06,0,0,0,0,0.0,0.0,0.0
2026-09-27T23:54:22+00:00,HFC9vq83rXjinp7dg8Dx1dnwca9LoaTK1zTonnZxTKgM,0.000376517000645144,376517.0006,1.19571661321501e-05,0,0,0,0,0.0,0.0,0.0
2026-09-27T23:54:22+00:00,FUKX4RajeVJeWBigzVBh97p7UKB86oBC8P7uqp7DtmB1,0.00019875851632945193,186559.6947,1.20537962253708e-06,0,0,0,0,0.0,0.0,0.0
2026-09-27T23:54:22+00:00,ChyCbmYAtbkzJbttDVrUJNDVXD1oxy5BrY18fkMq5wH5,3.613812416532774e-05,36138.12417,4.60319304649865e-07,0,0,0,0,0.0,0.0,0.0
2026-09-27T23:54:22+00:00,DgcshFJxwpx8wdHq1FeVFpF6JkAgFincYeyTHTwPE3Q7,3.367602057704049e-05,33574.16459,55313.9601,0,0,0,0,0.0,0.0,0.0
2026-09-27T23:54:22+00:00,133ZoZ2jHzJ3gTfYAkvLdNKadpzcGQqb6d4PQZyyiodi,0.0005296363259017966,480.1985816,0.00445,0,0,0,0,0.0,0.0,0.0
2026-09-27T23:54:22+00:00,3YctFnSKjqujVdMuNp22d9ZcCgyXxgbtcGmNSzg3WZgw,0.010319288149116562,10286935.61,0.000202135865636695,0,0,0,0,0.0,0.0,2.385
2026-09-27T23:54:22+00:00,8HnLRKJ6XkeGq1tpmKPqn3yB5ruqbSR5LR5nVCNAshop,8.070085869413695e-05,80134.4350077935,27117.3512,3,5,3,5,308.6581365437,0.323,23.674
2026-09-27T23:54:22+00:00,6KaprXhTqtGQDRijpjPg36QJ7i9Ewt4NAmjv8twU5tSH,0.0001964765552312353,194016.7361,1.12902681034999e-06,0,0,0,0,0.0,0.0,0.0
2026-09-27T23:54:22+00:00,FiLrNu8Cee9naYei81XdsKBJDZNb5kJJsGWoK53WYVuF,0.000189747729764466,191308.0668,1.16962256e-06,0,0,0,0,0.0,0.0,0.0
2026-09-27T23:54:22+00:00,8XDD33SKSzM7GE7oFecv8UdhfDuV9AUSqcCDC5LQpump,6.491346805804408e-05,64913.46806,6.43436231171361e-07,0,0,0,0,0.0,0.0,0.0
2026-09-27T23:54:22+00:00,9ajUQYkyUb54B5AWhx3yfdRiMUG4ynR5omc3aNXTSXpG,5.716772380244721e-05,57517.19987,6.306554348e-07,0,0,0,0,0.0,0.0,0.0
2026-09-27T23:54:22+00:00,C5YjyjnbJhPmW41mXZWiFJF3FSHtUu5Z8sefqhmGpump,8.983360279444718e-06,8983.360279,6799.3435,0,1,0,1,0.9030096612,0.0,-17.195
2026-09-27T23:54:22+00:00,49pvK47B65PA5dWNeqMLzLn7FmNrsdm4fuKvFPQiBAGS,0.08291562391437395,82915.62391,0.1952,0,0,0,0,0.0,0.0,0.0
2026-09-27T23:54:22+00:00,4PutGVeQxkcVSKUxLvJYTL3W9rbVV1KYq8ptGFh5jups,6.0892411372544724e-05,60832.04225,6.45609009417937e-07,0,0,0,0,0.0,0.0,0.0
2026-09-27T23:54:22+00:00,51yz5RRoz8Tuk1467J3eCFcRGReprwxXFGrJBTaWmDsd,5.409628357315775e-05,54096.0697042314,50999.7774,0,0,0,0,0.0,0.0,0.0
2026-09-27T23:54:22+00:00,YHt1GkDfJVF5gpYH3je4st8dUVHeTL4TAmK3DMNjups,6.504726209002959e-05,65047.26209,6.529404769e-07,0,0,0,0,0.0,0.0,0.0
2026-09-27T23:54:22+00:00,HmAeDSq9ANTp3sToUUijC64QYXrVkS9RyJyc3H2spump,2.255075721906779e-06,2239.0563596365,2411.116,0,0,0,0,0.0,0.0,0.0
2026-09-27T23:54:22+00:00,GpG9iHeWBEFh22JbCeRHzhtVncEv61aUB9EcjNnLqqHn,7.5118758146171e-05,344253.5567,0.00496527642778011,0,0,0,0,0.0,0.0,0.0
2026-09-27T23:54:22+00:00,7znSmc2WiGVLoexJsNhHKtV6oeeDipWrxW9vN8PRaunb,0.0002490655929890488,237372.6791,1.14914262571134e-06,0,0,0,0,0.0,0.0,0.0
2026-09-27T23:54:22+00:00,AsAcfXMfJZspdKDLr2DG2Bkw2YnhHUysSNLrERBtpump,4.166679618889944e-06,4166.679619,3265.8358,0,0,0,0,0.0,0.0,0.365
2026-09-27T23:54:22+00:00,9rGsm41NeAfMJ78Ctn1V3PnqvosZcwmAGCqLYjbYpump,2.4260928799781258e-06,2426.09288,2423.1433,0,1,0,1,0.2036380013,0.0,0.321
2026-09-27T23:54:22+00:00,BxpWDdkV7wbfU5ipCPURJgmYR5Nn4N2vGK9A8Qdrpump,4.685882334564677e-05,47502.4937905525,0.0,0,0,0,0,0.0,0.0,0.0
2026-09-27T23:54:22+00:00,Hrb643TUtZMUKJLM3AsWt2T9Df8JrsvcaXBKd5vUQ79v,3.2423343179683535e-05,32219.04464,38227.8738,0,0,0,0,0.0,0.0,0.0
2026-09-27T23:54:22+00:00,BPVHYcNjKGXqPbhpYXyAaHhWRtD3b2dToyn3ZNKM7fn4,5.614441468381778e-05,56144.41468,6.29795509203476e-07,0,0,0,0,0.0,0.0,0.0
2026-09-27T23:54:22+00:00,5vdE4164sYVjKMbvURnLYHZm6WDn1sMyMJj7ynjdpump,6.26825649213245e-05,62659.99349,0.0,0,0,0,0,0.0,0.0,0.0
2026-09-27T23:54:22+00:00,FoE6vWnSb7HGMiYJL9b2gp6Hn3SxwCKNBkbftnKKq9Pu,6.740950556955364e-10,0.6740950557,1.3905,0,0,0,0,0.0,0.0,0.0
2026-09-27T23:54:22+00:00,5vCAPYAs415Y2Cni8kcGtXrc2U22ks14F2nv8cVxnhXq,5.817566403691987e-05,58139.3809,6.35955394e-07,0,0,0,0,0.0,0.0,0.0
2026-09-27T23:54:22+00:00,6Apwsn3iB12bWaN9XeipPGVPRFeSLpnTTQZ7EgW6pump,4.797714004196007e-05,47977.14004,0.0,0,0,0,0,0.0,0.0,0.0
2026-09-27T23:54:22+00:00,3xeQmQ8TqpLNGntNaXmuYi1nt1Ur9fAwuHH3MAuqNydi,5.7333330653366336e-05,57000.58146,6.340355904e-07,0,0,0,0,0.0,0.0,0.0
2026-09-27T23:54:22+00:00,8wRWyHGDnAQvwH6s95zFPb1PFL4VPjgJV5mNUVqMpump,8.651153716498698e-05,86511.53716,0.183,0,0,0,0,0.0,0.0,0.0
2026-09-27T23:54:22+00:00,EAqafjVn3e6SYiTFtUWCWdkqs1TNejhqvviTVoZWPpcp,6.151672235985901e-05,61516.72236,0.0,0,0,0,0,0.0,0.0,0.0
2026-09-27T23:54:22+00:00,9jo2ScZVkW4C9CzJP1p94h4gwVdgVe81XjYEbX9apump,6.642025420362147e-05,66398.07641,24355.1381,0,0,0,0,0.0,0.0,0.0
2026-09-27T23:54:22+00:00,CpPtDjmh9rU2MQGvf9rcsdfkZMYyYbc6VHH5ape8cXJn,5.5296188780511745e-05,55097.99745,0.0,0,0,0,0,0.0,0.0,0.0
2026-09-27T23:54:22+00:00,777zoRkkvedCgyiciYa38GiUU8PvgQBr8zWbrwkiS777,4.394043042566316e-07,439.4043043,6417.2834,0,0,0,0,0.0,0.0,0.0
2026-09-27T23:54:22+00:00,A8gpnSqS3JAGvcdDNZNa7HCYSAFJTm9gKMHSEzDAvc1S,3.1419308808286605e-05,31419.3088728386,4.587641413e-07,0,0,0,0,0.0,0.0,0.0
2026-09-27T23:54:22+00:00,E2BhyHh5BU14h4FQSdzRreFrq3pTdPoQ5ahznpq4pump,2.543649130690346e-06,2481.8879253693,2790.2438,0,0,0,0,0.0,0.0,-0.249
2026-09-27T23:54:22+00:00,3aX2LiRHxAZvyKD14s5cMSvzcNXVDbGPvE3A1qBvpump,3.769773579802491e-06,3682.3788709082,4744.2295,0,0,0,0,0.0,0.0,-1.366
2026-09-27T23:54:22+00:00,HH5btUAy7FCFCJYfDB9FV5x1Zk5SLJtymoPW32U9bJ9m,2.8032241126344882e-05,28032.24113,13806.0292,2,8,2,8,336.9241338576,-1.515,-20.627
2026-09-27T23:54:22+00:00,5ziXm7wxAnb4WHJytscSWCG3nVsxJiGrb3jsn4hkY3t,0.0003483203031889956,348864.759348865,0.0002057084509,0,0,0,0,0.0,0.0,0.0
2026-09-27T23:54:22+00:00,ArYuQPyvBM3RAyNGL6prgNxzX8mTwQiQMoiXUAzupump,3.529803876730772e-06,3529.803877,2803.0702,0,0,0,0,0.0,0.0,0.1
2026-09-27T23:54:22+00:00,BjisTufDR6yZEBKHynbpZXcvhXBDh6RPeHfKj3QTpump,3.549529417030938e-06,3549.5294169999,2812.4078,0,0,0,0,0.0,0.0,-5.502
2026-09-27T23:54:22+00:00,4WBpkZtNbGxZpS7z9i7tL6WsWyRG8F5xMZssLAtmgqUf,5.8699650224319606e-05,58699.65022,23468.8438,0,0,0,0,0.0,0.0,0.0
2026-09-27T23:54:22+00:00,BHatrvaBF2p3oWh5VLfNGSAAqMWcezeCJ1D2F9bYmqmY,3.507018098263618e-05,35419.7163262592,0.000290014187682659,0,0,0,0,0.0,0.0,0.0
2026-09-27T23:54:22+00:00,Bt7PJzFGHTTBgHzG7HubEGweKv4kzYZpMNhzxAZZt9xE,5.9704350141590285e-05,59704.35014,0.0,0,0,0,0,0.0,0.0,0.0
2026-09-27T23:54:22+00:00,3YYWjrJqC4Z5SnjmYVGN4j6qPoa7prnxhy324BTntoN2,1.2511069338535274e-05,12531.428795949,22716.1875,0,0,0,0,0.0,0.0,0.0
2026-09-27T23:54:22+00:00,CC5tKEhAyBHey4GJkV9i4SqPugKmhHN7K4iEdDKnzFV8,6.567528581536473e-05,65675.28582,21736.5964,0,0,0,0,0.0,0.0,0.0
2026-09-27T23:54:22+00:00,GSfvvcfB5AdC6sLgnwuFkCYc93xTxRjVYizx2ZqD1R4h,0.0001572465302063095,157303.9065,9.405080254e-07,0,0,0,0,0.0,0.0,0.0
2026-09-27T23:54:22+00:00,DHY3zbRpo3kT33fDPjqBJaJECJw5Ri7yWVyEcZEqx6NX,0.000350321673960027,328226.0193,1.270509735e-06,0,0,0,0,0.0,0.0,0.0
2026-09-27T23:54:22+00:00,FQjTXyY8aQVbaYSpcjfp8NCk4kifEwysGL698HZatRew,2.7752813600453537e-05,28002.3134060046,4.320292785e-07,0,0,0,0,0.0,0.0,0.0
2026-09-27T23:54:22+00:00,Aa4KzJ9j9Py1E2pZ2BmazRZpCr3hfwjLZkXD7t1Rjc5t,5.411119180829004e-06,5411.1191809999,4065.0326,0,0,0,0,0.0,0.0,0.0
2026-09-27T23:54:22+00:00,AqSH5KsTRTRsY4ixC2BckfdiLmytjQii9qYEjdGDpump,6.593109040820064e-05,65898.84431,6.47824778479092e-07,0,0,0,0,0.0,0.0,0.0
2026-09-27T23:54:22+00:00,Cjoj1oJEkhR5GJuKsKSJCva1Yw8fRmYeAmRs5mgapump,5.590953886652055e-05,43619.4263602005,6.30787837e-07,0,0,0,0,0.0,0.0,0.0
2026-09-27T23:54:22+00:00,CA4dhkbKtcKqsXrojQBjvgGHx1hCFPku2MSxY1dAaji1,5.806083402762107e-05,58060.83403,0.0,0,0,0,0,0.0,0.0,0.0
2026-09-27T23:54:22+00:00,GCchBoQZb3Jb3SpUCTE58zQgLHfUMBBAE635knAx9Sd9,5.6739039748480576e-05,45185.2415952339,6.320887517e-07,0,0,0,0,0.0,0.0,0.0
2026-09-27T23:54:22+00:00,BjwABWzz9ZbDtzHizErzgRZGcgJLufRGBr8yDEk3pump,0.0026945951657260008,2691998.95656065,2670786.1174,0,0,0,0,0.0,0.0,0.0
2026-09-27T23:54:22+00:00,9pqpzHh7VadhG467wqNNdxPDvzvbJbAFHMxCxHdhTzmd,5.505834731030729e-05,55058.34731,51743.615,0,0,0,0,0.0,0.0,0.0
2026-09-27T23:54:22+00:00,3gzcjJR1RAwTLg7dno3UgjYE2TfAJPve7hpDJfNmEAMh,0.0001934399809424164,193439.9809,39601.9937,14,7,10,7,1716.2714924721,-9.044,11.314
2026-09-27T23:54:22+00:00,HTwigtUK8W3FWke5mD66np7Hnh5XF9i6WDC5GcdMcYkV,6.73332318424409e-06,6655.9922561937,5671.6783,4,3,2,3,51.9460437229,-2.511,-18.333
2026-09-27T23:54:22+00:00,5NbTiWe2L82Vd8PwYDwoRxHyJKkwThXzuX53Hq2U7c1x,0.00014080431000983203,140804.31,9.785368467e-07,0,0,0,0,0.0,0.0,0.0
2026-09-27T23:54:22+00:00,JA6S2LkhKwTW6xnSykmPS2R2cYywxW498FsyZezAfW7d,0.00015449153591332975,153622.1508,9.250586576e-07,0,0,0,0,0.0,0.0,0.0
2026-09-27T23:54:22+00:00,7ESoDXqwqKUQBWdeqygNCFZroAtemHxyK8EPcjgPV777,7.05066670943021e-05,70506.66709,35630.9846,7,9,5,9,1420.9993354622,-2.568,-46.13
2026-09-27T23:54:22+00:00,D6J3ZnxByTuC5iaMqzXyyV4Huybwe3Job7zSyp8rpump,5.013361007619842e-05,48761.9014687743,0.0,0,0,0,0,0.0,0.0,0.0
2026-09-27T23:54:22+00:00,5tz7MWoef84dXueAhJqcRU4TnUsVREyC7bpxwwCwja4G,4.391896116074091e-05,43852.33643,4.87294088008473e-07,0,0,0,0,0.0,0.0,0.0
2026-09-27T23:54:22+00:00,EhuL2NEfQjYqB7Ha5r59RVdPUXXTVWurZfLyVs1xohYi,6.088569165294986e-05,60885.69165,0.0,0,0,0,0,0.0,0.0,0.0
2026-09-27T23:54:22+00:00,598rzX6PqwSmNZY88HTnA2PvWgrYXfWZwLCcW8pYSRz4,5.523779495858436e-05,55237.79496,0.0,0,0,0,0,0.0,0.0,0.0
2026-09-27T23:54:22+00:00,5kBmDYcfkdKSKD47TTyBu92LgeyZq7oS8ys6T49h5777,6.549176331833164e-05,65397.53642,6.506922932e-07,0,0,0,0,0.0,0.0,0.0
2026-09-27T23:54:22+00:00,EzCmudnz9Kqysa7zCQat7A7veYCieTiZM64mN9d1NGqc,3.4318796180932516e-06,3431.879618,2728.2839,0,0,0,0,0.0,0.0,0.0
2026-09-27T23:54:22+00:00,92ninR7mzzP6qQhf3hkPjgeym96rtfnc5pUGHWn7pNY,0.0002451249802149124,246393.6117,1.457922982e-06,0,0,0,0,0.0,0.0,1.757
2026-09-27T23:54:22+00:00,GKtNkQJtZ8s7jFo1AG7JC8mnn7WSf1vm6ngmBhuppump,3.430661983780622e-06,3430.661984,2706.9133,0,0,0,0,0.0,0.0,0.0
2026-09-27T23:54:22+00:00,7KsHxqhZcKddVA1fhVA2oymMYY2ibwHzn9pfTbXC2KK4,6.126274774786593e-06,6126.274775,4419.2987,0,0,0,0,0.0,0.0,0.0
2026-09-27T23:54:22+00:00,8DXqVUopcdviLvujTcpwEqkKzB43Arp6E1axzsEE5Btq,0.0008326128087754635,816893.703412033,96865.2577,576,412,340,323,99050.1297980164,-18.826,-27.267
2026-09-27T23:54:22+00:00,DHLXeQmBYoKBzWUN2ZgNdZmdqHKLoWNUDerkRxredWx,2.7867975092311615e-06,278679.7509,2.101460065e-07,0,0,0,0,0.0,0.0,-1.767
2026-09-27T23:54:22+00:00,D1Jf2FTyYiU36oW9Rty5SpodCyK9ryUrWcdmEHvTpump,4.693112863931367e-06,4639.7475946668,3664.2201,0,4,0,4,75.2840649811,-2.255,-2.201
2026-09-27T23:54:22+00:00,ApgrtWJuoTTKucfSm5MuQJ6WuFShKqhfzHJcNVbrpump,4.821599979729402e-05,48207.7586370418,0.0,0,0,0,0,0.0,0.0,0.0
2026-09-27T23:54:22+00:00,LatHeGq8sKiccjBrGUSHp8mERHphV5prQvvzibu3rg6,3.965327861472592e-06,3965.327861,3131.604,0,0,0,0,0.0,0.0,-1.368
2026-09-27T23:54:22+00:00,AGBuP12RvNQQrFicjGgH8o7SnrXJAWVm7z7uLWWNVe25,0.04760670674070383,47606706.74,5.742380531e-06,0,0,0,0,0.0,0.0,13698.532
2026-09-27T23:54:22+00:00,7zkVvdxpHVKx8GEXXPqGoG86yhCJhaJENTvwpuKwspew,2.0078476982939572e-05,20473.6124504736,3.321391655e-05,0,0,0,0,0.0,0.0,0.0
2026-09-27T23:54:22+00:00,65PgqBeaQ796L6hk11AUEpyrgzvED6LgKmBFPmqVLad2,5.547589655273673e-05,59293.873084778,6.435320709e-07,0,0,0,0,0.0,0.0,0.0
2026-09-27T23:54:22+00:00,twTmbSR2WYY5yTDBQbpKNUhy8u5Gk2iFYVxHbdQVcoP,0.00013481522105669946,134815.2211,9.237139088e-07,0,0,0,0,0.0,0.0,0.0
2026-09-27T23:54:22+00:00,9oXM6yhVuTYiiVa8aXaf3YREv3pTSvEG5FCAm5wZbMND,0.00014773537378734685,147735.374095471,9.329364952e-07,0,0,0,0,0.0,0.0,0.0
2026-09-27T23:54:22+00:00,2949z21XVsk9KmoU4q23SMRaLYW8GPcNJroH3B2apump,5.041228168295215e-05,50412.28168,0.0,0,0,0,0,0.0,0.0,0.0
2026-09-27T23:54:22+00:00,2r4cPHduWmAeh7F2gqzSvfMJ1beUVaZBZYMEUMuNqYu7,1.9802393043081403e-05,19458.996699459,28828.3649,0,0,0,0,0.0,0.0,0.0
2026-09-27T23:54:22+00:00,FCEjmz9E9yqrGvGu4voUARtv11fwmyYm4JKuSoG2X5Gb,5.012004741191179e-05,49948.8549488023,0.0,0,0,0,0,0.0,0.0,0.0
2026-09-27T23:54:22+00:00,FMqod9SpTodTmhQVF8VtbN5qXdeSih2PnsqeqEkMpump,5.030465270852136e-05,50304.65271,0.0,0,0,0,0,0.0,0.0,0.0
2026-09-27T23:54:22+00:00,9594CVoQfvyAg53ToXWqJjMNrwzjMsqiPehg7GZjpump,3.4336301860376185e-06,3433.630186,2701.2276,0,0,0,0,0.0,0.0,0.0
2026-09-27T23:54:22+00:00,G1nMJ6fg3SmRbowVGtSVQnpkdo5VWy9E9krGjwfipump,6.335749335951153e-05,63397.9837935607,6.473226982e-07,0,0,0,0,0.0,0.0,0.0
2026-09-27T23:54:22+00:00,6KfHYCNzpp4Y4CteXm3mDHmFiyHU4LaeTRpBF2p6hiq1,4.939664379734445e-05,47641.6547647522,0.0,0,0,0,0,0.0,0.0,0.0
2026-09-27T23:54:22+00:00,DJKCCmDBtfZFt7HAvEtUW6SWeiohg2xEHZGQduSxZ8Wb,0.0002515372293066007,249005.0288,1.34894239297702e-06,0,0,0,0,0.0,0.0,0.0
2026-09-27T23:54:22+00:00,GMT2cGrQfKrmHcu2U8T3JZXHLoj9L3xJGi1QqrsdCbxd,0.00019946404765806052,199464.0477,1.965733381e-06,0,0,0,0,0.0,0.0,0.0
2026-09-27T23:54:22+00:00,3v6r37iS1eJNoT5ko3qr7BUz5bpDBGSdxmmATucjFwq7,1.7042501860576676e-05,16241.5798662416,0.0001970862958,0,0,0,0,0.0,0.0,0.0
2026-09-27T23:54:22+00:00,o4yUzLw6Saz6JnHJCnZSWcemSU1nX5N7hKB3bfhpump,3.662858368601679e-06,3662.858369,3032.8399,0,0,0,0,0.0,0.0,-3.822
2026-09-27T23:54:22+00:00,CM5M8C1H1ZUoDjxZBrm21eEEHwaL5Tdg5m8nqBBvxwGD,2.2431853553336652e-05,22431.8535724319,5.21049493e-05,0,0,0,0,0.0,0.0,0.0
2026-09-27T23:54:22+00:00,CedSVzaBjbqniJ1GpUcTozB58S56yDX42nTXsz31zQUe,1.4262465396842764e-05,14262.4654,8902.1675,4,12,4,10,1095.3141977987,-22.872,-46.373
2026-09-27T23:54:22+00:00,7S1kzM12jNoeAm9URh43eUnjgwwCQYb1f5h4UZjFjAgA,6.005596856748655e-05,59770.23645,23620.554,0,0,0,0,0.0,0.0,0.0
2026-09-27T23:54:22+00:00,BHcmM47Jzm1QFDBzPGC5SrLyQNNsJttNRKgnUwMbonk,0.010486300886248688,41945.20356,0.0244,0,0,0,0,0.0,0.0,0.0
2026-09-27T23:54:22+00:00,875nCQ7w2LqbZrNe6KXmBkBEY2TiJAapW9rmBwUce6tg,5.669977520882705e-05,56711.17379,6.353340075e-07,0,0,0,0,0.0,0.0,0.0
2026-09-27T23:54:22+00:00,AbfLN7d1BdbV13NQv8kP5tHiZr1qKAEs7xMN1U2BvA3U,4.91605121647048e-05,49160.51216,0.0,0,0,0,0,0.0,0.0,0.0
2026-09-27T23:54:22+00:00,BoSNMHpY75JUMFb1EHx9of2yAaYc2Zive2TJXfa5pump,3.4055364705745304e-06,3405.536471,2707.8434,0,0,0,0,0.0,0.0,0.0
2026-09-27T23:54:22+00:00,69sisPLJNkaCwgNDkeDy7ueByMAM52cMR9eY9T3grUBs,5.936930663233771e-05,59307.59178,11463.0993,0,0,0,0,0.0,0.0,0.0
2026-09-27T23:54:22+00:00,5mdbw1mfaB7JbejXdijFwybaUbV7SUzDJcAjKmxTeSmH,0.0011831964364242148,1183196.436,2.63499399327875e-06,0,0,0,0,0.0,0.0,0.0
2026-09-27T23:54:22+00:00,6nvUMM2srxp24EuVdaFbM8EmFYoFVHgoiB2RBb7FmfQ3,17.073070068190606,17073070102.3461,12.3357,0,0,0,0,0.0,0.0,0.0
2026-09-27T23:54:22+00:00,9fETWVSGArSGGDrmP4oJYyKmGL3MRkoMRtub3TWAmryV,0.00036493901394503696,364939.0139,0.0122,0,0,0,0,0.0,0.0,0.0
2026-09-27T23:54:22+00:00,42s1RxjsCYjo2nZEQMM3eVEVH1BMYnk3dqZ1numtraNY,7.165037105552378e-05,70795.84878,6.81534917533781e-07,0,0,0,0,0.0,0.0,0.0
2026-09-27T23:54:22+00:00,DEXErBu1tqMufAaqpdqzUjpehgv2VmF3h94Sqiiipump,3.5270805755386507e-06,3527.080576,2811.4115,0,0,0,0,0.0,0.0,-0.213
2026-09-27T23:54:22+00:00,E17dHzzy4XMZ5d8XzB2LWwgWYo1pnuzyiHK3Bwpz8d5P,2.5899764487383094e-05,25673.8841556739,9.818088111e-05,0,0,0,0,0.0,0.0,0.0
2026-09-27T23:54:22+00:00,3FfCcJoAJhbXyd4LaiLw4QvLqxnMKhTKfZkUgPRsRRT2,5.0436968607130656e-05,49801.50679,0.0,0,0,0,0,0.0,0.0,0.0
2026-09-27T23:54:22+00:00,G3FagANWjqyn2BzqXo5oAtxGESZLM6G8qjxpGMv9qwR4,4.7459975628319475e-06,4745.997563,4419.1012,0,1,0,1,158.6232260411,0.0,-39.237
2026-09-27T23:54:22+00:00,FQnupu5zhfdSaj7d7jJz2dfuowiztcJX1eutWeBHKtQN,5.679137619063118e-05,57008.70913,6.333633949e-07,0,0,0,0,0.0,0.0,0.0
2026-09-27T23:54:22+00:00,A6R4vgoBZznVx931QNhoYnAw9J32pf23mDnLEtacxFUC,0.00017213260022973348,172132.6002,9.71270758587008e-07,0,0,0,0,0.0,0.0,0.0
2026-09-27T23:54:22+00:00,BqouaqkQUPpm7gTgfR6j5KcGYpBRK6g5rX5tu1w7f9tQ,0.0006950449698495916,694843.908835677,0.005031140377,0,0,0,0,0.0,0.0,0.0
2026-09-27T23:54:22+00:00,5S4m8rkZ9aEoSHLyJgUJtR1ZM9KQszZftmhWMJ8NF777,6.606616062252459e-05,66066.16062,24343.9569,0,0,0,0,0.0,0.0,0.0
2026-09-27T23:54:22+00:00,2iZghDPGjFzeMHGLBnf34CLufBSfguaHuFruQxvzAryr,2.753495769642808e-05,27534.9577,51449.7201,0,0,0,0,0.0,0.0,0.0
2026-09-27T23:54:22+00:00,6yMW8La9Vek9nqqvoddEA8UfdBEi893kW8PbnXAvfour,4.8965222173390494e-05,38245.7314223486,4.91702535306273e-07,0,0,0,0,0.0,0.0,0.0
2026-09-27T23:54:22+00:00,3YFDt7RDRJxgp8JDRta5fFbH9Y72Kf5wchimyKmm5gcf,5.673138952087203e-05,56731.38952,21430.4601,0,0,0,0,0.0,0.0,0.0
2026-09-27T23:54:22+00:00,5YcNDZCncNvpVWoAXUtPYz6y2mmu1ZTD1zt8ZzMQ7MbS,3.3223297780873016e-05,33223.29778,4.59404481e-07,0,0,0,0,0.0,0.0,0.0
2026-09-27T23:54:22+00:00,Gec1S7aYfu9HV58sd55REQQ6E4BY6oxB5WPW3s7R3v6r,2.242416488029014e-05,22720.2989114966,2.79344185758427e-05,0,0,0,0,0.0,0.0,0.0
2026-09-27T23:54:22+00:00,DicQ3KVeSqaNbqSZnRvxTLfXFnLcFC7AVhgASE7RpwaE,1.9692000554596903e-05,19688.966699689,0.0001056999138,0,0,0,0,0.0,0.0,0.0
2026-09-27T23:54:22+00:00,21UfAy5fPSs7XBqZjvseyidViX86m4ZFYiFSoMaxBTFY,6.255487180840078e-06,6255.487181,6414.8048,0,0,0,0,0.0,0.0,0.0
2026-09-27T23:54:22+00:00,2hwD3HEVmn3yZtiiJtiwCtDtpp3BrrCXnaSh2pxrU7SR,0.00012958394632481954,129364.283158729,1.106637386e-06,0,0,0,0,0.0,0.0,-40.787
2026-09-27T23:54:22+00:00,4gRfXFzrbRKYe4bwC4tuBr4NcFSC5o3eJUCJcitr3BNz,2.136558130759218e-05,21365.5813313656,9.96464141687632e-05,0,0,0,0,0.0,0.0,0.0
2026-09-27T23:54:22+00:00,7a3U2mDYunTbMLJAUPT6PFLtZsf8EzkWXxueQB5WhgP,1.7910097523942518e-05,18332.566902338,0.0001538395226,0,0,0,0,0.0,0.0,0.0
2026-09-27T23:54:22+00:00,5UhTmZTvuUKop8w2cjAQj9nQz7wNM5HxRHGt8X1Uat3q,7.992379051650187e-05,81904.0731419041,0.0001212342393,0,0,0,0,0.0,0.0,0.0
2026-09-27T23:54:22+00:00,7smz97fA3YUFTKnFV1vtgvyw1qjrS8KN3ZtbozG3Qrad,2.0236478011366777e-05,19976.4638199765,4.554574199e-05,0,0,0,0,0.0,0.0,0.0
2026-09-27T23:54:22+00:00,BfA5KGhWhdtwMKJ6Jhr7YsMUaNYDD8cu6F9ZrVNDZcbY,0.00017970565798181611,179705.658,9.59521084690253e-07,0,0,0,0,0.0,0.0,0.0
2026-09-27T23:54:22+00:00,2Y3TvjBBqE5XpxgB3TTF5TczWSKv54j13waxcU8fPGk1,0.0002573600757372868,254887.5334,6.090223862715e-06,0,0,0,0,0.0,0.0,0.0
2026-09-27T23:54:22+00:00,7MPwgsq3A8wFHuqpQJ3icQdNrcnDpPySLGULSMQcSfPR,5.826909478905121e-05,57745.7026893196,6.34854990268582e-07,0,0,0,0,0.0,0.0,0.0
2026-09-27T23:54:22+00:00,CJx1fuGW9ftdXa4PjMSxkSabZSKdaWXfYYcLqzdiPVyX,2.1689001907062e-05,21689.001931689,0.000100215229272498,0,0,0,0,0.0,0.0,0.0
2026-09-27T23:54:22+00:00,3xGwWRepUK9gf8FAx44tQBsviCf6WpfYKrv5TtgZ1sRQ,1.1662736613216884e-05,11683.9938358765,21912.3815,0,0,0,0,0.0,0.0,0.0
2026-09-27T23:54:22+00:00,3dRwACCdwv3YogFtgNTS57ANV59j1c8eEdyaJGq1BDsU,5.397219506817064e-05,53972.19507,0.0,0,0,0,0,0.0,0.0,0.0
2026-09-27T23:54:22+00:00,FA7X2YG4q6L5nAZbWjyc8X5auG27uGpYgGwPBBx5pump,0.0029046395337081273,2841251.9171823,158508.398,180,69,128,43,3867.6834769799,1.736,102.001
2026-09-27T23:54:22+00:00,HgoScXAo4zFv5kDb6axGrwuz95FaVEcLskyDVZfo297z,0.0013594859289281249,1231516.531,111797.3638,61,72,49,57,11796.5286487898,0.155,-27.221
2026-09-27T23:54:22+00:00,99SDwTevUTgDZ2Ncha8rzMhrGsoCFpUd6sW4PAsatksn,1.4925280476025743e-05,14524.7460245247,2.5562416584667e-05,0,0,0,0,0.0,0.0,0.0
2026-09-27T23:54:22+00:00,L1PrXMM97whi2rYjqYQfMeKcmJgmTZjpZTCaKFBQ7nD,3.396172961129417e-05,33730.1609969592,2.099677273e-05,0,0,0,0,0.0,0.0,0.0
2026-09-27T23:54:22+00:00,7agx8eyK8mVJvfmR2FZmnsk4tJCjdpJCqJCrqcs3pump,5.0081063392442476e-05,50075.04654,0.0,0,0,0,0,0.0,0.0,0.0
2026-09-27T23:54:22+00:00,8TxtjqTcbp91g3464ihaV4UtWyBfh6osHXwDk7Jmpump,6.320075298240424e-05,63014.8326,6.33857341978567e-07,0,0,0,0,0.0,0.0,0.0
2026-09-27T23:54:22+00:00,HApy3ceQzgzkw2D9CawCEFaZEnhhgDiMquLLdHfHciYu,1.7505812711144177e-05,18061.3937780614,5.36766081508235e-05,0,0,0,0,0.0,0.0,0.0
2026-09-27T23:54:22+00:00,DSmRx5Nqp8UbT396YXmDTXQcjhUHn84K8vgmuZkKBzhq,0.000101392048796629,96374.6274863746,0.0001007577745,0,0,0,0,0.0,0.0,0.0
2026-09-27T23:54:22+00:00,Hv6gbk95sK4HsgEpzNQcACK3sA8hmQUU67Csfo5u5Ard,1.587067677307904e-05,15817.2091058172,25538.1034,0,0,0,0,0.0,0.0,0.0
2026-09-27T23:54:22+00:00,5TUfCnGKUFSJ93NBSwL7U9ZpCJ6EmtAWUYsZxj4HGqcW,5.519704213384772e-05,55197.04213,0.0,0,0,0,0,0.0,0.0,0.0
2026-09-27T23:54:22+00:00,7ochtKXK6jwLAWg3WqNthieaj84HB5quLBEMrpd6ffZN,5.731273405636187e-05,57269.81905,6.331316938e-07,0,0,0,0,0.0,0.0,0.0
2026-09-27T23:54:22+00:00,5StN7eSv1W3DuBjRiD8BBT1zpegonSAfkqpCVnsfVNmo,0.0002425581719035521,240349.9698,1.16562079840172e-06,0,0,0,0,0.0,0.0,0.0
2026-09-27T23:54:22+00:00,Ay1w8fAhkuQK2xN7ZFPRWYf6boLc1DZ3KcqrRx53Ber,2.315633390376069e-05,23268.1746998045,31071.6448,0,0,0,0,0.0,0.0,0.0
2026-09-27T23:54:22+00:00,3RNy7erxjwGRRYvM6KzVKVtuFnNSpkQFwwiHhUH26xoa,5.384025568100468e-05,48012.5249,19106.7317,58,71,40,56,6903.7624617831,-3.876,-76.661
2026-09-27T23:54:22+00:00,DEjoXLoJLLfoYMpALy8Cg8QSxA51FW4iDXKxexpdSmRx,4.588260456928081e-06,23.04330918,0.1097,0,0,0,0,0.0,0.0,0.0
2026-09-27T23:54:22+00:00,Agw4sQ2D2EMVhqa94yWiNscJUuBinnA6dLoFviHNySR8,3.5854855327039533e-06,3585.485533,3475.3547,0,0,0,0,0.0,0.0,-2.668
2026-09-27T23:54:22+00:00,BcpRdQiNzwGRJLbtrUwKrLCWAVwm8Bm1KKbGYtUohoyG,0.00015971096855951753,161950.3254,9.374741854e-07,0,0,0,0,0.0,0.0,0.0
2026-09-27T23:54:22+00:00,C21FJxnw6ctehNzc5Bc2UrqEagx4qBunVFvkWoYXtLhF,2.3523237372911215e-05,23523.2373935232,4.748833858e-05,0,0,0,0,0.0,0.0,0.0
2026-09-27T23:54:22+00:00,2YSk1cVbWWhVrW8whBtf516WdedhQduEKHDHiGbBpump,5.021728042463339e-05,50217.28042,0.0,0,0,0,0,0.0,0.0,0.0
2026-09-27T23:54:22+00:00,8ijW9ujtU9CHXDmUZ4fZ51vErJV2mx1DnfzjcGLbaXyM,5.8463426675402704e-05,58463.0865819197,55491.0986,0,0,0,0,0.0,0.0,0.0
2026-09-27T23:54:22+00:00,4MvT9bNSYQmxMBkV14qm9VPhyr7KthWBq5G9PpoZpump,6.412902859107464e-05,64089.03283,6.482765835e-07,0,0,0,0,0.0,0.0,0.0
2026-09-27T23:54:22+00:00,GmTGKumEpgq1xjLnzk6CLKFVLDaLw5ez6dwFtRyBbKcE,1.9719992061468038e-05,44.16219551,0.002461430722,0,0,0,0,0.0,0.0,0.0
2026-09-27T23:54:22+00:00,H4wDkYxCTaeBNQdEWk9r5K2ddzruRdSB3J2ivsq4pPob,1.696580575630394e-05,16621.6426666216,3.8160335071395e-05,0,0,0,0,0.0,0.0,0.0
2026-09-27T23:54:22+00:00,GvhSPDqyPYgHob9HZL8CuV4yQfUUcw88ppTakgRz3URw,3.563774647001921e-05,35636.970028355,0.0,0,0,0,0,0.0,0.0,0.0
2026-09-27T23:54:22+00:00,3twWHp2uq1zaFrW5UxAGdHvZVyUARCovT9saTvCdbonk,8.618438510638072e-05,86184.38511,0.0366,0,0,0,0,0.0,0.0,0.0
2026-09-27T23:54:22+00:00,4czjXTWXR7VJiaEY3i9FnuBJkgFz7XmcpERygboqpump,3.700481905951227e-06,3555.5243699468,2929.4186,0,0,0,0,0.0,0.0,0.0
2026-09-27T23:54:22+00:00,2F1mZ9znwpC3NZRsXKSnq4ejgBiL9sRboZRUuN94wLWM,7.460620539867349e-06,7826.17705,6014.1278,1,0,1,0,39.4284126764,0.0,1.249
2026-09-27T23:54:22+00:00,AHuxFiCnX65nvCRzLZHr1VmtoA9LBWK5hGai3C9v44T6,5.4258364152653406e-05,54160.1733980864,6.263093089e-07,0,0,0,0,0.0,0.0,0.0
2026-09-27T23:54:22+00:00,FdjkMLM79vWtvaDYU83xkXoZAPnhdKpicZmyFQQ89RSN,0.00019092119041540836,194041.963894042,0.00021920852273561,0,0,0,0,0.0,0.0,0.0
2026-09-27T23:54:22+00:00,EWghpAaYGd4h9wjRw6aAQVHHxr9Vx6EYMe1ynTcY3gcp,9.908389473387801e-06,10315.1478,6184.2534,9,1,9,1,462.5025632175,16.099,72.798
2026-09-27T23:54:22+00:00,4kDfsU81RM6u2x4frbbUJoo6kFpoXriSCXACJTm2G1oG,1.3479194727520544e-05,13251.8404432518,8.599882402e-05,0,0,0,0,0.0,0.0,0.0
2026-09-27T23:54:22+00:00,4oABZg7Jnx1WvukCTDWeaJkKEFKD6t5kfqhQvGBs54je,7.456394560282732e-05,74563.9456,6.707423405e-07,0,0,0,0,0.0,0.0,0.0
2026-09-27T23:54:22+00:00,8hhofkDL7nZSgHUaavFkp9T2tvtxbJPKJAkps27Ypump,6.275326161557427e-05,62753.26162,6.411639251e-07,0,0,0,0,0.0,0.0,0.0
2026-09-27T23:54:22+00:00,562rSMBaCVLRGvP1MdGe7A5poEgQUoRG37JqsKrZheYv,5.64689155215235e-05,56969.20718,6.314401352e-07,0,0,0,0,0.0,0.0,0.0
2026-09-27T23:54:22+00:00,2fHrMrEKahXTz9BDgGN4DKYkH8RXZGwu7iYcRoUUGgtG,1.8058004837676926e-05,18058.00484,27973.1063,0,0,0,0,0.0,0.0,0.0
2026-09-27T23:54:22+00:00,Aw7jQdxvdEv19K3jtFnbWJhaCbXGPvs4vQpPMDdwSBP3,5.644405877731934e-05,56644.29033,6.25487901e-07,0,0,0,0,0.0,0.0,0.0
2026-09-27T23:54:22+00:00,7webxiJfmuLPiQEgxMoaBJ1U9nePizYa8nVHv12Ybonk,8.286893462346852e-05,82868.93462,0.0366,0,0,0,0,0.0,0.0,0.0
2026-09-27T23:54:22+00:00,wxmQK9z3RM6kdgrUGcQrPdBN6ncnWF3nB8t5AbfnN97,8.947397420220652e-05,89472.3294910114,7.709526828e-07,0,0,0,0,0.0,0.0,0.0
2026-09-27T23:54:22+00:00,6uippr2yoHhCZirtDnnKahgkD8dPpi9ybxcxNgYSpYNB,1.4491677542496714e-05,14491.67754,3.76538874034714e-07,0,0,0,0,0.0,0.0,0.0
2026-09-27T23:54:22+00:00,Ag8VFhAaXzjAxxj2BNBeWJFMuskkVbnknuErhkhtboF,0.0002386147222415197,238614.7222,1.17415313114934e-06,0,0,0,0,0.0,0.0,0.0
2026-09-27T23:54:22+00:00,6GsRicHhaf1wG5ZAm4jT3Z6SLVagbJJUvvqJxhhFpump,2.8781725175740486e-06,2729.2126341158,2854.2537,0,0,0,0,0.0,0.0,-7.482
2026-09-27T23:54:22+00:00,FFPSq1ByV2XdPTj2UkSPRe14NoQydUkarBLeNfXd1gdj,9.874363716856364e-05,95899.9505,26696.4379,14,12,13,12,1860.8212577075,-3.393,-36.593
2026-09-27T23:54:22+00:00,6n9xcjUAGy7hnd1LFdzBqpKUwhumh5eKJipDk75JwkkW,1.4774330969495042e-05,14068.4679141567,24072.2982,0,0,0,0,0.0,0.0,0.0
2026-09-27T23:54:22+00:00,6KqbfB3zL5SockYzfNAFHrTQ9429RZaRPPmQif68U2Hq,4.890977241714188e-05,48714.1740085686,0.0,0,0,0,0,0.0,0.0,0.0
2026-09-27T23:54:22+00:00,BdeQbxD9v9JkKam8r9P3wz317rn7jDu7MHGczVw2LZ8m,0.0004708250336670446,470825.0337,1.82951852e-06,0,0,0,0,0.0,0.0,0.0
2026-09-27T23:54:22+00:00,HxNzaehXN56aJSF2yHRA3Wbxmav9QyvgtwJDZSmMpump,6.480075910274828e-06,6480.07591,5331.4698,0,1,0,1,5.4619251543,0.0,14.016
2026-09-27T23:54:22+00:00,Gj2ksaU1VgcRSQhbBwYYNDDhUiLPc3jY2rPkaSs5U777,6.2355301575809e-05,62355.30158,6.431204473e-07,0,0,0,0,0.0,0.0,0.0
2026-09-27T23:54:22+00:00,A7S1e8eN3sbCnGS5HAraBUF6eN9Gn3wR3rBiJS1kxuqe,5.746121756709709e-05,57461.21757,6.312161044e-07,0,0,0,0,0.0,0.0,0.0
2026-09-27T23:54:22+00:00,nheVhBEu7aQgtZLbtLkzvZEhhQh9fctKXWWFPd8pump,0.002798291830751099,2761947.67796015,169838.7655,153,63,121,58,7920.4361980691,1.993,185.013
2026-09-27T23:54:22+00:00,88FirgpLH7CPAqWr426XykKETqM592wTrWqSRipHZbSa,1.237096147184087e-05,12370.96147,12795.6309,0,0,0,0,0.0,0.0,0.0
2026-09-27T23:54:22+00:00,FNRD5UDEVL2EcMEtPevqt4b5jDCMXELog4FVkEfRQsCA,1.2276818272686025e-05,12276.81827,12235.875,0,0,0,0,0.0,0.0,0.0
2026-09-27T23:54:22+00:00,8TiH2aAFhhuTr572fuJNxLz3MS5UtGQjiA3vy1ws9Zdz,3.4969516185813685e-06,3496.951619,3355.8798,2,2,2,2,64.4387555826,0.681,-44.586
2026-09-27T23:54:22+00:00,4Gx1X1BpGZVGu51xfaKrp4qcM9oUEVGLFstQv9owpump,4.9874194667310494e-05,49874.19467,0.0,0,0,0,0,0.0,0.0,0.0
2026-09-27T23:54:22+00:00,A1cpNt5497MRNcebJLBQdZuni4ZrpbfZtopG5XXVU8Gm,1.554598054851226e-05,15429.8107454298,9.38813133503235e-05,0,0,0,0,0.0,0.0,0.0
2026-09-27T23:54:22+00:00,EeG2GGh9NUjVnknkJdbhbZKgSbzLtn2iAuGiDwdgVShF,9.503556707680221e-05,93528.4153335284,7.177971121e-07,3,3,3,3,1323.4384332429,-0.77,143.914
2026-09-27T23:54:22+00:00,GNR4Ao7GM31k5NiN9AQoK4tj5PAA61sXzCoh4bmYpump,3.412525509063134e-06,3412.525509,2716.0628,0,0,0,0,0.0,0.0,0.0
2026-09-27T23:54:22+00:00,2MTou9QEaLd8Xqyy1jVk7cZzC8dD3UE4VQnZ7pg9pump,4.184054397682375e-06,4184.054398,3276.518,0,1,0,1,4.5361774738,0.0,-0.088
2026-09-27T23:54:22+00:00,DJMx3M1scy4BTzSTQJLrmtAehTcCuNrd885JjAWijups,0.004530709958817835,4530709.959,6.445456608e-07,0,0,0,0,0.0,0.0,0.0
2026-09-27T23:54:22+00:00,94HSRTXMJPAoC2PhNzsJChCHbDv75KZnyyrxNtvRnViP,0.00195725225740749,1750787.702,0.0122,0,0,0,0,0.0,0.0,0.0
2026-09-27T23:54:22+00:00,EKSdvDxtA84oySTgaDcDGXyFC5nLvCMDafp46nWJunF4,5.885254265385697e-05,58851.6619211725,56149.5736,0,0,0,0,0.0,0.0,0.0
2026-09-27T23:54:22+00:00,5WKEWCpvbHS8TsAsge5v8FpFXyG2SMNFhVfqLtWYoSu1,1.3849739128679545e-05,13849.7391438497,5.11698378671421e-06,0,0,0,0,0.0,0.0,0.0
2026-09-27T23:54:22+00:00,FGktc5Es2PNDv3rhK2S6KBsbfQZonabD7oP7ZDmojnJ,4.7579964927483794e-05,47579.96493,0.0,0,0,0,0,0.0,0.0,0.0
2026-09-27T23:54:22+00:00,VjftXfgZapnhnwhA69BP8thhcoS1PAzanWPDFYZ7GsD,1.1577878915300958e-05,11573.0091750333,2.67846079155677e-06,0,0,0,0,0.0,0.0,0.0
2026-09-27T23:54:22+00:00,G3EZu7t5T4zy9bgbdKe7YbtNfBzL3nePcMr6JeaYsw1t,0.0001532356073783394,153235.6074,9.47136280099449e-07,0,0,0,0,0.0,0.0,-33.927
2026-09-27T23:54:22+00:00,H4vfewfwrjgzTzMGfoskTJoxrBW9vMutoVP5m8rb6Uun,3.501683355527555e-06,3501.6833559998,2784.3238,0,0,0,0,0.0,0.0,-0.82
2026-09-27T23:54:22+00:00,95NKmBaCH2yfEefQHJf7hcbty24NP84XRhx7Ta8zpump,3.6360579127323278e-06,3599.9525653181,2882.0834,0,0,0,0,0.0,0.0,-2.6
2026-09-27T23:54:22+00:00,H8Z4ALPwuLJVaZp64m2HyvwNRe65b4xBcjgKcAgjnnmp,2.098546807205558e-05,1158740.334,0.000975767627351997,0,0,0,0,0.0,0.0,0.0
2026-09-27T23:54:22+00:00,5uAJPcmuk22CWDVTrkZjRfcCYnrxfDkwMyyJZg4QLv2q,2.2049432563096407e-05,21703.3962117034,9.659607056e-05,0,0,0,0,0.0,0.0,0.0
2026-09-27T23:54:22+00:00,FQj2arb1LcYGU7mF9BP9BYGGTLHHXTVs3pvdexSWebjA,5.518256813559662e-05,55182.56814,6.259308577e-07,0,0,0,0,0.0,0.0,0.0
2026-09-27T23:54:22+00:00,ArHWUADgaXyPoHvQWvnFhchJzrBND4doCM1cTf4JadRE,1.206935813965158e-05,11968.1060873609,1.94487043185239e-06,0,0,0,0,0.0,0.0,0.0
2026-09-27T23:54:22+00:00,GBLiyXhWJ3tKaG2R1v4Xbg1RA81XK8MbF7kwDypV94BB,2.109162194921095e-05,21098.3891310984,0.0001717227048,0,0,0,0,0.0,0.0,0.0
2026-09-27T23:54:22+00:00,9L4xAusWTDaHxbA54ZRQGeqM5UZrHyysjx5qnTVvyApT,0.0001191462314103863,125679.73342568,0.00012008301025678,0,0,0,0,0.0,0.0,0.0
2026-09-27T23:54:22+00:00,3nzrxfMG1JHjKdmepdySmwKnQJhcGRDjwzTvvcEDfFBv,4.989679139745595e-06,4989.6791399999,3797.2086,0,2,0,2,12.9217033185,-0.247,-47.309
2026-09-27T23:54:22+00:00,ScnhBmMYsjLZX7z5EjLtSSZjNpYh7D9S4cX944Mpump,2.876756591468569e-06,2743.7016775105,2830.034,0,0,0,0,0.0,0.0,0.305
2026-09-27T23:54:22+00:00,BvnqdYwuFrvi9ds63EtwQLYME89ikJkULnJPAd83pump,0.0002035816567168928,195513.686365843,41435.868,16,9,16,9,4296.2335040989,5.448,12.761
2026-09-27T23:54:22+00:00,iuMh3MwbidNHmWcbxeHuLXZQT5cQprPFLbjgDSUtUQ3,0.0002675632954392384,545.8073695,0.00263076488406282,0,0,0,0,0.0,0.0,0.0
2026-09-27T23:54:22+00:00,4ZUpim5ZRfsPpHxn1Jj5euES83s5ZgvBA3VSxENQn77h,1.5926085057620144e-05,16393.9383763939,2.477336403e-05,0,0,0,0,0.0,0.0,0.0
2026-09-27T23:54:22+00:00,3bm27vzA7SETPf7ZrEvQYmr6isUktkQuZmXon3Xypump,6.21665525658818e-05,62198.5564,6.422445807e-07,0,0,0,0,0.0,0.0,0.0
2026-09-27T23:54:22+00:00,EHukM8oGcpeiu89NYA5kyiCCh963i7eEKBoyiotT4Bq7,5.67231001299965e-05,56723.10013,6.284028308e-07,0,0,0,0,0.0,0.0,0.0
2026-09-27T23:54:22+00:00,BL6gr3xTabuts1W4Ua7A9mCJaGv55GHVqUNXmrXTi1jA,1.3455536362123484e-05,13485.9547194086,1.366041467e-05,0,0,0,0,0.0,0.0,0.0
2026-09-27T23:54:22+00:00,J7ogZNqLut27JRt69ycc7xasx5FK6y9QJnr29dB5fLys,3.442706147453265e-06,3442.706147,2737.4026,0,0,0,0,0.0,0.0,-0.975
2026-09-27T23:54:22+00:00,2BDL3GMBqJxcAoww9BtdJMirtkguRyRMbN8TZav3k5Ze,1.765043044618178e-05,17631.23028,9.60771010725125e-05,0,0,0,0,0.0,0.0,0.0
2026-09-27T23:54:22+00:00,31Gk2Ej4qqbw2y9azRoNKLRcTA2HRnwDYu4oKbfGYNHm,2.4328168054437575e-05,24271.7771316273,0.0001678817424,0,0,0,0,0.0,0.0,0.0
2026-09-27T23:54:22+00:00,CHqG6sH62EwuzUsVacqFN43hrTZP9WFEvxj2nBMAhU8p,0.00018270225988464405,182702.2599,0.0122,0,0,0,0,0.0,0.0,0.0
2026-09-27T23:54:22+00:00,2Kz5jhqyXFBJx5W9xRFGf4BU2TvmRTdqqU7rSND3Bjc6,6.686858574564483e-05,66868.58575,22864.6831,0,0,0,0,0.0,0.0,-0.531
2026-09-27T23:54:22+00:00,DNEVjt1PbJfEKBi1WN1XxscmsirwSQKsBDjha2gXpump,4.967260252106896e-05,49748.5808299502,0.0,0,0,0,0,0.0,0.0,0.0
2026-09-27T23:54:22+00:00,95uRmfMtycVw25zrL8yorWY1fFr4X1KcPCZgSzZHjh2u,2.7170195486411234e-05,26923.9322669239,0.0001340632186,0,0,0,0,0.0,0.0,0.0
2026-09-27T23:54:22+00:00,6b6gmhAgZe3nTjyjxhVNCGpFVwK1j3mK6GnVs23Mpump,1.0885053880334883e-05,10157.5536972723,7522.455,16,2,11,2,509.2061734006,14.566,19.077
2026-09-27T23:54:22+00:00,EPs12AZTtYsm6fwX93FafcZJCSwzVa7zZDsdPdGpump,0.0001769133139732225,178383.824901875,36927.9972,1219,895,297,265,2441.5227143467,13.829,-53.789
2026-09-27T23:54:22+00:00,4QCdBmnQ2H92cvCsGM6ZNq71MjqPkmdYjqksBkTYpump,3.4076887008641783e-06,3407.688701,2720.3781,0,0,0,0,0.0,0.0,0.0
2026-09-27T23:54:22+00:00,9qBf89DWNAKL65arwK3EnpUxtSfe9R7W9RBhmP7cHNV,5.781662095438782e-05,58109.30866,6.319438347e-07,0,0,0,0,0.0,0.0,0.0
2026-09-27T23:54:22+00:00,8jWzx3vojz35ru6HeMcy7Ez84wr9GTRZ9YisTjDKpump,6.335516289184249e-05,63243.29377,6.408963255e-07,0,0,0,0,0.0,0.0,0.0
2026-09-27T23:54:22+00:00,DeXHhsH329mt1zwP2VqdUPLHWc38ZTVfmbbXCkm8pump,6.507750658367148e-05,64885.33345,6.44013563254055e-07,0,0,0,0,0.0,0.0,0.0
2026-09-27T23:54:22+00:00,Av2WLf2SgkqVd2jYkAW2pv3gjvNrn6R8Cj6FEjY7m4Dn,1.4514289068640425e-05,14514.28907,3.751345753e-07,0,0,0,0,0.0,0.0,0.0
2026-09-27T23:54:22+00:00,Cxsg5L8SpnesZQZjtjKieyCHLBEXpLPNzFX9aoj9pump,0.0003770784526170014,367711.066385518,58809.0623,871,237,445,169,152584.500314788,-35.307,228.939
2026-09-27T23:54:22+00:00,BVZVLTUSV6ftqHPqDEggag8crXJgJ6Cz5BCWmVvqpump,4.648474526300605e-05,46030.05222,18210.9355,49,37,41,29,3983.4034510026,9.375,-61.431
2026-09-27T23:54:22+00:00,WnFL5YYoGzCskdFxowXBv2j4cjT5xcD6iNdD8dWpump,0.0018698162829925541,1830172.62025258,128098.881,421,171,277,101,13564.2089118319,9.002,173.71
2026-09-27T23:54:22+00:00,Bj5tXVUxSZ5BgDXa59rdiibqNmAaxE4nAPMdP42tpump,0.0013901745867284751,1384608.82946368,107545.7,214,247,98,109,10733.8162973408,0.679,130.765
2026-09-27T23:54:22+00:00,FjA4FYRgqDxD4bKimnsYzB16j9z264u6EoPxDGkApump,3.3953554134968895e-06,3395.355413,2710.7667,0,0,0,0,0.0,0.0,0.0
2026-09-27T23:54:22+00:00,7wscZEQnDGSbutfRKi7Aimd1J7LybvxVmZED99isKhdX,1.6808227378478654e-05,16618.9379966189,2.09617388e-05,0,0,0,0,0.0,0.0,0.0
2026-09-27T23:54:22+00:00,AUA4kFXXfmRQ3MN1oXKXhrWRT6Zukj7rmdc5GgNwpump,6.396265334310257e-05,63810.9728371642,23588.567,0,0,0,0,0.0,0.0,0.0
2026-09-27T23:54:22+00:00,J399HfSSs5qgyeKZzAqYxAkchotQt2Anb1vujxLy8wqJ,5.615405546928436e-05,56118.54517,6.245245386e-07,0,0,0,0,0.0,0.0,0.0
2026-09-27T23:54:22+00:00,EUgrTjoSpfk2UwX6dSDizz8RRzFScqKYW8icpSGwfN6S,1.933120552576902e-05,31529.1001463616,0.1343,529,273,277,22,690362.249397767,-89.896,-82.829
2026-09-27T23:54:22+00:00,9Yr7Vs2rmQScfTykp9Zmb7pXVttut9ZXZaDH6uE2CeKX,2.4160150613529612e-05,24431.8754244319,0.0002416551942,0,0,0,0,0.0,0.0,-9.986
2026-09-27T23:54:22+00:00,HRzTMpyHCdKCq2gzbZP59J5WKX13nwrctHM98BmBNwf5,1.681460947975863e-05,15790.7315057907,25697.0983,0,0,0,0,0.0,0.0,0.0
2026-09-27T23:54:22+00:00,D8YpRj2Gza1SCkhVdFiMBWfnaqUbN173CbXdfSRmRFjq,0.00011301532890423471,117016.7085,9.14687130296273e-07,0,0,0,0,0.0,0.0,296.492
2026-09-27T23:54:22+00:00,EhxGFdrH9NygyvGi5G79y9fqRoexbh5DLcu2TKAdAsZy,0.0009344566450168966,934456.645,86224.574,155,113,64,59,97525.7102662172,-20.467,14.88
2026-09-27T23:54:22+00:00,97AVKQngHK9W2FHaiL9zebqnuPGADuqhtkgp6qQG1MYW,3.876217362017092e-05,38975.09963,4.542980114e-07,0,0,0,0,0.0,0.0,12.844
2026-09-27T23:54:22+00:00,HgifwBfbMi9eBwgSVwBJc3R66Uj9267GXfwbgiQf77Ud,5.658344926661734e-05,56186.95415,6.24222793814749e-07,0,0,0,0,0.0,0.0,0.0
2026-09-27T23:54:22+00:00,5vPUcAb7HVr7dKB5FXYuKYufgLL1DtzgAcdYzME3pump,4.9883662773393754e-05,49883.66277,10381.3902,0,0,0,0,0.0,0.0,12.557
2026-09-27T23:54:22+00:00,6cWHvR5LKbxhge1XmUefvFcraWzmUQW3QkyKjqCqXNmP,5.7206100841511113e-05,57174.13091,6.248333447e-07,0,0,0,0,0.0,0.0,0.0
2026-09-27T23:54:22+00:00,C91Pyh2jp8w5Yk1DssJQ3zNb1vHayzvxveL5ipscmu4e,5.4350381889365765e-05,54350.38189,51960.9166,0,0,0,0,0.0,0.0,0.0
2026-09-27T23:54:22+00:00,ByqdCepXayazM7xg7yum6PtYsbzFM8Qe12qcfBAYpump,4.9747975946168935e-05,49861.23403,0.0,0,0,0,0,0.0,0.0,70.46
2026-09-27T23:54:22+00:00,FVs8np9UjacAbFv12pzsU6BstSqxeSabpWzD2tqpump,3.083753998548671e-06,2861.7095890078,2985.0638,0,0,0,0,0.0,0.0,-86.445
2026-09-27T23:54:22+00:00,7LnnHauov6QusDwKRwTZbVAtrg6xU3drmDWnDmEuyqnF,1.653361334910913e-05,16533.61335,26400.6617,0,0,0,0,0.0,0.0,-6.151
2026-09-27T23:54:22+00:00,AjxqTiS6TnK75xG6pWAMJgNQuhkip3LzN36uy2wBbwmH,0.0004599405087431084,410787.6403,61368.155,22,19,20,12,3312.4562941811,-7.041,18.55
2026-09-27T23:54:22+00:00,3EBURqAzyyVtjidB4J8nYVVWQmuWmofGWrYeMqiGmeZx,3.5645329719672004e-06,3564.532972,2833.8927,0,0,0,0,0.0,0.0,-22.041
2026-09-27T23:54:22+00:00,BBuVYbzh1W7tmqdB4U91NoL9B5rN6jt3K3C8cedkpump,6.457129215782287e-05,64444.51245,23335.0429,0,0,0,0,0.0,0.0,33.173
2026-09-27T23:54:22+00:00,7WXdqhbxJi3zcJaEw2cV3BdVhTdw9Devmxa69sqH9b95,1.9842696705708164e-05,19842.6967298427,0.000270050868859476,0,0,0,0,0.0,0.0,25.09
2026-09-27T23:54:22+00:00,UTM3Ub28s6JKWVjcCr2Z4n5cWtdCXnGZq9H3EZ1pump,0.0010717860071333758,1066216.44570613,103791.6323,150,28,119,25,1291.7378616513,2.094,221.411
2026-09-27T23:54:22+00:00,DKfkSPCGnbP1cY1muov1bmMA5C3rZZm9G93FX1ewpump,3.4084740384501422e-06,3408.474038,2715.261,0,0,0,0,0.0,0.0,-55.405
2026-09-27T23:54:22+00:00,CbmDmSjDn8VLyMGhgCmDWjmBi72kEJcNTPxTX3v4pump,0.10226576915983075,81812.61536,0.0122,0,0,0,0,0.0,0.0,7.818
2026-09-27T23:54:22+00:00,4rGaAQRecWJ2P91sBTDGSYqHw9mrZv5da6p5SvtCQkLg,5.654054425991967e-05,56700.51496,6.276967942e-07,0,0,0,0,0.0,0.0,4.49
2026-09-27T23:54:22+00:00,DHoy94stzuAsjSKRYSQFL22NgVCQSYfqtJBkr2DCxDUK,6.037663158240124e-05,60376.63158,6.46498048168205e-07,0,0,0,0,0.0,0.0,84.005
2026-09-27T23:54:22+00:00,8Bc2cfMes4PTwYGivgcxuZX82vtfNSFnvfZ1SMvypump,5.226500634936158e-06,5226.500635,4140.7616,0,0,0,0,0.0,0.0,-50.739
2026-09-27T23:54:22+00:00,GhRJXatdMGdDcGmfxZPKWyUW4FNvMM4fSHRquyvgpump,4.982330516000771e-05,49775.0094935614,0.0,0,0,0,0,0.0,0.0,1085.165
2026-09-27T23:54:22+00:00,81okcujCn1KnmjVCMSNSHQDMgxesxWE8cFx2kXrN3CiW,6.553442740414396e-06,6606.263497,4727.9936,8,6,8,6,471.6149910706,-2.553,-48.443
2026-09-27T23:54:22+00:00,BQfybBieX8DAoELyzVNCkaic71umi5FDYq8SrQk8YnnH,2.8773278839288475e-05,31818.52059,16858.5141,25,29,16,22,3520.903611814,1.148,96.109
2026-09-27T23:54:22+00:00,5H7CxPsc7Pcjz6bjf9RJqG2ECYNyyPa2STwBZZSTpump,2.001062475085557e-05,18556.80848,10414.2503,21,7,19,6,2014.142090725,50.688,-34.969
2026-09-27T23:54:22+00:00,7nx4NtEpQ2eqPQWuzw3GkCXvrRMkuE75Vy7LMkSTpump,0.0020390052947596043,2031761.02332545,130249.8754,1091,994,200,154,7198.5120978477,10.318,3946.005
2026-09-27T23:54:22+00:00,6XqPLoyNCY5nuv7HZMNX1ANFdhPRDt3dkRLCeBomWbdW,2.4488612476998904e-05,25216.5574552166,0.000226674981395534,0,0,0,0,0.0,0.0,133.779
2026-09-27T23:54:22+00:00,EsnPV5QDmazP84nbMuJchr6VWhcDgKkGaPHmCzpDRyGA,0.00011615881606714006,116158.816216159,201423.5636,249,183,95,29,408846.399255788,4.219,27.249
2026-09-27T23:54:22+00:00,5pBaTJs3egcUpDx7YThsVbTXoCpvkvNfE5A12nijDdvb,5.737543805864988e-05,57375.43806,23232.3585,0,0,0,0,0.0,0.0,26.235
2026-09-27T23:54:22+00:00,F3naE9XJs54VgtBoeR2XQ9KAFpDRTbgZoDSjP4bzMcWJ,2.175027078131976e-05,20545.5855016368,0.000372763177286081,0,0,0,0,0.0,0.0,98.74
2026-09-27T23:54:22+00:00,6UhUkSBc9RBB9gVJcjCWtcQv4t771rQF7bdn2qK7pump,0.0006046266345436428,586930.31271995,83166.6024,385,290,298,210,49781.8469897358,-33.907,392.118
2026-09-27T23:54:22+00:00,36ef5aQyrEFRDMyRk3fBdcvDPHNjARi5bDG9ryPoWRWX,4.957239269199113e-05,49572.39269,0.0,0,0,0,0,0.0,0.0,1340.806
2026-09-27T23:54:22+00:00,H9TEHQNvkqiM8kiUqeSoqN54sXRtAR9LG6cN8eUavGdU,1.5760137345285357e-05,15466.3992059227,25171.9849,0,0,0,0,0.0,0.0,49.804
2026-09-27T23:54:22+00:00,EPFPcvcJo5KHb37JGj3ANC3DuMqkmQ6Pb5MaJAQRSkay,1.3303130841893367e-05,13303.1308533031,23094.1722,0,0,0,0,0.0,0.0,28.999
2026-09-27T23:54:22+00:00,5TwNmEZyCVioXCeAGj4FkHANQj7L8czAEQoNuasR3DSz,1.6151214492621267e-05,16148.9438553,2.696032555e-05,0,0,0,0,0.0,0.0,56.518
2026-09-27T23:54:22+00:00,akLNbP66rtnuuJgLV8q4g9iQwSE7HunRSdkSDPBpump,0.0007966423207288344,789682.13480093,88749.1174,200,71,164,65,5510.0160065641,-0.237,954.22
2026-09-27T23:54:22+00:00,DmgujFb6P3NJfgLyFhJhcwnUBNQJ7QSBLwtNvy3vi4J9,6.715554315515484e-10,0.6715554316,404192.8644,0,0,0,0,0.0,0.0,-99.999
2026-09-27T23:54:22+00:00,FoN54SNjcNakYuEqXKQe1jbnaECyP78GA7WKniWx6H7h,5.7455008423040875e-05,57252.71691,6.29037589639277e-07,0,0,0,0,0.0,0.0,9.685
2026-09-27T23:54:22+00:00,ALbTv3uvShNrsfxaiqcLLB3Bt9CbKTbLeCVcvYSWaTV1,1.4183213723272337e-05,14183.21372,3.756590015e-07,0,0,0,0,0.0,0.0,37.114
2026-09-27T23:54:22+00:00,Gn3jxzPJW7LUAjjbPgeFokkY8kmmUhA8RXoRabPtRoA9,1.7130960634891285e-05,17130.960647131,3.86755879138726e-07,0,0,0,0,0.0,0.0,4.47
2026-09-27T23:54:22+00:00,7qZeReRd7X7dV2wgt1HidBQkqfyUbtXRg1wCxVBJXZiF,1.753252593312113e-05,16688.7625866888,0.000222789428460605,0,0,0,0,0.0,0.0,61.715
2026-09-27T23:54:22+00:00,EoC8RxzmAcaK3RjWX5MjmUKaDQQAMnrjn9iUHyfvpump,2.1895268889301604e-06,2180.1555497011,2185.6976,1,1,1,1,1.234889525,1.278,-99.438
2026-09-27T23:54:22+00:00,8Hk7KK1gtebqe6RAs4AJRRST3ThaFhqsfGMv6pUxjCCV,0.0012877544469905408,1249183.046,96183.4327,126,97,56,51,82415.7938192983,1.235,1730.869
2026-09-27T23:54:22+00:00,5cDPo1jjEEtxWf2y1HTx4WyMydVmErN3YnbYtxLVcmg9,7.45578305801737e-05,80316.44678,24626.2595,250,172,154,114,26528.7897215995,-1.967,59.623
2026-09-27T23:54:22+00:00,2z1kjXiQzWtq75QEnAEQEMyS332toNEcSno3wceJpump,2.291861523624003e-06,2244.9099752173,2393.9374,0,0,0,0,0.0,0.0,-96.749
2026-09-27T23:54:22+00:00,L3AkrXzxvigXwefBR5ov87BMsKVJTss76kDk8tLHihr,0.0001617314169829134,162850.7682,9.565790408e-07,0,0,0,0,0.0,0.0,108.255
2026-09-27T23:54:22+00:00,6Hvaxtqrq5Rbn2ictiHx6yUZVVjdHHiUnWG7SkNZpump,2.6509195643716185e-06,2493.1443829259,2665.6324,0,0,0,0,0.0,0.0,-94.86
2026-09-27T23:54:22+00:00,4qk5j1gtRywW1zjSm45KZ3fpE5sWYbbLWGV3oaYioFbb,5.8168714844321475e-05,58168.71484,6.217410869e-07,0,0,0,0,0.0,0.0,27.782
2026-09-27T23:54:22+00:00,Dfr8gNs4ZXCFaum72BmJQwCSChKoi6cGrqxVqv5vpMhi,3.249694218786668e-05,32496.94219,0.0,0,0,0,0,0.0,0.0,216.666
2026-09-27T23:54:22+00:00,35BwfuKRBcqczHoT512FpC4PK122gT8Za7ndccBqWJRS,4.8135453698686556e-05,46264.16752,0.0,0,0,0,0,0.0,0.0,561.743
2026-09-27T23:54:22+00:00,5PPjgFgh7nd7LE9KdKMopTW5XG7F9MrhzERfXbiWnWrM,5.394651894975053e-05,43162.7987016927,21111.8502,0,0,0,0,0.0,0.0,3.312
2026-09-27T23:54:22+00:00,3M7swPviNNjdHCcqrppnzymLd1XsoHHJPRuc44Uopump,2.1670609360735463e-06,2156.4417131016,2187.5878,0,0,0,0,0.0,0.0,-99.416
2026-09-27T23:54:22+00:00,4vNCGJahpokk4TZTnE6PqGANyxnvNJ3dBojoo67Fz3s5,1.9086981144308434e-05,19609.3670643184,7.88177127045854e-05,0,0,0,0,0.0,0.0,89.268
2026-09-27T23:54:22+00:00,8Qw32vmvAoAdR3pkeTrWDq2Hb5CXUYoiFC1a2nXLvTgL,4.976228084566968e-05,46182.38665,0.0,0,0,0,0,0.0,0.0,218.775
2026-09-27T23:54:22+00:00,2YrzLLfojLVezr4oRx4D6VYeG2ehJHoPLs5Zbt1AATSv,3.361805783782351e-08,34.15506421,8.2384,0,0,0,0,0.0,0.0,-99.944
2026-09-27T23:54:22+00:00,BcMBsefYMRP9pugzhRc82W4UedLCzJmiecjEWQgmvvcU,5.6416183885162234e-05,56760.07704,6.287547253e-07,0,0,0,0,0.0,0.0,24.358
2026-09-27T23:54:22+00:00,DPTEbCjRkXi9BoX3BgCkqm2Yvcokoa7JnQsgz2LEpump,4.374220895898332e-06,4389.049693,3415.0288,2,8,2,7,213.8765489553,-8.061,19.503
2026-09-27T23:54:22+00:00,9Z51rChYzWTXUZ8U5MX2bRYhTftxYEVs9VUW4dtMBuW1,5.7024615380685545e-05,45264.6619636881,6.265064095e-07,0,0,0,0,0.0,0.0,8.157
2026-09-27T23:54:22+00:00,3jjcXZuX5P4sHos1rVSWqZdWDqbwbLgo337wjaawmoon,5.636009850796888e-05,56360.09851,6.273479728e-07,0,0,0,0,0.0,0.0,18.87
2026-09-27T23:54:22+00:00,8GoaTvZSVLRgdtVXymBFJC5poRideJ6y52a23GyxFN51,0.001163344791368555,1121819.477,105806.2127,99,96,48,57,81658.0771367794,25.477,184.017
2026-09-27T23:54:22+00:00,3CbU9nHixPuXzpAE26KmEw7YsVX3aHeUV5pUNU6hZaAB,3.150071615251161e-05,31475.5955614756,0.000274045747734261,0,0,0,0,0.0,0.0,190.438
2026-09-27T23:54:22+00:00,GXUuKPV1EkbUBAsVAo65TgPiYjdfqdFFfHf6g43evtNz,8.049722178735684e-05,80497.22179,6.850630139e-07,0,0,0,0,0.0,0.0,197.974
2026-09-27T23:54:22+00:00,ExKyiA5JsDayXJoaZGf2UoNT1oEciGvzN6MDgoV6yobd,1.6907126306202645e-05,16819.2652668193,0.0002341626249,0,0,0,0,0.0,0.0,62.461
2026-09-27T23:54:22+00:00,92BVgXufGjaMUyANA97dvg8LqNb5VMg2wgRfve9tPdCG,0.0005338189400153113,542009.3801,66767.0818,452,329,230,160,106261.474600756,89.377,5279.006
2026-09-27T23:54:22+00:00,GhvNFSuQaF9upetYwpsZQXyCtaMxKw7mHwgFHD3qpump,3.7457972248525597e-06,3745.7972249963,3018.4243,3,7,3,7,367.6049206316,-11.286,-52.973
2026-09-27T23:54:22+00:00,4s5awhKEfSZbPE9yXWoH2CpEUKJThNAEsh49EshQU8Da,6.754583390967674e-10,0.6754583391,0.9159,0,0,0,0,0.0,0.0,-99.999
2026-09-27T23:54:22+00:00,ioQubVJtPKKJ4TRJa5EdfuJnbbs9DgmZ8AJgiyFK1ur,6.0335873588492206e-05,60535.25954,0.0,0,0,0,0,0.0,0.0,489.054
2026-09-27T23:54:22+00:00,9dWu7cE3wTjuWKn3yuiikXjScvCfN768jsfGbHqGAU7J,5.763205351107549e-05,57416.3601798558,23183.9597,0,0,0,0,0.0,0.0,25.861
2026-09-27T23:54:22+00:00,AiaX1ApKHVJvQ7uHrZfu9GvAnWX2xSPn3pYdxjyMpump,4.94658316636751e-05,38597.0486501167,6.11138874724344e-07,0,0,0,0,0.0,0.0,4.3
2026-09-27T23:54:22+00:00,TJY3o6nyEJqbhF2u1bPaDND5tCuQzYnUyDt45m5dCN7,0.00010064156246476747,100557.683100558,176391.6835,320,232,115,27,512188.268658339,-1.149,42.767
2026-09-27T23:54:22+00:00,F1CZsBwru1KGc4wZHem9oAjna2xkBJ3DbS4db9QvBAGS,0.13964445480244214,139353.9271,0.0489,0,0,0,0,0.0,0.0,43.407
2026-09-27T23:54:22+00:00,4BqLNJH1Eq12bN3RVGW4P9TySCwTE9SYP19w8n3KfTeE,0.00010714251111796769,111142.523333428,65127.3232,2587,936,972,72,492255.454494725,-21.09,971.936
2026-09-27T23:54:22+00:00,9hJPqv4skc13qXXfoxudGqpUe8ByMUKnRoiVNUHnwhL,0.00012324686143659177,118480.1232,186630.3416,616,402,255,50,607336.77094277,6.65,51.142
2026-09-27T23:54:22+00:00,Htu1b1AveATcMz4dUpPFazaoYDmdYkHF8AJQhQQkjups,6.38352577063509e-05,63835.25771,6.464971254e-07,708,63,197,60,1616.3326009429,17.928,33.847
2026-09-27T23:54:22+00:00,DiVUwGdHmRCdvMHFEeYDtBkMesCFUwF7f12Q1KdzJspQ,5.691978802790423e-05,45803.0672062863,6.231720677e-07,248,195,88,82,985.5848726881,3.774,9.335
2026-09-27T23:54:22+00:00,5Lz1som5aA9iGkSCvoom5TvE5gLu4iBn5Le8n3Yupump,0.09858440430690085,88725.963879,0.0732,0,0,0,0,0.0,0.0,50.717
2026-09-28T00:03:25+00:00,HCy7vxTApN2Lcv6Rw1MZazXsEofXFLxWCVbJBhF8pump,3.0387112398698803e-05,32480.4048945034,16498.3719,10,6,10,6,766.2626541744,6.559,-7.365
2026-09-28T00:03:25+00:00,B2kipu1WYBPBDQrCX5yv9p7dhjhG1FwwnxBjUDhSkbdG,0.00014514500796045297,144905.060891764,36829.7571,5,12,4,9,1050.0833396876,-7.895,-5.896
2026-09-28T00:03:25+00:00,GBNCTFPnVCh852xrnjJLi2eVpPb3LW59ZGiSkvjDEqN,0.00036166073042734933,361660.7304,0.0122,0,0,0,0,0.0,0.0,0.0
2026-09-28T00:03:25+00:00,5zfBmzXxtwq3e2hw6TGebcwycvVHNpaC1te7u56jCE1G,9.631309303476121e-06,9571.1274095165,7479.8061,0,1,0,1,12.6070511337,0.0,-6.076
2026-09-28T00:03:25+00:00,3iUTyNYW6xKv5kZUjtbrEDTsuJTrSVwvB3bQtxkLpump,0.001143801552653822,1177185.89,119865.7818,22,10,15,10,8094.0888850999,-6.899,29.14
2026-09-28T00:03:25+00:00,BmExgUDRid7NTnN1iLb3KnTug3Ma6adYsKyF9zfaPc39,0.0001913223756635885,189703.8982,40881.7972,0,0,0,0,0.0,0.0,0.0
2026-09-28T00:03:25+00:00,9WAUA7LQqzoiYnLzEECk6zRoT8Mse7pJp1R1RHX48mQm,7.106130640481492e-05,69272.8998273455,56904.5071,0,0,0,0,0.0,0.0,0.0
2026-09-28T00:03:25+00:00,DYY3bjoJ9jgE6qigS6hdEsc8NBmMFL1SHEvw8hJtasw,3.4968669258211037e-06,349544.6616,2.09123231984937e-07,0,0,0,0,0.0,0.0,0.0
2026-09-28T00:03:25+00:00,CWsyVkoRHbywhL17QtNZTMhXaRrh4AcBb5GurXqmreLS,4.1911881961006586e-05,4191188.196,7.04073409018026e-07,0,0,0,0,0.0,0.0,4.597
2026-09-28T00:03:25+00:00,2GsbPfFTaNWcpVn9Nij44wDdWyZA5EazhYHN5dffGVvY,4.495781087097652e-05,4495781.087,7.12580237865612e-07,0,0,0,0,0.0,0.0,9.365
2026-09-28T00:03:25+00:00,38CqdxjLaZH6Yv4bBEbz1dr1GgctCF23rjbU5qmUYqrq,4.307607443450418e-05,4307607.443,8.852072698e-07,0,0,0,0,0.0,0.0,7.827
2026-09-28T00:03:25+00:00,CC5D6puFmcsnGaJh7kNXeAcRpL2SZzQfoQezvx45uKjt,0.0002887362196595661,286168.6332,55622.4277,7,12,7,10,304.4256787347,-1.001,-29.631
2026-09-28T00:03:25+00:00,GytZU2HrRuUPLy2xZa29oUBBJzp6ErMUStEAR5cjhNB9,0.00010295146848137648,105801.7693,8.94188636893592e-07,0,0,0,0,0.0,0.0,0.0
2026-09-28T00:03:25+00:00,4TetqPfYjTxVCK2732K2boPMJK9HuF71a32E9r4atij3,0.0314141997102321,31414199.7414142,3.970815684e-06,0,0,0,0,0.0,0.0,0.0
2026-09-28T00:03:25+00:00,DAF4QargatxR2rAqe237KJK4k63DNYaxMbRujSEgAoeA,0.00043900030174553355,439000.3017,1.666893558e-06,0,0,0,0,0.0,0.0,0.0
2026-09-28T00:03:25+00:00,F4K2SbLNgyz9gzNqT8bPeLpRkxy4oMA9twaffUDdZtB6,0.0002942722911719868,294272.2912,64930.1399,36,15,22,12,8264.1004724732,-14.137,-14.62
2026-09-28T00:03:25+00:00,6uPEdkU2xPg1iyfLzV1ssUwvve8nndA2sd6nBFrb1n58,0.00011523500920431571,113397.903977336,35776.9537,21,24,19,21,2432.2982122447,8.884,-34.801
2026-09-28T00:03:25+00:00,6XnC2YXRnvT8Nx16Kny61sz3UgGjWGRKsGomTDRe8haa,2.4731000977833778e-05,24731.0005033703,13184.5189,2,3,2,3,20.5250670519,1.255,-30.049
2026-09-28T00:03:25+00:00,2xrw9WoHD5EWPT77rgYdubFGCxySPQxtbP69XWmU8eBM,4.7116490472300125e-05,47116.49047,0.0,0,0,0,0,0.0,0.0,0.0
2026-09-28T00:03:25+00:00,DAemPFNc3RtibBDKkUA4eL2Ns11q9VRdbpptmqm8DGqN,0.0002898004918554601,287240.1007,59211.9348,37,37,24,28,4332.3542495559,9.99,18.331
2026-09-28T00:03:25+00:00,J1yxV53EmVRmt9RUj6PPufMfdAYUbtgwXCuNYTBTsYzJ,0.00017226482661983312,172025.4242,48985.7667,8,15,7,13,1408.7420920717,-4.394,-18.844
2026-09-28T00:03:25+00:00,38ALUy9vcgFKfGnaNwbsKewxW2YEhvJHTUeNgHU1tycS,5.6432600762443655e-05,56218.10032,23005.2016,0,0,0,0,0.0,0.0,0.0
2026-09-28T00:03:25+00:00,BNPEa7C53BvqYJxvhpSRvae3jQUSGSYrgVijnX1Ec777,0.003662982492014377,3662982.492,6.464171646e-07,0,0,0,0,0.0,0.0,0.0
2026-09-28T00:03:25+00:00,71RDTAQ6sPNMZXf3fuWEcbP8BmG1KV8jvh1yQD1Wau2y,0.003782771112008675,3782771.112,6.33500449722787e-07,0,0,0,0,0.0,0.0,0.0
2026-09-28T00:03:25+00:00,E1CNn65e5J9R5YH8ZJTPCaAd16QHJzRtFecCCAEAwS8z,0.0042571742719839855,4257174.272,6.33351832114218e-07,0,0,0,0,0.0,0.0,0.0
2026-09-28T00:03:25+00:00,CSnG7fy9W8CZ4Um4tXFwHG1eSV8RWGPraEhRbvX5kjKv,4.9865612888377085e-05,49865.61289,0.0,0,0,0,0,0.0,0.0,0.0
2026-09-28T00:03:25+00:00,CazHcRRKaE1Wa4phXayEdPE6YDACPNY4cwDeW1dBkfgn,0.0037006700439254974,3700670.044,6.3283858911548e-07,0,0,0,0,0.0,0.0,0.0
2026-09-28T00:03:25+00:00,FJ6nMZFu2EqgBcYwjfA9uwAcE8PBLYTJmHX4WBnP4qvH,1.5547954146524308e-05,14750.3895864193,11095.3503,1,0,1,0,19.5844236455,0.0,-10.878
2026-09-28T00:03:25+00:00,GP8CWb472uCzJdUwKh1rQs8Aoizte19MbqeM4NPi4Qh6,1.2350957253522123e-05,12350.95725,12227.2156,0,0,0,0,0.0,0.0,0.0
2026-09-28T00:03:25+00:00,DFjPTTAAnet9hnkjDNEbb5z1TVFoHebWBKMfxMb5wi9V,1.295639498168937e-05,12956.39498,13588.6248,0,0,0,0,0.0,0.0,0.0
2026-09-28T00:03:25+00:00,Cgi54CNpHaYn4smqLH5tW8X5QxssMvi592My3tRoiHfX,9.154623966774513e-05,91546.23967,27330.2609,29,15,12,15,1727.5369405848,-8.019,-22.418
2026-09-28T00:03:25+00:00,8Z4dayPJpM2noUpHfGVivVRmVXGcyx47HHstjNvVnuq9,0.00017793415493335324,177934.146359161,1.1453154344286e-06,0,0,0,0,0.0,0.0,0.0
2026-09-28T00:03:25+00:00,7tEsDuij7aj4b2jLUAS5oXcp6B3zWratYVmviS5zpump,0.0002988210833586693,300882.250031218,56131.8659,38,27,30,23,3866.0225538308,3.469,-43.168
2026-09-28T00:03:25+00:00,E944rK64mgtLB9c2X8cuaMEHVdfxMtr6HURMLAZ59zWC,0.000684821563942031,684821.5639,2.09345453638836e-06,0,0,0,0,0.0,0.0,0.0
2026-09-28T00:03:25+00:00,BktmcCNmK6fxbFhA5HwtpDAtEZ3cfpr5zaoFMgWziUVG,0.0003278178195058139,331721.0369,1.72641963426241e-06,0,0,0,0,0.0,0.0,0.0
2026-09-28T00:03:25+00:00,HFC9vq83rXjinp7dg8Dx1dnwca9LoaTK1zTonnZxTKgM,0.000376517000645144,376517.0006,1.19571661321501e-05,0,0,0,0,0.0,0.0,0.0
2026-09-28T00:03:25+00:00,FUKX4RajeVJeWBigzVBh97p7UKB86oBC8P7uqp7DtmB1,0.00019875851632945193,186559.6947,1.20537962253708e-06,0,0,0,0,0.0,0.0,0.0
2026-09-28T00:03:25+00:00,ChyCbmYAtbkzJbttDVrUJNDVXD1oxy5BrY18fkMq5wH5,3.613812416532774e-05,36138.12417,4.60319304649865e-07,0,0,0,0,0.0,0.0,0.0
2026-09-28T00:03:25+00:00,DgcshFJxwpx8wdHq1FeVFpF6JkAgFincYeyTHTwPE3Q7,3.367602057704049e-05,33574.16459,55313.9601,0,0,0,0,0.0,0.0,0.0
2026-09-28T00:03:25+00:00,133ZoZ2jHzJ3gTfYAkvLdNKadpzcGQqb6d4PQZyyiodi,0.0005296363259017966,480.1985816,0.00445,0,0,0,0,0.0,0.0,0.0
2026-09-28T00:03:25+00:00,3YctFnSKjqujVdMuNp22d9ZcCgyXxgbtcGmNSzg3WZgw,0.010319288149116562,10286935.61,0.000202135865636695,0,0,0,0,0.0,0.0,6.584
2026-09-28T00:03:25+00:00,8HnLRKJ6XkeGq1tpmKPqn3yB5ruqbSR5LR5nVCNAshop,6.597372524343104e-05,65654.7184965043,24694.4799,6,9,6,8,761.7868554871,-7.65,5.553
2026-09-28T00:03:25+00:00,6KaprXhTqtGQDRijpjPg36QJ7i9Ewt4NAmjv8twU5tSH,0.0001964765552312353,194016.7361,1.12902681034999e-06,0,0,0,0,0.0,0.0,0.0
2026-09-28T00:03:25+00:00,FiLrNu8Cee9naYei81XdsKBJDZNb5kJJsGWoK53WYVuF,0.000189747729764466,191308.0668,1.16962256e-06,0,0,0,0,0.0,0.0,0.0
2026-09-28T00:03:25+00:00,8XDD33SKSzM7GE7oFecv8UdhfDuV9AUSqcCDC5LQpump,6.491346805804408e-05,64913.46806,6.43436231171361e-07,0,0,0,0,0.0,0.0,0.0
2026-09-28T00:03:25+00:00,9ajUQYkyUb54B5AWhx3yfdRiMUG4ynR5omc3aNXTSXpG,5.716772380244721e-05,57517.19987,6.306554348e-07,0,0,0,0,0.0,0.0,0.0
2026-09-28T00:03:25+00:00,C5YjyjnbJhPmW41mXZWiFJF3FSHtUu5Z8sefqhmGpump,8.948181528951167e-06,8948.181529,6778.2374,0,2,0,2,9.5765838979,-0.136,-19.349
2026-09-28T00:03:25+00:00,49pvK47B65PA5dWNeqMLzLn7FmNrsdm4fuKvFPQiBAGS,0.08291562391437395,82915.62391,0.1952,0,0,0,0,0.0,0.0,0.0
2026-09-28T00:03:25+00:00,4PutGVeQxkcVSKUxLvJYTL3W9rbVV1KYq8ptGFh5jups,6.0892411372544724e-05,60832.04225,6.45609009417937e-07,0,0,0,0,0.0,0.0,0.0
2026-09-28T00:03:25+00:00,51yz5RRoz8Tuk1467J3eCFcRGReprwxXFGrJBTaWmDsd,5.409628357315775e-05,54096.0697042314,50999.7774,0,0,0,0,0.0,0.0,0.0
2026-09-28T00:03:25+00:00,YHt1GkDfJVF5gpYH3je4st8dUVHeTL4TAmK3DMNjups,6.504726209002959e-05,65047.26209,6.529404769e-07,0,0,0,0,0.0,0.0,0.0
2026-09-28T00:03:25+00:00,GpG9iHeWBEFh22JbCeRHzhtVncEv61aUB9EcjNnLqqHn,7.5118758146171e-05,344253.5567,0.00496527642778011,0,0,0,0,0.0,0.0,0.0
2026-09-28T00:03:25+00:00,7znSmc2WiGVLoexJsNhHKtV6oeeDipWrxW9vN8PRaunb,0.0002490655929890488,237372.6791,1.14914262571134e-06,0,0,0,0,0.0,0.0,0.0
2026-09-28T00:03:25+00:00,AsAcfXMfJZspdKDLr2DG2Bkw2YnhHUysSNLrERBtpump,4.166679618889944e-06,4166.679619,3263.6622,0,0,0,0,0.0,0.0,0.309
2026-09-28T00:03:25+00:00,BxpWDdkV7wbfU5ipCPURJgmYR5Nn4N2vGK9A8Qdrpump,4.685882334564677e-05,47502.4937905525,0.0,0,0,0,0,0.0,0.0,0.0
2026-09-28T00:03:25+00:00,Hrb643TUtZMUKJLM3AsWt2T9Df8JrsvcaXBKd5vUQ79v,3.2423343179683535e-05,32219.04464,38227.8738,0,0,0,0,0.0,0.0,0.0
2026-09-28T00:03:25+00:00,BPVHYcNjKGXqPbhpYXyAaHhWRtD3b2dToyn3ZNKM7fn4,5.614441468381778e-05,56144.41468,6.29795509203476e-07,0,0,0,0,0.0,0.0,0.0
2026-09-28T00:03:25+00:00,5vdE4164sYVjKMbvURnLYHZm6WDn1sMyMJj7ynjdpump,6.26825649213245e-05,62659.99349,0.0,0,0,0,0,0.0,0.0,0.0
2026-09-28T00:03:25+00:00,FoE6vWnSb7HGMiYJL9b2gp6Hn3SxwCKNBkbftnKKq9Pu,6.740950556955364e-10,0.6740950557,1.3905,0,0,0,0,0.0,0.0,0.0
2026-09-28T00:03:25+00:00,5vCAPYAs415Y2Cni8kcGtXrc2U22ks14F2nv8cVxnhXq,5.817566403691987e-05,58139.3809,6.35955394e-07,0,0,0,0,0.0,0.0,0.0
2026-09-28T00:03:25+00:00,6Apwsn3iB12bWaN9XeipPGVPRFeSLpnTTQZ7EgW6pump,4.797714004196007e-05,47977.14004,0.0,0,0,0,0,0.0,0.0,0.0
2026-09-28T00:03:25+00:00,3xeQmQ8TqpLNGntNaXmuYi1nt1Ur9fAwuHH3MAuqNydi,5.7333330653366336e-05,57000.58146,6.340355904e-07,0,0,0,0,0.0,0.0,0.0
2026-09-28T00:03:25+00:00,8wRWyHGDnAQvwH6s95zFPb1PFL4VPjgJV5mNUVqMpump,8.651153716498698e-05,86511.53716,0.183,0,0,0,0,0.0,0.0,0.0
2026-09-28T00:03:25+00:00,EAqafjVn3e6SYiTFtUWCWdkqs1TNejhqvviTVoZWPpcp,6.151672235985901e-05,61516.72236,0.0,0,0,0,0,0.0,0.0,0.0
2026-09-28T00:03:25+00:00,9jo2ScZVkW4C9CzJP1p94h4gwVdgVe81XjYEbX9apump,6.642025420362147e-05,66398.07641,24355.1381,0,0,0,0,0.0,0.0,0.0
2026-09-28T00:03:25+00:00,CpPtDjmh9rU2MQGvf9rcsdfkZMYyYbc6VHH5ape8cXJn,5.5296188780511745e-05,55097.99745,0.0,0,0,0,0,0.0,0.0,0.0
2026-09-28T00:03:25+00:00,A8gpnSqS3JAGvcdDNZNa7HCYSAFJTm9gKMHSEzDAvc1S,3.1419308808286605e-05,31419.3088728386,4.587641413e-07,0,0,0,0,0.0,0.0,0.0
2026-09-28T00:03:25+00:00,HH5btUAy7FCFCJYfDB9FV5x1Zk5SLJtymoPW32U9bJ9m,2.821704956882598e-05,27511.41911,13287.2306,13,0,12,0,840.324428284,21.763,2.83
2026-09-28T00:03:25+00:00,5ziXm7wxAnb4WHJytscSWCG3nVsxJiGrb3jsn4hkY3t,0.0003483203031889956,348864.759348865,0.0002057084509,0,0,0,0,0.0,0.0,0.0
2026-09-28T00:03:25+00:00,ArYuQPyvBM3RAyNGL6prgNxzX8mTwQiQMoiXUAzupump,3.529803876730772e-06,3529.803877,2798.7116,0,0,0,0,0.0,0.0,0.1
2026-09-28T00:03:25+00:00,BjisTufDR6yZEBKHynbpZXcvhXBDh6RPeHfKj3QTpump,3.550067978518654e-06,3550.0679789999,2809.4755,0,0,0,0,0.0,0.0,-5.488
2026-09-28T00:03:25+00:00,4WBpkZtNbGxZpS7z9i7tL6WsWyRG8F5xMZssLAtmgqUf,5.8699650224319606e-05,58699.65022,23468.8438,0,0,0,0,0.0,0.0,0.0
2026-09-28T00:03:25+00:00,BHatrvaBF2p3oWh5VLfNGSAAqMWcezeCJ1D2F9bYmqmY,3.507018098263618e-05,35419.7163262592,0.000290014187682659,0,0,0,0,0.0,0.0,0.0
2026-09-28T00:03:25+00:00,Bt7PJzFGHTTBgHzG7HubEGweKv4kzYZpMNhzxAZZt9xE,5.9704350141590285e-05,59704.35014,0.0,0,0,0,0,0.0,0.0,0.0
2026-09-28T00:03:25+00:00,3YYWjrJqC4Z5SnjmYVGN4j6qPoa7prnxhy324BTntoN2,1.2511069338535274e-05,12531.428795949,22716.1875,0,0,0,0,0.0,0.0,0.0
2026-09-28T00:03:25+00:00,CC5tKEhAyBHey4GJkV9i4SqPugKmhHN7K4iEdDKnzFV8,6.567528581536473e-05,65675.28582,21702.7966,0,0,0,0,0.0,0.0,0.0
2026-09-28T00:03:25+00:00,GSfvvcfB5AdC6sLgnwuFkCYc93xTxRjVYizx2ZqD1R4h,0.0001572465302063095,157303.9065,9.405080254e-07,0,0,0,0,0.0,0.0,0.0
2026-09-28T00:03:25+00:00,DHY3zbRpo3kT33fDPjqBJaJECJw5Ri7yWVyEcZEqx6NX,0.000350321673960027,328226.0193,1.270509735e-06,0,0,0,0,0.0,0.0,0.0
2026-09-28T00:03:25+00:00,FQjTXyY8aQVbaYSpcjfp8NCk4kifEwysGL698HZatRew,2.7752813600453537e-05,28002.3134060046,4.320292785e-07,0,0,0,0,0.0,0.0,0.0
2026-09-28T00:03:25+00:00,Aa4KzJ9j9Py1E2pZ2BmazRZpCr3hfwjLZkXD7t1Rjc5t,5.411119180829004e-06,5411.1191809999,4065.0326,0,0,0,0,0.0,0.0,0.0
2026-09-28T00:03:25+00:00,AqSH5KsTRTRsY4ixC2BckfdiLmytjQii9qYEjdGDpump,6.593109040820064e-05,65898.84431,6.47824778479092e-07,0,0,0,0,0.0,0.0,0.0
2026-09-28T00:03:25+00:00,Cjoj1oJEkhR5GJuKsKSJCva1Yw8fRmYeAmRs5mgapump,5.590953886652055e-05,43619.4263602005,6.30787837e-07,0,0,0,0,0.0,0.0,0.0
2026-09-28T00:03:25+00:00,CA4dhkbKtcKqsXrojQBjvgGHx1hCFPku2MSxY1dAaji1,5.806083402762107e-05,58060.83403,0.0,0,0,0,0,0.0,0.0,0.0
2026-09-28T00:03:25+00:00,GCchBoQZb3Jb3SpUCTE58zQgLHfUMBBAE635knAx9Sd9,5.6739039748480576e-05,45185.2415952339,6.320887517e-07,0,0,0,0,0.0,0.0,0.0
2026-09-28T00:03:25+00:00,BjwABWzz9ZbDtzHizErzgRZGcgJLufRGBr8yDEk3pump,0.0026945951657260008,2691998.95656065,2670786.1174,0,0,0,0,0.0,0.0,0.0
2026-09-28T00:03:25+00:00,9pqpzHh7VadhG467wqNNdxPDvzvbJbAFHMxCxHdhTzmd,5.505834731030729e-05,55058.34731,51743.615,0,0,0,0,0.0,0.0,0.0
2026-09-28T00:03:25+00:00,3gzcjJR1RAwTLg7dno3UgjYE2TfAJPve7hpDJfNmEAMh,0.00017498433228223454,174984.3323,39830.0094,2,2,2,2,72.0394160033,-0.092,-25.656
2026-09-28T00:03:25+00:00,HTwigtUK8W3FWke5mD66np7Hnh5XF9i6WDC5GcdMcYkV,6.516317851671581e-06,6441.4791888903,5582.9591,0,3,0,3,25.3786316159,-0.637,-17.418
2026-09-28T00:03:25+00:00,5NbTiWe2L82Vd8PwYDwoRxHyJKkwThXzuX53Hq2U7c1x,0.00014080431000983203,140804.31,9.785368467e-07,0,0,0,0,0.0,0.0,0.0
2026-09-28T00:03:25+00:00,JA6S2LkhKwTW6xnSykmPS2R2cYywxW498FsyZezAfW7d,0.00015449153591332975,153622.1508,9.250586576e-07,0,0,0,0,0.0,0.0,0.0
2026-09-28T00:03:25+00:00,7ESoDXqwqKUQBWdeqygNCFZroAtemHxyK8EPcjgPV777,7.072447407259608e-05,70724.47407,35512.3226,3,2,3,2,1171.1589211458,-2.609,-38.181
2026-09-28T00:03:25+00:00,D6J3ZnxByTuC5iaMqzXyyV4Huybwe3Job7zSyp8rpump,5.013361007619842e-05,48761.9014687743,0.0,0,0,0,0,0.0,0.0,0.0
2026-09-28T00:03:25+00:00,5tz7MWoef84dXueAhJqcRU4TnUsVREyC7bpxwwCwja4G,4.391896116074091e-05,43852.33643,4.87294088008473e-07,0,0,0,0,0.0,0.0,0.0
2026-09-28T00:03:25+00:00,EhuL2NEfQjYqB7Ha5r59RVdPUXXTVWurZfLyVs1xohYi,6.088569165294986e-05,60885.69165,0.0,0,0,0,0,0.0,0.0,0.0
2026-09-28T00:03:25+00:00,598rzX6PqwSmNZY88HTnA2PvWgrYXfWZwLCcW8pYSRz4,5.523779495858436e-05,55237.79496,0.0,0,0,0,0,0.0,0.0,0.0
2026-09-28T00:03:25+00:00,5kBmDYcfkdKSKD47TTyBu92LgeyZq7oS8ys6T49h5777,6.549176331833164e-05,65397.53642,6.506922932e-07,0,0,0,0,0.0,0.0,0.0
2026-09-28T00:03:25+00:00,EzCmudnz9Kqysa7zCQat7A7veYCieTiZM64mN9d1NGqc,3.4318796180932516e-06,3431.879618,2728.2839,0,0,0,0,0.0,0.0,0.0
2026-09-28T00:03:25+00:00,92ninR7mzzP6qQhf3hkPjgeym96rtfnc5pUGHWn7pNY,0.0002451249802149124,246393.6117,1.457922982e-06,0,0,0,0,0.0,0.0,0.367
2026-09-28T00:03:25+00:00,GKtNkQJtZ8s7jFo1AG7JC8mnn7WSf1vm6ngmBhuppump,3.430661983780622e-06,3430.661984,2706.9133,0,0,0,0,0.0,0.0,0.0
2026-09-28T00:03:25+00:00,7KsHxqhZcKddVA1fhVA2oymMYY2ibwHzn9pfTbXC2KK4,6.126274774786593e-06,6126.274775,4419.2987,0,0,0,0,0.0,0.0,0.0
2026-09-28T00:03:25+00:00,8DXqVUopcdviLvujTcpwEqkKzB43Arp6E1axzsEE5Btq,0.0007315546310396601,680936.063606049,85868.4969,388,335,261,256,58608.4102424381,-0.268,-45.899
2026-09-28T00:03:25+00:00,DHLXeQmBYoKBzWUN2ZgNdZmdqHKLoWNUDerkRxredWx,2.7867975092311615e-06,278679.7509,2.101460065e-07,0,0,0,0,0.0,0.0,-4.614
2026-09-28T00:03:25+00:00,D1Jf2FTyYiU36oW9Rty5SpodCyK9ryUrWcdmEHvTpump,4.6161960202943655e-06,4563.7053701817,3560.9255,0,1,0,1,13.5402618711,0.0,-3.873
2026-09-28T00:03:25+00:00,ApgrtWJuoTTKucfSm5MuQJ6WuFShKqhfzHJcNVbrpump,4.821599979729402e-05,48207.7586370418,0.0,0,0,0,0,0.0,0.0,0.0
2026-09-28T00:03:25+00:00,LatHeGq8sKiccjBrGUSHp8mERHphV5prQvvzibu3rg6,3.965327861472592e-06,3965.327861,3126.7344,0,0,0,0,0.0,0.0,-1.368
2026-09-28T00:03:25+00:00,AGBuP12RvNQQrFicjGgH8o7SnrXJAWVm7z7uLWWNVe25,0.04760670674070383,47606706.74,5.742380531e-06,0,0,0,0,0.0,0.0,11923.13
2026-09-28T00:03:25+00:00,7zkVvdxpHVKx8GEXXPqGoG86yhCJhaJENTvwpuKwspew,2.0078476982939572e-05,20473.6124504736,3.321391655e-05,0,0,0,0,0.0,0.0,0.0
2026-09-28T00:03:25+00:00,65PgqBeaQ796L6hk11AUEpyrgzvED6LgKmBFPmqVLad2,5.547589655273673e-05,59293.873084778,6.435320709e-07,0,0,0,0,0.0,0.0,0.0
2026-09-28T00:03:25+00:00,twTmbSR2WYY5yTDBQbpKNUhy8u5Gk2iFYVxHbdQVcoP,0.00013481522105669946,134815.2211,9.237139088e-07,0,0,0,0,0.0,0.0,0.0
2026-09-28T00:03:25+00:00,9oXM6yhVuTYiiVa8aXaf3YREv3pTSvEG5FCAm5wZbMND,0.00014773537378734685,147735.374095471,9.329364952e-07,0,0,0,0,0.0,0.0,0.0
2026-09-28T00:03:25+00:00,2949z21XVsk9KmoU4q23SMRaLYW8GPcNJroH3B2apump,5.041228168295215e-05,50412.28168,0.0,0,0,0,0,0.0,0.0,0.0
2026-09-28T00:03:25+00:00,2r4cPHduWmAeh7F2gqzSvfMJ1beUVaZBZYMEUMuNqYu7,1.9802393043081403e-05,19458.996699459,28828.3649,0,0,0,0,0.0,0.0,0.0
2026-09-28T00:03:25+00:00,FCEjmz9E9yqrGvGu4voUARtv11fwmyYm4JKuSoG2X5Gb,5.012004741191179e-05,49948.8549488023,0.0,0,0,0,0,0.0,0.0,0.0
2026-09-28T00:03:25+00:00,FMqod9SpTodTmhQVF8VtbN5qXdeSih2PnsqeqEkMpump,5.030465270852136e-05,50304.65271,0.0,0,0,0,0,0.0,0.0,0.0
2026-09-28T00:03:25+00:00,9594CVoQfvyAg53ToXWqJjMNrwzjMsqiPehg7GZjpump,3.6843636179489944e-06,3684.363618,2957.0413,0,3,0,3,78.613566357,0.0,2.767
2026-09-28T00:03:25+00:00,G1nMJ6fg3SmRbowVGtSVQnpkdo5VWy9E9krGjwfipump,6.335749335951153e-05,63397.9837935607,6.473226982e-07,0,0,0,0,0.0,0.0,0.0
2026-09-28T00:03:25+00:00,6KfHYCNzpp4Y4CteXm3mDHmFiyHU4LaeTRpBF2p6hiq1,4.939664379734445e-05,47641.6547647522,0.0,0,0,0,0,0.0,0.0,0.0
2026-09-28T00:03:25+00:00,DJKCCmDBtfZFt7HAvEtUW6SWeiohg2xEHZGQduSxZ8Wb,0.0002515372293066007,249005.0288,1.34894239297702e-06,0,0,0,0,0.0,0.0,0.0
2026-09-28T00:03:25+00:00,GMT2cGrQfKrmHcu2U8T3JZXHLoj9L3xJGi1QqrsdCbxd,0.00019946404765806052,199464.0477,1.965733381e-06,0,0,0,0,0.0,0.0,0.0
2026-09-28T00:03:25+00:00,3v6r37iS1eJNoT5ko3qr7BUz5bpDBGSdxmmATucjFwq7,1.7042501860576676e-05,16241.5798662416,0.0001970862958,0,0,0,0,0.0,0.0,0.0
2026-09-28T00:03:25+00:00,o4yUzLw6Saz6JnHJCnZSWcemSU1nX5N7hKB3bfhpump,3.662858368601679e-06,3662.858369,3028.1239,0,0,0,0,0.0,0.0,-3.822
2026-09-28T00:03:25+00:00,CM5M8C1H1ZUoDjxZBrm21eEEHwaL5Tdg5m8nqBBvxwGD,2.2431853553336652e-05,22431.8535724319,5.21049493e-05,0,0,0,0,0.0,0.0,0.0
2026-09-28T00:03:25+00:00,CedSVzaBjbqniJ1GpUcTozB58S56yDX42nTXsz31zQUe,1.4283049323256517e-05,14323.71906,9086.1942,6,7,6,7,428.0742485092,-9.832,-41.084
2026-09-28T00:03:25+00:00,7S1kzM12jNoeAm9URh43eUnjgwwCQYb1f5h4UZjFjAgA,6.005596856748655e-05,59770.23645,23620.554,0,0,0,0,0.0,0.0,0.0
2026-09-28T00:03:25+00:00,BHcmM47Jzm1QFDBzPGC5SrLyQNNsJttNRKgnUwMbonk,0.010486300886248688,41945.20356,0.0244,0,0,0,0,0.0,0.0,0.0
2026-09-28T00:03:25+00:00,875nCQ7w2LqbZrNe6KXmBkBEY2TiJAapW9rmBwUce6tg,5.669977520882705e-05,56711.17379,6.353340075e-07,0,0,0,0,0.0,0.0,0.0
2026-09-28T00:03:25+00:00,AbfLN7d1BdbV13NQv8kP5tHiZr1qKAEs7xMN1U2BvA3U,4.91605121647048e-05,49160.51216,0.0,0,0,0,0,0.0,0.0,0.0
2026-09-28T00:03:25+00:00,BoSNMHpY75JUMFb1EHx9of2yAaYc2Zive2TJXfa5pump,3.4055364705745304e-06,3405.536471,2707.8434,0,0,0,0,0.0,0.0,0.0
2026-09-28T00:03:25+00:00,69sisPLJNkaCwgNDkeDy7ueByMAM52cMR9eY9T3grUBs,5.936930663233771e-05,59307.59178,11463.0993,0,0,0,0,0.0,0.0,0.0
2026-09-28T00:03:25+00:00,5mdbw1mfaB7JbejXdijFwybaUbV7SUzDJcAjKmxTeSmH,0.0011831964364242148,1183196.436,2.63499399327875e-06,0,0,0,0,0.0,0.0,0.0
2026-09-28T00:03:25+00:00,6nvUMM2srxp24EuVdaFbM8EmFYoFVHgoiB2RBb7FmfQ3,17.073070068190606,17073070102.3461,12.3357,0,0,0,0,0.0,0.0,0.0
2026-09-28T00:03:25+00:00,9fETWVSGArSGGDrmP4oJYyKmGL3MRkoMRtub3TWAmryV,0.00036493901394503696,364939.0139,0.0122,0,0,0,0,0.0,0.0,0.0
2026-09-28T00:03:25+00:00,42s1RxjsCYjo2nZEQMM3eVEVH1BMYnk3dqZ1numtraNY,7.165037105552378e-05,70795.84878,6.81534917533781e-07,0,0,0,0,0.0,0.0,0.0
2026-09-28T00:03:25+00:00,DEXErBu1tqMufAaqpdqzUjpehgv2VmF3h94Sqiiipump,3.5270805755386507e-06,3527.080576,2807.0399,0,0,0,0,0.0,0.0,-0.213
2026-09-28T00:03:25+00:00,E17dHzzy4XMZ5d8XzB2LWwgWYo1pnuzyiHK3Bwpz8d5P,2.5899764487383094e-05,25673.8841556739,9.818088111e-05,0,0,0,0,0.0,0.0,0.0
2026-09-28T00:03:25+00:00,3FfCcJoAJhbXyd4LaiLw4QvLqxnMKhTKfZkUgPRsRRT2,5.0436968607130656e-05,49801.50679,0.0,0,0,0,0,0.0,0.0,0.0
2026-09-28T00:03:25+00:00,G3FagANWjqyn2BzqXo5oAtxGESZLM6G8qjxpGMv9qwR4,4.551779478140199e-06,4551.779478,4083.1622,1,1,1,1,35.4406354808,1.162,-41.73
2026-09-28T00:03:25+00:00,FQnupu5zhfdSaj7d7jJz2dfuowiztcJX1eutWeBHKtQN,5.679137619063118e-05,57008.70913,6.333633949e-07,0,0,0,0,0.0,0.0,0.0
2026-09-28T00:03:25+00:00,A6R4vgoBZznVx931QNhoYnAw9J32pf23mDnLEtacxFUC,0.00017213260022973348,172132.6002,9.71270758587008e-07,0,0,0,0,0.0,0.0,0.0
2026-09-28T00:03:25+00:00,BqouaqkQUPpm7gTgfR6j5KcGYpBRK6g5rX5tu1w7f9tQ,0.0006950449698495916,694843.908835677,0.005031140377,0,0,0,0,0.0,0.0,0.0
2026-09-28T00:03:25+00:00,5S4m8rkZ9aEoSHLyJgUJtR1ZM9KQszZftmhWMJ8NF777,6.606616062252459e-05,66066.16062,24343.9569,0,0,0,0,0.0,0.0,0.0
2026-09-28T00:03:25+00:00,2iZghDPGjFzeMHGLBnf34CLufBSfguaHuFruQxvzAryr,2.753495769642808e-05,27534.9577,51449.7201,0,0,0,0,0.0,0.0,0.0
2026-09-28T00:03:25+00:00,6yMW8La9Vek9nqqvoddEA8UfdBEi893kW8PbnXAvfour,4.8965222173390494e-05,38245.7314223486,4.91702535306273e-07,0,0,0,0,0.0,0.0,0.0
2026-09-28T00:03:25+00:00,3YFDt7RDRJxgp8JDRta5fFbH9Y72Kf5wchimyKmm5gcf,5.673138952087203e-05,56731.38952,21430.4601,0,0,0,0,0.0,0.0,0.0
2026-09-28T00:03:25+00:00,5YcNDZCncNvpVWoAXUtPYz6y2mmu1ZTD1zt8ZzMQ7MbS,3.3223297780873016e-05,33223.29778,4.59404481e-07,0,0,0,0,0.0,0.0,0.0
2026-09-28T00:03:25+00:00,Gec1S7aYfu9HV58sd55REQQ6E4BY6oxB5WPW3s7R3v6r,2.242416488029014e-05,22720.2989114966,2.79344185758427e-05,0,0,0,0,0.0,0.0,0.0
2026-09-28T00:03:25+00:00,DicQ3KVeSqaNbqSZnRvxTLfXFnLcFC7AVhgASE7RpwaE,1.9692000554596903e-05,19688.966699689,0.0001056999138,0,0,0,0,0.0,0.0,0.0
2026-09-28T00:03:25+00:00,21UfAy5fPSs7XBqZjvseyidViX86m4ZFYiFSoMaxBTFY,6.255487180840078e-06,6255.487181,6414.8048,0,0,0,0,0.0,0.0,0.0
2026-09-28T00:03:25+00:00,2hwD3HEVmn3yZtiiJtiwCtDtpp3BrrCXnaSh2pxrU7SR,0.00012958394632481954,129364.283158729,1.106637386e-06,0,0,0,0,0.0,0.0,-46.539
2026-09-28T00:03:25+00:00,4gRfXFzrbRKYe4bwC4tuBr4NcFSC5o3eJUCJcitr3BNz,2.136558130759218e-05,21365.5813313656,9.96464141687632e-05,0,0,0,0,0.0,0.0,0.0
2026-09-28T00:03:25+00:00,GmTGKumEpgq1xjLnzk6CLKFVLDaLw5ez6dwFtRyBbKcE,1.9719992061468038e-05,44.16219551,0.002461430722,0,0,0,0,0.0,0.0,0.0
2026-09-28T00:03:25+00:00,H4wDkYxCTaeBNQdEWk9r5K2ddzruRdSB3J2ivsq4pPob,1.696580575630394e-05,16621.6426666216,3.8160335071395e-05,0,0,0,0,0.0,0.0,0.0
2026-09-28T00:03:25+00:00,GvhSPDqyPYgHob9HZL8CuV4yQfUUcw88ppTakgRz3URw,3.563774647001921e-05,35636.970028355,0.0,0,0,0,0,0.0,0.0,0.0
2026-09-28T00:03:25+00:00,3twWHp2uq1zaFrW5UxAGdHvZVyUARCovT9saTvCdbonk,8.618438510638072e-05,86184.38511,0.0366,0,0,0,0,0.0,0.0,0.0
2026-09-28T00:03:25+00:00,4czjXTWXR7VJiaEY3i9FnuBJkgFz7XmcpERygboqpump,3.700481905951227e-06,3555.5243699468,2933.3993,0,0,0,0,0.0,0.0,0.0
2026-09-28T00:03:25+00:00,2F1mZ9znwpC3NZRsXKSnq4ejgBiL9sRboZRUuN94wLWM,6.5958968903021334e-06,6595.89689,5503.0207,1,3,1,3,190.0901693048,-4.894,-14.668
2026-09-28T00:03:25+00:00,AHuxFiCnX65nvCRzLZHr1VmtoA9LBWK5hGai3C9v44T6,5.4258364152653406e-05,54160.1733980864,6.263093089e-07,0,0,0,0,0.0,0.0,0.0
2026-09-28T00:03:25+00:00,FdjkMLM79vWtvaDYU83xkXoZAPnhdKpicZmyFQQ89RSN,0.00019092119041540836,194041.963894042,0.00021920852273561,0,0,0,0,0.0,0.0,0.0
2026-09-28T00:03:25+00:00,EWghpAaYGd4h9wjRw6aAQVHHxr9Vx6EYMe1ynTcY3gcp,9.317892788128827e-06,9317.892788,5826.2005,1,2,1,2,14.107201457,0.286,46.648
2026-09-28T00:03:25+00:00,4kDfsU81RM6u2x4frbbUJoo6kFpoXriSCXACJTm2G1oG,1.3479194727520544e-05,13251.8404432518,8.599882402e-05,0,0,0,0,0.0,0.0,0.0
2026-09-28T00:03:25+00:00,4oABZg7Jnx1WvukCTDWeaJkKEFKD6t5kfqhQvGBs54je,7.456394560282732e-05,74563.9456,6.707423405e-07,0,0,0,0,0.0,0.0,0.0
2026-09-28T00:03:25+00:00,8hhofkDL7nZSgHUaavFkp9T2tvtxbJPKJAkps27Ypump,6.275326161557427e-05,62753.26162,6.411639251e-07,0,0,0,0,0.0,0.0,0.0
2026-09-28T00:03:25+00:00,562rSMBaCVLRGvP1MdGe7A5poEgQUoRG37JqsKrZheYv,5.64689155215235e-05,56969.20718,6.314401352e-07,0,0,0,0,0.0,0.0,0.0
2026-09-28T00:03:25+00:00,2fHrMrEKahXTz9BDgGN4DKYkH8RXZGwu7iYcRoUUGgtG,1.8058004837676926e-05,18058.00484,27989.6025,0,0,0,0,0.0,0.0,0.0
2026-09-28T00:03:25+00:00,Aw7jQdxvdEv19K3jtFnbWJhaCbXGPvs4vQpPMDdwSBP3,5.644405877731934e-05,56644.29033,6.25487901e-07,0,0,0,0,0.0,0.0,0.0
2026-09-28T00:03:25+00:00,7webxiJfmuLPiQEgxMoaBJ1U9nePizYa8nVHv12Ybonk,8.286893462346852e-05,82868.93462,0.0366,0,0,0,0,0.0,0.0,0.0
2026-09-28T00:03:25+00:00,wxmQK9z3RM6kdgrUGcQrPdBN6ncnWF3nB8t5AbfnN97,8.947397420220652e-05,89472.3294910114,7.709526828e-07,0,0,0,0,0.0,0.0,0.0
2026-09-28T00:03:25+00:00,6uippr2yoHhCZirtDnnKahgkD8dPpi9ybxcxNgYSpYNB,1.4491677542496714e-05,14491.67754,3.76538874034714e-07,0,0,0,0,0.0,0.0,0.0
2026-09-28T00:03:25+00:00,Ag8VFhAaXzjAxxj2BNBeWJFMuskkVbnknuErhkhtboF,0.0002386147222415197,238614.7222,1.17415313114934e-06,0,0,0,0,0.0,0.0,0.0
2026-09-28T00:03:25+00:00,6GsRicHhaf1wG5ZAm4jT3Z6SLVagbJJUvvqJxhhFpump,2.8781725175740486e-06,2729.2126341158,2849.3665,0,0,0,0,0.0,0.0,-6.954
2026-09-28T00:03:25+00:00,FFPSq1ByV2XdPTj2UkSPRe14NoQydUkarBLeNfXd1gdj,9.270175140108144e-05,92701.7514,26899.4355,51,37,41,27,4284.9959825361,-9.233,-32.983
2026-09-28T00:03:25+00:00,6n9xcjUAGy7hnd1LFdzBqpKUwhumh5eKJipDk75JwkkW,1.4774330969495042e-05,14068.4679141567,24051.095,0,0,0,0,0.0,0.0,0.0
2026-09-28T00:03:25+00:00,6KqbfB3zL5SockYzfNAFHrTQ9429RZaRPPmQif68U2Hq,4.890977241714188e-05,48714.1740085686,0.0,0,0,0,0,0.0,0.0,0.0
2026-09-28T00:03:25+00:00,BdeQbxD9v9JkKam8r9P3wz317rn7jDu7MHGczVw2LZ8m,0.0004708250336670446,470825.0337,1.82951852e-06,0,0,0,0,0.0,0.0,0.0
2026-09-28T00:03:25+00:00,HxNzaehXN56aJSF2yHRA3Wbxmav9QyvgtwJDZSmMpump,6.505524633870971e-06,6505.524634,5378.3906,0,1,0,1,7.5749027488,0.0,9.395
2026-09-28T00:03:25+00:00,Gj2ksaU1VgcRSQhbBwYYNDDhUiLPc3jY2rPkaSs5U777,6.2355301575809e-05,62355.30158,6.431204473e-07,0,0,0,0,0.0,0.0,0.0
2026-09-28T00:03:25+00:00,A7S1e8eN3sbCnGS5HAraBUF6eN9Gn3wR3rBiJS1kxuqe,5.746121756709709e-05,57461.21757,6.312161044e-07,0,0,0,0,0.0,0.0,0.0
2026-09-28T00:03:25+00:00,nheVhBEu7aQgtZLbtLkzvZEhhQh9fctKXWWFPd8pump,0.003363379225618222,3402785.24663168,190039.135,47,25,41,25,14972.6072215306,8.041,174.468
2026-09-28T00:03:25+00:00,88FirgpLH7CPAqWr426XykKETqM592wTrWqSRipHZbSa,1.237096147184087e-05,12370.96147,12809.7284,0,0,0,0,0.0,0.0,0.0
2026-09-28T00:03:25+00:00,FNRD5UDEVL2EcMEtPevqt4b5jDCMXELog4FVkEfRQsCA,1.2276818272686025e-05,12276.81827,12225.0864,0,0,0,0,0.0,0.0,0.0
2026-09-28T00:03:25+00:00,8TiH2aAFhhuTr572fuJNxLz3MS5UtGQjiA3vy1ws9Zdz,3.3284818350659862e-06,3366.987888,3345.4776,0,2,0,2,102.0247687575,-3.739,-38.034
2026-09-28T00:03:25+00:00,4Gx1X1BpGZVGu51xfaKrp4qcM9oUEVGLFstQv9owpump,4.9874194667310494e-05,49874.19467,0.0,0,0,0,0,0.0,0.0,0.0
2026-09-28T00:03:25+00:00,A1cpNt5497MRNcebJLBQdZuni4ZrpbfZtopG5XXVU8Gm,1.554598054851226e-05,15429.8107454298,9.38813133503235e-05,0,0,0,0,0.0,0.0,0.0
2026-09-28T00:03:25+00:00,EeG2GGh9NUjVnknkJdbhbZKgSbzLtn2iAuGiDwdgVShF,9.503556707680221e-05,93528.4153335284,7.177971121e-07,0,0,0,0,0.0,0.0,160.648
2026-09-28T00:03:25+00:00,GNR4Ao7GM31k5NiN9AQoK4tj5PAA61sXzCoh4bmYpump,3.428470864104189e-06,3428.470864,2717.1996,0,1,0,1,1.3080508164,0.0,0.0
2026-09-28T00:03:25+00:00,2MTou9QEaLd8Xqyy1jVk7cZzC8dD3UE4VQnZ7pg9pump,4.184054397682375e-06,4184.054398,3270.574,0,0,0,0,0.0,0.0,-0.088
2026-09-28T00:03:25+00:00,DJMx3M1scy4BTzSTQJLrmtAehTcCuNrd885JjAWijups,0.004530709958817835,4530709.959,6.445456608e-07,0,0,0,0,0.0,0.0,0.0
2026-09-28T00:03:25+00:00,94HSRTXMJPAoC2PhNzsJChCHbDv75KZnyyrxNtvRnViP,0.00195725225740749,1750787.702,0.0122,0,0,0,0,0.0,0.0,0.0
2026-09-28T00:03:25+00:00,EKSdvDxtA84oySTgaDcDGXyFC5nLvCMDafp46nWJunF4,5.885254265385697e-05,58851.6619211725,56143.7295,0,0,0,0,0.0,0.0,0.0
2026-09-28T00:03:25+00:00,5WKEWCpvbHS8TsAsge5v8FpFXyG2SMNFhVfqLtWYoSu1,1.3849739128679545e-05,13849.7391438497,5.11698378671421e-06,0,0,0,0,0.0,0.0,0.0
2026-09-28T00:03:25+00:00,FGktc5Es2PNDv3rhK2S6KBsbfQZonabD7oP7ZDmojnJ,4.7579964927483794e-05,47579.96493,0.0,0,0,0,0,0.0,0.0,0.0
2026-09-28T00:03:25+00:00,VjftXfgZapnhnwhA69BP8thhcoS1PAzanWPDFYZ7GsD,1.1577878915300958e-05,11573.0091750333,2.67846079155677e-06,0,0,0,0,0.0,0.0,0.0
2026-09-28T00:03:25+00:00,G3EZu7t5T4zy9bgbdKe7YbtNfBzL3nePcMr6JeaYsw1t,0.0001532356073783394,153235.6074,9.47136280099449e-07,0,0,0,0,0.0,0.0,-4.775
2026-09-28T00:03:25+00:00,H4vfewfwrjgzTzMGfoskTJoxrBW9vMutoVP5m8rb6Uun,3.501683355527555e-06,3501.6833559998,2779.5546,0,0,0,0,0.0,0.0,-0.82
2026-09-28T00:03:25+00:00,95NKmBaCH2yfEefQHJf7hcbty24NP84XRhx7Ta8zpump,3.6360579127323278e-06,3599.9525653181,2880.1652,0,0,0,0,0.0,0.0,-2.447
2026-09-28T00:03:25+00:00,H8Z4ALPwuLJVaZp64m2HyvwNRe65b4xBcjgKcAgjnnmp,2.098546807205558e-05,1158740.334,0.000975767627351997,0,0,0,0,0.0,0.0,0.0
2026-09-28T00:03:25+00:00,5uAJPcmuk22CWDVTrkZjRfcCYnrxfDkwMyyJZg4QLv2q,2.2049432563096407e-05,21703.3962117034,9.659607056e-05,0,0,0,0,0.0,0.0,0.0
2026-09-28T00:03:25+00:00,FQj2arb1LcYGU7mF9BP9BYGGTLHHXTVs3pvdexSWebjA,5.518256813559662e-05,55182.56814,6.259308577e-07,0,0,0,0,0.0,0.0,0.0
2026-09-28T00:03:25+00:00,ArHWUADgaXyPoHvQWvnFhchJzrBND4doCM1cTf4JadRE,1.206935813965158e-05,11968.1060873609,1.94487043185239e-06,0,0,0,0,0.0,0.0,0.0
2026-09-28T00:03:25+00:00,GBLiyXhWJ3tKaG2R1v4Xbg1RA81XK8MbF7kwDypV94BB,2.109162194921095e-05,21098.3891310984,0.0001717227048,0,0,0,0,0.0,0.0,0.0
2026-09-28T00:03:25+00:00,9L4xAusWTDaHxbA54ZRQGeqM5UZrHyysjx5qnTVvyApT,0.0001191462314103863,125679.73342568,0.00012008301025678,0,0,0,0,0.0,0.0,0.0
2026-09-28T00:03:25+00:00,3nzrxfMG1JHjKdmepdySmwKnQJhcGRDjwzTvvcEDfFBv,4.989679139745595e-06,4989.6791399999,3794.0486,0,0,0,0,0.0,0.0,-14.102
2026-09-28T00:03:25+00:00,ScnhBmMYsjLZX7z5EjLtSSZjNpYh7D9S4cX944Mpump,2.876756591468569e-06,2743.7016775105,2828.0901,0,0,0,0,0.0,0.0,0.0
2026-09-28T00:03:25+00:00,BvnqdYwuFrvi9ds63EtwQLYME89ikJkULnJPAd83pump,0.00028139637295013074,283768.018619082,49230.0209,10,5,10,5,2458.2547079181,6.476,47.113
2026-09-28T00:03:25+00:00,iuMh3MwbidNHmWcbxeHuLXZQT5cQprPFLbjgDSUtUQ3,0.0002675632954392384,545.8073695,0.00263076488406282,0,0,0,0,0.0,0.0,0.0
2026-09-28T00:03:25+00:00,4ZUpim5ZRfsPpHxn1Jj5euES83s5ZgvBA3VSxENQn77h,1.5926085057620144e-05,16393.9383763939,2.477336403e-05,0,0,0,0,0.0,0.0,0.0
2026-09-28T00:03:25+00:00,3bm27vzA7SETPf7ZrEvQYmr6isUktkQuZmXon3Xypump,6.21665525658818e-05,62198.5564,6.422445807e-07,0,0,0,0,0.0,0.0,0.0
2026-09-28T00:03:25+00:00,EHukM8oGcpeiu89NYA5kyiCCh963i7eEKBoyiotT4Bq7,5.67231001299965e-05,56723.10013,6.284028308e-07,0,0,0,0,0.0,0.0,0.0
2026-09-28T00:03:25+00:00,BL6gr3xTabuts1W4Ua7A9mCJaGv55GHVqUNXmrXTi1jA,1.3455536362123484e-05,13485.9547194086,1.366041467e-05,0,0,0,0,0.0,0.0,0.0
2026-09-28T00:03:25+00:00,J7ogZNqLut27JRt69ycc7xasx5FK6y9QJnr29dB5fLys,3.442706147453265e-06,3442.706147,2734.4279,0,0,0,0,0.0,0.0,0.0
2026-09-28T00:03:25+00:00,2BDL3GMBqJxcAoww9BtdJMirtkguRyRMbN8TZav3k5Ze,1.765043044618178e-05,17631.23028,9.60771010725125e-05,0,0,0,0,0.0,0.0,0.0
2026-09-28T00:03:25+00:00,31Gk2Ej4qqbw2y9azRoNKLRcTA2HRnwDYu4oKbfGYNHm,2.4328168054437575e-05,24271.7771316273,0.0001678817424,0,0,0,0,0.0,0.0,0.0
2026-09-28T00:03:25+00:00,CHqG6sH62EwuzUsVacqFN43hrTZP9WFEvxj2nBMAhU8p,0.00018270225988464405,182702.2599,0.0122,0,0,0,0,0.0,0.0,0.0
2026-09-28T00:03:25+00:00,2Kz5jhqyXFBJx5W9xRFGf4BU2TvmRTdqqU7rSND3Bjc6,6.686858574564483e-05,66868.58575,22839.8369,0,0,0,0,0.0,0.0,-6.082
2026-09-28T00:03:25+00:00,DNEVjt1PbJfEKBi1WN1XxscmsirwSQKsBDjha2gXpump,4.967260252106896e-05,49748.5808299502,0.0,0,0,0,0,0.0,0.0,0.0
2026-09-28T00:03:25+00:00,95uRmfMtycVw25zrL8yorWY1fFr4X1KcPCZgSzZHjh2u,2.7170195486411234e-05,26923.9322669239,0.0001340632186,0,0,0,0,0.0,0.0,0.0
2026-09-28T00:03:25+00:00,6b6gmhAgZe3nTjyjxhVNCGpFVwK1j3mK6GnVs23Mpump,7.380814406028358e-06,6887.5192980254,5850.7834,0,5,0,5,22.5881366822,-1.039,-57.648
2026-09-28T00:03:25+00:00,EPs12AZTtYsm6fwX93FafcZJCSwzVa7zZDsdPdGpump,0.00023951488461850074,234722.241687778,43055.6435,414,446,232,228,1033.5779760131,2.969,-41.405
2026-09-28T00:03:25+00:00,4QCdBmnQ2H92cvCsGM6ZNq71MjqPkmdYjqksBkTYpump,3.4076887008641783e-06,3407.688701,2715.7184,0,0,0,0,0.0,0.0,0.0
2026-09-28T00:03:25+00:00,9qBf89DWNAKL65arwK3EnpUxtSfe9R7W9RBhmP7cHNV,5.781662095438782e-05,58109.30866,6.319438347e-07,0,0,0,0,0.0,0.0,0.0
2026-09-28T00:03:25+00:00,8jWzx3vojz35ru6HeMcy7Ez84wr9GTRZ9YisTjDKpump,6.335516289184249e-05,63243.29377,6.408963255e-07,0,0,0,0,0.0,0.0,0.0
2026-09-28T00:03:25+00:00,DeXHhsH329mt1zwP2VqdUPLHWc38ZTVfmbbXCkm8pump,6.507750658367148e-05,64885.33345,6.44013563254055e-07,0,0,0,0,0.0,0.0,0.0
2026-09-28T00:03:25+00:00,Av2WLf2SgkqVd2jYkAW2pv3gjvNrn6R8Cj6FEjY7m4Dn,1.4514289068640425e-05,14514.28907,3.751345753e-07,0,0,0,0,0.0,0.0,0.0
2026-09-28T00:03:25+00:00,Cxsg5L8SpnesZQZjtjKieyCHLBEXpLPNzFX9aoj9pump,0.00022731702875981917,212140.092887948,44909.8227,315,76,123,39,8670.0174203458,15.87,66.524
2026-09-28T00:03:25+00:00,BVZVLTUSV6ftqHPqDEggag8crXJgJ6Cz5BCWmVvqpump,4.507381120824232e-05,43374.54021,18271.2988,8,13,8,12,333.3373643736,-1.678,-49.533
2026-09-28T00:03:25+00:00,WnFL5YYoGzCskdFxowXBv2j4cjT5xcD6iNdD8dWpump,2.622707764944985e-06,2587.3210628371,2760.7676,184,4310,134,4234,81949.6805117888,-99.875,-99.703
2026-09-28T00:03:25+00:00,Bj5tXVUxSZ5BgDXa59rdiibqNmAaxE4nAPMdP42tpump,2.2021941553032568e-06,2194.0173753776,2676.6197,73,2003,58,1933,27821.2235310729,-99.853,-99.685
2026-09-28T00:03:25+00:00,FjA4FYRgqDxD4bKimnsYzB16j9z264u6EoPxDGkApump,3.3953554134968895e-06,3395.355413,2706.5515,0,0,0,0,0.0,0.0,0.0
2026-09-28T00:03:25+00:00,7wscZEQnDGSbutfRKi7Aimd1J7LybvxVmZED99isKhdX,1.6808227378478654e-05,16618.9379966189,2.09617388e-05,0,0,0,0,0.0,0.0,0.0
2026-09-28T00:03:25+00:00,AUA4kFXXfmRQ3MN1oXKXhrWRT6Zukj7rmdc5GgNwpump,6.396265334310257e-05,63810.9728371642,23617.1567,0,0,0,0,0.0,0.0,0.0
2026-09-28T00:03:25+00:00,J399HfSSs5qgyeKZzAqYxAkchotQt2Anb1vujxLy8wqJ,5.615405546928436e-05,56118.54517,6.245245386e-07,0,0,0,0,0.0,0.0,0.0
2026-09-28T00:03:25+00:00,EUgrTjoSpfk2UwX6dSDizz8RRzFScqKYW8icpSGwfN6S,1.933120552576902e-05,31529.1001463616,0.1342,0,0,0,0,0.0,0.0,-82.494
2026-09-28T00:03:25+00:00,9Yr7Vs2rmQScfTykp9Zmb7pXVttut9ZXZaDH6uE2CeKX,2.4160150613529612e-05,24431.8754244319,0.0002416551942,0,0,0,0,0.0,0.0,0.0
2026-09-28T00:03:25+00:00,HRzTMpyHCdKCq2gzbZP59J5WKX13nwrctHM98BmBNwf5,1.681460947975863e-05,15790.7315057907,25728.2436,0,0,0,0,0.0,0.0,0.0
2026-09-28T00:03:25+00:00,D8YpRj2Gza1SCkhVdFiMBWfnaqUbN173CbXdfSRmRFjq,0.00011301532890423471,117016.7085,9.14687130296273e-07,0,0,0,0,0.0,0.0,167.125
2026-09-28T00:03:25+00:00,EhxGFdrH9NygyvGi5G79y9fqRoexbh5DLcu2TKAdAsZy,0.0013368270459949323,1336827.046,3.120057866e-06,0,0,0,0,0.0,0.0,13.491
2026-09-28T00:03:25+00:00,97AVKQngHK9W2FHaiL9zebqnuPGADuqhtkgp6qQG1MYW,3.876217362017092e-05,38975.09963,4.542980114e-07,0,0,0,0,0.0,0.0,0.0
2026-09-28T00:03:25+00:00,HgifwBfbMi9eBwgSVwBJc3R66Uj9267GXfwbgiQf77Ud,5.658344926661734e-05,56186.95415,6.24222793814749e-07,0,0,0,0,0.0,0.0,0.0
2026-09-28T00:03:25+00:00,5vPUcAb7HVr7dKB5FXYuKYufgLL1DtzgAcdYzME3pump,4.9883662773393754e-05,49883.66277,10370.1091,0,0,0,0,0.0,0.0,1.667
2026-09-28T00:03:25+00:00,6cWHvR5LKbxhge1XmUefvFcraWzmUQW3QkyKjqCqXNmP,5.7206100841511113e-05,57174.13091,6.248333447e-07,0,0,0,0,0.0,0.0,0.0
2026-09-28T00:03:25+00:00,C91Pyh2jp8w5Yk1DssJQ3zNb1vHayzvxveL5ipscmu4e,5.4350381889365765e-05,54350.38189,51993.1659,0,0,0,0,0.0,0.0,0.0
2026-09-28T00:03:25+00:00,ByqdCepXayazM7xg7yum6PtYsbzFM8Qe12qcfBAYpump,4.9747975946168935e-05,49861.23403,0.0,0,0,0,0,0.0,0.0,0.0
2026-09-28T00:03:25+00:00,FVs8np9UjacAbFv12pzsU6BstSqxeSabpWzD2tqpump,2.9037708157401003e-06,2694.6860194176,2857.6597,0,2,0,2,4.4771625869,-0.253,-13.079
2026-09-28T00:03:25+00:00,7LnnHauov6QusDwKRwTZbVAtrg6xU3drmDWnDmEuyqnF,1.653361334910913e-05,16533.61335,26371.9731,0,0,0,0,0.0,0.0,-21.835
2026-09-28T00:03:25+00:00,AjxqTiS6TnK75xG6pWAMJgNQuhkip3LzN36uy2wBbwmH,0.0005249199374090722,497193.5164,67991.4976,63,23,54,21,16342.3320182249,-8.348,152.161
2026-09-28T00:03:25+00:00,3EBURqAzyyVtjidB4J8nYVVWQmuWmofGWrYeMqiGmeZx,3.6057924433765083e-06,3605.792443,2858.1911,0,0,0,0,0.0,0.0,-2.664
2026-09-28T00:03:25+00:00,BBuVYbzh1W7tmqdB4U91NoL9B5rN6jt3K3C8cedkpump,6.457129215782287e-05,64444.51245,23309.6856,0,0,0,0,0.0,0.0,0.0
2026-09-28T00:03:25+00:00,7WXdqhbxJi3zcJaEw2cV3BdVhTdw9Devmxa69sqH9b95,1.9842696705708164e-05,19842.6967298427,0.000270050868859476,0,0,0,0,0.0,0.0,-68.997
2026-09-28T00:03:25+00:00,UTM3Ub28s6JKWVjcCr2Z4n5cWtdCXnGZq9H3EZ1pump,0.0011892361589143539,1163599.83814369,108769.0472,62,15,58,13,1163.2887240796,1.808,106.588
2026-09-28T00:03:25+00:00,DKfkSPCGnbP1cY1muov1bmMA5C3rZZm9G93FX1ewpump,3.4084740384501422e-06,3408.474038,2712.3104,0,0,0,0,0.0,0.0,0.0
2026-09-28T00:03:25+00:00,CbmDmSjDn8VLyMGhgCmDWjmBi72kEJcNTPxTX3v4pump,0.10226576915983075,81812.61536,0.0122,0,0,0,0,0.0,0.0,0.0
2026-09-28T00:03:25+00:00,4rGaAQRecWJ2P91sBTDGSYqHw9mrZv5da6p5SvtCQkLg,5.654054425991967e-05,56700.51496,6.276967942e-07,0,0,0,0,0.0,0.0,0.0
2026-09-28T00:03:25+00:00,DHoy94stzuAsjSKRYSQFL22NgVCQSYfqtJBkr2DCxDUK,6.037663158240124e-05,60376.63158,6.46498048168205e-07,0,0,0,0,0.0,0.0,65.713
2026-09-28T00:03:25+00:00,8Bc2cfMes4PTwYGivgcxuZX82vtfNSFnvfZ1SMvypump,5.226500634936158e-06,5226.500635,4135.6487,0,0,0,0,0.0,0.0,-51.718
2026-09-28T00:03:25+00:00,GhRJXatdMGdDcGmfxZPKWyUW4FNvMM4fSHRquyvgpump,4.982330516000771e-05,49775.0094935614,0.0,0,0,0,0,0.0,0.0,297.202
2026-09-28T00:03:25+00:00,81okcujCn1KnmjVCMSNSHQDMgxesxWE8cFx2kXrN3CiW,1.869348580984502e-05,15326.45434,7560.4473,61,35,51,31,7726.189030962,62.823,-55.115
2026-09-28T00:03:25+00:00,BQfybBieX8DAoELyzVNCkaic71umi5FDYq8SrQk8YnnH,2.308828776422395e-05,23088.28776,14021.6135,3,2,3,2,105.3842526604,-2.023,-4.625
2026-09-28T00:03:25+00:00,5H7CxPsc7Pcjz6bjf9RJqG2ECYNyyPa2STwBZZSTpump,1.6767507387427416e-05,16732.50647,9960.7066,3,8,3,6,408.0578832606,-5.68,-49.105
2026-09-28T00:03:25+00:00,7nx4NtEpQ2eqPQWuzw3GkCXvrRMkuE75Vy7LMkSTpump,2.1874106767962506e-06,2175.9625695806,2230.5583,862,1951,214,1337,73448.2762951658,-99.905,-99.41
2026-09-28T00:03:25+00:00,6XqPLoyNCY5nuv7HZMNX1ANFdhPRDt3dkRLCeBomWbdW,2.4488612476998904e-05,25216.5574552166,0.000226674981395534,0,0,0,0,0.0,0.0,17.078
2026-09-28T00:03:25+00:00,EsnPV5QDmazP84nbMuJchr6VWhcDgKkGaPHmCzpDRyGA,0.0001245190030015293,125363.565625364,211357.2181,49,32,39,22,77858.6396314431,1.1,33.628
2026-09-28T00:03:25+00:00,5pBaTJs3egcUpDx7YThsVbTXoCpvkvNfE5A12nijDdvb,5.737543805864988e-05,57375.43806,23207.1128,0,0,0,0,0.0,0.0,9.795
2026-09-28T00:03:25+00:00,F3naE9XJs54VgtBoeR2XQ9KAFpDRTbgZoDSjP4bzMcWJ,2.175027078131976e-05,20545.5855016368,0.000372763177286081,0,0,0,0,0.0,0.0,98.528
2026-09-28T00:03:25+00:00,6UhUkSBc9RBB9gVJcjCWtcQv4t771rQF7bdn2qK7pump,0.0007913215369168205,767773.983798605,83859.3717,98,72,89,60,16509.0276137391,18.641,153.37
2026-09-28T00:03:25+00:00,36ef5aQyrEFRDMyRk3fBdcvDPHNjARi5bDG9ryPoWRWX,4.957239269199113e-05,49572.39269,0.0,0,0,0,0,0.0,0.0,1340.806
2026-09-28T00:03:25+00:00,H9TEHQNvkqiM8kiUqeSoqN54sXRtAR9LG6cN8eUavGdU,1.5760137345285357e-05,15466.3992059227,25144.7109,0,0,0,0,0.0,0.0,49.804
2026-09-28T00:03:25+00:00,EPFPcvcJo5KHb37JGj3ANC3DuMqkmQ6Pb5MaJAQRSkay,1.3303130841893367e-05,13303.1308533031,23069.1495,0,0,0,0,0.0,0.0,28.999
2026-09-28T00:03:25+00:00,5TwNmEZyCVioXCeAGj4FkHANQj7L8czAEQoNuasR3DSz,1.6151214492621267e-05,16148.9438553,2.696032555e-05,0,0,0,0,0.0,0.0,56.518
2026-09-28T00:03:25+00:00,akLNbP66rtnuuJgLV8q4g9iQwSE7HunRSdkSDPBpump,0.0008623745738090742,858443.857078823,92996.2737,72,30,67,30,3566.2969494917,1.417,108.449
2026-09-28T00:03:25+00:00,FoN54SNjcNakYuEqXKQe1jbnaECyP78GA7WKniWx6H7h,5.7455008423040875e-05,57252.71691,6.29037589639277e-07,0,0,0,0,0.0,0.0,9.685
2026-09-28T00:03:25+00:00,ALbTv3uvShNrsfxaiqcLLB3Bt9CbKTbLeCVcvYSWaTV1,1.4183213723272337e-05,14183.21372,3.756590015e-07,0,0,0,0,0.0,0.0,37.114
2026-09-28T00:03:25+00:00,Gn3jxzPJW7LUAjjbPgeFokkY8kmmUhA8RXoRabPtRoA9,1.7130960634891285e-05,17130.960647131,3.86755879138726e-07,0,0,0,0,0.0,0.0,4.47
2026-09-28T00:03:25+00:00,7qZeReRd7X7dV2wgt1HidBQkqfyUbtXRg1wCxVBJXZiF,1.753252593312113e-05,16688.7625866888,0.000222789428460605,0,0,0,0,0.0,0.0,61.715
2026-09-28T00:03:25+00:00,8Hk7KK1gtebqe6RAs4AJRRST3ThaFhqsfGMv6pUxjCCV,0.001535535073844236,1535535.074,108269.6901,39,24,30,22,22464.0995230786,6.469,2150.561
2026-09-28T00:03:25+00:00,5cDPo1jjEEtxWf2y1HTx4WyMydVmErN3YnbYtxLVcmg9,5.730854786367704e-05,57310.82402,20407.3799,93,54,68,45,7156.2262210659,-9.801,13.901
2026-09-28T00:03:25+00:00,L3AkrXzxvigXwefBR5ov87BMsKVJTss76kDk8tLHihr,0.0001617314169829134,162850.7682,9.565790408e-07,0,0,0,0,0.0,0.0,108.255
2026-09-28T00:03:25+00:00,6Hvaxtqrq5Rbn2ictiHx6yUZVVjdHHiUnWG7SkNZpump,2.6509195643716185e-06,2493.1443829259,2662.7441,0,0,0,0,0.0,0.0,-94.86
2026-09-28T00:03:25+00:00,4qk5j1gtRywW1zjSm45KZ3fpE5sWYbbLWGV3oaYioFbb,5.8168714844321475e-05,58168.71484,6.217410869e-07,0,0,0,0,0.0,0.0,27.782
2026-09-28T00:03:25+00:00,Dfr8gNs4ZXCFaum72BmJQwCSChKoi6cGrqxVqv5vpMhi,3.249694218786668e-05,32496.94219,0.0,0,0,0,0,0.0,0.0,216.666
2026-09-28T00:03:25+00:00,35BwfuKRBcqczHoT512FpC4PK122gT8Za7ndccBqWJRS,4.8135453698686556e-05,46264.16752,0.0,0,0,0,0,0.0,0.0,561.743
2026-09-28T00:03:25+00:00,5PPjgFgh7nd7LE9KdKMopTW5XG7F9MrhzERfXbiWnWrM,5.394651894975053e-05,43162.7987016927,21088.9754,0,0,0,0,0.0,0.0,3.312
2026-09-28T00:03:25+00:00,4vNCGJahpokk4TZTnE6PqGANyxnvNJ3dBojoo67Fz3s5,1.9086981144308434e-05,19609.3670643184,7.88177127045854e-05,0,0,0,0,0.0,0.0,89.268
2026-09-28T00:03:25+00:00,8Qw32vmvAoAdR3pkeTrWDq2Hb5CXUYoiFC1a2nXLvTgL,4.976228084566968e-05,46182.38665,0.0,0,0,0,0,0.0,0.0,218.775
2026-09-28T00:03:25+00:00,BcMBsefYMRP9pugzhRc82W4UedLCzJmiecjEWQgmvvcU,5.6416183885162234e-05,56760.07704,6.287547253e-07,0,0,0,0,0.0,0.0,24.358
2026-09-28T00:03:25+00:00,DPTEbCjRkXi9BoX3BgCkqm2Yvcokoa7JnQsgz2LEpump,3.836671127184267e-06,3836.671127,3034.0028,1,2,1,2,4.1365298571,-0.235,4.463
2026-09-28T00:03:25+00:00,9Z51rChYzWTXUZ8U5MX2bRYhTftxYEVs9VUW4dtMBuW1,5.7024615380685545e-05,45264.6619636881,6.265064095e-07,0,0,0,0,0.0,0.0,8.157
2026-09-28T00:03:25+00:00,3jjcXZuX5P4sHos1rVSWqZdWDqbwbLgo337wjaawmoon,5.636009850796888e-05,56360.09851,6.273479728e-07,0,0,0,0,0.0,0.0,18.87
2026-09-28T00:03:25+00:00,8GoaTvZSVLRgdtVXymBFJC5poRideJ6y52a23GyxFN51,0.0011689389304014965,1168938.93,2.593970166e-06,12,12,10,11,8468.4302760264,2.948,296.927
2026-09-28T00:03:25+00:00,3CbU9nHixPuXzpAE26KmEw7YsVX3aHeUV5pUNU6hZaAB,3.150071615251161e-05,31475.5955614756,0.000274045747734261,0,0,0,0,0.0,0.0,190.438
2026-09-28T00:03:25+00:00,GXUuKPV1EkbUBAsVAo65TgPiYjdfqdFFfHf6g43evtNz,8.049722178735684e-05,80497.22179,6.850630139e-07,0,0,0,0,0.0,0.0,175.299
2026-09-28T00:03:25+00:00,ExKyiA5JsDayXJoaZGf2UoNT1oEciGvzN6MDgoV6yobd,1.6907126306202645e-05,16819.2652668193,0.0002341626249,0,0,0,0,0.0,0.0,62.461
2026-09-28T00:03:25+00:00,92BVgXufGjaMUyANA97dvg8LqNb5VMg2wgRfve9tPdCG,0.00032252247725896965,321522.7753,52078.0023,210,165,156,128,50881.4962375786,-19.212,3039.981
2026-09-28T00:03:25+00:00,GhvNFSuQaF9upetYwpsZQXyCtaMxKw7mHwgFHD3qpump,3.7160463678712024e-06,3716.0463679963,2936.3708,0,1,0,1,18.2469732253,0.0,-53.347
2026-09-28T00:03:25+00:00,ioQubVJtPKKJ4TRJa5EdfuJnbbs9DgmZ8AJgiyFK1ur,6.0335873588492206e-05,60535.25954,0.0,0,0,0,0,0.0,0.0,489.054
2026-09-28T00:03:25+00:00,9dWu7cE3wTjuWKn3yuiikXjScvCfN768jsfGbHqGAU7J,5.763205351107549e-05,57416.3601798558,23155.0745,0,0,0,0,0.0,0.0,25.861
2026-09-28T00:03:25+00:00,AiaX1ApKHVJvQ7uHrZfu9GvAnWX2xSPn3pYdxjyMpump,0.007063374993896575,5513047.57583478,6.118455488e-07,1,0,1,0,3.462466422e-05,0.0,14797.725
2026-09-28T00:03:25+00:00,TJY3o6nyEJqbhF2u1bPaDND5tCuQzYnUyDt45m5dCN7,0.00010988762120361464,110322.902710323,185702.3698,87,68,45,26,151207.616676914,3.139,56.632
2026-09-28T00:03:25+00:00,F1CZsBwru1KGc4wZHem9oAjna2xkBJ3DbS4db9QvBAGS,0.13964445480244214,139353.9271,0.0488,0,0,0,0,0.0,0.0,43.407
2026-09-28T00:03:25+00:00,4BqLNJH1Eq12bN3RVGW4P9TySCwTE9SYP19w8n3KfTeE,3.788949331741886e-05,37039.4922911185,0.0003552120211,575,330,66,66,188785.502077504,-24.711,257.235
2026-09-28T00:03:25+00:00,9hJPqv4skc13qXXfoxudGqpUe8ByMUKnRoiVNUHnwhL,4.697685515936652e-08,46.97685516,0.003059475325,461,314,183,49,481169.81239737,-99.961,-99.94
2026-09-28T00:03:25+00:00,Htu1b1AveATcMz4dUpPFazaoYDmdYkHF8AJQhQQkjups,6.38352577063509e-05,63835.25771,6.464971254e-07,0,0,0,0,0.0,0.0,33.847
2026-09-28T00:03:25+00:00,DiVUwGdHmRCdvMHFEeYDtBkMesCFUwF7f12Q1KdzJspQ,5.691978802790423e-05,45803.0672062863,6.231720677e-07,0,0,0,0,0.0,0.0,9.335
2026-09-28T00:03:25+00:00,2ktCbpQcyGLfCf6rvzFRW3yC9yB6EiJHqSCa4GxYWJA5,0.0005981802151409047,603572.0333,74922.0408,292,100,215,43,62096.5013868049,83.948,787.108
2026-09-28T00:03:25+00:00,He21ULnEnZUGw9AdCnMh9r63YnrrVGchRoScvCpYzyYm,1.9589117086954944e-05,19568.0510695681,29759.7238,893,574,428,101,137435.838198873,20.418,88.621
2026-09-28T00:03:25+00:00,9inZTWscKifF835pUztDZmF77wBe2d16n3cJd97ZE4UJ,7.164923439128266e-10,0.7164923439,167932.1004,806,659,206,195,13755.6360282941,-99.999,-99.999
2026-09-28T00:03:25+00:00,NiE5b5BGgVG6VmbhbrF43rs6w2E5p8UjXaW7o8Hpump,3.439765551092923e-06,3439.765551,2728.7982,10,33,10,19,4405.8570375808,-66.076,-2.459
2026-09-28T00:03:25+00:00,5Lz1som5aA9iGkSCvoom5TvE5gLu4iBn5Le8n3Yupump,0.09858440430690085,88725.963879,0.0731,0,0,0,0,0.0,0.0,50.717
2026-09-28T00:03:25+00:00,3cgNRQRToBpqtGhvRztndJBDXSiZP3Y2FFt2uQxCpump,3.4078876139017863e-06,3407.887614,2700.5682,1,0,1,0,0.2614245542,0.0,-10.528
2026-09-28T00:03:25+00:00,3x1A8ty18mycnq5eiYMVn49NG4tzC9W8KvSZUbHUpump,3.958554061488807e-06,3958.554061,3111.1096,11,18,9,16,1063.4500351745,-4.575,8.842
2026-09-28T00:12:30+00:00,HCy7vxTApN2Lcv6Rw1MZazXsEofXFLxWCVbJBhF8pump,2.8404630903128004e-05,28404.6308077416,14964.8509,3,1,2,1,11.2823236535,1.533,-17.531
2026-09-28T00:12:30+00:00,B2kipu1WYBPBDQrCX5yv9p7dhjhG1FwwnxBjUDhSkbdG,0.00010906239574645367,106942.837328078,31006.517,19,20,19,19,2529.7250375819,-11.89,-38.692
2026-09-28T00:12:30+00:00,GBNCTFPnVCh852xrnjJLi2eVpPb3LW59ZGiSkvjDEqN,0.00036166073042734933,361660.7304,0.0122,0,0,0,0,0.0,0.0,0.0
2026-09-28T00:12:30+00:00,5zfBmzXxtwq3e2hw6TGebcwycvVHNpaC1te7u56jCE1G,9.588801067658391e-06,9528.8847901239,7452.7962,0,1,0,1,2.5517672184,0.0,-6.106
2026-09-28T00:12:30+00:00,3iUTyNYW6xKv5kZUjtbrEDTsuJTrSVwvB3bQtxkLpump,0.0009312333847737788,931452.3762,105780.9855,29,29,21,29,3172.0318630381,-3.723,7.785
2026-09-28T00:12:30+00:00,BmExgUDRid7NTnN1iLb3KnTug3Ma6adYsKyF9zfaPc39,0.0001913223756635885,189703.8982,40863.4005,0,0,0,0,0.0,0.0,0.0
2026-09-28T00:12:30+00:00,9WAUA7LQqzoiYnLzEECk6zRoT8Mse7pJp1R1RHX48mQm,7.106130640481492e-05,69272.8998273455,56878.9337,0,0,0,0,0.0,0.0,0.0
2026-09-28T00:12:30+00:00,DYY3bjoJ9jgE6qigS6hdEsc8NBmMFL1SHEvw8hJtasw,3.4968669258211037e-06,349544.6616,2.09123231984937e-07,0,0,0,0,0.0,0.0,0.0
2026-09-28T00:12:30+00:00,CWsyVkoRHbywhL17QtNZTMhXaRrh4AcBb5GurXqmreLS,4.1911881961006586e-05,4191188.196,7.04073409018026e-07,0,0,0,0,0.0,0.0,1.329
2026-09-28T00:12:30+00:00,2GsbPfFTaNWcpVn9Nij44wDdWyZA5EazhYHN5dffGVvY,4.495781087097652e-05,4495781.087,7.12580237865612e-07,0,0,0,0,0.0,0.0,5.917
2026-09-28T00:12:30+00:00,38CqdxjLaZH6Yv4bBEbz1dr1GgctCF23rjbU5qmUYqrq,4.307607443450418e-05,4307607.443,8.852072698e-07,0,0,0,0,0.0,0.0,3.153
2026-09-28T00:12:30+00:00,CC5D6puFmcsnGaJh7kNXeAcRpL2SZzQfoQezvx45uKjt,0.0003058110985121158,305811.0985,57358.724,14,12,6,11,636.1335316612,0.989,-23.113
2026-09-28T00:12:30+00:00,GytZU2HrRuUPLy2xZa29oUBBJzp6ErMUStEAR5cjhNB9,0.00010295146848137648,105801.7693,8.94188636893592e-07,0,0,0,0,0.0,0.0,0.0
2026-09-28T00:12:30+00:00,4TetqPfYjTxVCK2732K2boPMJK9HuF71a32E9r4atij3,0.0314141997102321,31414199.7414142,3.970815684e-06,0,0,0,0,0.0,0.0,0.0
2026-09-28T00:12:30+00:00,DAF4QargatxR2rAqe237KJK4k63DNYaxMbRujSEgAoeA,0.00043900030174553355,439000.3017,1.666893558e-06,0,0,0,0,0.0,0.0,0.0
2026-09-28T00:12:30+00:00,F4K2SbLNgyz9gzNqT8bPeLpRkxy4oMA9twaffUDdZtB6,0.00028571248768504277,285712.4877,64906.1851,9,5,5,5,1730.2751343716,-3.154,-15.807
2026-09-28T00:12:30+00:00,6uPEdkU2xPg1iyfLzV1ssUwvve8nndA2sd6nBFrb1n58,8.781026809322256e-05,89691.6645643853,31471.7108,18,20,16,19,1738.0240099097,-2.841,-47.019
2026-09-28T00:12:30+00:00,6XnC2YXRnvT8Nx16Kny61sz3UgGjWGRKsGomTDRe8haa,2.370366596500343e-05,23703.6655131696,12906.0289,0,3,0,3,66.9689745946,-1.665,-19.778
2026-09-28T00:12:30+00:00,2xrw9WoHD5EWPT77rgYdubFGCxySPQxtbP69XWmU8eBM,4.7116490472300125e-05,47116.49047,0.0,0,0,0,0,0.0,0.0,0.0
2026-09-28T00:12:30+00:00,DAemPFNc3RtibBDKkUA4eL2Ns11q9VRdbpptmqm8DGqN,0.0002501193193737455,249370.0495,55895.6447,24,9,11,8,1243.8571613001,7.13,20.1
2026-09-28T00:12:30+00:00,J1yxV53EmVRmt9RUj6PPufMfdAYUbtgwXCuNYTBTsYzJ,0.00017644872851618252,176448.7285,48829.7541,3,2,3,2,173.2777711387,2.217,-15.88
2026-09-28T00:12:30+00:00,38ALUy9vcgFKfGnaNwbsKewxW2YEhvJHTUeNgHU1tycS,5.6432600762443655e-05,56218.10032,22994.8628,0,0,0,0,0.0,0.0,0.0
2026-09-28T00:12:30+00:00,BNPEa7C53BvqYJxvhpSRvae3jQUSGSYrgVijnX1Ec777,0.003662982492014377,3662982.492,6.464171646e-07,0,0,0,0,0.0,0.0,0.0
2026-09-28T00:12:30+00:00,71RDTAQ6sPNMZXf3fuWEcbP8BmG1KV8jvh1yQD1Wau2y,0.003782771112008675,3782771.112,6.33500449722787e-07,0,0,0,0,0.0,0.0,0.0
2026-09-28T00:12:30+00:00,E1CNn65e5J9R5YH8ZJTPCaAd16QHJzRtFecCCAEAwS8z,0.0042571742719839855,4257174.272,6.33351832114218e-07,0,0,0,0,0.0,0.0,0.0
2026-09-28T00:12:30+00:00,CSnG7fy9W8CZ4Um4tXFwHG1eSV8RWGPraEhRbvX5kjKv,4.9865612888377085e-05,49865.61289,0.0,0,0,0,0,0.0,0.0,0.0
2026-09-28T00:12:30+00:00,CazHcRRKaE1Wa4phXayEdPE6YDACPNY4cwDeW1dBkfgn,0.0037006700439254974,3700670.044,6.3283858911548e-07,0,0,0,0,0.0,0.0,0.0
2026-09-28T00:12:30+00:00,FJ6nMZFu2EqgBcYwjfA9uwAcE8PBLYTJmHX4WBnP4qvH,1.5547954146524308e-05,14750.3895864193,11094.1016,0,0,0,0,0.0,0.0,4.555
2026-09-28T00:12:30+00:00,GP8CWb472uCzJdUwKh1rQs8Aoizte19MbqeM4NPi4Qh6,1.2350957253522123e-05,12350.95725,12221.7205,0,0,0,0,0.0,0.0,0.0
2026-09-28T00:12:30+00:00,DFjPTTAAnet9hnkjDNEbb5z1TVFoHebWBKMfxMb5wi9V,1.295639498168937e-05,12956.39498,13582.518,0,0,0,0,0.0,0.0,0.0
2026-09-28T00:12:30+00:00,Cgi54CNpHaYn4smqLH5tW8X5QxssMvi592My3tRoiHfX,9.783897604858276e-05,96295.63791,28234.9855,14,16,12,14,1312.2358297405,6.697,-14.058
2026-09-28T00:12:30+00:00,8Z4dayPJpM2noUpHfGVivVRmVXGcyx47HHstjNvVnuq9,0.00017793415493335324,177934.146359161,1.1453154344286e-06,0,0,0,0,0.0,0.0,0.0
2026-09-28T00:12:30+00:00,7tEsDuij7aj4b2jLUAS5oXcp6B3zWratYVmviS5zpump,0.0003126016082435443,313655.33916124,56506.6953,13,9,13,7,605.4055256602,7.474,-21.673
2026-09-28T00:12:30+00:00,E944rK64mgtLB9c2X8cuaMEHVdfxMtr6HURMLAZ59zWC,0.000684821563942031,684821.5639,2.09345453638836e-06,0,0,0,0,0.0,0.0,0.0
2026-09-28T00:12:30+00:00,BktmcCNmK6fxbFhA5HwtpDAtEZ3cfpr5zaoFMgWziUVG,0.0003278178195058139,331721.0369,1.72641963426241e-06,0,0,0,0,0.0,0.0,0.0
2026-09-28T00:12:30+00:00,HFC9vq83rXjinp7dg8Dx1dnwca9LoaTK1zTonnZxTKgM,0.000376517000645144,376517.0006,1.19571661321501e-05,0,0,0,0,0.0,0.0,0.0
2026-09-28T00:12:30+00:00,FUKX4RajeVJeWBigzVBh97p7UKB86oBC8P7uqp7DtmB1,0.00019875851632945193,186559.6947,1.20537962253708e-06,0,0,0,0,0.0,0.0,0.0
2026-09-28T00:12:30+00:00,ChyCbmYAtbkzJbttDVrUJNDVXD1oxy5BrY18fkMq5wH5,3.613812416532774e-05,36138.12417,4.60319304649865e-07,0,0,0,0,0.0,0.0,0.0
2026-09-28T00:12:30+00:00,DgcshFJxwpx8wdHq1FeVFpF6JkAgFincYeyTHTwPE3Q7,3.367602057704049e-05,33574.16459,55314.7883,0,0,0,0,0.0,0.0,0.0
2026-09-28T00:12:30+00:00,133ZoZ2jHzJ3gTfYAkvLdNKadpzcGQqb6d4PQZyyiodi,0.0005296363259017966,480.1985816,0.00445,0,0,0,0,0.0,0.0,0.0
2026-09-28T00:12:30+00:00,3YctFnSKjqujVdMuNp22d9ZcCgyXxgbtcGmNSzg3WZgw,0.010319288149116562,10286935.61,0.000202135865636695,0,0,0,0,0.0,0.0,8.761
2026-09-28T00:12:30+00:00,8HnLRKJ6XkeGq1tpmKPqn3yB5ruqbSR5LR5nVCNAshop,5.838890350988267e-05,59765.7611088586,24454.4625,4,13,4,9,1739.2579704549,-17.647,-10.161
2026-09-28T00:12:30+00:00,6KaprXhTqtGQDRijpjPg36QJ7i9Ewt4NAmjv8twU5tSH,0.0001964765552312353,194016.7361,1.12902681034999e-06,0,0,0,0,0.0,0.0,0.0
2026-09-28T00:12:30+00:00,FiLrNu8Cee9naYei81XdsKBJDZNb5kJJsGWoK53WYVuF,0.000189747729764466,191308.0668,1.16962256e-06,0,0,0,0,0.0,0.0,0.0
2026-09-28T00:12:30+00:00,8XDD33SKSzM7GE7oFecv8UdhfDuV9AUSqcCDC5LQpump,6.491346805804408e-05,64913.46806,6.43436231171361e-07,0,0,0,0,0.0,0.0,0.0
2026-09-28T00:12:30+00:00,9ajUQYkyUb54B5AWhx3yfdRiMUG4ynR5omc3aNXTSXpG,5.716772380244721e-05,57517.19987,6.306554348e-07,0,0,0,0,0.0,0.0,0.0
2026-09-28T00:12:30+00:00,C5YjyjnbJhPmW41mXZWiFJF3FSHtUu5Z8sefqhmGpump,8.810980378130867e-06,8810.980378,6748.2298,0,4,0,4,28.1106306909,-0.49,-15.843
2026-09-28T00:12:30+00:00,49pvK47B65PA5dWNeqMLzLn7FmNrsdm4fuKvFPQiBAGS,0.08291562391437395,82915.62391,0.1952,0,0,0,0,0.0,0.0,0.0
2026-09-28T00:12:30+00:00,4PutGVeQxkcVSKUxLvJYTL3W9rbVV1KYq8ptGFh5jups,6.0892411372544724e-05,60832.04225,6.45609009417937e-07,0,0,0,0,0.0,0.0,0.0
2026-09-28T00:12:30+00:00,51yz5RRoz8Tuk1467J3eCFcRGReprwxXFGrJBTaWmDsd,5.409628357315775e-05,54096.0697042314,51009.0029,0,0,0,0,0.0,0.0,0.0
2026-09-28T00:12:30+00:00,YHt1GkDfJVF5gpYH3je4st8dUVHeTL4TAmK3DMNjups,6.504726209002959e-05,65047.26209,6.529404769e-07,0,0,0,0,0.0,0.0,0.0
2026-09-28T00:12:30+00:00,GpG9iHeWBEFh22JbCeRHzhtVncEv61aUB9EcjNnLqqHn,7.5118758146171e-05,344253.5567,0.00496527642778011,0,0,0,0,0.0,0.0,0.0
2026-09-28T00:12:30+00:00,7znSmc2WiGVLoexJsNhHKtV6oeeDipWrxW9vN8PRaunb,0.0002490655929890488,237372.6791,1.14914262571134e-06,0,0,0,0,0.0,0.0,0.0
2026-09-28T00:12:30+00:00,AsAcfXMfJZspdKDLr2DG2Bkw2YnhHUysSNLrERBtpump,4.166679618889944e-06,4166.679619,3258.2828,0,0,0,0,0.0,0.0,0.0
2026-09-28T00:12:30+00:00,BxpWDdkV7wbfU5ipCPURJgmYR5Nn4N2vGK9A8Qdrpump,4.685882334564677e-05,47502.4937905525,0.0,0,0,0,0,0.0,0.0,0.0
2026-09-28T00:12:30+00:00,Hrb643TUtZMUKJLM3AsWt2T9Df8JrsvcaXBKd5vUQ79v,3.2423343179683535e-05,32219.04464,38253.1166,0,0,0,0,0.0,0.0,0.0
2026-09-28T00:12:30+00:00,BPVHYcNjKGXqPbhpYXyAaHhWRtD3b2dToyn3ZNKM7fn4,5.614441468381778e-05,56144.41468,6.29795509203476e-07,0,0,0,0,0.0,0.0,0.0
2026-09-28T00:12:30+00:00,5vdE4164sYVjKMbvURnLYHZm6WDn1sMyMJj7ynjdpump,6.26825649213245e-05,62659.99349,0.0,0,0,0,0,0.0,0.0,0.0
2026-09-28T00:12:30+00:00,FoE6vWnSb7HGMiYJL9b2gp6Hn3SxwCKNBkbftnKKq9Pu,6.740950556955364e-10,0.6740950557,1.3905,0,0,0,0,0.0,0.0,0.0
2026-09-28T00:12:30+00:00,5vCAPYAs415Y2Cni8kcGtXrc2U22ks14F2nv8cVxnhXq,5.817566403691987e-05,58139.3809,6.35955394e-07,0,0,0,0,0.0,0.0,0.0
2026-09-28T00:12:30+00:00,6Apwsn3iB12bWaN9XeipPGVPRFeSLpnTTQZ7EgW6pump,4.797714004196007e-05,47977.14004,0.0,0,0,0,0,0.0,0.0,0.0
2026-09-28T00:12:30+00:00,3xeQmQ8TqpLNGntNaXmuYi1nt1Ur9fAwuHH3MAuqNydi,5.7333330653366336e-05,57000.58146,6.340355904e-07,0,0,0,0,0.0,0.0,0.0
2026-09-28T00:12:30+00:00,8wRWyHGDnAQvwH6s95zFPb1PFL4VPjgJV5mNUVqMpump,8.651153716498698e-05,86511.53716,0.183,0,0,0,0,0.0,0.0,0.0
2026-09-28T00:12:30+00:00,EAqafjVn3e6SYiTFtUWCWdkqs1TNejhqvviTVoZWPpcp,6.151672235985901e-05,61516.72236,0.0,0,0,0,0,0.0,0.0,0.0
2026-09-28T00:12:30+00:00,9jo2ScZVkW4C9CzJP1p94h4gwVdgVe81XjYEbX9apump,6.642025420362147e-05,66398.07641,24371.2204,0,0,0,0,0.0,0.0,0.0
2026-09-28T00:12:30+00:00,CpPtDjmh9rU2MQGvf9rcsdfkZMYyYbc6VHH5ape8cXJn,5.5296188780511745e-05,55097.99745,0.0,0,0,0,0,0.0,0.0,0.0
2026-09-28T00:12:30+00:00,A8gpnSqS3JAGvcdDNZNa7HCYSAFJTm9gKMHSEzDAvc1S,3.1419308808286605e-05,31419.3088728386,4.587641413e-07,0,0,0,0,0.0,0.0,0.0
2026-09-28T00:12:30+00:00,HH5btUAy7FCFCJYfDB9FV5x1Zk5SLJtymoPW32U9bJ9m,2.6245095184408248e-05,25925.77943,13157.529,0,5,0,3,118.6095745917,-2.231,2.739
2026-09-28T00:12:30+00:00,5ziXm7wxAnb4WHJytscSWCG3nVsxJiGrb3jsn4hkY3t,0.0003483203031889956,348864.759348865,0.0002057084509,0,0,0,0,0.0,0.0,0.0
2026-09-28T00:12:30+00:00,ArYuQPyvBM3RAyNGL6prgNxzX8mTwQiQMoiXUAzupump,3.529803876730772e-06,3529.803877,2790.3358,0,0,0,0,0.0,0.0,0.1
2026-09-28T00:12:30+00:00,BjisTufDR6yZEBKHynbpZXcvhXBDh6RPeHfKj3QTpump,3.550067978518654e-06,3550.0679789999,2804.8447,0,0,0,0,0.0,0.0,-2.736
2026-09-28T00:12:30+00:00,4WBpkZtNbGxZpS7z9i7tL6WsWyRG8F5xMZssLAtmgqUf,5.8699650224319606e-05,58699.65022,23469.1952,0,0,0,0,0.0,0.0,0.0
2026-09-28T00:12:30+00:00,BHatrvaBF2p3oWh5VLfNGSAAqMWcezeCJ1D2F9bYmqmY,3.507018098263618e-05,35419.7163262592,0.000290014187682659,0,0,0,0,0.0,0.0,0.0
2026-09-28T00:12:30+00:00,Bt7PJzFGHTTBgHzG7HubEGweKv4kzYZpMNhzxAZZt9xE,5.9704350141590285e-05,59704.35014,0.0,0,0,0,0,0.0,0.0,0.0
2026-09-28T00:12:30+00:00,3YYWjrJqC4Z5SnjmYVGN4j6qPoa7prnxhy324BTntoN2,1.2511069338535274e-05,12531.428795949,22716.5276,0,0,0,0,0.0,0.0,0.0
2026-09-28T00:12:30+00:00,CC5tKEhAyBHey4GJkV9i4SqPugKmhHN7K4iEdDKnzFV8,6.567528581536473e-05,65675.28582,21655.4944,0,0,0,0,0.0,0.0,0.0
2026-09-28T00:12:30+00:00,GSfvvcfB5AdC6sLgnwuFkCYc93xTxRjVYizx2ZqD1R4h,0.0001572465302063095,157303.9065,9.405080254e-07,0,0,0,0,0.0,0.0,0.0
2026-09-28T00:12:30+00:00,DHY3zbRpo3kT33fDPjqBJaJECJw5Ri7yWVyEcZEqx6NX,0.000350321673960027,328226.0193,1.270509735e-06,0,0,0,0,0.0,0.0,0.0
2026-09-28T00:12:30+00:00,FQjTXyY8aQVbaYSpcjfp8NCk4kifEwysGL698HZatRew,2.7752813600453537e-05,28002.3134060046,4.320292785e-07,0,0,0,0,0.0,0.0,0.0
2026-09-28T00:12:30+00:00,Aa4KzJ9j9Py1E2pZ2BmazRZpCr3hfwjLZkXD7t1Rjc5t,7.311069310588757e-06,5443.6085739999,4057.8781,8,4,5,4,523.7118480624,-6.163,-6.163
2026-09-28T00:12:30+00:00,AqSH5KsTRTRsY4ixC2BckfdiLmytjQii9qYEjdGDpump,6.593109040820064e-05,65898.84431,6.47824778479092e-07,0,0,0,0,0.0,0.0,0.0
2026-09-28T00:12:30+00:00,Cjoj1oJEkhR5GJuKsKSJCva1Yw8fRmYeAmRs5mgapump,5.590953886652055e-05,43619.4263602005,6.30787837e-07,0,0,0,0,0.0,0.0,0.0
2026-09-28T00:12:30+00:00,CA4dhkbKtcKqsXrojQBjvgGHx1hCFPku2MSxY1dAaji1,5.806083402762107e-05,58060.83403,0.0,0,0,0,0,0.0,0.0,0.0
2026-09-28T00:12:30+00:00,GCchBoQZb3Jb3SpUCTE58zQgLHfUMBBAE635knAx9Sd9,5.6739039748480576e-05,45185.2415952339,6.320887517e-07,0,0,0,0,0.0,0.0,0.0
2026-09-28T00:12:30+00:00,BjwABWzz9ZbDtzHizErzgRZGcgJLufRGBr8yDEk3pump,0.0026945951657260008,2691998.95656065,2672549.7034,0,0,0,0,0.0,0.0,0.0
2026-09-28T00:12:30+00:00,9pqpzHh7VadhG467wqNNdxPDvzvbJbAFHMxCxHdhTzmd,5.505834731030729e-05,55058.34731,51744.3897,0,0,0,0,0.0,0.0,0.0
2026-09-28T00:12:30+00:00,3gzcjJR1RAwTLg7dno3UgjYE2TfAJPve7hpDJfNmEAMh,0.00017335118433584143,169405.5267,36924.7412,14,3,13,3,1212.0063502624,4.074,-1.481
2026-09-28T00:12:30+00:00,HTwigtUK8W3FWke5mD66np7Hnh5XF9i6WDC5GcdMcYkV,6.620794547175464e-06,6544.7559890483,5559.9886,0,0,0,0,0.0,0.0,-14.43
2026-09-28T00:12:30+00:00,5NbTiWe2L82Vd8PwYDwoRxHyJKkwThXzuX53Hq2U7c1x,0.00014080431000983203,140804.31,9.785368467e-07,0,0,0,0,0.0,0.0,0.0
2026-09-28T00:12:30+00:00,JA6S2LkhKwTW6xnSykmPS2R2cYywxW498FsyZezAfW7d,0.00015449153591332975,153622.1508,9.250586576e-07,0,0,0,0,0.0,0.0,0.0
2026-09-28T00:12:30+00:00,7ESoDXqwqKUQBWdeqygNCFZroAtemHxyK8EPcjgPV777,6.753304438572572e-05,65905.9835,35145.2106,2,3,2,3,499.3029311862,-5.003,-41.46
2026-09-28T00:12:30+00:00,D6J3ZnxByTuC5iaMqzXyyV4Huybwe3Job7zSyp8rpump,5.013361007619842e-05,48761.9014687743,0.0,0,0,0,0,0.0,0.0,0.0
2026-09-28T00:12:30+00:00,5tz7MWoef84dXueAhJqcRU4TnUsVREyC7bpxwwCwja4G,4.391896116074091e-05,43852.33643,4.87294088008473e-07,0,0,0,0,0.0,0.0,0.0
2026-09-28T00:12:30+00:00,EhuL2NEfQjYqB7Ha5r59RVdPUXXTVWurZfLyVs1xohYi,6.088569165294986e-05,60885.69165,0.0,0,0,0,0,0.0,0.0,0.0
2026-09-28T00:12:30+00:00,598rzX6PqwSmNZY88HTnA2PvWgrYXfWZwLCcW8pYSRz4,5.523779495858436e-05,55237.79496,0.0,0,0,0,0,0.0,0.0,0.0
2026-09-28T00:12:30+00:00,5kBmDYcfkdKSKD47TTyBu92LgeyZq7oS8ys6T49h5777,6.549176331833164e-05,65397.53642,6.506922932e-07,0,0,0,0,0.0,0.0,0.0
2026-09-28T00:12:30+00:00,EzCmudnz9Kqysa7zCQat7A7veYCieTiZM64mN9d1NGqc,3.4318796180932516e-06,3431.879618,2733.3125,0,0,0,0,0.0,0.0,0.0
2026-09-28T00:12:30+00:00,92ninR7mzzP6qQhf3hkPjgeym96rtfnc5pUGHWn7pNY,0.0002451249802149124,246393.6117,1.457922982e-06,0,0,0,0,0.0,0.0,0.0
2026-09-28T00:12:30+00:00,GKtNkQJtZ8s7jFo1AG7JC8mnn7WSf1vm6ngmBhuppump,3.430661983780622e-06,3430.661984,2706.9538,0,0,0,0,0.0,0.0,0.0
2026-09-28T00:12:30+00:00,7KsHxqhZcKddVA1fhVA2oymMYY2ibwHzn9pfTbXC2KK4,6.126274774786593e-06,6126.274775,4419.3649,0,0,0,0,0.0,0.0,0.0
2026-09-28T00:12:30+00:00,8DXqVUopcdviLvujTcpwEqkKzB43Arp6E1axzsEE5Btq,0.0012496647567820447,1223636.84953181,116498.6191,252,288,191,237,59135.1586636992,1.713,10.51
2026-09-28T00:12:30+00:00,DHLXeQmBYoKBzWUN2ZgNdZmdqHKLoWNUDerkRxredWx,2.7867975092311615e-06,278679.7509,2.101460065e-07,0,0,0,0,0.0,0.0,-5.173
2026-09-28T00:12:30+00:00,D1Jf2FTyYiU36oW9Rty5SpodCyK9ryUrWcdmEHvTpump,4.567191253688619e-06,4515.2578361537,3521.7746,0,0,0,0,0.0,0.0,-4.615
2026-09-28T00:12:30+00:00,ApgrtWJuoTTKucfSm5MuQJ6WuFShKqhfzHJcNVbrpump,4.821599979729402e-05,48207.7586370418,0.0,0,0,0,0,0.0,0.0,0.0
2026-09-28T00:12:30+00:00,LatHeGq8sKiccjBrGUSHp8mERHphV5prQvvzibu3rg6,3.965327861472592e-06,3965.327861,3117.3771,0,0,0,0,0.0,0.0,0.0
2026-09-28T00:12:30+00:00,AGBuP12RvNQQrFicjGgH8o7SnrXJAWVm7z7uLWWNVe25,0.04760670674070383,47606706.74,5.742380531e-06,0,0,0,0,0.0,0.0,12392.792
2026-09-28T00:12:30+00:00,7zkVvdxpHVKx8GEXXPqGoG86yhCJhaJENTvwpuKwspew,2.0078476982939572e-05,20473.6124504736,3.321391655e-05,0,0,0,0,0.0,0.0,0.0
2026-09-28T00:12:30+00:00,65PgqBeaQ796L6hk11AUEpyrgzvED6LgKmBFPmqVLad2,5.547589655273673e-05,59293.873084778,6.435320709e-07,0,0,0,0,0.0,0.0,0.0
2026-09-28T00:12:30+00:00,twTmbSR2WYY5yTDBQbpKNUhy8u5Gk2iFYVxHbdQVcoP,0.00013481522105669946,134815.2211,9.237139088e-07,0,0,0,0,0.0,0.0,0.0
2026-09-28T00:12:30+00:00,9oXM6yhVuTYiiVa8aXaf3YREv3pTSvEG5FCAm5wZbMND,0.00014773537378734685,147735.374095471,9.329364952e-07,0,0,0,0,0.0,0.0,0.0
2026-09-28T00:12:30+00:00,2949z21XVsk9KmoU4q23SMRaLYW8GPcNJroH3B2apump,5.041228168295215e-05,50412.28168,0.0,0,0,0,0,0.0,0.0,0.0
2026-09-28T00:12:30+00:00,2r4cPHduWmAeh7F2gqzSvfMJ1beUVaZBZYMEUMuNqYu7,1.9802393043081403e-05,19458.996699459,28847.401,0,0,0,0,0.0,0.0,0.0
2026-09-28T00:12:30+00:00,FCEjmz9E9yqrGvGu4voUARtv11fwmyYm4JKuSoG2X5Gb,5.012004741191179e-05,49948.8549488023,0.0,0,0,0,0,0.0,0.0,0.0
2026-09-28T00:12:30+00:00,FMqod9SpTodTmhQVF8VtbN5qXdeSih2PnsqeqEkMpump,5.030465270852136e-05,50304.65271,0.0,0,0,0,0,0.0,0.0,0.0
2026-09-28T00:12:30+00:00,9594CVoQfvyAg53ToXWqJjMNrwzjMsqiPehg7GZjpump,3.455793697497336e-06,3455.793697,2740.7783,0,2,0,2,129.8305944278,-3.705,-3.609
2026-09-28T00:12:30+00:00,G1nMJ6fg3SmRbowVGtSVQnpkdo5VWy9E9krGjwfipump,6.335749335951153e-05,63397.9837935607,6.473226982e-07,0,0,0,0,0.0,0.0,0.0
2026-09-28T00:12:30+00:00,6KfHYCNzpp4Y4CteXm3mDHmFiyHU4LaeTRpBF2p6hiq1,4.939664379734445e-05,47641.6547647522,0.0,0,0,0,0,0.0,0.0,0.0
2026-09-28T00:12:30+00:00,DJKCCmDBtfZFt7HAvEtUW6SWeiohg2xEHZGQduSxZ8Wb,0.0002515372293066007,249005.0288,1.34894239297702e-06,0,0,0,0,0.0,0.0,0.0
2026-09-28T00:12:30+00:00,GMT2cGrQfKrmHcu2U8T3JZXHLoj9L3xJGi1QqrsdCbxd,0.00019946404765806052,199464.0477,1.965733381e-06,0,0,0,0,0.0,0.0,0.0
2026-09-28T00:12:30+00:00,3v6r37iS1eJNoT5ko3qr7BUz5bpDBGSdxmmATucjFwq7,1.7042501860576676e-05,16241.5798662416,0.0001970862958,0,0,0,0,0.0,0.0,0.0
2026-09-28T00:12:30+00:00,o4yUzLw6Saz6JnHJCnZSWcemSU1nX5N7hKB3bfhpump,3.662858368601679e-06,3662.858369,3019.0617,0,0,0,0,0.0,0.0,0.0
2026-09-28T00:12:30+00:00,CM5M8C1H1ZUoDjxZBrm21eEEHwaL5Tdg5m8nqBBvxwGD,2.2431853553336652e-05,22431.8535724319,5.21049493e-05,0,0,0,0,0.0,0.0,0.0
2026-09-28T00:12:30+00:00,CedSVzaBjbqniJ1GpUcTozB58S56yDX42nTXsz31zQUe,1.1539418928355267e-05,11983.19282,8566.0327,2,7,1,6,521.7595421147,-13.885,-26.608
2026-09-28T00:12:30+00:00,7S1kzM12jNoeAm9URh43eUnjgwwCQYb1f5h4UZjFjAgA,6.005596856748655e-05,59770.23645,23616.271,0,0,0,0,0.0,0.0,0.0
2026-09-28T00:12:30+00:00,BHcmM47Jzm1QFDBzPGC5SrLyQNNsJttNRKgnUwMbonk,0.010486300886248688,41945.20356,0.0244,0,0,0,0,0.0,0.0,0.0
2026-09-28T00:12:30+00:00,875nCQ7w2LqbZrNe6KXmBkBEY2TiJAapW9rmBwUce6tg,5.669977520882705e-05,56711.17379,6.353340075e-07,0,0,0,0,0.0,0.0,0.0
2026-09-28T00:12:30+00:00,AbfLN7d1BdbV13NQv8kP5tHiZr1qKAEs7xMN1U2BvA3U,4.91605121647048e-05,49160.51216,0.0,0,0,0,0,0.0,0.0,0.0
2026-09-28T00:12:30+00:00,BoSNMHpY75JUMFb1EHx9of2yAaYc2Zive2TJXfa5pump,3.4055364705745304e-06,3405.536471,2707.3442,0,0,0,0,0.0,0.0,0.0
2026-09-28T00:12:30+00:00,69sisPLJNkaCwgNDkeDy7ueByMAM52cMR9eY9T3grUBs,5.936930663233771e-05,59307.59178,11461.0212,0,0,0,0,0.0,0.0,0.0
2026-09-28T00:12:30+00:00,5mdbw1mfaB7JbejXdijFwybaUbV7SUzDJcAjKmxTeSmH,0.0011831964364242148,1183196.436,2.63499399327875e-06,0,0,0,0,0.0,0.0,0.0
2026-09-28T00:12:30+00:00,6nvUMM2srxp24EuVdaFbM8EmFYoFVHgoiB2RBb7FmfQ3,17.073070068190606,17073070102.3461,12.3438,0,0,0,0,0.0,0.0,0.0
2026-09-28T00:12:30+00:00,9fETWVSGArSGGDrmP4oJYyKmGL3MRkoMRtub3TWAmryV,0.00036493901394503696,364939.0139,0.0122,0,0,0,0,0.0,0.0,0.0
2026-09-28T00:12:30+00:00,42s1RxjsCYjo2nZEQMM3eVEVH1BMYnk3dqZ1numtraNY,7.165037105552378e-05,70795.84878,6.81534917533781e-07,0,0,0,0,0.0,0.0,0.0
2026-09-28T00:12:30+00:00,DEXErBu1tqMufAaqpdqzUjpehgv2VmF3h94Sqiiipump,3.5270805755386507e-06,3527.080576,2798.6392,0,0,0,0,0.0,0.0,0.0
2026-09-28T00:12:30+00:00,E17dHzzy4XMZ5d8XzB2LWwgWYo1pnuzyiHK3Bwpz8d5P,2.5899764487383094e-05,25673.8841556739,9.818088111e-05,0,0,0,0,0.0,0.0,0.0
2026-09-28T00:12:30+00:00,3FfCcJoAJhbXyd4LaiLw4QvLqxnMKhTKfZkUgPRsRRT2,5.0436968607130656e-05,49801.50679,0.0,0,0,0,0,0.0,0.0,0.0
2026-09-28T00:12:30+00:00,G3FagANWjqyn2BzqXo5oAtxGESZLM6G8qjxpGMv9qwR4,4.434162683476106e-06,4434.162683,4051.4631,0,1,0,1,3.240492736,0.0,-40.034
2026-09-28T00:12:30+00:00,FQnupu5zhfdSaj7d7jJz2dfuowiztcJX1eutWeBHKtQN,5.679137619063118e-05,57008.70913,6.333633949e-07,0,0,0,0,0.0,0.0,0.0
2026-09-28T00:12:30+00:00,A6R4vgoBZznVx931QNhoYnAw9J32pf23mDnLEtacxFUC,0.00017213260022973348,172132.6002,9.71270758587008e-07,0,0,0,0,0.0,0.0,0.0
2026-09-28T00:12:30+00:00,BqouaqkQUPpm7gTgfR6j5KcGYpBRK6g5rX5tu1w7f9tQ,0.0006950449698495916,694843.908835677,0.005031140377,0,0,0,0,0.0,0.0,0.0
2026-09-28T00:12:30+00:00,5S4m8rkZ9aEoSHLyJgUJtR1ZM9KQszZftmhWMJ8NF777,6.606616062252459e-05,66066.16062,24339.5436,0,0,0,0,0.0,0.0,0.0
2026-09-28T00:12:30+00:00,2iZghDPGjFzeMHGLBnf34CLufBSfguaHuFruQxvzAryr,2.753495769642808e-05,27534.9577,51440.3929,0,0,0,0,0.0,0.0,0.0
2026-09-28T00:12:30+00:00,6yMW8La9Vek9nqqvoddEA8UfdBEi893kW8PbnXAvfour,4.8965222173390494e-05,38245.7314223486,4.91702535306273e-07,0,0,0,0,0.0,0.0,0.0
2026-09-28T00:12:30+00:00,3YFDt7RDRJxgp8JDRta5fFbH9Y72Kf5wchimyKmm5gcf,5.673138952087203e-05,56731.38952,21426.575,0,0,0,0,0.0,0.0,0.0
2026-09-28T00:12:30+00:00,5YcNDZCncNvpVWoAXUtPYz6y2mmu1ZTD1zt8ZzMQ7MbS,3.3223297780873016e-05,33223.29778,4.59404481e-07,0,0,0,0,0.0,0.0,0.0
2026-09-28T00:12:30+00:00,Gec1S7aYfu9HV58sd55REQQ6E4BY6oxB5WPW3s7R3v6r,2.242416488029014e-05,22720.2989114966,2.79344185758427e-05,0,0,0,0,0.0,0.0,0.0
2026-09-28T00:12:30+00:00,DicQ3KVeSqaNbqSZnRvxTLfXFnLcFC7AVhgASE7RpwaE,1.9692000554596903e-05,19688.966699689,0.0001056999138,0,0,0,0,0.0,0.0,0.0
2026-09-28T00:12:30+00:00,21UfAy5fPSs7XBqZjvseyidViX86m4ZFYiFSoMaxBTFY,6.255487180840078e-06,6255.487181,6413.6222,0,0,0,0,0.0,0.0,0.0
2026-09-28T00:12:30+00:00,2hwD3HEVmn3yZtiiJtiwCtDtpp3BrrCXnaSh2pxrU7SR,0.00012958394632481954,129364.283158729,1.106637386e-06,0,0,0,0,0.0,0.0,-10.582
2026-09-28T00:12:30+00:00,4gRfXFzrbRKYe4bwC4tuBr4NcFSC5o3eJUCJcitr3BNz,2.136558130759218e-05,21365.5813313656,9.96464141687632e-05,0,0,0,0,0.0,0.0,0.0
2026-09-28T00:12:30+00:00,7a3U2mDYunTbMLJAUPT6PFLtZsf8EzkWXxueQB5WhgP,1.7910097523942518e-05,18332.566902338,0.0001538395226,0,0,0,0,0.0,0.0,0.0
2026-09-28T00:12:30+00:00,5UhTmZTvuUKop8w2cjAQj9nQz7wNM5HxRHGt8X1Uat3q,7.992379051650187e-05,81904.0731419041,0.0001212342393,0,0,0,0,0.0,0.0,0.0
2026-09-28T00:12:30+00:00,7smz97fA3YUFTKnFV1vtgvyw1qjrS8KN3ZtbozG3Qrad,2.0236478011366777e-05,19976.4638199765,4.554574199e-05,0,0,0,0,0.0,0.0,0.0
2026-09-28T00:12:30+00:00,BfA5KGhWhdtwMKJ6Jhr7YsMUaNYDD8cu6F9ZrVNDZcbY,0.00017970565798181611,179705.658,9.59521084690253e-07,0,0,0,0,0.0,0.0,0.0
2026-09-28T00:12:30+00:00,2Y3TvjBBqE5XpxgB3TTF5TczWSKv54j13waxcU8fPGk1,0.0002573600757372868,254887.5334,6.090223862715e-06,0,0,0,0,0.0,0.0,0.0
2026-09-28T00:12:30+00:00,7MPwgsq3A8wFHuqpQJ3icQdNrcnDpPySLGULSMQcSfPR,5.826909478905121e-05,57745.7026893196,6.34854990268582e-07,0,0,0,0,0.0,0.0,0.0
2026-09-28T00:12:30+00:00,CJx1fuGW9ftdXa4PjMSxkSabZSKdaWXfYYcLqzdiPVyX,2.1689001907062e-05,21689.001931689,0.000100215229272498,0,0,0,0,0.0,0.0,0.0
2026-09-28T00:12:30+00:00,3xGwWRepUK9gf8FAx44tQBsviCf6WpfYKrv5TtgZ1sRQ,1.1662736613216884e-05,11683.9938358765,21908.3617,0,0,0,0,0.0,0.0,0.0
2026-09-28T00:12:30+00:00,3dRwACCdwv3YogFtgNTS57ANV59j1c8eEdyaJGq1BDsU,5.397219506817064e-05,53972.19507,0.0,0,0,0,0,0.0,0.0,0.0
2026-09-28T00:12:30+00:00,FA7X2YG4q6L5nAZbWjyc8X5auG27uGpYgGwPBBx5pump,2.8519749857887683e-06,2827.9410675505,2972.7745,1,1,1,1,198.2620216675,-0.035,-99.83
2026-09-28T00:12:30+00:00,HgoScXAo4zFv5kDb6axGrwuz95FaVEcLskyDVZfo297z,0.0012179834653878742,1217706.415,111283.1216,49,36,37,33,5389.5136383347,-0.412,-27.713
2026-09-28T00:12:30+00:00,99SDwTevUTgDZ2Ncha8rzMhrGsoCFpUd6sW4PAsatksn,1.4925280476025743e-05,14524.7460245247,2.5562416584667e-05,0,0,0,0,0.0,0.0,0.0
2026-09-28T00:12:30+00:00,L1PrXMM97whi2rYjqYQfMeKcmJgmTZjpZTCaKFBQ7nD,3.396172961129417e-05,33730.1609969592,2.099677273e-05,0,0,0,0,0.0,0.0,0.0
2026-09-28T00:12:30+00:00,7agx8eyK8mVJvfmR2FZmnsk4tJCjdpJCqJCrqcs3pump,5.0081063392442476e-05,50075.04654,0.0,0,0,0,0,0.0,0.0,0.0
2026-09-28T00:12:30+00:00,8TxtjqTcbp91g3464ihaV4UtWyBfh6osHXwDk7Jmpump,6.320075298240424e-05,63014.8326,6.33857341978567e-07,0,0,0,0,0.0,0.0,0.0
2026-09-28T00:12:30+00:00,HApy3ceQzgzkw2D9CawCEFaZEnhhgDiMquLLdHfHciYu,1.7505812711144177e-05,18061.3937780614,5.36766081508235e-05,0,0,0,0,0.0,0.0,0.0
2026-09-28T00:12:30+00:00,DSmRx5Nqp8UbT396YXmDTXQcjhUHn84K8vgmuZkKBzhq,0.000101392048796629,96374.6274863746,0.0001007577745,0,0,0,0,0.0,0.0,0.0
2026-09-28T00:12:30+00:00,Hv6gbk95sK4HsgEpzNQcACK3sA8hmQUU67Csfo5u5Ard,1.587067677307904e-05,15817.2091058172,25553.1637,0,0,0,0,0.0,0.0,0.0
2026-09-28T00:12:30+00:00,5TUfCnGKUFSJ93NBSwL7U9ZpCJ6EmtAWUYsZxj4HGqcW,5.519704213384772e-05,55197.04213,0.0,0,0,0,0,0.0,0.0,0.0
2026-09-28T00:12:30+00:00,7ochtKXK6jwLAWg3WqNthieaj84HB5quLBEMrpd6ffZN,5.731273405636187e-05,57269.81905,6.331316938e-07,0,0,0,0,0.0,0.0,0.0
2026-09-28T00:12:30+00:00,5StN7eSv1W3DuBjRiD8BBT1zpegonSAfkqpCVnsfVNmo,0.0002425581719035521,240349.9698,1.16562079840172e-06,0,0,0,0,0.0,0.0,0.0
2026-09-28T00:12:30+00:00,Ay1w8fAhkuQK2xN7ZFPRWYf6boLc1DZ3KcqrRx53Ber,2.315633390376069e-05,23268.1746998045,31065.9436,0,0,0,0,0.0,0.0,0.0
2026-09-28T00:12:30+00:00,3RNy7erxjwGRRYvM6KzVKVtuFnNSpkQFwwiHhUH26xoa,3.8490112809648205e-05,38490.11281,16593.2853,11,29,10,24,1304.8500003902,-14.697,-76.633
2026-09-28T00:12:30+00:00,DEjoXLoJLLfoYMpALy8Cg8QSxA51FW4iDXKxexpdSmRx,4.588260456928081e-06,23.04330918,0.1098,0,0,0,0,0.0,0.0,0.0
2026-09-28T00:12:30+00:00,Agw4sQ2D2EMVhqa94yWiNscJUuBinnA6dLoFviHNySR8,2.858283091914855e-06,2858.283092,3442.2755,0,0,0,0,0.0,0.0,-21.653
2026-09-28T00:12:30+00:00,BcpRdQiNzwGRJLbtrUwKrLCWAVwm8Bm1KKbGYtUohoyG,0.00015971096855951753,161950.3254,9.374741854e-07,0,0,0,0,0.0,0.0,0.0
2026-09-28T00:12:30+00:00,C21FJxnw6ctehNzc5Bc2UrqEagx4qBunVFvkWoYXtLhF,2.3523237372911215e-05,23523.2373935232,4.748833858e-05,0,0,0,0,0.0,0.0,0.0
2026-09-28T00:12:30+00:00,2YSk1cVbWWhVrW8whBtf516WdedhQduEKHDHiGbBpump,5.021728042463339e-05,50217.28042,0.0,0,0,0,0,0.0,0.0,0.0
2026-09-28T00:12:30+00:00,8ijW9ujtU9CHXDmUZ4fZ51vErJV2mx1DnfzjcGLbaXyM,5.8463426675402704e-05,58463.0865819197,55480.8664,0,0,0,0,0.0,0.0,0.0
2026-09-28T00:12:30+00:00,4MvT9bNSYQmxMBkV14qm9VPhyr7KthWBq5G9PpoZpump,6.412902859107464e-05,64089.03283,6.482765835e-07,0,0,0,0,0.0,0.0,0.0
2026-09-28T00:12:30+00:00,GmTGKumEpgq1xjLnzk6CLKFVLDaLw5ez6dwFtRyBbKcE,1.9719992061468038e-05,44.16219551,0.002461430722,0,0,0,0,0.0,0.0,0.0
2026-09-28T00:12:30+00:00,H4wDkYxCTaeBNQdEWk9r5K2ddzruRdSB3J2ivsq4pPob,1.696580575630394e-05,16621.6426666216,3.8160335071395e-05,0,0,0,0,0.0,0.0,0.0
2026-09-28T00:12:30+00:00,GvhSPDqyPYgHob9HZL8CuV4yQfUUcw88ppTakgRz3URw,3.563774647001921e-05,35636.970028355,0.0,0,0,0,0,0.0,0.0,0.0
2026-09-28T00:12:30+00:00,3twWHp2uq1zaFrW5UxAGdHvZVyUARCovT9saTvCdbonk,8.618438510638072e-05,86184.38511,0.0366,0,0,0,0,0.0,0.0,0.0
2026-09-28T00:12:30+00:00,4czjXTWXR7VJiaEY3i9FnuBJkgFz7XmcpERygboqpump,3.700481905951227e-06,3555.5243699468,2933.3993,0,0,0,0,0.0,0.0,0.0
2026-09-28T00:12:30+00:00,2F1mZ9znwpC3NZRsXKSnq4ejgBiL9sRboZRUuN94wLWM,6.466681796559532e-06,6466.681797,5373.409,0,0,0,0,0.0,0.0,-15.578
2026-09-28T00:12:30+00:00,AHuxFiCnX65nvCRzLZHr1VmtoA9LBWK5hGai3C9v44T6,5.4258364152653406e-05,54160.1733980864,6.263093089e-07,0,0,0,0,0.0,0.0,0.0
2026-09-28T00:12:30+00:00,FdjkMLM79vWtvaDYU83xkXoZAPnhdKpicZmyFQQ89RSN,0.00019092119041540836,194041.963894042,0.00021920852273561,0,0,0,0,0.0,0.0,0.0
2026-09-28T00:12:30+00:00,EWghpAaYGd4h9wjRw6aAQVHHxr9Vx6EYMe1ynTcY3gcp,9.184783145299448e-06,9184.783145,5788.3698,1,0,1,0,4.8059004797,0.0,24.13
2026-09-28T00:12:30+00:00,4kDfsU81RM6u2x4frbbUJoo6kFpoXriSCXACJTm2G1oG,1.3479194727520544e-05,13251.8404432518,8.599882402e-05,0,0,0,0,0.0,0.0,0.0
2026-09-28T00:12:30+00:00,4oABZg7Jnx1WvukCTDWeaJkKEFKD6t5kfqhQvGBs54je,7.456394560282732e-05,74563.9456,6.707423405e-07,0,0,0,0,0.0,0.0,0.0
2026-09-28T00:12:30+00:00,8hhofkDL7nZSgHUaavFkp9T2tvtxbJPKJAkps27Ypump,6.275326161557427e-05,62753.26162,6.411639251e-07,0,0,0,0,0.0,0.0,0.0
2026-09-28T00:12:30+00:00,562rSMBaCVLRGvP1MdGe7A5poEgQUoRG37JqsKrZheYv,5.64689155215235e-05,56969.20718,6.314401352e-07,0,0,0,0,0.0,0.0,0.0
2026-09-28T00:12:30+00:00,2fHrMrEKahXTz9BDgGN4DKYkH8RXZGwu7iYcRoUUGgtG,1.8058004837676926e-05,18058.00484,27989.6025,0,0,0,0,0.0,0.0,0.0
2026-09-28T00:12:30+00:00,Aw7jQdxvdEv19K3jtFnbWJhaCbXGPvs4vQpPMDdwSBP3,5.644405877731934e-05,56644.29033,6.25487901e-07,0,0,0,0,0.0,0.0,0.0
2026-09-28T00:12:30+00:00,7webxiJfmuLPiQEgxMoaBJ1U9nePizYa8nVHv12Ybonk,8.286893462346852e-05,82868.93462,0.0366,0,0,0,0,0.0,0.0,0.0
2026-09-28T00:12:30+00:00,wxmQK9z3RM6kdgrUGcQrPdBN6ncnWF3nB8t5AbfnN97,8.947397420220652e-05,89472.3294910114,7.709526828e-07,0,0,0,0,0.0,0.0,0.0
2026-09-28T00:12:30+00:00,6uippr2yoHhCZirtDnnKahgkD8dPpi9ybxcxNgYSpYNB,1.4491677542496714e-05,14491.67754,3.76538874034714e-07,0,0,0,0,0.0,0.0,0.0
2026-09-28T00:12:30+00:00,Ag8VFhAaXzjAxxj2BNBeWJFMuskkVbnknuErhkhtboF,0.0002386147222415197,238614.7222,1.17415313114934e-06,0,0,0,0,0.0,0.0,0.0
2026-09-28T00:12:30+00:00,6GsRicHhaf1wG5ZAm4jT3Z6SLVagbJJUvvqJxhhFpump,2.8773928396807537e-06,2728.4733083684,2843.6126,0,0,0,0,0.0,0.0,-2.426
2026-09-28T00:12:30+00:00,FFPSq1ByV2XdPTj2UkSPRe14NoQydUkarBLeNfXd1gdj,9.39275323665241e-05,93897.9011,27231.5534,31,31,30,26,3080.8519066062,18.792,-29.663
2026-09-28T00:12:30+00:00,6n9xcjUAGy7hnd1LFdzBqpKUwhumh5eKJipDk75JwkkW,1.4774330969495042e-05,14068.4679141567,24051.095,0,0,0,0,0.0,0.0,0.0
2026-09-28T00:12:30+00:00,6KqbfB3zL5SockYzfNAFHrTQ9429RZaRPPmQif68U2Hq,4.890977241714188e-05,48714.1740085686,0.0,0,0,0,0,0.0,0.0,0.0
2026-09-28T00:12:30+00:00,BdeQbxD9v9JkKam8r9P3wz317rn7jDu7MHGczVw2LZ8m,0.0004708250336670446,470825.0337,1.82951852e-06,0,0,0,0,0.0,0.0,0.0
2026-09-28T00:12:30+00:00,HxNzaehXN56aJSF2yHRA3Wbxmav9QyvgtwJDZSmMpump,6.4159362418174684e-06,6415.936242,5323.018,0,2,0,2,30.0401147467,-0.743,-6.27
2026-09-28T00:12:30+00:00,Gj2ksaU1VgcRSQhbBwYYNDDhUiLPc3jY2rPkaSs5U777,6.2355301575809e-05,62355.30158,6.431204473e-07,0,0,0,0,0.0,0.0,0.0
2026-09-28T00:12:30+00:00,A7S1e8eN3sbCnGS5HAraBUF6eN9Gn3wR3rBiJS1kxuqe,5.746121756709709e-05,57461.21757,6.312161044e-07,0,0,0,0,0.0,0.0,0.0
2026-09-28T00:12:30+00:00,nheVhBEu7aQgtZLbtLkzvZEhhQh9fctKXWWFPd8pump,0.0038628722354531824,3844768.75434599,198381.6329,306,115,184,94,21450.0971053822,7.565,177.12
2026-09-28T00:12:30+00:00,88FirgpLH7CPAqWr426XykKETqM592wTrWqSRipHZbSa,1.237096147184087e-05,12370.96147,12809.7284,0,0,0,0,0.0,0.0,0.0
2026-09-28T00:12:30+00:00,FNRD5UDEVL2EcMEtPevqt4b5jDCMXELog4FVkEfRQsCA,1.2276818272686025e-05,12276.81827,12225.0864,0,0,0,0,0.0,0.0,0.0
2026-09-28T00:12:30+00:00,8TiH2aAFhhuTr572fuJNxLz3MS5UtGQjiA3vy1ws9Zdz,3.397637654616225e-06,3397.637655,3207.7071,0,0,0,0,0.0,0.0,-4.207
2026-09-28T00:12:30+00:00,4Gx1X1BpGZVGu51xfaKrp4qcM9oUEVGLFstQv9owpump,4.9874194667310494e-05,49874.19467,0.0,0,0,0,0,0.0,0.0,0.0
2026-09-28T00:12:30+00:00,A1cpNt5497MRNcebJLBQdZuni4ZrpbfZtopG5XXVU8Gm,1.554598054851226e-05,15429.8107454298,9.38813133503235e-05,0,0,0,0,0.0,0.0,0.0
2026-09-28T00:12:30+00:00,EeG2GGh9NUjVnknkJdbhbZKgSbzLtn2iAuGiDwdgVShF,9.503556707680221e-05,93528.4153335284,7.177971121e-07,0,0,0,0,0.0,0.0,182.685
2026-09-28T00:12:30+00:00,GNR4Ao7GM31k5NiN9AQoK4tj5PAA61sXzCoh4bmYpump,3.428470864104189e-06,3428.470864,2708.2382,0,0,0,0,0.0,0.0,0.0
2026-09-28T00:12:30+00:00,2MTou9QEaLd8Xqyy1jVk7cZzC8dD3UE4VQnZ7pg9pump,4.184054397682375e-06,4184.054398,3264.5476,0,0,0,0,0.0,0.0,-0.057
2026-09-28T00:12:30+00:00,DJMx3M1scy4BTzSTQJLrmtAehTcCuNrd885JjAWijups,0.004530709958817835,4530709.959,6.445456608e-07,0,0,0,0,0.0,0.0,0.0
2026-09-28T00:12:30+00:00,94HSRTXMJPAoC2PhNzsJChCHbDv75KZnyyrxNtvRnViP,0.00195725225740749,1750787.702,0.0122,0,0,0,0,0.0,0.0,0.0
2026-09-28T00:12:30+00:00,EKSdvDxtA84oySTgaDcDGXyFC5nLvCMDafp46nWJunF4,5.885254265385697e-05,58851.6619211725,56143.7295,0,0,0,0,0.0,0.0,0.0
2026-09-28T00:12:30+00:00,5WKEWCpvbHS8TsAsge5v8FpFXyG2SMNFhVfqLtWYoSu1,1.3849739128679545e-05,13849.7391438497,5.11698378671421e-06,0,0,0,0,0.0,0.0,0.0
2026-09-28T00:12:30+00:00,FGktc5Es2PNDv3rhK2S6KBsbfQZonabD7oP7ZDmojnJ,4.7579964927483794e-05,47579.96493,0.0,0,0,0,0,0.0,0.0,0.0
2026-09-28T00:12:30+00:00,VjftXfgZapnhnwhA69BP8thhcoS1PAzanWPDFYZ7GsD,1.1577878915300958e-05,11573.0091750333,2.67846079155677e-06,0,0,0,0,0.0,0.0,0.0
2026-09-28T00:12:30+00:00,G3EZu7t5T4zy9bgbdKe7YbtNfBzL3nePcMr6JeaYsw1t,0.0001532356073783394,153235.6074,9.47136280099449e-07,0,0,0,0,0.0,0.0,0.0
2026-09-28T00:12:30+00:00,H4vfewfwrjgzTzMGfoskTJoxrBW9vMutoVP5m8rb6Uun,3.501683355527555e-06,3501.6833559998,2771.6745,0,0,0,0,0.0,0.0,-0.129
2026-09-28T00:12:30+00:00,95NKmBaCH2yfEefQHJf7hcbty24NP84XRhx7Ta8zpump,3.623100252902058e-06,3587.123572361,2874.261,0,1,0,1,2.4528714049,0.0,-1.637
2026-09-28T00:12:30+00:00,H8Z4ALPwuLJVaZp64m2HyvwNRe65b4xBcjgKcAgjnnmp,2.098546807205558e-05,1158740.334,0.000975767627351997,0,0,0,0,0.0,0.0,0.0
2026-09-28T00:12:30+00:00,5uAJPcmuk22CWDVTrkZjRfcCYnrxfDkwMyyJZg4QLv2q,2.2049432563096407e-05,21703.3962117034,9.659607056e-05,0,0,0,0,0.0,0.0,0.0
2026-09-28T00:12:30+00:00,FQj2arb1LcYGU7mF9BP9BYGGTLHHXTVs3pvdexSWebjA,5.518256813559662e-05,55182.56814,6.259308577e-07,0,0,0,0,0.0,0.0,0.0
2026-09-28T00:12:30+00:00,ArHWUADgaXyPoHvQWvnFhchJzrBND4doCM1cTf4JadRE,1.206935813965158e-05,11968.1060873609,1.94487043185239e-06,0,0,0,0,0.0,0.0,0.0
2026-09-28T00:12:30+00:00,GBLiyXhWJ3tKaG2R1v4Xbg1RA81XK8MbF7kwDypV94BB,2.109162194921095e-05,21098.3891310984,0.0001717227048,0,0,0,0,0.0,0.0,0.0
2026-09-28T00:12:30+00:00,9L4xAusWTDaHxbA54ZRQGeqM5UZrHyysjx5qnTVvyApT,0.0001191462314103863,125679.73342568,0.00012008301025678,0,0,0,0,0.0,0.0,0.0
2026-09-28T00:12:30+00:00,3nzrxfMG1JHjKdmepdySmwKnQJhcGRDjwzTvvcEDfFBv,4.893514800843589e-06,5054.4332019999,3836.3086,5,3,5,3,449.1833202059,6.158,-12.24
2026-09-28T00:12:30+00:00,ScnhBmMYsjLZX7z5EjLtSSZjNpYh7D9S4cX944Mpump,2.876756591468569e-06,2743.7016775105,2822.9394,0,0,0,0,0.0,0.0,0.0
2026-09-28T00:12:30+00:00,BvnqdYwuFrvi9ds63EtwQLYME89ikJkULnJPAd83pump,0.00032116768397031476,317056.36050927,51649.9717,35,30,34,30,12149.5646315307,-6.013,25.325
2026-09-28T00:12:30+00:00,iuMh3MwbidNHmWcbxeHuLXZQT5cQprPFLbjgDSUtUQ3,0.0002675632954392384,545.8073695,0.00263076488406282,0,0,0,0,0.0,0.0,0.0
2026-09-28T00:12:30+00:00,4ZUpim5ZRfsPpHxn1Jj5euES83s5ZgvBA3VSxENQn77h,1.5926085057620144e-05,16393.9383763939,2.477336403e-05,0,0,0,0,0.0,0.0,0.0
2026-09-28T00:12:30+00:00,3bm27vzA7SETPf7ZrEvQYmr6isUktkQuZmXon3Xypump,6.21665525658818e-05,62198.5564,6.422445807e-07,0,0,0,0,0.0,0.0,0.0
2026-09-28T00:12:30+00:00,EHukM8oGcpeiu89NYA5kyiCCh963i7eEKBoyiotT4Bq7,5.67231001299965e-05,56723.10013,6.284028308e-07,0,0,0,0,0.0,0.0,0.0
2026-09-28T00:12:30+00:00,BL6gr3xTabuts1W4Ua7A9mCJaGv55GHVqUNXmrXTi1jA,1.3455536362123484e-05,13485.9547194086,1.366041467e-05,0,0,0,0,0.0,0.0,0.0
2026-09-28T00:12:30+00:00,J7ogZNqLut27JRt69ycc7xasx5FK6y9QJnr29dB5fLys,3.442706147453265e-06,3442.706147,2724.9665,0,0,0,0,0.0,0.0,0.0
2026-09-28T00:12:30+00:00,2BDL3GMBqJxcAoww9BtdJMirtkguRyRMbN8TZav3k5Ze,1.765043044618178e-05,17631.23028,9.60771010725125e-05,0,0,0,0,0.0,0.0,0.0
2026-09-28T00:12:30+00:00,31Gk2Ej4qqbw2y9azRoNKLRcTA2HRnwDYu4oKbfGYNHm,2.4328168054437575e-05,24271.7771316273,0.0001678817424,0,0,0,0,0.0,0.0,0.0
2026-09-28T00:12:30+00:00,CHqG6sH62EwuzUsVacqFN43hrTZP9WFEvxj2nBMAhU8p,0.00018270225988464405,182702.2599,0.0122,0,0,0,0,0.0,0.0,0.0
2026-09-28T00:12:30+00:00,2Kz5jhqyXFBJx5W9xRFGf4BU2TvmRTdqqU7rSND3Bjc6,6.686858574564483e-05,66868.58575,22760.802,0,0,0,0,0.0,0.0,0.0
2026-09-28T00:12:30+00:00,DNEVjt1PbJfEKBi1WN1XxscmsirwSQKsBDjha2gXpump,4.967260252106896e-05,49748.5808299502,0.0,0,0,0,0,0.0,0.0,0.0
2026-09-28T00:12:30+00:00,95uRmfMtycVw25zrL8yorWY1fFr4X1KcPCZgSzZHjh2u,2.7170195486411234e-05,26923.9322669239,0.0001340632186,0,0,0,0,0.0,0.0,0.0
2026-09-28T00:12:30+00:00,6b6gmhAgZe3nTjyjxhVNCGpFVwK1j3mK6GnVs23Mpump,7.0598511637407e-06,6588.0075637329,5846.1943,10,14,7,12,587.0991281442,-8.213,-65.495
2026-09-28T00:12:30+00:00,EPs12AZTtYsm6fwX93FafcZJCSwzVa7zZDsdPdGpump,0.0003042841337016794,307233.639710321,49465.6929,2354,1743,308,294,5320.3082720759,24.056,-24.654
2026-09-28T00:12:30+00:00,4QCdBmnQ2H92cvCsGM6ZNq71MjqPkmdYjqksBkTYpump,3.4076887008641783e-06,3407.688701,2715.7184,0,0,0,0,0.0,0.0,0.0
2026-09-28T00:12:30+00:00,9qBf89DWNAKL65arwK3EnpUxtSfe9R7W9RBhmP7cHNV,5.781662095438782e-05,58109.30866,6.319438347e-07,0,0,0,0,0.0,0.0,0.0
2026-09-28T00:12:30+00:00,8jWzx3vojz35ru6HeMcy7Ez84wr9GTRZ9YisTjDKpump,6.335516289184249e-05,63243.29377,6.408963255e-07,0,0,0,0,0.0,0.0,0.0
2026-09-28T00:12:30+00:00,DeXHhsH329mt1zwP2VqdUPLHWc38ZTVfmbbXCkm8pump,6.507750658367148e-05,64885.33345,6.44013563254055e-07,0,0,0,0,0.0,0.0,0.0
2026-09-28T00:12:30+00:00,Av2WLf2SgkqVd2jYkAW2pv3gjvNrn6R8Cj6FEjY7m4Dn,1.4514289068640425e-05,14514.28907,3.751345753e-07,0,0,0,0,0.0,0.0,0.0
2026-09-28T00:12:30+00:00,Cxsg5L8SpnesZQZjtjKieyCHLBEXpLPNzFX9aoj9pump,9.573575822162197e-05,91889.4489235316,28305.7818,1040,396,659,275,88549.3469599611,-69.024,-67.628
2026-09-28T00:12:30+00:00,BVZVLTUSV6ftqHPqDEggag8crXJgJ6Cz5BCWmVvqpump,3.4707989016676775e-05,34764.74401,16245.971,25,37,17,34,2089.2374228657,-18.617,-56.991
2026-09-28T00:12:30+00:00,FjA4FYRgqDxD4bKimnsYzB16j9z264u6EoPxDGkApump,3.3953554134968895e-06,3395.355413,2706.5515,0,0,0,0,0.0,0.0,0.0
2026-09-28T00:12:30+00:00,7wscZEQnDGSbutfRKi7Aimd1J7LybvxVmZED99isKhdX,1.6808227378478654e-05,16618.9379966189,2.09617388e-05,0,0,0,0,0.0,0.0,0.0
2026-09-28T00:12:30+00:00,AUA4kFXXfmRQ3MN1oXKXhrWRT6Zukj7rmdc5GgNwpump,6.396265334310257e-05,63810.9728371642,23617.1567,0,0,0,0,0.0,0.0,0.0
2026-09-28T00:12:30+00:00,J399HfSSs5qgyeKZzAqYxAkchotQt2Anb1vujxLy8wqJ,5.615405546928436e-05,56118.54517,6.245245386e-07,0,0,0,0,0.0,0.0,0.0
2026-09-28T00:12:30+00:00,EUgrTjoSpfk2UwX6dSDizz8RRzFScqKYW8icpSGwfN6S,1.933120552576902e-05,31529.1001463616,0.1338,0,0,0,0,0.0,0.0,-83.899
2026-09-28T00:12:30+00:00,9Yr7Vs2rmQScfTykp9Zmb7pXVttut9ZXZaDH6uE2CeKX,2.4160150613529612e-05,24431.8754244319,0.0002416551942,0,0,0,0,0.0,0.0,0.0
2026-09-28T00:12:30+00:00,HRzTMpyHCdKCq2gzbZP59J5WKX13nwrctHM98BmBNwf5,1.681460947975863e-05,15790.7315057907,25728.2436,0,0,0,0,0.0,0.0,0.0
2026-09-28T00:12:30+00:00,D8YpRj2Gza1SCkhVdFiMBWfnaqUbN173CbXdfSRmRFjq,0.00011301532890423471,117016.7085,9.14687130296273e-07,0,0,0,0,0.0,0.0,13.709
2026-09-28T00:12:30+00:00,EhxGFdrH9NygyvGi5G79y9fqRoexbh5DLcu2TKAdAsZy,0.0013368270459949323,1336827.046,3.120057866e-06,0,0,0,0,0.0,0.0,6.175
2026-09-28T00:12:30+00:00,97AVKQngHK9W2FHaiL9zebqnuPGADuqhtkgp6qQG1MYW,3.876217362017092e-05,38975.09963,4.542980114e-07,0,0,0,0,0.0,0.0,0.0
2026-09-28T00:12:30+00:00,HgifwBfbMi9eBwgSVwBJc3R66Uj9267GXfwbgiQf77Ud,5.658344926661734e-05,56186.95415,6.24222793814749e-07,0,0,0,0,0.0,0.0,0.0
2026-09-28T00:12:30+00:00,5vPUcAb7HVr7dKB5FXYuKYufgLL1DtzgAcdYzME3pump,4.9883662773393754e-05,49883.66277,10334.2273,0,0,0,0,0.0,0.0,0.0
2026-09-28T00:12:30+00:00,6cWHvR5LKbxhge1XmUefvFcraWzmUQW3QkyKjqCqXNmP,5.7206100841511113e-05,57174.13091,6.248333447e-07,0,0,0,0,0.0,0.0,0.0
2026-09-28T00:12:30+00:00,C91Pyh2jp8w5Yk1DssJQ3zNb1vHayzvxveL5ipscmu4e,5.4350381889365765e-05,54350.38189,51993.1659,0,0,0,0,0.0,0.0,0.0
2026-09-28T00:12:30+00:00,ByqdCepXayazM7xg7yum6PtYsbzFM8Qe12qcfBAYpump,4.9747975946168935e-05,49861.23403,0.0,0,0,0,0,0.0,0.0,0.0
2026-09-28T00:12:30+00:00,FVs8np9UjacAbFv12pzsU6BstSqxeSabpWzD2tqpump,2.8874232764792727e-06,2679.5155771612,2848.1653,0,1,0,1,7.3895070638,0.0,-7.516
2026-09-28T00:12:30+00:00,7LnnHauov6QusDwKRwTZbVAtrg6xU3drmDWnDmEuyqnF,1.653361334910913e-05,16533.61335,26302.1575,0,0,0,0,0.0,0.0,0.0
2026-09-28T00:12:30+00:00,AjxqTiS6TnK75xG6pWAMJgNQuhkip3LzN36uy2wBbwmH,0.0003237201811767643,364244.3567,56561.2189,133,96,102,84,27297.794020797,-2.522,9.195
2026-09-28T00:12:30+00:00,3EBURqAzyyVtjidB4J8nYVVWQmuWmofGWrYeMqiGmeZx,3.6057924433765083e-06,3605.792443,2848.3014,0,0,0,0,0.0,0.0,1.1
2026-09-28T00:12:30+00:00,BBuVYbzh1W7tmqdB4U91NoL9B5rN6jt3K3C8cedkpump,6.457129215782287e-05,64444.51245,23309.6856,0,0,0,0,0.0,0.0,0.0
2026-09-28T00:12:30+00:00,7WXdqhbxJi3zcJaEw2cV3BdVhTdw9Devmxa69sqH9b95,1.9842696705708164e-05,19842.6967298427,0.000270050868859476,0,0,0,0,0.0,0.0,0.0
2026-09-28T00:12:30+00:00,UTM3Ub28s6JKWVjcCr2Z4n5cWtdCXnGZq9H3EZ1pump,0.0012984236004632698,1289325.76358353,113823.5389,337,34,242,32,2385.1267035968,6.068,106.531
2026-09-28T00:12:30+00:00,DKfkSPCGnbP1cY1muov1bmMA5C3rZZm9G93FX1ewpump,3.4084740384501422e-06,3408.474038,2702.9255,0,0,0,0,0.0,0.0,0.0
2026-09-28T00:12:30+00:00,CbmDmSjDn8VLyMGhgCmDWjmBi72kEJcNTPxTX3v4pump,0.10226576915983075,81812.61536,0.0122,0,0,0,0,0.0,0.0,0.0
2026-09-28T00:12:30+00:00,4rGaAQRecWJ2P91sBTDGSYqHw9mrZv5da6p5SvtCQkLg,5.654054425991967e-05,56700.51496,6.276967942e-07,0,0,0,0,0.0,0.0,0.0
2026-09-28T00:12:30+00:00,DHoy94stzuAsjSKRYSQFL22NgVCQSYfqtJBkr2DCxDUK,6.037663158240124e-05,60376.63158,6.46498048168205e-07,0,0,0,0,0.0,0.0,31.11
2026-09-28T00:12:30+00:00,8Bc2cfMes4PTwYGivgcxuZX82vtfNSFnvfZ1SMvypump,5.226500634936158e-06,5226.500635,4129.1954,0,0,0,0,0.0,0.0,-51.718
2026-09-28T00:12:30+00:00,GhRJXatdMGdDcGmfxZPKWyUW4FNvMM4fSHRquyvgpump,4.982330516000771e-05,49775.0094935614,0.0,0,0,0,0,0.0,0.0,468.377
2026-09-28T00:12:30+00:00,81okcujCn1KnmjVCMSNSHQDMgxesxWE8cFx2kXrN3CiW,2.5012980091261015e-05,26285.07382,9215.3553,104,67,66,54,12466.4488220808,39.459,126.382
2026-09-28T00:12:30+00:00,BQfybBieX8DAoELyzVNCkaic71umi5FDYq8SrQk8YnnH,2.1682432648725968e-05,21682.43265,13535.3621,14,9,7,9,607.8031544877,-7.458,13.547
2026-09-28T00:12:30+00:00,5H7CxPsc7Pcjz6bjf9RJqG2ECYNyyPa2STwBZZSTpump,2.236096641599499e-05,22360.96642,11105.8035,9,3,7,3,795.559796229,23.924,-21.754
2026-09-28T00:12:30+00:00,6XqPLoyNCY5nuv7HZMNX1ANFdhPRDt3dkRLCeBomWbdW,2.4488612476998904e-05,25216.5574552166,0.000226674981395534,0,0,0,0,0.0,0.0,0.0
2026-09-28T00:12:30+00:00,EsnPV5QDmazP84nbMuJchr6VWhcDgKkGaPHmCzpDRyGA,0.00012826278767911494,127400.2893274,214106.5758,203,101,128,27,249809.77508204,0.348,29.954
2026-09-28T00:12:30+00:00,5pBaTJs3egcUpDx7YThsVbTXoCpvkvNfE5A12nijDdvb,5.737543805864988e-05,57375.43806,23145.6757,0,0,0,0,0.0,0.0,0.0
2026-09-28T00:12:30+00:00,F3naE9XJs54VgtBoeR2XQ9KAFpDRTbgZoDSjP4bzMcWJ,2.175027078131976e-05,20545.5855016368,0.000372763177286081,0,0,0,0,0.0,0.0,0.05
2026-09-28T00:12:30+00:00,6UhUkSBc9RBB9gVJcjCWtcQv4t771rQF7bdn2qK7pump,0.0006887091509088575,704385.019252969,80791.4037,374,245,266,176,54475.3283958342,1.629,98.379
2026-09-28T00:12:30+00:00,36ef5aQyrEFRDMyRk3fBdcvDPHNjARi5bDG9ryPoWRWX,4.957239269199113e-05,49572.39269,0.0,0,0,0,0,0.0,0.0,33.703
2026-09-28T00:12:30+00:00,H9TEHQNvkqiM8kiUqeSoqN54sXRtAR9LG6cN8eUavGdU,1.5760137345285357e-05,15466.3992059227,25057.7073,0,0,0,0,0.0,0.0,0.0
2026-09-28T00:12:30+00:00,EPFPcvcJo5KHb37JGj3ANC3DuMqkmQ6Pb5MaJAQRSkay,1.3303130841893367e-05,13303.1308533031,22989.3276,0,0,0,0,0.0,0.0,0.0
2026-09-28T00:12:30+00:00,5TwNmEZyCVioXCeAGj4FkHANQj7L8czAEQoNuasR3DSz,1.6151214492621267e-05,16148.9438553,2.696032555e-05,0,0,0,0,0.0,0.0,0.0
2026-09-28T00:12:30+00:00,akLNbP66rtnuuJgLV8q4g9iQwSE7HunRSdkSDPBpump,0.0010909317034205933,1065948.59185319,103416.1489,328,106,220,89,13134.1874739915,17.979,122.963
2026-09-28T00:12:30+00:00,FoN54SNjcNakYuEqXKQe1jbnaECyP78GA7WKniWx6H7h,5.7455008423040875e-05,57252.71691,6.29037589639277e-07,0,0,0,0,0.0,0.0,5.456
2026-09-28T00:12:30+00:00,ALbTv3uvShNrsfxaiqcLLB3Bt9CbKTbLeCVcvYSWaTV1,1.4183213723272337e-05,14183.21372,3.756590015e-07,0,0,0,0,0.0,0.0,18.76
2026-09-28T00:12:30+00:00,Gn3jxzPJW7LUAjjbPgeFokkY8kmmUhA8RXoRabPtRoA9,1.7130960634891285e-05,17130.960647131,3.86755879138726e-07,0,0,0,0,0.0,0.0,0.0
2026-09-28T00:12:30+00:00,7qZeReRd7X7dV2wgt1HidBQkqfyUbtXRg1wCxVBJXZiF,1.753252593312113e-05,16688.7625866888,0.000222789428460605,0,0,0,0,0.0,0.0,-5.829
2026-09-28T00:12:30+00:00,8Hk7KK1gtebqe6RAs4AJRRST3ThaFhqsfGMv6pUxjCCV,0.0015102452357338256,1510245.236,2.91626096066524e-06,0,0,0,0,0.0,0.0,1032.551
2026-09-28T00:12:30+00:00,5cDPo1jjEEtxWf2y1HTx4WyMydVmErN3YnbYtxLVcmg9,0.00011589219053543965,115018.2269,28647.5657,152,104,104,74,11828.8727414517,41.01,128.59
2026-09-28T00:12:30+00:00,L3AkrXzxvigXwefBR5ov87BMsKVJTss76kDk8tLHihr,0.0001617314169829134,162850.7682,9.565790408e-07,0,0,0,0,0.0,0.0,108.255
2026-09-28T00:12:30+00:00,6Hvaxtqrq5Rbn2ictiHx6yUZVVjdHHiUnWG7SkNZpump,2.6127688718578246e-06,2457.2643114381,2652.3435,0,1,0,1,2.612768872e-05,0.0,-94.934
2026-09-28T00:12:30+00:00,4qk5j1gtRywW1zjSm45KZ3fpE5sWYbbLWGV3oaYioFbb,5.8168714844321475e-05,58168.71484,6.217410869e-07,0,0,0,0,0.0,0.0,27.782
2026-09-28T00:12:30+00:00,Dfr8gNs4ZXCFaum72BmJQwCSChKoi6cGrqxVqv5vpMhi,3.249694218786668e-05,32496.94219,0.0,0,0,0,0,0.0,0.0,216.666
2026-09-28T00:12:30+00:00,35BwfuKRBcqczHoT512FpC4PK122gT8Za7ndccBqWJRS,4.8135453698686556e-05,46264.16752,0.0,0,0,0,0,0.0,0.0,561.743
2026-09-28T00:12:30+00:00,5PPjgFgh7nd7LE9KdKMopTW5XG7F9MrhzERfXbiWnWrM,5.394651894975053e-05,43162.7987016927,21033.1457,0,0,0,0,0.0,0.0,3.312
2026-09-28T00:12:30+00:00,4vNCGJahpokk4TZTnE6PqGANyxnvNJ3dBojoo67Fz3s5,1.9086981144308434e-05,19609.3670643184,7.88177127045854e-05,0,0,0,0,0.0,0.0,89.268
2026-09-28T00:12:30+00:00,8Qw32vmvAoAdR3pkeTrWDq2Hb5CXUYoiFC1a2nXLvTgL,4.976228084566968e-05,46182.38665,0.0,0,0,0,0,0.0,0.0,218.775
2026-09-28T00:12:30+00:00,BcMBsefYMRP9pugzhRc82W4UedLCzJmiecjEWQgmvvcU,5.6416183885162234e-05,56760.07704,6.287547253e-07,0,0,0,0,0.0,0.0,24.358
2026-09-28T00:12:30+00:00,DPTEbCjRkXi9BoX3BgCkqm2Yvcokoa7JnQsgz2LEpump,3.7622005585796787e-06,3762.200559,2977.1792,0,2,0,2,41.276518286,-1.017,2.435
2026-09-28T00:12:30+00:00,9Z51rChYzWTXUZ8U5MX2bRYhTftxYEVs9VUW4dtMBuW1,5.7024615380685545e-05,45264.6619636881,6.265064095e-07,0,0,0,0,0.0,0.0,8.157
2026-09-28T00:12:30+00:00,3jjcXZuX5P4sHos1rVSWqZdWDqbwbLgo337wjaawmoon,5.636009850796888e-05,56360.09851,6.273479728e-07,0,0,0,0,0.0,0.0,18.87
2026-09-28T00:12:30+00:00,8GoaTvZSVLRgdtVXymBFJC5poRideJ6y52a23GyxFN51,0.0011689389304014965,1168938.93,2.593970166e-06,0,0,0,0,0.0,0.0,897.688
2026-09-28T00:12:30+00:00,3CbU9nHixPuXzpAE26KmEw7YsVX3aHeUV5pUNU6hZaAB,3.150071615251161e-05,31475.5955614756,0.000274045747734261,0,0,0,0,0.0,0.0,190.438
2026-09-28T00:12:30+00:00,GXUuKPV1EkbUBAsVAo65TgPiYjdfqdFFfHf6g43evtNz,8.049722178735684e-05,80497.22179,6.850630139e-07,0,0,0,0,0.0,0.0,146.096
2026-09-28T00:12:30+00:00,ExKyiA5JsDayXJoaZGf2UoNT1oEciGvzN6MDgoV6yobd,1.6907126306202645e-05,16819.2652668193,0.0002341626249,0,0,0,0,0.0,0.0,62.461
2026-09-28T00:12:30+00:00,92BVgXufGjaMUyANA97dvg8LqNb5VMg2wgRfve9tPdCG,0.00038023717163042505,354455.2779,54259.1652,289,214,199,169,60340.4696471792,31.92,3361.599
2026-09-28T00:12:30+00:00,GhvNFSuQaF9upetYwpsZQXyCtaMxKw7mHwgFHD3qpump,3.7160463678712024e-06,3716.0463679963,2930.2775,0,0,0,0,0.0,0.0,-53.347
2026-09-28T00:12:30+00:00,ioQubVJtPKKJ4TRJa5EdfuJnbbs9DgmZ8AJgiyFK1ur,6.0335873588492206e-05,60535.25954,0.0,0,0,0,0,0.0,0.0,489.054
2026-09-28T00:12:30+00:00,9dWu7cE3wTjuWKn3yuiikXjScvCfN768jsfGbHqGAU7J,5.763205351107549e-05,57416.3601798558,23078.7009,0,0,0,0,0.0,0.0,25.861
2026-09-28T00:12:30+00:00,AiaX1ApKHVJvQ7uHrZfu9GvAnWX2xSPn3pYdxjyMpump,0.007063374993896575,5513047.57583478,6.118455488e-07,0,0,0,0,0.0,0.0,14797.725
2026-09-28T00:12:30+00:00,TJY3o6nyEJqbhF2u1bPaDND5tCuQzYnUyDt45m5dCN7,0.00010415201869777427,103955.552503956,183826.2904,423,294,155,27,652206.918572425,-6.194,47.591
2026-09-28T00:12:30+00:00,F1CZsBwru1KGc4wZHem9oAjna2xkBJ3DbS4db9QvBAGS,0.13964445480244214,139353.9271,0.0486,0,0,0,0,0.0,0.0,43.407
2026-09-28T00:12:30+00:00,4BqLNJH1Eq12bN3RVGW4P9TySCwTE9SYP19w8n3KfTeE,3.788949331741886e-05,37039.4922911185,0.0003552120211,0,0,0,0,0.0,0.0,257.235
2026-09-28T00:12:30+00:00,Htu1b1AveATcMz4dUpPFazaoYDmdYkHF8AJQhQQkjups,6.38352577063509e-05,63835.25771,6.464971254e-07,0,0,0,0,0.0,0.0,33.847
2026-09-28T00:12:30+00:00,DiVUwGdHmRCdvMHFEeYDtBkMesCFUwF7f12Q1KdzJspQ,5.691978802790423e-05,45803.0672062863,6.231720677e-07,0,0,0,0,0.0,0.0,9.335
2026-09-28T00:12:30+00:00,2ktCbpQcyGLfCf6rvzFRW3yC9yB6EiJHqSCa4GxYWJA5,0.00028684057383550685,286840.5738,49958.9723,0,0,0,0,0.0,0.0,321.588
2026-09-28T00:12:30+00:00,He21ULnEnZUGw9AdCnMh9r63YnrrVGchRoScvCpYzyYm,1.9589117086954944e-05,19568.0510695681,9.55311336897325e-05,0,0,0,0,0.0,0.0,88.621
2026-09-28T00:12:30+00:00,NiE5b5BGgVG6VmbhbrF43rs6w2E5p8UjXaW7o8Hpump,3.439765551092923e-06,3439.765551,2722.8766,0,0,0,0,0.0,0.0,-2.459
2026-09-28T00:12:30+00:00,A5qxyf48mByCcALziXnkhbunU3xX4UobbLnc3aVG8ZYH,5.7764455674066796e-05,56106.82296,53460.6047,166,146,115,111,2792.7455403361,28.185,446.721
2026-09-28T00:12:30+00:00,5Lz1som5aA9iGkSCvoom5TvE5gLu4iBn5Le8n3Yupump,0.09858440430690085,88725.963879,0.073,0,0,0,0,0.0,0.0,50.717
2026-09-28T00:12:30+00:00,3cgNRQRToBpqtGhvRztndJBDXSiZP3Y2FFt2uQxCpump,3.4078876139017863e-06,3407.887614,2699.0337,0,0,0,0,0.0,0.0,-10.528
2026-09-28T00:12:30+00:00,3x1A8ty18mycnq5eiYMVn49NG4tzC9W8KvSZUbHUpump,3.611135704203368e-06,3611.135704,2861.1268,0,5,0,5,26.6974421801,-0.714,-0.71
2026-09-28T00:21:19+00:00,HCy7vxTApN2Lcv6Rw1MZazXsEofXFLxWCVbJBhF8pump,2.9421211981223246e-05,29421.2118844397,15407.2694,1,2,1,2,94.9777091084,0.724,-6.5
2026-09-28T00:21:19+00:00,B2kipu1WYBPBDQrCX5yv9p7dhjhG1FwwnxBjUDhSkbdG,8.835498061215474e-05,104697.878237522,31108.9298,1,0,1,0,1.085078364,0.0,-32.983
2026-09-28T00:21:19+00:00,GBNCTFPnVCh852xrnjJLi2eVpPb3LW59ZGiSkvjDEqN,0.00036166073042734933,361660.7304,0.0122,0,0,0,0,0.0,0.0,0.0
2026-09-28T00:21:19+00:00,5zfBmzXxtwq3e2hw6TGebcwycvVHNpaC1te7u56jCE1G,9.448622047725109e-06,9389.5816882971,7470.3177,0,1,0,1,65.4271126763,0.0,-7.47
2026-09-28T00:21:19+00:00,3iUTyNYW6xKv5kZUjtbrEDTsuJTrSVwvB3bQtxkLpump,0.0010169532980333809,1016126.381,112229.2478,13,16,12,16,2982.7207161793,-1.927,0.421
2026-09-28T00:21:19+00:00,BmExgUDRid7NTnN1iLb3KnTug3Ma6adYsKyF9zfaPc39,0.0001913223756635885,189703.8982,40863.4005,0,0,0,0,0.0,0.0,0.0
2026-09-28T00:21:19+00:00,9WAUA7LQqzoiYnLzEECk6zRoT8Mse7pJp1R1RHX48mQm,7.106130640481492e-05,69272.8998273455,56878.9337,0,0,0,0,0.0,0.0,0.0
2026-09-28T00:21:19+00:00,DYY3bjoJ9jgE6qigS6hdEsc8NBmMFL1SHEvw8hJtasw,3.4968669258211037e-06,349544.6616,2.09123231984937e-07,0,0,0,0,0.0,0.0,0.0
2026-09-28T00:21:19+00:00,CWsyVkoRHbywhL17QtNZTMhXaRrh4AcBb5GurXqmreLS,4.1911881961006586e-05,4191188.196,7.04073409018026e-07,0,0,0,0,0.0,0.0,0.608
2026-09-28T00:21:19+00:00,2GsbPfFTaNWcpVn9Nij44wDdWyZA5EazhYHN5dffGVvY,4.495781087097652e-05,4495781.087,7.12580237865612e-07,0,0,0,0,0.0,0.0,3.089
2026-09-28T00:21:19+00:00,38CqdxjLaZH6Yv4bBEbz1dr1GgctCF23rjbU5qmUYqrq,4.307607443450418e-05,4307607.443,8.852072698e-07,0,0,0,0,0.0,0.0,1.515
2026-09-28T00:21:19+00:00,CC5D6puFmcsnGaJh7kNXeAcRpL2SZzQfoQezvx45uKjt,0.00027905943645632276,281520.3087,55519.745,5,6,4,5,554.7093595766,-1.178,-11.397
2026-09-28T00:21:19+00:00,GytZU2HrRuUPLy2xZa29oUBBJzp6ErMUStEAR5cjhNB9,0.00010295146848137648,105801.7693,8.94188636893592e-07,0,0,0,0,0.0,0.0,0.0
2026-09-28T00:21:19+00:00,4TetqPfYjTxVCK2732K2boPMJK9HuF71a32E9r4atij3,0.0314141997102321,31414199.7414142,3.970815684e-06,0,0,0,0,0.0,0.0,0.0
2026-09-28T00:21:19+00:00,DAF4QargatxR2rAqe237KJK4k63DNYaxMbRujSEgAoeA,0.00043900030174553355,439000.3017,1.666893558e-06,0,0,0,0,0.0,0.0,0.0
2026-09-28T00:21:19+00:00,F4K2SbLNgyz9gzNqT8bPeLpRkxy4oMA9twaffUDdZtB6,0.0004265437260312209,426543.726,80557.2952,4,13,4,12,2067.0150948958,4.725,13.857
2026-09-28T00:21:19+00:00,6XnC2YXRnvT8Nx16Kny61sz3UgGjWGRKsGomTDRe8haa,2.258777408336845e-05,22587.7736446757,12629.981,0,2,0,2,92.47859073,-1.112,-7.747
2026-09-28T00:21:19+00:00,2xrw9WoHD5EWPT77rgYdubFGCxySPQxtbP69XWmU8eBM,4.7116490472300125e-05,47116.49047,0.0,0,0,0,0,0.0,0.0,0.0
2026-09-28T00:21:19+00:00,DAemPFNc3RtibBDKkUA4eL2Ns11q9VRdbpptmqm8DGqN,0.000314571760424607,317758.5835,63355.7777,13,12,9,8,816.9775292457,-0.234,31.92
2026-09-28T00:21:19+00:00,J1yxV53EmVRmt9RUj6PPufMfdAYUbtgwXCuNYTBTsYzJ,0.00018578241832280438,185782.4183,50607.7398,13,7,12,7,1155.0930418523,7.909,-12.806
2026-09-28T00:21:19+00:00,38ALUy9vcgFKfGnaNwbsKewxW2YEhvJHTUeNgHU1tycS,5.6432600762443655e-05,56218.10032,22994.8628,0,0,0,0,0.0,0.0,0.0
2026-09-28T00:21:19+00:00,BNPEa7C53BvqYJxvhpSRvae3jQUSGSYrgVijnX1Ec777,0.003662982492014377,3662982.492,6.464171646e-07,0,0,0,0,0.0,0.0,0.0
2026-09-28T00:21:19+00:00,71RDTAQ6sPNMZXf3fuWEcbP8BmG1KV8jvh1yQD1Wau2y,0.003782771112008675,3782771.112,6.33500449722787e-07,0,0,0,0,0.0,0.0,0.0
2026-09-28T00:21:19+00:00,E1CNn65e5J9R5YH8ZJTPCaAd16QHJzRtFecCCAEAwS8z,0.0042571742719839855,4257174.272,6.33351832114218e-07,0,0,0,0,0.0,0.0,0.0
2026-09-28T00:21:19+00:00,CSnG7fy9W8CZ4Um4tXFwHG1eSV8RWGPraEhRbvX5kjKv,4.9865612888377085e-05,49865.61289,0.0,0,0,0,0,0.0,0.0,0.0
2026-09-28T00:21:19+00:00,CazHcRRKaE1Wa4phXayEdPE6YDACPNY4cwDeW1dBkfgn,0.0037006700439254974,3700670.044,6.3283858911548e-07,0,0,0,0,0.0,0.0,0.0
2026-09-28T00:21:19+00:00,FJ6nMZFu2EqgBcYwjfA9uwAcE8PBLYTJmHX4WBnP4qvH,1.4768850928493381e-05,14011.2520824003,11411.8239,0,0,0,0,0.0,0.0,-13.322
2026-09-28T00:21:19+00:00,GP8CWb472uCzJdUwKh1rQs8Aoizte19MbqeM4NPi4Qh6,1.2350957253522123e-05,12350.95725,12221.7205,0,0,0,0,0.0,0.0,0.0
2026-09-28T00:21:19+00:00,DFjPTTAAnet9hnkjDNEbb5z1TVFoHebWBKMfxMb5wi9V,1.295639498168937e-05,12956.39498,13582.518,0,0,0,0,0.0,0.0,0.0
2026-09-28T00:21:19+00:00,Cgi54CNpHaYn4smqLH5tW8X5QxssMvi592My3tRoiHfX,9.499885814706572e-05,94348.18115,26959.4384,9,8,6,7,851.9549169234,8.373,-20.459
2026-09-28T00:21:19+00:00,8Z4dayPJpM2noUpHfGVivVRmVXGcyx47HHstjNvVnuq9,0.00017793415493335324,177934.146359161,1.1453154344286e-06,0,0,0,0,0.0,0.0,0.0
2026-09-28T00:21:19+00:00,7tEsDuij7aj4b2jLUAS5oXcp6B3zWratYVmviS5zpump,0.0003267256547849431,324429.148933342,58634.5434,1,8,1,8,365.9051139502,0.663,-8.13
2026-09-28T00:21:19+00:00,E944rK64mgtLB9c2X8cuaMEHVdfxMtr6HURMLAZ59zWC,0.000684821563942031,684821.5639,2.09345453638836e-06,0,0,0,0,0.0,0.0,0.0
2026-09-28T00:21:19+00:00,BktmcCNmK6fxbFhA5HwtpDAtEZ3cfpr5zaoFMgWziUVG,0.0003278178195058139,331721.0369,1.72641963426241e-06,0,0,0,0,0.0,0.0,0.0
2026-09-28T00:21:19+00:00,HFC9vq83rXjinp7dg8Dx1dnwca9LoaTK1zTonnZxTKgM,0.000376517000645144,376517.0006,1.19571661321501e-05,0,0,0,0,0.0,0.0,0.0
2026-09-28T00:21:19+00:00,FUKX4RajeVJeWBigzVBh97p7UKB86oBC8P7uqp7DtmB1,0.00019875851632945193,186559.6947,1.20537962253708e-06,0,0,0,0,0.0,0.0,0.0
2026-09-28T00:21:19+00:00,ChyCbmYAtbkzJbttDVrUJNDVXD1oxy5BrY18fkMq5wH5,3.613812416532774e-05,36138.12417,4.60319304649865e-07,0,0,0,0,0.0,0.0,0.0
2026-09-28T00:21:19+00:00,DgcshFJxwpx8wdHq1FeVFpF6JkAgFincYeyTHTwPE3Q7,3.367602057704049e-05,33574.16459,55314.7883,0,0,0,0,0.0,0.0,0.0
2026-09-28T00:21:19+00:00,133ZoZ2jHzJ3gTfYAkvLdNKadpzcGQqb6d4PQZyyiodi,0.0005296363259017966,480.1985816,0.00445,0,0,0,0,0.0,0.0,0.0
2026-09-28T00:21:19+00:00,3YctFnSKjqujVdMuNp22d9ZcCgyXxgbtcGmNSzg3WZgw,0.010319288149116562,10286935.61,0.000202135865636695,0,0,0,0,0.0,0.0,36.621
2026-09-28T00:21:19+00:00,8HnLRKJ6XkeGq1tpmKPqn3yB5ruqbSR5LR5nVCNAshop,0.00015782785477002126,173259.386137701,41835.7165,49,44,36,31,14887.3403914667,91.75,115.351
2026-09-28T00:21:19+00:00,6KaprXhTqtGQDRijpjPg36QJ7i9Ewt4NAmjv8twU5tSH,0.0001964765552312353,194016.7361,1.12902681034999e-06,0,0,0,0,0.0,0.0,0.0
2026-09-28T00:21:19+00:00,FiLrNu8Cee9naYei81XdsKBJDZNb5kJJsGWoK53WYVuF,0.000189747729764466,191308.0668,1.16962256e-06,0,0,0,0,0.0,0.0,0.0
2026-09-28T00:21:19+00:00,8XDD33SKSzM7GE7oFecv8UdhfDuV9AUSqcCDC5LQpump,6.491346805804408e-05,64913.46806,6.43436231171361e-07,0,0,0,0,0.0,0.0,0.0
2026-09-28T00:21:19+00:00,9ajUQYkyUb54B5AWhx3yfdRiMUG4ynR5omc3aNXTSXpG,5.716772380244721e-05,57517.19987,6.306554348e-07,0,0,0,0,0.0,0.0,0.0
2026-09-28T00:21:19+00:00,C5YjyjnbJhPmW41mXZWiFJF3FSHtUu5Z8sefqhmGpump,8.989185441356425e-06,8989.185441,6757.2171,1,0,1,0,2.3705993805,0.0,-6.896
2026-09-28T00:21:19+00:00,49pvK47B65PA5dWNeqMLzLn7FmNrsdm4fuKvFPQiBAGS,0.08291562391437395,82915.62391,0.1952,0,0,0,0,0.0,0.0,0.0
2026-09-28T00:21:19+00:00,4PutGVeQxkcVSKUxLvJYTL3W9rbVV1KYq8ptGFh5jups,6.0892411372544724e-05,60832.04225,6.45609009417937e-07,0,0,0,0,0.0,0.0,0.0
2026-09-28T00:21:19+00:00,51yz5RRoz8Tuk1467J3eCFcRGReprwxXFGrJBTaWmDsd,5.409628357315775e-05,54096.0697042314,51009.0029,0,0,0,0,0.0,0.0,0.0
2026-09-28T00:21:19+00:00,YHt1GkDfJVF5gpYH3je4st8dUVHeTL4TAmK3DMNjups,6.504726209002959e-05,65047.26209,6.529404769e-07,0,0,0,0,0.0,0.0,0.0
2026-09-28T00:21:19+00:00,GpG9iHeWBEFh22JbCeRHzhtVncEv61aUB9EcjNnLqqHn,7.5118758146171e-05,344253.5567,0.00496527642778011,0,0,0,0,0.0,0.0,0.0
2026-09-28T00:21:19+00:00,7znSmc2WiGVLoexJsNhHKtV6oeeDipWrxW9vN8PRaunb,0.0002490655929890488,237372.6791,1.14914262571134e-06,0,0,0,0,0.0,0.0,0.0
2026-09-28T00:21:19+00:00,AsAcfXMfJZspdKDLr2DG2Bkw2YnhHUysSNLrERBtpump,4.166679618889944e-06,4166.679619,3275.85,0,0,0,0,0.0,0.0,0.0
2026-09-28T00:21:19+00:00,BxpWDdkV7wbfU5ipCPURJgmYR5Nn4N2vGK9A8Qdrpump,4.685882334564677e-05,47502.4937905525,0.0,0,0,0,0,0.0,0.0,0.0
2026-09-28T00:21:19+00:00,Hrb643TUtZMUKJLM3AsWt2T9Df8JrsvcaXBKd5vUQ79v,3.2423343179683535e-05,32219.04464,38253.1166,0,0,0,0,0.0,0.0,0.0
2026-09-28T00:21:19+00:00,BPVHYcNjKGXqPbhpYXyAaHhWRtD3b2dToyn3ZNKM7fn4,5.614441468381778e-05,56144.41468,6.29795509203476e-07,0,0,0,0,0.0,0.0,0.0
2026-09-28T00:21:19+00:00,5vdE4164sYVjKMbvURnLYHZm6WDn1sMyMJj7ynjdpump,6.26825649213245e-05,62659.99349,0.0,0,0,0,0,0.0,0.0,0.0
2026-09-28T00:21:19+00:00,FoE6vWnSb7HGMiYJL9b2gp6Hn3SxwCKNBkbftnKKq9Pu,6.740950556955364e-10,0.6740950557,1.3905,0,0,0,0,0.0,0.0,0.0
2026-09-28T00:21:19+00:00,5vCAPYAs415Y2Cni8kcGtXrc2U22ks14F2nv8cVxnhXq,5.817566403691987e-05,58139.3809,6.35955394e-07,0,0,0,0,0.0,0.0,0.0
2026-09-28T00:21:19+00:00,6Apwsn3iB12bWaN9XeipPGVPRFeSLpnTTQZ7EgW6pump,4.797714004196007e-05,47977.14004,0.0,0,0,0,0,0.0,0.0,0.0
2026-09-28T00:21:19+00:00,3xeQmQ8TqpLNGntNaXmuYi1nt1Ur9fAwuHH3MAuqNydi,5.7333330653366336e-05,57000.58146,6.340355904e-07,0,0,0,0,0.0,0.0,0.0
2026-09-28T00:21:19+00:00,8wRWyHGDnAQvwH6s95zFPb1PFL4VPjgJV5mNUVqMpump,8.651153716498698e-05,86511.53716,0.183,0,0,0,0,0.0,0.0,0.0
2026-09-28T00:21:19+00:00,EAqafjVn3e6SYiTFtUWCWdkqs1TNejhqvviTVoZWPpcp,6.151672235985901e-05,61516.72236,0.0,0,0,0,0,0.0,0.0,0.0
2026-09-28T00:21:19+00:00,9jo2ScZVkW4C9CzJP1p94h4gwVdgVe81XjYEbX9apump,6.642025420362147e-05,66398.07641,24371.2204,0,0,0,0,0.0,0.0,0.0
2026-09-28T00:21:19+00:00,CpPtDjmh9rU2MQGvf9rcsdfkZMYyYbc6VHH5ape8cXJn,5.5296188780511745e-05,55097.99745,0.0,0,0,0,0,0.0,0.0,0.0
2026-09-28T00:21:19+00:00,A8gpnSqS3JAGvcdDNZNa7HCYSAFJTm9gKMHSEzDAvc1S,3.1419308808286605e-05,31419.3088728386,4.587641413e-07,0,0,0,0,0.0,0.0,0.0
2026-09-28T00:21:19+00:00,HH5btUAy7FCFCJYfDB9FV5x1Zk5SLJtymoPW32U9bJ9m,2.557788426696589e-05,25428.70571,13004.2126,12,13,11,13,1211.9223915696,-4.183,0.242
2026-09-28T00:21:19+00:00,5ziXm7wxAnb4WHJytscSWCG3nVsxJiGrb3jsn4hkY3t,0.0003483203031889956,348864.759348865,0.0002057084509,0,0,0,0,0.0,0.0,0.0
2026-09-28T00:21:19+00:00,ArYuQPyvBM3RAyNGL6prgNxzX8mTwQiQMoiXUAzupump,3.529803876730772e-06,3529.803877,2796.465,0,0,0,0,0.0,0.0,0.1
2026-09-28T00:21:19+00:00,BjisTufDR6yZEBKHynbpZXcvhXBDh6RPeHfKj3QTpump,3.550067978518654e-06,3550.0679789999,2819.9671,0,0,0,0,0.0,0.0,-2.736
2026-09-28T00:21:19+00:00,4WBpkZtNbGxZpS7z9i7tL6WsWyRG8F5xMZssLAtmgqUf,5.8699650224319606e-05,58699.65022,23469.1952,0,0,0,0,0.0,0.0,0.0
2026-09-28T00:21:19+00:00,BHatrvaBF2p3oWh5VLfNGSAAqMWcezeCJ1D2F9bYmqmY,3.507018098263618e-05,35419.7163262592,0.000290014187682659,0,0,0,0,0.0,0.0,0.0
2026-09-28T00:21:19+00:00,Bt7PJzFGHTTBgHzG7HubEGweKv4kzYZpMNhzxAZZt9xE,5.9704350141590285e-05,59704.35014,0.0,0,0,0,0,0.0,0.0,0.0
2026-09-28T00:21:19+00:00,3YYWjrJqC4Z5SnjmYVGN4j6qPoa7prnxhy324BTntoN2,1.2511069338535274e-05,12531.428795949,22716.5276,0,0,0,0,0.0,0.0,0.0
2026-09-28T00:21:19+00:00,CC5tKEhAyBHey4GJkV9i4SqPugKmhHN7K4iEdDKnzFV8,6.567528581536473e-05,65675.28582,21685.3757,0,0,0,0,0.0,0.0,0.0
2026-09-28T00:21:19+00:00,GSfvvcfB5AdC6sLgnwuFkCYc93xTxRjVYizx2ZqD1R4h,0.0001572465302063095,157303.9065,9.405080254e-07,0,0,0,0,0.0,0.0,0.0
2026-09-28T00:21:19+00:00,DHY3zbRpo3kT33fDPjqBJaJECJw5Ri7yWVyEcZEqx6NX,0.000350321673960027,328226.0193,1.270509735e-06,0,0,0,0,0.0,0.0,0.0
2026-09-28T00:21:19+00:00,FQjTXyY8aQVbaYSpcjfp8NCk4kifEwysGL698HZatRew,2.7752813600453537e-05,28002.3134060046,4.320292785e-07,0,0,0,0,0.0,0.0,0.0
2026-09-28T00:21:19+00:00,Aa4KzJ9j9Py1E2pZ2BmazRZpCr3hfwjLZkXD7t1Rjc5t,7.172913169973106e-06,7172.9131699999,4956.0146,0,4,0,4,39.6573255027,-1.175,30.104
2026-09-28T00:21:19+00:00,AqSH5KsTRTRsY4ixC2BckfdiLmytjQii9qYEjdGDpump,6.593109040820064e-05,65898.84431,6.47824778479092e-07,0,0,0,0,0.0,0.0,0.0
2026-09-28T00:21:19+00:00,Cjoj1oJEkhR5GJuKsKSJCva1Yw8fRmYeAmRs5mgapump,5.590953886652055e-05,43619.4263602005,6.30787837e-07,0,0,0,0,0.0,0.0,0.0
2026-09-28T00:21:19+00:00,CA4dhkbKtcKqsXrojQBjvgGHx1hCFPku2MSxY1dAaji1,5.806083402762107e-05,58060.83403,0.0,0,0,0,0,0.0,0.0,0.0
2026-09-28T00:21:19+00:00,GCchBoQZb3Jb3SpUCTE58zQgLHfUMBBAE635knAx9Sd9,5.6739039748480576e-05,45185.2415952339,6.320887517e-07,0,0,0,0,0.0,0.0,0.0
2026-09-28T00:21:19+00:00,BjwABWzz9ZbDtzHizErzgRZGcgJLufRGBr8yDEk3pump,0.0026945951657260008,2691998.95656065,2672549.7034,0,0,0,0,0.0,0.0,0.0
2026-09-28T00:21:19+00:00,9pqpzHh7VadhG467wqNNdxPDvzvbJbAFHMxCxHdhTzmd,5.505834731030729e-05,55058.34731,51744.3897,0,0,0,0,0.0,0.0,0.0
2026-09-28T00:21:19+00:00,3gzcjJR1RAwTLg7dno3UgjYE2TfAJPve7hpDJfNmEAMh,0.0001727945294907307,172794.5295,38475.5125,8,1,7,1,727.0999287543,4.888,4.202
2026-09-28T00:21:19+00:00,HTwigtUK8W3FWke5mD66np7Hnh5XF9i6WDC5GcdMcYkV,6.558003333289022e-06,6482.6859201209,5615.6874,0,2,0,2,6.9576660756,-0.164,-14.295
2026-09-28T00:21:19+00:00,5NbTiWe2L82Vd8PwYDwoRxHyJKkwThXzuX53Hq2U7c1x,0.00014080431000983203,140804.31,9.785368467e-07,0,0,0,0,0.0,0.0,0.0
2026-09-28T00:21:19+00:00,JA6S2LkhKwTW6xnSykmPS2R2cYywxW498FsyZezAfW7d,0.00015449153591332975,153622.1508,9.250586576e-07,0,0,0,0,0.0,0.0,0.0
2026-09-28T00:21:19+00:00,7ESoDXqwqKUQBWdeqygNCFZroAtemHxyK8EPcjgPV777,7.002286550597517e-05,70022.86551,35134.1621,2,1,2,1,68.0651813423,2.402,-38.561
2026-09-28T00:21:19+00:00,D6J3ZnxByTuC5iaMqzXyyV4Huybwe3Job7zSyp8rpump,5.013361007619842e-05,48761.9014687743,0.0,0,0,0,0,0.0,0.0,0.0
2026-09-28T00:21:19+00:00,5tz7MWoef84dXueAhJqcRU4TnUsVREyC7bpxwwCwja4G,4.391896116074091e-05,43852.33643,4.87294088008473e-07,0,0,0,0,0.0,0.0,0.0
2026-09-28T00:21:19+00:00,EhuL2NEfQjYqB7Ha5r59RVdPUXXTVWurZfLyVs1xohYi,6.088569165294986e-05,60885.69165,0.0,0,0,0,0,0.0,0.0,0.0
2026-09-28T00:21:19+00:00,598rzX6PqwSmNZY88HTnA2PvWgrYXfWZwLCcW8pYSRz4,5.523779495858436e-05,55237.79496,0.0,0,0,0,0,0.0,0.0,0.0
2026-09-28T00:21:19+00:00,5kBmDYcfkdKSKD47TTyBu92LgeyZq7oS8ys6T49h5777,6.549176331833164e-05,65397.53642,6.506922932e-07,0,0,0,0,0.0,0.0,0.0
2026-09-28T00:21:19+00:00,EzCmudnz9Kqysa7zCQat7A7veYCieTiZM64mN9d1NGqc,3.4318796180932516e-06,3431.879618,2733.3125,0,0,0,0,0.0,0.0,0.0
2026-09-28T00:21:19+00:00,92ninR7mzzP6qQhf3hkPjgeym96rtfnc5pUGHWn7pNY,0.0002451249802149124,246393.6117,1.457922982e-06,0,0,0,0,0.0,0.0,0.0
2026-09-28T00:21:19+00:00,GKtNkQJtZ8s7jFo1AG7JC8mnn7WSf1vm6ngmBhuppump,3.430661983780622e-06,3430.661984,2706.9538,0,0,0,0,0.0,0.0,0.0
2026-09-28T00:21:19+00:00,7KsHxqhZcKddVA1fhVA2oymMYY2ibwHzn9pfTbXC2KK4,6.126274774786593e-06,6126.274775,4419.3649,0,0,0,0,0.0,0.0,0.0
2026-09-28T00:21:19+00:00,8DXqVUopcdviLvujTcpwEqkKzB43Arp6E1axzsEE5Btq,0.0012549155859131757,1211646.73767461,117093.0725,87,77,68,65,13533.9181389238,-9.306,-1.76
2026-09-28T00:21:19+00:00,DHLXeQmBYoKBzWUN2ZgNdZmdqHKLoWNUDerkRxredWx,2.7867975092311615e-06,278679.7509,2.101460065e-07,0,0,0,0,0.0,0.0,-6.402
2026-09-28T00:21:19+00:00,D1Jf2FTyYiU36oW9Rty5SpodCyK9ryUrWcdmEHvTpump,4.567191253688619e-06,4515.2578361537,3529.5104,0,0,0,0,0.0,0.0,-4.754
2026-09-28T00:21:19+00:00,ApgrtWJuoTTKucfSm5MuQJ6WuFShKqhfzHJcNVbrpump,4.821599979729402e-05,48207.7586370418,0.0,0,0,0,0,0.0,0.0,0.0
2026-09-28T00:21:19+00:00,LatHeGq8sKiccjBrGUSHp8mERHphV5prQvvzibu3rg6,3.965327861472592e-06,3965.327861,3124.2246,0,0,0,0,0.0,0.0,0.0
2026-09-28T00:21:19+00:00,AGBuP12RvNQQrFicjGgH8o7SnrXJAWVm7z7uLWWNVe25,0.04760670674070383,47606706.74,5.742380531e-06,0,0,0,0,0.0,0.0,11948.088
2026-09-28T00:21:19+00:00,7zkVvdxpHVKx8GEXXPqGoG86yhCJhaJENTvwpuKwspew,2.0078476982939572e-05,20473.6124504736,3.321391655e-05,0,0,0,0,0.0,0.0,0.0
2026-09-28T00:21:19+00:00,65PgqBeaQ796L6hk11AUEpyrgzvED6LgKmBFPmqVLad2,5.547589655273673e-05,59293.873084778,6.435320709e-07,0,0,0,0,0.0,0.0,0.0
2026-09-28T00:21:19+00:00,twTmbSR2WYY5yTDBQbpKNUhy8u5Gk2iFYVxHbdQVcoP,0.00013481522105669946,134815.2211,9.237139088e-07,0,0,0,0,0.0,0.0,0.0
2026-09-28T00:21:19+00:00,9oXM6yhVuTYiiVa8aXaf3YREv3pTSvEG5FCAm5wZbMND,0.00014773537378734685,147735.374095471,9.329364952e-07,0,0,0,0,0.0,0.0,0.0
2026-09-28T00:21:19+00:00,2949z21XVsk9KmoU4q23SMRaLYW8GPcNJroH3B2apump,5.041228168295215e-05,50412.28168,0.0,0,0,0,0,0.0,0.0,0.0
2026-09-28T00:21:19+00:00,2r4cPHduWmAeh7F2gqzSvfMJ1beUVaZBZYMEUMuNqYu7,1.9802393043081403e-05,19458.996699459,28847.401,0,0,0,0,0.0,0.0,0.0
2026-09-28T00:21:19+00:00,FCEjmz9E9yqrGvGu4voUARtv11fwmyYm4JKuSoG2X5Gb,5.012004741191179e-05,49948.8549488023,0.0,0,0,0,0,0.0,0.0,0.0
2026-09-28T00:21:19+00:00,FMqod9SpTodTmhQVF8VtbN5qXdeSih2PnsqeqEkMpump,5.030465270852136e-05,50304.65271,0.0,0,0,0,0,0.0,0.0,0.0
2026-09-28T00:21:19+00:00,9594CVoQfvyAg53ToXWqJjMNrwzjMsqiPehg7GZjpump,3.455793697497336e-06,3455.793697,2758.8507,0,0,0,0,0.0,0.0,-3.609
2026-09-28T00:21:19+00:00,G1nMJ6fg3SmRbowVGtSVQnpkdo5VWy9E9krGjwfipump,6.335749335951153e-05,63397.9837935607,6.473226982e-07,0,0,0,0,0.0,0.0,0.0
2026-09-28T00:21:19+00:00,6KfHYCNzpp4Y4CteXm3mDHmFiyHU4LaeTRpBF2p6hiq1,4.939664379734445e-05,47641.6547647522,0.0,0,0,0,0,0.0,0.0,0.0
2026-09-28T00:21:19+00:00,DJKCCmDBtfZFt7HAvEtUW6SWeiohg2xEHZGQduSxZ8Wb,0.0002515372293066007,249005.0288,1.34894239297702e-06,0,0,0,0,0.0,0.0,0.0
2026-09-28T00:21:19+00:00,GMT2cGrQfKrmHcu2U8T3JZXHLoj9L3xJGi1QqrsdCbxd,0.00019946404765806052,199464.0477,1.965733381e-06,0,0,0,0,0.0,0.0,0.0
2026-09-28T00:21:19+00:00,3v6r37iS1eJNoT5ko3qr7BUz5bpDBGSdxmmATucjFwq7,1.7042501860576676e-05,16241.5798662416,0.0001970862958,0,0,0,0,0.0,0.0,0.0
2026-09-28T00:21:19+00:00,o4yUzLw6Saz6JnHJCnZSWcemSU1nX5N7hKB3bfhpump,3.55233754569585e-06,3552.337546,2814.6131,0,1,0,1,2.8328234252,0.0,0.0
2026-09-28T00:21:19+00:00,CM5M8C1H1ZUoDjxZBrm21eEEHwaL5Tdg5m8nqBBvxwGD,2.2431853553336652e-05,22431.8535724319,5.21049493e-05,0,0,0,0,0.0,0.0,0.0
2026-09-28T00:21:19+00:00,CedSVzaBjbqniJ1GpUcTozB58S56yDX42nTXsz31zQUe,1.2006582690275118e-05,12959.77719,8558.1765,14,4,10,4,1212.6413046777,13.441,-12.503
2026-09-28T00:21:19+00:00,7S1kzM12jNoeAm9URh43eUnjgwwCQYb1f5h4UZjFjAgA,6.005596856748655e-05,59770.23645,23616.271,0,0,0,0,0.0,0.0,0.0
2026-09-28T00:21:19+00:00,BHcmM47Jzm1QFDBzPGC5SrLyQNNsJttNRKgnUwMbonk,0.010486300886248688,41945.20356,0.0244,0,0,0,0,0.0,0.0,0.0
2026-09-28T00:21:19+00:00,875nCQ7w2LqbZrNe6KXmBkBEY2TiJAapW9rmBwUce6tg,5.669977520882705e-05,56711.17379,6.353340075e-07,0,0,0,0,0.0,0.0,0.0
2026-09-28T00:21:19+00:00,AbfLN7d1BdbV13NQv8kP5tHiZr1qKAEs7xMN1U2BvA3U,4.91605121647048e-05,49160.51216,0.0,0,0,0,0,0.0,0.0,0.0
2026-09-28T00:21:19+00:00,BoSNMHpY75JUMFb1EHx9of2yAaYc2Zive2TJXfa5pump,3.4055364705745304e-06,3405.536471,2707.3442,0,0,0,0,0.0,0.0,0.0
2026-09-28T00:21:19+00:00,69sisPLJNkaCwgNDkeDy7ueByMAM52cMR9eY9T3grUBs,5.936930663233771e-05,59307.59178,11461.0212,0,0,0,0,0.0,0.0,0.0
2026-09-28T00:21:19+00:00,5mdbw1mfaB7JbejXdijFwybaUbV7SUzDJcAjKmxTeSmH,0.0011831964364242148,1183196.436,2.63499399327875e-06,0,0,0,0,0.0,0.0,0.0
2026-09-28T00:21:19+00:00,6nvUMM2srxp24EuVdaFbM8EmFYoFVHgoiB2RBb7FmfQ3,17.073070068190606,17073070102.3461,12.3438,0,0,0,0,0.0,0.0,0.0
2026-09-28T00:21:19+00:00,9fETWVSGArSGGDrmP4oJYyKmGL3MRkoMRtub3TWAmryV,0.00036493901394503696,364939.0139,0.0122,0,0,0,0,0.0,0.0,0.0
2026-09-28T00:21:19+00:00,42s1RxjsCYjo2nZEQMM3eVEVH1BMYnk3dqZ1numtraNY,7.165037105552378e-05,70795.84878,6.81534917533781e-07,0,0,0,0,0.0,0.0,0.0
2026-09-28T00:21:19+00:00,DEXErBu1tqMufAaqpdqzUjpehgv2VmF3h94Sqiiipump,3.5270805755386507e-06,3527.080576,2805.2162,0,0,0,0,0.0,0.0,0.0
2026-09-28T00:21:19+00:00,E17dHzzy4XMZ5d8XzB2LWwgWYo1pnuzyiHK3Bwpz8d5P,2.5899764487383094e-05,25673.8841556739,9.818088111e-05,0,0,0,0,0.0,0.0,0.0
2026-09-28T00:21:19+00:00,3FfCcJoAJhbXyd4LaiLw4QvLqxnMKhTKfZkUgPRsRRT2,5.0436968607130656e-05,49801.50679,0.0,0,0,0,0,0.0,0.0,0.0
2026-09-28T00:21:19+00:00,G3FagANWjqyn2BzqXo5oAtxGESZLM6G8qjxpGMv9qwR4,4.434162683476106e-06,4434.162683,4061.5456,0,0,0,0,0.0,0.0,-24.396
2026-09-28T00:21:19+00:00,FQnupu5zhfdSaj7d7jJz2dfuowiztcJX1eutWeBHKtQN,5.679137619063118e-05,57008.70913,6.333633949e-07,0,0,0,0,0.0,0.0,0.0
2026-09-28T00:21:19+00:00,A6R4vgoBZznVx931QNhoYnAw9J32pf23mDnLEtacxFUC,0.00017213260022973348,172132.6002,9.71270758587008e-07,0,0,0,0,0.0,0.0,0.0
2026-09-28T00:21:19+00:00,BqouaqkQUPpm7gTgfR6j5KcGYpBRK6g5rX5tu1w7f9tQ,0.0006950449698495916,694843.908835677,0.005031140377,0,0,0,0,0.0,0.0,0.0
2026-09-28T00:21:19+00:00,5S4m8rkZ9aEoSHLyJgUJtR1ZM9KQszZftmhWMJ8NF777,6.606616062252459e-05,66066.16062,24339.5436,0,0,0,0,0.0,0.0,0.0
2026-09-28T00:21:19+00:00,2iZghDPGjFzeMHGLBnf34CLufBSfguaHuFruQxvzAryr,2.753495769642808e-05,27534.9577,51440.3929,0,0,0,0,0.0,0.0,0.0
2026-09-28T00:21:19+00:00,6yMW8La9Vek9nqqvoddEA8UfdBEi893kW8PbnXAvfour,4.8965222173390494e-05,38245.7314223486,4.91702535306273e-07,0,0,0,0,0.0,0.0,0.0
2026-09-28T00:21:19+00:00,3YFDt7RDRJxgp8JDRta5fFbH9Y72Kf5wchimyKmm5gcf,5.673138952087203e-05,56731.38952,21426.575,0,0,0,0,0.0,0.0,0.0
2026-09-28T00:21:19+00:00,5YcNDZCncNvpVWoAXUtPYz6y2mmu1ZTD1zt8ZzMQ7MbS,3.3223297780873016e-05,33223.29778,4.59404481e-07,0,0,0,0,0.0,0.0,0.0
2026-09-28T00:21:19+00:00,Gec1S7aYfu9HV58sd55REQQ6E4BY6oxB5WPW3s7R3v6r,2.242416488029014e-05,22720.2989114966,2.79344185758427e-05,0,0,0,0,0.0,0.0,0.0
2026-09-28T00:21:19+00:00,DicQ3KVeSqaNbqSZnRvxTLfXFnLcFC7AVhgASE7RpwaE,1.9692000554596903e-05,19688.966699689,0.0001056999138,0,0,0,0,0.0,0.0,0.0
2026-09-28T00:21:19+00:00,21UfAy5fPSs7XBqZjvseyidViX86m4ZFYiFSoMaxBTFY,6.255487180840078e-06,6255.487181,6413.6222,0,0,0,0,0.0,0.0,0.0
2026-09-28T00:21:19+00:00,2hwD3HEVmn3yZtiiJtiwCtDtpp3BrrCXnaSh2pxrU7SR,0.00012958394632481954,129364.283158729,1.106637386e-06,0,0,0,0,0.0,0.0,-34.648
2026-09-28T00:21:19+00:00,4gRfXFzrbRKYe4bwC4tuBr4NcFSC5o3eJUCJcitr3BNz,2.136558130759218e-05,21365.5813313656,9.96464141687632e-05,0,0,0,0,0.0,0.0,0.0
2026-09-28T00:21:19+00:00,7a3U2mDYunTbMLJAUPT6PFLtZsf8EzkWXxueQB5WhgP,1.7910097523942518e-05,18332.566902338,0.0001538395226,0,0,0,0,0.0,0.0,0.0
2026-09-28T00:21:19+00:00,3twWHp2uq1zaFrW5UxAGdHvZVyUARCovT9saTvCdbonk,8.618438510638072e-05,86184.38511,0.0366,0,0,0,0,0.0,0.0,0.0
2026-09-28T00:21:19+00:00,4czjXTWXR7VJiaEY3i9FnuBJkgFz7XmcpERygboqpump,3.700481905951227e-06,3555.5243699468,2933.3993,0,0,0,0,0.0,0.0,0.0
2026-09-28T00:21:19+00:00,2F1mZ9znwpC3NZRsXKSnq4ejgBiL9sRboZRUuN94wLWM,7.746028095480307e-06,7740.902127,6020.2222,13,0,8,0,317.1281898943,16.826,21.827
2026-09-28T00:21:19+00:00,AHuxFiCnX65nvCRzLZHr1VmtoA9LBWK5hGai3C9v44T6,5.4258364152653406e-05,54160.1733980864,6.263093089e-07,0,0,0,0,0.0,0.0,0.0
2026-09-28T00:21:19+00:00,FdjkMLM79vWtvaDYU83xkXoZAPnhdKpicZmyFQQ89RSN,0.00019092119041540836,194041.963894042,0.00021920852273561,0,0,0,0,0.0,0.0,0.0
2026-09-28T00:21:19+00:00,EWghpAaYGd4h9wjRw6aAQVHHxr9Vx6EYMe1ynTcY3gcp,1.0555118890374294e-05,10822.96054,6365.3802,2,1,2,1,333.4767325165,1.511,6.31
2026-09-28T00:21:19+00:00,4kDfsU81RM6u2x4frbbUJoo6kFpoXriSCXACJTm2G1oG,1.3479194727520544e-05,13251.8404432518,8.599882402e-05,0,0,0,0,0.0,0.0,0.0
2026-09-28T00:21:19+00:00,4oABZg7Jnx1WvukCTDWeaJkKEFKD6t5kfqhQvGBs54je,7.456394560282732e-05,74563.9456,6.707423405e-07,0,0,0,0,0.0,0.0,0.0
2026-09-28T00:21:19+00:00,8hhofkDL7nZSgHUaavFkp9T2tvtxbJPKJAkps27Ypump,6.275326161557427e-05,62753.26162,6.411639251e-07,0,0,0,0,0.0,0.0,0.0
2026-09-28T00:21:19+00:00,562rSMBaCVLRGvP1MdGe7A5poEgQUoRG37JqsKrZheYv,5.64689155215235e-05,56969.20718,6.314401352e-07,0,0,0,0,0.0,0.0,0.0
2026-09-28T00:21:19+00:00,2fHrMrEKahXTz9BDgGN4DKYkH8RXZGwu7iYcRoUUGgtG,1.8058004837676926e-05,18058.00484,27989.6025,0,0,0,0,0.0,0.0,0.0
2026-09-28T00:21:19+00:00,Aw7jQdxvdEv19K3jtFnbWJhaCbXGPvs4vQpPMDdwSBP3,5.644405877731934e-05,56644.29033,6.25487901e-07,0,0,0,0,0.0,0.0,0.0
2026-09-28T00:21:19+00:00,7webxiJfmuLPiQEgxMoaBJ1U9nePizYa8nVHv12Ybonk,8.286893462346852e-05,82868.93462,0.0366,0,0,0,0,0.0,0.0,0.0
2026-09-28T00:21:19+00:00,wxmQK9z3RM6kdgrUGcQrPdBN6ncnWF3nB8t5AbfnN97,8.947397420220652e-05,89472.3294910114,7.709526828e-07,0,0,0,0,0.0,0.0,0.0
2026-09-28T00:21:19+00:00,6uippr2yoHhCZirtDnnKahgkD8dPpi9ybxcxNgYSpYNB,1.4491677542496714e-05,14491.67754,3.76538874034714e-07,0,0,0,0,0.0,0.0,0.0
2026-09-28T00:21:19+00:00,Ag8VFhAaXzjAxxj2BNBeWJFMuskkVbnknuErhkhtboF,0.0002386147222415197,238614.7222,1.17415313114934e-06,0,0,0,0,0.0,0.0,0.0
2026-09-28T00:21:19+00:00,6GsRicHhaf1wG5ZAm4jT3Z6SLVagbJJUvvqJxhhFpump,2.87516603217316e-06,2726.3617488669,2864.9754,0,0,0,0,0.0,0.0,-0.238
2026-09-28T00:21:19+00:00,FFPSq1ByV2XdPTj2UkSPRe14NoQydUkarBLeNfXd1gdj,9.584569631170846e-05,92821.77358,26183.9705,11,8,11,6,780.905246126,6.841,-37.745
2026-09-28T00:21:19+00:00,6n9xcjUAGy7hnd1LFdzBqpKUwhumh5eKJipDk75JwkkW,1.4774330969495042e-05,14068.4679141567,24051.095,0,0,0,0,0.0,0.0,0.0
2026-09-28T00:21:19+00:00,6KqbfB3zL5SockYzfNAFHrTQ9429RZaRPPmQif68U2Hq,4.890977241714188e-05,48714.1740085686,0.0,0,0,0,0,0.0,0.0,0.0
2026-09-28T00:21:19+00:00,BdeQbxD9v9JkKam8r9P3wz317rn7jDu7MHGczVw2LZ8m,0.0004708250336670446,470825.0337,1.82951852e-06,0,0,0,0,0.0,0.0,0.0
2026-09-28T00:21:19+00:00,HxNzaehXN56aJSF2yHRA3Wbxmav9QyvgtwJDZSmMpump,6.311165278028987e-06,6311.165278,5256.4509,0,1,0,1,10.0029465146,0.0,-8.694
2026-09-28T00:21:19+00:00,Gj2ksaU1VgcRSQhbBwYYNDDhUiLPc3jY2rPkaSs5U777,6.2355301575809e-05,62355.30158,6.431204473e-07,0,0,0,0,0.0,0.0,0.0
2026-09-28T00:21:19+00:00,A7S1e8eN3sbCnGS5HAraBUF6eN9Gn3wR3rBiJS1kxuqe,5.746121756709709e-05,57461.21757,6.312161044e-07,0,0,0,0,0.0,0.0,0.0
2026-09-28T00:21:19+00:00,nheVhBEu7aQgtZLbtLkzvZEhhQh9fctKXWWFPd8pump,0.0045708963587972225,4568803.75057957,217750.5737,265,94,175,80,18998.3941477893,11.095,181.904
2026-09-28T00:21:19+00:00,88FirgpLH7CPAqWr426XykKETqM592wTrWqSRipHZbSa,1.237096147184087e-05,12370.96147,12809.7284,0,0,0,0,0.0,0.0,0.0
2026-09-28T00:21:19+00:00,FNRD5UDEVL2EcMEtPevqt4b5jDCMXELog4FVkEfRQsCA,1.2276818272686025e-05,12276.81827,12225.0864,0,0,0,0,0.0,0.0,0.0
2026-09-28T00:21:19+00:00,8TiH2aAFhhuTr572fuJNxLz3MS5UtGQjiA3vy1ws9Zdz,3.6944847159672986e-06,3694.484716,3679.3485,1,2,1,2,219.9961206147,-7.89,7.305
2026-09-28T00:21:19+00:00,4Gx1X1BpGZVGu51xfaKrp4qcM9oUEVGLFstQv9owpump,4.9874194667310494e-05,49874.19467,0.0,0,0,0,0,0.0,0.0,0.0
2026-09-28T00:21:19+00:00,A1cpNt5497MRNcebJLBQdZuni4ZrpbfZtopG5XXVU8Gm,1.554598054851226e-05,15429.8107454298,9.38813133503235e-05,0,0,0,0,0.0,0.0,0.0
2026-09-28T00:21:19+00:00,EeG2GGh9NUjVnknkJdbhbZKgSbzLtn2iAuGiDwdgVShF,9.503556707680221e-05,93528.4153335284,7.177971121e-07,0,0,0,0,0.0,0.0,97.347
2026-09-28T00:21:19+00:00,GNR4Ao7GM31k5NiN9AQoK4tj5PAA61sXzCoh4bmYpump,3.428470864104189e-06,3428.470864,2732.2816,0,0,0,0,0.0,0.0,0.0
2026-09-28T00:21:19+00:00,2MTou9QEaLd8Xqyy1jVk7cZzC8dD3UE4VQnZ7pg9pump,4.184054397682375e-06,4184.054398,3282.7876,0,0,0,0,0.0,0.0,-0.057
2026-09-28T00:21:19+00:00,DJMx3M1scy4BTzSTQJLrmtAehTcCuNrd885JjAWijups,0.004530709958817835,4530709.959,6.445456608e-07,0,0,0,0,0.0,0.0,0.0
2026-09-28T00:21:19+00:00,94HSRTXMJPAoC2PhNzsJChCHbDv75KZnyyrxNtvRnViP,0.00195725225740749,1750787.702,0.0122,0,0,0,0,0.0,0.0,0.0
2026-09-28T00:21:19+00:00,EKSdvDxtA84oySTgaDcDGXyFC5nLvCMDafp46nWJunF4,5.885254265385697e-05,58851.6619211725,56143.7295,0,0,0,0,0.0,0.0,0.0
2026-09-28T00:21:19+00:00,5WKEWCpvbHS8TsAsge5v8FpFXyG2SMNFhVfqLtWYoSu1,1.3849739128679545e-05,13849.7391438497,5.11698378671421e-06,0,0,0,0,0.0,0.0,0.0
2026-09-28T00:21:19+00:00,FGktc5Es2PNDv3rhK2S6KBsbfQZonabD7oP7ZDmojnJ,4.7579964927483794e-05,47579.96493,0.0,0,0,0,0,0.0,0.0,0.0
2026-09-28T00:21:19+00:00,VjftXfgZapnhnwhA69BP8thhcoS1PAzanWPDFYZ7GsD,1.1577878915300958e-05,11573.0091750333,2.67846079155677e-06,0,0,0,0,0.0,0.0,0.0
2026-09-28T00:21:19+00:00,G3EZu7t5T4zy9bgbdKe7YbtNfBzL3nePcMr6JeaYsw1t,0.0001532356073783394,153235.6074,9.47136280099449e-07,0,0,0,0,0.0,0.0,0.0
2026-09-28T00:21:19+00:00,H4vfewfwrjgzTzMGfoskTJoxrBW9vMutoVP5m8rb6Uun,3.501683355527555e-06,3501.6833559998,2796.2812,0,0,0,0,0.0,0.0,-3.244
2026-09-28T00:21:19+00:00,95NKmBaCH2yfEefQHJf7hcbty24NP84XRhx7Ta8zpump,3.623100252902058e-06,3587.123572361,2895.592,0,0,0,0,0.0,0.0,-0.308
2026-09-28T00:21:19+00:00,H8Z4ALPwuLJVaZp64m2HyvwNRe65b4xBcjgKcAgjnnmp,2.098546807205558e-05,1158740.334,0.000975767627351997,0,0,0,0,0.0,0.0,0.0
2026-09-28T00:21:19+00:00,5uAJPcmuk22CWDVTrkZjRfcCYnrxfDkwMyyJZg4QLv2q,2.2049432563096407e-05,21703.3962117034,9.659607056e-05,0,0,0,0,0.0,0.0,0.0
2026-09-28T00:21:19+00:00,FQj2arb1LcYGU7mF9BP9BYGGTLHHXTVs3pvdexSWebjA,5.518256813559662e-05,55182.56814,6.259308577e-07,0,0,0,0,0.0,0.0,0.0
2026-09-28T00:21:19+00:00,ArHWUADgaXyPoHvQWvnFhchJzrBND4doCM1cTf4JadRE,1.206935813965158e-05,11968.1060873609,1.94487043185239e-06,0,0,0,0,0.0,0.0,0.0
2026-09-28T00:21:19+00:00,GBLiyXhWJ3tKaG2R1v4Xbg1RA81XK8MbF7kwDypV94BB,2.109162194921095e-05,21098.3891310984,0.0001717227048,0,0,0,0,0.0,0.0,0.0
2026-09-28T00:21:19+00:00,9L4xAusWTDaHxbA54ZRQGeqM5UZrHyysjx5qnTVvyApT,0.0001191462314103863,125679.73342568,0.00012008301025678,0,0,0,0,0.0,0.0,0.0
2026-09-28T00:21:19+00:00,3nzrxfMG1JHjKdmepdySmwKnQJhcGRDjwzTvvcEDfFBv,4.715206005163388e-06,4715.2060049999,3631.1126,2,2,2,2,52.5848499448,-1.623,-16.787
2026-09-28T00:21:19+00:00,ScnhBmMYsjLZX7z5EjLtSSZjNpYh7D9S4cX944Mpump,2.887739287125702e-06,2754.1764050328,2842.7454,0,1,0,1,0.009913830364,0.0,0.382
2026-09-28T00:21:19+00:00,BvnqdYwuFrvi9ds63EtwQLYME89ikJkULnJPAd83pump,0.00033624648268432486,314585.601335309,53110.2787,33,17,23,17,7886.2440224444,-3.052,6.644
2026-09-28T00:21:19+00:00,iuMh3MwbidNHmWcbxeHuLXZQT5cQprPFLbjgDSUtUQ3,0.0002675632954392384,545.8073695,0.00263076488406282,0,0,0,0,0.0,0.0,0.0
2026-09-28T00:21:19+00:00,4ZUpim5ZRfsPpHxn1Jj5euES83s5ZgvBA3VSxENQn77h,1.5926085057620144e-05,16393.9383763939,2.477336403e-05,0,0,0,0,0.0,0.0,0.0
2026-09-28T00:21:19+00:00,3bm27vzA7SETPf7ZrEvQYmr6isUktkQuZmXon3Xypump,6.21665525658818e-05,62198.5564,6.422445807e-07,0,0,0,0,0.0,0.0,0.0
2026-09-28T00:21:19+00:00,EHukM8oGcpeiu89NYA5kyiCCh963i7eEKBoyiotT4Bq7,5.67231001299965e-05,56723.10013,6.284028308e-07,0,0,0,0,0.0,0.0,0.0
2026-09-28T00:21:19+00:00,BL6gr3xTabuts1W4Ua7A9mCJaGv55GHVqUNXmrXTi1jA,1.3455536362123484e-05,13485.9547194086,1.366041467e-05,0,0,0,0,0.0,0.0,0.0
2026-09-28T00:21:19+00:00,J7ogZNqLut27JRt69ycc7xasx5FK6y9QJnr29dB5fLys,3.442706147453265e-06,3442.706147,2749.1585,0,0,0,0,0.0,0.0,0.0
2026-09-28T00:21:19+00:00,2BDL3GMBqJxcAoww9BtdJMirtkguRyRMbN8TZav3k5Ze,1.765043044618178e-05,17631.23028,9.60771010725125e-05,0,0,0,0,0.0,0.0,0.0
2026-09-28T00:21:19+00:00,31Gk2Ej4qqbw2y9azRoNKLRcTA2HRnwDYu4oKbfGYNHm,2.4328168054437575e-05,24271.7771316273,0.0001678817424,0,0,0,0,0.0,0.0,0.0
2026-09-28T00:21:19+00:00,CHqG6sH62EwuzUsVacqFN43hrTZP9WFEvxj2nBMAhU8p,0.00018270225988464405,182702.2599,0.0122,0,0,0,0,0.0,0.0,0.0
2026-09-28T00:21:19+00:00,2Kz5jhqyXFBJx5W9xRFGf4BU2TvmRTdqqU7rSND3Bjc6,6.686858574564483e-05,66868.58575,22760.802,0,0,0,0,0.0,0.0,0.0
2026-09-28T00:21:19+00:00,DNEVjt1PbJfEKBi1WN1XxscmsirwSQKsBDjha2gXpump,4.967260252106896e-05,49748.5808299502,0.0,0,0,0,0,0.0,0.0,0.0
2026-09-28T00:21:19+00:00,95uRmfMtycVw25zrL8yorWY1fFr4X1KcPCZgSzZHjh2u,2.7170195486411234e-05,26923.9322669239,0.0001340632186,0,0,0,0,0.0,0.0,0.0
2026-09-28T00:21:19+00:00,6b6gmhAgZe3nTjyjxhVNCGpFVwK1j3mK6GnVs23Mpump,7.898969333542998e-06,7111.8275701234,5826.2449,17,10,9,8,948.3955564464,31.322,-69.358
2026-09-28T00:21:19+00:00,EPs12AZTtYsm6fwX93FafcZJCSwzVa7zZDsdPdGpump,0.0004087373315584741,406373.468591587,57363.3404,1894,1575,305,296,4213.5518860683,13.935,-4.42
2026-09-28T00:21:19+00:00,4QCdBmnQ2H92cvCsGM6ZNq71MjqPkmdYjqksBkTYpump,3.4076887008641783e-06,3407.688701,2715.7184,0,0,0,0,0.0,0.0,0.0
2026-09-28T00:21:19+00:00,9qBf89DWNAKL65arwK3EnpUxtSfe9R7W9RBhmP7cHNV,5.781662095438782e-05,58109.30866,6.319438347e-07,0,0,0,0,0.0,0.0,0.0
2026-09-28T00:21:19+00:00,8jWzx3vojz35ru6HeMcy7Ez84wr9GTRZ9YisTjDKpump,6.335516289184249e-05,63243.29377,6.408963255e-07,0,0,0,0,0.0,0.0,0.0
2026-09-28T00:21:19+00:00,DeXHhsH329mt1zwP2VqdUPLHWc38ZTVfmbbXCkm8pump,6.507750658367148e-05,64885.33345,6.44013563254055e-07,0,0,0,0,0.0,0.0,0.0
2026-09-28T00:21:19+00:00,Av2WLf2SgkqVd2jYkAW2pv3gjvNrn6R8Cj6FEjY7m4Dn,1.4514289068640425e-05,14514.28907,3.751345753e-07,0,0,0,0,0.0,0.0,0.0
2026-09-28T00:21:19+00:00,Cxsg5L8SpnesZQZjtjKieyCHLBEXpLPNzFX9aoj9pump,8.576808679608702e-05,84737.0992997331,27345.679,1283,288,1115,269,47385.748817171,23.15,-53.429
2026-09-28T00:21:19+00:00,BVZVLTUSV6ftqHPqDEggag8crXJgJ6Cz5BCWmVvqpump,2.8593467565544268e-05,28593.46757,14593.0441,28,42,20,33,2744.4832756618,4.122,-59.399
2026-09-28T00:21:19+00:00,FjA4FYRgqDxD4bKimnsYzB16j9z264u6EoPxDGkApump,3.3953554134968895e-06,3395.355413,2706.5515,0,0,0,0,0.0,0.0,0.0
2026-09-28T00:21:19+00:00,7wscZEQnDGSbutfRKi7Aimd1J7LybvxVmZED99isKhdX,1.6808227378478654e-05,16618.9379966189,2.09617388e-05,0,0,0,0,0.0,0.0,0.0
2026-09-28T00:21:19+00:00,AUA4kFXXfmRQ3MN1oXKXhrWRT6Zukj7rmdc5GgNwpump,6.396265334310257e-05,63810.9728371642,23617.1567,0,0,0,0,0.0,0.0,0.0
2026-09-28T00:21:19+00:00,J399HfSSs5qgyeKZzAqYxAkchotQt2Anb1vujxLy8wqJ,5.615405546928436e-05,56118.54517,6.245245386e-07,0,0,0,0,0.0,0.0,0.0
2026-09-28T00:21:19+00:00,EUgrTjoSpfk2UwX6dSDizz8RRzFScqKYW8icpSGwfN6S,1.933120552576902e-05,31529.1001463616,0.1349,0,0,0,0,0.0,0.0,-87.914
2026-09-28T00:21:19+00:00,9Yr7Vs2rmQScfTykp9Zmb7pXVttut9ZXZaDH6uE2CeKX,2.4160150613529612e-05,24431.8754244319,0.0002416551942,0,0,0,0,0.0,0.0,0.0
2026-09-28T00:21:19+00:00,HRzTMpyHCdKCq2gzbZP59J5WKX13nwrctHM98BmBNwf5,1.681460947975863e-05,15790.7315057907,25728.2436,0,0,0,0,0.0,0.0,0.0
2026-09-28T00:21:19+00:00,D8YpRj2Gza1SCkhVdFiMBWfnaqUbN173CbXdfSRmRFjq,0.00011301532890423471,117016.7085,9.14687130296273e-07,0,0,0,0,0.0,0.0,19.32
2026-09-28T00:21:19+00:00,EhxGFdrH9NygyvGi5G79y9fqRoexbh5DLcu2TKAdAsZy,0.0013368270459949323,1336827.046,3.120057866e-06,0,0,0,0,0.0,0.0,4.538
2026-09-28T00:21:19+00:00,97AVKQngHK9W2FHaiL9zebqnuPGADuqhtkgp6qQG1MYW,3.876217362017092e-05,38975.09963,4.542980114e-07,0,0,0,0,0.0,0.0,0.0
2026-09-28T00:21:19+00:00,HgifwBfbMi9eBwgSVwBJc3R66Uj9267GXfwbgiQf77Ud,5.658344926661734e-05,56186.95415,6.24222793814749e-07,0,0,0,0,0.0,0.0,0.0
2026-09-28T00:21:19+00:00,5vPUcAb7HVr7dKB5FXYuKYufgLL1DtzgAcdYzME3pump,4.9883662773393754e-05,49883.66277,10334.2273,0,0,0,0,0.0,0.0,0.0
2026-09-28T00:21:19+00:00,6cWHvR5LKbxhge1XmUefvFcraWzmUQW3QkyKjqCqXNmP,5.7206100841511113e-05,57174.13091,6.248333447e-07,0,0,0,0,0.0,0.0,0.0
2026-09-28T00:21:19+00:00,C91Pyh2jp8w5Yk1DssJQ3zNb1vHayzvxveL5ipscmu4e,5.4350381889365765e-05,54350.38189,51993.1659,0,0,0,0,0.0,0.0,0.0
2026-09-28T00:21:19+00:00,ByqdCepXayazM7xg7yum6PtYsbzFM8Qe12qcfBAYpump,4.9747975946168935e-05,49861.23403,0.0,0,0,0,0,0.0,0.0,0.0
2026-09-28T00:21:19+00:00,FVs8np9UjacAbFv12pzsU6BstSqxeSabpWzD2tqpump,2.8874232764792727e-06,2679.5155771612,2863.3909,0,0,0,0,0.0,0.0,-6.998
2026-09-28T00:21:19+00:00,7LnnHauov6QusDwKRwTZbVAtrg6xU3drmDWnDmEuyqnF,1.653361334910913e-05,16533.61335,26302.1575,0,0,0,0,0.0,0.0,0.0
2026-09-28T00:21:19+00:00,AjxqTiS6TnK75xG6pWAMJgNQuhkip3LzN36uy2wBbwmH,0.0003981765361698723,398176.5362,59821.067,81,79,54,29,15099.7397285724,-0.131,6.682
2026-09-28T00:21:19+00:00,3EBURqAzyyVtjidB4J8nYVVWQmuWmofGWrYeMqiGmeZx,3.648322703209605e-06,3648.322703,2890.7986,0,1,0,1,5.0560902672,0.0,2.293
2026-09-28T00:21:19+00:00,BBuVYbzh1W7tmqdB4U91NoL9B5rN6jt3K3C8cedkpump,6.457129215782287e-05,64444.51245,23309.6856,0,0,0,0,0.0,0.0,0.0
2026-09-28T00:21:19+00:00,7WXdqhbxJi3zcJaEw2cV3BdVhTdw9Devmxa69sqH9b95,1.9842696705708164e-05,19842.6967298427,0.000270050868859476,0,0,0,0,0.0,0.0,0.0
2026-09-28T00:21:19+00:00,UTM3Ub28s6JKWVjcCr2Z4n5cWtdCXnGZq9H3EZ1pump,0.0021616536526158276,2150420.56874824,148176.3554,334,109,197,76,26180.8906109377,24.066,202.861
2026-09-28T00:21:19+00:00,DKfkSPCGnbP1cY1muov1bmMA5C3rZZm9G93FX1ewpump,3.4084740384501422e-06,3408.474038,2708.8626,0,0,0,0,0.0,0.0,0.0
2026-09-28T00:21:19+00:00,CbmDmSjDn8VLyMGhgCmDWjmBi72kEJcNTPxTX3v4pump,0.10226576915983075,81812.61536,0.0122,0,0,0,0,0.0,0.0,0.0
2026-09-28T00:21:19+00:00,4rGaAQRecWJ2P91sBTDGSYqHw9mrZv5da6p5SvtCQkLg,5.654054425991967e-05,56700.51496,6.276967942e-07,0,0,0,0,0.0,0.0,0.0
2026-09-28T00:21:19+00:00,DHoy94stzuAsjSKRYSQFL22NgVCQSYfqtJBkr2DCxDUK,6.037663158240124e-05,60376.63158,6.46498048168205e-07,0,0,0,0,0.0,0.0,0.0
2026-09-28T00:21:19+00:00,8Bc2cfMes4PTwYGivgcxuZX82vtfNSFnvfZ1SMvypump,5.226500634936158e-06,5226.500635,4151.0928,0,0,0,0,0.0,0.0,-51.718
2026-09-28T00:21:19+00:00,GhRJXatdMGdDcGmfxZPKWyUW4FNvMM4fSHRquyvgpump,4.982330516000771e-05,49775.0094935614,0.0,0,0,0,0,0.0,0.0,0.0
2026-09-28T00:21:19+00:00,81okcujCn1KnmjVCMSNSHQDMgxesxWE8cFx2kXrN3CiW,1.467324848735403e-05,14673.24849,7222.5226,25,34,17,25,3966.531191717,-27.074,-9.292
2026-09-28T00:21:19+00:00,BQfybBieX8DAoELyzVNCkaic71umi5FDYq8SrQk8YnnH,3.601916582270335e-05,36004.44627,17861.8137,31,15,15,11,2910.6655537635,27.597,35.868
2026-09-28T00:21:19+00:00,5H7CxPsc7Pcjz6bjf9RJqG2ECYNyyPa2STwBZZSTpump,2.3797136125233596e-05,23797.13613,12460.4605,19,6,13,6,962.6344927669,13.156,-16.452
2026-09-28T00:21:19+00:00,6XqPLoyNCY5nuv7HZMNX1ANFdhPRDt3dkRLCeBomWbdW,2.4488612476998904e-05,25216.5574552166,0.000226674981395534,0,0,0,0,0.0,0.0,0.0
2026-09-28T00:21:19+00:00,EsnPV5QDmazP84nbMuJchr6VWhcDgKkGaPHmCzpDRyGA,0.00012945951297263367,129459.51312946,217623.4865,158,87,99,28,211815.04040577,1.198,29.279
2026-09-28T00:21:19+00:00,5pBaTJs3egcUpDx7YThsVbTXoCpvkvNfE5A12nijDdvb,5.737543805864988e-05,57375.43806,23145.6757,0,0,0,0,0.0,0.0,0.0
2026-09-28T00:21:19+00:00,F3naE9XJs54VgtBoeR2XQ9KAFpDRTbgZoDSjP4bzMcWJ,2.175027078131976e-05,20545.5855016368,0.000372763177286081,0,0,0,0,0.0,0.0,0.0
2026-09-28T00:21:19+00:00,6UhUkSBc9RBB9gVJcjCWtcQv4t771rQF7bdn2qK7pump,0.0008646594932251194,858088.289924782,89597.6152,327,184,236,129,41493.8887386575,22.676,137.911
2026-09-28T00:21:19+00:00,36ef5aQyrEFRDMyRk3fBdcvDPHNjARi5bDG9ryPoWRWX,4.957239269199113e-05,49572.39269,0.0,0,0,0,0,0.0,0.0,0.0
2026-09-28T00:21:19+00:00,H9TEHQNvkqiM8kiUqeSoqN54sXRtAR9LG6cN8eUavGdU,1.5760137345285357e-05,15466.3992059227,25057.7073,0,0,0,0,0.0,0.0,0.0
2026-09-28T00:21:19+00:00,EPFPcvcJo5KHb37JGj3ANC3DuMqkmQ6Pb5MaJAQRSkay,1.3303130841893367e-05,13303.1308533031,22989.3276,0,0,0,0,0.0,0.0,0.0
2026-09-28T00:21:19+00:00,5TwNmEZyCVioXCeAGj4FkHANQj7L8czAEQoNuasR3DSz,1.6151214492621267e-05,16148.9438553,2.696032555e-05,0,0,0,0,0.0,0.0,0.0
2026-09-28T00:21:19+00:00,akLNbP66rtnuuJgLV8q4g9iQwSE7HunRSdkSDPBpump,0.001323744139958081,1316708.95562505,115222.4532,289,120,183,89,19060.6864720923,8.318,100.244
2026-09-28T00:21:19+00:00,FoN54SNjcNakYuEqXKQe1jbnaECyP78GA7WKniWx6H7h,5.7455008423040875e-05,57252.71691,6.29037589639277e-07,0,0,0,0,0.0,0.0,0.0
2026-09-28T00:21:19+00:00,ALbTv3uvShNrsfxaiqcLLB3Bt9CbKTbLeCVcvYSWaTV1,1.4183213723272337e-05,14183.21372,3.756590015e-07,0,0,0,0,0.0,0.0,8.991
2026-09-28T00:21:19+00:00,Gn3jxzPJW7LUAjjbPgeFokkY8kmmUhA8RXoRabPtRoA9,1.7130960634891285e-05,17130.960647131,3.86755879138726e-07,0,0,0,0,0.0,0.0,0.0
2026-09-28T00:21:19+00:00,7qZeReRd7X7dV2wgt1HidBQkqfyUbtXRg1wCxVBJXZiF,1.753252593312113e-05,16688.7625866888,0.000222789428460605,0,0,0,0,0.0,0.0,0.0
2026-09-28T00:21:19+00:00,8Hk7KK1gtebqe6RAs4AJRRST3ThaFhqsfGMv6pUxjCCV,0.0015102452357338256,1510245.236,2.91626096066524e-06,0,0,0,0,0.0,0.0,652.744
2026-09-28T00:21:19+00:00,5cDPo1jjEEtxWf2y1HTx4WyMydVmErN3YnbYtxLVcmg9,8.448252607082309e-05,84482.52607,25310.3848,173,133,116,102,14236.5399709284,-27.766,74.445
2026-09-28T00:21:19+00:00,L3AkrXzxvigXwefBR5ov87BMsKVJTss76kDk8tLHihr,0.0001617314169829134,162850.7682,9.565790408e-07,0,0,0,0,0.0,0.0,72.216
2026-09-28T00:21:19+00:00,6Hvaxtqrq5Rbn2ictiHx6yUZVVjdHHiUnWG7SkNZpump,2.6127688718578246e-06,2457.2643114381,2676.2693,0,0,0,0,0.0,0.0,-80.221
2026-09-28T00:21:19+00:00,4qk5j1gtRywW1zjSm45KZ3fpE5sWYbbLWGV3oaYioFbb,5.8168714844321475e-05,58168.71484,6.217410869e-07,0,0,0,0,0.0,0.0,11.592
2026-09-28T00:21:19+00:00,Dfr8gNs4ZXCFaum72BmJQwCSChKoi6cGrqxVqv5vpMhi,3.249694218786668e-05,32496.94219,0.0,0,0,0,0,0.0,0.0,0.0
2026-09-28T00:21:19+00:00,35BwfuKRBcqczHoT512FpC4PK122gT8Za7ndccBqWJRS,4.8135453698686556e-05,46264.16752,0.0,0,0,0,0,0.0,0.0,142.778
2026-09-28T00:21:19+00:00,5PPjgFgh7nd7LE9KdKMopTW5XG7F9MrhzERfXbiWnWrM,5.394651894975053e-05,43162.7987016927,21203.3357,0,0,0,0,0.0,0.0,0.0
2026-09-28T00:21:19+00:00,4vNCGJahpokk4TZTnE6PqGANyxnvNJ3dBojoo67Fz3s5,1.9086981144308434e-05,19609.3670643184,7.88177127045854e-05,0,0,0,0,0.0,0.0,89.268
2026-09-28T00:21:19+00:00,8Qw32vmvAoAdR3pkeTrWDq2Hb5CXUYoiFC1a2nXLvTgL,4.976228084566968e-05,46182.38665,0.0,0,0,0,0,0.0,0.0,218.775
2026-09-28T00:21:19+00:00,BcMBsefYMRP9pugzhRc82W4UedLCzJmiecjEWQgmvvcU,5.6416183885162234e-05,56760.07704,6.287547253e-07,0,0,0,0,0.0,0.0,24.358
2026-09-28T00:21:19+00:00,DPTEbCjRkXi9BoX3BgCkqm2Yvcokoa7JnQsgz2LEpump,3.742260890118962e-06,3753.103557,2967.2721,0,3,0,3,3.0462223579,-0.015,2.188
2026-09-28T00:21:19+00:00,9Z51rChYzWTXUZ8U5MX2bRYhTftxYEVs9VUW4dtMBuW1,5.7024615380685545e-05,45264.6619636881,6.265064095e-07,0,0,0,0,0.0,0.0,8.157
2026-09-28T00:21:19+00:00,3jjcXZuX5P4sHos1rVSWqZdWDqbwbLgo337wjaawmoon,5.636009850796888e-05,56360.09851,6.273479728e-07,0,0,0,0,0.0,0.0,18.87
2026-09-28T00:21:19+00:00,8GoaTvZSVLRgdtVXymBFJC5poRideJ6y52a23GyxFN51,0.0011689389304014965,1168938.93,2.593970166e-06,0,0,0,0,0.0,0.0,330.525
2026-09-28T00:21:19+00:00,3CbU9nHixPuXzpAE26KmEw7YsVX3aHeUV5pUNU6hZaAB,3.150071615251161e-05,31475.5955614756,0.000274045747734261,0,0,0,0,0.0,0.0,190.438
2026-09-28T00:21:19+00:00,GXUuKPV1EkbUBAsVAo65TgPiYjdfqdFFfHf6g43evtNz,8.049722178735684e-05,80497.22179,6.850630139e-07,0,0,0,0,0.0,0.0,126.822
2026-09-28T00:21:19+00:00,ExKyiA5JsDayXJoaZGf2UoNT1oEciGvzN6MDgoV6yobd,1.6907126306202645e-05,16819.2652668193,0.0002341626249,0,0,0,0,0.0,0.0,62.461
2026-09-28T00:21:19+00:00,92BVgXufGjaMUyANA97dvg8LqNb5VMg2wgRfve9tPdCG,0.00028700172254479716,283195.9313,52196.4665,59,24,53,23,14597.0614561579,0.479,2518.691
2026-09-28T00:21:19+00:00,GhvNFSuQaF9upetYwpsZQXyCtaMxKw7mHwgFHD3qpump,3.6849178564571865e-06,3684.9178559963,2917.7998,0,2,0,2,11.9543623302,-0.259,-53.738
2026-09-28T00:21:19+00:00,ioQubVJtPKKJ4TRJa5EdfuJnbbs9DgmZ8AJgiyFK1ur,6.0335873588492206e-05,60535.25954,0.0,0,0,0,0,0.0,0.0,489.054
2026-09-28T00:21:19+00:00,9dWu7cE3wTjuWKn3yuiikXjScvCfN768jsfGbHqGAU7J,5.763205351107549e-05,57416.3601798558,23284.4243,0,0,0,0,0.0,0.0,25.861
2026-09-28T00:21:19+00:00,AiaX1ApKHVJvQ7uHrZfu9GvAnWX2xSPn3pYdxjyMpump,0.007063374993896575,5513047.57583478,6.118455488e-07,0,0,0,0,0.0,0.0,14797.725
2026-09-28T00:21:19+00:00,TJY3o6nyEJqbhF2u1bPaDND5tCuQzYnUyDt45m5dCN7,0.000115916976839431,116533.962016534,196833.6407,38,33,24,19,72562.0288793908,2.079,65.45
2026-09-28T00:21:19+00:00,F1CZsBwru1KGc4wZHem9oAjna2xkBJ3DbS4db9QvBAGS,0.13964445480244214,139353.9271,0.049,0,0,0,0,0.0,0.0,43.407
2026-09-28T00:21:19+00:00,4BqLNJH1Eq12bN3RVGW4P9TySCwTE9SYP19w8n3KfTeE,3.788949331741886e-05,37039.4922911185,0.0003552120211,0,0,0,0,0.0,0.0,257.235
2026-09-28T00:21:19+00:00,Htu1b1AveATcMz4dUpPFazaoYDmdYkHF8AJQhQQkjups,6.38352577063509e-05,63835.25771,6.464971254e-07,0,0,0,0,0.0,0.0,33.847
2026-09-28T00:21:19+00:00,DiVUwGdHmRCdvMHFEeYDtBkMesCFUwF7f12Q1KdzJspQ,5.691978802790423e-05,45803.0672062863,6.231720677e-07,0,0,0,0,0.0,0.0,9.335
2026-09-28T00:21:19+00:00,2ktCbpQcyGLfCf6rvzFRW3yC9yB6EiJHqSCa4GxYWJA5,0.00028684057383550685,286840.5738,50223.9088,0,0,0,0,0.0,0.0,321.588
2026-09-28T00:21:19+00:00,He21ULnEnZUGw9AdCnMh9r63YnrrVGchRoScvCpYzyYm,1.9589117086954944e-05,19568.0510695681,9.55311336897325e-05,0,0,0,0,0.0,0.0,88.621
2026-09-28T00:21:19+00:00,NiE5b5BGgVG6VmbhbrF43rs6w2E5p8UjXaW7o8Hpump,3.439765551092923e-06,3439.765551,2737.3162,0,0,0,0,0.0,0.0,-2.459
2026-09-28T00:21:19+00:00,A5qxyf48mByCcALziXnkhbunU3xX4UobbLnc3aVG8ZYH,6.09918692176409e-05,60991.86922,0.0,814,722,201,193,13233.2946472987,39.925,494.322
2026-09-28T00:21:19+00:00,8qsb41LaqVYrc4j4RMoZkhvH8b6fApHvJGTC86RqoRaQ,3.249519417494755e-05,33006.1158430061,27520.5958,522,221,344,71,97621.2455025337,-2.652,432.481
2026-09-28T00:21:19+00:00,7vx98maEsECnuxfqWvAifx48H9iJZJJedMVCZ3hmpump,4.551340900427595e-06,4949.999583,3928.0652,1,36,1,34,864.5603950828,-29.412,42.783
2026-09-28T00:21:19+00:00,CSiCyBvFKELvXguAGva37xZjemiV53pUrD28HA3d42pG,2.142770418189267e-05,21427.7042014277,6.768545862e-05,149,89,122,58,28390.5089015173,-3.069,106.927
2026-09-28T00:21:19+00:00,CkoG5d6EKpz7XahU1nUU66fkvc2jvVhWy3T3bJvSpump,6.307422609328823e-05,63103.00696,6.38914389978792e-07,124,13,101,13,453.9192196672,4.306,32.423
2026-09-28T00:21:19+00:00,5Lz1som5aA9iGkSCvoom5TvE5gLu4iBn5Le8n3Yupump,0.09858440430690085,88725.963879,0.0734,0,0,0,0,0.0,0.0,50.717
2026-09-28T00:21:19+00:00,3cgNRQRToBpqtGhvRztndJBDXSiZP3Y2FFt2uQxCpump,3.4078876139017863e-06,3407.887614,2713.3469,0,0,0,0,0.0,0.0,-10.528
2026-09-28T00:21:19+00:00,3x1A8ty18mycnq5eiYMVn49NG4tzC9W8KvSZUbHUpump,3.832282205621303e-06,3814.230957,2865.4083,0,2,0,2,18.3428673812,0.0,4.874
2026-09-28T00:30:31+00:00,HCy7vxTApN2Lcv6Rw1MZazXsEofXFLxWCVbJBhF8pump,2.8804552491322556e-05,29031.8650657043,15461.1762,1,1,1,1,8.1479061722,-1.225,-7.044
2026-09-28T00:30:31+00:00,B2kipu1WYBPBDQrCX5yv9p7dhjhG1FwwnxBjUDhSkbdG,8.275606469400641e-05,83866.2757481459,27575.7673,46,22,37,16,4645.0026389543,1.224,-44.112
2026-09-28T00:30:31+00:00,GBNCTFPnVCh852xrnjJLi2eVpPb3LW59ZGiSkvjDEqN,0.00036166073042734933,361660.7304,0.0122,0,0,0,0,0.0,0.0,0.0
2026-09-28T00:30:31+00:00,5zfBmzXxtwq3e2hw6TGebcwycvVHNpaC1te7u56jCE1G,9.389784666814108e-06,9331.1119566877,7411.148,0,0,0,0,0.0,0.0,-8.08
2026-09-28T00:30:31+00:00,3iUTyNYW6xKv5kZUjtbrEDTsuJTrSVwvB3bQtxkLpump,0.0009242492228566438,878732.9736,103406.3304,92,22,36,19,7226.2054660701,-5.878,-24.863
2026-09-28T00:30:31+00:00,BmExgUDRid7NTnN1iLb3KnTug3Ma6adYsKyF9zfaPc39,0.0001913223756635885,189703.8982,40863.4005,0,0,0,0,0.0,0.0,0.0
2026-09-28T00:30:31+00:00,9WAUA7LQqzoiYnLzEECk6zRoT8Mse7pJp1R1RHX48mQm,7.106130640481492e-05,69272.8998273455,56878.9337,0,0,0,0,0.0,0.0,0.0
2026-09-28T00:30:31+00:00,DYY3bjoJ9jgE6qigS6hdEsc8NBmMFL1SHEvw8hJtasw,3.4968669258211037e-06,349544.6616,2.09123231984937e-07,0,0,0,0,0.0,0.0,0.0
2026-09-28T00:30:31+00:00,CWsyVkoRHbywhL17QtNZTMhXaRrh4AcBb5GurXqmreLS,4.1911881961006586e-05,4191188.196,7.04073409018026e-07,0,0,0,0,0.0,0.0,0.0
2026-09-28T00:30:31+00:00,2GsbPfFTaNWcpVn9Nij44wDdWyZA5EazhYHN5dffGVvY,4.495781087097652e-05,4495781.087,7.12580237865612e-07,0,0,0,0,0.0,0.0,0.0
2026-09-28T00:30:31+00:00,38CqdxjLaZH6Yv4bBEbz1dr1GgctCF23rjbU5qmUYqrq,4.307607443450418e-05,4307607.443,8.852072698e-07,0,0,0,0,0.0,0.0,0.0
2026-09-28T00:30:31+00:00,CC5D6puFmcsnGaJh7kNXeAcRpL2SZzQfoQezvx45uKjt,0.0002958490775744493,296220.7677,57072.4743,40,22,30,16,1306.2038207687,3.721,6.379
2026-09-28T00:30:31+00:00,GytZU2HrRuUPLy2xZa29oUBBJzp6ErMUStEAR5cjhNB9,0.00010295146848137648,105801.7693,8.94188636893592e-07,0,0,0,0,0.0,0.0,0.0
2026-09-28T00:30:31+00:00,4TetqPfYjTxVCK2732K2boPMJK9HuF71a32E9r4atij3,0.0314141997102321,31414199.7414142,3.970815684e-06,0,0,0,0,0.0,0.0,0.0
2026-09-28T00:30:31+00:00,DAF4QargatxR2rAqe237KJK4k63DNYaxMbRujSEgAoeA,0.00043900030174553355,439000.3017,1.666893558e-06,0,0,0,0,0.0,0.0,0.0
2026-09-28T00:30:31+00:00,F4K2SbLNgyz9gzNqT8bPeLpRkxy4oMA9twaffUDdZtB6,0.0004156780734461704,399547.5528,80199.1099,10,11,8,11,1882.4372685871,-4.222,5.763
2026-09-28T00:30:31+00:00,6XnC2YXRnvT8Nx16Kny61sz3UgGjWGRKsGomTDRe8haa,2.4466588725085723e-05,24466.5882584662,13055.9751,8,0,8,0,298.5953675719,7.978,-15.104
2026-09-28T00:30:31+00:00,2xrw9WoHD5EWPT77rgYdubFGCxySPQxtbP69XWmU8eBM,4.7116490472300125e-05,47116.49047,0.0,0,0,0,0,0.0,0.0,0.0
2026-09-28T00:30:31+00:00,DAemPFNc3RtibBDKkUA4eL2Ns11q9VRdbpptmqm8DGqN,0.0003170729715653645,319923.5302,63956.1531,64,36,38,28,6971.5655749169,-3.573,43.699
2026-09-28T00:30:31+00:00,J1yxV53EmVRmt9RUj6PPufMfdAYUbtgwXCuNYTBTsYzJ,0.00018578044788762244,185780.4479,51287.2493,8,6,7,5,611.5120017134,1.569,3.32
2026-09-28T00:30:31+00:00,38ALUy9vcgFKfGnaNwbsKewxW2YEhvJHTUeNgHU1tycS,5.6432600762443655e-05,56218.10032,22994.8628,0,0,0,0,0.0,0.0,0.0
2026-09-28T00:30:31+00:00,BNPEa7C53BvqYJxvhpSRvae3jQUSGSYrgVijnX1Ec777,0.003662982492014377,3662982.492,6.464171646e-07,0,0,0,0,0.0,0.0,0.0
2026-09-28T00:30:31+00:00,71RDTAQ6sPNMZXf3fuWEcbP8BmG1KV8jvh1yQD1Wau2y,0.003782771112008675,3782771.112,6.33500449722787e-07,0,0,0,0,0.0,0.0,0.0
2026-09-28T00:30:31+00:00,E1CNn65e5J9R5YH8ZJTPCaAd16QHJzRtFecCCAEAwS8z,0.0042571742719839855,4257174.272,6.33351832114218e-07,0,0,0,0,0.0,0.0,0.0
2026-09-28T00:30:31+00:00,CSnG7fy9W8CZ4Um4tXFwHG1eSV8RWGPraEhRbvX5kjKv,4.9865612888377085e-05,49865.61289,0.0,0,0,0,0,0.0,0.0,0.0
2026-09-28T00:30:31+00:00,CazHcRRKaE1Wa4phXayEdPE6YDACPNY4cwDeW1dBkfgn,0.0037006700439254974,3700670.044,6.3283858911548e-07,0,0,0,0,0.0,0.0,0.0
2026-09-28T00:30:31+00:00,FJ6nMZFu2EqgBcYwjfA9uwAcE8PBLYTJmHX4WBnP4qvH,1.6124013281271773e-05,15296.8985682659,11781.0987,2,1,1,1,254.2558720268,1.851,-5.368
2026-09-28T00:30:31+00:00,GP8CWb472uCzJdUwKh1rQs8Aoizte19MbqeM4NPi4Qh6,1.2350957253522123e-05,12350.95725,12221.7205,0,0,0,0,0.0,0.0,0.0
2026-09-28T00:30:31+00:00,DFjPTTAAnet9hnkjDNEbb5z1TVFoHebWBKMfxMb5wi9V,1.295639498168937e-05,12956.39498,13582.518,0,0,0,0,0.0,0.0,0.0
2026-09-28T00:30:31+00:00,Cgi54CNpHaYn4smqLH5tW8X5QxssMvi592My3tRoiHfX,9.78916913090625e-05,97891.69131,28663.0299,8,5,5,5,307.6380230725,-1.333,-14.196
2026-09-28T00:30:31+00:00,8Z4dayPJpM2noUpHfGVivVRmVXGcyx47HHstjNvVnuq9,0.00017793415493335324,177934.146359161,1.1453154344286e-06,0,0,0,0,0.0,0.0,0.0
2026-09-28T00:30:31+00:00,7tEsDuij7aj4b2jLUAS5oXcp6B3zWratYVmviS5zpump,0.0002953603693074635,299672.258721928,55962.9496,5,6,4,6,617.9444238592,0.666,-1.558
2026-09-28T00:30:31+00:00,E944rK64mgtLB9c2X8cuaMEHVdfxMtr6HURMLAZ59zWC,0.000684821563942031,684821.5639,2.09345453638836e-06,0,0,0,0,0.0,0.0,0.0
2026-09-28T00:30:31+00:00,BktmcCNmK6fxbFhA5HwtpDAtEZ3cfpr5zaoFMgWziUVG,0.0003278178195058139,331721.0369,1.72641963426241e-06,0,0,0,0,0.0,0.0,0.0
2026-09-28T00:30:31+00:00,HFC9vq83rXjinp7dg8Dx1dnwca9LoaTK1zTonnZxTKgM,0.000376517000645144,376517.0006,1.19571661321501e-05,0,0,0,0,0.0,0.0,0.0
2026-09-28T00:30:31+00:00,FUKX4RajeVJeWBigzVBh97p7UKB86oBC8P7uqp7DtmB1,0.00019875851632945193,186559.6947,1.20537962253708e-06,0,0,0,0,0.0,0.0,0.0
2026-09-28T00:30:31+00:00,ChyCbmYAtbkzJbttDVrUJNDVXD1oxy5BrY18fkMq5wH5,3.613812416532774e-05,36138.12417,4.60319304649865e-07,0,0,0,0,0.0,0.0,0.0
2026-09-28T00:30:31+00:00,DgcshFJxwpx8wdHq1FeVFpF6JkAgFincYeyTHTwPE3Q7,3.367602057704049e-05,33574.16459,55314.7883,0,0,0,0,0.0,0.0,0.0
2026-09-28T00:30:31+00:00,133ZoZ2jHzJ3gTfYAkvLdNKadpzcGQqb6d4PQZyyiodi,0.0005296363259017966,480.1985816,0.00445,0,0,0,0,0.0,0.0,0.0
2026-09-28T00:30:31+00:00,3YctFnSKjqujVdMuNp22d9ZcCgyXxgbtcGmNSzg3WZgw,0.010319288149116562,10286935.61,0.000202135865636695,0,0,0,0,0.0,0.0,11.916
2026-09-28T00:30:31+00:00,8HnLRKJ6XkeGq1tpmKPqn3yB5ruqbSR5LR5nVCNAshop,0.00024892545750647123,226674.567806535,46194.2781,143,148,107,96,38838.915084722,38.155,173.069
2026-09-28T00:30:31+00:00,6KaprXhTqtGQDRijpjPg36QJ7i9Ewt4NAmjv8twU5tSH,0.0001964765552312353,194016.7361,1.12902681034999e-06,0,0,0,0,0.0,0.0,0.0
2026-09-28T00:30:31+00:00,FiLrNu8Cee9naYei81XdsKBJDZNb5kJJsGWoK53WYVuF,0.000189747729764466,191308.0668,1.16962256e-06,0,0,0,0,0.0,0.0,0.0
2026-09-28T00:30:31+00:00,8XDD33SKSzM7GE7oFecv8UdhfDuV9AUSqcCDC5LQpump,6.491346805804408e-05,64913.46806,6.43436231171361e-07,0,0,0,0,0.0,0.0,0.0
2026-09-28T00:30:31+00:00,9ajUQYkyUb54B5AWhx3yfdRiMUG4ynR5omc3aNXTSXpG,5.716772380244721e-05,57517.19987,6.306554348e-07,0,0,0,0,0.0,0.0,0.0
2026-09-28T00:30:31+00:00,C5YjyjnbJhPmW41mXZWiFJF3FSHtUu5Z8sefqhmGpump,8.989185441356425e-06,8989.185441,6753.0195,0,0,0,0,0.0,0.0,-7.421
2026-09-28T00:30:31+00:00,49pvK47B65PA5dWNeqMLzLn7FmNrsdm4fuKvFPQiBAGS,0.08291562391437395,82915.62391,0.1952,0,0,0,0,0.0,0.0,0.0
2026-09-28T00:30:31+00:00,4PutGVeQxkcVSKUxLvJYTL3W9rbVV1KYq8ptGFh5jups,6.0892411372544724e-05,60832.04225,6.45609009417937e-07,0,0,0,0,0.0,0.0,0.0
2026-09-28T00:30:31+00:00,51yz5RRoz8Tuk1467J3eCFcRGReprwxXFGrJBTaWmDsd,5.409628357315775e-05,54096.0697042314,51009.0029,0,0,0,0,0.0,0.0,0.0
2026-09-28T00:30:31+00:00,YHt1GkDfJVF5gpYH3je4st8dUVHeTL4TAmK3DMNjups,6.504726209002959e-05,65047.26209,6.529404769e-07,0,0,0,0,0.0,0.0,0.0
2026-09-28T00:30:31+00:00,GpG9iHeWBEFh22JbCeRHzhtVncEv61aUB9EcjNnLqqHn,7.5118758146171e-05,344253.5567,0.00496527642778011,0,0,0,0,0.0,0.0,0.0
2026-09-28T00:30:31+00:00,7znSmc2WiGVLoexJsNhHKtV6oeeDipWrxW9vN8PRaunb,0.0002490655929890488,237372.6791,1.14914262571134e-06,0,0,0,0,0.0,0.0,0.0
2026-09-28T00:30:31+00:00,AsAcfXMfJZspdKDLr2DG2Bkw2YnhHUysSNLrERBtpump,4.186887085688987e-06,4186.887086,3279.4561,1,1,1,1,5.1039591997,-0.029,0.485
2026-09-28T00:30:31+00:00,BxpWDdkV7wbfU5ipCPURJgmYR5Nn4N2vGK9A8Qdrpump,4.685882334564677e-05,47502.4937905525,0.0,0,0,0,0,0.0,0.0,0.0
2026-09-28T00:30:31+00:00,Hrb643TUtZMUKJLM3AsWt2T9Df8JrsvcaXBKd5vUQ79v,3.2423343179683535e-05,32219.04464,38253.1166,0,0,0,0,0.0,0.0,0.0
2026-09-28T00:30:31+00:00,BPVHYcNjKGXqPbhpYXyAaHhWRtD3b2dToyn3ZNKM7fn4,5.614441468381778e-05,56144.41468,6.29795509203476e-07,0,0,0,0,0.0,0.0,0.0
2026-09-28T00:30:31+00:00,5vdE4164sYVjKMbvURnLYHZm6WDn1sMyMJj7ynjdpump,6.26825649213245e-05,62659.99349,0.0,0,0,0,0,0.0,0.0,0.0
2026-09-28T00:30:31+00:00,FoE6vWnSb7HGMiYJL9b2gp6Hn3SxwCKNBkbftnKKq9Pu,6.740950556955364e-10,0.6740950557,1.3905,0,0,0,0,0.0,0.0,0.0
2026-09-28T00:30:31+00:00,5vCAPYAs415Y2Cni8kcGtXrc2U22ks14F2nv8cVxnhXq,5.817566403691987e-05,58139.3809,6.35955394e-07,0,0,0,0,0.0,0.0,0.0
2026-09-28T00:30:31+00:00,6Apwsn3iB12bWaN9XeipPGVPRFeSLpnTTQZ7EgW6pump,4.797714004196007e-05,47977.14004,0.0,0,0,0,0,0.0,0.0,0.0
2026-09-28T00:30:31+00:00,3xeQmQ8TqpLNGntNaXmuYi1nt1Ur9fAwuHH3MAuqNydi,5.7333330653366336e-05,57000.58146,6.340355904e-07,0,0,0,0,0.0,0.0,0.0
2026-09-28T00:30:31+00:00,8wRWyHGDnAQvwH6s95zFPb1PFL4VPjgJV5mNUVqMpump,8.651153716498698e-05,86511.53716,0.183,0,0,0,0,0.0,0.0,0.0
2026-09-28T00:30:31+00:00,EAqafjVn3e6SYiTFtUWCWdkqs1TNejhqvviTVoZWPpcp,6.151672235985901e-05,61516.72236,0.0,0,0,0,0,0.0,0.0,0.0
2026-09-28T00:30:31+00:00,9jo2ScZVkW4C9CzJP1p94h4gwVdgVe81XjYEbX9apump,6.642025420362147e-05,66398.07641,24371.2204,0,0,0,0,0.0,0.0,0.0
2026-09-28T00:30:31+00:00,CpPtDjmh9rU2MQGvf9rcsdfkZMYyYbc6VHH5ape8cXJn,5.5296188780511745e-05,55097.99745,0.0,0,0,0,0,0.0,0.0,0.0
2026-09-28T00:30:31+00:00,A8gpnSqS3JAGvcdDNZNa7HCYSAFJTm9gKMHSEzDAvc1S,3.1419308808286605e-05,31419.3088728386,4.587641413e-07,0,0,0,0,0.0,0.0,0.0
2026-09-28T00:30:31+00:00,HH5btUAy7FCFCJYfDB9FV5x1Zk5SLJtymoPW32U9bJ9m,2.6100351449259923e-05,25773.22932,13366.5507,15,8,15,8,1515.0931593853,4.875,10.803
2026-09-28T00:30:31+00:00,5ziXm7wxAnb4WHJytscSWCG3nVsxJiGrb3jsn4hkY3t,0.0003483203031889956,348864.759348865,0.0002057084509,0,0,0,0,0.0,0.0,0.0
2026-09-28T00:30:31+00:00,ArYuQPyvBM3RAyNGL6prgNxzX8mTwQiQMoiXUAzupump,3.529803876730772e-06,3529.803877,2812.1002,0,0,0,0,0.0,0.0,0.0
2026-09-28T00:30:31+00:00,BjisTufDR6yZEBKHynbpZXcvhXBDh6RPeHfKj3QTpump,3.550067978518654e-06,3550.0679789999,2827.0445,0,0,0,0,0.0,0.0,-2.736
2026-09-28T00:30:31+00:00,4WBpkZtNbGxZpS7z9i7tL6WsWyRG8F5xMZssLAtmgqUf,5.8699650224319606e-05,58699.65022,23469.1952,0,0,0,0,0.0,0.0,0.0
2026-09-28T00:30:31+00:00,BHatrvaBF2p3oWh5VLfNGSAAqMWcezeCJ1D2F9bYmqmY,3.507018098263618e-05,35419.7163262592,0.000290014187682659,0,0,0,0,0.0,0.0,0.0
2026-09-28T00:30:31+00:00,Bt7PJzFGHTTBgHzG7HubEGweKv4kzYZpMNhzxAZZt9xE,5.9704350141590285e-05,59704.35014,0.0,0,0,0,0,0.0,0.0,0.0
2026-09-28T00:30:31+00:00,3YYWjrJqC4Z5SnjmYVGN4j6qPoa7prnxhy324BTntoN2,1.2511069338535274e-05,12531.428795949,22716.5276,0,0,0,0,0.0,0.0,0.0
2026-09-28T00:30:31+00:00,CC5tKEhAyBHey4GJkV9i4SqPugKmhHN7K4iEdDKnzFV8,6.567528581536473e-05,65675.28582,21685.3757,0,0,0,0,0.0,0.0,0.0
2026-09-28T00:30:31+00:00,GSfvvcfB5AdC6sLgnwuFkCYc93xTxRjVYizx2ZqD1R4h,0.0001572465302063095,157303.9065,9.405080254e-07,0,0,0,0,0.0,0.0,0.0
2026-09-28T00:30:31+00:00,DHY3zbRpo3kT33fDPjqBJaJECJw5Ri7yWVyEcZEqx6NX,0.000350321673960027,328226.0193,1.270509735e-06,0,0,0,0,0.0,0.0,0.0
2026-09-28T00:30:31+00:00,FQjTXyY8aQVbaYSpcjfp8NCk4kifEwysGL698HZatRew,2.7752813600453537e-05,28002.3134060046,4.320292785e-07,0,0,0,0,0.0,0.0,0.0
2026-09-28T00:30:31+00:00,Aa4KzJ9j9Py1E2pZ2BmazRZpCr3hfwjLZkXD7t1Rjc5t,7.391107695000357e-06,7391.1076949999,5053.0187,2,0,2,0,85.6463423838,1.593,34.062
2026-09-28T00:30:31+00:00,AqSH5KsTRTRsY4ixC2BckfdiLmytjQii9qYEjdGDpump,6.593109040820064e-05,65898.84431,6.47824778479092e-07,0,0,0,0,0.0,0.0,0.0
2026-09-28T00:30:31+00:00,Cjoj1oJEkhR5GJuKsKSJCva1Yw8fRmYeAmRs5mgapump,5.590953886652055e-05,43619.4263602005,6.30787837e-07,0,0,0,0,0.0,0.0,0.0
2026-09-28T00:30:31+00:00,CA4dhkbKtcKqsXrojQBjvgGHx1hCFPku2MSxY1dAaji1,5.806083402762107e-05,58060.83403,0.0,0,0,0,0,0.0,0.0,0.0
2026-09-28T00:30:31+00:00,GCchBoQZb3Jb3SpUCTE58zQgLHfUMBBAE635knAx9Sd9,5.6739039748480576e-05,45185.2415952339,6.320887517e-07,0,0,0,0,0.0,0.0,0.0
2026-09-28T00:30:31+00:00,BjwABWzz9ZbDtzHizErzgRZGcgJLufRGBr8yDEk3pump,0.0026945951657260008,2691998.95656065,2672549.7034,0,0,0,0,0.0,0.0,0.0
2026-09-28T00:30:31+00:00,9pqpzHh7VadhG467wqNNdxPDvzvbJbAFHMxCxHdhTzmd,5.505834731030729e-05,55058.34731,51744.3897,0,0,0,0,0.0,0.0,0.0
2026-09-28T00:30:31+00:00,3gzcjJR1RAwTLg7dno3UgjYE2TfAJPve7hpDJfNmEAMh,0.00019831442840664057,198582.8477,41305.996,12,6,11,5,672.0770353891,5.455,-9.006
2026-09-28T00:30:31+00:00,HTwigtUK8W3FWke5mD66np7Hnh5XF9i6WDC5GcdMcYkV,6.563137204578109e-06,6487.7608305838,5631.937,0,2,0,2,17.2731670397,-0.41,-10.705
2026-09-28T00:30:31+00:00,5NbTiWe2L82Vd8PwYDwoRxHyJKkwThXzuX53Hq2U7c1x,0.00014080431000983203,140804.31,9.785368467e-07,0,0,0,0,0.0,0.0,0.0
2026-09-28T00:30:31+00:00,JA6S2LkhKwTW6xnSykmPS2R2cYywxW498FsyZezAfW7d,0.00015449153591332975,153622.1508,9.250586576e-07,0,0,0,0,0.0,0.0,0.0
2026-09-28T00:30:31+00:00,7ESoDXqwqKUQBWdeqygNCFZroAtemHxyK8EPcjgPV777,8.216595266307828e-05,82008.39321,37973.3626,1,2,1,2,94.6561382981,1.374,-26.179
2026-09-28T00:30:31+00:00,D6J3ZnxByTuC5iaMqzXyyV4Huybwe3Job7zSyp8rpump,5.013361007619842e-05,48761.9014687743,0.0,0,0,0,0,0.0,0.0,0.0
2026-09-28T00:30:31+00:00,5tz7MWoef84dXueAhJqcRU4TnUsVREyC7bpxwwCwja4G,4.391896116074091e-05,43852.33643,4.87294088008473e-07,0,0,0,0,0.0,0.0,0.0
2026-09-28T00:30:31+00:00,EhuL2NEfQjYqB7Ha5r59RVdPUXXTVWurZfLyVs1xohYi,6.088569165294986e-05,60885.69165,0.0,0,0,0,0,0.0,0.0,0.0
2026-09-28T00:30:31+00:00,598rzX6PqwSmNZY88HTnA2PvWgrYXfWZwLCcW8pYSRz4,5.523779495858436e-05,55237.79496,0.0,0,0,0,0,0.0,0.0,0.0
2026-09-28T00:30:31+00:00,5kBmDYcfkdKSKD47TTyBu92LgeyZq7oS8ys6T49h5777,6.549176331833164e-05,65397.53642,6.506922932e-07,0,0,0,0,0.0,0.0,0.0
2026-09-28T00:30:31+00:00,EzCmudnz9Kqysa7zCQat7A7veYCieTiZM64mN9d1NGqc,3.4318796180932516e-06,3431.879618,2733.3125,0,0,0,0,0.0,0.0,0.0
2026-09-28T00:30:31+00:00,92ninR7mzzP6qQhf3hkPjgeym96rtfnc5pUGHWn7pNY,0.0002451249802149124,246393.6117,1.457922982e-06,0,0,0,0,0.0,0.0,0.0
2026-09-28T00:30:31+00:00,GKtNkQJtZ8s7jFo1AG7JC8mnn7WSf1vm6ngmBhuppump,3.430661983780622e-06,3430.661984,2706.9538,0,0,0,0,0.0,0.0,0.0
2026-09-28T00:30:31+00:00,7KsHxqhZcKddVA1fhVA2oymMYY2ibwHzn9pfTbXC2KK4,6.126274774786593e-06,6126.274775,4419.3649,0,0,0,0,0.0,0.0,0.0
2026-09-28T00:30:31+00:00,8DXqVUopcdviLvujTcpwEqkKzB43Arp6E1axzsEE5Btq,0.0011311345574005554,1156047.07216435,112014.262,41,43,34,39,8068.9804987535,0.237,-5.884
2026-09-28T00:30:31+00:00,DHLXeQmBYoKBzWUN2ZgNdZmdqHKLoWNUDerkRxredWx,2.7867975092311615e-06,278679.7509,2.101460065e-07,0,0,0,0,0.0,0.0,-10.051
2026-09-28T00:30:31+00:00,D1Jf2FTyYiU36oW9Rty5SpodCyK9ryUrWcdmEHvTpump,4.567191253688619e-06,4515.2578361537,3549.2441,0,0,0,0,0.0,0.0,-4.855
2026-09-28T00:30:31+00:00,ApgrtWJuoTTKucfSm5MuQJ6WuFShKqhfzHJcNVbrpump,4.821599979729402e-05,48207.7586370418,0.0,0,0,0,0,0.0,0.0,0.0
2026-09-28T00:30:31+00:00,LatHeGq8sKiccjBrGUSHp8mERHphV5prQvvzibu3rg6,3.965327861472592e-06,3965.327861,3145.0528,0,0,0,0,0.0,0.0,0.0
2026-09-28T00:30:31+00:00,AGBuP12RvNQQrFicjGgH8o7SnrXJAWVm7z7uLWWNVe25,0.04760670674070383,47606706.74,5.742380531e-06,0,0,0,0,0.0,0.0,11598.785
2026-09-28T00:30:31+00:00,7zkVvdxpHVKx8GEXXPqGoG86yhCJhaJENTvwpuKwspew,2.0078476982939572e-05,20473.6124504736,3.321391655e-05,0,0,0,0,0.0,0.0,0.0
2026-09-28T00:30:31+00:00,65PgqBeaQ796L6hk11AUEpyrgzvED6LgKmBFPmqVLad2,5.547589655273673e-05,59293.873084778,6.435320709e-07,0,0,0,0,0.0,0.0,0.0
2026-09-28T00:30:31+00:00,twTmbSR2WYY5yTDBQbpKNUhy8u5Gk2iFYVxHbdQVcoP,0.00013481522105669946,134815.2211,9.237139088e-07,0,0,0,0,0.0,0.0,0.0
2026-09-28T00:30:31+00:00,9oXM6yhVuTYiiVa8aXaf3YREv3pTSvEG5FCAm5wZbMND,0.00014773537378734685,147735.374095471,9.329364952e-07,0,0,0,0,0.0,0.0,0.0
2026-09-28T00:30:31+00:00,2949z21XVsk9KmoU4q23SMRaLYW8GPcNJroH3B2apump,5.041228168295215e-05,50412.28168,0.0,0,0,0,0,0.0,0.0,0.0
2026-09-28T00:30:31+00:00,2r4cPHduWmAeh7F2gqzSvfMJ1beUVaZBZYMEUMuNqYu7,1.9802393043081403e-05,19458.996699459,28847.401,0,0,0,0,0.0,0.0,0.0
2026-09-28T00:30:31+00:00,FCEjmz9E9yqrGvGu4voUARtv11fwmyYm4JKuSoG2X5Gb,5.012004741191179e-05,49948.8549488023,0.0,0,0,0,0,0.0,0.0,0.0
2026-09-28T00:30:31+00:00,FMqod9SpTodTmhQVF8VtbN5qXdeSih2PnsqeqEkMpump,5.030465270852136e-05,50304.65271,0.0,0,0,0,0,0.0,0.0,0.0
2026-09-28T00:30:31+00:00,9594CVoQfvyAg53ToXWqJjMNrwzjMsqiPehg7GZjpump,3.455793697497336e-06,3455.793697,2765.7747,0,0,0,0,0.0,0.0,-3.609
2026-09-28T00:30:31+00:00,G1nMJ6fg3SmRbowVGtSVQnpkdo5VWy9E9krGjwfipump,6.335749335951153e-05,63397.9837935607,6.473226982e-07,0,0,0,0,0.0,0.0,0.0
2026-09-28T00:30:31+00:00,6KfHYCNzpp4Y4CteXm3mDHmFiyHU4LaeTRpBF2p6hiq1,4.939664379734445e-05,47641.6547647522,0.0,0,0,0,0,0.0,0.0,0.0
2026-09-28T00:30:31+00:00,DJKCCmDBtfZFt7HAvEtUW6SWeiohg2xEHZGQduSxZ8Wb,0.0002515372293066007,249005.0288,1.34894239297702e-06,0,0,0,0,0.0,0.0,0.0
2026-09-28T00:30:31+00:00,GMT2cGrQfKrmHcu2U8T3JZXHLoj9L3xJGi1QqrsdCbxd,0.00019946404765806052,199464.0477,1.965733381e-06,0,0,0,0,0.0,0.0,0.0
2026-09-28T00:30:31+00:00,3v6r37iS1eJNoT5ko3qr7BUz5bpDBGSdxmmATucjFwq7,1.7042501860576676e-05,16241.5798662416,0.0001970862958,0,0,0,0,0.0,0.0,0.0
2026-09-28T00:30:31+00:00,o4yUzLw6Saz6JnHJCnZSWcemSU1nX5N7hKB3bfhpump,3.5210288810472978e-06,3552.337546,2814.2508,0,0,0,0,0.0,0.0,0.0
2026-09-28T00:30:31+00:00,CM5M8C1H1ZUoDjxZBrm21eEEHwaL5Tdg5m8nqBBvxwGD,2.2431853553336652e-05,22431.8535724319,5.21049493e-05,0,0,0,0,0.0,0.0,0.0
2026-09-28T00:30:31+00:00,CedSVzaBjbqniJ1GpUcTozB58S56yDX42nTXsz31zQUe,1.1822434232953847e-05,11662.92605,7774.9464,2,1,2,1,150.4151158185,6.748,-33.883
2026-09-28T00:30:31+00:00,7S1kzM12jNoeAm9URh43eUnjgwwCQYb1f5h4UZjFjAgA,6.005596856748655e-05,59770.23645,23616.271,0,0,0,0,0.0,0.0,0.0
2026-09-28T00:30:31+00:00,BHcmM47Jzm1QFDBzPGC5SrLyQNNsJttNRKgnUwMbonk,0.010486300886248688,41945.20356,0.0244,0,0,0,0,0.0,0.0,0.0
2026-09-28T00:30:31+00:00,875nCQ7w2LqbZrNe6KXmBkBEY2TiJAapW9rmBwUce6tg,5.669977520882705e-05,56711.17379,6.353340075e-07,0,0,0,0,0.0,0.0,0.0
2026-09-28T00:30:31+00:00,AbfLN7d1BdbV13NQv8kP5tHiZr1qKAEs7xMN1U2BvA3U,4.91605121647048e-05,49160.51216,0.0,0,0,0,0,0.0,0.0,0.0
2026-09-28T00:30:31+00:00,BoSNMHpY75JUMFb1EHx9of2yAaYc2Zive2TJXfa5pump,3.4055364705745304e-06,3405.536471,2707.3442,0,0,0,0,0.0,0.0,0.0
2026-09-28T00:30:31+00:00,69sisPLJNkaCwgNDkeDy7ueByMAM52cMR9eY9T3grUBs,5.936930663233771e-05,59307.59178,11461.0212,0,0,0,0,0.0,0.0,0.0
2026-09-28T00:30:31+00:00,5mdbw1mfaB7JbejXdijFwybaUbV7SUzDJcAjKmxTeSmH,0.0011831964364242148,1183196.436,2.63499399327875e-06,0,0,0,0,0.0,0.0,0.0
2026-09-28T00:30:31+00:00,6nvUMM2srxp24EuVdaFbM8EmFYoFVHgoiB2RBb7FmfQ3,17.073070068190606,17073070102.3461,12.3438,0,0,0,0,0.0,0.0,0.0
2026-09-28T00:30:31+00:00,9fETWVSGArSGGDrmP4oJYyKmGL3MRkoMRtub3TWAmryV,0.00036493901394503696,364939.0139,0.0122,0,0,0,0,0.0,0.0,0.0
2026-09-28T00:30:31+00:00,42s1RxjsCYjo2nZEQMM3eVEVH1BMYnk3dqZ1numtraNY,7.165037105552378e-05,70795.84878,6.81534917533781e-07,0,0,0,0,0.0,0.0,0.0
2026-09-28T00:30:31+00:00,DEXErBu1tqMufAaqpdqzUjpehgv2VmF3h94Sqiiipump,3.5270805755386507e-06,3527.080576,2805.2162,0,0,0,0,0.0,0.0,0.0
2026-09-28T00:30:31+00:00,E17dHzzy4XMZ5d8XzB2LWwgWYo1pnuzyiHK3Bwpz8d5P,2.5899764487383094e-05,25673.8841556739,9.818088111e-05,0,0,0,0,0.0,0.0,0.0
2026-09-28T00:30:31+00:00,3FfCcJoAJhbXyd4LaiLw4QvLqxnMKhTKfZkUgPRsRRT2,5.0436968607130656e-05,49801.50679,0.0,0,0,0,0,0.0,0.0,0.0
2026-09-28T00:30:31+00:00,G3FagANWjqyn2BzqXo5oAtxGESZLM6G8qjxpGMv9qwR4,4.456823403820459e-06,4456.823404,4065.62,0,1,0,1,4.5376424416,0.0,-20.703
2026-09-28T00:30:31+00:00,FQnupu5zhfdSaj7d7jJz2dfuowiztcJX1eutWeBHKtQN,5.679137619063118e-05,57008.70913,6.333633949e-07,0,0,0,0,0.0,0.0,0.0
2026-09-28T00:30:31+00:00,A6R4vgoBZznVx931QNhoYnAw9J32pf23mDnLEtacxFUC,0.00017213260022973348,172132.6002,9.71270758587008e-07,0,0,0,0,0.0,0.0,0.0
2026-09-28T00:30:31+00:00,BqouaqkQUPpm7gTgfR6j5KcGYpBRK6g5rX5tu1w7f9tQ,0.0006950449698495916,694843.908835677,0.005031140377,0,0,0,0,0.0,0.0,0.0
2026-09-28T00:30:31+00:00,5S4m8rkZ9aEoSHLyJgUJtR1ZM9KQszZftmhWMJ8NF777,6.606616062252459e-05,66066.16062,24339.5436,0,0,0,0,0.0,0.0,0.0
2026-09-28T00:30:31+00:00,2iZghDPGjFzeMHGLBnf34CLufBSfguaHuFruQxvzAryr,2.753495769642808e-05,27534.9577,51440.3929,0,0,0,0,0.0,0.0,0.0
2026-09-28T00:30:31+00:00,6yMW8La9Vek9nqqvoddEA8UfdBEi893kW8PbnXAvfour,4.8965222173390494e-05,38245.7314223486,4.91702535306273e-07,0,0,0,0,0.0,0.0,0.0
2026-09-28T00:30:31+00:00,3YFDt7RDRJxgp8JDRta5fFbH9Y72Kf5wchimyKmm5gcf,5.673138952087203e-05,56731.38952,21426.575,0,0,0,0,0.0,0.0,0.0
2026-09-28T00:30:31+00:00,5YcNDZCncNvpVWoAXUtPYz6y2mmu1ZTD1zt8ZzMQ7MbS,3.3223297780873016e-05,33223.29778,4.59404481e-07,0,0,0,0,0.0,0.0,0.0
2026-09-28T00:30:31+00:00,Gec1S7aYfu9HV58sd55REQQ6E4BY6oxB5WPW3s7R3v6r,2.242416488029014e-05,22720.2989114966,2.79344185758427e-05,0,0,0,0,0.0,0.0,0.0
2026-09-28T00:30:31+00:00,DicQ3KVeSqaNbqSZnRvxTLfXFnLcFC7AVhgASE7RpwaE,1.9692000554596903e-05,19688.966699689,0.0001056999138,0,0,0,0,0.0,0.0,0.0
2026-09-28T00:30:31+00:00,21UfAy5fPSs7XBqZjvseyidViX86m4ZFYiFSoMaxBTFY,6.255487180840078e-06,6255.487181,6413.6222,0,0,0,0,0.0,0.0,0.0
2026-09-28T00:30:31+00:00,2hwD3HEVmn3yZtiiJtiwCtDtpp3BrrCXnaSh2pxrU7SR,0.00012958394632481954,129364.283158729,1.106637386e-06,0,0,0,0,0.0,0.0,-13.752
2026-09-28T00:30:31+00:00,4gRfXFzrbRKYe4bwC4tuBr4NcFSC5o3eJUCJcitr3BNz,2.136558130759218e-05,21365.5813313656,9.96464141687632e-05,0,0,0,0,0.0,0.0,0.0
2026-09-28T00:30:31+00:00,7a3U2mDYunTbMLJAUPT6PFLtZsf8EzkWXxueQB5WhgP,1.7910097523942518e-05,18332.566902338,0.0001538395226,0,0,0,0,0.0,0.0,0.0
2026-09-28T00:30:31+00:00,5UhTmZTvuUKop8w2cjAQj9nQz7wNM5HxRHGt8X1Uat3q,7.992379051650187e-05,81904.0731419041,0.0001212342393,0,0,0,0,0.0,0.0,0.0
2026-09-28T00:30:31+00:00,7smz97fA3YUFTKnFV1vtgvyw1qjrS8KN3ZtbozG3Qrad,2.0236478011366777e-05,19976.4638199765,4.554574199e-05,0,0,0,0,0.0,0.0,0.0
2026-09-28T00:30:31+00:00,BfA5KGhWhdtwMKJ6Jhr7YsMUaNYDD8cu6F9ZrVNDZcbY,0.00017970565798181611,179705.658,9.59521084690253e-07,0,0,0,0,0.0,0.0,0.0
2026-09-28T00:30:31+00:00,2Y3TvjBBqE5XpxgB3TTF5TczWSKv54j13waxcU8fPGk1,0.0002573600757372868,254887.5334,6.090223862715e-06,0,0,0,0,0.0,0.0,0.0
2026-09-28T00:30:31+00:00,7MPwgsq3A8wFHuqpQJ3icQdNrcnDpPySLGULSMQcSfPR,5.826909478905121e-05,57745.7026893196,6.34854990268582e-07,0,0,0,0,0.0,0.0,0.0
2026-09-28T00:30:31+00:00,CJx1fuGW9ftdXa4PjMSxkSabZSKdaWXfYYcLqzdiPVyX,2.1689001907062e-05,21689.001931689,0.000100215229272498,0,0,0,0,0.0,0.0,0.0
2026-09-28T00:30:31+00:00,3xGwWRepUK9gf8FAx44tQBsviCf6WpfYKrv5TtgZ1sRQ,1.1662736613216884e-05,11683.9938358765,21908.3617,0,0,0,0,0.0,0.0,0.0
2026-09-28T00:30:31+00:00,3dRwACCdwv3YogFtgNTS57ANV59j1c8eEdyaJGq1BDsU,5.397219506817064e-05,53972.19507,0.0,0,0,0,0,0.0,0.0,0.0
2026-09-28T00:30:31+00:00,HgoScXAo4zFv5kDb6axGrwuz95FaVEcLskyDVZfo297z,0.0010572960134696565,1057296.013,104065.1801,18,30,15,28,2872.4254874357,-3.974,-25.651
2026-09-28T00:30:31+00:00,99SDwTevUTgDZ2Ncha8rzMhrGsoCFpUd6sW4PAsatksn,1.4925280476025743e-05,14524.7460245247,2.5562416584667e-05,0,0,0,0,0.0,0.0,0.0
2026-09-28T00:30:31+00:00,L1PrXMM97whi2rYjqYQfMeKcmJgmTZjpZTCaKFBQ7nD,3.396172961129417e-05,33730.1609969592,2.099677273e-05,0,0,0,0,0.0,0.0,0.0
2026-09-28T00:30:31+00:00,7agx8eyK8mVJvfmR2FZmnsk4tJCjdpJCqJCrqcs3pump,5.0081063392442476e-05,50075.04654,0.0,0,0,0,0,0.0,0.0,0.0
2026-09-28T00:30:31+00:00,8TxtjqTcbp91g3464ihaV4UtWyBfh6osHXwDk7Jmpump,6.320075298240424e-05,63014.8326,6.33857341978567e-07,0,0,0,0,0.0,0.0,0.0
2026-09-28T00:30:31+00:00,HApy3ceQzgzkw2D9CawCEFaZEnhhgDiMquLLdHfHciYu,1.7505812711144177e-05,18061.3937780614,5.36766081508235e-05,0,0,0,0,0.0,0.0,0.0
2026-09-28T00:30:31+00:00,DSmRx5Nqp8UbT396YXmDTXQcjhUHn84K8vgmuZkKBzhq,0.000101392048796629,96374.6274863746,0.0001007577745,0,0,0,0,0.0,0.0,0.0
2026-09-28T00:30:31+00:00,Hv6gbk95sK4HsgEpzNQcACK3sA8hmQUU67Csfo5u5Ard,1.587067677307904e-05,15817.2091058172,25553.1637,0,0,0,0,0.0,0.0,0.0
2026-09-28T00:30:31+00:00,5TUfCnGKUFSJ93NBSwL7U9ZpCJ6EmtAWUYsZxj4HGqcW,5.519704213384772e-05,55197.04213,0.0,0,0,0,0,0.0,0.0,0.0
2026-09-28T00:30:31+00:00,7ochtKXK6jwLAWg3WqNthieaj84HB5quLBEMrpd6ffZN,5.731273405636187e-05,57269.81905,6.331316938e-07,0,0,0,0,0.0,0.0,0.0
2026-09-28T00:30:31+00:00,5StN7eSv1W3DuBjRiD8BBT1zpegonSAfkqpCVnsfVNmo,0.0002425581719035521,240349.9698,1.16562079840172e-06,0,0,0,0,0.0,0.0,0.0
2026-09-28T00:30:31+00:00,Ay1w8fAhkuQK2xN7ZFPRWYf6boLc1DZ3KcqrRx53Ber,2.315633390376069e-05,23268.1746998045,31065.9436,0,0,0,0,0.0,0.0,0.0
2026-09-28T00:30:31+00:00,3RNy7erxjwGRRYvM6KzVKVtuFnNSpkQFwwiHhUH26xoa,3.472821656951849e-05,34728.21657,15850.6393,12,13,10,13,1202.429372483,-8.27,-62.949
2026-09-28T00:30:31+00:00,DEjoXLoJLLfoYMpALy8Cg8QSxA51FW4iDXKxexpdSmRx,4.588260456928081e-06,23.04330918,0.1098,0,0,0,0,0.0,0.0,0.0
2026-09-28T00:30:31+00:00,BcpRdQiNzwGRJLbtrUwKrLCWAVwm8Bm1KKbGYtUohoyG,0.00015971096855951753,161950.3254,9.374741854e-07,0,0,0,0,0.0,0.0,0.0
2026-09-28T00:30:31+00:00,C21FJxnw6ctehNzc5Bc2UrqEagx4qBunVFvkWoYXtLhF,2.3523237372911215e-05,23523.2373935232,4.748833858e-05,0,0,0,0,0.0,0.0,0.0
2026-09-28T00:30:31+00:00,2YSk1cVbWWhVrW8whBtf516WdedhQduEKHDHiGbBpump,5.021728042463339e-05,50217.28042,0.0,0,0,0,0,0.0,0.0,0.0
2026-09-28T00:30:31+00:00,8ijW9ujtU9CHXDmUZ4fZ51vErJV2mx1DnfzjcGLbaXyM,5.8463426675402704e-05,58463.0865819197,55480.8664,0,0,0,0,0.0,0.0,0.0
2026-09-28T00:30:31+00:00,4MvT9bNSYQmxMBkV14qm9VPhyr7KthWBq5G9PpoZpump,6.412902859107464e-05,64089.03283,6.482765835e-07,0,0,0,0,0.0,0.0,0.0
2026-09-28T00:30:31+00:00,GmTGKumEpgq1xjLnzk6CLKFVLDaLw5ez6dwFtRyBbKcE,1.9719992061468038e-05,44.16219551,0.002461430722,0,0,0,0,0.0,0.0,0.0
2026-09-28T00:30:31+00:00,H4wDkYxCTaeBNQdEWk9r5K2ddzruRdSB3J2ivsq4pPob,1.696580575630394e-05,16621.6426666216,3.8160335071395e-05,0,0,0,0,0.0,0.0,0.0
2026-09-28T00:30:31+00:00,GvhSPDqyPYgHob9HZL8CuV4yQfUUcw88ppTakgRz3URw,3.563774647001921e-05,35636.970028355,0.0,0,0,0,0,0.0,0.0,0.0
2026-09-28T00:30:31+00:00,3twWHp2uq1zaFrW5UxAGdHvZVyUARCovT9saTvCdbonk,8.618438510638072e-05,86184.38511,0.0366,0,0,0,0,0.0,0.0,0.0
2026-09-28T00:30:31+00:00,4czjXTWXR7VJiaEY3i9FnuBJkgFz7XmcpERygboqpump,3.700481905951227e-06,3555.5243699468,2933.3993,0,0,0,0,0.0,0.0,0.0
2026-09-28T00:30:31+00:00,2F1mZ9znwpC3NZRsXKSnq4ejgBiL9sRboZRUuN94wLWM,7.467341427080585e-06,7758.936169,6006.1723,0,0,0,0,0.0,0.0,10.088
2026-09-28T00:30:31+00:00,AHuxFiCnX65nvCRzLZHr1VmtoA9LBWK5hGai3C9v44T6,5.4258364152653406e-05,54160.1733980864,6.263093089e-07,0,0,0,0,0.0,0.0,0.0
2026-09-28T00:30:31+00:00,FdjkMLM79vWtvaDYU83xkXoZAPnhdKpicZmyFQQ89RSN,0.00019092119041540836,194041.963894042,0.00021920852273561,0,0,0,0,0.0,0.0,0.0
2026-09-28T00:30:31+00:00,EWghpAaYGd4h9wjRw6aAQVHHxr9Vx6EYMe1ynTcY3gcp,1.0059094186673456e-05,9924.127344,6057.3722,2,2,2,2,308.9196213092,-5.695,-30.919
2026-09-28T00:30:31+00:00,4kDfsU81RM6u2x4frbbUJoo6kFpoXriSCXACJTm2G1oG,1.3479194727520544e-05,13251.8404432518,8.599882402e-05,0,0,0,0,0.0,0.0,0.0
2026-09-28T00:30:31+00:00,4oABZg7Jnx1WvukCTDWeaJkKEFKD6t5kfqhQvGBs54je,7.456394560282732e-05,74563.9456,6.707423405e-07,0,0,0,0,0.0,0.0,0.0
2026-09-28T00:30:31+00:00,8hhofkDL7nZSgHUaavFkp9T2tvtxbJPKJAkps27Ypump,6.275326161557427e-05,62753.26162,6.411639251e-07,0,0,0,0,0.0,0.0,0.0
2026-09-28T00:30:31+00:00,562rSMBaCVLRGvP1MdGe7A5poEgQUoRG37JqsKrZheYv,5.64689155215235e-05,56969.20718,6.314401352e-07,0,0,0,0,0.0,0.0,0.0
2026-09-28T00:30:31+00:00,2fHrMrEKahXTz9BDgGN4DKYkH8RXZGwu7iYcRoUUGgtG,1.8058004837676926e-05,18058.00484,27989.6025,0,0,0,0,0.0,0.0,0.0
2026-09-28T00:30:31+00:00,Aw7jQdxvdEv19K3jtFnbWJhaCbXGPvs4vQpPMDdwSBP3,5.644405877731934e-05,56644.29033,6.25487901e-07,0,0,0,0,0.0,0.0,0.0
2026-09-28T00:30:31+00:00,7webxiJfmuLPiQEgxMoaBJ1U9nePizYa8nVHv12Ybonk,8.286893462346852e-05,82868.93462,0.0366,0,0,0,0,0.0,0.0,0.0
2026-09-28T00:30:31+00:00,wxmQK9z3RM6kdgrUGcQrPdBN6ncnWF3nB8t5AbfnN97,8.947397420220652e-05,89472.3294910114,7.709526828e-07,0,0,0,0,0.0,0.0,0.0
2026-09-28T00:30:31+00:00,6uippr2yoHhCZirtDnnKahgkD8dPpi9ybxcxNgYSpYNB,1.4491677542496714e-05,14491.67754,3.76538874034714e-07,0,0,0,0,0.0,0.0,0.0
2026-09-28T00:30:31+00:00,Ag8VFhAaXzjAxxj2BNBeWJFMuskkVbnknuErhkhtboF,0.0002386147222415197,238614.7222,1.17415313114934e-06,0,0,0,0,0.0,0.0,0.0
2026-09-28T00:30:31+00:00,6GsRicHhaf1wG5ZAm4jT3Z6SLVagbJJUvvqJxhhFpump,2.87516603217316e-06,2726.3617488669,2862.5541,0,0,0,0,0.0,0.0,-0.238
2026-09-28T00:30:31+00:00,FFPSq1ByV2XdPTj2UkSPRe14NoQydUkarBLeNfXd1gdj,7.454451051245173e-05,74678.69741,23894.7877,56,21,47,20,5983.3260945693,12.077,-43.06
2026-09-28T00:30:31+00:00,6n9xcjUAGy7hnd1LFdzBqpKUwhumh5eKJipDk75JwkkW,1.4774330969495042e-05,14068.4679141567,24051.095,0,0,0,0,0.0,0.0,0.0
2026-09-28T00:30:31+00:00,6KqbfB3zL5SockYzfNAFHrTQ9429RZaRPPmQif68U2Hq,4.890977241714188e-05,48714.1740085686,0.0,0,0,0,0,0.0,0.0,0.0
2026-09-28T00:30:31+00:00,BdeQbxD9v9JkKam8r9P3wz317rn7jDu7MHGczVw2LZ8m,0.0004708250336670446,470825.0337,1.82951852e-06,0,0,0,0,0.0,0.0,0.0
2026-09-28T00:30:31+00:00,HxNzaehXN56aJSF2yHRA3Wbxmav9QyvgtwJDZSmMpump,6.399574461838773e-06,6399.574462,5213.5226,1,2,1,2,36.8923046264,1.671,-9.109
2026-09-28T00:30:31+00:00,Gj2ksaU1VgcRSQhbBwYYNDDhUiLPc3jY2rPkaSs5U777,6.2355301575809e-05,62355.30158,6.431204473e-07,0,0,0,0,0.0,0.0,0.0
2026-09-28T00:30:31+00:00,A7S1e8eN3sbCnGS5HAraBUF6eN9Gn3wR3rBiJS1kxuqe,5.746121756709709e-05,57461.21757,6.312161044e-07,0,0,0,0,0.0,0.0,0.0
2026-09-28T00:30:31+00:00,nheVhBEu7aQgtZLbtLkzvZEhhQh9fctKXWWFPd8pump,0.00521822443882184,5167673.35230338,231762.4011,146,46,113,38,9556.485927671,5.501,173.481
2026-09-28T00:30:31+00:00,88FirgpLH7CPAqWr426XykKETqM592wTrWqSRipHZbSa,1.237096147184087e-05,12370.96147,12809.7284,0,0,0,0,0.0,0.0,0.0
2026-09-28T00:30:31+00:00,FNRD5UDEVL2EcMEtPevqt4b5jDCMXELog4FVkEfRQsCA,1.2276818272686025e-05,12276.81827,12225.0864,0,0,0,0,0.0,0.0,0.0
2026-09-28T00:30:31+00:00,8TiH2aAFhhuTr572fuJNxLz3MS5UtGQjiA3vy1ws9Zdz,3.7062346360908435e-06,3706.234636,3539.2616,2,2,2,2,229.044807736,4.145,7.325
2026-09-28T00:30:31+00:00,4Gx1X1BpGZVGu51xfaKrp4qcM9oUEVGLFstQv9owpump,4.9874194667310494e-05,49874.19467,0.0,0,0,0,0,0.0,0.0,0.0
2026-09-28T00:30:31+00:00,A1cpNt5497MRNcebJLBQdZuni4ZrpbfZtopG5XXVU8Gm,1.554598054851226e-05,15429.8107454298,9.38813133503235e-05,0,0,0,0,0.0,0.0,0.0
2026-09-28T00:30:31+00:00,EeG2GGh9NUjVnknkJdbhbZKgSbzLtn2iAuGiDwdgVShF,9.503556707680221e-05,93528.4153335284,7.177971121e-07,0,0,0,0,0.0,0.0,23.732
2026-09-28T00:30:31+00:00,GNR4Ao7GM31k5NiN9AQoK4tj5PAA61sXzCoh4bmYpump,3.428470864104189e-06,3428.470864,2729.3622,0,0,0,0,0.0,0.0,0.0
2026-09-28T00:30:31+00:00,2MTou9QEaLd8Xqyy1jVk7cZzC8dD3UE4VQnZ7pg9pump,4.184054397682375e-06,4184.054398,3277.627,0,0,0,0,0.0,0.0,-0.057
2026-09-28T00:30:31+00:00,DJMx3M1scy4BTzSTQJLrmtAehTcCuNrd885JjAWijups,0.004530709958817835,4530709.959,6.445456608e-07,0,0,0,0,0.0,0.0,0.0
2026-09-28T00:30:31+00:00,94HSRTXMJPAoC2PhNzsJChCHbDv75KZnyyrxNtvRnViP,0.00195725225740749,1750787.702,0.0122,0,0,0,0,0.0,0.0,0.0
2026-09-28T00:30:31+00:00,EKSdvDxtA84oySTgaDcDGXyFC5nLvCMDafp46nWJunF4,5.885254265385697e-05,58851.6619211725,56143.7295,0,0,0,0,0.0,0.0,0.0
2026-09-28T00:30:31+00:00,5WKEWCpvbHS8TsAsge5v8FpFXyG2SMNFhVfqLtWYoSu1,1.3849739128679545e-05,13849.7391438497,5.11698378671421e-06,0,0,0,0,0.0,0.0,0.0
2026-09-28T00:30:31+00:00,FGktc5Es2PNDv3rhK2S6KBsbfQZonabD7oP7ZDmojnJ,4.7579964927483794e-05,47579.96493,0.0,0,0,0,0,0.0,0.0,0.0
2026-09-28T00:30:31+00:00,VjftXfgZapnhnwhA69BP8thhcoS1PAzanWPDFYZ7GsD,1.1577878915300958e-05,11573.0091750333,2.67846079155677e-06,0,0,0,0,0.0,0.0,0.0
2026-09-28T00:30:31+00:00,G3EZu7t5T4zy9bgbdKe7YbtNfBzL3nePcMr6JeaYsw1t,0.0001532356073783394,153235.6074,9.47136280099449e-07,0,0,0,0,0.0,0.0,0.0
2026-09-28T00:30:31+00:00,H4vfewfwrjgzTzMGfoskTJoxrBW9vMutoVP5m8rb6Uun,3.501683355527555e-06,3501.6833559998,2793.2933,0,0,0,0,0.0,0.0,-2.163
2026-09-28T00:30:31+00:00,95NKmBaCH2yfEefQHJf7hcbty24NP84XRhx7Ta8zpump,3.623100252902058e-06,3587.123572361,2892.4981,0,0,0,0,0.0,0.0,-0.308
2026-09-28T00:30:31+00:00,H8Z4ALPwuLJVaZp64m2HyvwNRe65b4xBcjgKcAgjnnmp,2.098546807205558e-05,1158740.334,0.000975767627351997,0,0,0,0,0.0,0.0,0.0
2026-09-28T00:30:31+00:00,5uAJPcmuk22CWDVTrkZjRfcCYnrxfDkwMyyJZg4QLv2q,2.2049432563096407e-05,21703.3962117034,9.659607056e-05,0,0,0,0,0.0,0.0,0.0
2026-09-28T00:30:31+00:00,FQj2arb1LcYGU7mF9BP9BYGGTLHHXTVs3pvdexSWebjA,5.518256813559662e-05,55182.56814,6.259308577e-07,0,0,0,0,0.0,0.0,0.0
2026-09-28T00:30:31+00:00,ArHWUADgaXyPoHvQWvnFhchJzrBND4doCM1cTf4JadRE,1.206935813965158e-05,11968.1060873609,1.94487043185239e-06,0,0,0,0,0.0,0.0,0.0
2026-09-28T00:30:31+00:00,GBLiyXhWJ3tKaG2R1v4Xbg1RA81XK8MbF7kwDypV94BB,2.109162194921095e-05,21098.3891310984,0.0001717227048,0,0,0,0,0.0,0.0,0.0
2026-09-28T00:30:31+00:00,9L4xAusWTDaHxbA54ZRQGeqM5UZrHyysjx5qnTVvyApT,0.0001191462314103863,125679.73342568,0.00012008301025678,0,0,0,0,0.0,0.0,0.0
2026-09-28T00:30:31+00:00,3nzrxfMG1JHjKdmepdySmwKnQJhcGRDjwzTvvcEDfFBv,5.002221592819463e-06,5084.1382309999,3803.6938,6,5,6,5,537.0536129684,4.831,-2.862
2026-09-28T00:30:31+00:00,ScnhBmMYsjLZX7z5EjLtSSZjNpYh7D9S4cX944Mpump,2.887739287125702e-06,2754.1764050328,2832.7089,0,0,0,0,0.0,0.0,0.0
2026-09-28T00:30:31+00:00,BvnqdYwuFrvi9ds63EtwQLYME89ikJkULnJPAd83pump,0.00031732558058146797,334684.106234602,54973.1512,24,7,18,7,3192.7831111281,5.774,-6.793
2026-09-28T00:30:31+00:00,iuMh3MwbidNHmWcbxeHuLXZQT5cQprPFLbjgDSUtUQ3,0.0002675632954392384,545.8073695,0.00263076488406282,0,0,0,0,0.0,0.0,0.0
2026-09-28T00:30:31+00:00,4ZUpim5ZRfsPpHxn1Jj5euES83s5ZgvBA3VSxENQn77h,1.5926085057620144e-05,16393.9383763939,2.477336403e-05,0,0,0,0,0.0,0.0,0.0
2026-09-28T00:30:31+00:00,3bm27vzA7SETPf7ZrEvQYmr6isUktkQuZmXon3Xypump,6.21665525658818e-05,62198.5564,6.422445807e-07,0,0,0,0,0.0,0.0,0.0
2026-09-28T00:30:31+00:00,EHukM8oGcpeiu89NYA5kyiCCh963i7eEKBoyiotT4Bq7,5.67231001299965e-05,56723.10013,6.284028308e-07,0,0,0,0,0.0,0.0,0.0
2026-09-28T00:30:31+00:00,BL6gr3xTabuts1W4Ua7A9mCJaGv55GHVqUNXmrXTi1jA,1.3455536362123484e-05,13485.9547194086,1.366041467e-05,0,0,0,0,0.0,0.0,0.0
2026-09-28T00:30:31+00:00,J7ogZNqLut27JRt69ycc7xasx5FK6y9QJnr29dB5fLys,3.442706147453265e-06,3442.706147,2746.221,0,0,0,0,0.0,0.0,0.0
2026-09-28T00:30:31+00:00,2BDL3GMBqJxcAoww9BtdJMirtkguRyRMbN8TZav3k5Ze,1.765043044618178e-05,17631.23028,9.60771010725125e-05,0,0,0,0,0.0,0.0,0.0
2026-09-28T00:30:31+00:00,31Gk2Ej4qqbw2y9azRoNKLRcTA2HRnwDYu4oKbfGYNHm,2.4328168054437575e-05,24271.7771316273,0.0001678817424,0,0,0,0,0.0,0.0,0.0
2026-09-28T00:30:31+00:00,CHqG6sH62EwuzUsVacqFN43hrTZP9WFEvxj2nBMAhU8p,0.00018270225988464405,182702.2599,0.0122,0,0,0,0,0.0,0.0,0.0
2026-09-28T00:30:31+00:00,2Kz5jhqyXFBJx5W9xRFGf4BU2TvmRTdqqU7rSND3Bjc6,6.686858574564483e-05,66868.58575,22760.802,0,0,0,0,0.0,0.0,0.0
2026-09-28T00:30:31+00:00,DNEVjt1PbJfEKBi1WN1XxscmsirwSQKsBDjha2gXpump,4.967260252106896e-05,49748.5808299502,0.0,0,0,0,0,0.0,0.0,0.0
2026-09-28T00:30:31+00:00,95uRmfMtycVw25zrL8yorWY1fFr4X1KcPCZgSzZHjh2u,2.7170195486411234e-05,26923.9322669239,0.0001340632186,0,0,0,0,0.0,0.0,0.0
2026-09-28T00:30:31+00:00,6b6gmhAgZe3nTjyjxhVNCGpFVwK1j3mK6GnVs23Mpump,8.413480721863282e-06,7851.1675878522,6089.0194,11,7,9,5,854.316450989,6.514,-55.37
2026-09-28T00:30:31+00:00,EPs12AZTtYsm6fwX93FafcZJCSwzVa7zZDsdPdGpump,2.2113152776143286e-06,2198.5144439478,2283.7131,1301,3334,304,2306,31930.7826104539,-99.466,-99.491
2026-09-28T00:30:31+00:00,4QCdBmnQ2H92cvCsGM6ZNq71MjqPkmdYjqksBkTYpump,3.4076887008641783e-06,3407.688701,2715.7184,0,0,0,0,0.0,0.0,0.0
2026-09-28T00:30:31+00:00,9qBf89DWNAKL65arwK3EnpUxtSfe9R7W9RBhmP7cHNV,5.781662095438782e-05,58109.30866,6.319438347e-07,0,0,0,0,0.0,0.0,0.0
2026-09-28T00:30:31+00:00,8jWzx3vojz35ru6HeMcy7Ez84wr9GTRZ9YisTjDKpump,6.335516289184249e-05,63243.29377,6.408963255e-07,0,0,0,0,0.0,0.0,0.0
2026-09-28T00:30:31+00:00,DeXHhsH329mt1zwP2VqdUPLHWc38ZTVfmbbXCkm8pump,6.507750658367148e-05,64885.33345,6.44013563254055e-07,0,0,0,0,0.0,0.0,0.0
2026-09-28T00:30:31+00:00,Av2WLf2SgkqVd2jYkAW2pv3gjvNrn6R8Cj6FEjY7m4Dn,1.4514289068640425e-05,14514.28907,3.751345753e-07,0,0,0,0,0.0,0.0,0.0
2026-09-28T00:30:31+00:00,Cxsg5L8SpnesZQZjtjKieyCHLBEXpLPNzFX9aoj9pump,2.8322299531308474e-06,2798.1847295565,3193.968,3,1,3,1,77.3146259269,3.244,-99.332
2026-09-28T00:30:31+00:00,BVZVLTUSV6ftqHPqDEggag8crXJgJ6Cz5BCWmVvqpump,3.687230398872058e-05,36198.19596,16560.7208,10,15,10,14,1118.7221980511,-16.632,-7.422
2026-09-28T00:30:31+00:00,FjA4FYRgqDxD4bKimnsYzB16j9z264u6EoPxDGkApump,3.3953554134968895e-06,3395.355413,2706.5515,0,0,0,0,0.0,0.0,0.0
2026-09-28T00:30:31+00:00,7wscZEQnDGSbutfRKi7Aimd1J7LybvxVmZED99isKhdX,1.6808227378478654e-05,16618.9379966189,2.09617388e-05,0,0,0,0,0.0,0.0,0.0
2026-09-28T00:30:31+00:00,AUA4kFXXfmRQ3MN1oXKXhrWRT6Zukj7rmdc5GgNwpump,6.396265334310257e-05,63810.9728371642,23617.1567,0,0,0,0,0.0,0.0,0.0
2026-09-28T00:30:31+00:00,J399HfSSs5qgyeKZzAqYxAkchotQt2Anb1vujxLy8wqJ,5.615405546928436e-05,56118.54517,6.245245386e-07,0,0,0,0,0.0,0.0,0.0
2026-09-28T00:30:31+00:00,EUgrTjoSpfk2UwX6dSDizz8RRzFScqKYW8icpSGwfN6S,1.933120552576902e-05,31529.1001463616,0.1348,0,0,0,0,0.0,0.0,-88.713
2026-09-28T00:30:31+00:00,9Yr7Vs2rmQScfTykp9Zmb7pXVttut9ZXZaDH6uE2CeKX,2.4160150613529612e-05,24431.8754244319,0.0002416551942,0,0,0,0,0.0,0.0,0.0
2026-09-28T00:30:31+00:00,HRzTMpyHCdKCq2gzbZP59J5WKX13nwrctHM98BmBNwf5,1.681460947975863e-05,15790.7315057907,25728.2436,0,0,0,0,0.0,0.0,0.0
2026-09-28T00:30:31+00:00,D8YpRj2Gza1SCkhVdFiMBWfnaqUbN173CbXdfSRmRFjq,0.00011301532890423471,117016.7085,9.14687130296273e-07,0,0,0,0,0.0,0.0,0.0
2026-09-28T00:30:31+00:00,EhxGFdrH9NygyvGi5G79y9fqRoexbh5DLcu2TKAdAsZy,0.0013368270459949323,1336827.046,3.120057866e-06,0,0,0,0,0.0,0.0,39.353
2026-09-28T00:30:31+00:00,97AVKQngHK9W2FHaiL9zebqnuPGADuqhtkgp6qQG1MYW,3.876217362017092e-05,38975.09963,4.542980114e-07,0,0,0,0,0.0,0.0,0.0
2026-09-28T00:30:31+00:00,HgifwBfbMi9eBwgSVwBJc3R66Uj9267GXfwbgiQf77Ud,5.658344926661734e-05,56186.95415,6.24222793814749e-07,0,0,0,0,0.0,0.0,0.0
2026-09-28T00:30:31+00:00,5vPUcAb7HVr7dKB5FXYuKYufgLL1DtzgAcdYzME3pump,4.9883662773393754e-05,49883.66277,10334.2273,0,0,0,0,0.0,0.0,0.0
2026-09-28T00:30:31+00:00,6cWHvR5LKbxhge1XmUefvFcraWzmUQW3QkyKjqCqXNmP,5.7206100841511113e-05,57174.13091,6.248333447e-07,0,0,0,0,0.0,0.0,0.0
2026-09-28T00:30:31+00:00,C91Pyh2jp8w5Yk1DssJQ3zNb1vHayzvxveL5ipscmu4e,5.4350381889365765e-05,54350.38189,51993.1659,0,0,0,0,0.0,0.0,0.0
2026-09-28T00:30:31+00:00,ByqdCepXayazM7xg7yum6PtYsbzFM8Qe12qcfBAYpump,4.9747975946168935e-05,49861.23403,0.0,0,0,0,0,0.0,0.0,0.0
2026-09-28T00:30:31+00:00,FVs8np9UjacAbFv12pzsU6BstSqxeSabpWzD2tqpump,2.8951827709702947e-06,2686.7163529866,2857.3469,0,1,0,1,1.2064219457,0.0,-4.414
2026-09-28T00:30:31+00:00,7LnnHauov6QusDwKRwTZbVAtrg6xU3drmDWnDmEuyqnF,1.653361334910913e-05,16533.61335,26302.1575,0,0,0,0,0.0,0.0,0.0
2026-09-28T00:30:31+00:00,AjxqTiS6TnK75xG6pWAMJgNQuhkip3LzN36uy2wBbwmH,0.00022103600895021048,212604.8055,46264.0275,91,99,80,80,20865.825349018,-30.384,-58.907
2026-09-28T00:30:31+00:00,3EBURqAzyyVtjidB4J8nYVVWQmuWmofGWrYeMqiGmeZx,3.648322703209605e-06,3648.322703,2888.945,0,0,0,0,0.0,0.0,2.293
2026-09-28T00:30:31+00:00,BBuVYbzh1W7tmqdB4U91NoL9B5rN6jt3K3C8cedkpump,6.457129215782287e-05,64444.51245,23309.6856,0,0,0,0,0.0,0.0,0.0
2026-09-28T00:30:31+00:00,7WXdqhbxJi3zcJaEw2cV3BdVhTdw9Devmxa69sqH9b95,1.9842696705708164e-05,19842.6967298427,0.000270050868859476,0,0,0,0,0.0,0.0,0.0
2026-09-28T00:30:31+00:00,UTM3Ub28s6JKWVjcCr2Z4n5cWtdCXnGZq9H3EZ1pump,0.0023643101861595423,2313008.2267159,153511.6406,247,62,172,50,8358.4665568467,2.836,184.201
2026-09-28T00:30:31+00:00,DKfkSPCGnbP1cY1muov1bmMA5C3rZZm9G93FX1ewpump,3.4084740384501422e-06,3408.474038,2708.8626,0,0,0,0,0.0,0.0,0.0
2026-09-28T00:30:31+00:00,CbmDmSjDn8VLyMGhgCmDWjmBi72kEJcNTPxTX3v4pump,0.10226576915983075,81812.61536,0.0122,0,0,0,0,0.0,0.0,0.0
2026-09-28T00:30:31+00:00,4rGaAQRecWJ2P91sBTDGSYqHw9mrZv5da6p5SvtCQkLg,5.654054425991967e-05,56700.51496,6.276967942e-07,0,0,0,0,0.0,0.0,0.0
2026-09-28T00:30:31+00:00,DHoy94stzuAsjSKRYSQFL22NgVCQSYfqtJBkr2DCxDUK,6.037663158240124e-05,60376.63158,6.46498048168205e-07,0,0,0,0,0.0,0.0,0.0
2026-09-28T00:30:31+00:00,8Bc2cfMes4PTwYGivgcxuZX82vtfNSFnvfZ1SMvypump,5.226500634936158e-06,5226.500635,4144.5672,0,0,0,0,0.0,0.0,-51.718
2026-09-28T00:30:31+00:00,GhRJXatdMGdDcGmfxZPKWyUW4FNvMM4fSHRquyvgpump,4.982330516000771e-05,49775.0094935614,0.0,0,0,0,0,0.0,0.0,0.0
2026-09-28T00:30:31+00:00,81okcujCn1KnmjVCMSNSHQDMgxesxWE8cFx2kXrN3CiW,1.6523617684112477e-05,15993.40269,7704.7311,12,9,11,9,982.113337925,-4.097,30.838
2026-09-28T00:30:31+00:00,BQfybBieX8DAoELyzVNCkaic71umi5FDYq8SrQk8YnnH,3.6611498284012635e-05,36611.49828,17704.3053,16,9,8,7,794.6764252633,-2.817,11.442
2026-09-28T00:30:31+00:00,5H7CxPsc7Pcjz6bjf9RJqG2ECYNyyPa2STwBZZSTpump,2.2367783160311437e-05,22367.78316,11648.6287,2,0,2,0,78.8525499867,0.844,278.465
2026-09-28T00:30:31+00:00,6XqPLoyNCY5nuv7HZMNX1ANFdhPRDt3dkRLCeBomWbdW,2.4488612476998904e-05,25216.5574552166,0.000226674981395534,0,0,0,0,0.0,0.0,0.0
2026-09-28T00:30:31+00:00,EsnPV5QDmazP84nbMuJchr6VWhcDgKkGaPHmCzpDRyGA,0.00013094263033031046,132076.252132076,219186.4007,122,61,88,27,150591.987072345,-3.136,30.605
2026-09-28T00:30:31+00:00,5pBaTJs3egcUpDx7YThsVbTXoCpvkvNfE5A12nijDdvb,5.737543805864988e-05,57375.43806,23145.6757,0,0,0,0,0.0,0.0,0.0
2026-09-28T00:30:31+00:00,F3naE9XJs54VgtBoeR2XQ9KAFpDRTbgZoDSjP4bzMcWJ,2.175027078131976e-05,20545.5855016368,0.000372763177286081,0,0,0,0,0.0,0.0,0.0
2026-09-28T00:30:31+00:00,6UhUkSBc9RBB9gVJcjCWtcQv4t771rQF7bdn2qK7pump,0.0007238902860075709,731024.703695259,82627.8896,131,78,112,67,15226.0393902012,-7.195,25.963
2026-09-28T00:30:31+00:00,36ef5aQyrEFRDMyRk3fBdcvDPHNjARi5bDG9ryPoWRWX,4.957239269199113e-05,49572.39269,0.0,0,0,0,0,0.0,0.0,0.0
2026-09-28T00:30:31+00:00,H9TEHQNvkqiM8kiUqeSoqN54sXRtAR9LG6cN8eUavGdU,1.5760137345285357e-05,15466.3992059227,25057.7073,0,0,0,0,0.0,0.0,0.0
2026-09-28T00:30:31+00:00,EPFPcvcJo5KHb37JGj3ANC3DuMqkmQ6Pb5MaJAQRSkay,1.3303130841893367e-05,13303.1308533031,22989.3276,0,0,0,0,0.0,0.0,0.0
2026-09-28T00:30:31+00:00,5TwNmEZyCVioXCeAGj4FkHANQj7L8czAEQoNuasR3DSz,1.6151214492621267e-05,16148.9438553,2.696032555e-05,0,0,0,0,0.0,0.0,0.0
2026-09-28T00:30:31+00:00,akLNbP66rtnuuJgLV8q4g9iQwSE7HunRSdkSDPBpump,0.0014949634267813177,1448138.52758113,120570.3037,223,83,162,73,12009.0059382225,6.902,118.656
2026-09-28T00:30:31+00:00,FoN54SNjcNakYuEqXKQe1jbnaECyP78GA7WKniWx6H7h,5.7455008423040875e-05,57252.71691,6.29037589639277e-07,0,0,0,0,0.0,0.0,0.0
2026-09-28T00:30:31+00:00,ALbTv3uvShNrsfxaiqcLLB3Bt9CbKTbLeCVcvYSWaTV1,1.4183213723272337e-05,14183.21372,3.756590015e-07,0,0,0,0,0.0,0.0,0.0
2026-09-28T00:30:31+00:00,Gn3jxzPJW7LUAjjbPgeFokkY8kmmUhA8RXoRabPtRoA9,1.7130960634891285e-05,17130.960647131,3.86755879138726e-07,0,0,0,0,0.0,0.0,0.0
2026-09-28T00:30:31+00:00,7qZeReRd7X7dV2wgt1HidBQkqfyUbtXRg1wCxVBJXZiF,1.753252593312113e-05,16688.7625866888,0.000222789428460605,0,0,0,0,0.0,0.0,0.0
2026-09-28T00:30:31+00:00,8Hk7KK1gtebqe6RAs4AJRRST3ThaFhqsfGMv6pUxjCCV,0.0015102452357338256,1510245.236,2.91626096066524e-06,0,0,0,0,0.0,0.0,865.942
2026-09-28T00:30:31+00:00,5cDPo1jjEEtxWf2y1HTx4WyMydVmErN3YnbYtxLVcmg9,0.0001327699395369359,146129.3263,33225.9014,84,82,65,68,11044.9757213986,30.333,221.999
2026-09-28T00:30:31+00:00,L3AkrXzxvigXwefBR5ov87BMsKVJTss76kDk8tLHihr,0.0001617314169829134,162850.7682,9.565790408e-07,0,0,0,0,0.0,0.0,15.306
2026-09-28T00:30:31+00:00,6Hvaxtqrq5Rbn2ictiHx6yUZVVjdHHiUnWG7SkNZpump,2.6127688718578246e-06,2457.2643114381,2673.5144,0,0,0,0,0.0,0.0,0.0
2026-09-28T00:30:31+00:00,4qk5j1gtRywW1zjSm45KZ3fpE5sWYbbLWGV3oaYioFbb,5.8168714844321475e-05,58168.71484,6.217410869e-07,0,0,0,0,0.0,0.0,0.0
2026-09-28T00:30:31+00:00,Dfr8gNs4ZXCFaum72BmJQwCSChKoi6cGrqxVqv5vpMhi,3.249694218786668e-05,32496.94219,0.0,0,0,0,0,0.0,0.0,0.0
2026-09-28T00:30:31+00:00,35BwfuKRBcqczHoT512FpC4PK122gT8Za7ndccBqWJRS,4.8135453698686556e-05,46264.16752,0.0,0,0,0,0,0.0,0.0,62.018
2026-09-28T00:30:31+00:00,5PPjgFgh7nd7LE9KdKMopTW5XG7F9MrhzERfXbiWnWrM,5.394651894975053e-05,43162.7987016927,21203.3357,0,0,0,0,0.0,0.0,0.0
2026-09-28T00:30:31+00:00,4vNCGJahpokk4TZTnE6PqGANyxnvNJ3dBojoo67Fz3s5,1.9086981144308434e-05,19609.3670643184,7.88177127045854e-05,0,0,0,0,0.0,0.0,0.0
2026-09-28T00:30:31+00:00,8Qw32vmvAoAdR3pkeTrWDq2Hb5CXUYoiFC1a2nXLvTgL,4.976228084566968e-05,46182.38665,0.0,0,0,0,0,0.0,0.0,223.66
2026-09-28T00:30:31+00:00,BcMBsefYMRP9pugzhRc82W4UedLCzJmiecjEWQgmvvcU,5.6416183885162234e-05,56760.07704,6.287547253e-07,0,0,0,0,0.0,0.0,21.749
2026-09-28T00:30:31+00:00,DPTEbCjRkXi9BoX3BgCkqm2Yvcokoa7JnQsgz2LEpump,3.742260890118962e-06,3742.26089,2949.8154,0,0,0,0,0.0,0.0,-60.272
2026-09-28T00:30:31+00:00,9Z51rChYzWTXUZ8U5MX2bRYhTftxYEVs9VUW4dtMBuW1,5.7024615380685545e-05,45264.6619636881,6.265064095e-07,0,0,0,0,0.0,0.0,6.812
2026-09-28T00:30:31+00:00,3jjcXZuX5P4sHos1rVSWqZdWDqbwbLgo337wjaawmoon,5.636009850796888e-05,56360.09851,6.273479728e-07,0,0,0,0,0.0,0.0,6.753
2026-09-28T00:30:31+00:00,8GoaTvZSVLRgdtVXymBFJC5poRideJ6y52a23GyxFN51,0.0011689389304014965,1168938.93,2.593970166e-06,0,0,0,0,0.0,0.0,333.698
2026-09-28T00:30:31+00:00,3CbU9nHixPuXzpAE26KmEw7YsVX3aHeUV5pUNU6hZaAB,3.150071615251161e-05,31475.5955614756,0.000274045747734261,0,0,0,0,0.0,0.0,190.438
2026-09-28T00:30:31+00:00,GXUuKPV1EkbUBAsVAo65TgPiYjdfqdFFfHf6g43evtNz,8.049722178735684e-05,80497.22179,6.850630139e-07,0,0,0,0,0.0,0.0,56.791
2026-09-28T00:30:31+00:00,ExKyiA5JsDayXJoaZGf2UoNT1oEciGvzN6MDgoV6yobd,1.6907126306202645e-05,16819.2652668193,0.0002341626249,0,0,0,0,0.0,0.0,62.461
2026-09-28T00:30:31+00:00,92BVgXufGjaMUyANA97dvg8LqNb5VMg2wgRfve9tPdCG,0.00044587474656801094,386106.0037,62267.8576,181,147,123,109,70571.6772115896,5.465,2407.387
2026-09-28T00:30:31+00:00,GhvNFSuQaF9upetYwpsZQXyCtaMxKw7mHwgFHD3qpump,3.686840578265292e-06,3686.8405779963,2918.2918,0,1,0,1,4.7700860313,0.0,-53.713
2026-09-28T00:30:31+00:00,ioQubVJtPKKJ4TRJa5EdfuJnbbs9DgmZ8AJgiyFK1ur,6.0335873588492206e-05,60535.25954,0.0,0,0,0,0,0.0,0.0,489.054
2026-09-28T00:30:31+00:00,9dWu7cE3wTjuWKn3yuiikXjScvCfN768jsfGbHqGAU7J,5.763205351107549e-05,57416.3601798558,23258.719,0,0,0,0,0.0,0.0,25.861
2026-09-28T00:30:31+00:00,AiaX1ApKHVJvQ7uHrZfu9GvAnWX2xSPn3pYdxjyMpump,0.007063374993896575,5513047.57583478,6.118455488e-07,0,0,0,0,0.0,0.0,14797.725
2026-09-28T00:30:31+00:00,TJY3o6nyEJqbhF2u1bPaDND5tCuQzYnUyDt45m5dCN7,0.0001134450543962891,113625.610713626,196741.173,275,186,111,27,415555.365013363,-1.465,40.074
2026-09-28T00:30:31+00:00,F1CZsBwru1KGc4wZHem9oAjna2xkBJ3DbS4db9QvBAGS,0.13964445480244214,139353.9271,0.049,0,0,0,0,0.0,0.0,43.407
2026-09-28T00:30:31+00:00,4BqLNJH1Eq12bN3RVGW4P9TySCwTE9SYP19w8n3KfTeE,3.788949331741886e-05,37039.4922911185,0.0003552120211,0,0,0,0,0.0,0.0,257.235
2026-09-28T00:30:31+00:00,Htu1b1AveATcMz4dUpPFazaoYDmdYkHF8AJQhQQkjups,6.38352577063509e-05,63835.25771,6.464971254e-07,0,0,0,0,0.0,0.0,33.847
2026-09-28T00:30:31+00:00,DiVUwGdHmRCdvMHFEeYDtBkMesCFUwF7f12Q1KdzJspQ,5.691978802790423e-05,45803.0672062863,6.231720677e-07,0,0,0,0,0.0,0.0,9.335
2026-09-28T00:30:31+00:00,2ktCbpQcyGLfCf6rvzFRW3yC9yB6EiJHqSCa4GxYWJA5,0.00028684057383550685,286840.5738,50156.6138,0,0,0,0,0.0,0.0,321.588
2026-09-28T00:30:31+00:00,He21ULnEnZUGw9AdCnMh9r63YnrrVGchRoScvCpYzyYm,1.9589117086954944e-05,19568.0510695681,9.55311336897325e-05,0,0,0,0,0.0,0.0,88.621
2026-09-28T00:30:31+00:00,NiE5b5BGgVG6VmbhbrF43rs6w2E5p8UjXaW7o8Hpump,3.439765551092923e-06,3439.765551,2733.0131,0,0,0,0,0.0,0.0,-2.459
2026-09-28T00:30:31+00:00,A5qxyf48mByCcALziXnkhbunU3xX4UobbLnc3aVG8ZYH,6.09918692176409e-05,60991.86922,0.0,0,0,0,0,0.0,0.0,494.322
2026-09-28T00:30:31+00:00,8qsb41LaqVYrc4j4RMoZkhvH8b6fApHvJGTC86RqoRaQ,3.249519417494755e-05,33006.1158430061,0.000111059846631336,0,0,0,0,0.0,0.0,432.481
2026-09-28T00:30:31+00:00,7vx98maEsECnuxfqWvAifx48H9iJZJJedMVCZ3hmpump,3.637793254524578e-06,3651.716543,2892.3199,0,8,0,7,88.0239515754,-4.158,5.334
2026-09-28T00:30:31+00:00,CSiCyBvFKELvXguAGva37xZjemiV53pUrD28HA3d42pG,2.142770418189267e-05,21427.7042014277,6.768545862e-05,0,0,0,0,0.0,0.0,106.927
2026-09-28T00:30:31+00:00,CkoG5d6EKpz7XahU1nUU66fkvc2jvVhWy3T3bJvSpump,0.005764279713297453,5764279.713,6.459417386e-07,125,13,102,13,453.9192446554,9413.374,11996.503
2026-09-28T00:30:31+00:00,3fkKkY2CJqABT9zgEnHrLvzWhAyJsPCfJp2kjZKReumq,4.52268118498211e-06,4917.6121659998,3835.7023,179,213,101,142,15490.3138834656,-64.422,22.903
2026-09-28T00:30:31+00:00,GPKrD4yrAkHDTWtofDMSvsoFzw37qiMbMmHxE87h8fhg,0.00020468413818296115,186869.5549,27292.2919,304,182,201,54,104415.522292779,22.341,59.444
2026-09-28T00:30:31+00:00,8dZxV68vLLoozS94RJyboeAJ6u6W9dhC73WiL9uYjups,5.444154710601654e-05,54367.79593,22059.2113,634,70,194,59,801.9321711185,8.583,13.181
2026-09-28T00:30:31+00:00,GKG6BPHz6pzpJMTwcEmjyu8qKjm7gZJXFPrHM4j9Fs85,0.0003999862479572263,398014.7173,1.43472629e-06,168,148,83,81,15970.491215274,16.624,-5.246
2026-09-28T00:30:31+00:00,5Lz1som5aA9iGkSCvoom5TvE5gLu4iBn5Le8n3Yupump,0.09858440430690085,88725.963879,0.0733,0,0,0,0,0.0,0.0,50.717
2026-09-28T00:30:31+00:00,3cgNRQRToBpqtGhvRztndJBDXSiZP3Y2FFt2uQxCpump,3.4078876139017863e-06,3407.887614,2709.0815,0,0,0,0,0.0,0.0,-10.528
2026-09-28T00:30:31+00:00,3x1A8ty18mycnq5eiYMVn49NG4tzC9W8KvSZUbHUpump,3.570663991721889e-06,3570.663992,2823.998,0,1,0,1,0.1350405999,0.0,-1.823
2026-09-28T00:30:31+00:00,6jR9ve6bbAqbmWMV3LX8y1KJiYvyzcSM8S63WUUWpump,2.8667922550366386e-06,2653.091535057,2911.3712,210,303,154,235,87227.7462076737,-71.262,-94.643
2026-09-28T00:30:31+00:00,XrR9rqzFCBEcYoeyKrHV2uYFmEkwPCh6cxB3KuPCGd5,3.078379492526379e-05,27601.6034,14459.3094,201,241,120,171,20205.0803802785,-50.415,-45.463
2026-09-28T00:30:31+00:00,2E6zwbWHBidtVe4dZhnRmaQhKaSxcAMzAF3LmGPTBWWS,2.7148795704132587e-05,23864.5363338645,32142.2888,915,576,417,86,179949.925665517,-4.256,128.755
2026-09-28T00:30:31+00:00,D9fzjmqsRfSKGLxtdM1NZX45URC8NieK3CgRae2ERPW8,2.002358626312112e-05,20023.5862800236,5.70378644e-05,927,507,599,75,128272.662666723,221.13,221.13
