R,S,rr,K,G,colchon,ev,p_cobra,n_ret,dias,neto_cupo,neto_cupo_año
100,20,1,1,300.0,-1,0.0,0.0,0.0,143.95666666666668,-234.19793502895996,-409.9697568293554
100,20,1,1,300.0,0,0.0,0.0,0.0,143.95666666666668,-234.19793502895996,-409.9697568293554
100,20,1,1,300.0,500,0.0,0.0,0.0,143.95666666666668,-234.19793502895996,-409.9697568293554
100,20,1,1,300.0,1000,0.0,0.0,0.0,143.95666666666668,-234.19793502895996,-409.9697568293554
100,20,1,1,300.0,1500,0.0,0.0,0.0,143.95666666666668,-234.19793502895996,-409.9697568293554
100,20,1,1,300.0,2500,0.0,0.0,0.0,143.95666666666668,-234.19793502895996,-409.9697568293554
100,20,1,1,600.0,-1,0.0,0.0,0.0,143.95666666666668,-234.19793502895996,-409.9697568293554
100,20,1,1,600.0,0,0.0,0.0,0.0,143.95666666666668,-234.19793502895996,-409.9697568293554
100,20,1,1,600.0,500,0.0,0.0,0.0,143.95666666666668,-234.19793502895996,-409.9697568293554
100,20,1,1,600.0,1000,0.0,0.0,0.0,143.95666666666668,-234.19793502895996,-409.9697568293554
100,20,1,1,600.0,1500,0.0,0.0,0.0,143.95666666666668,-234.19793502895996,-409.9697568293554
100,20,1,1,600.0,2500,0.0,0.0,0.0,143.95666666666668,-234.19793502895996,-409.9697568293554
100,20,1,1,1000000000.0,-1,0.0,0.0,0.0,143.95666666666668,-234.19793502895996,-409.9697568293554
100,20,1,1,1000000000.0,0,0.0,0.0,0.0,143.95666666666668,-234.19793502895996,-409.9697568293554
100,20,1,1,1000000000.0,500,0.0,0.0,0.0,143.95666666666668,-234.19793502895996,-409.9697568293554
100,20,1,1,1000000000.0,1000,0.0,0.0,0.0,143.95666666666668,-234.19793502895996,-409.9697568293554
100,20,1,1,1000000000.0,1500,0.0,0.0,0.0,143.95666666666668,-234.19793502895996,-409.9697568293554
100,20,1,1,1000000000.0,2500,0.0,0.0,0.0,143.95666666666668,-234.19793502895996,-409.9697568293554
100,20,1,2,300.0,-1,0.0,0.0,0.0,84.31733333333334,-234.19793502895996,-699.9495512266901
100,20,1,2,300.0,0,0.0,0.0,0.0,84.31733333333334,-234.19793502895996,-699.9495512266901
100,20,1,2,300.0,500,0.0,0.0,0.0,84.31733333333334,-234.19793502895996,-699.9495512266901
100,20,1,2,300.0,1000,0.0,0.0,0.0,84.31733333333334,-234.19793502895996,-699.9495512266901
100,20,1,2,300.0,1500,0.0,0.0,0.0,84.31733333333334,-234.19793502895996,-699.9495512266901
100,20,1,2,300.0,2500,0.0,0.0,0.0,84.31733333333334,-234.19793502895996,-699.9495512266901
100,20,1,2,600.0,-1,0.0,0.0,0.0,84.31733333333334,-234.19793502895996,-699.9495512266901
100,20,1,2,600.0,0,0.0,0.0,0.0,84.31733333333334,-234.19793502895996,-699.9495512266901
100,20,1,2,600.0,500,0.0,0.0,0.0,84.31733333333334,-234.19793502895996,-699.9495512266901
100,20,1,2,600.0,1000,0.0,0.0,0.0,84.31733333333334,-234.19793502895996,-699.9495512266901
100,20,1,2,600.0,1500,0.0,0.0,0.0,84.31733333333334,-234.19793502895996,-699.9495512266901
100,20,1,2,600.0,2500,0.0,0.0,0.0,84.31733333333334,-234.19793502895996,-699.9495512266901
100,20,1,2,1000000000.0,-1,0.0,0.0,0.0,84.31733333333334,-234.19793502895996,-699.9495512266901
100,20,1,2,1000000000.0,0,0.0,0.0,0.0,84.31733333333334,-234.19793502895996,-699.9495512266901
100,20,1,2,1000000000.0,500,0.0,0.0,0.0,84.31733333333334,-234.19793502895996,-699.9495512266901
100,20,1,2,1000000000.0,1000,0.0,0.0,0.0,84.31733333333334,-234.19793502895996,-699.9495512266901
100,20,1,2,1000000000.0,1500,0.0,0.0,0.0,84.31733333333334,-234.19793502895996,-699.9495512266901
100,20,1,2,1000000000.0,2500,0.0,0.0,0.0,84.31733333333334,-234.19793502895996,-699.9495512266901
100,20,2,1,300.0,-1,12.6,0.008666666666666666,0.009333333333333334,151.32266666666666,-221.59793502895997,-369.030501889767
100,20,2,1,300.0,0,12.6,0.008666666666666666,0.009333333333333334,151.32266666666666,-221.59793502895997,-369.030501889767
100,20,2,1,300.0,500,12.6,0.008666666666666666,0.009333333333333334,151.32266666666666,-221.59793502895997,-369.030501889767
100,20,2,1,300.0,1000,12.6,0.008666666666666666,0.009333333333333334,151.32266666666666,-221.59793502895997,-369.030501889767
100,20,2,1,300.0,1500,12.6,0.008666666666666666,0.009333333333333334,151.32266666666666,-221.59793502895997,-369.030501889767
100,20,2,1,300.0,2500,2.7,0.002,0.002,151.39866666666666,-231.49793502895997,-385.32360232563417
100,20,2,1,600.0,-1,12.6,0.008666666666666666,0.009333333333333334,151.32266666666666,-221.59793502895997,-369.030501889767
100,20,2,1,600.0,0,12.6,0.008666666666666666,0.009333333333333334,151.32266666666666,-221.59793502895997,-369.030501889767
100,20,2,1,600.0,500,12.6,0.008666666666666666,0.009333333333333334,151.32266666666666,-221.59793502895997,-369.030501889767
100,20,2,1,600.0,1000,12.6,0.008666666666666666,0.009333333333333334,151.32266666666666,-221.59793502895997,-369.030501889767
100,20,2,1,600.0,1500,12.6,0.008666666666666666,0.009333333333333334,151.32266666666666,-221.59793502895997,-369.030501889767
100,20,2,1,600.0,2500,2.7,0.002,0.002,151.39866666666666,-231.49793502895997,-385.32360232563417
100,20,2,1,1000000000.0,-1,12.6,0.008666666666666666,0.009333333333333334,151.32266666666666,-221.59793502895997,-369.030501889767
100,20,2,1,1000000000.0,0,12.6,0.008666666666666666,0.009333333333333334,151.32266666666666,-221.59793502895997,-369.030501889767
100,20,2,1,1000000000.0,500,12.6,0.008666666666666666,0.009333333333333334,151.32266666666666,-221.59793502895997,-369.030501889767
100,20,2,1,1000000000.0,1000,12.6,0.008666666666666666,0.009333333333333334,151.32266666666666,-221.59793502895997,-369.030501889767
100,20,2,1,1000000000.0,1500,12.6,0.008666666666666666,0.009333333333333334,151.32266666666666,-221.59793502895997,-369.030501889767
100,20,2,1,1000000000.0,2500,2.7,0.002,0.002,151.39866666666666,-231.49793502895997,-385.32360232563417
100,20,2,2,300.0,-1,29.7,0.02,0.022,92.85466666666666,-204.49793502895997,-554.9907342007357
100,20,2,2,300.0,0,29.7,0.02,0.022,92.85466666666666,-204.49793502895997,-554.9907342007357
100,20,2,2,300.0,500,29.7,0.02,0.022,92.85466666666666,-204.49793502895997,-554.9907342007357
100,20,2,2,300.0,1000,29.7,0.02,0.022,92.85466666666666,-204.49793502895997,-554.9907342007357
100,20,2,2,300.0,1500,29.7,0.02,0.022,92.85466666666666,-204.49793502895997,-554.9907342007357
100,20,2,2,300.0,2500,7.2,0.004666666666666667,0.005333333333333333,93.45866666666667,-226.99793502895997,-612.0724986514314
100,20,2,2,600.0,-1,29.7,0.02,0.022,92.85466666666666,-204.49793502895997,-554.9907342007357
100,20,2,2,600.0,0,29.7,0.02,0.022,92.85466666666666,-204.49793502895997,-554.9907342007357
100,20,2,2,600.0,500,29.7,0.02,0.022,92.85466666666666,-204.49793502895997,-554.9907342007357
100,20,2,2,600.0,1000,29.7,0.02,0.022,92.85466666666666,-204.49793502895997,-554.9907342007357
100,20,2,2,600.0,1500,29.7,0.02,0.022,92.85466666666666,-204.49793502895997,-554.9907342007357
100,20,2,2,600.0,2500,7.2,0.004666666666666667,0.005333333333333333,93.45866666666667,-226.99793502895997,-612.0724986514314
100,20,2,2,1000000000.0,-1,29.7,0.02,0.022,92.85466666666666,-204.49793502895997,-554.9907342007357
100,20,2,2,1000000000.0,0,29.7,0.02,0.022,92.85466666666666,-204.49793502895997,-554.9907342007357
100,20,2,2,1000000000.0,500,29.7,0.02,0.022,92.85466666666666,-204.49793502895997,-554.9907342007357
100,20,2,2,1000000000.0,1000,29.7,0.02,0.022,92.85466666666666,-204.49793502895997,-554.9907342007357
100,20,2,2,1000000000.0,1500,29.7,0.02,0.022,92.85466666666666,-204.49793502895997,-554.9907342007357
100,20,2,2,1000000000.0,2500,7.2,0.004666666666666667,0.005333333333333333,93.45866666666667,-226.99793502895997,-612.0724986514314
100,20,3,1,300.0,-1,82.8,0.054,0.06133333333333333,146.41866666666667,-151.39793502895998,-260.56977908530274
100,20,3,1,300.0,0,82.8,0.054,0.06133333333333333,146.41866666666667,-151.39793502895998,-260.56977908530274
100,20,3,1,300.0,500,82.8,0.054,0.06133333333333333,146.41866666666667,-151.39793502895998,-260.56977908530274
100,20,3,1,300.0,1000,82.8,0.054,0.06133333333333333,146.41866666666667,-151.39793502895998,-260.56977908530274
100,20,3,1,300.0,1500,82.8,0.054,0.06133333333333333,146.41866666666667,-151.39793502895998,-260.56977908530274
100,20,3,1,300.0,2500,20.7,0.012666666666666666,0.015333333333333332,147.30466666666666,-213.49793502895997,-365.2394784548436
100,20,3,1,600.0,-1,82.8,0.054,0.06133333333333333,146.41866666666667,-151.39793502895998,-260.56977908530274
100,20,3,1,600.0,0,82.8,0.054,0.06133333333333333,146.41866666666667,-151.39793502895998,-260.56977908530274
100,20,3,1,600.0,500,82.8,0.054,0.06133333333333333,146.41866666666667,-151.39793502895998,-260.56977908530274
100,20,3,1,600.0,1000,82.8,0.054,0.06133333333333333,146.41866666666667,-151.39793502895998,-260.56977908530274
100,20,3,1,600.0,1500,82.8,0.054,0.06133333333333333,146.41866666666667,-151.39793502895998,-260.56977908530274
100,20,3,1,600.0,2500,20.7,0.012666666666666666,0.015333333333333332,147.30466666666666,-213.49793502895997,-365.2394784548436
100,20,3,1,1000000000.0,-1,82.8,0.054,0.06133333333333333,146.41866666666667,-151.39793502895998,-260.56977908530274
100,20,3,1,1000000000.0,0,82.8,0.054,0.06133333333333333,146.41866666666667,-151.39793502895998,-260.56977908530274
100,20,3,1,1000000000.0,500,82.8,0.054,0.06133333333333333,146.41866666666667,-151.39793502895998,-260.56977908530274
100,20,3,1,1000000000.0,1000,82.8,0.054,0.06133333333333333,146.41866666666667,-151.39793502895998,-260.56977908530274
100,20,3,1,1000000000.0,1500,82.8,0.054,0.06133333333333333,146.41866666666667,-151.39793502895998,-260.56977908530274
100,20,3,1,1000000000.0,2500,20.7,0.012666666666666666,0.015333333333333332,147.30466666666666,-213.49793502895997,-365.2394784548436
100,20,3,2,300.0,-1,153.0,0.08933333333333333,0.11333333333333333,89.724,-81.19793502895996,-228.05358240044927
100,20,3,2,300.0,0,153.0,0.08933333333333333,0.11333333333333333,89.724,-81.19793502895996,-228.05358240044927
100,20,3,2,300.0,500,153.0,0.08933333333333333,0.11333333333333333,89.724,-81.19793502895996,-228.05358240044927
100,20,3,2,300.0,1000,153.0,0.08933333333333333,0.11333333333333333,89.724,-81.19793502895996,-228.05358240044927
100,20,3,2,300.0,1500,153.0,0.08933333333333333,0.11333333333333333,89.724,-81.19793502895996,-228.05358240044927
100,20,3,2,300.0,2500,72.0,0.04466666666666667,0.05333333333333334,92.96733333333333,-162.19793502895996,-439.6585140368077
100,20,3,2,600.0,-1,153.0,0.08933333333333333,0.11333333333333333,89.724,-81.19793502895996,-228.05358240044927
100,20,3,2,600.0,0,153.0,0.08933333333333333,0.11333333333333333,89.724,-81.19793502895996,-228.05358240044927
100,20,3,2,600.0,500,153.0,0.08933333333333333,0.11333333333333333,89.724,-81.19793502895996,-228.05358240044927
100,20,3,2,600.0,1000,153.0,0.08933333333333333,0.11333333333333333,89.724,-81.19793502895996,-228.05358240044927
100,20,3,2,600.0,1500,153.0,0.08933333333333333,0.11333333333333333,89.724,-81.19793502895996,-228.05358240044927
100,20,3,2,600.0,2500,72.0,0.04466666666666667,0.05333333333333334,92.96733333333333,-162.19793502895996,-439.6585140368077
100,20,3,2,1000000000.0,-1,153.0,0.08933333333333333,0.11333333333333333,89.724,-81.19793502895996,-228.05358240044927
100,20,3,2,1000000000.0,0,153.0,0.08933333333333333,0.11333333333333333,89.724,-81.19793502895996,-228.05358240044927
100,20,3,2,1000000000.0,500,153.0,0.08933333333333333,0.11333333333333333,89.724,-81.19793502895996,-228.05358240044927
100,20,3,2,1000000000.0,1000,153.0,0.08933333333333333,0.11333333333333333,89.724,-81.19793502895996,-228.05358240044927
100,20,3,2,1000000000.0,1500,153.0,0.08933333333333333,0.11333333333333333,89.724,-81.19793502895996,-228.05358240044927
100,20,3,2,1000000000.0,2500,72.0,0.04466666666666667,0.05333333333333334,92.96733333333333,-162.19793502895996,-439.6585140368077
100,40,1,1,300.0,-1,0.0,0.0,0.0,212.47666666666666,-234.19793502895996,-277.76169756976253
100,40,1,1,300.0,0,0.0,0.0,0.0,212.47666666666666,-234.19793502895996,-277.76169756976253
100,40,1,1,300.0,500,0.0,0.0,0.0,212.47666666666666,-234.19793502895996,-277.76169756976253
100,40,1,1,300.0,1000,0.0,0.0,0.0,212.47666666666666,-234.19793502895996,-277.76169756976253
100,40,1,1,300.0,1500,0.0,0.0,0.0,212.47666666666666,-234.19793502895996,-277.76169756976253
100,40,1,1,300.0,2500,0.0,0.0,0.0,212.47666666666666,-234.19793502895996,-277.76169756976253
100,40,1,1,600.0,-1,0.0,0.0,0.0,212.47666666666666,-234.19793502895996,-277.76169756976253
100,40,1,1,600.0,0,0.0,0.0,0.0,212.47666666666666,-234.19793502895996,-277.76169756976253
100,40,1,1,600.0,500,0.0,0.0,0.0,212.47666666666666,-234.19793502895996,-277.76169756976253
100,40,1,1,600.0,1000,0.0,0.0,0.0,212.47666666666666,-234.19793502895996,-277.76169756976253
100,40,1,1,600.0,1500,0.0,0.0,0.0,212.47666666666666,-234.19793502895996,-277.76169756976253
100,40,1,1,600.0,2500,0.0,0.0,0.0,212.47666666666666,-234.19793502895996,-277.76169756976253
100,40,1,1,1000000000.0,-1,0.0,0.0,0.0,212.47666666666666,-234.19793502895996,-277.76169756976253
100,40,1,1,1000000000.0,0,0.0,0.0,0.0,212.47666666666666,-234.19793502895996,-277.76169756976253
100,40,1,1,1000000000.0,500,0.0,0.0,0.0,212.47666666666666,-234.19793502895996,-277.76169756976253
100,40,1,1,1000000000.0,1000,0.0,0.0,0.0,212.47666666666666,-234.19793502895996,-277.76169756976253
100,40,1,1,1000000000.0,1500,0.0,0.0,0.0,212.47666666666666,-234.19793502895996,-277.76169756976253
100,40,1,1,1000000000.0,2500,0.0,0.0,0.0,212.47666666666666,-234.19793502895996,-277.76169756976253
100,40,1,2,300.0,-1,18.9,0.014,0.014,150.12866666666667,-215.29793502895996,-361.39053807599197
100,40,1,2,300.0,0,18.9,0.014,0.014,150.12866666666667,-215.29793502895996,-361.39053807599197
100,40,1,2,300.0,500,18.9,0.014,0.014,150.12866666666667,-215.29793502895996,-361.39053807599197
100,40,1,2,300.0,1000,18.9,0.014,0.014,150.12866666666667,-215.29793502895996,-361.39053807599197
100,40,1,2,300.0,1500,18.9,0.014,0.014,150.12866666666667,-215.29793502895996,-361.39053807599197
100,40,1,2,300.0,2500,0.0,0.0,0.0,150.30266666666665,-234.19793502895996,-392.6602297628202
100,40,1,2,600.0,-1,18.9,0.014,0.014,150.12866666666667,-215.29793502895996,-361.39053807599197
100,40,1,2,600.0,0,18.9,0.014,0.014,150.12866666666667,-215.29793502895996,-361.39053807599197
100,40,1,2,600.0,500,18.9,0.014,0.014,150.12866666666667,-215.29793502895996,-361.39053807599197
100,40,1,2,600.0,1000,18.9,0.014,0.014,150.12866666666667,-215.29793502895996,-361.39053807599197
100,40,1,2,600.0,1500,18.9,0.014,0.014,150.12866666666667,-215.29793502895996,-361.39053807599197
100,40,1,2,600.0,2500,0.0,0.0,0.0,150.30266666666665,-234.19793502895996,-392.6602297628202
100,40,1,2,1000000000.0,-1,18.9,0.014,0.014,150.12866666666667,-215.29793502895996,-361.39053807599197
100,40,1,2,1000000000.0,0,18.9,0.014,0.014,150.12866666666667,-215.29793502895996,-361.39053807599197
100,40,1,2,1000000000.0,500,18.9,0.014,0.014,150.12866666666667,-215.29793502895996,-361.39053807599197
100,40,1,2,1000000000.0,1000,18.9,0.014,0.014,150.12866666666667,-215.29793502895996,-361.39053807599197
100,40,1,2,1000000000.0,1500,18.9,0.014,0.014,150.12866666666667,-215.29793502895996,-361.39053807599197
100,40,1,2,1000000000.0,2500,0.0,0.0,0.0,150.30266666666665,-234.19793502895996,-392.6602297628202
100,40,2,1,300.0,-1,84.6,0.05466666666666667,0.06266666666666666,187.54,-149.59793502895997,-201.01674110748593
100,40,2,1,300.0,0,84.6,0.05466666666666667,0.06266666666666666,187.54,-149.59793502895997,-201.01674110748593
100,40,2,1,300.0,500,84.6,0.05466666666666667,0.06266666666666666,187.54,-149.59793502895997,-201.01674110748593
100,40,2,1,300.0,1000,84.6,0.05466666666666667,0.06266666666666666,187.54,-149.59793502895997,-201.01674110748593
100,40,2,1,300.0,1500,84.6,0.05466666666666667,0.06266666666666666,187.54,-149.59793502895997,-201.01674110748593
100,40,2,1,300.0,2500,19.8,0.014,0.014666666666666666,188.01266666666666,-214.39793502895995,-287.36510462396814
100,40,2,1,600.0,-1,84.6,0.05466666666666667,0.06266666666666666,187.54,-149.59793502895997,-201.01674110748593
100,40,2,1,600.0,0,84.6,0.05466666666666667,0.06266666666666666,187.54,-149.59793502895997,-201.01674110748593
100,40,2,1,600.0,500,84.6,0.05466666666666667,0.06266666666666666,187.54,-149.59793502895997,-201.01674110748593
100,40,2,1,600.0,1000,84.6,0.05466666666666667,0.06266666666666666,187.54,-149.59793502895997,-201.01674110748593
100,40,2,1,600.0,1500,84.6,0.05466666666666667,0.06266666666666666,187.54,-149.59793502895997,-201.01674110748593
100,40,2,1,600.0,2500,19.8,0.014,0.014666666666666666,188.01266666666666,-214.39793502895995,-287.36510462396814
100,40,2,1,1000000000.0,-1,84.6,0.05466666666666667,0.06266666666666666,187.54,-149.59793502895997,-201.01674110748593
100,40,2,1,1000000000.0,0,84.6,0.05466666666666667,0.06266666666666666,187.54,-149.59793502895997,-201.01674110748593
100,40,2,1,1000000000.0,500,84.6,0.05466666666666667,0.06266666666666666,187.54,-149.59793502895997,-201.01674110748593
100,40,2,1,1000000000.0,1000,84.6,0.05466666666666667,0.06266666666666666,187.54,-149.59793502895997,-201.01674110748593
100,40,2,1,1000000000.0,1500,84.6,0.05466666666666667,0.06266666666666666,187.54,-149.59793502895997,-201.01674110748593
100,40,2,1,1000000000.0,2500,19.8,0.014,0.014666666666666666,188.01266666666666,-214.39793502895995,-287.36510462396814
100,40,2,2,300.0,-1,280.7806292798781,0.14866666666666667,0.206,133.16866666666667,46.58269425091814,88.15015757884514
100,40,2,2,300.0,0,280.8,0.14866666666666667,0.206,133.16866666666667,46.60206497104005,88.18681350995048
100,40,2,2,300.0,500,279.0,0.14866666666666667,0.20533333333333334,133.20533333333333,44.80206497104004,84.75726977424895
100,40,2,2,300.0,1000,277.2,0.14866666666666667,0.20466666666666666,133.21466666666666,43.00206497104003,81.34630100315847
100,40,2,2,300.0,1500,277.2,0.14866666666666667,0.20466666666666666,133.21466666666666,43.00206497104003,81.34630100315847
100,40,2,2,300.0,2500,125.1,0.07466666666666667,0.09266666666666666,137.236,-109.09793502895997,-200.33139720844324
100,40,2,2,600.0,-1,280.7806292798781,0.14866666666666667,0.206,133.16866666666667,46.58269425091814,88.15015757884514
100,40,2,2,600.0,0,280.8,0.14866666666666667,0.206,133.16866666666667,46.60206497104005,88.18681350995048
100,40,2,2,600.0,500,279.0,0.14866666666666667,0.20533333333333334,133.20533333333333,44.80206497104004,84.75726977424895
100,40,2,2,600.0,1000,277.2,0.14866666666666667,0.20466666666666666,133.21466666666666,43.00206497104003,81.34630100315847
100,40,2,2,600.0,1500,277.2,0.14866666666666667,0.20466666666666666,133.21466666666666,43.00206497104003,81.34630100315847
100,40,2,2,600.0,2500,125.1,0.07466666666666667,0.09266666666666666,137.236,-109.09793502895997,-200.33139720844324
100,40,2,2,1000000000.0,-1,280.7806292798781,0.14866666666666667,0.206,133.16866666666667,46.58269425091814,88.15015757884514
100,40,2,2,1000000000.0,0,280.8,0.14866666666666667,0.206,133.16866666666667,46.60206497104005,88.18681350995048
100,40,2,2,1000000000.0,500,279.0,0.14866666666666667,0.20533333333333334,133.20533333333333,44.80206497104004,84.75726977424895
100,40,2,2,1000000000.0,1000,277.2,0.14866666666666667,0.20466666666666666,133.21466666666666,43.00206497104003,81.34630100315847
100,40,2,2,1000000000.0,1500,277.2,0.14866666666666667,0.20466666666666666,133.21466666666666,43.00206497104003,81.34630100315847
100,40,2,2,1000000000.0,2500,125.1,0.07466666666666667,0.09266666666666666,137.236,-109.09793502895997,-200.33139720844324
100,40,3,1,300.0,-1,203.4,0.12066666666666667,0.15066666666666667,160.66466666666668,-30.797935028959955,-48.30607617915104
100,40,3,1,300.0,0,203.4,0.12066666666666667,0.15066666666666667,160.66466666666668,-30.797935028959955,-48.30607617915104
100,40,3,1,300.0,500,203.4,0.12066666666666667,0.15066666666666667,160.66466666666668,-30.797935028959955,-48.30607617915104
100,40,3,1,300.0,1000,203.4,0.12066666666666667,0.15066666666666667,160.66466666666668,-30.797935028959955,-48.30607617915104
100,40,3,1,300.0,1500,203.4,0.12066666666666667,0.15066666666666667,160.66466666666668,-30.797935028959955,-48.30607617915104
100,40,3,1,300.0,2500,67.5,0.042,0.05,162.72733333333332,-166.69793502895996,-258.14888480503936
100,40,3,1,600.0,-1,203.4,0.12066666666666667,0.15066666666666667,160.66466666666668,-30.797935028959955,-48.30607617915104
100,40,3,1,600.0,0,203.4,0.12066666666666667,0.15066666666666667,160.66466666666668,-30.797935028959955,-48.30607617915104
100,40,3,1,600.0,500,203.4,0.12066666666666667,0.15066666666666667,160.66466666666668,-30.797935028959955,-48.30607617915104
100,40,3,1,600.0,1000,203.4,0.12066666666666667,0.15066666666666667,160.66466666666668,-30.797935028959955,-48.30607617915104
100,40,3,1,600.0,1500,203.4,0.12066666666666667,0.15066666666666667,160.66466666666668,-30.797935028959955,-48.30607617915104
100,40,3,1,600.0,2500,67.5,0.042,0.05,162.72733333333332,-166.69793502895996,-258.14888480503936
100,40,3,1,1000000000.0,-1,203.4,0.12066666666666667,0.15066666666666667,160.66466666666668,-30.797935028959955,-48.30607617915104
100,40,3,1,1000000000.0,0,203.4,0.12066666666666667,0.15066666666666667,160.66466666666668,-30.797935028959955,-48.30607617915104
100,40,3,1,1000000000.0,500,203.4,0.12066666666666667,0.15066666666666667,160.66466666666668,-30.797935028959955,-48.30607617915104
100,40,3,1,1000000000.0,1000,203.4,0.12066666666666667,0.15066666666666667,160.66466666666668,-30.797935028959955,-48.30607617915104
100,40,3,1,1000000000.0,1500,203.4,0.12066666666666667,0.15066666666666667,160.66466666666668,-30.797935028959955,-48.30607617915104
100,40,3,1,1000000000.0,2500,67.5,0.042,0.05,162.72733333333332,-166.69793502895996,-258.14888480503936
100,40,3,2,300.0,-1,500.26238634324096,0.20866666666666667,0.35933333333333334,107.23466666666667,266.064451314281,625.2478215800749
100,40,3,2,300.0,0,500.4,0.20866666666666667,0.35933333333333334,107.23466666666667,266.20206497104004,625.5712117912934
100,40,3,2,300.0,500,495.0,0.20866666666666667,0.35733333333333334,107.53266666666667,260.80206497104007,611.1828378294542
100,40,3,2,300.0,1000,484.2,0.20866666666666667,0.35333333333333333,107.67266666666667,250.00206497104003,585.1115452331023
100,40,3,2,300.0,1500,477.0,0.20866666666666667,0.3506666666666667,107.70133333333334,242.80206497104004,568.1092190691116
100,40,3,2,300.0,2500,302.4,0.13866666666666666,0.22333333333333333,115.67133333333334,68.20206497104002,148.58409493019374
100,40,3,2,600.0,-1,500.26238634324096,0.20866666666666667,0.35933333333333334,107.23466666666667,266.064451314281,625.2478215800749
100,40,3,2,600.0,0,500.4,0.20866666666666667,0.35933333333333334,107.23466666666667,266.20206497104004,625.5712117912934
100,40,3,2,600.0,500,495.0,0.20866666666666667,0.35733333333333334,107.53266666666667,260.80206497104007,611.1828378294542
100,40,3,2,600.0,1000,484.2,0.20866666666666667,0.35333333333333333,107.67266666666667,250.00206497104003,585.1115452331023
100,40,3,2,600.0,1500,477.0,0.20866666666666667,0.3506666666666667,107.70133333333334,242.80206497104004,568.1092190691116
100,40,3,2,600.0,2500,302.4,0.13866666666666666,0.22333333333333333,115.67133333333334,68.20206497104002,148.58409493019374
100,40,3,2,1000000000.0,-1,500.26238634324096,0.20866666666666667,0.35933333333333334,107.23466666666667,266.064451314281,625.2478215800749
100,40,3,2,1000000000.0,0,500.4,0.20866666666666667,0.35933333333333334,107.23466666666667,266.20206497104004,625.5712117912934
100,40,3,2,1000000000.0,500,495.0,0.20866666666666667,0.35733333333333334,107.53266666666667,260.80206497104007,611.1828378294542
100,40,3,2,1000000000.0,1000,484.2,0.20866666666666667,0.35333333333333333,107.67266666666667,250.00206497104003,585.1115452331023
100,40,3,2,1000000000.0,1500,477.0,0.20866666666666667,0.3506666666666667,107.70133333333334,242.80206497104004,568.1092190691116
100,40,3,2,1000000000.0,2500,302.4,0.13866666666666666,0.22333333333333333,115.67133333333334,68.20206497104002,148.58409493019374
100,60,1,1,300.0,-1,0.0,0.0,0.0,250.0,-234.19793502895996,-236.07151850919163
100,60,1,1,300.0,0,0.0,0.0,0.0,250.0,-234.19793502895996,-236.07151850919163
100,60,1,1,300.0,500,0.0,0.0,0.0,250.0,-234.19793502895996,-236.07151850919163
100,60,1,1,300.0,1000,0.0,0.0,0.0,250.0,-234.19793502895996,-236.07151850919163
100,60,1,1,300.0,1500,0.0,0.0,0.0,250.0,-234.19793502895996,-236.07151850919163
100,60,1,1,300.0,2500,0.0,0.0,0.0,250.0,-234.19793502895996,-236.07151850919163
100,60,1,1,600.0,-1,0.0,0.0,0.0,250.0,-234.19793502895996,-236.07151850919163
100,60,1,1,600.0,0,0.0,0.0,0.0,250.0,-234.19793502895996,-236.07151850919163
100,60,1,1,600.0,500,0.0,0.0,0.0,250.0,-234.19793502895996,-236.07151850919163
100,60,1,1,600.0,1000,0.0,0.0,0.0,250.0,-234.19793502895996,-236.07151850919163
100,60,1,1,600.0,1500,0.0,0.0,0.0,250.0,-234.19793502895996,-236.07151850919163
100,60,1,1,600.0,2500,0.0,0.0,0.0,250.0,-234.19793502895996,-236.07151850919163
100,60,1,1,1000000000.0,-1,0.0,0.0,0.0,250.0,-234.19793502895996,-236.07151850919163
100,60,1,1,1000000000.0,0,0.0,0.0,0.0,250.0,-234.19793502895996,-236.07151850919163
100,60,1,1,1000000000.0,500,0.0,0.0,0.0,250.0,-234.19793502895996,-236.07151850919163
100,60,1,1,1000000000.0,1000,0.0,0.0,0.0,250.0,-234.19793502895996,-236.07151850919163
100,60,1,1,1000000000.0,1500,0.0,0.0,0.0,250.0,-234.19793502895996,-236.07151850919163
100,60,1,1,1000000000.0,2500,0.0,0.0,0.0,250.0,-234.19793502895996,-236.07151850919163
100,60,1,2,300.0,-1,0.0,0.0,0.0,250.0,-234.19793502895996,-236.07151850919163
100,60,1,2,300.0,0,0.0,0.0,0.0,250.0,-234.19793502895996,-236.07151850919163
100,60,1,2,300.0,500,0.0,0.0,0.0,250.0,-234.19793502895996,-236.07151850919163
100,60,1,2,300.0,1000,0.0,0.0,0.0,250.0,-234.19793502895996,-236.07151850919163
100,60,1,2,300.0,1500,0.0,0.0,0.0,250.0,-234.19793502895996,-236.07151850919163
100,60,1,2,300.0,2500,0.0,0.0,0.0,250.0,-234.19793502895996,-236.07151850919163
100,60,1,2,600.0,-1,0.0,0.0,0.0,250.0,-234.19793502895996,-236.07151850919163
100,60,1,2,600.0,0,0.0,0.0,0.0,250.0,-234.19793502895996,-236.07151850919163
100,60,1,2,600.0,500,0.0,0.0,0.0,250.0,-234.19793502895996,-236.07151850919163
100,60,1,2,600.0,1000,0.0,0.0,0.0,250.0,-234.19793502895996,-236.07151850919163
100,60,1,2,600.0,1500,0.0,0.0,0.0,250.0,-234.19793502895996,-236.07151850919163
100,60,1,2,600.0,2500,0.0,0.0,0.0,250.0,-234.19793502895996,-236.07151850919163
100,60,1,2,1000000000.0,-1,0.0,0.0,0.0,250.0,-234.19793502895996,-236.07151850919163
100,60,1,2,1000000000.0,0,0.0,0.0,0.0,250.0,-234.19793502895996,-236.07151850919163
100,60,1,2,1000000000.0,500,0.0,0.0,0.0,250.0,-234.19793502895996,-236.07151850919163
100,60,1,2,1000000000.0,1000,0.0,0.0,0.0,250.0,-234.19793502895996,-236.07151850919163
100,60,1,2,1000000000.0,1500,0.0,0.0,0.0,250.0,-234.19793502895996,-236.07151850919163
100,60,1,2,1000000000.0,2500,0.0,0.0,0.0,250.0,-234.19793502895996,-236.07151850919163
100,60,2,1,300.0,-1,0.0,0.0,0.0,250.0,-234.19793502895996,-236.07151850919163
100,60,2,1,300.0,0,0.0,0.0,0.0,250.0,-234.19793502895996,-236.07151850919163
100,60,2,1,300.0,500,0.0,0.0,0.0,250.0,-234.19793502895996,-236.07151850919163
100,60,2,1,300.0,1000,0.0,0.0,0.0,250.0,-234.19793502895996,-236.07151850919163
100,60,2,1,300.0,1500,0.0,0.0,0.0,250.0,-234.19793502895996,-236.07151850919163
100,60,2,1,300.0,2500,0.0,0.0,0.0,250.0,-234.19793502895996,-236.07151850919163
100,60,2,1,600.0,-1,0.0,0.0,0.0,250.0,-234.19793502895996,-236.07151850919163
100,60,2,1,600.0,0,0.0,0.0,0.0,250.0,-234.19793502895996,-236.07151850919163
100,60,2,1,600.0,500,0.0,0.0,0.0,250.0,-234.19793502895996,-236.07151850919163
100,60,2,1,600.0,1000,0.0,0.0,0.0,250.0,-234.19793502895996,-236.07151850919163
100,60,2,1,600.0,1500,0.0,0.0,0.0,250.0,-234.19793502895996,-236.07151850919163
100,60,2,1,600.0,2500,0.0,0.0,0.0,250.0,-234.19793502895996,-236.07151850919163
100,60,2,1,1000000000.0,-1,0.0,0.0,0.0,250.0,-234.19793502895996,-236.07151850919163
100,60,2,1,1000000000.0,0,0.0,0.0,0.0,250.0,-234.19793502895996,-236.07151850919163
100,60,2,1,1000000000.0,500,0.0,0.0,0.0,250.0,-234.19793502895996,-236.07151850919163
100,60,2,1,1000000000.0,1000,0.0,0.0,0.0,250.0,-234.19793502895996,-236.07151850919163
100,60,2,1,1000000000.0,1500,0.0,0.0,0.0,250.0,-234.19793502895996,-236.07151850919163
100,60,2,1,1000000000.0,2500,0.0,0.0,0.0,250.0,-234.19793502895996,-236.07151850919163
100,60,2,2,300.0,-1,0.0,0.0,0.0,250.0,-234.19793502895996,-236.07151850919163
100,60,2,2,300.0,0,0.0,0.0,0.0,250.0,-234.19793502895996,-236.07151850919163
100,60,2,2,300.0,500,0.0,0.0,0.0,250.0,-234.19793502895996,-236.07151850919163
100,60,2,2,300.0,1000,0.0,0.0,0.0,250.0,-234.19793502895996,-236.07151850919163
100,60,2,2,300.0,1500,0.0,0.0,0.0,250.0,-234.19793502895996,-236.07151850919163
100,60,2,2,300.0,2500,0.0,0.0,0.0,250.0,-234.19793502895996,-236.07151850919163
100,60,2,2,600.0,-1,0.0,0.0,0.0,250.0,-234.19793502895996,-236.07151850919163
100,60,2,2,600.0,0,0.0,0.0,0.0,250.0,-234.19793502895996,-236.07151850919163
100,60,2,2,600.0,500,0.0,0.0,0.0,250.0,-234.19793502895996,-236.07151850919163
100,60,2,2,600.0,1000,0.0,0.0,0.0,250.0,-234.19793502895996,-236.07151850919163
100,60,2,2,600.0,1500,0.0,0.0,0.0,250.0,-234.19793502895996,-236.07151850919163
100,60,2,2,600.0,2500,0.0,0.0,0.0,250.0,-234.19793502895996,-236.07151850919163
100,60,2,2,1000000000.0,-1,0.0,0.0,0.0,250.0,-234.19793502895996,-236.07151850919163
100,60,2,2,1000000000.0,0,0.0,0.0,0.0,250.0,-234.19793502895996,-236.07151850919163
100,60,2,2,1000000000.0,500,0.0,0.0,0.0,250.0,-234.19793502895996,-236.07151850919163
100,60,2,2,1000000000.0,1000,0.0,0.0,0.0,250.0,-234.19793502895996,-236.07151850919163
100,60,2,2,1000000000.0,1500,0.0,0.0,0.0,250.0,-234.19793502895996,-236.07151850919163
100,60,2,2,1000000000.0,2500,0.0,0.0,0.0,250.0,-234.19793502895996,-236.07151850919163
100,60,3,1,300.0,-1,0.0,0.0,0.0,250.0,-234.19793502895996,-236.07151850919163
100,60,3,1,300.0,0,0.0,0.0,0.0,250.0,-234.19793502895996,-236.07151850919163
100,60,3,1,300.0,500,0.0,0.0,0.0,250.0,-234.19793502895996,-236.07151850919163
100,60,3,1,300.0,1000,0.0,0.0,0.0,250.0,-234.19793502895996,-236.07151850919163
100,60,3,1,300.0,1500,0.0,0.0,0.0,250.0,-234.19793502895996,-236.07151850919163
100,60,3,1,300.0,2500,0.0,0.0,0.0,250.0,-234.19793502895996,-236.07151850919163
100,60,3,1,600.0,-1,0.0,0.0,0.0,250.0,-234.19793502895996,-236.07151850919163
100,60,3,1,600.0,0,0.0,0.0,0.0,250.0,-234.19793502895996,-236.07151850919163
100,60,3,1,600.0,500,0.0,0.0,0.0,250.0,-234.19793502895996,-236.07151850919163
100,60,3,1,600.0,1000,0.0,0.0,0.0,250.0,-234.19793502895996,-236.07151850919163
100,60,3,1,600.0,1500,0.0,0.0,0.0,250.0,-234.19793502895996,-236.07151850919163
100,60,3,1,600.0,2500,0.0,0.0,0.0,250.0,-234.19793502895996,-236.07151850919163
100,60,3,1,1000000000.0,-1,0.0,0.0,0.0,250.0,-234.19793502895996,-236.07151850919163
100,60,3,1,1000000000.0,0,0.0,0.0,0.0,250.0,-234.19793502895996,-236.07151850919163
100,60,3,1,1000000000.0,500,0.0,0.0,0.0,250.0,-234.19793502895996,-236.07151850919163
100,60,3,1,1000000000.0,1000,0.0,0.0,0.0,250.0,-234.19793502895996,-236.07151850919163
100,60,3,1,1000000000.0,1500,0.0,0.0,0.0,250.0,-234.19793502895996,-236.07151850919163
100,60,3,1,1000000000.0,2500,0.0,0.0,0.0,250.0,-234.19793502895996,-236.07151850919163
100,60,3,2,300.0,-1,0.0,0.0,0.0,250.0,-234.19793502895996,-236.07151850919163
100,60,3,2,300.0,0,0.0,0.0,0.0,250.0,-234.19793502895996,-236.07151850919163
100,60,3,2,300.0,500,0.0,0.0,0.0,250.0,-234.19793502895996,-236.07151850919163
100,60,3,2,300.0,1000,0.0,0.0,0.0,250.0,-234.19793502895996,-236.07151850919163
100,60,3,2,300.0,1500,0.0,0.0,0.0,250.0,-234.19793502895996,-236.07151850919163
100,60,3,2,300.0,2500,0.0,0.0,0.0,250.0,-234.19793502895996,-236.07151850919163
100,60,3,2,600.0,-1,0.0,0.0,0.0,250.0,-234.19793502895996,-236.07151850919163
100,60,3,2,600.0,0,0.0,0.0,0.0,250.0,-234.19793502895996,-236.07151850919163
100,60,3,2,600.0,500,0.0,0.0,0.0,250.0,-234.19793502895996,-236.07151850919163
100,60,3,2,600.0,1000,0.0,0.0,0.0,250.0,-234.19793502895996,-236.07151850919163
100,60,3,2,600.0,1500,0.0,0.0,0.0,250.0,-234.19793502895996,-236.07151850919163
100,60,3,2,600.0,2500,0.0,0.0,0.0,250.0,-234.19793502895996,-236.07151850919163
100,60,3,2,1000000000.0,-1,0.0,0.0,0.0,250.0,-234.19793502895996,-236.07151850919163
100,60,3,2,1000000000.0,0,0.0,0.0,0.0,250.0,-234.19793502895996,-236.07151850919163
100,60,3,2,1000000000.0,500,0.0,0.0,0.0,250.0,-234.19793502895996,-236.07151850919163
100,60,3,2,1000000000.0,1000,0.0,0.0,0.0,250.0,-234.19793502895996,-236.07151850919163
100,60,3,2,1000000000.0,1500,0.0,0.0,0.0,250.0,-234.19793502895996,-236.07151850919163
100,60,3,2,1000000000.0,2500,0.0,0.0,0.0,250.0,-234.19793502895996,-236.07151850919163
100,90,1,1,300.0,-1,0.0,0.0,0.0,250.0,-234.19793502895996,-236.07151850919163
100,90,1,1,300.0,0,0.0,0.0,0.0,250.0,-234.19793502895996,-236.07151850919163
100,90,1,1,300.0,500,0.0,0.0,0.0,250.0,-234.19793502895996,-236.07151850919163
100,90,1,1,300.0,1000,0.0,0.0,0.0,250.0,-234.19793502895996,-236.07151850919163
100,90,1,1,300.0,1500,0.0,0.0,0.0,250.0,-234.19793502895996,-236.07151850919163
100,90,1,1,300.0,2500,0.0,0.0,0.0,250.0,-234.19793502895996,-236.07151850919163
100,90,1,1,600.0,-1,0.0,0.0,0.0,250.0,-234.19793502895996,-236.07151850919163
100,90,1,1,600.0,0,0.0,0.0,0.0,250.0,-234.19793502895996,-236.07151850919163
100,90,1,1,600.0,500,0.0,0.0,0.0,250.0,-234.19793502895996,-236.07151850919163
100,90,1,1,600.0,1000,0.0,0.0,0.0,250.0,-234.19793502895996,-236.07151850919163
100,90,1,1,600.0,1500,0.0,0.0,0.0,250.0,-234.19793502895996,-236.07151850919163
100,90,1,1,600.0,2500,0.0,0.0,0.0,250.0,-234.19793502895996,-236.07151850919163
100,90,1,1,1000000000.0,-1,0.0,0.0,0.0,250.0,-234.19793502895996,-236.07151850919163
100,90,1,1,1000000000.0,0,0.0,0.0,0.0,250.0,-234.19793502895996,-236.07151850919163
100,90,1,1,1000000000.0,500,0.0,0.0,0.0,250.0,-234.19793502895996,-236.07151850919163
100,90,1,1,1000000000.0,1000,0.0,0.0,0.0,250.0,-234.19793502895996,-236.07151850919163
100,90,1,1,1000000000.0,1500,0.0,0.0,0.0,250.0,-234.19793502895996,-236.07151850919163
100,90,1,1,1000000000.0,2500,0.0,0.0,0.0,250.0,-234.19793502895996,-236.07151850919163
100,90,1,2,300.0,-1,0.0,0.0,0.0,250.0,-234.19793502895996,-236.07151850919163
100,90,1,2,300.0,0,0.0,0.0,0.0,250.0,-234.19793502895996,-236.07151850919163
100,90,1,2,300.0,500,0.0,0.0,0.0,250.0,-234.19793502895996,-236.07151850919163
100,90,1,2,300.0,1000,0.0,0.0,0.0,250.0,-234.19793502895996,-236.07151850919163
100,90,1,2,300.0,1500,0.0,0.0,0.0,250.0,-234.19793502895996,-236.07151850919163
100,90,1,2,300.0,2500,0.0,0.0,0.0,250.0,-234.19793502895996,-236.07151850919163
100,90,1,2,600.0,-1,0.0,0.0,0.0,250.0,-234.19793502895996,-236.07151850919163
100,90,1,2,600.0,0,0.0,0.0,0.0,250.0,-234.19793502895996,-236.07151850919163
100,90,1,2,600.0,500,0.0,0.0,0.0,250.0,-234.19793502895996,-236.07151850919163
100,90,1,2,600.0,1000,0.0,0.0,0.0,250.0,-234.19793502895996,-236.07151850919163
100,90,1,2,600.0,1500,0.0,0.0,0.0,250.0,-234.19793502895996,-236.07151850919163
100,90,1,2,600.0,2500,0.0,0.0,0.0,250.0,-234.19793502895996,-236.07151850919163
100,90,1,2,1000000000.0,-1,0.0,0.0,0.0,250.0,-234.19793502895996,-236.07151850919163
100,90,1,2,1000000000.0,0,0.0,0.0,0.0,250.0,-234.19793502895996,-236.07151850919163
100,90,1,2,1000000000.0,500,0.0,0.0,0.0,250.0,-234.19793502895996,-236.07151850919163
100,90,1,2,1000000000.0,1000,0.0,0.0,0.0,250.0,-234.19793502895996,-236.07151850919163
100,90,1,2,1000000000.0,1500,0.0,0.0,0.0,250.0,-234.19793502895996,-236.07151850919163
100,90,1,2,1000000000.0,2500,0.0,0.0,0.0,250.0,-234.19793502895996,-236.07151850919163
100,90,2,1,300.0,-1,0.0,0.0,0.0,250.0,-234.19793502895996,-236.07151850919163
100,90,2,1,300.0,0,0.0,0.0,0.0,250.0,-234.19793502895996,-236.07151850919163
100,90,2,1,300.0,500,0.0,0.0,0.0,250.0,-234.19793502895996,-236.07151850919163
100,90,2,1,300.0,1000,0.0,0.0,0.0,250.0,-234.19793502895996,-236.07151850919163
100,90,2,1,300.0,1500,0.0,0.0,0.0,250.0,-234.19793502895996,-236.07151850919163
100,90,2,1,300.0,2500,0.0,0.0,0.0,250.0,-234.19793502895996,-236.07151850919163
100,90,2,1,600.0,-1,0.0,0.0,0.0,250.0,-234.19793502895996,-236.07151850919163
100,90,2,1,600.0,0,0.0,0.0,0.0,250.0,-234.19793502895996,-236.07151850919163
100,90,2,1,600.0,500,0.0,0.0,0.0,250.0,-234.19793502895996,-236.07151850919163
100,90,2,1,600.0,1000,0.0,0.0,0.0,250.0,-234.19793502895996,-236.07151850919163
100,90,2,1,600.0,1500,0.0,0.0,0.0,250.0,-234.19793502895996,-236.07151850919163
100,90,2,1,600.0,2500,0.0,0.0,0.0,250.0,-234.19793502895996,-236.07151850919163
100,90,2,1,1000000000.0,-1,0.0,0.0,0.0,250.0,-234.19793502895996,-236.07151850919163
100,90,2,1,1000000000.0,0,0.0,0.0,0.0,250.0,-234.19793502895996,-236.07151850919163
100,90,2,1,1000000000.0,500,0.0,0.0,0.0,250.0,-234.19793502895996,-236.07151850919163
100,90,2,1,1000000000.0,1000,0.0,0.0,0.0,250.0,-234.19793502895996,-236.07151850919163
100,90,2,1,1000000000.0,1500,0.0,0.0,0.0,250.0,-234.19793502895996,-236.07151850919163
100,90,2,1,1000000000.0,2500,0.0,0.0,0.0,250.0,-234.19793502895996,-236.07151850919163
100,90,2,2,300.0,-1,0.0,0.0,0.0,250.0,-234.19793502895996,-236.07151850919163
100,90,2,2,300.0,0,0.0,0.0,0.0,250.0,-234.19793502895996,-236.07151850919163
100,90,2,2,300.0,500,0.0,0.0,0.0,250.0,-234.19793502895996,-236.07151850919163
100,90,2,2,300.0,1000,0.0,0.0,0.0,250.0,-234.19793502895996,-236.07151850919163
100,90,2,2,300.0,1500,0.0,0.0,0.0,250.0,-234.19793502895996,-236.07151850919163
100,90,2,2,300.0,2500,0.0,0.0,0.0,250.0,-234.19793502895996,-236.07151850919163
100,90,2,2,600.0,-1,0.0,0.0,0.0,250.0,-234.19793502895996,-236.07151850919163
100,90,2,2,600.0,0,0.0,0.0,0.0,250.0,-234.19793502895996,-236.07151850919163
100,90,2,2,600.0,500,0.0,0.0,0.0,250.0,-234.19793502895996,-236.07151850919163
100,90,2,2,600.0,1000,0.0,0.0,0.0,250.0,-234.19793502895996,-236.07151850919163
100,90,2,2,600.0,1500,0.0,0.0,0.0,250.0,-234.19793502895996,-236.07151850919163
100,90,2,2,600.0,2500,0.0,0.0,0.0,250.0,-234.19793502895996,-236.07151850919163
100,90,2,2,1000000000.0,-1,0.0,0.0,0.0,250.0,-234.19793502895996,-236.07151850919163
100,90,2,2,1000000000.0,0,0.0,0.0,0.0,250.0,-234.19793502895996,-236.07151850919163
100,90,2,2,1000000000.0,500,0.0,0.0,0.0,250.0,-234.19793502895996,-236.07151850919163
100,90,2,2,1000000000.0,1000,0.0,0.0,0.0,250.0,-234.19793502895996,-236.07151850919163
100,90,2,2,1000000000.0,1500,0.0,0.0,0.0,250.0,-234.19793502895996,-236.07151850919163
100,90,2,2,1000000000.0,2500,0.0,0.0,0.0,250.0,-234.19793502895996,-236.07151850919163
100,90,3,1,300.0,-1,0.0,0.0,0.0,250.0,-234.19793502895996,-236.07151850919163
100,90,3,1,300.0,0,0.0,0.0,0.0,250.0,-234.19793502895996,-236.07151850919163
100,90,3,1,300.0,500,0.0,0.0,0.0,250.0,-234.19793502895996,-236.07151850919163
100,90,3,1,300.0,1000,0.0,0.0,0.0,250.0,-234.19793502895996,-236.07151850919163
100,90,3,1,300.0,1500,0.0,0.0,0.0,250.0,-234.19793502895996,-236.07151850919163
100,90,3,1,300.0,2500,0.0,0.0,0.0,250.0,-234.19793502895996,-236.07151850919163
100,90,3,1,600.0,-1,0.0,0.0,0.0,250.0,-234.19793502895996,-236.07151850919163
100,90,3,1,600.0,0,0.0,0.0,0.0,250.0,-234.19793502895996,-236.07151850919163
100,90,3,1,600.0,500,0.0,0.0,0.0,250.0,-234.19793502895996,-236.07151850919163
100,90,3,1,600.0,1000,0.0,0.0,0.0,250.0,-234.19793502895996,-236.07151850919163
100,90,3,1,600.0,1500,0.0,0.0,0.0,250.0,-234.19793502895996,-236.07151850919163
100,90,3,1,600.0,2500,0.0,0.0,0.0,250.0,-234.19793502895996,-236.07151850919163
100,90,3,1,1000000000.0,-1,0.0,0.0,0.0,250.0,-234.19793502895996,-236.07151850919163
100,90,3,1,1000000000.0,0,0.0,0.0,0.0,250.0,-234.19793502895996,-236.07151850919163
100,90,3,1,1000000000.0,500,0.0,0.0,0.0,250.0,-234.19793502895996,-236.07151850919163
100,90,3,1,1000000000.0,1000,0.0,0.0,0.0,250.0,-234.19793502895996,-236.07151850919163
100,90,3,1,1000000000.0,1500,0.0,0.0,0.0,250.0,-234.19793502895996,-236.07151850919163
100,90,3,1,1000000000.0,2500,0.0,0.0,0.0,250.0,-234.19793502895996,-236.07151850919163
100,90,3,2,300.0,-1,0.0,0.0,0.0,250.0,-234.19793502895996,-236.07151850919163
100,90,3,2,300.0,0,0.0,0.0,0.0,250.0,-234.19793502895996,-236.07151850919163
100,90,3,2,300.0,500,0.0,0.0,0.0,250.0,-234.19793502895996,-236.07151850919163
100,90,3,2,300.0,1000,0.0,0.0,0.0,250.0,-234.19793502895996,-236.07151850919163
100,90,3,2,300.0,1500,0.0,0.0,0.0,250.0,-234.19793502895996,-236.07151850919163
100,90,3,2,300.0,2500,0.0,0.0,0.0,250.0,-234.19793502895996,-236.07151850919163
100,90,3,2,600.0,-1,0.0,0.0,0.0,250.0,-234.19793502895996,-236.07151850919163
100,90,3,2,600.0,0,0.0,0.0,0.0,250.0,-234.19793502895996,-236.07151850919163
100,90,3,2,600.0,500,0.0,0.0,0.0,250.0,-234.19793502895996,-236.07151850919163
100,90,3,2,600.0,1000,0.0,0.0,0.0,250.0,-234.19793502895996,-236.07151850919163
100,90,3,2,600.0,1500,0.0,0.0,0.0,250.0,-234.19793502895996,-236.07151850919163
100,90,3,2,600.0,2500,0.0,0.0,0.0,250.0,-234.19793502895996,-236.07151850919163
100,90,3,2,1000000000.0,-1,0.0,0.0,0.0,250.0,-234.19793502895996,-236.07151850919163
100,90,3,2,1000000000.0,0,0.0,0.0,0.0,250.0,-234.19793502895996,-236.07151850919163
100,90,3,2,1000000000.0,500,0.0,0.0,0.0,250.0,-234.19793502895996,-236.07151850919163
100,90,3,2,1000000000.0,1000,0.0,0.0,0.0,250.0,-234.19793502895996,-236.07151850919163
100,90,3,2,1000000000.0,1500,0.0,0.0,0.0,250.0,-234.19793502895996,-236.07151850919163
100,90,3,2,1000000000.0,2500,0.0,0.0,0.0,250.0,-234.19793502895996,-236.07151850919163
150,20,1,1,300.0,-1,0.0,0.0,0.0,94.838,-234.19793502895996,-622.3020269016419
150,20,1,1,300.0,0,0.0,0.0,0.0,94.838,-234.19793502895996,-622.3020269016419
150,20,1,1,300.0,500,0.0,0.0,0.0,94.838,-234.19793502895996,-622.3020269016419
150,20,1,1,300.0,1000,0.0,0.0,0.0,94.838,-234.19793502895996,-622.3020269016419
150,20,1,1,300.0,1500,0.0,0.0,0.0,94.838,-234.19793502895996,-622.3020269016419
150,20,1,1,300.0,2500,0.0,0.0,0.0,94.838,-234.19793502895996,-622.3020269016419
150,20,1,1,600.0,-1,0.0,0.0,0.0,94.838,-234.19793502895996,-622.3020269016419
150,20,1,1,600.0,0,0.0,0.0,0.0,94.838,-234.19793502895996,-622.3020269016419
150,20,1,1,600.0,500,0.0,0.0,0.0,94.838,-234.19793502895996,-622.3020269016419
150,20,1,1,600.0,1000,0.0,0.0,0.0,94.838,-234.19793502895996,-622.3020269016419
150,20,1,1,600.0,1500,0.0,0.0,0.0,94.838,-234.19793502895996,-622.3020269016419
150,20,1,1,600.0,2500,0.0,0.0,0.0,94.838,-234.19793502895996,-622.3020269016419
150,20,1,1,1000000000.0,-1,0.0,0.0,0.0,94.838,-234.19793502895996,-622.3020269016419
150,20,1,1,1000000000.0,0,0.0,0.0,0.0,94.838,-234.19793502895996,-622.3020269016419
150,20,1,1,1000000000.0,500,0.0,0.0,0.0,94.838,-234.19793502895996,-622.3020269016419
150,20,1,1,1000000000.0,1000,0.0,0.0,0.0,94.838,-234.19793502895996,-622.3020269016419
150,20,1,1,1000000000.0,1500,0.0,0.0,0.0,94.838,-234.19793502895996,-622.3020269016419
150,20,1,1,1000000000.0,2500,0.0,0.0,0.0,94.838,-234.19793502895996,-622.3020269016419
150,20,1,2,300.0,-1,0.0,0.0,0.0,52.814,-234.19793502895996,-1117.4665737739597
150,20,1,2,300.0,0,0.0,0.0,0.0,52.814,-234.19793502895996,-1117.4665737739597
150,20,1,2,300.0,500,0.0,0.0,0.0,52.814,-234.19793502895996,-1117.4665737739597
150,20,1,2,300.0,1000,0.0,0.0,0.0,52.814,-234.19793502895996,-1117.4665737739597
150,20,1,2,300.0,1500,0.0,0.0,0.0,52.814,-234.19793502895996,-1117.4665737739597
150,20,1,2,300.0,2500,0.0,0.0,0.0,52.814,-234.19793502895996,-1117.4665737739597
150,20,1,2,600.0,-1,0.0,0.0,0.0,52.814,-234.19793502895996,-1117.4665737739597
150,20,1,2,600.0,0,0.0,0.0,0.0,52.814,-234.19793502895996,-1117.4665737739597
150,20,1,2,600.0,500,0.0,0.0,0.0,52.814,-234.19793502895996,-1117.4665737739597
150,20,1,2,600.0,1000,0.0,0.0,0.0,52.814,-234.19793502895996,-1117.4665737739597
150,20,1,2,600.0,1500,0.0,0.0,0.0,52.814,-234.19793502895996,-1117.4665737739597
150,20,1,2,600.0,2500,0.0,0.0,0.0,52.814,-234.19793502895996,-1117.4665737739597
150,20,1,2,1000000000.0,-1,0.0,0.0,0.0,52.814,-234.19793502895996,-1117.4665737739597
150,20,1,2,1000000000.0,0,0.0,0.0,0.0,52.814,-234.19793502895996,-1117.4665737739597
150,20,1,2,1000000000.0,500,0.0,0.0,0.0,52.814,-234.19793502895996,-1117.4665737739597
150,20,1,2,1000000000.0,1000,0.0,0.0,0.0,52.814,-234.19793502895996,-1117.4665737739597
150,20,1,2,1000000000.0,1500,0.0,0.0,0.0,52.814,-234.19793502895996,-1117.4665737739597
150,20,1,2,1000000000.0,2500,0.0,0.0,0.0,52.814,-234.19793502895996,-1117.4665737739597
150,20,2,1,300.0,-1,73.8,0.04466666666666667,0.05466666666666667,93.69666666666667,-160.39793502895998,-431.39506521716794
150,20,2,1,300.0,0,73.8,0.04466666666666667,0.05466666666666667,93.69666666666667,-160.39793502895998,-431.39506521716794
150,20,2,1,300.0,500,73.8,0.04466666666666667,0.05466666666666667,93.69666666666667,-160.39793502895998,-431.39506521716794
150,20,2,1,300.0,1000,73.8,0.04466666666666667,0.05466666666666667,93.69666666666667,-160.39793502895998,-431.39506521716794
150,20,2,1,300.0,1500,73.8,0.04466666666666667,0.05466666666666667,93.69666666666667,-160.39793502895998,-431.39506521716794
150,20,2,1,300.0,2500,25.2,0.016,0.018666666666666668,95.014,-208.99793502895997,-554.3128341854665
150,20,2,1,600.0,-1,73.8,0.04466666666666667,0.05466666666666667,93.69666666666667,-160.39793502895998,-431.39506521716794
150,20,2,1,600.0,0,73.8,0.04466666666666667,0.05466666666666667,93.69666666666667,-160.39793502895998,-431.39506521716794
150,20,2,1,600.0,500,73.8,0.04466666666666667,0.05466666666666667,93.69666666666667,-160.39793502895998,-431.39506521716794
150,20,2,1,600.0,1000,73.8,0.04466666666666667,0.05466666666666667,93.69666666666667,-160.39793502895998,-431.39506521716794
150,20,2,1,600.0,1500,73.8,0.04466666666666667,0.05466666666666667,93.69666666666667,-160.39793502895998,-431.39506521716794
150,20,2,1,600.0,2500,25.2,0.016,0.018666666666666668,95.014,-208.99793502895997,-554.3128341854665
150,20,2,1,1000000000.0,-1,73.8,0.04466666666666667,0.05466666666666667,93.69666666666667,-160.39793502895998,-431.39506521716794
150,20,2,1,1000000000.0,0,73.8,0.04466666666666667,0.05466666666666667,93.69666666666667,-160.39793502895998,-431.39506521716794
150,20,2,1,1000000000.0,500,73.8,0.04466666666666667,0.05466666666666667,93.69666666666667,-160.39793502895998,-431.39506521716794
150,20,2,1,1000000000.0,1000,73.8,0.04466666666666667,0.05466666666666667,93.69666666666667,-160.39793502895998,-431.39506521716794
150,20,2,1,1000000000.0,1500,73.8,0.04466666666666667,0.05466666666666667,93.69666666666667,-160.39793502895998,-431.39506521716794
150,20,2,1,1000000000.0,2500,25.2,0.016,0.018666666666666668,95.014,-208.99793502895997,-554.3128341854665
150,20,2,2,300.0,-1,102.6,0.064,0.07533333333333334,51.983333333333334,-131.59793502895997,-637.9483095985491
150,20,2,2,300.0,0,102.6,0.064,0.07533333333333334,51.983333333333334,-131.59793502895997,-637.9483095985491
150,20,2,2,300.0,500,102.6,0.064,0.07533333333333334,51.984,-131.59793502895997,-637.9401282567311
150,20,2,2,300.0,1000,100.8,0.064,0.07466666666666667,52.016,-133.39793502895998,-646.2680641975145
150,20,2,2,300.0,1500,100.8,0.064,0.07466666666666667,52.016,-133.39793502895998,-646.2680641975145
150,20,2,2,300.0,2500,38.7,0.024,0.028666666666666667,54.66733333333333,-195.49793502895994,-901.1868079773035
150,20,2,2,600.0,-1,102.6,0.064,0.07533333333333334,51.983333333333334,-131.59793502895997,-637.9483095985491
150,20,2,2,600.0,0,102.6,0.064,0.07533333333333334,51.983333333333334,-131.59793502895997,-637.9483095985491
150,20,2,2,600.0,500,102.6,0.064,0.07533333333333334,51.984,-131.59793502895997,-637.9401282567311
150,20,2,2,600.0,1000,100.8,0.064,0.07466666666666667,52.016,-133.39793502895998,-646.2680641975145
150,20,2,2,600.0,1500,100.8,0.064,0.07466666666666667,52.016,-133.39793502895998,-646.2680641975145
150,20,2,2,600.0,2500,38.7,0.024,0.028666666666666667,54.66733333333333,-195.49793502895994,-901.1868079773035
150,20,2,2,1000000000.0,-1,102.6,0.064,0.07533333333333334,51.983333333333334,-131.59793502895997,-637.9483095985491
150,20,2,2,1000000000.0,0,102.6,0.064,0.07533333333333334,51.983333333333334,-131.59793502895997,-637.9483095985491
150,20,2,2,1000000000.0,500,102.6,0.064,0.07533333333333334,51.984,-131.59793502895997,-637.9401282567311
150,20,2,2,1000000000.0,1000,100.8,0.064,0.07466666666666667,52.016,-133.39793502895998,-646.2680641975145
150,20,2,2,1000000000.0,1500,100.8,0.064,0.07466666666666667,52.016,-133.39793502895998,-646.2680641975145
150,20,2,2,1000000000.0,2500,38.7,0.024,0.028666666666666667,54.66733333333333,-195.49793502895994,-901.1868079773035
150,20,3,1,300.0,-1,248.29909104101378,0.12866666666666668,0.18066666666666667,86.20066666666666,14.10115601205382,41.223478337803606
150,20,3,1,300.0,0,248.4,0.12866666666666668,0.18066666666666667,86.20066666666666,14.202064971040045,41.51847672526227
150,20,3,1,300.0,500,246.6,0.12866666666666668,0.18,86.326,12.402064971040033,36.203697295161234
150,20,3,1,300.0,1000,246.6,0.12866666666666668,0.18,86.362,12.402064971040033,36.188605783817984
150,20,3,1,300.0,1500,241.2,0.12866666666666668,0.178,86.42533333333333,7.002064971040028,20.416703119865552
150,20,3,1,300.0,2500,132.3,0.07,0.098,90.96466666666667,-101.89793502895995,-282.28850352845325
150,20,3,1,600.0,-1,248.29909104101378,0.12866666666666668,0.18066666666666667,86.20066666666666,14.10115601205382,41.223478337803606
150,20,3,1,600.0,0,248.4,0.12866666666666668,0.18066666666666667,86.20066666666666,14.202064971040045,41.51847672526227
150,20,3,1,600.0,500,246.6,0.12866666666666668,0.18,86.326,12.402064971040033,36.203697295161234
150,20,3,1,600.0,1000,246.6,0.12866666666666668,0.18,86.362,12.402064971040033,36.188605783817984
150,20,3,1,600.0,1500,241.2,0.12866666666666668,0.178,86.42533333333333,7.002064971040028,20.416703119865552
150,20,3,1,600.0,2500,132.3,0.07,0.098,90.96466666666667,-101.89793502895995,-282.28850352845325
150,20,3,1,1000000000.0,-1,248.29909104101378,0.12866666666666668,0.18066666666666667,86.20066666666666,14.10115601205382,41.223478337803606
150,20,3,1,1000000000.0,0,248.4,0.12866666666666668,0.18066666666666667,86.20066666666666,14.202064971040045,41.51847672526227
150,20,3,1,1000000000.0,500,246.6,0.12866666666666668,0.18,86.326,12.402064971040033,36.203697295161234
150,20,3,1,1000000000.0,1000,246.6,0.12866666666666668,0.18,86.362,12.402064971040033,36.188605783817984
150,20,3,1,1000000000.0,1500,241.2,0.12866666666666668,0.178,86.42533333333333,7.002064971040028,20.416703119865552
150,20,3,1,1000000000.0,2500,132.3,0.07,0.098,90.96466666666667,-101.89793502895995,-282.28850352845325
150,20,3,2,300.0,-1,303.04780278116647,0.128,0.21333333333333335,51.418,68.8498677522065,337.43371336022483
150,20,3,2,300.0,0,303.3,0.128,0.21333333333333335,51.418,69.10206497104005,338.66973380337805
150,20,3,2,300.0,500,301.5,0.128,0.21266666666666667,52.022,67.30206497104004,326.0182302237917
150,20,3,2,300.0,1000,299.7,0.128,0.212,52.23,65.50206497104003,316.03523593149697
150,20,3,2,300.0,1500,296.1,0.128,0.21066666666666667,52.376666666666665,61.90206497104006,297.8295749895392
150,20,3,2,300.0,2500,206.1,0.08466666666666667,0.148,57.58133333333333,-28.097935028959967,-122.96831659504083
150,20,3,2,600.0,-1,252.0,0.128,0.184,51.21666666666667,17.80206497104004,87.59102582561842
150,20,3,2,600.0,0,252.0,0.128,0.184,51.21666666666667,17.80206497104004,87.59102582561842
150,20,3,2,600.0,500,252.0,0.128,0.184,51.21666666666667,17.80206497104004,87.59102582561842
150,20,3,2,600.0,1000,252.0,0.128,0.184,51.230666666666664,17.80206497104004,87.5670894913611
150,20,3,2,600.0,1500,252.0,0.128,0.184,51.230666666666664,17.80206497104004,87.5670894913611
150,20,3,2,600.0,2500,162.0,0.07933333333333334,0.118,55.69733333333333,-72.19793502895996,-326.6562066519865
150,20,3,2,1000000000.0,-1,252.0,0.128,0.184,51.21666666666667,17.80206497104004,87.59102582561842
150,20,3,2,1000000000.0,0,252.0,0.128,0.184,51.21666666666667,17.80206497104004,87.59102582561842
150,20,3,2,1000000000.0,500,252.0,0.128,0.184,51.21666666666667,17.80206497104004,87.59102582561842
150,20,3,2,1000000000.0,1000,252.0,0.128,0.184,51.230666666666664,17.80206497104004,87.5670894913611
150,20,3,2,1000000000.0,1500,252.0,0.128,0.184,51.230666666666664,17.80206497104004,87.5670894913611
150,20,3,2,1000000000.0,2500,162.0,0.07933333333333334,0.118,55.69733333333333,-72.19793502895996,-326.6562066519865
150,40,1,1,300.0,-1,0.0,0.0,0.0,212.47666666666666,-234.19793502895996,-277.76169756976253
150,40,1,1,300.0,0,0.0,0.0,0.0,212.47666666666666,-234.19793502895996,-277.76169756976253
150,40,1,1,300.0,500,0.0,0.0,0.0,212.47666666666666,-234.19793502895996,-277.76169756976253
150,40,1,1,300.0,1000,0.0,0.0,0.0,212.47666666666666,-234.19793502895996,-277.76169756976253
150,40,1,1,300.0,1500,0.0,0.0,0.0,212.47666666666666,-234.19793502895996,-277.76169756976253
150,40,1,1,300.0,2500,0.0,0.0,0.0,212.47666666666666,-234.19793502895996,-277.76169756976253
150,40,1,1,600.0,-1,0.0,0.0,0.0,212.47666666666666,-234.19793502895996,-277.76169756976253
150,40,1,1,600.0,0,0.0,0.0,0.0,212.47666666666666,-234.19793502895996,-277.76169756976253
150,40,1,1,600.0,500,0.0,0.0,0.0,212.47666666666666,-234.19793502895996,-277.76169756976253
150,40,1,1,600.0,1000,0.0,0.0,0.0,212.47666666666666,-234.19793502895996,-277.76169756976253
150,40,1,1,600.0,1500,0.0,0.0,0.0,212.47666666666666,-234.19793502895996,-277.76169756976253
150,40,1,1,600.0,2500,0.0,0.0,0.0,212.47666666666666,-234.19793502895996,-277.76169756976253
150,40,1,1,1000000000.0,-1,0.0,0.0,0.0,212.47666666666666,-234.19793502895996,-277.76169756976253
150,40,1,1,1000000000.0,0,0.0,0.0,0.0,212.47666666666666,-234.19793502895996,-277.76169756976253
150,40,1,1,1000000000.0,500,0.0,0.0,0.0,212.47666666666666,-234.19793502895996,-277.76169756976253
150,40,1,1,1000000000.0,1000,0.0,0.0,0.0,212.47666666666666,-234.19793502895996,-277.76169756976253
150,40,1,1,1000000000.0,1500,0.0,0.0,0.0,212.47666666666666,-234.19793502895996,-277.76169756976253
150,40,1,1,1000000000.0,2500,0.0,0.0,0.0,212.47666666666666,-234.19793502895996,-277.76169756976253
150,40,1,2,300.0,-1,18.9,0.014,0.014,150.12866666666667,-215.29793502895996,-361.39053807599197
150,40,1,2,300.0,0,18.9,0.014,0.014,150.12866666666667,-215.29793502895996,-361.39053807599197
150,40,1,2,300.0,500,18.9,0.014,0.014,150.12866666666667,-215.29793502895996,-361.39053807599197
150,40,1,2,300.0,1000,18.9,0.014,0.014,150.12866666666667,-215.29793502895996,-361.39053807599197
150,40,1,2,300.0,1500,18.9,0.014,0.014,150.12866666666667,-215.29793502895996,-361.39053807599197
150,40,1,2,300.0,2500,0.0,0.0,0.0,150.30266666666665,-234.19793502895996,-392.6602297628202
150,40,1,2,600.0,-1,18.9,0.014,0.014,150.12866666666667,-215.29793502895996,-361.39053807599197
150,40,1,2,600.0,0,18.9,0.014,0.014,150.12866666666667,-215.29793502895996,-361.39053807599197
150,40,1,2,600.0,500,18.9,0.014,0.014,150.12866666666667,-215.29793502895996,-361.39053807599197
150,40,1,2,600.0,1000,18.9,0.014,0.014,150.12866666666667,-215.29793502895996,-361.39053807599197
150,40,1,2,600.0,1500,18.9,0.014,0.014,150.12866666666667,-215.29793502895996,-361.39053807599197
150,40,1,2,600.0,2500,0.0,0.0,0.0,150.30266666666665,-234.19793502895996,-392.6602297628202
150,40,1,2,1000000000.0,-1,18.9,0.014,0.014,150.12866666666667,-215.29793502895996,-361.39053807599197
150,40,1,2,1000000000.0,0,18.9,0.014,0.014,150.12866666666667,-215.29793502895996,-361.39053807599197
150,40,1,2,1000000000.0,500,18.9,0.014,0.014,150.12866666666667,-215.29793502895996,-361.39053807599197
150,40,1,2,1000000000.0,1000,18.9,0.014,0.014,150.12866666666667,-215.29793502895996,-361.39053807599197
150,40,1,2,1000000000.0,1500,18.9,0.014,0.014,150.12866666666667,-215.29793502895996,-361.39053807599197
150,40,1,2,1000000000.0,2500,0.0,0.0,0.0,150.30266666666665,-234.19793502895996,-392.6602297628202
150,40,2,1,300.0,-1,84.6,0.05466666666666667,0.06266666666666666,187.54,-149.59793502895997,-201.01674110748593
150,40,2,1,300.0,0,84.6,0.05466666666666667,0.06266666666666666,187.54,-149.59793502895997,-201.01674110748593
150,40,2,1,300.0,500,84.6,0.05466666666666667,0.06266666666666666,187.54,-149.59793502895997,-201.01674110748593
150,40,2,1,300.0,1000,84.6,0.05466666666666667,0.06266666666666666,187.54,-149.59793502895997,-201.01674110748593
150,40,2,1,300.0,1500,84.6,0.05466666666666667,0.06266666666666666,187.54,-149.59793502895997,-201.01674110748593
150,40,2,1,300.0,2500,19.8,0.014,0.014666666666666666,188.01266666666666,-214.39793502895995,-287.36510462396814
150,40,2,1,600.0,-1,84.6,0.05466666666666667,0.06266666666666666,187.54,-149.59793502895997,-201.01674110748593
150,40,2,1,600.0,0,84.6,0.05466666666666667,0.06266666666666666,187.54,-149.59793502895997,-201.01674110748593
150,40,2,1,600.0,500,84.6,0.05466666666666667,0.06266666666666666,187.54,-149.59793502895997,-201.01674110748593
150,40,2,1,600.0,1000,84.6,0.05466666666666667,0.06266666666666666,187.54,-149.59793502895997,-201.01674110748593
150,40,2,1,600.0,1500,84.6,0.05466666666666667,0.06266666666666666,187.54,-149.59793502895997,-201.01674110748593
150,40,2,1,600.0,2500,19.8,0.014,0.014666666666666666,188.01266666666666,-214.39793502895995,-287.36510462396814
150,40,2,1,1000000000.0,-1,84.6,0.05466666666666667,0.06266666666666666,187.54,-149.59793502895997,-201.01674110748593
150,40,2,1,1000000000.0,0,84.6,0.05466666666666667,0.06266666666666666,187.54,-149.59793502895997,-201.01674110748593
150,40,2,1,1000000000.0,500,84.6,0.05466666666666667,0.06266666666666666,187.54,-149.59793502895997,-201.01674110748593
150,40,2,1,1000000000.0,1000,84.6,0.05466666666666667,0.06266666666666666,187.54,-149.59793502895997,-201.01674110748593
150,40,2,1,1000000000.0,1500,84.6,0.05466666666666667,0.06266666666666666,187.54,-149.59793502895997,-201.01674110748593
150,40,2,1,1000000000.0,2500,19.8,0.014,0.014666666666666666,188.01266666666666,-214.39793502895995,-287.36510462396814
150,40,2,2,300.0,-1,280.7806292798781,0.14866666666666667,0.206,133.16866666666667,46.58269425091814,88.15015757884514
150,40,2,2,300.0,0,280.8,0.14866666666666667,0.206,133.16866666666667,46.60206497104005,88.18681350995048
150,40,2,2,300.0,500,279.0,0.14866666666666667,0.20533333333333334,133.20533333333333,44.80206497104004,84.75726977424895
150,40,2,2,300.0,1000,277.2,0.14866666666666667,0.20466666666666666,133.21466666666666,43.00206497104003,81.34630100315847
150,40,2,2,300.0,1500,277.2,0.14866666666666667,0.20466666666666666,133.21466666666666,43.00206497104003,81.34630100315847
150,40,2,2,300.0,2500,125.1,0.07466666666666667,0.09266666666666666,137.236,-109.09793502895997,-200.33139720844324
150,40,2,2,600.0,-1,280.7806292798781,0.14866666666666667,0.206,133.16866666666667,46.58269425091814,88.15015757884514
150,40,2,2,600.0,0,280.8,0.14866666666666667,0.206,133.16866666666667,46.60206497104005,88.18681350995048
150,40,2,2,600.0,500,279.0,0.14866666666666667,0.20533333333333334,133.20533333333333,44.80206497104004,84.75726977424895
150,40,2,2,600.0,1000,277.2,0.14866666666666667,0.20466666666666666,133.21466666666666,43.00206497104003,81.34630100315847
150,40,2,2,600.0,1500,277.2,0.14866666666666667,0.20466666666666666,133.21466666666666,43.00206497104003,81.34630100315847
150,40,2,2,600.0,2500,125.1,0.07466666666666667,0.09266666666666666,137.236,-109.09793502895997,-200.33139720844324
150,40,2,2,1000000000.0,-1,280.7806292798781,0.14866666666666667,0.206,133.16866666666667,46.58269425091814,88.15015757884514
150,40,2,2,1000000000.0,0,280.8,0.14866666666666667,0.206,133.16866666666667,46.60206497104005,88.18681350995048
150,40,2,2,1000000000.0,500,279.0,0.14866666666666667,0.20533333333333334,133.20533333333333,44.80206497104004,84.75726977424895
150,40,2,2,1000000000.0,1000,277.2,0.14866666666666667,0.20466666666666666,133.21466666666666,43.00206497104003,81.34630100315847
150,40,2,2,1000000000.0,1500,277.2,0.14866666666666667,0.20466666666666666,133.21466666666666,43.00206497104003,81.34630100315847
150,40,2,2,1000000000.0,2500,125.1,0.07466666666666667,0.09266666666666666,137.236,-109.09793502895997,-200.33139720844324
150,40,3,1,300.0,-1,203.4,0.12066666666666667,0.15066666666666667,160.66466666666668,-30.797935028959955,-48.30607617915104
150,40,3,1,300.0,0,203.4,0.12066666666666667,0.15066666666666667,160.66466666666668,-30.797935028959955,-48.30607617915104
150,40,3,1,300.0,500,203.4,0.12066666666666667,0.15066666666666667,160.66466666666668,-30.797935028959955,-48.30607617915104
150,40,3,1,300.0,1000,203.4,0.12066666666666667,0.15066666666666667,160.66466666666668,-30.797935028959955,-48.30607617915104
150,40,3,1,300.0,1500,203.4,0.12066666666666667,0.15066666666666667,160.66466666666668,-30.797935028959955,-48.30607617915104
150,40,3,1,300.0,2500,67.5,0.042,0.05,162.72733333333332,-166.69793502895996,-258.14888480503936
150,40,3,1,600.0,-1,203.4,0.12066666666666667,0.15066666666666667,160.66466666666668,-30.797935028959955,-48.30607617915104
150,40,3,1,600.0,0,203.4,0.12066666666666667,0.15066666666666667,160.66466666666668,-30.797935028959955,-48.30607617915104
150,40,3,1,600.0,500,203.4,0.12066666666666667,0.15066666666666667,160.66466666666668,-30.797935028959955,-48.30607617915104
150,40,3,1,600.0,1000,203.4,0.12066666666666667,0.15066666666666667,160.66466666666668,-30.797935028959955,-48.30607617915104
150,40,3,1,600.0,1500,203.4,0.12066666666666667,0.15066666666666667,160.66466666666668,-30.797935028959955,-48.30607617915104
150,40,3,1,600.0,2500,67.5,0.042,0.05,162.72733333333332,-166.69793502895996,-258.14888480503936
150,40,3,1,1000000000.0,-1,203.4,0.12066666666666667,0.15066666666666667,160.66466666666668,-30.797935028959955,-48.30607617915104
150,40,3,1,1000000000.0,0,203.4,0.12066666666666667,0.15066666666666667,160.66466666666668,-30.797935028959955,-48.30607617915104
150,40,3,1,1000000000.0,500,203.4,0.12066666666666667,0.15066666666666667,160.66466666666668,-30.797935028959955,-48.30607617915104
150,40,3,1,1000000000.0,1000,203.4,0.12066666666666667,0.15066666666666667,160.66466666666668,-30.797935028959955,-48.30607617915104
150,40,3,1,1000000000.0,1500,203.4,0.12066666666666667,0.15066666666666667,160.66466666666668,-30.797935028959955,-48.30607617915104
150,40,3,1,1000000000.0,2500,67.5,0.042,0.05,162.72733333333332,-166.69793502895996,-258.14888480503936
150,40,3,2,300.0,-1,500.26238634324096,0.20866666666666667,0.35933333333333334,107.23466666666667,266.064451314281,625.2478215800749
150,40,3,2,300.0,0,500.4,0.20866666666666667,0.35933333333333334,107.23466666666667,266.20206497104004,625.5712117912934
150,40,3,2,300.0,500,495.0,0.20866666666666667,0.35733333333333334,107.53266666666667,260.80206497104007,611.1828378294542
150,40,3,2,300.0,1000,484.2,0.20866666666666667,0.35333333333333333,107.67266666666667,250.00206497104003,585.1115452331023
150,40,3,2,300.0,1500,477.0,0.20866666666666667,0.3506666666666667,107.70133333333334,242.80206497104004,568.1092190691116
150,40,3,2,300.0,2500,302.4,0.13866666666666666,0.22333333333333333,115.67133333333334,68.20206497104002,148.58409493019374
150,40,3,2,600.0,-1,500.26238634324096,0.20866666666666667,0.35933333333333334,107.23466666666667,266.064451314281,625.2478215800749
150,40,3,2,600.0,0,500.4,0.20866666666666667,0.35933333333333334,107.23466666666667,266.20206497104004,625.5712117912934
150,40,3,2,600.0,500,495.0,0.20866666666666667,0.35733333333333334,107.53266666666667,260.80206497104007,611.1828378294542
150,40,3,2,600.0,1000,484.2,0.20866666666666667,0.35333333333333333,107.67266666666667,250.00206497104003,585.1115452331023
150,40,3,2,600.0,1500,477.0,0.20866666666666667,0.3506666666666667,107.70133333333334,242.80206497104004,568.1092190691116
150,40,3,2,600.0,2500,302.4,0.13866666666666666,0.22333333333333333,115.67133333333334,68.20206497104002,148.58409493019374
150,40,3,2,1000000000.0,-1,500.26238634324096,0.20866666666666667,0.35933333333333334,107.23466666666667,266.064451314281,625.2478215800749
150,40,3,2,1000000000.0,0,500.4,0.20866666666666667,0.35933333333333334,107.23466666666667,266.20206497104004,625.5712117912934
150,40,3,2,1000000000.0,500,495.0,0.20866666666666667,0.35733333333333334,107.53266666666667,260.80206497104007,611.1828378294542
150,40,3,2,1000000000.0,1000,484.2,0.20866666666666667,0.35333333333333333,107.67266666666667,250.00206497104003,585.1115452331023
150,40,3,2,1000000000.0,1500,477.0,0.20866666666666667,0.3506666666666667,107.70133333333334,242.80206497104004,568.1092190691116
150,40,3,2,1000000000.0,2500,302.4,0.13866666666666666,0.22333333333333333,115.67133333333334,68.20206497104002,148.58409493019374
150,60,1,1,300.0,-1,0.0,0.0,0.0,166.28533333333334,-234.19793502895996,-354.9193331981448
150,60,1,1,300.0,0,0.0,0.0,0.0,166.28533333333334,-234.19793502895996,-354.9193331981448
150,60,1,1,300.0,500,0.0,0.0,0.0,166.28533333333334,-234.19793502895996,-354.9193331981448
150,60,1,1,300.0,1000,0.0,0.0,0.0,166.28533333333334,-234.19793502895996,-354.9193331981448
150,60,1,1,300.0,1500,0.0,0.0,0.0,166.28533333333334,-234.19793502895996,-354.9193331981448
150,60,1,1,300.0,2500,0.0,0.0,0.0,166.28533333333334,-234.19793502895996,-354.9193331981448
150,60,1,1,600.0,-1,0.0,0.0,0.0,166.28533333333334,-234.19793502895996,-354.9193331981448
150,60,1,1,600.0,0,0.0,0.0,0.0,166.28533333333334,-234.19793502895996,-354.9193331981448
150,60,1,1,600.0,500,0.0,0.0,0.0,166.28533333333334,-234.19793502895996,-354.9193331981448
150,60,1,1,600.0,1000,0.0,0.0,0.0,166.28533333333334,-234.19793502895996,-354.9193331981448
150,60,1,1,600.0,1500,0.0,0.0,0.0,166.28533333333334,-234.19793502895996,-354.9193331981448
150,60,1,1,600.0,2500,0.0,0.0,0.0,166.28533333333334,-234.19793502895996,-354.9193331981448
150,60,1,1,1000000000.0,-1,0.0,0.0,0.0,166.28533333333334,-234.19793502895996,-354.9193331981448
150,60,1,1,1000000000.0,0,0.0,0.0,0.0,166.28533333333334,-234.19793502895996,-354.9193331981448
150,60,1,1,1000000000.0,500,0.0,0.0,0.0,166.28533333333334,-234.19793502895996,-354.9193331981448
150,60,1,1,1000000000.0,1000,0.0,0.0,0.0,166.28533333333334,-234.19793502895996,-354.9193331981448
150,60,1,1,1000000000.0,1500,0.0,0.0,0.0,166.28533333333334,-234.19793502895996,-354.9193331981448
150,60,1,1,1000000000.0,2500,0.0,0.0,0.0,166.28533333333334,-234.19793502895996,-354.9193331981448
150,60,1,2,300.0,-1,175.5,0.09533333333333334,0.13,106.15466666666667,-58.69793502895996,-139.34271654533552
150,60,1,2,300.0,0,175.5,0.09533333333333334,0.13,106.15466666666667,-58.69793502895996,-139.34271654533552
150,60,1,2,300.0,500,175.5,0.09533333333333334,0.13,106.15466666666667,-58.69793502895996,-139.34271654533552
150,60,1,2,300.0,1000,175.5,0.09533333333333334,0.13,106.15466666666667,-58.69793502895996,-139.34271654533552
150,60,1,2,300.0,1500,175.5,0.09533333333333334,0.13,106.15466666666667,-58.69793502895996,-139.34271654533552
150,60,1,2,300.0,2500,87.3,0.048,0.06466666666666666,109.20733333333334,-146.89793502895998,-338.9724709631641
150,60,1,2,600.0,-1,175.5,0.09533333333333334,0.13,106.15466666666667,-58.69793502895996,-139.34271654533552
150,60,1,2,600.0,0,175.5,0.09533333333333334,0.13,106.15466666666667,-58.69793502895996,-139.34271654533552
150,60,1,2,600.0,500,175.5,0.09533333333333334,0.13,106.15466666666667,-58.69793502895996,-139.34271654533552
150,60,1,2,600.0,1000,175.5,0.09533333333333334,0.13,106.15466666666667,-58.69793502895996,-139.34271654533552
150,60,1,2,600.0,1500,175.5,0.09533333333333334,0.13,106.15466666666667,-58.69793502895996,-139.34271654533552
150,60,1,2,600.0,2500,87.3,0.048,0.06466666666666666,109.20733333333334,-146.89793502895998,-338.9724709631641
150,60,1,2,1000000000.0,-1,175.5,0.09533333333333334,0.13,106.15466666666667,-58.69793502895996,-139.34271654533552
150,60,1,2,1000000000.0,0,175.5,0.09533333333333334,0.13,106.15466666666667,-58.69793502895996,-139.34271654533552
150,60,1,2,1000000000.0,500,175.5,0.09533333333333334,0.13,106.15466666666667,-58.69793502895996,-139.34271654533552
150,60,1,2,1000000000.0,1000,175.5,0.09533333333333334,0.13,106.15466666666667,-58.69793502895996,-139.34271654533552
150,60,1,2,1000000000.0,1500,175.5,0.09533333333333334,0.13,106.15466666666667,-58.69793502895996,-139.34271654533552
150,60,1,2,1000000000.0,2500,87.3,0.048,0.06466666666666666,109.20733333333334,-146.89793502895998,-338.9724709631641
150,60,2,1,300.0,-1,511.8068681106103,0.23533333333333334,0.36933333333333335,136.628,277.6089330816503,512.0286554481943
150,60,2,1,300.0,0,512.1,0.23533333333333334,0.36933333333333335,136.628,277.9020649710401,512.5693150210946
150,60,2,1,300.0,500,501.3,0.23533333333333334,0.36533333333333334,136.97733333333332,267.10206497104,491.39312859087704
150,60,2,1,300.0,1000,495.9,0.23533333333333334,0.36333333333333334,137.06066666666666,261.70206497104004,481.1659097871655
150,60,2,1,300.0,1500,490.5,0.23533333333333334,0.36133333333333334,137.11466666666666,256.30206497104007,471.05187171347166
150,60,2,1,300.0,2500,270.0,0.13866666666666666,0.19933333333333333,143.80666666666667,35.80206497104004,62.73784506538007
150,60,2,1,600.0,-1,511.8068681106103,0.23533333333333334,0.36933333333333335,136.628,277.6089330816503,512.0286554481943
150,60,2,1,600.0,0,512.1,0.23533333333333334,0.36933333333333335,136.628,277.9020649710401,512.5693150210946
150,60,2,1,600.0,500,501.3,0.23533333333333334,0.36533333333333334,136.97733333333332,267.10206497104,491.39312859087704
150,60,2,1,600.0,1000,495.9,0.23533333333333334,0.36333333333333334,137.06066666666666,261.70206497104004,481.1659097871655
150,60,2,1,600.0,1500,490.5,0.23533333333333334,0.36133333333333334,137.11466666666666,256.30206497104007,471.05187171347166
150,60,2,1,600.0,2500,270.0,0.13866666666666666,0.19933333333333333,143.80666666666667,35.80206497104004,62.73784506538007
150,60,2,1,1000000000.0,-1,511.8068681106103,0.23533333333333334,0.36933333333333335,136.628,277.6089330816503,512.0286554481943
150,60,2,1,1000000000.0,0,512.1,0.23533333333333334,0.36933333333333335,136.628,277.9020649710401,512.5693150210946
150,60,2,1,1000000000.0,500,501.3,0.23533333333333334,0.36533333333333334,136.97733333333332,267.10206497104,491.39312859087704
150,60,2,1,1000000000.0,1000,495.9,0.23533333333333334,0.36333333333333334,137.06066666666666,261.70206497104004,481.1659097871655
150,60,2,1,1000000000.0,1500,490.5,0.23533333333333334,0.36133333333333334,137.11466666666666,256.30206497104007,471.05187171347166
150,60,2,1,1000000000.0,2500,270.0,0.13866666666666666,0.19933333333333333,143.80666666666667,35.80206497104004,62.73784506538007
150,60,2,2,300.0,-1,685.6925204271922,0.25066666666666665,0.476,85.10466666666666,451.4945853982323,1336.902428229802
150,60,2,2,300.0,0,685.8,0.25066666666666665,0.476,85.10466666666666,451.60206497104,1337.2206816629964
150,60,2,2,300.0,500,678.6,0.25066666666666665,0.47333333333333333,85.53933333333333,444.4020649710401,1309.214322916188
150,60,2,2,300.0,1000,667.8,0.25066666666666665,0.4693333333333333,86.01733333333334,433.60206497104,1270.2988588273147
150,60,2,2,300.0,1500,655.2,0.25066666666666665,0.4646666666666667,86.28466666666667,421.0020649710401,1229.5640056483821
150,60,2,2,300.0,2500,490.5,0.18933333333333333,0.352,96.908,256.30206497104007,666.4890449983707
150,60,2,2,600.0,-1,685.6925204271922,0.25066666666666665,0.476,85.10466666666666,451.4945853982323,1336.902428229802
150,60,2,2,600.0,0,685.8,0.25066666666666665,0.476,85.10466666666666,451.60206497104,1337.2206816629964
150,60,2,2,600.0,500,678.6,0.25066666666666665,0.47333333333333333,85.53933333333333,444.4020649710401,1309.214322916188
150,60,2,2,600.0,1000,667.8,0.25066666666666665,0.4693333333333333,86.01733333333334,433.60206497104,1270.2988588273147
150,60,2,2,600.0,1500,655.2,0.25066666666666665,0.4646666666666667,86.28466666666667,421.0020649710401,1229.5640056483821
150,60,2,2,600.0,2500,490.5,0.18933333333333333,0.352,96.908,256.30206497104007,666.4890449983707
150,60,2,2,1000000000.0,-1,685.6925204271922,0.25066666666666665,0.476,85.10466666666666,451.4945853982323,1336.902428229802
150,60,2,2,1000000000.0,0,685.8,0.25066666666666665,0.476,85.10466666666666,451.60206497104,1337.2206816629964
150,60,2,2,1000000000.0,500,678.6,0.25066666666666665,0.47333333333333333,85.53933333333333,444.4020649710401,1309.214322916188
150,60,2,2,1000000000.0,1000,667.8,0.25066666666666665,0.4693333333333333,86.01733333333334,433.60206497104,1270.2988588273147
150,60,2,2,1000000000.0,1500,655.2,0.25066666666666665,0.4646666666666667,86.28466666666667,421.0020649710401,1229.5640056483821
150,60,2,2,1000000000.0,2500,490.5,0.18933333333333333,0.352,96.908,256.30206497104007,666.4890449983707
150,60,3,1,300.0,-1,920.9752182002758,0.34,0.646,122.20666666666666,686.7772831713158,1416.190131682709
150,60,3,1,300.0,0,921.6,0.34,0.646,122.20666666666666,687.4020649710401,1417.4784821289245
150,60,3,1,300.0,500,892.8,0.34,0.6353333333333333,123.71266666666666,658.60206497104,1341.558021862774
150,60,3,1,300.0,1000,867.6,0.34,0.626,124.16333333333333,633.4020649710401,1285.5431316763036
150,60,3,1,300.0,1500,851.4,0.34,0.62,124.40266666666666,617.20206497104,1250.2539096646008
150,60,3,1,300.0,2500,629.1,0.24733333333333332,0.458,138.55733333333333,394.9020649710401,718.2248530526625
150,60,3,1,600.0,-1,920.9752182002758,0.34,0.646,122.20666666666666,686.7772831713158,1416.190131682709
150,60,3,1,600.0,0,921.6,0.34,0.646,122.20666666666666,687.4020649710401,1417.4784821289245
150,60,3,1,600.0,500,892.8,0.34,0.6353333333333333,123.71266666666666,658.60206497104,1341.558021862774
150,60,3,1,600.0,1000,867.6,0.34,0.626,124.16333333333333,633.4020649710401,1285.5431316763036
150,60,3,1,600.0,1500,851.4,0.34,0.62,124.40266666666666,617.20206497104,1250.2539096646008
150,60,3,1,600.0,2500,629.1,0.24733333333333332,0.458,138.55733333333333,394.9020649710401,718.2248530526625
150,60,3,1,1000000000.0,-1,920.9752182002758,0.34,0.646,122.20666666666666,686.7772831713158,1416.190131682709
150,60,3,1,1000000000.0,0,921.6,0.34,0.646,122.20666666666666,687.4020649710401,1417.4784821289245
150,60,3,1,1000000000.0,500,892.8,0.34,0.6353333333333333,123.71266666666666,658.60206497104,1341.558021862774
150,60,3,1,1000000000.0,1000,867.6,0.34,0.626,124.16333333333333,633.4020649710401,1285.5431316763036
150,60,3,1,1000000000.0,1500,851.4,0.34,0.62,124.40266666666666,617.20206497104,1250.2539096646008
150,60,3,1,1000000000.0,2500,629.1,0.24733333333333332,0.458,138.55733333333333,394.9020649710401,718.2248530526625
150,60,3,2,300.0,-1,853.4365120873172,0.29333333333333333,0.5866666666666667,71.17,619.2385770583572,2192.610951506337
150,60,3,2,300.0,0,854.1,0.29333333333333333,0.5866666666666667,71.17,619.9020649710401,2194.960241291304
150,60,3,2,300.0,500,846.9,0.29333333333333333,0.584,72.62066666666666,612.70206497104,2126.129206186055
150,60,3,2,300.0,1000,819.9,0.29333333333333333,0.574,73.78466666666667,585.70206497104,2000.3738858033119
150,60,3,2,300.0,1500,807.3,0.29333333333333333,0.5693333333333334,74.314,573.10206497104,1943.398557105015
150,60,3,2,300.0,2500,726.3,0.232,0.5113333333333333,91.44933333333333,492.10206497104,1356.0483805900035
150,60,3,2,600.0,-1,845.9470004284186,0.3,0.576,74.65666666666667,611.7490653994587,2064.9296488011373
150,60,3,2,600.0,0,846.0,0.3,0.576,74.65666666666667,611.8020649710401,2065.108546314713
150,60,3,2,600.0,500,838.8,0.3,0.5733333333333334,74.92866666666667,604.60206497104,2033.3969247110863
150,60,3,2,600.0,1000,831.6,0.3,0.5706666666666667,75.28666666666666,597.4020649710401,1999.6279160458087
150,60,3,2,600.0,1500,822.6,0.3,0.5673333333333334,75.67933333333333,588.4020649710401,1959.284177618312
150,60,3,2,600.0,2500,741.6,0.248,0.512,89.17,507.4020649710401,1433.9499873578793
150,60,3,2,1000000000.0,-1,845.9470004284186,0.3,0.576,74.65666666666667,611.7490653994587,2064.9296488011373
150,60,3,2,1000000000.0,0,846.0,0.3,0.576,74.65666666666667,611.8020649710401,2065.108546314713
150,60,3,2,1000000000.0,500,838.8,0.3,0.5733333333333334,74.92866666666667,604.60206497104,2033.3969247110863
150,60,3,2,1000000000.0,1000,831.6,0.3,0.5706666666666667,75.28666666666666,597.4020649710401,1999.6279160458087
150,60,3,2,1000000000.0,1500,822.6,0.3,0.5673333333333334,75.67933333333333,588.4020649710401,1959.284177618312
150,60,3,2,1000000000.0,2500,741.6,0.248,0.512,89.17,507.4020649710401,1433.9499873578793
150,90,1,1,300.0,-1,0.0,0.0,0.0,250.0,-234.19793502895996,-236.07151850919163
150,90,1,1,300.0,0,0.0,0.0,0.0,250.0,-234.19793502895996,-236.07151850919163
150,90,1,1,300.0,500,0.0,0.0,0.0,250.0,-234.19793502895996,-236.07151850919163
150,90,1,1,300.0,1000,0.0,0.0,0.0,250.0,-234.19793502895996,-236.07151850919163
150,90,1,1,300.0,1500,0.0,0.0,0.0,250.0,-234.19793502895996,-236.07151850919163
150,90,1,1,300.0,2500,0.0,0.0,0.0,250.0,-234.19793502895996,-236.07151850919163
150,90,1,1,600.0,-1,0.0,0.0,0.0,250.0,-234.19793502895996,-236.07151850919163
150,90,1,1,600.0,0,0.0,0.0,0.0,250.0,-234.19793502895996,-236.07151850919163
150,90,1,1,600.0,500,0.0,0.0,0.0,250.0,-234.19793502895996,-236.07151850919163
150,90,1,1,600.0,1000,0.0,0.0,0.0,250.0,-234.19793502895996,-236.07151850919163
150,90,1,1,600.0,1500,0.0,0.0,0.0,250.0,-234.19793502895996,-236.07151850919163
150,90,1,1,600.0,2500,0.0,0.0,0.0,250.0,-234.19793502895996,-236.07151850919163
150,90,1,1,1000000000.0,-1,0.0,0.0,0.0,250.0,-234.19793502895996,-236.07151850919163
150,90,1,1,1000000000.0,0,0.0,0.0,0.0,250.0,-234.19793502895996,-236.07151850919163
150,90,1,1,1000000000.0,500,0.0,0.0,0.0,250.0,-234.19793502895996,-236.07151850919163
150,90,1,1,1000000000.0,1000,0.0,0.0,0.0,250.0,-234.19793502895996,-236.07151850919163
150,90,1,1,1000000000.0,1500,0.0,0.0,0.0,250.0,-234.19793502895996,-236.07151850919163
150,90,1,1,1000000000.0,2500,0.0,0.0,0.0,250.0,-234.19793502895996,-236.07151850919163
150,90,1,2,300.0,-1,0.0,0.0,0.0,250.0,-234.19793502895996,-236.07151850919163
150,90,1,2,300.0,0,0.0,0.0,0.0,250.0,-234.19793502895996,-236.07151850919163
150,90,1,2,300.0,500,0.0,0.0,0.0,250.0,-234.19793502895996,-236.07151850919163
150,90,1,2,300.0,1000,0.0,0.0,0.0,250.0,-234.19793502895996,-236.07151850919163
150,90,1,2,300.0,1500,0.0,0.0,0.0,250.0,-234.19793502895996,-236.07151850919163
150,90,1,2,300.0,2500,0.0,0.0,0.0,250.0,-234.19793502895996,-236.07151850919163
150,90,1,2,600.0,-1,0.0,0.0,0.0,250.0,-234.19793502895996,-236.07151850919163
150,90,1,2,600.0,0,0.0,0.0,0.0,250.0,-234.19793502895996,-236.07151850919163
150,90,1,2,600.0,500,0.0,0.0,0.0,250.0,-234.19793502895996,-236.07151850919163
150,90,1,2,600.0,1000,0.0,0.0,0.0,250.0,-234.19793502895996,-236.07151850919163
150,90,1,2,600.0,1500,0.0,0.0,0.0,250.0,-234.19793502895996,-236.07151850919163
150,90,1,2,600.0,2500,0.0,0.0,0.0,250.0,-234.19793502895996,-236.07151850919163
150,90,1,2,1000000000.0,-1,0.0,0.0,0.0,250.0,-234.19793502895996,-236.07151850919163
150,90,1,2,1000000000.0,0,0.0,0.0,0.0,250.0,-234.19793502895996,-236.07151850919163
150,90,1,2,1000000000.0,500,0.0,0.0,0.0,250.0,-234.19793502895996,-236.07151850919163
150,90,1,2,1000000000.0,1000,0.0,0.0,0.0,250.0,-234.19793502895996,-236.07151850919163
150,90,1,2,1000000000.0,1500,0.0,0.0,0.0,250.0,-234.19793502895996,-236.07151850919163
150,90,1,2,1000000000.0,2500,0.0,0.0,0.0,250.0,-234.19793502895996,-236.07151850919163
150,90,2,1,300.0,-1,0.0,0.0,0.0,250.0,-234.19793502895996,-236.07151850919163
150,90,2,1,300.0,0,0.0,0.0,0.0,250.0,-234.19793502895996,-236.07151850919163
150,90,2,1,300.0,500,0.0,0.0,0.0,250.0,-234.19793502895996,-236.07151850919163
150,90,2,1,300.0,1000,0.0,0.0,0.0,250.0,-234.19793502895996,-236.07151850919163
150,90,2,1,300.0,1500,0.0,0.0,0.0,250.0,-234.19793502895996,-236.07151850919163
150,90,2,1,300.0,2500,0.0,0.0,0.0,250.0,-234.19793502895996,-236.07151850919163
150,90,2,1,600.0,-1,0.0,0.0,0.0,250.0,-234.19793502895996,-236.07151850919163
150,90,2,1,600.0,0,0.0,0.0,0.0,250.0,-234.19793502895996,-236.07151850919163
150,90,2,1,600.0,500,0.0,0.0,0.0,250.0,-234.19793502895996,-236.07151850919163
150,90,2,1,600.0,1000,0.0,0.0,0.0,250.0,-234.19793502895996,-236.07151850919163
150,90,2,1,600.0,1500,0.0,0.0,0.0,250.0,-234.19793502895996,-236.07151850919163
150,90,2,1,600.0,2500,0.0,0.0,0.0,250.0,-234.19793502895996,-236.07151850919163
150,90,2,1,1000000000.0,-1,0.0,0.0,0.0,250.0,-234.19793502895996,-236.07151850919163
150,90,2,1,1000000000.0,0,0.0,0.0,0.0,250.0,-234.19793502895996,-236.07151850919163
150,90,2,1,1000000000.0,500,0.0,0.0,0.0,250.0,-234.19793502895996,-236.07151850919163
150,90,2,1,1000000000.0,1000,0.0,0.0,0.0,250.0,-234.19793502895996,-236.07151850919163
150,90,2,1,1000000000.0,1500,0.0,0.0,0.0,250.0,-234.19793502895996,-236.07151850919163
150,90,2,1,1000000000.0,2500,0.0,0.0,0.0,250.0,-234.19793502895996,-236.07151850919163
150,90,2,2,300.0,-1,0.0,0.0,0.0,250.0,-234.19793502895996,-236.07151850919163
150,90,2,2,300.0,0,0.0,0.0,0.0,250.0,-234.19793502895996,-236.07151850919163
150,90,2,2,300.0,500,0.0,0.0,0.0,250.0,-234.19793502895996,-236.07151850919163
150,90,2,2,300.0,1000,0.0,0.0,0.0,250.0,-234.19793502895996,-236.07151850919163
150,90,2,2,300.0,1500,0.0,0.0,0.0,250.0,-234.19793502895996,-236.07151850919163
150,90,2,2,300.0,2500,0.0,0.0,0.0,250.0,-234.19793502895996,-236.07151850919163
150,90,2,2,600.0,-1,0.0,0.0,0.0,250.0,-234.19793502895996,-236.07151850919163
150,90,2,2,600.0,0,0.0,0.0,0.0,250.0,-234.19793502895996,-236.07151850919163
150,90,2,2,600.0,500,0.0,0.0,0.0,250.0,-234.19793502895996,-236.07151850919163
150,90,2,2,600.0,1000,0.0,0.0,0.0,250.0,-234.19793502895996,-236.07151850919163
150,90,2,2,600.0,1500,0.0,0.0,0.0,250.0,-234.19793502895996,-236.07151850919163
150,90,2,2,600.0,2500,0.0,0.0,0.0,250.0,-234.19793502895996,-236.07151850919163
150,90,2,2,1000000000.0,-1,0.0,0.0,0.0,250.0,-234.19793502895996,-236.07151850919163
150,90,2,2,1000000000.0,0,0.0,0.0,0.0,250.0,-234.19793502895996,-236.07151850919163
150,90,2,2,1000000000.0,500,0.0,0.0,0.0,250.0,-234.19793502895996,-236.07151850919163
150,90,2,2,1000000000.0,1000,0.0,0.0,0.0,250.0,-234.19793502895996,-236.07151850919163
150,90,2,2,1000000000.0,1500,0.0,0.0,0.0,250.0,-234.19793502895996,-236.07151850919163
150,90,2,2,1000000000.0,2500,0.0,0.0,0.0,250.0,-234.19793502895996,-236.07151850919163
150,90,3,1,300.0,-1,0.0,0.0,0.0,250.0,-234.19793502895996,-236.07151850919163
150,90,3,1,300.0,0,0.0,0.0,0.0,250.0,-234.19793502895996,-236.07151850919163
150,90,3,1,300.0,500,0.0,0.0,0.0,250.0,-234.19793502895996,-236.07151850919163
150,90,3,1,300.0,1000,0.0,0.0,0.0,250.0,-234.19793502895996,-236.07151850919163
150,90,3,1,300.0,1500,0.0,0.0,0.0,250.0,-234.19793502895996,-236.07151850919163
150,90,3,1,300.0,2500,0.0,0.0,0.0,250.0,-234.19793502895996,-236.07151850919163
150,90,3,1,600.0,-1,0.0,0.0,0.0,250.0,-234.19793502895996,-236.07151850919163
150,90,3,1,600.0,0,0.0,0.0,0.0,250.0,-234.19793502895996,-236.07151850919163
150,90,3,1,600.0,500,0.0,0.0,0.0,250.0,-234.19793502895996,-236.07151850919163
150,90,3,1,600.0,1000,0.0,0.0,0.0,250.0,-234.19793502895996,-236.07151850919163
150,90,3,1,600.0,1500,0.0,0.0,0.0,250.0,-234.19793502895996,-236.07151850919163
150,90,3,1,600.0,2500,0.0,0.0,0.0,250.0,-234.19793502895996,-236.07151850919163
150,90,3,1,1000000000.0,-1,0.0,0.0,0.0,250.0,-234.19793502895996,-236.07151850919163
150,90,3,1,1000000000.0,0,0.0,0.0,0.0,250.0,-234.19793502895996,-236.07151850919163
150,90,3,1,1000000000.0,500,0.0,0.0,0.0,250.0,-234.19793502895996,-236.07151850919163
150,90,3,1,1000000000.0,1000,0.0,0.0,0.0,250.0,-234.19793502895996,-236.07151850919163
150,90,3,1,1000000000.0,1500,0.0,0.0,0.0,250.0,-234.19793502895996,-236.07151850919163
150,90,3,1,1000000000.0,2500,0.0,0.0,0.0,250.0,-234.19793502895996,-236.07151850919163
150,90,3,2,300.0,-1,0.0,0.0,0.0,250.0,-234.19793502895996,-236.07151850919163
150,90,3,2,300.0,0,0.0,0.0,0.0,250.0,-234.19793502895996,-236.07151850919163
150,90,3,2,300.0,500,0.0,0.0,0.0,250.0,-234.19793502895996,-236.07151850919163
150,90,3,2,300.0,1000,0.0,0.0,0.0,250.0,-234.19793502895996,-236.07151850919163
150,90,3,2,300.0,1500,0.0,0.0,0.0,250.0,-234.19793502895996,-236.07151850919163
150,90,3,2,300.0,2500,0.0,0.0,0.0,250.0,-234.19793502895996,-236.07151850919163
150,90,3,2,600.0,-1,0.0,0.0,0.0,250.0,-234.19793502895996,-236.07151850919163
150,90,3,2,600.0,0,0.0,0.0,0.0,250.0,-234.19793502895996,-236.07151850919163
150,90,3,2,600.0,500,0.0,0.0,0.0,250.0,-234.19793502895996,-236.07151850919163
150,90,3,2,600.0,1000,0.0,0.0,0.0,250.0,-234.19793502895996,-236.07151850919163
150,90,3,2,600.0,1500,0.0,0.0,0.0,250.0,-234.19793502895996,-236.07151850919163
150,90,3,2,600.0,2500,0.0,0.0,0.0,250.0,-234.19793502895996,-236.07151850919163
150,90,3,2,1000000000.0,-1,0.0,0.0,0.0,250.0,-234.19793502895996,-236.07151850919163
150,90,3,2,1000000000.0,0,0.0,0.0,0.0,250.0,-234.19793502895996,-236.07151850919163
150,90,3,2,1000000000.0,500,0.0,0.0,0.0,250.0,-234.19793502895996,-236.07151850919163
150,90,3,2,1000000000.0,1000,0.0,0.0,0.0,250.0,-234.19793502895996,-236.07151850919163
150,90,3,2,1000000000.0,1500,0.0,0.0,0.0,250.0,-234.19793502895996,-236.07151850919163
150,90,3,2,1000000000.0,2500,0.0,0.0,0.0,250.0,-234.19793502895996,-236.07151850919163
250,20,1,1,300.0,-1,14.4,0.010666666666666666,0.010666666666666666,54.08266666666667,-219.79793502895996,-1024.1558532733452
250,20,1,1,300.0,0,14.4,0.010666666666666666,0.010666666666666666,54.08266666666667,-219.79793502895996,-1024.1558532733452
250,20,1,1,300.0,500,14.4,0.010666666666666666,0.010666666666666666,54.08266666666667,-219.79793502895996,-1024.1558532733452
250,20,1,1,300.0,1000,14.4,0.010666666666666666,0.010666666666666666,54.08266666666667,-219.79793502895996,-1024.1558532733452
250,20,1,1,300.0,1500,14.4,0.010666666666666666,0.010666666666666666,54.08266666666667,-219.79793502895996,-1024.1558532733452
250,20,1,1,300.0,2500,1.8,0.0013333333333333333,0.0013333333333333333,54.528,-232.39793502895995,-1074.0221469208097
250,20,1,1,600.0,-1,14.4,0.010666666666666666,0.010666666666666666,54.08266666666667,-219.79793502895996,-1024.1558532733452
250,20,1,1,600.0,0,14.4,0.010666666666666666,0.010666666666666666,54.08266666666667,-219.79793502895996,-1024.1558532733452
250,20,1,1,600.0,500,14.4,0.010666666666666666,0.010666666666666666,54.08266666666667,-219.79793502895996,-1024.1558532733452
250,20,1,1,600.0,1000,14.4,0.010666666666666666,0.010666666666666666,54.08266666666667,-219.79793502895996,-1024.1558532733452
250,20,1,1,600.0,1500,14.4,0.010666666666666666,0.010666666666666666,54.08266666666667,-219.79793502895996,-1024.1558532733452
250,20,1,1,600.0,2500,1.8,0.0013333333333333333,0.0013333333333333333,54.528,-232.39793502895995,-1074.0221469208097
250,20,1,1,1000000000.0,-1,14.4,0.010666666666666666,0.010666666666666666,54.08266666666667,-219.79793502895996,-1024.1558532733452
250,20,1,1,1000000000.0,0,14.4,0.010666666666666666,0.010666666666666666,54.08266666666667,-219.79793502895996,-1024.1558532733452
250,20,1,1,1000000000.0,500,14.4,0.010666666666666666,0.010666666666666666,54.08266666666667,-219.79793502895996,-1024.1558532733452
250,20,1,1,1000000000.0,1000,14.4,0.010666666666666666,0.010666666666666666,54.08266666666667,-219.79793502895996,-1024.1558532733452
250,20,1,1,1000000000.0,1500,14.4,0.010666666666666666,0.010666666666666666,54.08266666666667,-219.79793502895996,-1024.1558532733452
250,20,1,1,1000000000.0,2500,1.8,0.0013333333333333333,0.0013333333333333333,54.528,-232.39793502895995,-1074.0221469208097
250,20,1,2,300.0,-1,15.3,0.011333333333333334,0.011333333333333334,32.546,-218.89793502895995,-1694.9019734313865
250,20,1,2,300.0,0,15.3,0.011333333333333334,0.011333333333333334,32.546,-218.89793502895995,-1694.9019734313865
250,20,1,2,300.0,500,15.3,0.011333333333333334,0.011333333333333334,32.546,-218.89793502895995,-1694.9019734313865
250,20,1,2,300.0,1000,15.3,0.011333333333333334,0.011333333333333334,32.546,-218.89793502895995,-1694.9019734313865
250,20,1,2,300.0,1500,15.3,0.011333333333333334,0.011333333333333334,32.546,-218.89793502895995,-1694.9019734313865
250,20,1,2,300.0,2500,3.6,0.0026666666666666666,0.0026666666666666666,32.70733333333333,-230.59793502895997,-1776.6865624619732
250,20,1,2,600.0,-1,15.3,0.011333333333333334,0.011333333333333334,32.546,-218.89793502895995,-1694.9019734313865
250,20,1,2,600.0,0,15.3,0.011333333333333334,0.011333333333333334,32.546,-218.89793502895995,-1694.9019734313865
250,20,1,2,600.0,500,15.3,0.011333333333333334,0.011333333333333334,32.546,-218.89793502895995,-1694.9019734313865
250,20,1,2,600.0,1000,15.3,0.011333333333333334,0.011333333333333334,32.546,-218.89793502895995,-1694.9019734313865
250,20,1,2,600.0,1500,15.3,0.011333333333333334,0.011333333333333334,32.546,-218.89793502895995,-1694.9019734313865
250,20,1,2,600.0,2500,3.6,0.0026666666666666666,0.0026666666666666666,32.70733333333333,-230.59793502895997,-1776.6865624619732
250,20,1,2,1000000000.0,-1,15.3,0.011333333333333334,0.011333333333333334,32.546,-218.89793502895995,-1694.9019734313865
250,20,1,2,1000000000.0,0,15.3,0.011333333333333334,0.011333333333333334,32.546,-218.89793502895995,-1694.9019734313865
250,20,1,2,1000000000.0,500,15.3,0.011333333333333334,0.011333333333333334,32.546,-218.89793502895995,-1694.9019734313865
250,20,1,2,1000000000.0,1000,15.3,0.011333333333333334,0.011333333333333334,32.546,-218.89793502895995,-1694.9019734313865
250,20,1,2,1000000000.0,1500,15.3,0.011333333333333334,0.011333333333333334,32.546,-218.89793502895995,-1694.9019734313865
250,20,1,2,1000000000.0,2500,3.6,0.0026666666666666666,0.0026666666666666666,32.70733333333333,-230.59793502895997,-1776.6865624619732
250,20,2,1,300.0,-1,203.369964,0.10333333333333333,0.14866666666666667,44.87866666666667,-30.82797102895995,-173.10337575309518
250,20,2,1,300.0,0,203.4,0.10333333333333333,0.14866666666666667,44.87866666666667,-30.797935028959955,-172.9347194056101
250,20,2,1,300.0,500,203.4,0.10333333333333333,0.14866666666666667,44.996,-30.797935028959955,-172.48376805266932
250,20,2,1,300.0,1000,201.6,0.10333333333333333,0.148,45.026,-32.59793502895997,-182.44302463683007
250,20,2,1,300.0,1500,199.8,0.10333333333333333,0.14733333333333334,45.044666666666664,-34.39793502895995,-192.43742420037682
250,20,2,1,300.0,2500,124.2,0.058,0.09,49.726,-109.99793502895996,-557.4443877910531
250,20,2,1,600.0,-1,203.369964,0.10333333333333333,0.14866666666666667,44.87866666666667,-30.82797102895995,-173.10337575309518
250,20,2,1,600.0,0,203.4,0.10333333333333333,0.14866666666666667,44.87866666666667,-30.797935028959955,-172.9347194056101
250,20,2,1,600.0,500,203.4,0.10333333333333333,0.14866666666666667,44.996,-30.797935028959955,-172.48376805266932
250,20,2,1,600.0,1000,201.6,0.10333333333333333,0.148,45.026,-32.59793502895997,-182.44302463683007
250,20,2,1,600.0,1500,199.8,0.10333333333333333,0.14733333333333334,45.044666666666664,-34.39793502895995,-192.43742420037682
250,20,2,1,600.0,2500,124.2,0.058,0.09,49.726,-109.99793502895996,-557.4443877910531
250,20,2,1,1000000000.0,-1,203.369964,0.10333333333333333,0.14866666666666667,44.87866666666667,-30.82797102895995,-173.10337575309518
250,20,2,1,1000000000.0,0,203.4,0.10333333333333333,0.14866666666666667,44.87866666666667,-30.797935028959955,-172.9347194056101
250,20,2,1,1000000000.0,500,203.4,0.10333333333333333,0.14866666666666667,44.996,-30.797935028959955,-172.48376805266932
250,20,2,1,1000000000.0,1000,201.6,0.10333333333333333,0.148,45.026,-32.59793502895997,-182.44302463683007
250,20,2,1,1000000000.0,1500,199.8,0.10333333333333333,0.14733333333333334,45.044666666666664,-34.39793502895995,-192.43742420037682
250,20,2,1,1000000000.0,2500,124.2,0.058,0.09,49.726,-109.99793502895996,-557.4443877910531
250,20,2,2,300.0,-1,208.78644000000003,0.106,0.15,28.458,-25.411495028959934,-225.02272637915186
250,20,2,2,300.0,0,208.8,0.106,0.15,28.458,-25.39793502895995,-224.90265047782373
250,20,2,2,300.0,500,208.8,0.106,0.15,28.456666666666667,-25.39793502895995,-224.91318826161088
250,20,2,2,300.0,1000,207.0,0.106,0.14933333333333335,28.536,-27.19793502895996,-240.18361463757742
250,20,2,2,300.0,1500,205.2,0.106,0.14866666666666667,28.545333333333332,-28.997935028959972,-255.9955962666839
250,20,2,2,300.0,2500,137.7,0.05266666666666667,0.096,31.407333333333334,-96.49793502895997,-774.2612010134973
250,20,2,2,600.0,-1,214.2,0.12133333333333333,0.15533333333333332,26.829333333333334,-19.997935028959972,-187.8346943879055
250,20,2,2,600.0,0,214.2,0.12133333333333333,0.15533333333333332,26.829333333333334,-19.997935028959972,-187.8346943879055
250,20,2,2,600.0,500,212.4,0.12133333333333333,0.15466666666666667,26.85,-21.797935028959955,-204.58397122152357
250,20,2,2,600.0,1000,212.4,0.12133333333333333,0.15466666666666667,26.85,-21.797935028959955,-204.58397122152357
250,20,2,2,600.0,1500,212.4,0.12133333333333333,0.15466666666666667,26.85,-21.797935028959955,-204.58397122152357
250,20,2,2,600.0,2500,117.9,0.066,0.08533333333333333,28.804,-116.29793502895996,-1017.465616834395
250,20,2,2,1000000000.0,-1,214.2,0.12133333333333333,0.15533333333333332,26.829333333333334,-19.997935028959972,-187.8346943879055
250,20,2,2,1000000000.0,0,214.2,0.12133333333333333,0.15533333333333332,26.829333333333334,-19.997935028959972,-187.8346943879055
250,20,2,2,1000000000.0,500,212.4,0.12133333333333333,0.15466666666666667,26.85,-21.797935028959955,-204.58397122152357
250,20,2,2,1000000000.0,1000,212.4,0.12133333333333333,0.15466666666666667,26.85,-21.797935028959955,-204.58397122152357
250,20,2,2,1000000000.0,1500,212.4,0.12133333333333333,0.15466666666666667,26.85,-21.797935028959955,-204.58397122152357
250,20,2,2,1000000000.0,2500,117.9,0.066,0.08533333333333333,28.804,-116.29793502895996,-1017.465616834395
250,20,3,1,300.0,-1,370.8,0.172,0.2633333333333333,39.856,136.60206497104005,863.7023377333925
250,20,3,1,300.0,0,370.8,0.172,0.2633333333333333,39.856,136.60206497104005,863.7023377333925
250,20,3,1,300.0,500,370.8,0.172,0.2633333333333333,39.856,136.60206497104005,863.7023377333925
250,20,3,1,300.0,1000,370.8,0.172,0.2633333333333333,39.814,136.60206497104005,864.6134619154592
250,20,3,1,300.0,1500,367.2,0.172,0.262,40.004,133.00206497104003,837.8292263949127
250,20,3,1,300.0,2500,274.5,0.116,0.19533333333333333,45.502,40.30206497104004,223.20162570221285
250,20,3,1,600.0,-1,370.8,0.172,0.2633333333333333,39.856,136.60206497104005,863.7023377333925
250,20,3,1,600.0,0,370.8,0.172,0.2633333333333333,39.856,136.60206497104005,863.7023377333925
250,20,3,1,600.0,500,370.8,0.172,0.2633333333333333,39.856,136.60206497104005,863.7023377333925
250,20,3,1,600.0,1000,370.8,0.172,0.2633333333333333,39.814,136.60206497104005,864.6134619154592
250,20,3,1,600.0,1500,367.2,0.172,0.262,40.004,133.00206497104003,837.8292263949127
250,20,3,1,600.0,2500,274.5,0.116,0.19533333333333333,45.502,40.30206497104004,223.20162570221285
250,20,3,1,1000000000.0,-1,370.8,0.172,0.2633333333333333,39.856,136.60206497104005,863.7023377333925
250,20,3,1,1000000000.0,0,370.8,0.172,0.2633333333333333,39.856,136.60206497104005,863.7023377333925
250,20,3,1,1000000000.0,500,370.8,0.172,0.2633333333333333,39.856,136.60206497104005,863.7023377333925
250,20,3,1,1000000000.0,1000,370.8,0.172,0.2633333333333333,39.814,136.60206497104005,864.6134619154592
250,20,3,1,1000000000.0,1500,367.2,0.172,0.262,40.004,133.00206497104003,837.8292263949127
250,20,3,1,1000000000.0,2500,274.5,0.116,0.19533333333333333,45.502,40.30206497104004,223.20162570221285
250,20,3,2,300.0,-1,395.953584,0.16333333333333333,0.274,25.227333333333334,161.75564897104002,1615.8038981806276
250,20,3,2,300.0,0,396.0,0.16333333333333333,0.274,25.227333333333334,161.80206497104004,1616.2675552721423
250,20,3,2,300.0,500,394.2,0.16333333333333333,0.2733333333333333,25.265333333333334,160.00206497104003,1595.8831748127377
250,20,3,2,300.0,1000,397.8,0.16333333333333333,0.27466666666666667,25.336,163.60206497104005,1627.2387264249326
250,20,3,2,300.0,1500,405.0,0.16333333333333333,0.2773333333333333,25.721333333333334,170.80206497104004,1673.4016007219204
250,20,3,2,300.0,2500,327.6,0.10666666666666667,0.21266666666666667,29.792,93.40206497104006,790.0550608452636
250,20,3,2,600.0,-1,281.7,0.13666666666666666,0.20133333333333334,30.367333333333335,47.50206497104003,394.1906996345444
250,20,3,2,600.0,0,281.7,0.13666666666666666,0.20133333333333334,30.367333333333335,47.50206497104003,394.1906996345444
250,20,3,2,600.0,500,281.7,0.13666666666666666,0.20133333333333334,30.367333333333335,47.50206497104003,394.1906996345444
250,20,3,2,600.0,1000,281.7,0.13666666666666666,0.20133333333333334,30.367333333333335,47.50206497104003,394.1906996345444
250,20,3,2,600.0,1500,281.7,0.13666666666666666,0.20133333333333334,30.367333333333335,47.50206497104003,394.1906996345444
250,20,3,2,600.0,2500,246.6,0.11266666666666666,0.17466666666666666,31.987333333333332,12.402064971040033,97.70493651764517
250,20,3,2,1000000000.0,-1,281.7,0.13666666666666666,0.20133333333333334,30.367333333333335,47.50206497104003,394.1906996345444
250,20,3,2,1000000000.0,0,281.7,0.13666666666666666,0.20133333333333334,30.367333333333335,47.50206497104003,394.1906996345444
250,20,3,2,1000000000.0,500,281.7,0.13666666666666666,0.20133333333333334,30.367333333333335,47.50206497104003,394.1906996345444
250,20,3,2,1000000000.0,1000,281.7,0.13666666666666666,0.20133333333333334,30.367333333333335,47.50206497104003,394.1906996345444
250,20,3,2,1000000000.0,1500,281.7,0.13666666666666666,0.20133333333333334,30.367333333333335,47.50206497104003,394.1906996345444
250,20,3,2,1000000000.0,2500,246.6,0.11266666666666666,0.17466666666666666,31.987333333333332,12.402064971040033,97.70493651764517
250,40,1,1,300.0,-1,245.62374,0.116,0.17466666666666666,60.27733333333333,11.425804971040037,47.767588469442735
250,40,1,1,300.0,0,245.7,0.116,0.17466666666666666,60.27733333333333,11.502064971040028,48.086406820177075
250,40,1,1,300.0,500,236.7,0.116,0.17133333333333334,60.61533333333333,2.502064971040028,10.401994644403842
250,40,1,1,300.0,1000,231.3,0.116,0.16933333333333334,60.77,-2.8979350289599495,-12.017107574426644
250,40,1,1,300.0,1500,229.5,0.116,0.16866666666666666,60.77133333333333,-4.697935028959961,-19.480889464844886
250,40,1,1,300.0,2500,137.7,0.06533333333333333,0.10133333333333333,66.20066666666666,-96.49793502895997,-367.32982992061375
250,40,1,1,600.0,-1,245.62374,0.116,0.17466666666666666,60.27733333333333,11.425804971040037,47.767588469442735
250,40,1,1,600.0,0,245.7,0.116,0.17466666666666666,60.27733333333333,11.502064971040028,48.086406820177075
250,40,1,1,600.0,500,236.7,0.116,0.17133333333333334,60.61533333333333,2.502064971040028,10.401994644403842
250,40,1,1,600.0,1000,231.3,0.116,0.16933333333333334,60.77,-2.8979350289599495,-12.017107574426644
250,40,1,1,600.0,1500,229.5,0.116,0.16866666666666666,60.77133333333333,-4.697935028959961,-19.480889464844886
250,40,1,1,600.0,2500,137.7,0.06533333333333333,0.10133333333333333,66.20066666666666,-96.49793502895997,-367.32982992061375
250,40,1,1,1000000000.0,-1,245.62374,0.116,0.17466666666666666,60.27733333333333,11.425804971040037,47.767588469442735
250,40,1,1,1000000000.0,0,245.7,0.116,0.17466666666666666,60.27733333333333,11.502064971040028,48.086406820177075
250,40,1,1,1000000000.0,500,236.7,0.116,0.17133333333333334,60.61533333333333,2.502064971040028,10.401994644403842
250,40,1,1,1000000000.0,1000,231.3,0.116,0.16933333333333334,60.77,-2.8979350289599495,-12.017107574426644
250,40,1,1,1000000000.0,1500,229.5,0.116,0.16866666666666666,60.77133333333333,-4.697935028959961,-19.480889464844886
250,40,1,1,1000000000.0,2500,137.7,0.06533333333333333,0.10133333333333333,66.20066666666666,-96.49793502895997,-367.32982992061375
250,40,1,2,300.0,-1,280.8,0.13666666666666666,0.20466666666666666,33.595333333333336,46.60206497104005,349.56403784361197
250,40,1,2,300.0,0,280.8,0.13666666666666666,0.20466666666666666,33.595333333333336,46.60206497104005,349.56403784361197
250,40,1,2,300.0,500,279.0,0.13666666666666666,0.204,33.60466666666667,44.80206497104004,335.9688249460022
250,40,1,2,300.0,1000,279.0,0.13666666666666666,0.204,33.632,44.80206497104004,335.69577701897276
250,40,1,2,300.0,1500,277.2,0.13666666666666666,0.20333333333333334,33.74933333333333,43.00206497104003,321.08842760455775
250,40,1,2,300.0,2500,180.0,0.07933333333333334,0.13066666666666665,38.54533333333333,-54.19793502895996,-354.33289703806537
250,40,1,2,600.0,-1,280.8,0.13666666666666666,0.20466666666666666,33.595333333333336,46.60206497104005,349.56403784361197
250,40,1,2,600.0,0,280.8,0.13666666666666666,0.20466666666666666,33.595333333333336,46.60206497104005,349.56403784361197
250,40,1,2,600.0,500,279.0,0.13666666666666666,0.204,33.60466666666667,44.80206497104004,335.9688249460022
250,40,1,2,600.0,1000,279.0,0.13666666666666666,0.204,33.632,44.80206497104004,335.69577701897276
250,40,1,2,600.0,1500,277.2,0.13666666666666666,0.20333333333333334,33.74933333333333,43.00206497104003,321.08842760455775
250,40,1,2,600.0,2500,180.0,0.07933333333333334,0.13066666666666665,38.54533333333333,-54.19793502895996,-354.33289703806537
250,40,1,2,1000000000.0,-1,280.8,0.13666666666666666,0.20466666666666666,33.595333333333336,46.60206497104005,349.56403784361197
250,40,1,2,1000000000.0,0,280.8,0.13666666666666666,0.20466666666666666,33.595333333333336,46.60206497104005,349.56403784361197
250,40,1,2,1000000000.0,500,279.0,0.13666666666666666,0.204,33.60466666666667,44.80206497104004,335.9688249460022
250,40,1,2,1000000000.0,1000,279.0,0.13666666666666666,0.204,33.632,44.80206497104004,335.69577701897276
250,40,1,2,1000000000.0,1500,277.2,0.13666666666666666,0.20333333333333334,33.74933333333333,43.00206497104003,321.08842760455775
250,40,1,2,1000000000.0,2500,180.0,0.07933333333333334,0.13066666666666665,38.54533333333333,-54.19793502895996,-354.33289703806537
250,40,2,1,300.0,-1,506.660964,0.204,0.35333333333333333,41.506,272.46302897104,1654.235129877658
250,40,2,1,300.0,0,506.7,0.204,0.35333333333333333,41.506,272.50206497104,1654.4721334915935
250,40,2,1,300.0,500,497.7,0.204,0.35,41.73733333333333,263.50206497104,1590.962217024776
250,40,2,1,300.0,1000,488.7,0.204,0.3466666666666667,41.89,254.50206497104003,1531.0222098997872
250,40,2,1,300.0,1500,485.1,0.204,0.3453333333333333,42.55266666666667,250.90206497104006,1485.8603543695365
250,40,2,1,300.0,2500,410.4,0.14266666666666666,0.2826666666666667,50.14666666666667,176.20206497104002,885.4610550259655
250,40,2,1,600.0,-1,506.660964,0.204,0.35333333333333333,41.506,272.46302897104,1654.235129877658
250,40,2,1,600.0,0,506.7,0.204,0.35333333333333333,41.506,272.50206497104,1654.4721334915935
250,40,2,1,600.0,500,497.7,0.204,0.35,41.73733333333333,263.50206497104,1590.962217024776
250,40,2,1,600.0,1000,488.7,0.204,0.3466666666666667,41.89,254.50206497104003,1531.0222098997872
250,40,2,1,600.0,1500,485.1,0.204,0.3453333333333333,42.55266666666667,250.90206497104006,1485.8603543695365
250,40,2,1,600.0,2500,410.4,0.14266666666666666,0.2826666666666667,50.14666666666667,176.20206497104002,885.4610550259655
250,40,2,1,1000000000.0,-1,506.660964,0.204,0.35333333333333333,41.506,272.46302897104,1654.235129877658
250,40,2,1,1000000000.0,0,506.7,0.204,0.35333333333333333,41.506,272.50206497104,1654.4721334915935
250,40,2,1,1000000000.0,500,497.7,0.204,0.35,41.73733333333333,263.50206497104,1590.962217024776
250,40,2,1,1000000000.0,1000,488.7,0.204,0.3466666666666667,41.89,254.50206497104003,1531.0222098997872
250,40,2,1,1000000000.0,1500,485.1,0.204,0.3453333333333333,42.55266666666667,250.90206497104006,1485.8603543695365
250,40,2,1,1000000000.0,2500,410.4,0.14266666666666666,0.2826666666666667,50.14666666666667,176.20206497104002,885.4610550259655
250,40,2,2,300.0,-1,561.5032635617843,0.208,0.38066666666666665,28.422,327.3053285328243,2902.0105126406206
250,40,2,2,300.0,0,561.6,0.208,0.38066666666666665,28.422,327.4020649710401,2902.8682138027616
250,40,2,2,300.0,500,552.6,0.208,0.37733333333333335,28.829333333333334,318.4020649710401,2783.1833447195713
250,40,2,2,300.0,1000,552.6,0.208,0.37733333333333335,29.080666666666666,318.4020649710401,2759.129331263684
250,40,2,2,300.0,1500,536.4,0.208,0.37133333333333335,29.699333333333332,302.20206497104004,2564.196290804578
250,40,2,2,300.0,2500,508.5,0.14733333333333334,0.32866666666666666,35.408,274.30206497104007,1952.2175884744152
250,40,2,2,600.0,-1,484.2,0.202,0.33266666666666667,31.244666666666667,250.00206497104003,2016.36077749916
250,40,2,2,600.0,0,484.2,0.202,0.33266666666666667,31.244666666666667,250.00206497104003,2016.36077749916
250,40,2,2,600.0,500,484.2,0.202,0.33266666666666667,31.244666666666667,250.00206497104003,2016.36077749916
250,40,2,2,600.0,1000,484.2,0.202,0.33266666666666667,31.244666666666667,250.00206497104003,2016.36077749916
250,40,2,2,600.0,1500,484.2,0.202,0.33266666666666667,31.244666666666667,250.00206497104003,2016.36077749916
250,40,2,2,600.0,2500,437.4,0.152,0.28733333333333333,36.18066666666667,203.20206497104002,1415.3116868871612
250,40,2,2,1000000000.0,-1,484.2,0.202,0.33266666666666667,31.244666666666667,250.00206497104003,2016.36077749916
250,40,2,2,1000000000.0,0,484.2,0.202,0.33266666666666667,31.244666666666667,250.00206497104003,2016.36077749916
250,40,2,2,1000000000.0,500,484.2,0.202,0.33266666666666667,31.244666666666667,250.00206497104003,2016.36077749916
250,40,2,2,1000000000.0,1000,484.2,0.202,0.33266666666666667,31.244666666666667,250.00206497104003,2016.36077749916
250,40,2,2,1000000000.0,1500,484.2,0.202,0.33266666666666667,31.244666666666667,250.00206497104003,2016.36077749916
250,40,2,2,1000000000.0,2500,437.4,0.152,0.28733333333333333,36.18066666666667,203.20206497104002,1415.3116868871612
250,40,3,1,300.0,-1,515.7,0.218,0.35733333333333334,34.01733333333333,281.5020649710401,2085.3639430692815
250,40,3,1,300.0,0,515.7,0.218,0.35733333333333334,34.01733333333333,281.5020649710401,2085.3639430692815
250,40,3,1,300.0,500,515.7,0.218,0.35733333333333334,34.01733333333333,281.5020649710401,2085.3639430692815
250,40,3,1,300.0,1000,513.9,0.218,0.3566666666666667,34.038666666666664,279.70206497104004,2070.7309443976096
250,40,3,1,300.0,1500,512.1,0.218,0.356,34.038666666666664,277.9020649710401,2057.404923010168
250,40,3,1,300.0,2500,438.3,0.156,0.2946666666666667,39.51466666666666,204.10206497104005,1301.6361951520641
250,40,3,1,600.0,-1,515.7,0.218,0.35733333333333334,34.01733333333333,281.5020649710401,2085.3639430692815
250,40,3,1,600.0,0,515.7,0.218,0.35733333333333334,34.01733333333333,281.5020649710401,2085.3639430692815
250,40,3,1,600.0,500,515.7,0.218,0.35733333333333334,34.01733333333333,281.5020649710401,2085.3639430692815
250,40,3,1,600.0,1000,513.9,0.218,0.3566666666666667,34.038666666666664,279.70206497104004,2070.7309443976096
250,40,3,1,600.0,1500,512.1,0.218,0.356,34.038666666666664,277.9020649710401,2057.404923010168
250,40,3,1,600.0,2500,438.3,0.156,0.2946666666666667,39.51466666666666,204.10206497104005,1301.6361951520641
250,40,3,1,1000000000.0,-1,515.7,0.218,0.35733333333333334,34.01733333333333,281.5020649710401,2085.3639430692815
250,40,3,1,1000000000.0,0,515.7,0.218,0.35733333333333334,34.01733333333333,281.5020649710401,2085.3639430692815
250,40,3,1,1000000000.0,500,515.7,0.218,0.35733333333333334,34.01733333333333,281.5020649710401,2085.3639430692815
250,40,3,1,1000000000.0,1000,513.9,0.218,0.3566666666666667,34.038666666666664,279.70206497104004,2070.7309443976096
250,40,3,1,1000000000.0,1500,512.1,0.218,0.356,34.038666666666664,277.9020649710401,2057.404923010168
250,40,3,1,1000000000.0,2500,438.3,0.156,0.2946666666666667,39.51466666666666,204.10206497104005,1301.6361951520641
250,40,3,2,300.0,-1,639.8997499677781,0.228,0.42733333333333334,23.080666666666666,405.7018149388182,4429.5452484582565
250,40,3,2,300.0,0,639.9,0.228,0.42733333333333334,23.080666666666666,405.70206497104004,4429.547978367267
250,40,3,2,300.0,500,639.9,0.228,0.42733333333333334,23.108,405.70206497104004,4424.308480729708
250,40,3,2,300.0,1000,645.3,0.228,0.42933333333333334,23.150666666666666,411.10206497104,4474.934647211114
250,40,3,2,300.0,1500,648.9,0.228,0.43066666666666664,23.206666666666667,414.70206497104004,4503.228398708794
250,40,3,2,300.0,2500,626.4,0.178,0.39466666666666667,26.534666666666666,392.20206497104004,3724.747011684165
250,40,3,2,600.0,-1,645.2997499677781,0.22866666666666666,0.43,23.352666666666668,411.10181493881817,4436.223872987332
250,40,3,2,600.0,0,645.3,0.22866666666666666,0.43,23.352666666666668,411.10206497104,4436.226571099749
250,40,3,2,600.0,500,645.3,0.22866666666666666,0.43,23.38,411.10206497104,4431.0402212447425
250,40,3,2,600.0,1000,648.9,0.22866666666666666,0.43133333333333335,23.412666666666667,414.70206497104004,4463.606041147332
250,40,3,2,600.0,1500,652.5,0.22866666666666666,0.43266666666666664,23.472,418.30206497104007,4490.9730901798775
250,40,3,2,600.0,2500,622.8,0.176,0.392,26.456666666666667,388.60206497104,3701.4383409110023
250,40,3,2,1000000000.0,-1,446.4,0.178,0.308,30.822666666666667,212.20206497104002,1734.921931025936
250,40,3,2,1000000000.0,0,446.4,0.178,0.308,30.822666666666667,212.20206497104002,1734.921931025936
250,40,3,2,1000000000.0,500,446.4,0.178,0.308,30.822666666666667,212.20206497104002,1734.921931025936
250,40,3,2,1000000000.0,1000,446.4,0.178,0.308,30.822666666666667,212.20206497104002,1734.921931025936
250,40,3,2,1000000000.0,1500,446.4,0.178,0.308,30.822666666666667,212.20206497104002,1734.921931025936
250,40,3,2,1000000000.0,2500,434.7,0.172,0.29933333333333334,30.856,200.50206497104003,1637.494178529365
250,60,1,1,300.0,-1,340.1105737935333,0.146,0.24466666666666667,64.78933333333333,105.91263876457336,411.9502948325725
250,60,1,1,300.0,0,340.2,0.146,0.24466666666666667,64.78933333333333,106.00206497104003,412.2981206685579
250,60,1,1,300.0,500,340.2,0.146,0.24466666666666667,65.20066666666666,106.00206497104003,409.69704357882983
250,60,1,1,300.0,1000,338.4,0.146,0.244,65.29533333333333,104.20206497104002,402.1561577555632
250,60,1,1,300.0,1500,334.8,0.146,0.24266666666666667,65.35466666666666,100.60206497104005,387.9098718689116
250,60,1,1,300.0,2500,226.8,0.09533333333333334,0.166,71.982,-7.3979350289599495,-25.899247413213125
250,60,1,1,600.0,-1,340.1105737935333,0.146,0.24466666666666667,64.78933333333333,105.91263876457336,411.9502948325725
250,60,1,1,600.0,0,340.2,0.146,0.24466666666666667,64.78933333333333,106.00206497104003,412.2981206685579
250,60,1,1,600.0,500,340.2,0.146,0.24466666666666667,65.20066666666666,106.00206497104003,409.69704357882983
250,60,1,1,600.0,1000,338.4,0.146,0.244,65.29533333333333,104.20206497104002,402.1561577555632
250,60,1,1,600.0,1500,334.8,0.146,0.24266666666666667,65.35466666666666,100.60206497104005,387.9098718689116
250,60,1,1,600.0,2500,226.8,0.09533333333333334,0.166,71.982,-7.3979350289599495,-25.899247413213125
250,60,1,1,1000000000.0,-1,340.1105737935333,0.146,0.24466666666666667,64.78933333333333,105.91263876457336,411.9502948325725
250,60,1,1,1000000000.0,0,340.2,0.146,0.24466666666666667,64.78933333333333,106.00206497104003,412.2981206685579
250,60,1,1,1000000000.0,500,340.2,0.146,0.24466666666666667,65.20066666666666,106.00206497104003,409.69704357882983
250,60,1,1,1000000000.0,1000,338.4,0.146,0.244,65.29533333333333,104.20206497104002,402.1561577555632
250,60,1,1,1000000000.0,1500,334.8,0.146,0.24266666666666667,65.35466666666666,100.60206497104005,387.9098718689116
250,60,1,1,1000000000.0,2500,226.8,0.09533333333333334,0.166,71.982,-7.3979350289599495,-25.899247413213125
250,60,1,2,300.0,-1,410.36995200000007,0.17133333333333334,0.2853333333333333,37.544666666666664,176.1720169710401,1182.4675038630105
250,60,1,2,300.0,0,410.4,0.17133333333333334,0.2853333333333333,37.544666666666664,176.20206497104002,1182.6691861969412
250,60,1,2,300.0,500,417.6,0.17133333333333334,0.288,37.77,183.40206497104006,1223.6515851920067
250,60,1,2,300.0,1000,410.4,0.17133333333333334,0.2853333333333333,38.11333333333334,176.20206497104002,1165.0232737284086
250,60,1,2,300.0,1500,408.6,0.17133333333333334,0.2846666666666667,38.43266666666667,174.40206497104006,1143.5407476114615
250,60,1,2,300.0,2500,311.4,0.11266666666666666,0.21333333333333335,44.688,77.20206497104002,435.34999043819556
250,60,1,2,600.0,-1,410.36995200000007,0.17133333333333334,0.2853333333333333,37.544666666666664,176.1720169710401,1182.4675038630105
250,60,1,2,600.0,0,410.4,0.17133333333333334,0.2853333333333333,37.544666666666664,176.20206497104002,1182.6691861969412
250,60,1,2,600.0,500,417.6,0.17133333333333334,0.288,37.77,183.40206497104006,1223.6515851920067
250,60,1,2,600.0,1000,410.4,0.17133333333333334,0.2853333333333333,38.11333333333334,176.20206497104002,1165.0232737284086
250,60,1,2,600.0,1500,408.6,0.17133333333333334,0.2846666666666667,38.43266666666667,174.40206497104006,1143.5407476114615
250,60,1,2,600.0,2500,311.4,0.11266666666666666,0.21333333333333335,44.688,77.20206497104002,435.34999043819556
250,60,1,2,1000000000.0,-1,410.36995200000007,0.17133333333333334,0.2853333333333333,37.544666666666664,176.1720169710401,1182.4675038630105
250,60,1,2,1000000000.0,0,410.4,0.17133333333333334,0.2853333333333333,37.544666666666664,176.20206497104002,1182.6691861969412
250,60,1,2,1000000000.0,500,417.6,0.17133333333333334,0.288,37.77,183.40206497104006,1223.6515851920067
250,60,1,2,1000000000.0,1000,410.4,0.17133333333333334,0.2853333333333333,38.11333333333334,176.20206497104002,1165.0232737284086
250,60,1,2,1000000000.0,1500,408.6,0.17133333333333334,0.2846666666666667,38.43266666666667,174.40206497104006,1143.5407476114615
250,60,1,2,1000000000.0,2500,311.4,0.11266666666666666,0.21333333333333335,44.688,77.20206497104002,435.34999043819556
250,60,2,1,300.0,-1,682.0272166927061,0.24933333333333332,0.4673333333333333,43.846,447.8292816637462,2573.84890250568
250,60,2,1,300.0,0,682.2,0.24933333333333332,0.4673333333333333,43.846,448.0020649710401,2574.841955314102
250,60,2,1,300.0,500,693.0,0.24933333333333332,0.4713333333333333,44.50533333333333,458.80206497104007,2597.8486557274505
250,60,2,1,300.0,1000,689.4,0.24933333333333332,0.47,45.088,455.20206497104004,2544.1563248026546
250,60,2,1,300.0,1500,687.6,0.24933333333333332,0.4693333333333333,45.788,453.4020649710401,2495.3551230169937
250,60,2,1,300.0,2500,656.1,0.184,0.43466666666666665,58.38466666666667,421.9020649710401,1821.0144279782724
250,60,2,1,600.0,-1,682.0272166927061,0.24933333333333332,0.4673333333333333,43.846,447.8292816637462,2573.84890250568
250,60,2,1,600.0,0,682.2,0.24933333333333332,0.4673333333333333,43.846,448.0020649710401,2574.841955314102
250,60,2,1,600.0,500,693.0,0.24933333333333332,0.4713333333333333,44.50533333333333,458.80206497104007,2597.8486557274505
250,60,2,1,600.0,1000,689.4,0.24933333333333332,0.47,45.088,455.20206497104004,2544.1563248026546
250,60,2,1,600.0,1500,687.6,0.24933333333333332,0.4693333333333333,45.788,453.4020649710401,2495.3551230169937
250,60,2,1,600.0,2500,656.1,0.184,0.43466666666666665,58.38466666666667,421.9020649710401,1821.0144279782724
250,60,2,1,1000000000.0,-1,682.0272166927061,0.24933333333333332,0.4673333333333333,43.846,447.8292816637462,2573.84890250568
250,60,2,1,1000000000.0,0,682.2,0.24933333333333332,0.4673333333333333,43.846,448.0020649710401,2574.841955314102
250,60,2,1,1000000000.0,500,693.0,0.24933333333333332,0.4713333333333333,44.50533333333333,458.80206497104007,2597.8486557274505
250,60,2,1,1000000000.0,1000,689.4,0.24933333333333332,0.47,45.088,455.20206497104004,2544.1563248026546
250,60,2,1,1000000000.0,1500,687.6,0.24933333333333332,0.4693333333333333,45.788,453.4020649710401,2495.3551230169937
250,60,2,1,1000000000.0,2500,656.1,0.184,0.43466666666666665,58.38466666666667,421.9020649710401,1821.0144279782724
250,60,2,2,300.0,-1,811.6317034063874,0.2786666666666667,0.554,28.224666666666668,577.4337683774274,5155.5368695625
250,60,2,2,300.0,0,811.8,0.2786666666666667,0.554,28.224666666666668,577.60206497104,5157.039482227204
250,60,2,2,300.0,500,808.2,0.2786666666666667,0.5526666666666666,28.446,574.0020649710401,5085.021457241865
250,60,2,2,300.0,1000,799.2,0.2786666666666667,0.5493333333333333,29.068666666666665,565.0020649710401,4898.075374608471
250,60,2,2,300.0,1500,801.0,0.2786666666666667,0.55,29.924666666666667,566.8020649710401,4773.123188429905
250,60,2,2,300.0,2500,847.8,0.216,0.54,40.32866666666666,613.60206497104,3834.1887583530843
250,60,2,2,600.0,-1,683.1,0.25066666666666665,0.44733333333333336,34.758,448.9020649710401,3254.598088863056
250,60,2,2,600.0,0,683.1,0.25066666666666665,0.44733333333333336,34.758,448.9020649710401,3254.598088863056
250,60,2,2,600.0,500,684.9,0.25066666666666665,0.448,34.861333333333334,450.70206497104004,3257.962605351739
250,60,2,2,600.0,1000,684.9,0.25066666666666665,0.448,34.861333333333334,450.70206497104004,3257.962605351739
250,60,2,2,600.0,1500,684.9,0.25066666666666665,0.448,34.861333333333334,450.70206497104004,3257.962605351739
250,60,2,2,600.0,2500,594.0,0.19266666666666668,0.38866666666666666,41.07266666666667,359.80206497104007,2207.5537755693667
250,60,2,2,1000000000.0,-1,683.1,0.25066666666666665,0.44733333333333336,34.758,448.9020649710401,3254.598088863056
250,60,2,2,1000000000.0,0,683.1,0.25066666666666665,0.44733333333333336,34.758,448.9020649710401,3254.598088863056
250,60,2,2,1000000000.0,500,684.9,0.25066666666666665,0.448,34.861333333333334,450.70206497104004,3257.962605351739
250,60,2,2,1000000000.0,1000,684.9,0.25066666666666665,0.448,34.861333333333334,450.70206497104004,3257.962605351739
250,60,2,2,1000000000.0,1500,684.9,0.25066666666666665,0.448,34.861333333333334,450.70206497104004,3257.962605351739
250,60,2,2,1000000000.0,2500,594.0,0.19266666666666668,0.38866666666666666,41.07266666666667,359.80206497104007,2207.5537755693667
250,60,3,1,300.0,-1,994.4525571973323,0.31,0.6373333333333333,44.472,760.2546221683724,4307.9727645806315
250,60,3,1,300.0,0,994.5,0.31,0.6373333333333333,44.472,760.3020649710401,4308.241598594668
250,60,3,1,300.0,500,992.7,0.31,0.6366666666666667,44.488,758.5020649710401,4296.496142166475
250,60,3,1,300.0,1000,989.1,0.31,0.6353333333333333,44.52,754.9020649710401,4273.0305564398495
250,60,3,1,300.0,1500,981.9,0.31,0.6326666666666667,44.644666666666666,747.70206497104,4220.457547135949
250,60,3,1,300.0,2500,1000.8,0.24733333333333332,0.616,57.716,766.60206497104,3347.1432596282157
250,60,3,1,600.0,-1,994.4525571973323,0.31,0.6373333333333333,44.472,760.2546221683724,4307.9727645806315
250,60,3,1,600.0,0,994.5,0.31,0.6373333333333333,44.472,760.3020649710401,4308.241598594668
250,60,3,1,600.0,500,992.7,0.31,0.6366666666666667,44.488,758.5020649710401,4296.496142166475
250,60,3,1,600.0,1000,989.1,0.31,0.6353333333333333,44.52,754.9020649710401,4273.0305564398495
250,60,3,1,600.0,1500,981.9,0.31,0.6326666666666667,44.644666666666666,747.70206497104,4220.457547135949
250,60,3,1,600.0,2500,1000.8,0.24733333333333332,0.616,57.716,766.60206497104,3347.1432596282157
250,60,3,1,1000000000.0,-1,994.4525571973323,0.31,0.6373333333333333,44.472,760.2546221683724,4307.9727645806315
250,60,3,1,1000000000.0,0,994.5,0.31,0.6373333333333333,44.472,760.3020649710401,4308.241598594668
250,60,3,1,1000000000.0,500,992.7,0.31,0.6366666666666667,44.488,758.5020649710401,4296.496142166475
250,60,3,1,1000000000.0,1000,989.1,0.31,0.6353333333333333,44.52,754.9020649710401,4273.0305564398495
250,60,3,1,1000000000.0,1500,981.9,0.31,0.6326666666666667,44.644666666666666,747.70206497104,4220.457547135949
250,60,3,1,1000000000.0,2500,1000.8,0.24733333333333332,0.616,57.716,766.60206497104,3347.1432596282157
250,60,3,2,300.0,-1,946.7455280972309,0.2773333333333333,0.59,27.005333333333333,712.547593068271,6649.130793418743
250,60,3,2,300.0,0,946.8,0.2773333333333333,0.59,27.005333333333333,712.60206497104,6649.639097438855
250,60,3,2,300.0,500,945.0,0.2773333333333333,0.5893333333333334,27.048666666666666,710.8020649710401,6622.216265966361
250,60,3,2,300.0,1000,950.4,0.2773333333333333,0.5913333333333334,27.243333333333332,716.20206497104,6624.847193418651
250,60,3,2,300.0,1500,966.6,0.2773333333333333,0.5973333333333334,27.564,732.4020649710401,6695.88304936519
250,60,3,2,300.0,2500,1025.1,0.22,0.592,35.17933333333333,790.90206497104,5665.466098638464
250,60,3,2,600.0,-1,930.5455280972309,0.27666666666666667,0.5813333333333334,26.787333333333333,696.347593068271,6550.8421935692595
250,60,3,2,600.0,0,930.6,0.27666666666666667,0.5813333333333334,26.787333333333333,696.4020649710401,6551.3546342563195
250,60,3,2,600.0,500,928.8,0.27666666666666667,0.5806666666666667,26.830666666666666,694.60206497104,6523.867727452495
250,60,3,2,600.0,1000,934.2,0.27666666666666667,0.5826666666666667,27.025333333333332,700.0020649710401,6527.2282934297
250,60,3,2,600.0,1500,950.4,0.27666666666666667,0.5886666666666667,27.333333333333332,716.20206497104,6603.033672172028
250,60,3,2,600.0,2500,1008.0,0.21733333333333332,0.5826666666666667,34.970666666666666,773.8020649710401,5576.048127174263
250,60,3,2,1000000000.0,-1,765.0,0.23866666666666667,0.49866666666666665,40.79533333333333,530.8020649710401,3278.8583752888917
250,60,3,2,1000000000.0,0,765.0,0.23866666666666667,0.49866666666666665,40.79533333333333,530.8020649710401,3278.8583752888917
250,60,3,2,1000000000.0,500,765.0,0.23866666666666667,0.49866666666666665,40.79533333333333,530.8020649710401,3278.8583752888917
250,60,3,2,1000000000.0,1000,765.0,0.23866666666666667,0.49866666666666665,40.79533333333333,530.8020649710401,3278.8583752888917
250,60,3,2,1000000000.0,1500,765.0,0.23866666666666667,0.49866666666666665,40.79533333333333,530.8020649710401,3278.8583752888917
250,60,3,2,1000000000.0,2500,757.8,0.22933333333333333,0.49266666666666664,41.409333333333336,523.60206497104,3186.424647568231
250,90,1,1,300.0,-1,281.627301242256,0.14733333333333334,0.206,108.012,47.42936621329605,110.6562260281321
250,90,1,1,300.0,0,281.7,0.14733333333333334,0.206,108.012,47.50206497104003,110.82583761713593
250,90,1,1,300.0,500,279.9,0.14733333333333334,0.20533333333333334,108.07933333333334,45.702064971040016,106.55987613452541
250,90,1,1,300.0,1000,278.1,0.14733333333333334,0.20466666666666666,108.12533333333333,43.90206497104006,102.319410554746
250,90,1,1,300.0,1500,274.5,0.14733333333333334,0.20333333333333334,108.12733333333334,40.30206497104004,93.92741002307855
250,90,1,1,300.0,2500,144.9,0.07533333333333334,0.10733333333333334,113.62,-89.29793502895996,-198.05562072960666
250,90,1,1,600.0,-1,281.627301242256,0.14733333333333334,0.206,108.012,47.42936621329605,110.6562260281321
250,90,1,1,600.0,0,281.7,0.14733333333333334,0.206,108.012,47.50206497104003,110.82583761713593
250,90,1,1,600.0,500,279.9,0.14733333333333334,0.20533333333333334,108.07933333333334,45.702064971040016,106.55987613452541
250,90,1,1,600.0,1000,278.1,0.14733333333333334,0.20466666666666666,108.12533333333333,43.90206497104006,102.319410554746
250,90,1,1,600.0,1500,274.5,0.14733333333333334,0.20333333333333334,108.12733333333334,40.30206497104004,93.92741002307855
250,90,1,1,600.0,2500,144.9,0.07533333333333334,0.10733333333333334,113.62,-89.29793502895996,-198.05562072960666
250,90,1,1,1000000000.0,-1,281.627301242256,0.14733333333333334,0.206,108.012,47.42936621329605,110.6562260281321
250,90,1,1,1000000000.0,0,281.7,0.14733333333333334,0.206,108.012,47.50206497104003,110.82583761713593
250,90,1,1,1000000000.0,500,279.9,0.14733333333333334,0.20533333333333334,108.07933333333334,45.702064971040016,106.55987613452541
250,90,1,1,1000000000.0,1000,278.1,0.14733333333333334,0.20466666666666666,108.12533333333333,43.90206497104006,102.319410554746
250,90,1,1,1000000000.0,1500,274.5,0.14733333333333334,0.20333333333333334,108.12733333333334,40.30206497104004,93.92741002307855
250,90,1,1,1000000000.0,2500,144.9,0.07533333333333334,0.10733333333333334,113.62,-89.29793502895996,-198.05562072960666
250,90,1,2,300.0,-1,429.10597973838384,0.17266666666666666,0.30333333333333334,64.56666666666666,194.90804470942388,760.7149292737454
250,90,1,2,300.0,0,429.3,0.17266666666666666,0.30333333333333334,64.56666666666666,195.10206497104005,761.4721792364807
250,90,1,2,300.0,500,427.5,0.17266666666666666,0.30266666666666664,64.96266666666666,193.30206497104004,749.8479183844375
250,90,1,2,300.0,1000,418.5,0.17266666666666666,0.29933333333333334,65.396,184.30206497104004,710.1981829577052
250,90,1,2,300.0,1500,411.3,0.17266666666666666,0.2966666666666667,65.46533333333333,177.10206497104005,681.7305908374217
250,90,1,2,300.0,2500,309.6,0.122,0.22266666666666668,73.532,75.40206497104006,258.4088610768386
250,90,1,2,600.0,-1,429.10597973838384,0.17266666666666666,0.30333333333333334,64.56666666666666,194.90804470942388,760.7149292737454
250,90,1,2,600.0,0,429.3,0.17266666666666666,0.30333333333333334,64.56666666666666,195.10206497104005,761.4721792364807
250,90,1,2,600.0,500,427.5,0.17266666666666666,0.30266666666666664,64.96266666666666,193.30206497104004,749.8479183844375
250,90,1,2,600.0,1000,418.5,0.17266666666666666,0.29933333333333334,65.396,184.30206497104004,710.1981829577052
250,90,1,2,600.0,1500,411.3,0.17266666666666666,0.2966666666666667,65.46533333333333,177.10206497104005,681.7305908374217
250,90,1,2,600.0,2500,309.6,0.122,0.22266666666666668,73.532,75.40206497104006,258.4088610768386
250,90,1,2,1000000000.0,-1,429.10597973838384,0.17266666666666666,0.30333333333333334,64.56666666666666,194.90804470942388,760.7149292737454
250,90,1,2,1000000000.0,0,429.3,0.17266666666666666,0.30333333333333334,64.56666666666666,195.10206497104005,761.4721792364807
250,90,1,2,1000000000.0,500,427.5,0.17266666666666666,0.30266666666666664,64.96266666666666,193.30206497104004,749.8479183844375
250,90,1,2,1000000000.0,1000,418.5,0.17266666666666666,0.29933333333333334,65.396,184.30206497104004,710.1981829577052
250,90,1,2,1000000000.0,1500,411.3,0.17266666666666666,0.2966666666666667,65.46533333333333,177.10206497104005,681.7305908374217
250,90,1,2,1000000000.0,2500,309.6,0.122,0.22266666666666668,73.532,75.40206497104006,258.4088610768386
250,90,2,1,300.0,-1,918.0729684152374,0.3253333333333333,0.6346666666666667,83.33,683.8750333862774,2068.120825793135
250,90,2,1,300.0,0,918.9,0.3253333333333333,0.6346666666666667,83.33,684.70206497104,2070.6218693471988
250,90,2,1,300.0,500,911.7,0.3253333333333333,0.632,84.87533333333333,677.5020649710401,2011.5446227726407
250,90,2,1,300.0,1000,897.3,0.3253333333333333,0.6266666666666667,86.06933333333333,663.10206497104,1941.4780375437874
250,90,2,1,300.0,1500,886.5,0.3253333333333333,0.6226666666666667,86.55466666666666,652.3020649710401,1899.147980151682
250,90,2,1,300.0,2500,752.4,0.256,0.5346666666666666,104.12933333333334,518.20206497104,1254.0838992474305
250,90,2,1,600.0,-1,918.0729684152374,0.3253333333333333,0.6346666666666667,83.33,683.8750333862774,2068.120825793135
250,90,2,1,600.0,0,918.9,0.3253333333333333,0.6346666666666667,83.33,684.70206497104,2070.6218693471988
250,90,2,1,600.0,500,911.7,0.3253333333333333,0.632,84.87533333333333,677.5020649710401,2011.5446227726407
250,90,2,1,600.0,1000,897.3,0.3253333333333333,0.6266666666666667,86.06933333333333,663.10206497104,1941.4780375437874
250,90,2,1,600.0,1500,886.5,0.3253333333333333,0.6226666666666667,86.55466666666666,652.3020649710401,1899.147980151682
250,90,2,1,600.0,2500,752.4,0.256,0.5346666666666666,104.12933333333334,518.20206497104,1254.0838992474305
250,90,2,1,1000000000.0,-1,918.0729684152374,0.3253333333333333,0.6346666666666667,83.33,683.8750333862774,2068.120825793135
250,90,2,1,1000000000.0,0,918.9,0.3253333333333333,0.6346666666666667,83.33,684.70206497104,2070.6218693471988
250,90,2,1,1000000000.0,500,911.7,0.3253333333333333,0.632,84.87533333333333,677.5020649710401,2011.5446227726407
250,90,2,1,1000000000.0,1000,897.3,0.3253333333333333,0.6266666666666667,86.06933333333333,663.10206497104,1941.4780375437874
250,90,2,1,1000000000.0,1500,886.5,0.3253333333333333,0.6226666666666667,86.55466666666666,652.3020649710401,1899.147980151682
250,90,2,1,1000000000.0,2500,752.4,0.256,0.5346666666666666,104.12933333333334,518.20206497104,1254.0838992474305
250,90,2,2,300.0,-1,709.4781170918463,0.25466666666666665,0.49333333333333335,50.444,475.2801820628864,2374.32808420917
250,90,2,2,300.0,0,710.1,0.25466666666666665,0.49333333333333335,50.444,475.9020649710401,2377.434786549483
250,90,2,2,300.0,500,713.7,0.25466666666666665,0.49466666666666664,51.31333333333333,479.5020649710401,2354.8366968825926
250,90,2,2,300.0,1000,704.7,0.25466666666666665,0.49133333333333334,52.062666666666665,470.5020649710401,2277.3808558794935
250,90,2,2,300.0,1500,704.7,0.25466666666666665,0.49133333333333334,52.55866666666667,470.5020649710401,2255.8890453721956
250,90,2,2,300.0,2500,639.9,0.202,0.442,65.74866666666667,405.70206497104004,1554.9656830460758
250,90,2,2,600.0,-1,697.5,0.26466666666666666,0.482,52.60066666666667,463.30206497104007,2219.5939285820605
250,90,2,2,600.0,0,697.5,0.26466666666666666,0.482,52.60066666666667,463.30206497104007,2219.5939285820605
250,90,2,2,600.0,500,699.3,0.26466666666666666,0.4826666666666667,52.63733333333333,465.10206497104,2226.665238348614
250,90,2,2,600.0,1000,697.5,0.26466666666666666,0.482,53.03,463.30206497104007,2201.6239934509163
250,90,2,2,600.0,1500,693.9,0.26466666666666666,0.4806666666666667,53.129333333333335,459.70206497104004,2180.4324109600866
250,90,2,2,600.0,2500,583.2,0.19933333333333333,0.40066666666666667,64.61066666666666,349.0020649710401,1361.207443136873
250,90,2,2,1000000000.0,-1,697.5,0.26466666666666666,0.482,52.60066666666667,463.30206497104007,2219.5939285820605
250,90,2,2,1000000000.0,0,697.5,0.26466666666666666,0.482,52.60066666666667,463.30206497104007,2219.5939285820605
250,90,2,2,1000000000.0,500,699.3,0.26466666666666666,0.4826666666666667,52.63733333333333,465.10206497104,2226.665238348614
250,90,2,2,1000000000.0,1000,697.5,0.26466666666666666,0.482,53.03,463.30206497104007,2201.6239934509163
250,90,2,2,1000000000.0,1500,693.9,0.26466666666666666,0.4806666666666667,53.129333333333335,459.70206497104004,2180.4324109600866
250,90,2,2,1000000000.0,2500,583.2,0.19933333333333333,0.40066666666666667,64.61066666666666,349.0020649710401,1361.207443136873
250,90,3,1,300.0,-1,891.786684258216,0.31266666666666665,0.604,70.22466666666666,657.5887492292561,2359.745836777759
250,90,3,1,300.0,0,891.9,0.31266666666666665,0.604,70.22466666666666,657.70206497104,2360.152468354454
250,90,3,1,300.0,500,884.7,0.31266666666666665,0.6013333333333334,70.522,650.5020649710401,2324.47350291685
250,90,3,1,300.0,1000,873.9,0.31266666666666665,0.5973333333333334,71.02733333333333,639.70206497104,2269.6180865493393
250,90,3,1,300.0,1500,861.3,0.31266666666666665,0.5926666666666667,72.16333333333333,627.10206497104,2189.889422689761
250,90,3,1,300.0,2500,790.2,0.252,0.544,89.09666666666666,556.0020649710401,1572.589925242644
250,90,3,1,600.0,-1,891.786684258216,0.31266666666666665,0.604,70.22466666666666,657.5887492292561,2359.745836777759
250,90,3,1,600.0,0,891.9,0.31266666666666665,0.604,70.22466666666666,657.70206497104,2360.152468354454
250,90,3,1,600.0,500,884.7,0.31266666666666665,0.6013333333333334,70.522,650.5020649710401,2324.47350291685
250,90,3,1,600.0,1000,873.9,0.31266666666666665,0.5973333333333334,71.02733333333333,639.70206497104,2269.6180865493393
250,90,3,1,600.0,1500,861.3,0.31266666666666665,0.5926666666666667,72.16333333333333,627.10206497104,2189.889422689761
250,90,3,1,600.0,2500,790.2,0.252,0.544,89.09666666666666,556.0020649710401,1572.589925242644
250,90,3,1,1000000000.0,-1,891.786684258216,0.31266666666666665,0.604,70.22466666666666,657.5887492292561,2359.745836777759
250,90,3,1,1000000000.0,0,891.9,0.31266666666666665,0.604,70.22466666666666,657.70206497104,2360.152468354454
250,90,3,1,1000000000.0,500,884.7,0.31266666666666665,0.6013333333333334,70.522,650.5020649710401,2324.47350291685
250,90,3,1,1000000000.0,1000,873.9,0.31266666666666665,0.5973333333333334,71.02733333333333,639.70206497104,2269.6180865493393
250,90,3,1,1000000000.0,1500,861.3,0.31266666666666665,0.5926666666666667,72.16333333333333,627.10206497104,2189.889422689761
250,90,3,1,1000000000.0,2500,790.2,0.252,0.544,89.09666666666666,556.0020649710401,1572.589925242644
250,90,3,2,300.0,-1,801.743893748654,0.288,0.544,42.32666666666667,567.5459587196941,3378.9946825648817
250,90,3,2,300.0,0,801.9,0.288,0.544,42.32666666666667,567.70206497104,3379.924091338055
250,90,3,2,300.0,500,805.5,0.288,0.5453333333333333,42.598,571.3020649710401,3379.6920130687377
250,90,3,2,300.0,1000,796.5,0.288,0.542,43.416666666666664,562.3020649710401,3263.7263809451542
250,90,3,2,300.0,1500,783.9,0.288,0.5373333333333333,44.404666666666664,549.70206497104,3119.6027528495974
250,90,3,2,300.0,2500,822.6,0.228,0.5366666666666666,58.892,588.4020649710401,2517.783746055527
250,90,3,2,600.0,-1,754.2,0.2773333333333333,0.5046666666666667,51.466,520.0020649710401,2546.15708181522
250,90,3,2,600.0,0,754.2,0.2773333333333333,0.5046666666666667,51.466,520.0020649710401,2546.15708181522
250,90,3,2,600.0,500,754.2,0.2773333333333333,0.5046666666666667,51.466,520.0020649710401,2546.15708181522
250,90,3,2,600.0,1000,754.2,0.2773333333333333,0.5046666666666667,51.466,520.0020649710401,2546.15708181522
250,90,3,2,600.0,1500,750.6,0.2773333333333333,0.5033333333333333,51.54,516.4020649710401,2524.8995027687643
250,90,3,2,600.0,2500,676.8,0.21933333333333332,0.45066666666666666,60.986666666666665,442.60206497104,1828.854181887332
250,90,3,2,1000000000.0,-1,754.2,0.2773333333333333,0.5046666666666667,51.466,520.0020649710401,2546.15708181522
250,90,3,2,1000000000.0,0,754.2,0.2773333333333333,0.5046666666666667,51.466,520.0020649710401,2546.15708181522
250,90,3,2,1000000000.0,500,754.2,0.2773333333333333,0.5046666666666667,51.466,520.0020649710401,2546.15708181522
250,90,3,2,1000000000.0,1000,754.2,0.2773333333333333,0.5046666666666667,51.466,520.0020649710401,2546.15708181522
250,90,3,2,1000000000.0,1500,750.6,0.2773333333333333,0.5033333333333333,51.54,516.4020649710401,2524.8995027687643
250,90,3,2,1000000000.0,2500,676.8,0.21933333333333332,0.45066666666666666,60.986666666666665,442.60206497104,1828.854181887332
400,20,1,1,300.0,-1,50.4,0.034,0.037333333333333336,23.056,-183.79793502895996,-2008.8948485122269
400,20,1,1,300.0,0,50.4,0.034,0.037333333333333336,23.056,-183.79793502895996,-2008.8948485122269
400,20,1,1,300.0,500,50.4,0.034,0.037333333333333336,23.056,-183.79793502895996,-2008.8948485122269
400,20,1,1,300.0,1000,50.4,0.034,0.037333333333333336,23.056,-183.79793502895996,-2008.8948485122269
400,20,1,1,300.0,1500,50.4,0.034,0.037333333333333336,23.056,-183.79793502895996,-2008.8948485122269
400,20,1,1,300.0,2500,20.7,0.014,0.015333333333333332,23.78,-213.49793502895997,-2262.46760417569
400,20,1,1,600.0,-1,50.4,0.034,0.037333333333333336,23.056,-183.79793502895996,-2008.8948485122269
400,20,1,1,600.0,0,50.4,0.034,0.037333333333333336,23.056,-183.79793502895996,-2008.8948485122269
400,20,1,1,600.0,500,50.4,0.034,0.037333333333333336,23.056,-183.79793502895996,-2008.8948485122269
400,20,1,1,600.0,1000,50.4,0.034,0.037333333333333336,23.056,-183.79793502895996,-2008.8948485122269
400,20,1,1,600.0,1500,50.4,0.034,0.037333333333333336,23.056,-183.79793502895996,-2008.8948485122269
400,20,1,1,600.0,2500,20.7,0.014,0.015333333333333332,23.78,-213.49793502895997,-2262.46760417569
400,20,1,1,1000000000.0,-1,50.4,0.034,0.037333333333333336,23.056,-183.79793502895996,-2008.8948485122269
400,20,1,1,1000000000.0,0,50.4,0.034,0.037333333333333336,23.056,-183.79793502895996,-2008.8948485122269
400,20,1,1,1000000000.0,500,50.4,0.034,0.037333333333333336,23.056,-183.79793502895996,-2008.8948485122269
400,20,1,1,1000000000.0,1000,50.4,0.034,0.037333333333333336,23.056,-183.79793502895996,-2008.8948485122269
400,20,1,1,1000000000.0,1500,50.4,0.034,0.037333333333333336,23.056,-183.79793502895996,-2008.8948485122269
400,20,1,1,1000000000.0,2500,20.7,0.014,0.015333333333333332,23.78,-213.49793502895997,-2262.46760417569
400,20,1,2,300.0,-1,73.8,0.042666666666666665,0.05333333333333334,15.108666666666666,-160.39793502895998,-2675.304215723729
400,20,1,2,300.0,0,73.8,0.042666666666666665,0.05333333333333334,15.108666666666666,-160.39793502895998,-2675.304215723729
400,20,1,2,300.0,500,72.0,0.042666666666666665,0.05266666666666667,15.12,-162.19793502895996,-2703.2989171493327
400,20,1,2,300.0,1000,70.2,0.042666666666666665,0.052,15.128,-163.99793502895994,-2731.8534920212787
400,20,1,2,300.0,1500,70.2,0.042666666666666665,0.052,15.128,-163.99793502895994,-2731.8534920212787
400,20,1,2,300.0,2500,26.1,0.016,0.019333333333333334,15.72,-208.09793502895997,-3335.921095884091
400,20,1,2,600.0,-1,90.0,0.062,0.06666666666666667,14.192,-144.19793502895996,-2560.4481135356477
400,20,1,2,600.0,0,90.0,0.062,0.06666666666666667,14.192,-144.19793502895996,-2560.4481135356477
400,20,1,2,600.0,500,90.0,0.062,0.06666666666666667,14.192,-144.19793502895996,-2560.4481135356477
400,20,1,2,600.0,1000,90.0,0.062,0.06666666666666667,14.192,-144.19793502895996,-2560.4481135356477
400,20,1,2,600.0,1500,90.0,0.062,0.06666666666666667,14.192,-144.19793502895996,-2560.4481135356477
400,20,1,2,600.0,2500,45.0,0.029333333333333333,0.03333333333333333,14.768666666666666,-189.19793502895996,-3228.3130700558327
400,20,1,2,1000000000.0,-1,90.0,0.062,0.06666666666666667,14.192,-144.19793502895996,-2560.4481135356477
400,20,1,2,1000000000.0,0,90.0,0.062,0.06666666666666667,14.192,-144.19793502895996,-2560.4481135356477
400,20,1,2,1000000000.0,500,90.0,0.062,0.06666666666666667,14.192,-144.19793502895996,-2560.4481135356477
400,20,1,2,1000000000.0,1000,90.0,0.062,0.06666666666666667,14.192,-144.19793502895996,-2560.4481135356477
400,20,1,2,1000000000.0,1500,90.0,0.062,0.06666666666666667,14.192,-144.19793502895996,-2560.4481135356477
400,20,1,2,1000000000.0,2500,45.0,0.029333333333333333,0.03333333333333333,14.768666666666666,-189.19793502895996,-3228.3130700558327
400,20,2,1,300.0,-1,333.9,0.168,0.238,19.582,99.70206497104002,1283.0620147432378
400,20,2,1,300.0,0,333.9,0.168,0.238,19.582,99.70206497104002,1283.0620147432378
400,20,2,1,300.0,500,333.9,0.168,0.238,19.582,99.70206497104002,1283.0620147432378
400,20,2,1,300.0,1000,333.9,0.168,0.238,19.582,99.70206497104002,1283.0620147432378
400,20,2,1,300.0,1500,333.9,0.168,0.238,19.582,99.70206497104002,1283.0620147432378
400,20,2,1,300.0,2500,261.0,0.10866666666666666,0.18066666666666667,22.508666666666667,26.80206497104004,300.067546102335
400,20,2,1,600.0,-1,333.9,0.168,0.238,19.582,99.70206497104002,1283.0620147432378
400,20,2,1,600.0,0,333.9,0.168,0.238,19.582,99.70206497104002,1283.0620147432378
400,20,2,1,600.0,500,333.9,0.168,0.238,19.582,99.70206497104002,1283.0620147432378
400,20,2,1,600.0,1000,333.9,0.168,0.238,19.582,99.70206497104002,1283.0620147432378
400,20,2,1,600.0,1500,333.9,0.168,0.238,19.582,99.70206497104002,1283.0620147432378
400,20,2,1,600.0,2500,261.0,0.10866666666666666,0.18066666666666667,22.508666666666667,26.80206497104004,300.067546102335
400,20,2,1,1000000000.0,-1,333.9,0.168,0.238,19.582,99.70206497104002,1283.0620147432378
400,20,2,1,1000000000.0,0,333.9,0.168,0.238,19.582,99.70206497104002,1283.0620147432378
400,20,2,1,1000000000.0,500,333.9,0.168,0.238,19.582,99.70206497104002,1283.0620147432378
400,20,2,1,1000000000.0,1000,333.9,0.168,0.238,19.582,99.70206497104002,1283.0620147432378
400,20,2,1,1000000000.0,1500,333.9,0.168,0.238,19.582,99.70206497104002,1283.0620147432378
400,20,2,1,1000000000.0,2500,261.0,0.10866666666666666,0.18066666666666667,22.508666666666667,26.80206497104004,300.067546102335
400,20,2,2,300.0,-1,310.5,0.15066666666666667,0.218,12.851333333333333,76.30206497104004,1496.1965326063773
400,20,2,2,300.0,0,310.5,0.15066666666666667,0.218,12.851333333333333,76.30206497104004,1496.1965326063773
400,20,2,2,300.0,500,310.5,0.15066666666666667,0.218,12.851333333333333,76.30206497104004,1496.1965326063773
400,20,2,2,300.0,1000,310.5,0.15066666666666667,0.218,12.851333333333333,76.30206497104004,1496.1965326063773
400,20,2,2,300.0,1500,310.5,0.15066666666666667,0.218,12.851333333333333,76.30206497104004,1496.1965326063773
400,20,2,2,300.0,2500,238.5,0.098,0.16133333333333333,13.53,4.302064971040039,80.12715245396082
400,20,2,2,600.0,-1,304.2,0.15,0.214,12.74,70.00206497104003,1384.656230196396
400,20,2,2,600.0,0,304.2,0.15,0.214,12.74,70.00206497104003,1384.656230196396
400,20,2,2,600.0,500,304.2,0.15,0.214,12.74,70.00206497104003,1384.656230196396
400,20,2,2,600.0,1000,304.2,0.15,0.214,12.74,70.00206497104003,1384.656230196396
400,20,2,2,600.0,1500,304.2,0.15,0.214,12.74,70.00206497104003,1384.656230196396
400,20,2,2,600.0,2500,233.1,0.09933333333333333,0.15866666666666668,13.365333333333334,-1.0979350289599665,-20.701288953854114
400,20,2,2,1000000000.0,-1,224.1,0.124,0.162,14.19,-10.097935028959967,-179.3290787384011
400,20,2,2,1000000000.0,0,224.1,0.124,0.162,14.19,-10.097935028959967,-179.3290787384011
400,20,2,2,1000000000.0,500,224.1,0.124,0.162,14.19,-10.097935028959967,-179.3290787384011
400,20,2,2,1000000000.0,1000,224.1,0.124,0.162,14.19,-10.097935028959967,-179.3290787384011
400,20,2,2,1000000000.0,1500,224.1,0.124,0.162,14.19,-10.097935028959967,-179.3290787384011
400,20,2,2,1000000000.0,2500,221.4,0.12333333333333334,0.16,14.204666666666666,-12.797935028959955,-227.04366832246976
400,20,3,1,300.0,-1,378.9,0.186,0.2713333333333333,20.229333333333333,144.70206497104002,1802.5764750544795
400,20,3,1,300.0,0,378.9,0.186,0.2713333333333333,20.229333333333333,144.70206497104002,1802.5764750544795
400,20,3,1,300.0,500,378.9,0.186,0.2713333333333333,20.229333333333333,144.70206497104002,1802.5764750544795
400,20,3,1,300.0,1000,378.9,0.186,0.2713333333333333,20.229333333333333,144.70206497104002,1802.5764750544795
400,20,3,1,300.0,1500,378.9,0.186,0.2713333333333333,20.229333333333333,144.70206497104002,1802.5764750544795
400,20,3,1,300.0,2500,309.6,0.14133333333333334,0.22133333333333333,22.184666666666665,75.40206497104006,856.5069134553338
400,20,3,1,600.0,-1,378.9,0.186,0.2713333333333333,20.229333333333333,144.70206497104002,1802.5764750544795
400,20,3,1,600.0,0,378.9,0.186,0.2713333333333333,20.229333333333333,144.70206497104002,1802.5764750544795
400,20,3,1,600.0,500,378.9,0.186,0.2713333333333333,20.229333333333333,144.70206497104002,1802.5764750544795
400,20,3,1,600.0,1000,378.9,0.186,0.2713333333333333,20.229333333333333,144.70206497104002,1802.5764750544795
400,20,3,1,600.0,1500,378.9,0.186,0.2713333333333333,20.229333333333333,144.70206497104002,1802.5764750544795
400,20,3,1,600.0,2500,309.6,0.14133333333333334,0.22133333333333333,22.184666666666665,75.40206497104006,856.5069134553338
400,20,3,1,1000000000.0,-1,378.9,0.186,0.2713333333333333,20.229333333333333,144.70206497104002,1802.5764750544795
400,20,3,1,1000000000.0,0,378.9,0.186,0.2713333333333333,20.229333333333333,144.70206497104002,1802.5764750544795
400,20,3,1,1000000000.0,500,378.9,0.186,0.2713333333333333,20.229333333333333,144.70206497104002,1802.5764750544795
400,20,3,1,1000000000.0,1000,378.9,0.186,0.2713333333333333,20.229333333333333,144.70206497104002,1802.5764750544795
400,20,3,1,1000000000.0,1500,378.9,0.186,0.2713333333333333,20.229333333333333,144.70206497104002,1802.5764750544795
400,20,3,1,1000000000.0,2500,309.6,0.14133333333333334,0.22133333333333333,22.184666666666665,75.40206497104006,856.5069134553338
400,20,3,2,300.0,-1,459.0,0.204,0.30733333333333335,13.738,224.80206497104004,4123.607539139765
400,20,3,2,300.0,0,459.0,0.204,0.30733333333333335,13.738,224.80206497104004,4123.607539139765
400,20,3,2,300.0,500,459.0,0.204,0.30733333333333335,13.738,224.80206497104004,4123.607539139765
400,20,3,2,300.0,1000,459.0,0.204,0.30733333333333335,13.738,224.80206497104004,4123.607539139765
400,20,3,2,300.0,1500,459.0,0.204,0.30733333333333335,13.738,224.80206497104004,4123.607539139765
400,20,3,2,300.0,2500,404.1,0.15,0.26066666666666666,15.346,169.90206497104006,2789.9987210153845
400,20,3,2,600.0,-1,459.0,0.20133333333333334,0.30666666666666664,13.978666666666667,224.80206497104004,4052.6125791230984
400,20,3,2,600.0,0,459.0,0.20133333333333334,0.30666666666666664,13.978666666666667,224.80206497104004,4052.6125791230984
400,20,3,2,600.0,500,459.0,0.20133333333333334,0.30666666666666664,13.978666666666667,224.80206497104004,4052.6125791230984
400,20,3,2,600.0,1000,459.0,0.20133333333333334,0.30666666666666664,13.978666666666667,224.80206497104004,4052.6125791230984
400,20,3,2,600.0,1500,459.0,0.20133333333333334,0.30666666666666664,13.978666666666667,224.80206497104004,4052.6125791230984
400,20,3,2,600.0,2500,407.7,0.15,0.26266666666666666,15.554,173.50206497104003,2811.0145539862474
400,20,3,2,1000000000.0,-1,216.9,0.108,0.156,16.951333333333334,-17.297935028959955,-257.1526110412893
400,20,3,2,1000000000.0,0,216.9,0.108,0.156,16.951333333333334,-17.297935028959955,-257.1526110412893
400,20,3,2,1000000000.0,500,216.9,0.108,0.156,16.951333333333334,-17.297935028959955,-257.1526110412893
400,20,3,2,1000000000.0,1000,216.9,0.108,0.156,16.951333333333334,-17.297935028959955,-257.1526110412893
400,20,3,2,1000000000.0,1500,216.9,0.108,0.156,16.951333333333334,-17.297935028959955,-257.1526110412893
400,20,3,2,1000000000.0,2500,198.0,0.09333333333333334,0.14133333333333334,17.778666666666666,-36.19793502895996,-513.0800750317559
400,40,1,1,300.0,-1,318.54312000000004,0.142,0.22733333333333333,38.36933333333333,84.34518497104008,553.9576731252938
400,40,1,1,300.0,0,318.6,0.142,0.22733333333333333,38.36933333333333,84.40206497104006,554.3312464651136
400,40,1,1,300.0,500,313.2,0.142,0.22533333333333333,38.6,79.00206497104003,515.7647764948726
400,40,1,1,300.0,1000,311.4,0.142,0.22466666666666665,38.72866666666667,77.20206497104002,502.33901776553324
400,40,1,1,300.0,1500,309.6,0.142,0.224,38.85066666666667,75.40206497104006,489.0860827622545
400,40,1,1,300.0,2500,240.3,0.092,0.17,44.77466666666667,6.1020649710400505,34.34353591395639
400,40,1,1,600.0,-1,318.54312000000004,0.142,0.22733333333333333,38.36933333333333,84.34518497104008,553.9576731252938
400,40,1,1,600.0,0,318.6,0.142,0.22733333333333333,38.36933333333333,84.40206497104006,554.3312464651136
400,40,1,1,600.0,500,313.2,0.142,0.22533333333333333,38.6,79.00206497104003,515.7647764948726
400,40,1,1,600.0,1000,311.4,0.142,0.22466666666666665,38.72866666666667,77.20206497104002,502.33901776553324
400,40,1,1,600.0,1500,309.6,0.142,0.224,38.85066666666667,75.40206497104006,489.0860827622545
400,40,1,1,600.0,2500,240.3,0.092,0.17,44.77466666666667,6.1020649710400505,34.34353591395639
400,40,1,1,1000000000.0,-1,318.54312000000004,0.142,0.22733333333333333,38.36933333333333,84.34518497104008,553.9576731252938
400,40,1,1,1000000000.0,0,318.6,0.142,0.22733333333333333,38.36933333333333,84.40206497104006,554.3312464651136
400,40,1,1,1000000000.0,500,313.2,0.142,0.22533333333333333,38.6,79.00206497104003,515.7647764948726
400,40,1,1,1000000000.0,1000,311.4,0.142,0.22466666666666665,38.72866666666667,77.20206497104002,502.33901776553324
400,40,1,1,1000000000.0,1500,309.6,0.142,0.224,38.85066666666667,75.40206497104006,489.0860827622545
400,40,1,1,1000000000.0,2500,240.3,0.092,0.17,44.77466666666667,6.1020649710400505,34.34353591395639
400,40,1,2,300.0,-1,349.07500799999997,0.16066666666666668,0.25066666666666665,26.452,114.87707297104001,1094.3982454522184
400,40,1,2,300.0,0,349.2,0.16066666666666668,0.25066666666666665,26.452,115.00206497104003,1095.5890054703646
400,40,1,2,300.0,500,349.2,0.16066666666666668,0.25066666666666665,26.699333333333332,115.00206497104003,1085.4398501598823
400,40,1,2,300.0,1000,352.8,0.16066666666666668,0.252,26.896,118.60206497104005,1111.2329109422253
400,40,1,2,300.0,1500,347.4,0.16066666666666668,0.25,26.944,113.20206497104002,1058.7485292719005
400,40,1,2,300.0,2500,252.9,0.09933333333333333,0.17733333333333334,31.277333333333335,18.702064971040045,150.68165570494367
400,40,1,2,600.0,-1,315.9,0.15333333333333332,0.22533333333333333,23.483333333333334,81.70206497104002,876.7460769071149
400,40,1,2,600.0,0,315.9,0.15333333333333332,0.22533333333333333,23.483333333333334,81.70206497104002,876.7460769071149
400,40,1,2,600.0,500,315.9,0.15333333333333332,0.22533333333333333,23.483333333333334,81.70206497104002,876.7460769071149
400,40,1,2,600.0,1000,315.9,0.15333333333333332,0.22533333333333333,23.498,81.70206497104002,876.1988412929646
400,40,1,2,600.0,1500,315.9,0.15333333333333332,0.22533333333333333,23.543333333333333,81.70206497104002,874.511696419457
400,40,1,2,600.0,2500,239.4,0.10666666666666667,0.17066666666666666,26.14,5.202064971040045,50.14997600237534
400,40,1,2,1000000000.0,-1,315.9,0.15333333333333332,0.22533333333333333,23.483333333333334,81.70206497104002,876.7460769071149
400,40,1,2,1000000000.0,0,315.9,0.15333333333333332,0.22533333333333333,23.483333333333334,81.70206497104002,876.7460769071149
400,40,1,2,1000000000.0,500,315.9,0.15333333333333332,0.22533333333333333,23.483333333333334,81.70206497104002,876.7460769071149
400,40,1,2,1000000000.0,1000,315.9,0.15333333333333332,0.22533333333333333,23.498,81.70206497104002,876.1988412929646
400,40,1,2,1000000000.0,1500,315.9,0.15333333333333332,0.22533333333333333,23.543333333333333,81.70206497104002,874.511696419457
400,40,1,2,1000000000.0,2500,239.4,0.10666666666666667,0.17066666666666666,26.14,5.202064971040045,50.14997600237534
400,40,2,1,300.0,-1,488.7,0.212,0.3433333333333333,27.372,254.50206497104003,2343.0703044243055
400,40,2,1,300.0,0,488.7,0.212,0.3433333333333333,27.372,254.50206497104003,2343.0703044243055
400,40,2,1,300.0,500,490.5,0.212,0.344,27.406,256.30206497104007,2356.7146016457014
400,40,2,1,300.0,1000,488.7,0.212,0.3433333333333333,27.417333333333332,254.50206497104003,2339.196142563175
400,40,2,1,300.0,1500,490.5,0.212,0.344,27.54,256.30206497104007,2345.2476533297786
400,40,2,1,300.0,2500,435.6,0.15666666666666668,0.2926666666666667,31.286,201.40206497104006,1622.237434402036
400,40,2,1,600.0,-1,488.7,0.212,0.3433333333333333,27.372,254.50206497104003,2343.0703044243055
400,40,2,1,600.0,0,488.7,0.212,0.3433333333333333,27.372,254.50206497104003,2343.0703044243055
400,40,2,1,600.0,500,490.5,0.212,0.344,27.406,256.30206497104007,2356.7146016457014
400,40,2,1,600.0,1000,488.7,0.212,0.3433333333333333,27.417333333333332,254.50206497104003,2339.196142563175
400,40,2,1,600.0,1500,490.5,0.212,0.344,27.54,256.30206497104007,2345.2476533297786
400,40,2,1,600.0,2500,435.6,0.15666666666666668,0.2926666666666667,31.286,201.40206497104006,1622.237434402036
400,40,2,1,1000000000.0,-1,488.7,0.212,0.3433333333333333,27.372,254.50206497104003,2343.0703044243055
400,40,2,1,1000000000.0,0,488.7,0.212,0.3433333333333333,27.372,254.50206497104003,2343.0703044243055
400,40,2,1,1000000000.0,500,490.5,0.212,0.344,27.406,256.30206497104007,2356.7146016457014
400,40,2,1,1000000000.0,1000,488.7,0.212,0.3433333333333333,27.417333333333332,254.50206497104003,2339.196142563175
400,40,2,1,1000000000.0,1500,490.5,0.212,0.344,27.54,256.30206497104007,2345.2476533297786
400,40,2,1,1000000000.0,2500,435.6,0.15666666666666668,0.2926666666666667,31.286,201.40206497104006,1622.237434402036
400,40,2,2,300.0,-1,584.1,0.22666666666666666,0.39066666666666666,19.452666666666666,349.9020649710401,4532.8140292351745
400,40,2,2,300.0,0,584.1,0.22666666666666666,0.39066666666666666,19.452666666666666,349.9020649710401,4532.8140292351745
400,40,2,2,300.0,500,584.1,0.22666666666666666,0.39066666666666666,19.452666666666666,349.9020649710401,4532.8140292351745
400,40,2,2,300.0,1000,576.9,0.22666666666666666,0.388,19.518,342.70206497104004,4424.680826555082
400,40,2,2,300.0,1500,571.5,0.22666666666666666,0.386,19.542,337.30206497104007,4349.612136562383
400,40,2,2,300.0,2500,525.6,0.15666666666666668,0.338,20.397333333333332,291.4020649710401,3600.1431742402
400,40,2,2,600.0,-1,566.1,0.22266666666666668,0.378,19.338666666666665,331.9020649710401,4324.978645858148
400,40,2,2,600.0,0,566.1,0.22266666666666668,0.378,19.338666666666665,331.9020649710401,4324.978645858148
400,40,2,2,600.0,500,566.1,0.22266666666666668,0.378,19.345333333333333,331.9020649710401,4323.488199016237
400,40,2,2,600.0,1000,558.9,0.22266666666666668,0.37533333333333335,19.41,324.70206497104004,4215.606407661107
400,40,2,2,600.0,1500,553.5,0.22266666666666668,0.37333333333333335,19.430666666666667,319.30206497104007,4141.089019386987
400,40,2,2,600.0,2500,498.6,0.15133333333333332,0.31933333333333336,19.96,264.4020649710401,3338.1423032415883
400,40,2,2,1000000000.0,-1,452.7,0.17933333333333334,0.30466666666666664,22.576666666666668,218.50206497104003,2438.9127582770743
400,40,2,2,1000000000.0,0,452.7,0.17933333333333334,0.30466666666666664,22.576666666666668,218.50206497104003,2438.9127582770743
400,40,2,2,1000000000.0,500,452.7,0.17933333333333334,0.30466666666666664,22.576666666666668,218.50206497104003,2438.9127582770743
400,40,2,2,1000000000.0,1000,452.7,0.17933333333333334,0.30466666666666664,22.576666666666668,218.50206497104003,2438.9127582770743
400,40,2,2,1000000000.0,1500,452.7,0.17933333333333334,0.30466666666666664,22.576666666666668,218.50206497104003,2438.9127582770743
400,40,2,2,1000000000.0,2500,423.0,0.16,0.2826666666666667,23.288,188.80206497104004,2043.0316202637448
400,40,3,1,300.0,-1,549.9,0.22333333333333333,0.37133333333333335,24.741333333333333,315.70206497104004,3215.547007950343
400,40,3,1,300.0,0,549.9,0.22333333333333333,0.37133333333333335,24.741333333333333,315.70206497104004,3215.547007950343
400,40,3,1,300.0,500,549.9,0.22333333333333333,0.37133333333333335,24.741333333333333,315.70206497104004,3215.547007950343
400,40,3,1,300.0,1000,549.9,0.22333333333333333,0.37133333333333335,24.741333333333333,315.70206497104004,3215.547007950343
400,40,3,1,300.0,1500,549.9,0.22333333333333333,0.37133333333333335,24.741333333333333,315.70206497104004,3215.547007950343
400,40,3,1,300.0,2500,479.7,0.17266666666666666,0.318,28.737333333333332,245.50206497104003,2152.827461584307
400,40,3,1,600.0,-1,549.9,0.22333333333333333,0.37133333333333335,24.741333333333333,315.70206497104004,3215.547007950343
400,40,3,1,600.0,0,549.9,0.22333333333333333,0.37133333333333335,24.741333333333333,315.70206497104004,3215.547007950343
400,40,3,1,600.0,500,549.9,0.22333333333333333,0.37133333333333335,24.741333333333333,315.70206497104004,3215.547007950343
400,40,3,1,600.0,1000,549.9,0.22333333333333333,0.37133333333333335,24.741333333333333,315.70206497104004,3215.547007950343
400,40,3,1,600.0,1500,549.9,0.22333333333333333,0.37133333333333335,24.741333333333333,315.70206497104004,3215.547007950343
400,40,3,1,600.0,2500,479.7,0.17266666666666666,0.318,28.737333333333332,245.50206497104003,2152.827461584307
400,40,3,1,1000000000.0,-1,549.9,0.22333333333333333,0.37133333333333335,24.741333333333333,315.70206497104004,3215.547007950343
400,40,3,1,1000000000.0,0,549.9,0.22333333333333333,0.37133333333333335,24.741333333333333,315.70206497104004,3215.547007950343
400,40,3,1,1000000000.0,500,549.9,0.22333333333333333,0.37133333333333335,24.741333333333333,315.70206497104004,3215.547007950343
400,40,3,1,1000000000.0,1000,549.9,0.22333333333333333,0.37133333333333335,24.741333333333333,315.70206497104004,3215.547007950343
400,40,3,1,1000000000.0,1500,549.9,0.22333333333333333,0.37133333333333335,24.741333333333333,315.70206497104004,3215.547007950343
400,40,3,1,1000000000.0,2500,479.7,0.17266666666666666,0.318,28.737333333333332,245.50206497104003,2152.827461584307
400,40,3,2,300.0,-1,711.9,0.232,0.45466666666666666,17.644666666666666,477.70206497104004,6822.510316962751
400,40,3,2,300.0,0,711.9,0.232,0.45466666666666666,17.644666666666666,477.70206497104004,6822.510316962751
400,40,3,2,300.0,500,711.9,0.232,0.45466666666666666,17.644666666666666,477.70206497104004,6822.510316962751
400,40,3,2,300.0,1000,711.9,0.232,0.45466666666666666,17.644666666666666,477.70206497104004,6822.510316962751
400,40,3,2,300.0,1500,711.9,0.232,0.45466666666666666,17.644666666666666,477.70206497104004,6822.510316962751
400,40,3,2,300.0,2500,650.7,0.17733333333333334,0.402,20.66,416.5020649710401,5080.276881544149
400,40,3,2,600.0,-1,711.9,0.232,0.45466666666666666,17.649333333333335,477.70206497104004,6820.706374520402
400,40,3,2,600.0,0,711.9,0.232,0.45466666666666666,17.649333333333335,477.70206497104004,6820.706374520402
400,40,3,2,600.0,500,711.9,0.232,0.45466666666666666,17.649333333333335,477.70206497104004,6820.706374520402
400,40,3,2,600.0,1000,711.9,0.232,0.45466666666666666,17.649333333333335,477.70206497104004,6820.706374520402
400,40,3,2,600.0,1500,711.9,0.232,0.45466666666666666,17.649333333333335,477.70206497104004,6820.706374520402
400,40,3,2,600.0,2500,651.6,0.178,0.4026666666666667,20.67866666666667,417.4020649710401,5086.658732318432
400,40,3,2,1000000000.0,-1,374.4,0.15133333333333332,0.25866666666666666,23.536666666666665,140.20206497104002,1501.1012762796524
400,40,3,2,1000000000.0,0,374.4,0.15133333333333332,0.25866666666666666,23.536666666666665,140.20206497104002,1501.1012762796524
400,40,3,2,1000000000.0,500,374.4,0.15133333333333332,0.25866666666666666,23.536666666666665,140.20206497104002,1501.1012762796524
400,40,3,2,1000000000.0,1000,374.4,0.15133333333333332,0.25866666666666666,23.536666666666665,140.20206497104002,1501.1012762796524
400,40,3,2,1000000000.0,1500,374.4,0.15133333333333332,0.25866666666666666,23.536666666666665,140.20206497104002,1501.1012762796524
400,40,3,2,1000000000.0,2500,365.4,0.138,0.24933333333333332,24.63533333333333,131.20206497104002,1342.0934852123814
400,60,1,1,300.0,-1,477.5653020197018,0.18,0.3313333333333333,32.93533333333333,243.36736699074183,1862.0906568933144
400,60,1,1,300.0,0,477.9,0.18,0.3313333333333333,32.93533333333333,243.70206497104002,1864.6515506963772
400,60,1,1,300.0,500,472.5,0.18,0.3293333333333333,33.38066666666667,238.30206497104004,1799.00901837497
400,60,1,1,300.0,1000,472.5,0.18,0.3293333333333333,33.832,238.30206497104004,1775.009469517087
400,60,1,1,300.0,1500,461.7,0.18,0.3253333333333333,34.06333333333333,227.50206497104003,1683.056670105747
400,60,1,1,300.0,2500,365.4,0.118,0.254,39.938,131.20206497104002,827.856186406482
400,60,1,1,600.0,-1,477.5653020197018,0.18,0.3313333333333333,32.93533333333333,243.36736699074183,1862.0906568933144
400,60,1,1,600.0,0,477.9,0.18,0.3313333333333333,32.93533333333333,243.70206497104002,1864.6515506963772
400,60,1,1,600.0,500,472.5,0.18,0.3293333333333333,33.38066666666667,238.30206497104004,1799.00901837497
400,60,1,1,600.0,1000,472.5,0.18,0.3293333333333333,33.832,238.30206497104004,1775.009469517087
400,60,1,1,600.0,1500,461.7,0.18,0.3253333333333333,34.06333333333333,227.50206497104003,1683.056670105747
400,60,1,1,600.0,2500,365.4,0.118,0.254,39.938,131.20206497104002,827.856186406482
400,60,1,1,1000000000.0,-1,477.5653020197018,0.18,0.3313333333333333,32.93533333333333,243.36736699074183,1862.0906568933144
400,60,1,1,1000000000.0,0,477.9,0.18,0.3313333333333333,32.93533333333333,243.70206497104002,1864.6515506963772
400,60,1,1,1000000000.0,500,472.5,0.18,0.3293333333333333,33.38066666666667,238.30206497104004,1799.00901837497
400,60,1,1,1000000000.0,1000,472.5,0.18,0.3293333333333333,33.832,238.30206497104004,1775.009469517087
400,60,1,1,1000000000.0,1500,461.7,0.18,0.3253333333333333,34.06333333333333,227.50206497104003,1683.056670105747
400,60,1,1,1000000000.0,2500,365.4,0.118,0.254,39.938,131.20206497104002,827.856186406482
400,60,1,2,300.0,-1,475.9406581568979,0.194,0.33466666666666667,22.827333333333332,241.74272312793792,2668.6939441710388
400,60,1,2,300.0,0,476.1,0.194,0.33466666666666667,22.827333333333332,241.90206497104006,2670.452982069833
400,60,1,2,300.0,500,470.7,0.194,0.33266666666666667,22.906,236.50206497104003,2601.873761141277
400,60,1,2,300.0,1000,477.9,0.194,0.3353333333333333,23.244666666666667,243.70206497104002,2642.02198523111
400,60,1,2,300.0,1500,470.7,0.194,0.33266666666666667,23.51,236.50206497104003,2535.028514364189
400,60,1,2,300.0,2500,404.1,0.13533333333333333,0.2753333333333333,27.954666666666668,169.90206497104006,1531.5983153451575
400,60,1,2,600.0,-1,420.3,0.19133333333333333,0.294,22.182666666666666,186.10206497104005,2114.1606226799645
400,60,1,2,600.0,0,420.3,0.19133333333333333,0.294,22.182666666666666,186.10206497104005,2114.1606226799645
400,60,1,2,600.0,500,420.3,0.19133333333333333,0.294,22.182666666666666,186.10206497104005,2114.1606226799645
400,60,1,2,600.0,1000,420.3,0.19133333333333333,0.294,22.182666666666666,186.10206497104005,2114.1606226799645
400,60,1,2,600.0,1500,420.3,0.19133333333333333,0.294,22.182666666666666,186.10206497104005,2114.1606226799645
400,60,1,2,600.0,2500,386.1,0.142,0.254,25.844666666666665,151.90206497104006,1481.130357238196
400,60,1,2,1000000000.0,-1,420.3,0.19133333333333333,0.294,22.182666666666666,186.10206497104005,2114.1606226799645
400,60,1,2,1000000000.0,0,420.3,0.19133333333333333,0.294,22.182666666666666,186.10206497104005,2114.1606226799645
400,60,1,2,1000000000.0,500,420.3,0.19133333333333333,0.294,22.182666666666666,186.10206497104005,2114.1606226799645
400,60,1,2,1000000000.0,1000,420.3,0.19133333333333333,0.294,22.182666666666666,186.10206497104005,2114.1606226799645
400,60,1,2,1000000000.0,1500,420.3,0.19133333333333333,0.294,22.182666666666666,186.10206497104005,2114.1606226799645
400,60,1,2,1000000000.0,2500,386.1,0.142,0.254,25.844666666666665,151.90206497104006,1481.130357238196
400,60,2,1,300.0,-1,765.0,0.25866666666666666,0.49333333333333335,26.002,530.8020649710401,5144.301221933009
400,60,2,1,300.0,0,765.0,0.25866666666666666,0.49333333333333335,26.002,530.8020649710401,5144.301221933009
400,60,2,1,300.0,500,766.8,0.25866666666666666,0.494,26.054666666666666,532.60206497104,5151.312127297813
400,60,2,1,300.0,1000,763.2,0.25866666666666666,0.49266666666666664,26.102,529.0020649710401,5107.214787093024
400,60,2,1,300.0,1500,756.0,0.25866666666666666,0.49,26.166666666666668,521.8020649710401,5025.2530078739655
400,60,2,1,300.0,2500,762.3,0.19333333333333333,0.4633333333333333,33.739333333333335,528.10206497104,3944.40871305604
400,60,2,1,600.0,-1,765.0,0.25866666666666666,0.49333333333333335,26.002,530.8020649710401,5144.301221933009
400,60,2,1,600.0,0,765.0,0.25866666666666666,0.49333333333333335,26.002,530.8020649710401,5144.301221933009
400,60,2,1,600.0,500,766.8,0.25866666666666666,0.494,26.054666666666666,532.60206497104,5151.312127297813
400,60,2,1,600.0,1000,763.2,0.25866666666666666,0.49266666666666664,26.102,529.0020649710401,5107.214787093024
400,60,2,1,600.0,1500,756.0,0.25866666666666666,0.49,26.166666666666668,521.8020649710401,5025.2530078739655
400,60,2,1,600.0,2500,762.3,0.19333333333333333,0.4633333333333333,33.739333333333335,528.10206497104,3944.40871305604
400,60,2,1,1000000000.0,-1,765.0,0.25866666666666666,0.49333333333333335,26.002,530.8020649710401,5144.301221933009
400,60,2,1,1000000000.0,0,765.0,0.25866666666666666,0.49333333333333335,26.002,530.8020649710401,5144.301221933009
400,60,2,1,1000000000.0,500,766.8,0.25866666666666666,0.494,26.054666666666666,532.60206497104,5151.312127297813
400,60,2,1,1000000000.0,1000,763.2,0.25866666666666666,0.49266666666666664,26.102,529.0020649710401,5107.214787093024
400,60,2,1,1000000000.0,1500,756.0,0.25866666666666666,0.49,26.166666666666668,521.8020649710401,5025.2530078739655
400,60,2,1,1000000000.0,2500,762.3,0.19333333333333333,0.4633333333333333,33.739333333333335,528.10206497104,3944.40871305604
400,60,2,2,300.0,-1,786.6,0.25933333333333336,0.5086666666666667,17.57133333333333,552.4020649710401,7922.296944229357
400,60,2,2,300.0,0,786.6,0.25933333333333336,0.5086666666666667,17.57133333333333,552.4020649710401,7922.296944229357
400,60,2,2,300.0,500,786.6,0.25933333333333336,0.5086666666666667,17.576,552.4020649710401,7920.193466812818
400,60,2,2,300.0,1000,786.6,0.25933333333333336,0.5086666666666667,17.684666666666665,552.4020649710401,7871.526390434394
400,60,2,2,300.0,1500,784.8,0.25933333333333336,0.508,17.730666666666668,550.60206497104,7825.521904010119
400,60,2,2,300.0,2500,840.6,0.20133333333333334,0.5053333333333333,22.621333333333332,606.4020649710401,6755.274683456712
400,60,2,2,600.0,-1,778.5,0.25733333333333336,0.5026666666666667,17.414,544.3020649710401,7876.657882893194
400,60,2,2,600.0,0,778.5,0.25733333333333336,0.5026666666666667,17.414,544.3020649710401,7876.657882893194
400,60,2,2,600.0,500,778.5,0.25733333333333336,0.5026666666666667,17.416666666666668,544.3020649710401,7875.451887427872
400,60,2,2,600.0,1000,778.5,0.25733333333333336,0.5026666666666667,17.524,544.3020649710401,7827.215268928447
400,60,2,2,600.0,1500,776.7,0.25733333333333336,0.502,17.564,542.5020649710401,7783.5641296232125
400,60,2,2,600.0,2500,837.0,0.20133333333333334,0.504,22.665333333333333,602.8020649710401,6702.134847904382
400,60,2,2,1000000000.0,-1,565.2,0.18,0.35933333333333334,26.192666666666668,331.0020649710401,3184.575340656498
400,60,2,2,1000000000.0,0,565.2,0.18,0.35933333333333334,26.192666666666668,331.0020649710401,3184.575340656498
400,60,2,2,1000000000.0,500,565.2,0.18,0.35933333333333334,26.192666666666668,331.0020649710401,3184.575340656498
400,60,2,2,1000000000.0,1000,565.2,0.18,0.35933333333333334,26.192666666666668,331.0020649710401,3184.575340656498
400,60,2,2,1000000000.0,1500,565.2,0.18,0.35933333333333334,26.192666666666668,331.0020649710401,3184.575340656498
400,60,2,2,1000000000.0,2500,560.7,0.178,0.3566666666666667,26.249333333333333,326.5020649710401,3134.4994300567164
400,60,3,1,300.0,-1,979.2,0.2806666666666667,0.598,33.22,745.0020649710401,5651.430474795367
400,60,3,1,300.0,0,979.2,0.2806666666666667,0.598,33.22,745.0020649710401,5651.430474795367
400,60,3,1,300.0,500,979.2,0.2806666666666667,0.598,33.22,745.0020649710401,5651.430474795367
400,60,3,1,300.0,1000,979.2,0.2806666666666667,0.598,33.22,745.0020649710401,5651.430474795367
400,60,3,1,300.0,1500,979.2,0.2806666666666667,0.598,33.22,745.0020649710401,5651.430474795367
400,60,3,1,300.0,2500,966.6,0.23866666666666667,0.582,38.708,732.4020649710401,4768.144062537514
400,60,3,1,600.0,-1,979.2,0.2806666666666667,0.598,33.22,745.0020649710401,5651.430474795367
400,60,3,1,600.0,0,979.2,0.2806666666666667,0.598,33.22,745.0020649710401,5651.430474795367
400,60,3,1,600.0,500,979.2,0.2806666666666667,0.598,33.22,745.0020649710401,5651.430474795367
400,60,3,1,600.0,1000,979.2,0.2806666666666667,0.598,33.22,745.0020649710401,5651.430474795367
400,60,3,1,600.0,1500,979.2,0.2806666666666667,0.598,33.22,745.0020649710401,5651.430474795367
400,60,3,1,600.0,2500,966.6,0.23866666666666667,0.582,38.708,732.4020649710401,4768.144062537514
400,60,3,1,1000000000.0,-1,979.2,0.2806666666666667,0.598,33.22,745.0020649710401,5651.430474795367
400,60,3,1,1000000000.0,0,979.2,0.2806666666666667,0.598,33.22,745.0020649710401,5651.430474795367
400,60,3,1,1000000000.0,500,979.2,0.2806666666666667,0.598,33.22,745.0020649710401,5651.430474795367
400,60,3,1,1000000000.0,1000,979.2,0.2806666666666667,0.598,33.22,745.0020649710401,5651.430474795367
400,60,3,1,1000000000.0,1500,979.2,0.2806666666666667,0.598,33.22,745.0020649710401,5651.430474795367
400,60,3,1,1000000000.0,2500,966.6,0.23866666666666667,0.582,38.708,732.4020649710401,4768.144062537514
400,60,3,2,300.0,-1,949.5,0.2673333333333333,0.5606666666666666,20.817333333333334,715.3020649710401,8658.943846764014
400,60,3,2,300.0,0,949.5,0.2673333333333333,0.5606666666666666,20.817333333333334,715.3020649710401,8658.943846764014
400,60,3,2,300.0,500,949.5,0.2673333333333333,0.5606666666666666,20.817333333333334,715.3020649710401,8658.943846764014
400,60,3,2,300.0,1000,949.5,0.2673333333333333,0.5606666666666666,20.817333333333334,715.3020649710401,8658.943846764014
400,60,3,2,300.0,1500,949.5,0.2673333333333333,0.5606666666666666,20.817333333333334,715.3020649710401,8658.943846764014
400,60,3,2,300.0,2500,1009.8,0.22,0.5673333333333334,25.107333333333333,775.60206497104,7784.646731607051
400,60,3,2,600.0,-1,945.9,0.26866666666666666,0.5606666666666666,20.859333333333332,711.70206497104,8598.017851610892
400,60,3,2,600.0,0,945.9,0.26866666666666666,0.5606666666666666,20.859333333333332,711.70206497104,8598.017851610892
400,60,3,2,600.0,500,945.9,0.26866666666666666,0.5606666666666666,20.859333333333332,711.70206497104,8598.017851610892
400,60,3,2,600.0,1000,945.9,0.26866666666666666,0.5606666666666666,20.859333333333332,711.70206497104,8598.017851610892
400,60,3,2,600.0,1500,945.9,0.26866666666666666,0.5606666666666666,20.859333333333332,711.70206497104,8598.017851610892
400,60,3,2,600.0,2500,1005.3,0.22266666666666668,0.5673333333333334,25.052666666666667,771.10206497104,7756.368731447168
400,60,3,2,1000000000.0,-1,593.1,0.17933333333333334,0.38333333333333336,31.062666666666665,358.9020649710401,2911.6405665762363
400,60,3,2,1000000000.0,0,593.1,0.17933333333333334,0.38333333333333336,31.062666666666665,358.9020649710401,2911.6405665762363
400,60,3,2,1000000000.0,500,593.1,0.17933333333333334,0.38333333333333336,31.062666666666665,358.9020649710401,2911.6405665762363
400,60,3,2,1000000000.0,1000,593.1,0.17933333333333334,0.38333333333333336,31.062666666666665,358.9020649710401,2911.6405665762363
400,60,3,2,1000000000.0,1500,593.1,0.17933333333333334,0.38333333333333336,31.062666666666665,358.9020649710401,2911.6405665762363
400,60,3,2,1000000000.0,2500,578.7,0.16866666666666666,0.37466666666666665,32.078,344.5020649710401,2706.3570164194184
400,90,1,1,300.0,-1,450.5498398039169,0.19266666666666668,0.318,32.122,216.35190477495692,1697.3002927367268
400,90,1,1,300.0,0,450.9,0.19266666666666668,0.318,32.122,216.70206497104002,1700.0473311967523
400,90,1,1,300.0,500,452.7,0.19266666666666668,0.31866666666666665,32.492,218.50206497104003,1694.6485403392246
400,90,1,1,300.0,1000,450.9,0.19266666666666668,0.318,32.83,216.70206497104002,1663.3847204600088
400,90,1,1,300.0,1500,447.3,0.19266666666666668,0.31666666666666665,33.16866666666667,213.10206497104005,1619.0497167819658
400,90,1,1,300.0,2500,355.5,0.122,0.24466666666666667,40.233333333333334,121.30206497104004,759.7710117490163
400,90,1,1,600.0,-1,450.5498398039169,0.19266666666666668,0.318,32.122,216.35190477495692,1697.3002927367268
400,90,1,1,600.0,0,450.9,0.19266666666666668,0.318,32.122,216.70206497104002,1700.0473311967523
400,90,1,1,600.0,500,452.7,0.19266666666666668,0.31866666666666665,32.492,218.50206497104003,1694.6485403392246
400,90,1,1,600.0,1000,450.9,0.19266666666666668,0.318,32.83,216.70206497104002,1663.3847204600088
400,90,1,1,600.0,1500,447.3,0.19266666666666668,0.31666666666666665,33.16866666666667,213.10206497104005,1619.0497167819658
400,90,1,1,600.0,2500,355.5,0.122,0.24466666666666667,40.233333333333334,121.30206497104004,759.7710117490163
400,90,1,1,1000000000.0,-1,450.5498398039169,0.19266666666666668,0.318,32.122,216.35190477495692,1697.3002927367268
400,90,1,1,1000000000.0,0,450.9,0.19266666666666668,0.318,32.122,216.70206497104002,1700.0473311967523
400,90,1,1,1000000000.0,500,452.7,0.19266666666666668,0.31866666666666665,32.492,218.50206497104003,1694.6485403392246
400,90,1,1,1000000000.0,1000,450.9,0.19266666666666668,0.318,32.83,216.70206497104002,1663.3847204600088
400,90,1,1,1000000000.0,1500,447.3,0.19266666666666668,0.31666666666666665,33.16866666666667,213.10206497104005,1619.0497167819658
400,90,1,1,1000000000.0,2500,355.5,0.122,0.24466666666666667,40.233333333333334,121.30206497104004,759.7710117490163
400,90,1,2,300.0,-1,467.78638408304454,0.2,0.334,22.366666666666667,233.58844905408458,2631.7864006689706
400,90,1,2,300.0,0,468.0,0.2,0.334,22.366666666666667,233.80206497104004,2634.1931612236403
400,90,1,2,300.0,500,466.2,0.2,0.3333333333333333,22.435333333333332,232.00206497104003,2605.9127138458125
400,90,1,2,300.0,1000,464.4,0.2,0.33266666666666667,22.696,230.20206497104002,2555.997549026352
400,90,1,2,300.0,1500,466.2,0.2,0.3333333333333333,22.865333333333332,232.00206497104003,2556.906541461693
400,90,1,2,300.0,2500,396.9,0.13866666666666666,0.27066666666666667,29.234,162.70206497104002,1402.5080513341343
400,90,1,2,600.0,-1,481.5,0.20066666666666666,0.326,23.19333333333333,247.30206497104004,2686.9842069288056
400,90,1,2,600.0,0,481.5,0.20066666666666666,0.326,23.19333333333333,247.30206497104004,2686.9842069288056
400,90,1,2,600.0,500,481.5,0.20066666666666666,0.326,23.19333333333333,247.30206497104004,2686.9842069288056
400,90,1,2,600.0,1000,479.7,0.20066666666666666,0.3253333333333333,23.196666666666665,245.50206497104003,2667.0435568056655
400,90,1,2,600.0,1500,479.7,0.20066666666666666,0.3253333333333333,23.220666666666666,245.50206497104003,2664.287001781549
400,90,1,2,600.0,2500,457.2,0.15066666666666667,0.29533333333333334,28.41,223.00206497104003,1978.0542193840931
400,90,1,2,1000000000.0,-1,481.5,0.20066666666666666,0.326,23.19333333333333,247.30206497104004,2686.9842069288056
400,90,1,2,1000000000.0,0,481.5,0.20066666666666666,0.326,23.19333333333333,247.30206497104004,2686.9842069288056
400,90,1,2,1000000000.0,500,481.5,0.20066666666666666,0.326,23.19333333333333,247.30206497104004,2686.9842069288056
400,90,1,2,1000000000.0,1000,479.7,0.20066666666666666,0.3253333333333333,23.196666666666665,245.50206497104003,2667.0435568056655
400,90,1,2,1000000000.0,1500,479.7,0.20066666666666666,0.3253333333333333,23.220666666666666,245.50206497104003,2664.287001781549
400,90,1,2,1000000000.0,2500,457.2,0.15066666666666667,0.29533333333333334,28.41,223.00206497104003,1978.0542193840931
400,90,2,1,300.0,-1,987.3,0.2926666666666667,0.6213333333333333,31.344666666666665,753.10206497104,6054.673427888915
400,90,2,1,300.0,0,987.3,0.2926666666666667,0.6213333333333333,31.344666666666665,753.10206497104,6054.673427888915
400,90,2,1,300.0,500,987.3,0.2926666666666667,0.6213333333333333,31.344666666666665,753.10206497104,6054.673427888915
400,90,2,1,300.0,1000,985.5,0.2926666666666667,0.6206666666666667,31.367333333333335,751.3020649710401,6035.837294830145
400,90,2,1,300.0,1500,987.3,0.2926666666666667,0.6213333333333333,31.713333333333335,753.10206497104,5984.288008388756
400,90,2,1,300.0,2500,1044.9,0.23666666666666666,0.6233333333333333,41.93266666666667,810.7020649710402,4872.023093515845
400,90,2,1,600.0,-1,987.3,0.2926666666666667,0.6213333333333333,31.344666666666665,753.10206497104,6054.673427888915
400,90,2,1,600.0,0,987.3,0.2926666666666667,0.6213333333333333,31.344666666666665,753.10206497104,6054.673427888915
400,90,2,1,600.0,500,987.3,0.2926666666666667,0.6213333333333333,31.344666666666665,753.10206497104,6054.673427888915
400,90,2,1,600.0,1000,985.5,0.2926666666666667,0.6206666666666667,31.367333333333335,751.3020649710401,6035.837294830145
400,90,2,1,600.0,1500,987.3,0.2926666666666667,0.6213333333333333,31.713333333333335,753.10206497104,5984.288008388756
400,90,2,1,600.0,2500,1044.9,0.23666666666666666,0.6233333333333333,41.93266666666667,810.7020649710402,4872.023093515845
400,90,2,1,1000000000.0,-1,987.3,0.2926666666666667,0.6213333333333333,31.344666666666665,753.10206497104,6054.673427888915
400,90,2,1,1000000000.0,0,987.3,0.2926666666666667,0.6213333333333333,31.344666666666665,753.10206497104,6054.673427888915
400,90,2,1,1000000000.0,500,987.3,0.2926666666666667,0.6213333333333333,31.344666666666665,753.10206497104,6054.673427888915
400,90,2,1,1000000000.0,1000,985.5,0.2926666666666667,0.6206666666666667,31.367333333333335,751.3020649710401,6035.837294830145
400,90,2,1,1000000000.0,1500,987.3,0.2926666666666667,0.6213333333333333,31.713333333333335,753.10206497104,5984.288008388756
400,90,2,1,1000000000.0,2500,1044.9,0.23666666666666666,0.6233333333333333,41.93266666666667,810.7020649710402,4872.023093515845
400,90,2,2,300.0,-1,789.3,0.25733333333333336,0.5106666666666667,19.601333333333333,555.10206497104,7136.541070643259
400,90,2,2,300.0,0,789.3,0.25733333333333336,0.5106666666666667,19.601333333333333,555.10206497104,7136.541070643259
400,90,2,2,300.0,500,791.1,0.25733333333333336,0.5113333333333333,19.608666666666668,556.9020649710401,7157.004744808524
400,90,2,2,300.0,1000,796.5,0.25733333333333336,0.5133333333333333,19.662666666666667,562.3020649710401,7206.556606735375
400,90,2,2,300.0,1500,798.3,0.25733333333333336,0.514,19.819333333333333,564.10206497104,7172.477397795187
400,90,2,2,300.0,2500,824.4,0.20733333333333334,0.504,25.329333333333334,590.20206497104,5871.884522794471
400,90,2,2,600.0,-1,792.0,0.258,0.5113333333333333,19.810666666666666,557.8020649710401,7095.476529783725
400,90,2,2,600.0,0,792.0,0.258,0.5113333333333333,19.810666666666666,557.8020649710401,7095.476529783725
400,90,2,2,600.0,500,793.8,0.258,0.512,19.818,559.60206497104,7115.739245771625
400,90,2,2,600.0,1000,799.2,0.258,0.514,19.872,565.0020649710401,7164.881258690726
400,90,2,2,600.0,1500,801.0,0.258,0.5146666666666667,20.016666666666666,566.8020649710401,7135.7595523414875
400,90,2,2,600.0,2500,819.9,0.20933333333333334,0.5026666666666667,25.298666666666666,585.70206497104,5834.177837015209
400,90,2,2,1000000000.0,-1,589.5,0.19533333333333333,0.38266666666666665,28.557333333333332,355.30206497104007,3135.310966454691
400,90,2,2,1000000000.0,0,589.5,0.19533333333333333,0.38266666666666665,28.557333333333332,355.30206497104007,3135.310966454691
400,90,2,2,1000000000.0,500,589.5,0.19533333333333333,0.38266666666666665,28.557333333333332,355.30206497104007,3135.310966454691
400,90,2,2,1000000000.0,1000,589.5,0.19533333333333333,0.38266666666666665,28.557333333333332,355.30206497104007,3135.310966454691
400,90,2,2,1000000000.0,1500,589.5,0.19533333333333333,0.38266666666666665,28.557333333333332,355.30206497104007,3135.310966454691
400,90,2,2,1000000000.0,2500,579.6,0.18933333333333333,0.37533333333333335,28.838,345.4020649710401,3018.2856083189577
400,90,3,1,300.0,-1,844.2,0.2793333333333333,0.538,33.484,610.0020649710401,4590.864901824814
400,90,3,1,300.0,0,844.2,0.2793333333333333,0.538,33.484,610.0020649710401,4590.864901824814
400,90,3,1,300.0,500,844.2,0.2793333333333333,0.538,33.484,610.0020649710401,4590.864901824814
400,90,3,1,300.0,1000,844.2,0.2793333333333333,0.538,33.484,610.0020649710401,4590.864901824814
400,90,3,1,300.0,1500,844.2,0.2793333333333333,0.538,33.484,610.0020649710401,4590.864901824814
400,90,3,1,300.0,2500,817.2,0.22466666666666665,0.5106666666666667,40.02333333333333,583.0020649710401,3670.77172581083
400,90,3,1,600.0,-1,844.2,0.2793333333333333,0.538,33.484,610.0020649710401,4590.864901824814
400,90,3,1,600.0,0,844.2,0.2793333333333333,0.538,33.484,610.0020649710401,4590.864901824814
400,90,3,1,600.0,500,844.2,0.2793333333333333,0.538,33.484,610.0020649710401,4590.864901824814
400,90,3,1,600.0,1000,844.2,0.2793333333333333,0.538,33.484,610.0020649710401,4590.864901824814
400,90,3,1,600.0,1500,844.2,0.2793333333333333,0.538,33.484,610.0020649710401,4590.864901824814
400,90,3,1,600.0,2500,817.2,0.22466666666666665,0.5106666666666667,40.02333333333333,583.0020649710401,3670.77172581083
400,90,3,1,1000000000.0,-1,844.2,0.2793333333333333,0.538,33.484,610.0020649710401,4590.864901824814
400,90,3,1,1000000000.0,0,844.2,0.2793333333333333,0.538,33.484,610.0020649710401,4590.864901824814
400,90,3,1,1000000000.0,500,844.2,0.2793333333333333,0.538,33.484,610.0020649710401,4590.864901824814
400,90,3,1,1000000000.0,1000,844.2,0.2793333333333333,0.538,33.484,610.0020649710401,4590.864901824814
400,90,3,1,1000000000.0,1500,844.2,0.2793333333333333,0.538,33.484,610.0020649710401,4590.864901824814
400,90,3,1,1000000000.0,2500,817.2,0.22466666666666665,0.5106666666666667,40.02333333333333,583.0020649710401,3670.77172581083
400,90,3,2,300.0,-1,812.7,0.2633333333333333,0.512,23.408,578.5020649710401,6227.893043946604
400,90,3,2,300.0,0,812.7,0.2633333333333333,0.512,23.408,578.5020649710401,6227.893043946604
400,90,3,2,300.0,500,812.7,0.2633333333333333,0.512,23.408,578.5020649710401,6227.893043946604
400,90,3,2,300.0,1000,812.7,0.2633333333333333,0.512,23.408,578.5020649710401,6227.893043946604
400,90,3,2,300.0,1500,812.7,0.2633333333333333,0.512,23.408,578.5020649710401,6227.893043946604
400,90,3,2,300.0,2500,783.9,0.218,0.4806666666666667,27.025333333333332,549.70206497104,5125.743267034712
400,90,3,2,600.0,-1,809.1,0.26066666666666666,0.506,23.216666666666665,574.9020649710401,6240.14301677109
400,90,3,2,600.0,0,809.1,0.26066666666666666,0.506,23.216666666666665,574.9020649710401,6240.14301677109
400,90,3,2,600.0,500,809.1,0.26066666666666666,0.506,23.216666666666665,574.9020649710401,6240.14301677109
400,90,3,2,600.0,1000,809.1,0.26066666666666666,0.506,23.216666666666665,574.9020649710401,6240.14301677109
400,90,3,2,600.0,1500,809.1,0.26066666666666666,0.506,23.216666666666665,574.9020649710401,6240.14301677109
400,90,3,2,600.0,2500,784.8,0.216,0.478,26.924666666666667,550.60206497104,5153.331036201083
400,90,3,2,1000000000.0,-1,514.8,0.17666666666666667,0.338,30.245333333333335,280.60206497104,2337.93820664462
400,90,3,2,1000000000.0,0,514.8,0.17666666666666667,0.338,30.245333333333335,280.60206497104,2337.93820664462
400,90,3,2,1000000000.0,500,514.8,0.17666666666666667,0.338,30.245333333333335,280.60206497104,2337.93820664462
400,90,3,2,1000000000.0,1000,514.8,0.17666666666666667,0.338,30.245333333333335,280.60206497104,2337.93820664462
400,90,3,2,1000000000.0,1500,514.8,0.17666666666666667,0.338,30.245333333333335,280.60206497104,2337.93820664462
400,90,3,2,1000000000.0,2500,522.0,0.16866666666666666,0.33866666666666667,31.265333333333334,287.80206497104007,2319.697653611095
600,20,1,1,300.0,-1,125.1,0.07266666666666667,0.092,39.593333333333334,-109.09793502895997,-694.3764849460661
600,20,1,1,300.0,0,125.1,0.07266666666666667,0.092,39.593333333333334,-109.09793502895997,-694.3764849460661
600,20,1,1,300.0,500,125.1,0.07266666666666667,0.092,39.593333333333334,-109.09793502895997,-694.3764849460661
600,20,1,1,300.0,1000,125.1,0.07266666666666667,0.092,39.593333333333334,-109.09793502895997,-694.3764849460661
600,20,1,1,300.0,1500,123.3,0.07266666666666667,0.09133333333333334,39.63,-110.89793502895996,-705.179904801865
600,20,1,1,300.0,2500,61.2,0.034,0.04533333333333334,40.21,-172.99793502895994,-1084.1949671051455
600,20,1,1,600.0,-1,125.1,0.07266666666666667,0.092,39.593333333333334,-109.09793502895997,-694.3764849460661
600,20,1,1,600.0,0,125.1,0.07266666666666667,0.092,39.593333333333334,-109.09793502895997,-694.3764849460661
600,20,1,1,600.0,500,125.1,0.07266666666666667,0.092,39.593333333333334,-109.09793502895997,-694.3764849460661
600,20,1,1,600.0,1000,125.1,0.07266666666666667,0.092,39.593333333333334,-109.09793502895997,-694.3764849460661
600,20,1,1,600.0,1500,123.3,0.07266666666666667,0.09133333333333334,39.63,-110.89793502895996,-705.179904801865
600,20,1,1,600.0,2500,61.2,0.034,0.04533333333333334,40.21,-172.99793502895994,-1084.1949671051455
600,20,1,1,1000000000.0,-1,125.1,0.07266666666666667,0.092,39.593333333333334,-109.09793502895997,-694.3764849460661
600,20,1,1,1000000000.0,0,125.1,0.07266666666666667,0.092,39.593333333333334,-109.09793502895997,-694.3764849460661
600,20,1,1,1000000000.0,500,125.1,0.07266666666666667,0.092,39.593333333333334,-109.09793502895997,-694.3764849460661
600,20,1,1,1000000000.0,1000,125.1,0.07266666666666667,0.092,39.593333333333334,-109.09793502895997,-694.3764849460661
600,20,1,1,1000000000.0,1500,123.3,0.07266666666666667,0.09133333333333334,39.63,-110.89793502895996,-705.179904801865
600,20,1,1,1000000000.0,2500,61.2,0.034,0.04533333333333334,40.21,-172.99793502895994,-1084.1949671051455
600,20,1,2,300.0,-1,155.7,0.09066666666666667,0.114,36.486666666666665,-78.49793502895997,-542.156393951158
600,20,1,2,300.0,0,155.7,0.09066666666666667,0.114,36.486666666666665,-78.49793502895997,-542.156393951158
600,20,1,2,300.0,500,155.7,0.09066666666666667,0.114,36.486666666666665,-78.49793502895997,-542.156393951158
600,20,1,2,300.0,1000,155.7,0.09066666666666667,0.114,36.486666666666665,-78.49793502895997,-542.156393951158
600,20,1,2,300.0,1500,155.7,0.09066666666666667,0.114,36.486666666666665,-78.49793502895997,-542.156393951158
600,20,1,2,300.0,2500,85.5,0.046,0.062,37.088,-148.69793502895996,-1010.3505076385329
600,20,1,2,600.0,-1,119.7,0.07733333333333334,0.08866666666666667,46.94133333333333,-114.49793502895996,-614.6710708536452
600,20,1,2,600.0,0,119.7,0.07733333333333334,0.08866666666666667,46.94133333333333,-114.49793502895996,-614.6710708536452
600,20,1,2,600.0,500,119.7,0.07733333333333334,0.08866666666666667,46.94133333333333,-114.49793502895996,-614.6710708536452
600,20,1,2,600.0,1000,119.7,0.07733333333333334,0.08866666666666667,46.94133333333333,-114.49793502895996,-614.6710708536452
600,20,1,2,600.0,1500,119.7,0.07733333333333334,0.08866666666666667,46.94133333333333,-114.49793502895996,-614.6710708536452
600,20,1,2,600.0,2500,89.1,0.058,0.066,47.494,-145.09793502895997,-769.8799769928393
600,20,1,2,1000000000.0,-1,119.7,0.07733333333333334,0.08866666666666667,46.94133333333333,-114.49793502895996,-614.6710708536452
600,20,1,2,1000000000.0,0,119.7,0.07733333333333334,0.08866666666666667,46.94133333333333,-114.49793502895996,-614.6710708536452
600,20,1,2,1000000000.0,500,119.7,0.07733333333333334,0.08866666666666667,46.94133333333333,-114.49793502895996,-614.6710708536452
600,20,1,2,1000000000.0,1000,119.7,0.07733333333333334,0.08866666666666667,46.94133333333333,-114.49793502895996,-614.6710708536452
600,20,1,2,1000000000.0,1500,119.7,0.07733333333333334,0.08866666666666667,46.94133333333333,-114.49793502895996,-614.6710708536452
600,20,1,2,1000000000.0,2500,89.1,0.058,0.066,47.494,-145.09793502895997,-769.8799769928393
600,20,2,1,300.0,-1,319.5,0.152,0.222,12.814,85.30206497104004,1677.5495842595667
600,20,2,1,300.0,0,319.5,0.152,0.222,12.814,85.30206497104004,1677.5495842595667
600,20,2,1,300.0,500,319.5,0.152,0.222,12.814,85.30206497104004,1677.5495842595667
600,20,2,1,300.0,1000,319.5,0.152,0.222,12.814,85.30206497104004,1677.5495842595667
600,20,2,1,300.0,1500,319.5,0.152,0.222,12.814,85.30206497104004,1677.5495842595667
600,20,2,1,300.0,2500,281.7,0.12866666666666668,0.196,13.612,47.50206497104003,879.4093720762626
600,20,2,1,600.0,-1,319.5,0.152,0.222,12.814,85.30206497104004,1677.5495842595667
600,20,2,1,600.0,0,319.5,0.152,0.222,12.814,85.30206497104004,1677.5495842595667
600,20,2,1,600.0,500,319.5,0.152,0.222,12.814,85.30206497104004,1677.5495842595667
600,20,2,1,600.0,1000,319.5,0.152,0.222,12.814,85.30206497104004,1677.5495842595667
600,20,2,1,600.0,1500,319.5,0.152,0.222,12.814,85.30206497104004,1677.5495842595667
600,20,2,1,600.0,2500,281.7,0.12866666666666668,0.196,13.612,47.50206497104003,879.4093720762626
600,20,2,1,1000000000.0,-1,319.5,0.152,0.222,12.814,85.30206497104004,1677.5495842595667
600,20,2,1,1000000000.0,0,319.5,0.152,0.222,12.814,85.30206497104004,1677.5495842595667
600,20,2,1,1000000000.0,500,319.5,0.152,0.222,12.814,85.30206497104004,1677.5495842595667
600,20,2,1,1000000000.0,1000,319.5,0.152,0.222,12.814,85.30206497104004,1677.5495842595667
600,20,2,1,1000000000.0,1500,319.5,0.152,0.222,12.814,85.30206497104004,1677.5495842595667
600,20,2,1,1000000000.0,2500,281.7,0.12866666666666668,0.196,13.612,47.50206497104003,879.4093720762626
600,20,2,2,300.0,-1,340.2,0.16533333333333333,0.23666666666666666,8.470666666666666,106.00206497104003,3153.5322335159085
600,20,2,2,300.0,0,340.2,0.16533333333333333,0.23666666666666666,8.470666666666666,106.00206497104003,3153.5322335159085
600,20,2,2,300.0,500,340.2,0.16533333333333333,0.23666666666666666,8.470666666666666,106.00206497104003,3153.5322335159085
600,20,2,2,300.0,1000,340.2,0.16533333333333333,0.23666666666666666,8.470666666666666,106.00206497104003,3153.5322335159085
600,20,2,2,300.0,1500,340.2,0.16533333333333333,0.23666666666666666,8.470666666666666,106.00206497104003,3153.5322335159085
600,20,2,2,300.0,2500,284.4,0.12866666666666668,0.196,8.81,50.202064971040016,1435.972800533721
600,20,2,2,600.0,-1,341.1,0.166,0.23733333333333334,8.42,106.90206497104006,3199.4442247864718
600,20,2,2,600.0,0,341.1,0.166,0.23733333333333334,8.42,106.90206497104006,3199.4442247864718
600,20,2,2,600.0,500,341.1,0.166,0.23733333333333334,8.42,106.90206497104006,3199.4442247864718
600,20,2,2,600.0,1000,341.1,0.166,0.23733333333333334,8.42,106.90206497104006,3199.4442247864718
600,20,2,2,600.0,1500,341.1,0.166,0.23733333333333334,8.42,106.90206497104006,3199.4442247864718
600,20,2,2,600.0,2500,284.4,0.12933333333333333,0.196,8.741333333333333,50.202064971040016,1447.2529407453574
600,20,2,2,1000000000.0,-1,182.7,0.09733333333333333,0.13133333333333333,11.068666666666667,-51.49793502895997,-1172.4519328402619
600,20,2,2,1000000000.0,0,182.7,0.09733333333333333,0.13133333333333333,11.068666666666667,-51.49793502895997,-1172.4519328402619
600,20,2,2,1000000000.0,500,182.7,0.09733333333333333,0.13133333333333333,11.068666666666667,-51.49793502895997,-1172.4519328402619
600,20,2,2,1000000000.0,1000,182.7,0.09733333333333333,0.13133333333333333,11.068666666666667,-51.49793502895997,-1172.4519328402619
600,20,2,2,1000000000.0,1500,182.7,0.09733333333333333,0.13133333333333333,11.068666666666667,-51.49793502895997,-1172.4519328402619
600,20,2,2,1000000000.0,2500,177.3,0.094,0.12733333333333333,11.081333333333333,-56.89793502895995,-1293.9128529025907
600,20,3,1,300.0,-1,272.7,0.12066666666666667,0.192,14.713333333333333,38.50206497104003,659.4372704600422
600,20,3,1,300.0,0,272.7,0.12066666666666667,0.192,14.713333333333333,38.50206497104003,659.4372704600422
600,20,3,1,300.0,500,272.7,0.12066666666666667,0.192,14.713333333333333,38.50206497104003,659.4372704600422
600,20,3,1,300.0,1000,272.7,0.12066666666666667,0.192,14.713333333333333,38.50206497104003,659.4372704600422
600,20,3,1,300.0,1500,272.7,0.12066666666666667,0.192,14.713333333333333,38.50206497104003,659.4372704600422
600,20,3,1,300.0,2500,272.7,0.12066666666666667,0.192,14.713333333333333,38.50206497104003,659.4372704600422
600,20,3,1,600.0,-1,272.7,0.12066666666666667,0.192,14.713333333333333,38.50206497104003,659.4372704600422
600,20,3,1,600.0,0,272.7,0.12066666666666667,0.192,14.713333333333333,38.50206497104003,659.4372704600422
600,20,3,1,600.0,500,272.7,0.12066666666666667,0.192,14.713333333333333,38.50206497104003,659.4372704600422
600,20,3,1,600.0,1000,272.7,0.12066666666666667,0.192,14.713333333333333,38.50206497104003,659.4372704600422
600,20,3,1,600.0,1500,272.7,0.12066666666666667,0.192,14.713333333333333,38.50206497104003,659.4372704600422
600,20,3,1,600.0,2500,272.7,0.12066666666666667,0.192,14.713333333333333,38.50206497104003,659.4372704600422
600,20,3,1,1000000000.0,-1,272.7,0.12066666666666667,0.192,14.713333333333333,38.50206497104003,659.4372704600422
600,20,3,1,1000000000.0,0,272.7,0.12066666666666667,0.192,14.713333333333333,38.50206497104003,659.4372704600422
600,20,3,1,1000000000.0,500,272.7,0.12066666666666667,0.192,14.713333333333333,38.50206497104003,659.4372704600422
600,20,3,1,1000000000.0,1000,272.7,0.12066666666666667,0.192,14.713333333333333,38.50206497104003,659.4372704600422
600,20,3,1,1000000000.0,1500,272.7,0.12066666666666667,0.192,14.713333333333333,38.50206497104003,659.4372704600422
600,20,3,1,1000000000.0,2500,272.7,0.12066666666666667,0.192,14.713333333333333,38.50206497104003,659.4372704600422
600,20,3,2,300.0,-1,357.3,0.13666666666666666,0.23133333333333334,10.39,123.10206497104005,2985.7286210492866
600,20,3,2,300.0,0,357.3,0.13666666666666666,0.23133333333333334,10.39,123.10206497104005,2985.7286210492866
600,20,3,2,300.0,500,357.3,0.13666666666666666,0.23133333333333334,10.39,123.10206497104005,2985.7286210492866
600,20,3,2,300.0,1000,357.3,0.13666666666666666,0.23133333333333334,10.39,123.10206497104005,2985.7286210492866
600,20,3,2,300.0,1500,357.3,0.13666666666666666,0.23133333333333334,10.39,123.10206497104005,2985.7286210492866
600,20,3,2,300.0,2500,357.3,0.13666666666666666,0.23133333333333334,10.39,123.10206497104005,2985.7286210492866
600,20,3,2,600.0,-1,354.6,0.13466666666666666,0.22933333333333333,10.196666666666667,120.40206497104006,2975.611674341493
600,20,3,2,600.0,0,354.6,0.13466666666666666,0.22933333333333333,10.196666666666667,120.40206497104006,2975.611674341493
600,20,3,2,600.0,500,354.6,0.13466666666666666,0.22933333333333333,10.196666666666667,120.40206497104006,2975.611674341493
600,20,3,2,600.0,1000,354.6,0.13466666666666666,0.22933333333333333,10.196666666666667,120.40206497104006,2975.611674341493
600,20,3,2,600.0,1500,354.6,0.13466666666666666,0.22933333333333333,10.196666666666667,120.40206497104006,2975.611674341493
600,20,3,2,600.0,2500,354.6,0.13466666666666666,0.22933333333333333,10.196666666666667,120.40206497104006,2975.611674341493
600,20,3,2,1000000000.0,-1,199.8,0.094,0.14266666666666666,30.189333333333334,-34.39793502895995,-287.1305414925108
600,20,3,2,1000000000.0,0,199.8,0.094,0.14266666666666666,30.189333333333334,-34.39793502895995,-287.1305414925108
600,20,3,2,1000000000.0,500,199.8,0.094,0.14266666666666666,30.189333333333334,-34.39793502895995,-287.1305414925108
600,20,3,2,1000000000.0,1000,199.8,0.094,0.14266666666666666,30.189333333333334,-34.39793502895995,-287.1305414925108
600,20,3,2,1000000000.0,1500,199.8,0.094,0.14266666666666666,30.189333333333334,-34.39793502895995,-287.1305414925108
600,20,3,2,1000000000.0,2500,193.5,0.09,0.138,30.356,-40.69793502895996,-337.85345985300796
600,40,1,1,300.0,-1,414.9,0.18266666666666667,0.288,17.284666666666666,180.70206497104002,2634.5269625893134
600,40,1,1,300.0,0,414.9,0.18266666666666667,0.288,17.284666666666666,180.70206497104002,2634.5269625893134
600,40,1,1,300.0,500,414.9,0.18266666666666667,0.288,17.316,180.70206497104002,2629.7597812833264
600,40,1,1,300.0,1000,420.3,0.18266666666666667,0.29,17.412666666666667,186.10206497104005,2693.310638196452
600,40,1,1,300.0,1500,416.7,0.18266666666666667,0.2886666666666667,17.536,182.50206497104003,2622.6346015455115
600,40,1,1,300.0,2500,363.6,0.12733333333333333,0.24333333333333335,20.357333333333333,129.40206497104006,1601.846363605356
600,40,1,1,600.0,-1,414.9,0.18266666666666667,0.288,17.284666666666666,180.70206497104002,2634.5269625893134
600,40,1,1,600.0,0,414.9,0.18266666666666667,0.288,17.284666666666666,180.70206497104002,2634.5269625893134
600,40,1,1,600.0,500,414.9,0.18266666666666667,0.288,17.316,180.70206497104002,2629.7597812833264
600,40,1,1,600.0,1000,420.3,0.18266666666666667,0.29,17.412666666666667,186.10206497104005,2693.310638196452
600,40,1,1,600.0,1500,416.7,0.18266666666666667,0.2886666666666667,17.536,182.50206497104003,2622.6346015455115
600,40,1,1,600.0,2500,363.6,0.12733333333333333,0.24333333333333335,20.357333333333333,129.40206497104006,1601.846363605356
600,40,1,1,1000000000.0,-1,414.9,0.18266666666666667,0.288,17.284666666666666,180.70206497104002,2634.5269625893134
600,40,1,1,1000000000.0,0,414.9,0.18266666666666667,0.288,17.284666666666666,180.70206497104002,2634.5269625893134
600,40,1,1,1000000000.0,500,414.9,0.18266666666666667,0.288,17.316,180.70206497104002,2629.7597812833264
600,40,1,1,1000000000.0,1000,420.3,0.18266666666666667,0.29,17.412666666666667,186.10206497104005,2693.310638196452
600,40,1,1,1000000000.0,1500,416.7,0.18266666666666667,0.2886666666666667,17.536,182.50206497104003,2622.6346015455115
600,40,1,1,1000000000.0,2500,363.6,0.12733333333333333,0.24333333333333335,20.357333333333333,129.40206497104006,1601.846363605356
600,40,1,2,300.0,-1,423.0,0.18666666666666668,0.2946666666666667,12.168,188.80206497104004,3910.10193727006
600,40,1,2,300.0,0,423.0,0.18666666666666668,0.2946666666666667,12.168,188.80206497104004,3910.10193727006
600,40,1,2,300.0,500,423.0,0.18666666666666668,0.2946666666666667,12.168,188.80206497104004,3910.10193727006
600,40,1,2,300.0,1000,423.0,0.18666666666666668,0.2946666666666667,12.168,188.80206497104004,3910.10193727006
600,40,1,2,300.0,1500,417.6,0.18666666666666668,0.2926666666666667,12.196,183.40206497104006,3789.5474231471053
600,40,1,2,300.0,2500,359.1,0.128,0.24133333333333334,13.920666666666667,124.90206497104006,2261.0497849266385
600,40,1,2,600.0,-1,290.7,0.144,0.20866666666666667,13.178666666666667,56.50206497104003,1080.4219222507654
600,40,1,2,600.0,0,290.7,0.144,0.20866666666666667,13.178666666666667,56.50206497104003,1080.4219222507654
600,40,1,2,600.0,500,290.7,0.144,0.20866666666666667,13.178666666666667,56.50206497104003,1080.4219222507654
600,40,1,2,600.0,1000,290.7,0.144,0.20866666666666667,13.178666666666667,56.50206497104003,1080.4219222507654
600,40,1,2,600.0,1500,290.7,0.144,0.20866666666666667,13.178666666666667,56.50206497104003,1080.4219222507654
600,40,1,2,600.0,2500,264.6,0.124,0.18866666666666668,13.844666666666667,30.402064971040062,553.3770192638871
600,40,1,2,1000000000.0,-1,290.7,0.144,0.20866666666666667,13.178666666666667,56.50206497104003,1080.4219222507654
600,40,1,2,1000000000.0,0,290.7,0.144,0.20866666666666667,13.178666666666667,56.50206497104003,1080.4219222507654
600,40,1,2,1000000000.0,500,290.7,0.144,0.20866666666666667,13.178666666666667,56.50206497104003,1080.4219222507654
600,40,1,2,1000000000.0,1000,290.7,0.144,0.20866666666666667,13.178666666666667,56.50206497104003,1080.4219222507654
600,40,1,2,1000000000.0,1500,290.7,0.144,0.20866666666666667,13.178666666666667,56.50206497104003,1080.4219222507654
600,40,1,2,1000000000.0,2500,264.6,0.124,0.18866666666666668,13.844666666666667,30.402064971040062,553.3770192638871
600,40,2,1,300.0,-1,504.9,0.20066666666666666,0.3353333333333333,16.556,270.70206497104004,4120.374509102567
600,40,2,1,300.0,0,504.9,0.20066666666666666,0.3353333333333333,16.556,270.70206497104004,4120.374509102567
600,40,2,1,300.0,500,504.9,0.20066666666666666,0.3353333333333333,16.556,270.70206497104004,4120.374509102567
600,40,2,1,300.0,1000,504.9,0.20066666666666666,0.3353333333333333,16.556,270.70206497104004,4120.374509102567
600,40,2,1,300.0,1500,504.9,0.20066666666666666,0.3353333333333333,16.556,270.70206497104004,4120.374509102567
600,40,2,1,300.0,2500,468.0,0.164,0.30666666666666664,18.302666666666667,233.80206497104004,3219.100333614524
600,40,2,1,600.0,-1,504.9,0.20066666666666666,0.3353333333333333,16.556,270.70206497104004,4120.374509102567
600,40,2,1,600.0,0,504.9,0.20066666666666666,0.3353333333333333,16.556,270.70206497104004,4120.374509102567
600,40,2,1,600.0,500,504.9,0.20066666666666666,0.3353333333333333,16.556,270.70206497104004,4120.374509102567
600,40,2,1,600.0,1000,504.9,0.20066666666666666,0.3353333333333333,16.556,270.70206497104004,4120.374509102567
600,40,2,1,600.0,1500,504.9,0.20066666666666666,0.3353333333333333,16.556,270.70206497104004,4120.374509102567
600,40,2,1,600.0,2500,468.0,0.164,0.30666666666666664,18.302666666666667,233.80206497104004,3219.100333614524
600,40,2,1,1000000000.0,-1,504.9,0.20066666666666666,0.3353333333333333,16.556,270.70206497104004,4120.374509102567
600,40,2,1,1000000000.0,0,504.9,0.20066666666666666,0.3353333333333333,16.556,270.70206497104004,4120.374509102567
600,40,2,1,1000000000.0,500,504.9,0.20066666666666666,0.3353333333333333,16.556,270.70206497104004,4120.374509102567
600,40,2,1,1000000000.0,1000,504.9,0.20066666666666666,0.3353333333333333,16.556,270.70206497104004,4120.374509102567
600,40,2,1,1000000000.0,1500,504.9,0.20066666666666666,0.3353333333333333,16.556,270.70206497104004,4120.374509102567
600,40,2,1,1000000000.0,2500,468.0,0.164,0.30666666666666664,18.302666666666667,233.80206497104004,3219.100333614524
600,40,2,2,300.0,-1,530.1,0.21266666666666667,0.3446666666666667,10.417333333333334,295.9020649710401,7158.004643482219
600,40,2,2,300.0,0,530.1,0.21266666666666667,0.3446666666666667,10.417333333333334,295.9020649710401,7158.004643482219
600,40,2,2,300.0,500,530.1,0.21266666666666667,0.3446666666666667,10.417333333333334,295.9020649710401,7158.004643482219
600,40,2,2,300.0,1000,530.1,0.21266666666666667,0.3446666666666667,10.417333333333334,295.9020649710401,7158.004643482219
600,40,2,2,300.0,1500,530.1,0.21266666666666667,0.3446666666666667,10.417333333333334,295.9020649710401,7158.004643482219
600,40,2,2,300.0,2500,536.4,0.18266666666666667,0.33666666666666667,11.730666666666666,302.20206497104004,6491.951611676127
600,40,2,2,600.0,-1,547.2,0.216,0.35333333333333333,10.689333333333334,313.0020649710401,7378.993423915003
600,40,2,2,600.0,0,547.2,0.216,0.35333333333333333,10.689333333333334,313.0020649710401,7378.993423915003
600,40,2,2,600.0,500,547.2,0.216,0.35333333333333333,10.689333333333334,313.0020649710401,7378.993423915003
600,40,2,2,600.0,1000,547.2,0.216,0.35333333333333333,10.689333333333334,313.0020649710401,7378.993423915003
600,40,2,2,600.0,1500,547.2,0.216,0.35333333333333333,10.689333333333334,313.0020649710401,7378.993423915003
600,40,2,2,600.0,2500,552.6,0.186,0.3453333333333333,11.996666666666666,318.4020649710401,6688.3012258434655
600,40,2,2,1000000000.0,-1,315.0,0.112,0.20866666666666667,17.412666666666667,80.80206497104004,1169.38552620901
600,40,2,2,1000000000.0,0,315.0,0.112,0.20866666666666667,17.412666666666667,80.80206497104004,1169.38552620901
600,40,2,2,1000000000.0,500,315.0,0.112,0.20866666666666667,17.412666666666667,80.80206497104004,1169.38552620901
600,40,2,2,1000000000.0,1000,315.0,0.112,0.20866666666666667,17.412666666666667,80.80206497104004,1169.38552620901
600,40,2,2,1000000000.0,1500,315.0,0.112,0.20866666666666667,17.412666666666667,80.80206497104004,1169.38552620901
600,40,2,2,1000000000.0,2500,303.3,0.10466666666666667,0.20066666666666666,17.548,69.10206497104005,992.3478671473725
600,40,3,1,300.0,-1,404.1,0.14333333333333334,0.266,19.402666666666665,169.90206497104006,2206.671954338
600,40,3,1,300.0,0,404.1,0.14333333333333334,0.266,19.402666666666665,169.90206497104006,2206.671954338
600,40,3,1,300.0,500,404.1,0.14333333333333334,0.266,19.402666666666665,169.90206497104006,2206.671954338
600,40,3,1,300.0,1000,404.1,0.14333333333333334,0.266,19.402666666666665,169.90206497104006,2206.671954338
600,40,3,1,300.0,1500,404.1,0.14333333333333334,0.266,19.402666666666665,169.90206497104006,2206.671954338
600,40,3,1,300.0,2500,404.1,0.14333333333333334,0.266,19.402666666666665,169.90206497104006,2206.671954338
600,40,3,1,600.0,-1,404.1,0.14333333333333334,0.266,19.402666666666665,169.90206497104006,2206.671954338
600,40,3,1,600.0,0,404.1,0.14333333333333334,0.266,19.402666666666665,169.90206497104006,2206.671954338
600,40,3,1,600.0,500,404.1,0.14333333333333334,0.266,19.402666666666665,169.90206497104006,2206.671954338
600,40,3,1,600.0,1000,404.1,0.14333333333333334,0.266,19.402666666666665,169.90206497104006,2206.671954338
600,40,3,1,600.0,1500,404.1,0.14333333333333334,0.266,19.402666666666665,169.90206497104006,2206.671954338
600,40,3,1,600.0,2500,404.1,0.14333333333333334,0.266,19.402666666666665,169.90206497104006,2206.671954338
600,40,3,1,1000000000.0,-1,404.1,0.14333333333333334,0.266,19.402666666666665,169.90206497104006,2206.671954338
600,40,3,1,1000000000.0,0,404.1,0.14333333333333334,0.266,19.402666666666665,169.90206497104006,2206.671954338
600,40,3,1,1000000000.0,500,404.1,0.14333333333333334,0.266,19.402666666666665,169.90206497104006,2206.671954338
600,40,3,1,1000000000.0,1000,404.1,0.14333333333333334,0.266,19.402666666666665,169.90206497104006,2206.671954338
600,40,3,1,1000000000.0,1500,404.1,0.14333333333333334,0.266,19.402666666666665,169.90206497104006,2206.671954338
600,40,3,1,1000000000.0,2500,404.1,0.14333333333333334,0.266,19.402666666666665,169.90206497104006,2206.671954338
600,40,3,2,300.0,-1,551.7,0.16,0.33666666666666667,15.310666666666666,317.5020649710401,5225.802514980979
600,40,3,2,300.0,0,551.7,0.16,0.33666666666666667,15.310666666666666,317.5020649710401,5225.802514980979
600,40,3,2,300.0,500,551.7,0.16,0.33666666666666667,15.310666666666666,317.5020649710401,5225.802514980979
600,40,3,2,300.0,1000,551.7,0.16,0.33666666666666667,15.310666666666666,317.5020649710401,5225.802514980979
600,40,3,2,300.0,1500,551.7,0.16,0.33666666666666667,15.310666666666666,317.5020649710401,5225.802514980979
600,40,3,2,300.0,2500,551.7,0.16,0.33666666666666667,15.310666666666666,317.5020649710401,5225.802514980979
600,40,3,2,600.0,-1,557.1,0.162,0.34,15.499333333333333,322.9020649710401,5249.988410643605
600,40,3,2,600.0,0,557.1,0.162,0.34,15.499333333333333,322.9020649710401,5249.988410643605
600,40,3,2,600.0,500,557.1,0.162,0.34,15.499333333333333,322.9020649710401,5249.988410643605
600,40,3,2,600.0,1000,557.1,0.162,0.34,15.499333333333333,322.9020649710401,5249.988410643605
600,40,3,2,600.0,1500,557.1,0.162,0.34,15.499333333333333,322.9020649710401,5249.988410643605
600,40,3,2,600.0,2500,557.1,0.162,0.34,15.499333333333333,322.9020649710401,5249.988410643605
600,40,3,2,1000000000.0,-1,318.6,0.11466666666666667,0.212,17.394,84.40206497104006,1222.7963879902322
600,40,3,2,1000000000.0,0,318.6,0.11466666666666667,0.212,17.394,84.40206497104006,1222.7963879902322
600,40,3,2,1000000000.0,500,318.6,0.11466666666666667,0.212,17.394,84.40206497104006,1222.7963879902322
600,40,3,2,1000000000.0,1000,318.6,0.11466666666666667,0.212,17.394,84.40206497104006,1222.7963879902322
600,40,3,2,1000000000.0,1500,318.6,0.11466666666666667,0.212,17.394,84.40206497104006,1222.7963879902322
600,40,3,2,1000000000.0,2500,315.0,0.11266666666666666,0.20933333333333334,17.438666666666666,80.80206497104004,1167.6420429334482
600,60,1,1,300.0,-1,510.20707958706663,0.19466666666666665,0.3466666666666667,20.840666666666667,276.00914455810664,3337.4318365683857
600,60,1,1,300.0,0,510.3,0.19466666666666665,0.3466666666666667,20.840666666666667,276.10206497104,3338.5554063866516
600,60,1,1,300.0,500,508.5,0.19466666666666665,0.346,20.919333333333334,274.30206497104007,3304.3175550225674
600,60,1,1,300.0,1000,495.9,0.19466666666666665,0.3413333333333333,21.182666666666666,261.70206497104004,3113.343631870496
600,60,1,1,300.0,1500,494.1,0.19466666666666665,0.3406666666666667,21.337333333333333,259.9020649710401,3069.517607918926
600,60,1,1,300.0,2500,436.5,0.13466666666666666,0.2886666666666667,25.896,202.30206497104004,1968.648454305765
600,60,1,1,600.0,-1,510.20707958706663,0.19466666666666665,0.3466666666666667,20.840666666666667,276.00914455810664,3337.4318365683857
600,60,1,1,600.0,0,510.3,0.19466666666666665,0.3466666666666667,20.840666666666667,276.10206497104,3338.5554063866516
600,60,1,1,600.0,500,508.5,0.19466666666666665,0.346,20.919333333333334,274.30206497104007,3304.3175550225674
600,60,1,1,600.0,1000,495.9,0.19466666666666665,0.3413333333333333,21.182666666666666,261.70206497104004,3113.343631870496
600,60,1,1,600.0,1500,494.1,0.19466666666666665,0.3406666666666667,21.337333333333333,259.9020649710401,3069.517607918926
600,60,1,1,600.0,2500,436.5,0.13466666666666666,0.2886666666666667,25.896,202.30206497104004,1968.648454305765
600,60,1,1,1000000000.0,-1,510.20707958706663,0.19466666666666665,0.3466666666666667,20.840666666666667,276.00914455810664,3337.4318365683857
600,60,1,1,1000000000.0,0,510.3,0.19466666666666665,0.3466666666666667,20.840666666666667,276.10206497104,3338.5554063866516
600,60,1,1,1000000000.0,500,508.5,0.19466666666666665,0.346,20.919333333333334,274.30206497104007,3304.3175550225674
600,60,1,1,1000000000.0,1000,495.9,0.19466666666666665,0.3413333333333333,21.182666666666666,261.70206497104004,3113.343631870496
600,60,1,1,1000000000.0,1500,494.1,0.19466666666666665,0.3406666666666667,21.337333333333333,259.9020649710401,3069.517607918926
600,60,1,1,1000000000.0,2500,436.5,0.13466666666666666,0.2886666666666667,25.896,202.30206497104004,1968.648454305765
600,60,1,2,300.0,-1,529.1250190781634,0.198,0.36,14.503333333333334,294.9270840492035,5124.451288007304
600,60,1,2,300.0,0,529.2,0.198,0.36,14.503333333333334,295.0020649710401,5125.754105219635
600,60,1,2,300.0,500,531.0,0.198,0.3606666666666667,14.563333333333333,296.80206497104007,5135.783042300442
600,60,1,2,300.0,1000,534.6,0.198,0.362,14.742666666666667,300.4020649710401,5134.845824321839
600,60,1,2,300.0,1500,529.2,0.198,0.36,14.896,295.0020649710401,4990.636437480001
600,60,1,2,300.0,2500,491.4,0.14133333333333334,0.31533333333333335,18.034666666666666,257.20206497104004,3593.9073103302208
600,60,1,2,600.0,-1,450.9,0.18666666666666668,0.30333333333333334,17.362,216.70206497104002,3145.3127734536397
600,60,1,2,600.0,0,450.9,0.18666666666666668,0.30333333333333334,17.362,216.70206497104002,3145.3127734536397
600,60,1,2,600.0,500,450.9,0.18666666666666668,0.30333333333333334,17.362,216.70206497104002,3145.3127734536397
600,60,1,2,600.0,1000,450.9,0.18666666666666668,0.30333333333333334,17.362,216.70206497104002,3145.3127734536397
600,60,1,2,600.0,1500,450.9,0.18666666666666668,0.30333333333333334,17.362,216.70206497104002,3145.3127734536397
600,60,1,2,600.0,2500,416.7,0.15466666666666667,0.276,19.595333333333333,182.50206497104003,2347.0139338976333
600,60,1,2,1000000000.0,-1,450.9,0.18666666666666668,0.30333333333333334,17.362,216.70206497104002,3145.3127734536397
600,60,1,2,1000000000.0,0,450.9,0.18666666666666668,0.30333333333333334,17.362,216.70206497104002,3145.3127734536397
600,60,1,2,1000000000.0,500,450.9,0.18666666666666668,0.30333333333333334,17.362,216.70206497104002,3145.3127734536397
600,60,1,2,1000000000.0,1000,450.9,0.18666666666666668,0.30333333333333334,17.362,216.70206497104002,3145.3127734536397
600,60,1,2,1000000000.0,1500,450.9,0.18666666666666668,0.30333333333333334,17.362,216.70206497104002,3145.3127734536397
600,60,1,2,1000000000.0,2500,416.7,0.15466666666666667,0.276,19.595333333333333,182.50206497104003,2347.0139338976333
600,60,2,1,300.0,-1,763.2,0.24733333333333332,0.47733333333333333,20.950666666666667,529.0020649710401,6362.972715555692
600,60,2,1,300.0,0,763.2,0.24733333333333332,0.47733333333333333,20.950666666666667,529.0020649710401,6362.972715555692
600,60,2,1,300.0,500,763.2,0.24733333333333332,0.47733333333333333,20.950666666666667,529.0020649710401,6362.972715555692
600,60,2,1,300.0,1000,763.2,0.24733333333333332,0.47733333333333333,20.950666666666667,529.0020649710401,6362.972715555692
600,60,2,1,300.0,1500,763.2,0.24733333333333332,0.47733333333333333,20.950666666666667,529.0020649710401,6362.972715555692
600,60,2,1,300.0,2500,756.9,0.194,0.452,24.624,522.70206497104,5349.290138592515
600,60,2,1,600.0,-1,763.2,0.24733333333333332,0.47733333333333333,20.950666666666667,529.0020649710401,6362.972715555692
600,60,2,1,600.0,0,763.2,0.24733333333333332,0.47733333333333333,20.950666666666667,529.0020649710401,6362.972715555692
600,60,2,1,600.0,500,763.2,0.24733333333333332,0.47733333333333333,20.950666666666667,529.0020649710401,6362.972715555692
600,60,2,1,600.0,1000,763.2,0.24733333333333332,0.47733333333333333,20.950666666666667,529.0020649710401,6362.972715555692
600,60,2,1,600.0,1500,763.2,0.24733333333333332,0.47733333333333333,20.950666666666667,529.0020649710401,6362.972715555692
600,60,2,1,600.0,2500,756.9,0.194,0.452,24.624,522.70206497104,5349.290138592515
600,60,2,1,1000000000.0,-1,763.2,0.24733333333333332,0.47733333333333333,20.950666666666667,529.0020649710401,6362.972715555692
600,60,2,1,1000000000.0,0,763.2,0.24733333333333332,0.47733333333333333,20.950666666666667,529.0020649710401,6362.972715555692
600,60,2,1,1000000000.0,500,763.2,0.24733333333333332,0.47733333333333333,20.950666666666667,529.0020649710401,6362.972715555692
600,60,2,1,1000000000.0,1000,763.2,0.24733333333333332,0.47733333333333333,20.950666666666667,529.0020649710401,6362.972715555692
600,60,2,1,1000000000.0,1500,763.2,0.24733333333333332,0.47733333333333333,20.950666666666667,529.0020649710401,6362.972715555692
600,60,2,1,1000000000.0,2500,756.9,0.194,0.452,24.624,522.70206497104,5349.290138592515
600,60,2,2,300.0,-1,866.7,0.24666666666666667,0.526,15.102,632.5020649710401,10554.26568485645
600,60,2,2,300.0,0,866.7,0.24666666666666667,0.526,15.102,632.5020649710401,10554.26568485645
600,60,2,2,300.0,500,866.7,0.24666666666666667,0.526,15.102,632.5020649710401,10554.26568485645
600,60,2,2,300.0,1000,866.7,0.24666666666666667,0.526,15.102,632.5020649710401,10554.26568485645
600,60,2,2,300.0,1500,866.7,0.24666666666666667,0.526,15.102,632.5020649710401,10554.26568485645
600,60,2,2,300.0,2500,851.4,0.19333333333333333,0.49266666666666664,17.56,617.20206497104,8857.341706873696
600,60,2,2,600.0,-1,854.1,0.24666666666666667,0.5213333333333333,14.882,619.9020649710401,10496.930545135203
600,60,2,2,600.0,0,854.1,0.24666666666666667,0.5213333333333333,14.882,619.9020649710401,10496.930545135203
600,60,2,2,600.0,500,854.1,0.24666666666666667,0.5213333333333333,14.882,619.9020649710401,10496.930545135203
600,60,2,2,600.0,1000,854.1,0.24666666666666667,0.5213333333333333,14.882,619.9020649710401,10496.930545135203
600,60,2,2,600.0,1500,854.1,0.24666666666666667,0.5213333333333333,14.882,619.9020649710401,10496.930545135203
600,60,2,2,600.0,2500,847.8,0.194,0.49133333333333334,17.392666666666667,613.60206497104,8890.39750695899
600,60,2,2,1000000000.0,-1,461.7,0.14333333333333334,0.292,21.084,227.50206497104003,2719.1481869048607
600,60,2,2,1000000000.0,0,461.7,0.14333333333333334,0.292,21.084,227.50206497104003,2719.1481869048607
600,60,2,2,1000000000.0,500,461.7,0.14333333333333334,0.292,21.084,227.50206497104003,2719.1481869048607
600,60,2,2,1000000000.0,1000,461.7,0.14333333333333334,0.292,21.084,227.50206497104003,2719.1481869048607
600,60,2,2,1000000000.0,1500,461.7,0.14333333333333334,0.292,21.084,227.50206497104003,2719.1481869048607
600,60,2,2,1000000000.0,2500,456.3,0.13933333333333334,0.288,21.215333333333334,222.10206497104005,2638.173037081769
600,60,3,1,300.0,-1,819.9,0.21733333333333332,0.49533333333333335,29.401333333333334,585.70206497104,5020.075746203191
600,60,3,1,300.0,0,819.9,0.21733333333333332,0.49533333333333335,29.401333333333334,585.70206497104,5020.075746203191
600,60,3,1,300.0,500,819.9,0.21733333333333332,0.49533333333333335,29.401333333333334,585.70206497104,5020.075746203191
600,60,3,1,300.0,1000,819.9,0.21733333333333332,0.49533333333333335,29.401333333333334,585.70206497104,5020.075746203191
600,60,3,1,300.0,1500,819.9,0.21733333333333332,0.49533333333333335,29.401333333333334,585.70206497104,5020.075746203191
600,60,3,1,300.0,2500,819.9,0.21733333333333332,0.49533333333333335,29.401333333333334,585.70206497104,5020.075746203191
600,60,3,1,600.0,-1,819.9,0.21733333333333332,0.49533333333333335,29.401333333333334,585.70206497104,5020.075746203191
600,60,3,1,600.0,0,819.9,0.21733333333333332,0.49533333333333335,29.401333333333334,585.70206497104,5020.075746203191
600,60,3,1,600.0,500,819.9,0.21733333333333332,0.49533333333333335,29.401333333333334,585.70206497104,5020.075746203191
600,60,3,1,600.0,1000,819.9,0.21733333333333332,0.49533333333333335,29.401333333333334,585.70206497104,5020.075746203191
600,60,3,1,600.0,1500,819.9,0.21733333333333332,0.49533333333333335,29.401333333333334,585.70206497104,5020.075746203191
600,60,3,1,600.0,2500,819.9,0.21733333333333332,0.49533333333333335,29.401333333333334,585.70206497104,5020.075746203191
600,60,3,1,1000000000.0,-1,819.9,0.21733333333333332,0.49533333333333335,29.401333333333334,585.70206497104,5020.075746203191
600,60,3,1,1000000000.0,0,819.9,0.21733333333333332,0.49533333333333335,29.401333333333334,585.70206497104,5020.075746203191
600,60,3,1,1000000000.0,500,819.9,0.21733333333333332,0.49533333333333335,29.401333333333334,585.70206497104,5020.075746203191
600,60,3,1,1000000000.0,1000,819.9,0.21733333333333332,0.49533333333333335,29.401333333333334,585.70206497104,5020.075746203191
600,60,3,1,1000000000.0,1500,819.9,0.21733333333333332,0.49533333333333335,29.401333333333334,585.70206497104,5020.075746203191
600,60,3,1,1000000000.0,2500,819.9,0.21733333333333332,0.49533333333333335,29.401333333333334,585.70206497104,5020.075746203191
600,60,3,2,300.0,-1,837.9,0.20466666666666666,0.4806666666666667,19.44333333333333,603.70206497104,7824.425872074513
600,60,3,2,300.0,0,837.9,0.20466666666666666,0.4806666666666667,19.44333333333333,603.70206497104,7824.425872074513
600,60,3,2,300.0,500,837.9,0.20466666666666666,0.4806666666666667,19.44333333333333,603.70206497104,7824.425872074513
600,60,3,2,300.0,1000,837.9,0.20466666666666666,0.4806666666666667,19.44333333333333,603.70206497104,7824.425872074513
600,60,3,2,300.0,1500,837.9,0.20466666666666666,0.4806666666666667,19.44333333333333,603.70206497104,7824.425872074513
600,60,3,2,300.0,2500,837.9,0.20466666666666666,0.4806666666666667,19.44333333333333,603.70206497104,7824.425872074513
600,60,3,2,600.0,-1,851.4,0.20466666666666666,0.48733333333333334,19.702,617.20206497104,7894.372163876869
600,60,3,2,600.0,0,851.4,0.20466666666666666,0.48733333333333334,19.702,617.20206497104,7894.372163876869
600,60,3,2,600.0,500,851.4,0.20466666666666666,0.48733333333333334,19.702,617.20206497104,7894.372163876869
600,60,3,2,600.0,1000,851.4,0.20466666666666666,0.48733333333333334,19.702,617.20206497104,7894.372163876869
600,60,3,2,600.0,1500,851.4,0.20466666666666666,0.48733333333333334,19.702,617.20206497104,7894.372163876869
600,60,3,2,600.0,2500,851.4,0.20466666666666666,0.48733333333333334,19.702,617.20206497104,7894.372163876869
600,60,3,2,1000000000.0,-1,529.2,0.15533333333333332,0.3413333333333333,25.942666666666668,295.0020649710401,2865.569732205714
600,60,3,2,1000000000.0,0,529.2,0.15533333333333332,0.3413333333333333,25.942666666666668,295.0020649710401,2865.569732205714
600,60,3,2,1000000000.0,500,529.2,0.15533333333333332,0.3413333333333333,25.942666666666668,295.0020649710401,2865.569732205714
600,60,3,2,1000000000.0,1000,529.2,0.15533333333333332,0.3413333333333333,25.942666666666668,295.0020649710401,2865.569732205714
600,60,3,2,1000000000.0,1500,529.2,0.15533333333333332,0.3413333333333333,25.942666666666668,295.0020649710401,2865.569732205714
600,60,3,2,1000000000.0,2500,520.2,0.14866666666666667,0.334,26.277333333333335,286.0020649710401,2742.763866426151
600,90,1,1,300.0,-1,527.3976,0.20666666666666667,0.36,18.126666666666665,293.1996649710401,4076.111561568707
600,90,1,1,300.0,0,527.4,0.20666666666666667,0.36,18.126666666666665,293.20206497104004,4076.144926776504
600,90,1,1,300.0,500,529.2,0.20666666666666667,0.3606666666666667,18.178,295.0020649710401,4089.5874338597264
600,90,1,1,300.0,1000,536.4,0.20666666666666667,0.36333333333333334,18.313333333333333,302.20206497104004,4158.441228942597
600,90,1,1,300.0,1500,525.6,0.20666666666666667,0.35933333333333334,18.452666666666666,291.4020649710401,3979.5505819954897
600,90,1,1,300.0,2500,459.0,0.148,0.30333333333333334,22.301333333333332,224.80206497104004,2540.2122611219997
600,90,1,1,600.0,-1,527.3976,0.20666666666666667,0.36,18.126666666666665,293.1996649710401,4076.111561568707
600,90,1,1,600.0,0,527.4,0.20666666666666667,0.36,18.126666666666665,293.20206497104004,4076.144926776504
600,90,1,1,600.0,500,529.2,0.20666666666666667,0.3606666666666667,18.178,295.0020649710401,4089.5874338597264
600,90,1,1,600.0,1000,536.4,0.20666666666666667,0.36333333333333334,18.313333333333333,302.20206497104004,4158.441228942597
600,90,1,1,600.0,1500,525.6,0.20666666666666667,0.35933333333333334,18.452666666666666,291.4020649710401,3979.5505819954897
600,90,1,1,600.0,2500,459.0,0.148,0.30333333333333334,22.301333333333332,224.80206497104004,2540.2122611219997
600,90,1,1,1000000000.0,-1,527.3976,0.20666666666666667,0.36,18.126666666666665,293.1996649710401,4076.111561568707
600,90,1,1,1000000000.0,0,527.4,0.20666666666666667,0.36,18.126666666666665,293.20206497104004,4076.144926776504
600,90,1,1,1000000000.0,500,529.2,0.20666666666666667,0.3606666666666667,18.178,295.0020649710401,4089.5874338597264
600,90,1,1,1000000000.0,1000,536.4,0.20666666666666667,0.36333333333333334,18.313333333333333,302.20206497104004,4158.441228942597
600,90,1,1,1000000000.0,1500,525.6,0.20666666666666667,0.35933333333333334,18.452666666666666,291.4020649710401,3979.5505819954897
600,90,1,1,1000000000.0,2500,459.0,0.148,0.30333333333333334,22.301333333333332,224.80206497104004,2540.2122611219997
600,90,1,2,300.0,-1,530.1,0.22666666666666666,0.372,13.352,295.9020649710401,5584.7304053851185
600,90,1,2,300.0,0,530.1,0.22666666666666666,0.372,13.352,295.9020649710401,5584.7304053851185
600,90,1,2,300.0,500,530.1,0.22666666666666666,0.372,13.352,295.9020649710401,5584.7304053851185
600,90,1,2,300.0,1000,528.3,0.22666666666666666,0.37133333333333335,13.358666666666666,294.10206497104,5547.987851035688
600,90,1,2,300.0,1500,522.9,0.22666666666666666,0.36933333333333335,13.428,288.70206497104004,5418.001219295657
600,90,1,2,300.0,2500,475.2,0.16333333333333333,0.31733333333333336,16.427333333333333,241.00206497104003,3697.040727204786
600,90,1,2,600.0,-1,470.7,0.18866666666666668,0.30933333333333335,18.020666666666667,236.50206497104003,3307.231717622475
600,90,1,2,600.0,0,470.7,0.18866666666666668,0.30933333333333335,18.020666666666667,236.50206497104003,3307.231717622475
600,90,1,2,600.0,500,470.7,0.18866666666666668,0.30933333333333335,18.020666666666667,236.50206497104003,3307.231717622475
600,90,1,2,600.0,1000,470.7,0.18866666666666668,0.30933333333333335,18.020666666666667,236.50206497104003,3307.231717622475
600,90,1,2,600.0,1500,470.7,0.18866666666666668,0.30933333333333335,18.020666666666667,236.50206497104003,3307.231717622475
600,90,1,2,600.0,2500,440.1,0.16,0.286,18.952,205.90206497104006,2737.828217217291
600,90,1,2,1000000000.0,-1,470.7,0.18866666666666668,0.30933333333333335,18.020666666666667,236.50206497104003,3307.231717622475
600,90,1,2,1000000000.0,0,470.7,0.18866666666666668,0.30933333333333335,18.020666666666667,236.50206497104003,3307.231717622475
600,90,1,2,1000000000.0,500,470.7,0.18866666666666668,0.30933333333333335,18.020666666666667,236.50206497104003,3307.231717622475
600,90,1,2,1000000000.0,1000,470.7,0.18866666666666668,0.30933333333333335,18.020666666666667,236.50206497104003,3307.231717622475
600,90,1,2,1000000000.0,1500,470.7,0.18866666666666668,0.30933333333333335,18.020666666666667,236.50206497104003,3307.231717622475
600,90,1,2,1000000000.0,2500,440.1,0.16,0.286,18.952,205.90206497104006,2737.828217217291
600,90,2,1,300.0,-1,878.4,0.24466666666666667,0.53,23.468,644.20206497104,6917.4586830024755
600,90,2,1,300.0,0,878.4,0.24466666666666667,0.53,23.468,644.20206497104,6917.4586830024755
600,90,2,1,300.0,500,878.4,0.24466666666666667,0.53,23.468,644.20206497104,6917.4586830024755
600,90,2,1,300.0,1000,878.4,0.24466666666666667,0.53,23.468,644.20206497104,6917.4586830024755
600,90,2,1,300.0,1500,878.4,0.24466666666666667,0.53,23.468,644.20206497104,6917.4586830024755
600,90,2,1,300.0,2500,847.8,0.20466666666666666,0.502,26.481333333333332,613.60206497104,5839.121407760263
600,90,2,1,600.0,-1,878.4,0.24466666666666667,0.53,23.468,644.20206497104,6917.4586830024755
600,90,2,1,600.0,0,878.4,0.24466666666666667,0.53,23.468,644.20206497104,6917.4586830024755
600,90,2,1,600.0,500,878.4,0.24466666666666667,0.53,23.468,644.20206497104,6917.4586830024755
600,90,2,1,600.0,1000,878.4,0.24466666666666667,0.53,23.468,644.20206497104,6917.4586830024755
600,90,2,1,600.0,1500,878.4,0.24466666666666667,0.53,23.468,644.20206497104,6917.4586830024755
600,90,2,1,600.0,2500,847.8,0.20466666666666666,0.502,26.481333333333332,613.60206497104,5839.121407760263
600,90,2,1,1000000000.0,-1,878.4,0.24466666666666667,0.53,23.468,644.20206497104,6917.4586830024755
600,90,2,1,1000000000.0,0,878.4,0.24466666666666667,0.53,23.468,644.20206497104,6917.4586830024755
600,90,2,1,1000000000.0,500,878.4,0.24466666666666667,0.53,23.468,644.20206497104,6917.4586830024755
600,90,2,1,1000000000.0,1000,878.4,0.24466666666666667,0.53,23.468,644.20206497104,6917.4586830024755
600,90,2,1,1000000000.0,1500,878.4,0.24466666666666667,0.53,23.468,644.20206497104,6917.4586830024755
600,90,2,1,1000000000.0,2500,847.8,0.20466666666666666,0.502,26.481333333333332,613.60206497104,5839.121407760263
600,90,2,2,300.0,-1,824.4,0.23266666666666666,0.49733333333333335,15.362666666666666,590.20206497104,9681.32184338887
600,90,2,2,300.0,0,824.4,0.23266666666666666,0.49733333333333335,15.362666666666666,590.20206497104,9681.32184338887
600,90,2,2,300.0,500,824.4,0.23266666666666666,0.49733333333333335,15.362666666666666,590.20206497104,9681.32184338887
600,90,2,2,300.0,1000,824.4,0.23266666666666666,0.49733333333333335,15.362666666666666,590.20206497104,9681.32184338887
600,90,2,2,300.0,1500,824.4,0.23266666666666666,0.49733333333333335,15.362666666666666,590.20206497104,9681.32184338887
600,90,2,2,300.0,2500,844.2,0.196,0.4886666666666667,17.806,610.0020649710401,8633.074265567904
600,90,2,2,600.0,-1,819.0,0.232,0.494,15.23,584.8020649710401,9676.304686323183
600,90,2,2,600.0,0,819.0,0.232,0.494,15.23,584.8020649710401,9676.304686323183
600,90,2,2,600.0,500,819.0,0.232,0.494,15.23,584.8020649710401,9676.304686323183
600,90,2,2,600.0,1000,819.0,0.232,0.494,15.23,584.8020649710401,9676.304686323183
600,90,2,2,600.0,1500,819.0,0.232,0.494,15.23,584.8020649710401,9676.304686323183
600,90,2,2,600.0,2500,855.0,0.19666666666666666,0.494,17.866666666666667,620.8020649710401,8756.08882683034
600,90,2,2,1000000000.0,-1,461.7,0.148,0.29933333333333334,22.691333333333333,227.50206497104003,2526.538195465321
600,90,2,2,1000000000.0,0,461.7,0.148,0.29933333333333334,22.691333333333333,227.50206497104003,2526.538195465321
600,90,2,2,1000000000.0,500,461.7,0.148,0.29933333333333334,22.691333333333333,227.50206497104003,2526.538195465321
600,90,2,2,1000000000.0,1000,461.7,0.148,0.29933333333333334,22.691333333333333,227.50206497104003,2526.538195465321
600,90,2,2,1000000000.0,1500,461.7,0.148,0.29933333333333334,22.691333333333333,227.50206497104003,2526.538195465321
600,90,2,2,1000000000.0,2500,459.9,0.14333333333333334,0.29733333333333334,23.243333333333332,225.70206497104002,2447.02081052784
600,90,3,1,300.0,-1,644.4,0.186,0.4046666666666667,28.237333333333332,410.20206497104004,3660.78903954701
600,90,3,1,300.0,0,644.4,0.186,0.4046666666666667,28.237333333333332,410.20206497104004,3660.78903954701
600,90,3,1,300.0,500,644.4,0.186,0.4046666666666667,28.237333333333332,410.20206497104004,3660.78903954701
600,90,3,1,300.0,1000,644.4,0.186,0.4046666666666667,28.237333333333332,410.20206497104004,3660.78903954701
600,90,3,1,300.0,1500,644.4,0.186,0.4046666666666667,28.237333333333332,410.20206497104004,3660.78903954701
600,90,3,1,300.0,2500,644.4,0.186,0.4046666666666667,28.237333333333332,410.20206497104004,3660.78903954701
600,90,3,1,600.0,-1,644.4,0.186,0.4046666666666667,28.237333333333332,410.20206497104004,3660.78903954701
600,90,3,1,600.0,0,644.4,0.186,0.4046666666666667,28.237333333333332,410.20206497104004,3660.78903954701
600,90,3,1,600.0,500,644.4,0.186,0.4046666666666667,28.237333333333332,410.20206497104004,3660.78903954701
600,90,3,1,600.0,1000,644.4,0.186,0.4046666666666667,28.237333333333332,410.20206497104004,3660.78903954701
600,90,3,1,600.0,1500,644.4,0.186,0.4046666666666667,28.237333333333332,410.20206497104004,3660.78903954701
600,90,3,1,600.0,2500,644.4,0.186,0.4046666666666667,28.237333333333332,410.20206497104004,3660.78903954701
600,90,3,1,1000000000.0,-1,644.4,0.186,0.4046666666666667,28.237333333333332,410.20206497104004,3660.78903954701
600,90,3,1,1000000000.0,0,644.4,0.186,0.4046666666666667,28.237333333333332,410.20206497104004,3660.78903954701
600,90,3,1,1000000000.0,500,644.4,0.186,0.4046666666666667,28.237333333333332,410.20206497104004,3660.78903954701
600,90,3,1,1000000000.0,1000,644.4,0.186,0.4046666666666667,28.237333333333332,410.20206497104004,3660.78903954701
600,90,3,1,1000000000.0,1500,644.4,0.186,0.4046666666666667,28.237333333333332,410.20206497104004,3660.78903954701
600,90,3,1,1000000000.0,2500,644.4,0.186,0.4046666666666667,28.237333333333332,410.20206497104004,3660.78903954701
600,90,3,2,300.0,-1,741.6,0.18266666666666667,0.43466666666666665,21.138666666666666,507.4020649710401,6048.8829493835365
600,90,3,2,300.0,0,741.6,0.18266666666666667,0.43466666666666665,21.138666666666666,507.4020649710401,6048.8829493835365
600,90,3,2,300.0,500,741.6,0.18266666666666667,0.43466666666666665,21.138666666666666,507.4020649710401,6048.8829493835365
600,90,3,2,300.0,1000,741.6,0.18266666666666667,0.43466666666666665,21.138666666666666,507.4020649710401,6048.8829493835365
600,90,3,2,300.0,1500,741.6,0.18266666666666667,0.43466666666666665,21.138666666666666,507.4020649710401,6048.8829493835365
600,90,3,2,300.0,2500,739.8,0.18133333333333335,0.43333333333333335,21.145333333333333,505.60206497104,6025.524325589669
600,90,3,2,600.0,-1,738.9,0.18066666666666667,0.43266666666666664,21.048,504.70206497104004,6042.613092583719
600,90,3,2,600.0,0,738.9,0.18066666666666667,0.43266666666666664,21.048,504.70206497104004,6042.613092583719
600,90,3,2,600.0,500,738.9,0.18066666666666667,0.43266666666666664,21.048,504.70206497104004,6042.613092583719
600,90,3,2,600.0,1000,738.9,0.18066666666666667,0.43266666666666664,21.048,504.70206497104004,6042.613092583719
600,90,3,2,600.0,1500,738.9,0.18066666666666667,0.43266666666666664,21.048,504.70206497104004,6042.613092583719
600,90,3,2,600.0,2500,737.1,0.17933333333333334,0.43133333333333335,21.054666666666666,502.9020649710401,6019.15586596964
600,90,3,2,1000000000.0,-1,427.5,0.14333333333333334,0.2806666666666667,24.037333333333333,193.30206497104004,2026.5193188111032
600,90,3,2,1000000000.0,0,427.5,0.14333333333333334,0.2806666666666667,24.037333333333333,193.30206497104004,2026.5193188111032
600,90,3,2,1000000000.0,500,427.5,0.14333333333333334,0.2806666666666667,24.037333333333333,193.30206497104004,2026.5193188111032
600,90,3,2,1000000000.0,1000,427.5,0.14333333333333334,0.2806666666666667,24.037333333333333,193.30206497104004,2026.5193188111032
600,90,3,2,1000000000.0,1500,427.5,0.14333333333333334,0.2806666666666667,24.037333333333333,193.30206497104004,2026.5193188111032
600,90,3,2,1000000000.0,2500,423.0,0.14,0.2773333333333333,24.351333333333333,188.80206497104004,1953.8199293413952
