u,t,sym,meme,r0,f1,f3,f7,per
0.2,2017-12-07 00:00:00+00:00,BTCUSDT,False,0.22501392983789725,-0.043315862401349436,-0.10235676848002895,-0.015905777456473258,DEV
0.2,2017-12-12 00:00:00+00:00,ETHUSDT,False,0.21879300176921568,0.10320967741935494,0.08862903225806451,0.2870967741935484,DEV
0.2,2017-12-14 00:00:00+00:00,BCCUSDT,False,0.22925973197192095,-0.06813757300454248,-0.058195976638546365,0.5776664503569111,DEV
0.2,2017-12-19 00:00:00+00:00,BCCUSDT,False,0.2316641820757599,0.3907915064445924,-0.06875359442483564,0.10472603434860561,DEV
0.2,2017-12-20 00:00:00+00:00,BCCUSDT,False,0.3907915064445924,-0.17865849373787168,-0.26101750801347023,-0.2674958513737763,DEV
0.2,2018-01-05 00:00:00+00:00,BNBUSDT,False,0.6286558022530897,0.5177156365003897,0.20860531334783894,0.4908466972896015,DEV
0.2,2018-01-06 00:00:00+00:00,BNBUSDT,False,0.5177156365003897,-0.17725663716814155,-0.23013274336283185,-0.02546017699115055,DEV
0.2,2018-01-09 00:00:00+00:00,NEOUSDT,False,0.24998766784068827,-0.0352091554853986,-0.028326756116811347,0.08525651144435686,DEV
0.2,2018-01-10 00:00:00+00:00,BCCUSDT,False,0.22602273790188865,-0.15749940179565336,-0.07821391787434584,-0.4008628013996248,DEV
0.2,2018-01-11 00:00:00+00:00,BNBUSDT,False,0.21156571428571436,0.04704656076670566,-0.035293174357619916,-0.3331085160170547,DEV
0.2,2018-01-14 00:00:00+00:00,NEOUSDT,False,0.2162229837526919,0.11401176470588248,-0.16470588235294115,-0.22006470588235294,DEV
0.2,2018-02-03 00:00:00+00:00,LTCUSDT,False,0.21734507897934385,-0.08240798502807245,-0.12039925140361829,-0.03524641297567066,DEV
0.2,2018-02-06 00:00:00+00:00,BNBUSDT,False,0.22751244150635075,-0.023998547742950516,0.19327120900399364,0.09112912985598443,DEV
0.2,2018-02-06 00:00:00+00:00,NEOUSDT,False,0.26051913898899404,-0.011561419437093101,0.10611007012189222,0.04796491973651151,DEV
0.2,2018-02-09 00:00:00+00:00,BCCUSDT,False,0.33480532786885253,-0.05069966302570672,-0.016833362757816106,0.17201040859092553,DEV
0.2,2018-02-14 00:00:00+00:00,LTCUSDT,False,0.3296372862243939,0.0395288574793875,0.07420494699646651,-0.012485276796230904,DEV
0.2,2018-03-13 00:00:00+00:00,BNBUSDT,False,0.2719442369927805,-0.12667827925000974,-0.11295846870474024,-0.10343680275570521,DEV
0.2,2018-04-23 00:00:00+00:00,BCCUSDT,False,0.2067032082872371,-0.025552337493662258,-0.013522805409122207,-0.06445384396335574,DEV
0.2,2018-05-18 00:00:00+00:00,BNBUSDT,False,0.22286854585262206,-0.05326929302405481,-0.02885117234727108,-0.1402852744726254,DEV
0.2,2018-08-16 00:00:00+00:00,ONTUSDT,False,0.30816170861937464,0.5673469387755101,0.3755102040816325,0.2717201166180758,DEV
0.2,2018-08-17 00:00:00+00:00,EOSUSDT,False,0.23499225834992266,-0.09037504029802623,-0.15786080166206973,-0.09703764731167397,DEV
0.2,2018-08-17 00:00:00+00:00,ICXUSDT,False,0.3512623490669595,-0.15488762523693478,-0.18629840238288664,-0.08272407256972658,DEV
0.2,2018-08-17 00:00:00+00:00,IOTAUSDT,False,0.21188630490956073,-0.12171286425017758,-0.12224591329068935,-0.06805259417199716,DEV
0.2,2018-08-17 00:00:00+00:00,NEOUSDT,False,0.29219804951237816,-0.09380745041122396,-0.1733430091920659,-0.14281567489114666,DEV
0.2,2018-08-17 00:00:00+00:00,ONTUSDT,False,0.5673469387755101,-0.21279761904761907,-0.21391369047619058,-0.19456845238095244,DEV
0.2,2018-08-17 00:00:00+00:00,TRXUSDT,False,0.2081822889694458,-0.08658379768538371,-0.12773253321903133,-0.07758251178739817,DEV
0.2,2018-08-17 00:00:00+00:00,XRPUSDT,False,0.2600370599135269,-0.10596405228758166,-0.14218409586056657,-0.11094771241830081,DEV
0.2,2018-08-26 00:00:00+00:00,ICXUSDT,False,0.2226666666666668,0.00043620501635754927,-0.0484187568157034,0.012977099236641143,DEV
0.2,2018-09-20 00:00:00+00:00,XRPUSDT,False,0.3714923957281433,0.25850643700216436,0.27602133023940745,0.2116513085968006,DEV
0.2,2018-09-21 00:00:00+00:00,XRPUSDT,False,0.25850643700216436,0.017072954525307882,-0.12493573264781499,-0.042194840882900486,DEV
0.2,2018-11-28 00:00:00+00:00,TRXUSDT,False,0.21843853820598014,0.07293796864349011,0.027948193592365334,-0.04771642808452625,DEV
0.2,2018-12-17 00:00:00+00:00,EOSUSDT,False,0.2439075630252101,0.10407870292180377,0.13587231886505657,0.1571947306198278,DEV
0.2,2018-12-19 00:00:00+00:00,BCHABCUSDT,False,0.21043478260869564,0.5153256704980842,0.5514048531289912,0.3836206896551724,DEV
0.2,2018-12-20 00:00:00+00:00,BCHABCUSDT,False,0.5153256704980842,0.011219974715549919,0.028603034134007554,-0.22750737463126847,DEV
0.2,2018-12-20 00:00:00+00:00,BCHSVUSDT,False,0.29186771801812395,-0.027147672405939627,-0.037441924022957096,-0.23968297349002465,DEV
0.2,2019-01-14 00:00:00+00:00,TRXUSDT,False,0.21055155875299758,-0.0511093502377179,-0.012678288431061668,0.005150554675118935,DEV
0.2,2019-02-08 00:00:00+00:00,LTCUSDT,False,0.2933212996389891,0.03931146778320538,-0.002093510118632347,-0.009537101651546975,DEV
0.2,2019-02-18 00:00:00+00:00,EOSUSDT,False,0.2086781169598777,0.013232079162351917,0.09409158900011505,0.02004947646991151,DEV
0.2,2019-04-02 00:00:00+00:00,BCHABCUSDT,False,0.43562936854053413,0.24227040073238726,0.21297490741126057,0.22046523240813953,DEV
0.2,2019-04-02 00:00:00+00:00,LTCUSDT,False,0.27014061207609585,0.10953373274290179,0.14925761917165925,0.12229747330033858,DEV
0.2,2019-04-03 00:00:00+00:00,BCHABCUSDT,False,0.24227040073238726,-0.045188088299333296,0.023749706897129297,0.019997990151743528,DEV
0.2,2019-05-11 00:00:00+00:00,BCHABCUSDT,False,0.20868322938081452,0.02626268450184499,0.11395871771217725,0.029606780442804403,DEV
0.2,2019-05-14 00:00:00+00:00,XRPUSDT,False,0.2619951248110093,0.1181907090464549,-0.04982885085574562,-0.03364303178484107,DEV
0.2,2019-05-17 00:00:00+00:00,FETUSDT,False,0.28303303303303284,-0.05500292568753651,0.5851375073142187,-0.07255705090696307,DEV
0.2,2019-05-19 00:00:00+00:00,FETUSDT,False,0.27492260061919493,0.3156872268091304,-0.181155900922778,-0.15444390480815928,DEV
0.2,2019-05-20 00:00:00+00:00,FETUSDT,False,0.3156872268091304,-0.15651531930601692,-0.3396087117017349,-0.37356958287190845,DEV
0.2,2019-05-23 00:00:00+00:00,BTTUSDT,False,0.20065789473684204,0.012006446414182026,0.15213537469782445,0.17534246575342483,DEV
0.2,2019-05-30 00:00:00+00:00,ATOMUSDT,False,0.26192504258943794,-0.0242996962537968,0.07796152548093138,0.010293621329733327,DEV
0.2,2019-05-31 00:00:00+00:00,CELRUSDT,False,0.2037708484408991,0.08855421686746978,-0.049397590361445864,0.1506024096385541,DEV
0.2,2019-06-13 00:00:00+00:00,LINKUSDT,False,0.6317260656883299,-0.12232334047109217,-0.11022483940042838,-0.05481798715203423,DEV
0.2,2019-06-22 00:00:00+00:00,NEOUSDT,False,0.24775160599571744,-0.03558148847319942,0.12156055145586642,0.054516332017619185,DEV
0.2,2019-06-28 00:00:00+00:00,LINKUSDT,False,0.3283797368766117,0.22153856277967887,0.19666359568307445,0.19768360094761772,DEV
0.2,2019-06-29 00:00:00+00:00,LINKUSDT,False,0.22153856277967887,-0.08727272727272728,0.008835016835016862,-0.06793265993265984,DEV
0.2,2019-06-29 00:00:00+00:00,MATICUSDT,False,0.2562500000000001,-0.0808457711442786,-0.16998341625207292,-0.2669983416252072,DEV
0.2,2019-07-18 00:00:00+00:00,NEOUSDT,False,0.20865849126718694,-0.003766333589546478,-0.004304381245195943,-0.08262874711760182,DEV
0.2,2019-10-25 00:00:00+00:00,BCHABCUSDT,False,0.2215461534833263,-0.025021237161170773,0.018109506525600505,0.07444590315854493,DEV
0.2,2019-12-06 00:00:00+00:00,MATICUSDT,False,0.24728588661037398,-0.05971953578336553,-0.17190522243713724,-0.6124274661508704,DEV
0.2,2020-01-14 00:00:00+00:00,BCHUSDT,False,0.30365630028816315,-0.023998851729582382,0.05640878426869511,-0.013922778814410841,DEV
0.2,2020-01-14 00:00:00+00:00,EOSUSDT,False,0.22709265998904948,-0.011154855643044637,0.02461942257217853,-0.04128608923884525,DEV
0.2,2020-01-14 00:00:00+00:00,ETCUSDT,False,0.2417469868500468,0.17697915899550787,0.39615582885337663,0.31718094115914264,DEV
0.2,2020-01-15 00:00:00+00:00,DASHUSDT,False,0.49641577060931885,-0.04603293413173648,-0.2428892215568862,-0.19311377245508976,DEV
0.2,2020-03-05 00:00:00+00:00,ICXUSDT,False,0.2152287381025484,-0.03688731682668012,-0.26654876200101063,-0.5823648307225872,DEV
0.2,2020-03-06 00:00:00+00:00,HBARUSDT,False,0.2855582259121696,-0.04639700883752551,-0.23215499660095185,-0.4051665533650578,DEV
0.2,2020-03-06 00:00:00+00:00,WRXUSDT,False,0.2571428571428571,0.31999999999999984,0.3211038961038961,-0.3190909090909091,DEV
0.2,2020-03-07 00:00:00+00:00,WRXUSDT,False,0.31999999999999984,-0.20725108225108224,-0.05278433687524586,-0.5356650924832742,DEV
0.2,2020-03-09 00:00:00+00:00,WRXUSDT,False,0.2624883648774434,-0.053575817154091876,-0.5756205455885968,-0.6259031703121161,DEV
0.2,2020-03-13 00:00:00+00:00,ADAUSDT,False,0.22069557750107327,-0.09180443193809362,-0.14773126978543782,0.03622933520928595,DEV
0.2,2020-03-13 00:00:00+00:00,BCHUSDT,False,0.23124956636369953,-0.05781584582441124,-0.028457117096810647,0.21210413614335621,DEV
0.2,2020-03-13 00:00:00+00:00,ETCUSDT,False,0.30305639259578143,-0.052320779649818294,-0.07113065741658409,0.009022960026428661,DEV
0.2,2020-03-13 00:00:00+00:00,ETHUSDT,False,0.24336857725839378,-0.08593167238549904,-0.17186334477099807,-0.004326421005520054,DEV
0.2,2020-03-13 00:00:00+00:00,HBARUSDT,False,0.3586956521739131,0.14857142857142835,0.027428571428571358,0.08885714285714275,DEV
0.2,2020-03-13 00:00:00+00:00,LINKUSDT,False,0.22086197380964312,-0.12139892327292146,-0.2671680433978548,-0.07122015370073576,DEV
0.2,2020-03-13 00:00:00+00:00,LTCUSDT,False,0.25779416694602775,-0.08315565031982952,-0.11513859275053306,0.01492537313432818,DEV
0.2,2020-03-13 00:00:00+00:00,QTUMUSDT,False,0.2107795957651588,-0.06756756756756754,-0.16772655007949133,-0.020667726550079535,DEV
0.2,2020-03-13 00:00:00+00:00,TRXUSDT,False,0.22354340071343626,-0.05442176870748294,-0.06608357628765793,0.09523809523809512,DEV
0.2,2020-03-13 00:00:00+00:00,VETUSDT,False,0.2365308804204993,-0.0984767977329083,-0.19943322706340783,0.007793127878143791,DEV
0.2,2020-03-13 00:00:00+00:00,WRXUSDT,False,0.2145008107482047,-0.0998474156017547,-0.2741750905969864,-0.03204272363150862,DEV
0.2,2020-03-13 00:00:00+00:00,XLMUSDT,False,0.2482671707624451,-0.07193336698637065,-0.10802624936900551,0.008329126703684908,DEV
0.2,2020-03-13 00:00:00+00:00,XTZUSDT,False,0.33995451099317675,-0.10269322168156614,-0.2513296367545548,-0.048036664026253284,DEV
0.2,2020-03-17 00:00:00+00:00,WRXUSDT,False,0.29155170148469334,-0.0050864699898270915,0.03255340793489325,0.002136317395727394,DEV
0.2,2020-03-18 00:00:00+00:00,DASHUSDT,False,0.3745885450954576,0.04517879948914438,0.13936781609195403,0.08109833971902924,DEV
0.2,2020-03-19 00:00:00+00:00,MATICUSDT,False,0.22916666666666674,-0.03211418376449593,-0.10347903657448698,0.05887600356824274,DEV
0.2,2020-04-01 00:00:00+00:00,WRXUSDT,False,0.2298708010335917,0.14328935204639048,0.15648373812925476,0.292041348012438,DEV
0.2,2020-04-06 00:00:00+00:00,ETHUSDT,False,0.20072890384076247,-0.039049731496614504,-0.010506654214335609,-0.08773056268970347,DEV
0.2,2020-05-26 00:00:00+00:00,MATICUSDT,False,0.21106941838649163,-0.054996127033307474,0.0023237800154918276,-0.19403563129357093,DEV
0.2,2020-06-12 00:00:00+00:00,TFUELUSDT,False,0.6541533546325877,0.11453404152583291,-0.014196040560115808,-0.061419604056011545,DEV
0.2,2020-06-12 00:00:00+00:00,THETAUSDT,False,0.2353430150114908,-0.0043540215326155485,-0.07196010132995556,-0.11312539582013925,DEV
0.2,2020-07-04 00:00:00+00:00,VETUSDT,False,0.22517851902572628,0.14227544910179657,0.38323353293413187,0.47984031936127747,DEV
0.2,2020-07-05 00:00:00+00:00,IOSTUSDT,False,0.22585252633458297,-0.0665598601806,-0.03524614040198082,-0.0725313137197785,DEV
0.2,2020-07-07 00:00:00+00:00,VETUSDT,False,0.20145631067961167,0.15047619047619043,-0.011890331890331951,0.06493506493506507,DEV
0.2,2020-07-10 00:00:00+00:00,ERDUSDT,False,0.36397769939697344,0.013430096763429988,0.2547547547547546,0.1922756089422757,DEV
0.2,2020-07-12 00:00:00+00:00,LINKUSDT,False,0.20249532740925336,-0.023382643670325165,0.17927602426886624,0.10142477333151545,DEV
0.2,2020-07-21 00:00:00+00:00,ERDUSDT,False,0.22604077169413417,0.020067528827164338,0.025418869847741554,0.7711027584888832,DEV
0.2,2020-07-28 00:00:00+00:00,KAVAUSDT,False,0.25256762621148554,-0.03345266966932281,-0.06059206220887703,0.07475844015860189,DEV
0.2,2020-07-28 00:00:00+00:00,LENDUSDT,False,0.20272945537256226,0.09911045737900115,0.06594522658821855,0.12534145828955667,DEV
0.2,2020-08-05 00:00:00+00:00,BANDUSDT,False,0.4375,0.1186492623601687,0.5076828775615396,1.0552916428680885,DEV
0.2,2020-08-08 00:00:00+00:00,ALGOUSDT,False,0.22634860395771206,-0.06167108753315653,-0.03492484526967299,0.40185676392572933,DEV
0.2,2020-08-08 00:00:00+00:00,BANDUSDT,False,0.26701631974525264,0.3769242141444755,0.16392548925396855,0.35826880786502313,DEV
0.2,2020-08-08 00:00:00+00:00,KAVAUSDT,False,0.20054929497706553,0.09643640480177362,-0.03596613287422468,0.07367750760595282,DEV
0.2,2020-08-08 00:00:00+00:00,LINKUSDT,False,0.25479335742353326,0.08663734430692482,0.0226448348846906,0.5129472118842107,DEV
0.2,2020-08-09 00:00:00+00:00,BANDUSDT,False,0.3769242141444755,-0.04069950811641465,-0.009958461672672558,-0.027117347452338292,DEV
0.2,2020-08-12 00:00:00+00:00,ATOMUSDT,False,0.20056956875508547,0.03100643849542517,0.02965096577431381,-0.042697390715011774,DEV
0.2,2020-08-12 00:00:00+00:00,LINKUSDT,False,0.26670564972186095,0.044024660612870914,0.16794727731041403,-0.016837246029094644,DEV
0.2,2020-08-13 00:00:00+00:00,ALGOUSDT,False,0.2801452321803939,-0.0464248395282878,-0.06090461262875069,-0.06493506493506507,DEV
0.2,2020-08-13 00:00:00+00:00,WAVESUSDT,False,0.5326177093891091,0.049508521958697704,0.21264315988817728,0.15901644272101478,DEV
0.2,2020-08-16 00:00:00+00:00,ZRXUSDT,False,0.22600120748641572,-0.07764281024294162,-0.15741956664478007,0.18565331582403166,DEV
0.2,2020-08-19 00:00:00+00:00,OMGUSDT,False,0.2540843606119114,0.6803849000740194,0.8166987416728351,0.6283937823834198,DEV
0.2,2020-08-20 00:00:00+00:00,OMGUSDT,False,0.6803849000740194,0.09935688485595962,0.12941591049246748,-0.11549643203242022,DEV
0.2,2020-08-20 00:00:00+00:00,QTUMUSDT,False,0.2372572815533982,-0.07577243746934781,-0.02206964198136352,-0.17361451692005891,DEV
0.2,2020-08-22 00:00:00+00:00,FETUSDT,False,0.22784689904074473,-0.09723081683168322,-0.11873452970297027,-0.13753094059405946,DEV
0.2,2020-08-23 00:00:00+00:00,ATOMUSDT,False,0.33083762283575124,-0.03762306610407873,-0.09657759024847634,-0.10677449601500233,DEV
0.2,2020-08-24 00:00:00+00:00,LENDUSDT,False,0.2949992921857305,0.0534413729964609,0.05103644288974207,0.014579888771982574,DEV
0.2,2020-09-04 00:00:00+00:00,LENDUSDT,False,0.27499754203126536,-0.18735348550277597,-0.11088834053053664,0.06483652066625556,DEV
0.2,2020-09-04 00:00:00+00:00,OMGUSDT,False,0.2014866091693146,-0.11310507674144055,-0.1501534828807557,-0.09350649350649354,DEV
0.2,2020-09-06 00:00:00+00:00,KEYUSDT,False,0.37163299663299676,-0.023320036821110834,-0.07364222154034983,-0.19975452592819887,DEV
0.2,2020-09-06 00:00:00+00:00,LINKUSDT,False,0.20776856541875355,-0.026116022617225232,-0.035925150729436695,-0.057589578582362244,DEV
0.2,2020-09-09 00:00:00+00:00,LENDUSDT,False,0.23143613741067215,0.0055527734409521745,0.12339823843049458,-0.10610657790084543,DEV
0.2,2020-09-09 00:00:00+00:00,YFIUSDT,False,0.22122432267642345,0.23802519488160567,0.570705559230299,0.26856516156527843,DEV
0.2,2020-09-10 00:00:00+00:00,IOSTUSDT,False,0.23695999999999984,-0.028068813866252817,-0.04643642478333976,-0.16699004009830543,DEV
0.2,2020-09-10 00:00:00+00:00,YFIUSDT,False,0.23802519488160567,0.12046327101812748,0.08363104565535817,-0.02312742302779247,DEV
0.2,2020-09-14 00:00:00+00:00,KEYUSDT,False,0.2733895705521472,-0.07949412827461622,-0.039445950015055686,-0.23276121650105397,DEV
0.2,2020-09-18 00:00:00+00:00,FTMUSDT,False,0.45024047354790975,0.009438775510204112,-0.05102040816326536,0.0681122448979592,DEV
0.2,2020-09-22 00:00:00+00:00,OMGUSDT,False,0.26832614660917287,-0.14918868799258223,-0.027043733580590312,0.27028280018544293,DEV
0.2,2020-09-24 00:00:00+00:00,LINKUSDT,False,0.2924938452674033,0.08691995947315112,0.09360688956433649,-0.023363728470111367,DEV
0.2,2020-09-27 00:00:00+00:00,SXPUSDT,False,0.2566964285714286,-0.06749555950266439,0.03197158081705154,-0.19301361752516288,DEV
0.2,2020-09-28 00:00:00+00:00,OMGUSDT,False,0.2230579691350021,0.08949210051956324,0.06454776799915174,0.009277913264765125,DEV
0.2,2020-10-08 00:00:00+00:00,YFIIUSDT,False,0.345583038869258,0.25788340336134463,0.15175420168067233,0.13129726890756288,DEV
0.2,2020-10-09 00:00:00+00:00,YFIIUSDT,False,0.25788340336134463,-0.1607550699162008,-0.014659646515045921,-0.21353981820535206,DEV
0.2,2020-10-11 00:00:00+00:00,RENUSDT,False,0.3862957001609566,-0.15242992204345662,-0.08248228798900559,-0.18102978461246833,DEV
0.2,2020-10-26 00:00:00+00:00,CRVUSDT,False,0.20178041543026715,0.6222222222222222,0.10123456790123453,-0.10864197530864206,DEV
0.2,2020-10-27 00:00:00+00:00,CRVUSDT,False,0.6222222222222222,-0.2526636225266363,-0.4018264840182648,-0.4581430745814308,DEV
0.2,2020-11-06 00:00:00+00:00,BANDUSDT,False,0.344063236589605,-0.07698575781194639,0.06107843831928017,0.04938708991709784,DEV
0.2,2020-11-06 00:00:00+00:00,CRVUSDT,False,0.21666666666666679,-0.0182648401826484,0.0365296803652968,0.5616438356164384,DEV
0.2,2020-11-06 00:00:00+00:00,RSRUSDT,False,0.2529812606473594,-0.13256288239293001,-0.009517335146159156,0.2066621346023112,DEV
0.2,2020-11-06 00:00:00+00:00,YFIIUSDT,False,0.2219320450656017,0.10835138703488911,0.10773136092084812,0.21649853017338838,DEV
0.2,2020-11-06 00:00:00+00:00,YFIUSDT,False,0.3926463918193759,0.20811638681799827,0.26975528010103833,0.5126175106397197,DEV
0.2,2020-11-07 00:00:00+00:00,YFIUSDT,False,0.20811638681799827,0.057894600485804526,0.2796252766696987,0.20555166940097913,DEV
0.2,2020-11-10 00:00:00+00:00,CRVUSDT,False,0.24669603524229067,-0.03886925795052987,0.20848056537102488,0.5477031802120143,DEV
0.2,2020-11-10 00:00:00+00:00,RSRUSDT,False,0.2010981468771449,-0.02114285714285724,0.014285714285714013,0.19199999999999995,DEV
0.2,2020-11-10 00:00:00+00:00,YFIUSDT,False,0.2175072551052224,-0.08729828240108162,-0.021552476534793752,0.31024742639233094,DEV
0.2,2020-11-13 00:00:00+00:00,CRVUSDT,False,0.21492007104795752,0.03801169590643272,0.20614035087719285,0.252923976608187,DEV
0.2,2020-11-13 00:00:00+00:00,UNIUSDT,False,0.30532080319112964,-0.011627906976744207,-0.07717408193919306,-0.0016056352618222247,DEV
0.2,2020-11-16 00:00:00+00:00,TRBUSDT,False,0.23414976663500076,0.04344042838018747,-0.06572958500669335,0.08266398929049545,DEV
0.2,2020-11-17 00:00:00+00:00,RSRUSDT,False,0.2050837666088967,-0.04122722914669219,0.14381591562799612,0.13518696069031644,DEV
0.2,2020-11-17 00:00:00+00:00,YFIUSDT,False,0.28974273207195944,0.06263228408147437,0.10735077687402805,0.033632105336133256,DEV
0.2,2020-11-19 00:00:00+00:00,SUSHIUSDT,False,0.3746724890829696,0.001905972045743276,0.030495552731893305,-0.09974587039390093,DEV
0.2,2020-11-21 00:00:00+00:00,NEARUSDT,False,0.25150459296800753,-0.09128490677465628,0.04901712646587364,-0.1392052644900026,DEV
0.2,2020-11-21 00:00:00+00:00,OMGUSDT,False,0.20502068340227808,-0.0825534916529509,0.02624030096402552,-0.11145074065365623,DEV
0.2,2020-11-21 00:00:00+00:00,XLMUSDT,False,0.23122105500960122,-0.04348623853211009,0.7955045871559632,0.836788990825688,DEV
0.2,2020-11-21 00:00:00+00:00,XRPUSDT,False,0.40289775999515043,-0.0361255752652162,0.49947064797009677,0.3520947216040444,DEV
0.2,2020-11-22 00:00:00+00:00,ALPHAUSDT,False,0.24515473088898765,-0.02092370502679264,0.2475631538657821,0.1347792804286807,DEV
0.2,2020-11-23 00:00:00+00:00,XLMUSDT,False,0.2690389411087666,0.47917768876124245,0.2723905978384098,0.5338976645756177,DEV
0.2,2020-11-23 00:00:00+00:00,XRPUSDT,False,0.38035462105758655,0.12700758375420196,-0.12869647119959715,0.07856574481560297,DEV
0.2,2020-11-24 00:00:00+00:00,ALPHAUSDT,False,0.3946833463643471,-0.08636992188959891,-0.1803640168927756,-0.14799865455768568,DEV
0.2,2020-11-24 00:00:00+00:00,DASHUSDT,False,0.21498302207130737,-0.10864628820960698,-0.19371179039301312,-0.09248908296943237,DEV
0.2,2020-11-24 00:00:00+00:00,XLMUSDT,False,0.47917768876124245,-0.01410249859485968,0.057636298605078906,-0.06075315517858049,DEV
0.2,2020-11-27 00:00:00+00:00,XLMUSDT,False,0.22952182952182953,-0.03275520556548628,-0.019517851103918127,-0.21957582491907834,DEV
0.2,2020-12-01 00:00:00+00:00,SUSHIUSDT,False,0.2173637515842839,0.13066111400312352,-0.00937011972930768,0.10411244143675158,DEV
0.2,2020-12-02 00:00:00+00:00,CVCUSDT,False,0.48279506752789203,-0.04142246158720109,-0.08126089022651672,-0.2174085220972597,DEV
0.2,2020-12-05 00:00:00+00:00,SUSHIUSDT,False,0.21702574881765613,-0.05656303972366139,-0.08419689119170981,-0.07081174438687377,DEV
0.2,2020-12-07 00:00:00+00:00,HARDUSDT,False,0.33672272193977326,-0.13292373707821348,-0.22527794031597437,-0.14647942266432623,DEV
0.2,2020-12-15 00:00:00+00:00,EGLDUSDT,False,0.2621364274936262,-0.10619614956507406,0.0442346539143339,0.15529537865358445,DEV
0.2,2020-12-16 00:00:00+00:00,ALPHAUSDT,False,0.2311518731540494,-0.040193602693602726,-0.04191919191919191,-0.2690656565656566,DEV
0.2,2020-12-16 00:00:00+00:00,XRPUSDT,False,0.2168700446648002,0.01315396638625943,0.012732477476686377,-0.5425089127342336,DEV
0.2,2020-12-22 00:00:00+00:00,INJUSDT,False,0.342869037706673,-0.1275078612870365,-0.09668275831524853,-0.04424465211036799,DEV
0.2,2020-12-24 00:00:00+00:00,DOGEUSDT,True,0.2211541029132955,-0.003979794887494337,-0.005707288272725375,0.0213859307690627,DEV
0.2,2020-12-24 00:00:00+00:00,NBSUSDT,False,0.3653846153846154,0.06971830985915495,0.036619718309859106,-0.050000000000000044,DEV
0.2,2020-12-24 00:00:00+00:00,XLMUSDT,False,0.24934839270199816,-0.03666708812744979,-0.08161588064230607,-0.19319762296118337,DEV
0.2,2020-12-24 00:00:00+00:00,XRPUSDT,False,0.299923224568138,-0.061866934412190155,-0.16111980627823874,-0.35153412278888463,DEV
0.2,2020-12-26 00:00:00+00:00,THETAUSDT,False,0.3006836021232979,-0.19069792528136353,-0.14179041865928343,0.43842364532019706,DEV
0.2,2020-12-26 00:00:00+00:00,ZILUSDT,False,0.3687371582108423,-0.1181293302540416,-0.026443418013856856,-0.16639722863741335,DEV
0.2,2020-12-28 00:00:00+00:00,DOTUSDT,False,0.2823243610922166,0.1427662089660815,0.4037010093661908,0.44169622018126153,DEV
0.2,2020-12-28 00:00:00+00:00,VETUSDT,False,0.22185950912827956,0.04566594102513366,-0.07213536512962604,0.21699980209776348,DEV
0.2,2020-12-30 00:00:00+00:00,CRVUSDT,False,0.22784810126582267,0.07731958762886615,0.053264604810996596,0.25601374570446733,DEV
0.2,2020-12-31 00:00:00+00:00,DOTUSDT,False,0.2813563542790738,-0.10627409062935267,0.09380364719981849,0.04124423714356662,DEV
0.2,2020-12-31 00:00:00+00:00,UNIUSDT,False,0.2400616407021261,-0.08054212539562344,0.07095007863924985,0.21444243801091245,DEV
0.2,2021-01-01 00:00:00+00:00,DOGEUSDT,True,0.21603973538290266,0.8532394366197182,0.7185387323943662,0.7147887323943662,DEV
0.2,2021-01-01 00:00:00+00:00,RSRUSDT,False,0.2576135796305543,0.15244144501786416,0.22191345772131799,0.6891623660182611,DEV
0.2,2021-01-02 00:00:00+00:00,DOGEUSDT,True,0.8532394366197182,-0.06702196382428938,-0.05285757713938288,-0.033012235902112885,DEV
0.2,2021-01-02 00:00:00+00:00,THETAUSDT,False,0.2207444779550507,-0.11426773989267736,-0.11178465486784661,-0.1496558677465587,DEV
0.2,2021-01-03 00:00:00+00:00,ETHUSDT,False,0.26301384011567874,0.06455207098172311,0.23524962178517406,0.2820971501001759,DEV
0.2,2021-01-03 00:00:00+00:00,INJUSDT,False,0.22755868414488822,-0.01792567842145676,0.03594166252765607,-0.00494423623967144,DEV
0.2,2021-01-03 00:00:00+00:00,UNFIUSDT,False,0.2746618277796109,-0.0189433156464347,0.00134269444803925,0.006211983952374656,DEV
0.2,2021-01-03 00:00:00+00:00,VETUSDT,False,0.31175911569049153,-0.062075802638602906,0.17513154884465787,0.032181804316327334,DEV
0.2,2021-01-04 00:00:00+00:00,AAVEUSDT,False,0.2185267333489731,0.04741360450157961,0.0048306219425751085,-0.0005163164757462368,DEV
0.2,2021-01-04 00:00:00+00:00,SNXUSDT,False,0.2047384421847156,0.07735816219979119,0.007570483814827611,0.12173686042464316,DEV
0.2,2021-01-04 00:00:00+00:00,XLMUSDT,False,0.20149417710393314,0.17599366008290662,0.8973421116800782,0.653194342843209,DEV
0.2,2021-01-05 00:00:00+00:00,RSRUSDT,False,0.3320337881741391,-0.030000000000000027,0.0378048780487803,-0.10658536585365852,DEV
0.2,2021-01-06 00:00:00+00:00,ADAUSDT,False,0.2874038573029798,-0.10150409799153381,-0.007415413251673608,-0.062415563361253645,DEV
0.2,2021-01-06 00:00:00+00:00,XEMUSDT,False,0.24951171875,-0.0429855412270419,-0.06643220007815553,-0.10511918718249313,DEV
0.2,2021-01-06 00:00:00+00:00,XLMUSDT,False,0.7592659789539165,-0.08291590547468908,-0.08497849018798997,-0.10554540632918852,DEV
0.2,2021-01-07 00:00:00+00:00,ALPHAUSDT,False,0.4047562826783606,-0.07912304293535677,0.005330900009605122,0.04987513207184713,DEV
0.2,2021-01-07 00:00:00+00:00,SOLUSDT,False,0.2174204182548678,0.362978633382695,0.4592764967209646,0.3928918976094773,DEV
0.2,2021-01-07 00:00:00+00:00,XRPUSDT,False,0.3031705158123441,-0.011022260644045878,-0.027725462348328067,-0.08481274506776992,DEV
0.2,2021-01-07 00:00:00+00:00,YFIUSDT,False,0.3360596406156602,0.05598169275469278,0.027974511426147375,-0.004036245441716768,DEV
0.2,2021-01-08 00:00:00+00:00,BANDUSDT,False,0.22108827485311133,-0.04799172922886663,-0.22961052011169403,0.012869938259080005,DEV
0.2,2021-01-08 00:00:00+00:00,IOSTUSDT,False,0.3507004564772549,0.3219904440041952,0.2335392145437596,1.886143806083207,DEV
0.2,2021-01-08 00:00:00+00:00,SOLUSDT,False,0.362978633382695,0.05013348233687198,-0.03718879990066437,0.008102067424101245,DEV
0.2,2021-01-09 00:00:00+00:00,BCHUSDT,False,0.31557508352785013,0.04366128583356521,-0.21395769551906485,-0.14810047314222097,DEV
0.2,2021-01-09 00:00:00+00:00,IOSTUSDT,False,0.3219904440041952,-0.10763399153737663,-0.08533145275035259,0.8326868829337095,DEV
0.2,2021-01-10 00:00:00+00:00,DASHUSDT,False,0.3329088593778424,-0.14692234202265586,-0.0917155725399208,-0.1520403985259996,DEV
0.2,2021-01-10 00:00:00+00:00,XMRUSDT,False,0.25434192672998623,-0.1456541727513656,-0.07215100870788027,-0.1365136026826761,DEV
0.2,2021-01-10 00:00:00+00:00,ZECUSDT,False,0.22858235594084664,-0.08436235342949061,0.2177026045449828,0.06101483864273116,DEV
0.2,2021-01-12 00:00:00+00:00,CVCUSDT,False,0.411429515236601,-0.001287227195600038,-0.09191972383125624,-0.06494646305072849,DEV
0.2,2021-01-12 00:00:00+00:00,DNTUSDT,False,0.2072395689416966,-0.027695124742504018,-0.1123064011596856,-0.08636606393530177,DEV
0.2,2021-01-12 00:00:00+00:00,NANOUSDT,False,0.23204556711243196,0.01938262742282837,-0.0902225412778177,0.005025125628140614,DEV
0.2,2021-01-13 00:00:00+00:00,DOTUSDT,False,0.31786995353763947,0.3231554719324845,0.6430685201760955,0.6422921652083369,DEV
0.2,2021-01-13 00:00:00+00:00,IOSTUSDT,False,0.20865458750963772,0.1785344071445658,0.6577625388724981,0.4552268559126065,DEV
0.2,2021-01-13 00:00:00+00:00,KSMUSDT,False,0.22583059917816084,0.15227700903007868,0.33338530500877006,0.37724939907750277,DEV
0.2,2021-01-13 00:00:00+00:00,LRCUSDT,False,0.2752319109461965,-0.017482602264736524,-0.0589461943211852,0.1103271016706675,DEV
0.2,2021-01-13 00:00:00+00:00,RENUSDT,False,0.21276831463786183,0.093224016260534,0.22223490990476624,0.7340306483659533,DEV
0.2,2021-01-13 00:00:00+00:00,RUNEUSDT,False,0.40013939440873547,0.05381637168141595,0.08407079646017701,0.11482300884955743,DEV
0.2,2021-01-14 00:00:00+00:00,DOTUSDT,False,0.3231554719324845,-0.09103522541365539,0.17923336577688498,0.10320500873214744,DEV
0.2,2021-01-14 00:00:00+00:00,INJUSDT,False,0.22719493099304455,-0.04826409495548967,-0.08329376854599402,0.04505934718100901,DEV
0.2,2021-01-15 00:00:00+00:00,ATOMUSDT,False,0.21927115503397165,0.1436170212765957,0.20808004052684903,0.01127152988855129,DEV
0.2,2021-01-15 00:00:00+00:00,CRVUSDT,False,0.443467336683417,-0.035683202785030343,0.3968668407310705,0.7084421235857268,DEV
0.2,2021-01-15 00:00:00+00:00,IOSTUSDT,False,0.6756427604871449,-0.16054267947993217,-0.18089315997738842,-0.36319954776710006,DEV
0.2,2021-01-16 00:00:00+00:00,AVAXUSDT,False,0.36918139753075896,0.02589140405385404,-0.08607626478535435,0.0019311483324377932,DEV
0.2,2021-01-16 00:00:00+00:00,DOTUSDT,False,0.3661479810751904,-0.05036883036026962,-0.08871940542433554,0.04198606949686745,DEV
0.2,2021-01-16 00:00:00+00:00,GRTUSDT,False,0.38029086816148805,0.11324034334763922,0.15510729613733898,0.2542060085836908,DEV
0.2,2021-01-16 00:00:00+00:00,KSMUSDT,False,0.22599065789002126,-0.0006431244153413118,-0.01563961646398493,0.04900413158715322,DEV
0.2,2021-01-17 00:00:00+00:00,CRVUSDT,False,0.5261732851985559,-0.05085748078060326,-0.03666469544648143,0.3364872856298047,DEV
0.2,2021-01-18 00:00:00+00:00,UNFIUSDT,False,0.3638263428991908,-0.19816125690607744,-0.25151070441988954,-0.06873705110497241,DEV
0.2,2021-01-19 00:00:00+00:00,ENJUSDT,False,0.458893568767212,0.16955833772867335,0.059239930044693745,0.21966521389112503,DEV
0.2,2021-01-20 00:00:00+00:00,ALPHAUSDT,False,0.24178301968606353,-0.09657098959424537,0.2682449891752219,1.0512745303442976,DEV
0.2,2021-01-20 00:00:00+00:00,CRVUSDT,False,0.22389181066867025,0.031921424186617475,0.3136893799877225,0.1135666052793125,DEV
0.2,2021-01-20 00:00:00+00:00,HBARUSDT,False,0.40343287747697465,-0.0720890921746048,-0.04812568360346037,-0.20990354976633196,DEV
0.2,2021-01-22 00:00:00+00:00,ALPHAUSDT,False,0.23550965507645216,0.13622143804589948,0.17237280076081785,1.6459694171234078,DEV
0.2,2021-01-22 00:00:00+00:00,BATUSDT,False,0.2875307629204267,0.0496973558458107,-0.039821599235425276,-0.01465434851863645,DEV
0.2,2021-01-22 00:00:00+00:00,INJUSDT,False,0.2554055397021453,-0.04770036301129754,-0.047406335169122515,-0.09021000373189192,DEV
0.2,2021-01-22 00:00:00+00:00,MANAUSDT,False,0.3429321588887948,0.21834006054490396,0.028380423814329037,-0.029200302724520677,DEV
0.2,2021-01-22 00:00:00+00:00,MKRUSDT,False,0.221068673206972,-0.020685009218550654,-0.03068359098000284,-0.0035314139838320546,DEV
0.2,2021-01-22 00:00:00+00:00,RUNEUSDT,False,0.29535095715587967,0.11189303307529919,0.11550551254984742,0.7043865822190944,DEV
0.2,2021-01-22 00:00:00+00:00,SUSHIUSDT,False,0.2003925767309065,0.05188048164114756,0.13423517169614985,0.3340270551508844,DEV
0.2,2021-01-23 00:00:00+00:00,MANAUSDT,False,0.21834006054490396,-0.11098457397246086,-0.138420126307071,-0.1886841287918003,DEV
0.2,2021-01-23 00:00:00+00:00,QTUMUSDT,False,0.3495544893762852,-0.09979685119349935,-0.12798374809547997,-0.1627729812087354,DEV
0.2,2021-01-24 00:00:00+00:00,1INCHUSDT,False,0.2814231705422341,-0.04680111546700083,0.008568079860970634,0.9928464616255104,DEV
0.2,2021-01-24 00:00:00+00:00,AAVEUSDT,False,0.23955012564227585,-0.06336587229246493,0.08169031130744586,0.13313111523783938,DEV
0.2,2021-01-24 00:00:00+00:00,COMPUSDT,False,0.20813605179244377,-0.14896424858034074,-0.12373030472686553,0.3884267775733823,DEV
0.2,2021-01-24 00:00:00+00:00,UNIUSDT,False,0.28981675728903533,-0.060810754740467154,0.2239575121364259,0.47086013028505036,DEV
0.2,2021-01-25 00:00:00+00:00,EGLDUSDT,False,0.214105549088087,-0.03545745105872966,0.18020375549340795,0.3175988813423891,DEV
0.2,2021-01-25 00:00:00+00:00,ZENUSDT,False,0.27109495483586676,-0.0545974521189011,0.01484819597307685,0.0440534997255686,DEV
0.2,2021-01-26 00:00:00+00:00,ALPHAUSDT,False,0.5273938242483109,0.026282320055904806,0.4776380153738644,0.3417679944095038,DEV
0.2,2021-01-26 00:00:00+00:00,FTMUSDT,False,0.39686184462303853,0.11082191780821926,0.7550684931506852,0.732054794520548,DEV
0.2,2021-01-26 00:00:00+00:00,LUNAUSDT,False,0.45337472691732783,-0.1136075949367088,0.16582278481012658,0.864636075949367,DEV
0.2,2021-01-26 00:00:00+00:00,MATICUSDT,False,0.32294531011304595,-0.035796766743648845,-0.07251732101616626,-0.051963048498845144,DEV
0.2,2021-01-26 00:00:00+00:00,SKLUSDT,False,0.23328954485742992,-0.18157894736842095,-0.13627819548872178,-0.06472431077694218,DEV
0.2,2021-01-26 00:00:00+00:00,UNIUSDT,False,0.22892460482253463,0.06044461699955428,0.12461354845203698,0.3625886142386725,DEV
0.2,2021-01-27 00:00:00+00:00,SXPUSDT,False,0.22178988326848237,-0.0366242038216561,-0.004777070063694322,0.21815286624203822,DEV
0.2,2021-01-28 00:00:00+00:00,1INCHUSDT,False,0.2501302344219596,0.07417379876270158,0.5805686444209381,0.7855883578549221,DEV
0.2,2021-01-28 00:00:00+00:00,DOGEUSDT,True,3.9241136474016507,0.2577131193577995,0.01371251660981665,0.44955684324442813,DEV
0.2,2021-01-28 00:00:00+00:00,FTMUSDT,False,0.4714514736712294,0.07375125712370112,0.07274555816292327,0.12328193094200479,DEV
0.2,2021-01-28 00:00:00+00:00,LUNAUSDT,False,0.29667975722956097,0.014317180616740144,0.0035792951541848694,0.8354212555066078,DEV
0.2,2021-01-28 00:00:00+00:00,NANOUSDT,False,0.35445571892041117,-0.013607175619202883,-0.12508918560799098,-0.1205789420038732,DEV
0.2,2021-01-28 00:00:00+00:00,RUNEUSDT,False,0.2481538522291986,0.14939728541145958,0.14246844053532448,0.23257506248615822,DEV
0.2,2021-01-28 00:00:00+00:00,XLMUSDT,False,0.2324319777955337,0.0005459632839690531,0.047703541936804816,0.11134238722445922,DEV
0.2,2021-01-28 00:00:00+00:00,ZENUSDT,False,0.20394105551747765,0.0001992542199196201,0.00557911815775225,0.04076172041786452,DEV
0.2,2021-01-29 00:00:00+00:00,ALPHAUSDT,False,0.2833429429793948,0.018496098368408598,-0.020255379522345685,0.2401655237644833,DEV
0.2,2021-01-29 00:00:00+00:00,DOGEUSDT,True,0.2577131193577995,-0.3843928558202758,-0.2415506503521333,0.017718855310537407,DEV
0.2,2021-01-29 00:00:00+00:00,FUNUSDT,False,0.28776443074306357,0.15176655109790316,0.61053326729404,0.8036569258708932,DEV
0.2,2021-01-30 00:00:00+00:00,1INCHUSDT,False,0.3685058637462326,0.07520715220235497,0.018621892716964572,0.14696903619712165,DEV
0.2,2021-01-30 00:00:00+00:00,CRVUSDT,False,0.24535679374389074,-0.014521193092621676,-0.01883830455259028,0.2362637362637363,DEV
0.2,2021-01-30 00:00:00+00:00,UNIUSDT,False,0.24906340702476704,-0.09279543034968485,-0.02998833019408742,-0.01472545246089596,DEV
0.2,2021-01-30 00:00:00+00:00,XRPUSDT,False,0.568469423824673,0.1157261335977644,-0.16041647886054278,-0.001464887767060219,DEV
0.2,2021-01-31 00:00:00+00:00,DOGEUSDT,True,0.3092710544939843,-0.0589918918918918,0.007018918918918926,1.106072972972973,DEV
0.2,2021-01-31 00:00:00+00:00,GRTUSDT,False,0.24655599836821773,-0.014311247608498667,0.038415063941194205,0.15556087000302088,DEV
0.2,2021-01-31 00:00:00+00:00,SRMUSDT,False,0.2025561580170412,0.14669887278582916,0.14577294685990339,0.1601851851851852,DEV
0.2,2021-01-31 00:00:00+00:00,XVSUSDT,False,0.28723537517224096,0.12008563643441028,0.07395873880887494,1.5897236278707667,DEV
0.2,2021-02-01 00:00:00+00:00,BANDUSDT,False,0.2411603405974887,0.011475849731663601,0.03820214669051891,0.04016100178890869,DEV
0.2,2021-02-01 00:00:00+00:00,BELUSDT,False,0.3154872174879586,0.05712810402290747,0.021921795052340043,0.1550485847063794,DEV
0.2,2021-02-01 00:00:00+00:00,FUNUSDT,False,0.389551654143371,-0.04738595592004091,0.09695028190671451,-0.024090210148641655,DEV
0.2,2021-02-01 00:00:00+00:00,LUNAUSDT,False,0.23449931412894376,0.3094616367575975,0.48147119284404694,2.20812267348186,DEV
0.2,2021-02-01 00:00:00+00:00,SUSHIUSDT,False,0.28524849323189394,-0.02928966789667886,0.179428044280443,0.08325645756457556,DEV
0.2,2021-02-02 00:00:00+00:00,BZRXUSDT,False,0.24277089291388632,-0.0094604960368192,0.30452569675274854,0.366658143697264,DEV
0.2,2021-02-02 00:00:00+00:00,LUNAUSDT,False,0.3094616367575975,-0.10416224701938981,0.22151979294836432,1.7435614578471723,DEV
0.2,2021-02-02 00:00:00+00:00,SCUSDT,False,0.20071096527208088,0.013892051924390802,0.06946025962195401,0.14882714643589168,DEV
0.2,2021-02-03 00:00:00+00:00,AAVEUSDT,False,0.26902804410750303,0.21348039916878836,0.23260658675315127,0.3615041911682473,DEV
0.2,2021-02-03 00:00:00+00:00,DOTUSDT,False,0.21408901697086136,-0.056876924109754534,-0.023036568874737484,0.13082987273302704,DEV
0.2,2021-02-03 00:00:00+00:00,FUNUSDT,False,0.27330445777622314,-0.09564758081555036,-0.16000422564969352,-0.2361081766321571,DEV
0.2,2021-02-04 00:00:00+00:00,AAVEUSDT,False,0.21348039916878836,0.08314508489397365,0.013556030879888104,0.10846324976102806,DEV
0.2,2021-02-04 00:00:00+00:00,DOGEUSDT,True,0.4199819107507574,-0.11697263746004871,0.47283119219930403,0.3151672428229326,DEV
0.2,2021-02-04 00:00:00+00:00,LUNAUSDT,False,0.26290612863502894,0.07969248078004876,0.15582223888993063,1.0588411775735982,DEV
0.2,2021-02-04 00:00:00+00:00,UMAUSDT,False,0.21516900247320692,-0.05114742493068258,-0.16199634239867855,-0.14128959943366182,DEV
0.2,2021-02-04 00:00:00+00:00,XVSUSDT,False,0.47517216382747396,0.1780098280098279,0.6346437346437344,1.2324324324324323,DEV
0.2,2021-02-04 00:00:00+00:00,ZRXUSDT,False,0.35165839644815855,0.5398512221041447,0.36209061926383934,0.7021543812192061,DEV
0.2,2021-02-05 00:00:00+00:00,ADAUSDT,False,0.22722720444302835,0.17669751655322052,0.25448374353172465,0.7142274236326203,DEV
0.2,2021-02-05 00:00:00+00:00,ATOMUSDT,False,0.33194930069930084,-0.008449548810500418,0.16234618539786716,0.72895816242822,DEV
0.2,2021-02-05 00:00:00+00:00,BNBUSDT,False,0.20980380593961057,0.07585025221379449,0.17927341747845293,1.0179156727055192,DEV
0.2,2021-02-05 00:00:00+00:00,CVCUSDT,False,0.40629778558078944,-0.005638113648262277,-0.039829245700938376,0.39563448914663124,DEV
0.2,2021-02-05 00:00:00+00:00,DNTUSDT,False,0.23047443856825311,0.26230222997383845,0.18979693534321673,0.8680702628628381,DEV
0.2,2021-02-05 00:00:00+00:00,FTMUSDT,False,0.22517346862642684,-0.13994275622678276,-0.11393946775470443,0.12368308872784839,DEV
0.2,2021-02-05 00:00:00+00:00,HARDUSDT,False,0.30907718844329457,0.03895248291196585,0.22605616404512885,0.5207938730132589,DEV
0.2,2021-02-05 00:00:00+00:00,KNCUSDT,False,0.2776005105296744,-0.1093906093906093,-0.08341658341658331,0.19330669330669337,DEV
0.2,2021-02-05 00:00:00+00:00,LRCUSDT,False,0.35017602371687984,-0.09908191411985878,-0.08958542041197204,0.12268591582154276,DEV
0.2,2021-02-05 00:00:00+00:00,MANAUSDT,False,0.26615152219381844,0.07828201716147376,0.08658743633276744,0.38558252649933467,DEV
0.2,2021-02-05 00:00:00+00:00,MFTUSDT,False,0.3949445817717885,-0.05241797187607167,-0.02915285240653942,0.1427918143363438,DEV
0.2,2021-02-05 00:00:00+00:00,MKRUSDT,False,0.2818720790365752,-0.06377123358801262,-0.07502781692752758,0.015032267635932017,DEV
0.2,2021-02-05 00:00:00+00:00,SANDUSDT,False,0.43694164749469655,-0.09550246397604634,-0.018845431421066094,0.1366380415722317,DEV
0.2,2021-02-05 00:00:00+00:00,SNXUSDT,False,0.20189370800244366,-0.1075815332486234,-0.09652689538331216,0.14917407878017808,DEV
0.2,2021-02-05 00:00:00+00:00,WAVESUSDT,False,0.22071344787138614,-0.0739890796866346,-0.051820617461196816,0.22665867803163042,DEV
0.2,2021-02-05 00:00:00+00:00,YFIIUSDT,False,0.2290029353280938,-0.07644961499116132,-0.08967131930266103,0.3701820391985653,DEV
0.2,2021-02-05 00:00:00+00:00,ZRXUSDT,False,0.5398512221041447,-0.0897170462387854,-0.0784239914674697,0.1316268272790011,DEV
0.2,2021-02-06 00:00:00+00:00,DNTUSDT,False,0.26230222997383845,-0.07490747594374536,-0.04806316308906977,0.7050086355785838,DEV
0.2,2021-02-06 00:00:00+00:00,DOGEUSDT,True,0.23409169229847215,0.3515477167124266,0.21430937683740936,0.14889369518123896,DEV
0.2,2021-02-06 00:00:00+00:00,UNFIUSDT,False,0.2496605136316834,0.1307026814021386,0.6324252031500954,0.6638724199490109,DEV
0.2,2021-02-06 00:00:00+00:00,XVSUSDT,False,0.3163520700803004,0.0541493365022776,0.7148742325212913,0.5091701326995444,DEV
0.2,2021-02-07 00:00:00+00:00,AVAXUSDT,False,0.3081074518806284,0.2679181607255854,1.3069436827673488,0.6524404134148916,DEV
0.2,2021-02-07 00:00:00+00:00,DOGEUSDT,True,0.3515477167124266,0.009949348537755087,-0.06893834689129374,-0.1956555495240918,DEV
0.2,2021-02-07 00:00:00+00:00,EGLDUSDT,False,0.4579751272848678,0.16855106480421345,0.2610058392489123,0.10301694527135319,DEV
0.2,2021-02-07 00:00:00+00:00,MATICUSDT,False,0.2659047619047621,0.07102016250376142,0.743153776707794,0.5049653927174238,DEV
0.2,2021-02-07 00:00:00+00:00,NEARUSDT,False,0.26610560810307593,0.018441176470588294,-0.04585294117647054,0.2676176470588236,DEV
0.2,2021-02-08 00:00:00+00:00,AVAXUSDT,False,0.2679181607255854,0.06199760447165281,0.5626597018898056,0.27458743678466857,DEV
0.2,2021-02-08 00:00:00+00:00,AXSUSDT,False,0.3636109362981612,-0.06012145897279997,0.09830997677774778,0.49901470254272695,DEV
0.2,2021-02-08 00:00:00+00:00,BTTUSDT,False,1.1471531676022453,0.1333333333333333,0.11830065359477127,0.0365079365079366,DEV
0.2,2021-02-08 00:00:00+00:00,COTIUSDT,False,0.24687010954616584,0.2923334379249032,0.45601924484886514,0.3779939336889446,DEV
0.2,2021-02-08 00:00:00+00:00,CTKUSDT,False,0.36862153797317676,0.039081526150991586,0.2233561405543314,0.09399280992693959,DEV
0.2,2021-02-08 00:00:00+00:00,IOTAUSDT,False,0.294791480221944,0.03981199889411102,0.6252419131877245,0.7582250483826374,DEV
0.2,2021-02-08 00:00:00+00:00,LUNAUSDT,False,0.8735561323815706,0.1198413660530282,-0.0492527232738168,-0.05533138215887645,DEV
0.2,2021-02-08 00:00:00+00:00,RUNEUSDT,False,0.21229551451187323,-0.0031776433204195875,-0.019327036085839855,-0.15498628825142557,DEV
0.2,2021-02-08 00:00:00+00:00,SKLUSDT,False,0.31535580524344553,-0.027619589977220915,0.6390945330296127,0.4608010630220196,DEV
0.2,2021-02-08 00:00:00+00:00,THETAUSDT,False,0.2701369456364675,-0.0010207974593484659,0.005543926942522592,0.16481926385723966,DEV
0.2,2021-02-08 00:00:00+00:00,XVSUSDT,False,0.3527731850293101,0.2025555555555556,0.00955555555555554,0.25649999999999995,DEV
0.2,2021-02-09 00:00:00+00:00,BELUSDT,False,0.2053564171340323,-0.06975960079571131,0.17131393506186998,0.04244917225799938,DEV
0.2,2021-02-09 00:00:00+00:00,BNBUSDT,False,0.34456908666865416,0.20144224006468758,0.2726394520940987,0.21273180688031035,DEV
0.2,2021-02-09 00:00:00+00:00,COTIUSDT,False,0.2923334379249032,-0.06442214308837824,0.17521851731952087,0.0026707672385886116,DEV
0.2,2021-02-09 00:00:00+00:00,DIAUSDT,False,0.21619135234590625,0.036308623298033416,0.19175491679273815,0.15015128593040838,DEV
0.2,2021-02-09 00:00:00+00:00,FILUSDT,False,0.5953913118926426,-0.09899886244669132,-0.03353289613821053,-0.051117385530865755,DEV
0.2,2021-02-09 00:00:00+00:00,MATICUSDT,False,0.38578252318066886,0.17447283049472828,0.22374290348742898,0.10492700729927007,DEV
0.2,2021-02-09 00:00:00+00:00,NANOUSDT,False,0.21153342070773262,-0.021635655560363398,0.4686499350930333,0.37873215058416254,DEV
0.2,2021-02-09 00:00:00+00:00,PNTUSDT,False,0.3300959232613909,0.6084918417019742,0.7009826016406744,0.7295591814657894,DEV
0.2,2021-02-09 00:00:00+00:00,RSRUSDT,False,0.20014312977099236,0.07195388590737428,0.37149672033392966,0.10514808189226788,DEV
0.2,2021-02-09 00:00:00+00:00,RVNUSDT,False,0.2070054550674707,0.17721217887725982,0.18981921979067562,0.8732159847764034,DEV
0.2,2021-02-09 00:00:00+00:00,UNFIUSDT,False,0.4497664232802552,0.016462455652682673,-0.049720200431586314,-0.20899381880692003,DEV
0.2,2021-02-09 00:00:00+00:00,XVSUSDT,False,0.2025555555555556,-0.12189319042779267,-0.11671902430010173,0.09352767254920069,DEV
0.2,2021-02-09 00:00:00+00:00,ZENUSDT,False,0.24381864098196981,0.0016054017045588065,0.11214203083315621,0.3727601104894114,DEV
0.2,2021-02-09 00:00:00+00:00,ZILUSDT,False,0.31798795785248357,-0.009327115256495655,0.12287046730750939,0.2546873512896166,DEV
0.2,2021-02-10 00:00:00+00:00,ADAUSDT,False,0.33167994104475507,-0.012451312176744778,-0.02838260647468238,-0.05065662047974806,DEV
0.2,2021-02-10 00:00:00+00:00,AVAXUSDT,False,0.7132558882685767,-0.14114738480162237,-0.19388656349602562,-0.31791991017827204,DEV
0.2,2021-02-10 00:00:00+00:00,BNBUSDT,False,0.20144224006468758,-0.03788523165267266,0.03394946619824135,0.28186314608466523,DEV
0.2,2021-02-10 00:00:00+00:00,CELOUSDT,False,0.2974774045595574,-0.0041795762200828035,-0.042357197812480374,-0.002973529350606019,DEV
0.2,2021-02-10 00:00:00+00:00,CTKUSDT,False,0.23610491071428563,-0.04753735722992203,0.07029028034851703,-0.009796397453839534,DEV
0.2,2021-02-10 00:00:00+00:00,GRTUSDT,False,0.20323349766796817,0.6082120188208546,0.8417437711181988,0.720900306312565,DEV
0.2,2021-02-10 00:00:00+00:00,ICXUSDT,False,0.3047639302424501,0.08378158109209455,0.31670741646291756,0.6029339853300733,DEV
0.2,2021-02-10 00:00:00+00:00,PNTUSDT,False,0.6084918417019742,0.1096788656616039,-0.02690130583422068,0.07381045788264307,DEV
0.2,2021-02-10 00:00:00+00:00,QTUMUSDT,False,0.49830508474576285,-0.013707745541655658,0.02714932126696823,-0.11644929464998666,DEV
0.2,2021-02-10 00:00:00+00:00,ROSEUSDT,False,0.22213219122583627,0.021879143777230547,0.08988444781208571,0.26236029551051354,DEV
0.2,2021-02-10 00:00:00+00:00,SRMUSDT,False,0.2581202179284885,-0.02543836815826217,-0.025935303722284142,-0.09280863248065507,DEV
0.2,2021-02-10 00:00:00+00:00,TRBUSDT,False,0.2428174013142117,0.0904038747274376,0.08932327345001245,-0.04200837465990004,DEV
0.2,2021-02-11 00:00:00+00:00,ALGOUSDT,False,0.20054305663304905,0.3875605815831986,0.1878836833602584,0.12802907915993544,DEV
0.2,2021-02-11 00:00:00+00:00,BANDUSDT,False,0.22381721211750216,0.1677285431138511,0.05386495932773516,0.10668575751702214,DEV
0.2,2021-02-11 00:00:00+00:00,BATUSDT,False,0.33183149357963493,0.06190798376184037,-0.055142083897158245,0.07510148849797038,DEV
0.2,2021-02-11 00:00:00+00:00,BTSUSDT,False,0.2918565484446205,-0.042638036809815816,0.07453987730061362,-0.03205521472392625,DEV
0.2,2021-02-11 00:00:00+00:00,COTIUSDT,False,0.2042387543252595,0.043100351986207874,-0.09201925149055379,-0.02866173407082817,DEV
0.2,2021-02-11 00:00:00+00:00,CTSIUSDT,False,0.2199359147589084,-0.09712025316455697,-0.3270569620253164,-0.2987025316455696,DEV
0.2,2021-02-11 00:00:00+00:00,ENJUSDT,False,0.4083108346050006,0.017487122209812078,-0.08088419157484128,-0.021254605164452323,DEV
0.2,2021-02-11 00:00:00+00:00,FTMUSDT,False,0.27974044700793077,0.03954929577464794,-0.04946478873239424,0.18580281690140854,DEV
0.2,2021-02-11 00:00:00+00:00,GRTUSDT,False,0.6082120188208546,0.09689802610586673,0.060738602614513804,0.12646962088076608,DEV
0.2,2021-02-11 00:00:00+00:00,HBARUSDT,False,0.22877315239317797,0.027535258562793707,-0.05238415043653455,0.11521528244160884,DEV
0.2,2021-02-11 00:00:00+00:00,IOTAUSDT,False,0.3280243985089799,0.051543761163562074,0.012418133877689863,0.27209322105979417,DEV
0.2,2021-02-11 00:00:00+00:00,NANOUSDT,False,0.31961521450685537,0.1375496455683476,-0.01955658337941779,0.25182243225579404,DEV
0.2,2021-02-11 00:00:00+00:00,OCEANUSDT,False,0.23237714031576617,0.03130638758570914,-0.032569469505593696,0.060086611331649165,DEV
0.2,2021-02-11 00:00:00+00:00,SKLUSDT,False,0.5510598167774385,-0.04455832537131932,-0.14768812067517878,-0.12244129824256633,DEV
0.2,2021-02-11 00:00:00+00:00,TRXUSDT,False,0.22726290775545488,-0.029220207709910295,-0.028516106319309897,-0.03326879070586164,DEV
0.2,2021-02-11 00:00:00+00:00,WINUSDT,False,0.22229121390872408,0.021844043688087345,0.05033443400220139,0.009271018542037046,DEV
0.2,2021-02-11 00:00:00+00:00,YFIIUSDT,False,0.2558144335856054,0.05247290050861886,0.004586447130922489,0.0819773998296931,DEV
0.2,2021-02-11 00:00:00+00:00,YFIUSDT,False,0.2057094002893296,0.07245776352410216,-0.010541123797916496,0.010206202478189486,DEV
0.2,2021-02-11 00:00:00+00:00,ZECUSDT,False,0.22274718666781212,0.0031614444288323718,0.09828579457636644,0.18905437684417592,DEV
0.2,2021-02-12 00:00:00+00:00,ALGOUSDT,False,0.3875605815831986,-0.02689486552567233,-0.2107346606124113,-0.20188613342647577,DEV
0.2,2021-02-12 00:00:00+00:00,AXSUSDT,False,0.20209168461984817,0.0918957309156283,0.1353855714491805,0.09728341082862624,DEV
0.2,2021-02-12 00:00:00+00:00,CVCUSDT,False,0.28910463861920177,0.42484489972586914,0.33475688933775793,0.4726590679555618,DEV
0.2,2021-02-12 00:00:00+00:00,NEARUSDT,False,0.3673960295609333,0.021448857615192107,-0.14681446314272395,-0.07098045864948499,DEV
0.2,2021-02-12 00:00:00+00:00,OXTUSDT,False,0.314676151254212,-0.037305994589206914,-0.12074611989178408,-0.07133703545493386,DEV
0.2,2021-02-12 00:00:00+00:00,VETUSDT,False,0.27729216598524364,0.0074872606192166735,-0.06120421641310536,-0.013925936827388297,DEV
0.2,2021-02-12 00:00:00+00:00,XTZUSDT,False,0.2195851469980301,0.07040456204015721,-0.09465036986820319,-0.008892788068510349,DEV
0.2,2021-02-13 00:00:00+00:00,BTSUSDT,False,0.21403396347324577,-0.07548165742940094,-0.2230139878595936,-0.2359461599366588,DEV
0.2,2021-02-13 00:00:00+00:00,CVCUSDT,False,0.42484489972586914,-0.08447081696301995,-0.09378670663048327,-0.08916926566487104,DEV
0.2,2021-02-13 00:00:00+00:00,DASHUSDT,False,0.5764019792648447,-0.13796195956802815,-0.06782257763162813,0.11087029632674406,DEV
0.2,2021-02-13 00:00:00+00:00,ETCUSDT,False,0.3950194944032195,-0.03400109390120032,-0.13505472511224503,-0.09342637503981921,DEV
0.2,2021-02-13 00:00:00+00:00,OMGUSDT,False,0.2526531675239274,-0.13065568232022673,-0.19805608253852758,-0.1911042386756412,DEV
0.2,2021-02-13 00:00:00+00:00,ONEUSDT,False,0.3093821510297483,0.22544564837469427,-0.009087731562390733,0.03809856693463831,DEV
0.2,2021-02-13 00:00:00+00:00,SANDUSDT,False,0.2604074564158225,0.28908842852857797,0.11964315087712518,0.43009608220689133,DEV
0.2,2021-02-13 00:00:00+00:00,XMRUSDT,False,0.2011064593301437,-0.04502261504626759,-0.08095771608780455,0.05859164280675544,DEV
0.2,2021-02-13 00:00:00+00:00,ZECUSDT,False,0.2333496743469432,-0.11231616603259331,-0.11600704105388682,-0.0682527965476123,DEV
0.2,2021-02-13 00:00:00+00:00,ZILUSDT,False,0.2506357009662654,-0.09691629955947123,-0.10654015587936283,-0.08464927143341228,DEV
0.2,2021-02-14 00:00:00+00:00,ONEUSDT,False,0.22544564837469427,-0.12806617227609818,-0.22903593839132919,-0.16200798630918423,DEV
0.2,2021-02-14 00:00:00+00:00,RVNUSDT,False,0.25682682336674745,0.02709020902090198,0.017601760176017445,1.8538228822882283,DEV
0.2,2021-02-14 00:00:00+00:00,SANDUSDT,False,0.28908842852857797,-0.0973721345683276,-0.09144986714305026,0.20499376998483765,DEV
0.2,2021-02-14 00:00:00+00:00,XVSUSDT,False,0.308249560355915,-0.09247035692073113,0.20177356900668086,0.6698232449892663,DEV
0.2,2021-02-15 00:00:00+00:00,COCOSUSDT,False,0.28475260854930995,-0.05161121299449822,-0.0732687101563183,-0.22242598899659427,DEV
0.2,2021-02-15 00:00:00+00:00,DGBUSDT,False,0.3248450326687886,-0.08320687910976232,-0.040465351542741446,-0.11368234699038948,DEV
0.2,2021-02-15 00:00:00+00:00,ICXUSDT,False,0.2085039585039583,-0.025809002089569044,0.2770655672897724,0.023832382673518948,DEV
0.2,2021-02-15 00:00:00+00:00,KSMUSDT,False,0.20533527881748403,0.10191213545477029,0.17257640910119632,0.42641725921988227,DEV
0.2,2021-02-16 00:00:00+00:00,BTCSTUSDT,False,0.3497786886412477,0.12347703224922091,0.21397202642358915,0.8775404762783439,DEV
0.2,2021-02-16 00:00:00+00:00,MFTUSDT,False,0.32657777777777763,-0.10658447243813096,-0.06861431251675154,-0.42196015366747075,DEV
0.2,2021-02-16 00:00:00+00:00,ROSEUSDT,False,0.28652252980400084,0.04664677242029214,0.019004240615674295,-0.23857389665462547,DEV
0.2,2021-02-17 00:00:00+00:00,BNBUSDT,False,0.26993002158499957,0.18313631532881325,0.5303348045919722,0.5394418088678365,DEV
0.2,2021-02-17 00:00:00+00:00,BNTUSDT,False,0.21555233749556013,0.34191242582269377,0.2395252652400648,0.2705898219744649,DEV
0.2,2021-02-17 00:00:00+00:00,HARDUSDT,False,0.23251142817564774,0.15094127563922433,0.06855858387187408,-0.11379601011520102,DEV
0.2,2021-02-17 00:00:00+00:00,IOSTUSDT,False,0.30240393960992673,0.06236318407960195,0.03233830845771157,0.30955223880597016,DEV
0.2,2021-02-17 00:00:00+00:00,XMRUSDT,False,0.2292306303052194,-0.04154269972451796,-0.06295684113865929,-0.24969696969696964,DEV
0.2,2021-02-17 00:00:00+00:00,XVSUSDT,False,0.2652880167296845,0.341068447412354,0.20368948247078467,0.1652754590984975,DEV
0.2,2021-02-17 00:00:00+00:00,ZENUSDT,False,0.2651429161077288,0.10126014436605346,-0.04661310713266187,-0.2895341408044805,DEV
0.2,2021-02-18 00:00:00+00:00,BNTUSDT,False,0.34191242582269377,-0.0854118159433156,0.10100671703043607,-0.17094088678202313,DEV
0.2,2021-02-18 00:00:00+00:00,FETUSDT,False,0.3024073917097567,-0.04884636662436148,-0.03644765530931693,-0.26600279865924703,DEV
0.2,2021-02-18 00:00:00+00:00,FTMUSDT,False,0.2722437137330753,0.1447168377042949,0.6496104142911441,1.8177974154313947,DEV
0.2,2021-02-18 00:00:00+00:00,KEYUSDT,False,0.3549756327621443,-0.06009977955679302,0.4175658429052094,0.023320570831883103,DEV
0.2,2021-02-18 00:00:00+00:00,RVNUSDT,False,0.3545945945945945,0.45081803671189147,1.0703312051077414,0.6241021548284118,DEV
0.2,2021-02-18 00:00:00+00:00,SANDUSDT,False,0.3475308259495631,-0.06035553021455031,-0.015768644797787945,-0.28257570880732763,DEV
0.2,2021-02-18 00:00:00+00:00,SXPUSDT,False,0.2599919257165928,0.11566805511054157,-0.008971483498878552,-0.27106696571611666,DEV
0.2,2021-02-18 00:00:00+00:00,XVSUSDT,False,0.341068447412354,0.1449645213494335,0.03608863438316945,-0.29088758869662634,DEV
0.2,2021-02-19 00:00:00+00:00,BNBUSDT,False,0.703021472392638,-0.2404934091038723,-0.19692024580395118,-0.33440504816712746,DEV
0.2,2021-02-19 00:00:00+00:00,CHZUSDT,False,0.34496309544801873,-0.05485943323781162,-0.10475548313386152,-0.054166432544810905,DEV
0.2,2021-02-19 00:00:00+00:00,COTIUSDT,False,0.2722969974855789,0.1279353638688676,0.20512671471750754,0.2255289467565682,DEV
0.2,2021-02-19 00:00:00+00:00,CTKUSDT,False,0.20346629740474365,-0.21676193304134816,-0.2866528097394403,-0.38965184470343694,DEV
0.2,2021-02-19 00:00:00+00:00,FTTUSDT,False,0.31927158891349183,-0.0927163816303499,-0.03391498104580848,-0.19793384842434247,DEV
0.2,2021-02-19 00:00:00+00:00,HOTUSDT,False,0.2320677920864751,0.23330625507717295,0.8593013809910641,0.5227728134308152,DEV
0.2,2021-02-19 00:00:00+00:00,MATICUSDT,False,0.25487145898149666,-0.05767599660729428,-0.007176877405885018,0.24199125725843285,DEV
0.2,2021-02-19 00:00:00+00:00,RENUSDT,False,0.4634180979750049,-0.196481273226508,-0.2318740473920663,-0.4190161950484368,DEV
0.2,2021-02-19 00:00:00+00:00,RUNEUSDT,False,0.20160884866767215,0.06997907949790783,-0.058953974895397554,-0.07824267782426786,DEV
0.2,2021-02-19 00:00:00+00:00,RVNUSDT,False,0.45081803671189147,0.551055490614041,0.3735817919273876,0.06580485456920848,DEV
0.2,2021-02-19 00:00:00+00:00,SOLUSDT,False,0.2800570340087556,-0.13090886939571145,0.2547949735449737,0.1831836535783904,DEV
0.2,2021-02-19 00:00:00+00:00,SRMUSDT,False,0.2806951549804395,-0.1046623196068065,0.1172922908222207,0.07327341440012525,DEV
0.2,2021-02-19 00:00:00+00:00,TFUELUSDT,False,0.42629252985920596,0.027079949779420964,0.0653558634829583,-0.04560166787610731,DEV
0.2,2021-02-19 00:00:00+00:00,XEMUSDT,False,0.20799816134222016,-0.037100456621004474,0.3329528158295283,-0.01959665144596645,DEV
0.2,2021-02-20 00:00:00+00:00,ADAUSDT,False,0.20508527667663978,-0.015004302308905704,-0.1377724795640327,0.17777498924422774,DEV
0.2,2021-02-20 00:00:00+00:00,HOTUSDT,False,0.23330625507717295,0.659860360953761,0.32551705967593225,0.16023360997672675,DEV
0.2,2021-02-20 00:00:00+00:00,KEYUSDT,False,0.20972719417355878,0.24673469387755098,-0.012448979591836662,-0.13428571428571423,DEV
0.2,2021-02-20 00:00:00+00:00,NPXSUSDT,False,0.3027761711972239,0.3459489456159821,0.4291897891231964,0.14317425083240853,DEV
0.2,2021-02-20 00:00:00+00:00,RVNUSDT,False,0.551055490614041,-0.07997517400363519,-0.2045484771911158,-0.3703506671986523,DEV
0.2,2021-02-20 00:00:00+00:00,SUSHIUSDT,False,0.26096521380448223,-0.055337476829135146,-0.1920183186130192,-0.11198342601679201,DEV
0.2,2021-02-20 00:00:00+00:00,UNIUSDT,False,0.4322510908764867,0.0007999081844518585,-0.13719120935683904,-0.18152698994550187,DEV
0.2,2021-02-21 00:00:00+00:00,BTCSTUSDT,False,0.33364039462945017,0.10378469301934379,0.6212408066853963,0.11296100781990948,DEV
0.2,2021-02-21 00:00:00+00:00,DENTUSDT,False,0.447879089438985,-0.1262081704540573,-0.1485029425662614,-0.36165642854074487,DEV
0.2,2021-02-21 00:00:00+00:00,FTMUSDT,False,0.48596250962937604,0.3151406929523919,0.8707986521125544,0.21828288355750103,DEV
0.2,2021-02-21 00:00:00+00:00,HOTUSDT,False,0.659860360953761,-0.09174603174603169,-0.17108465608465606,-0.35830687830687835,DEV
0.2,2021-02-21 00:00:00+00:00,IOSTUSDT,False,0.3558554216867469,0.06449491718205724,-0.0644060567285134,-0.3771237648396957,DEV
0.2,2021-02-21 00:00:00+00:00,KEYUSDT,False,0.24673469387755098,0.032001964314945175,-0.19790473072515957,-0.4122605991160583,DEV
0.2,2021-02-21 00:00:00+00:00,NEOUSDT,False,0.2515387771850637,-0.1461020036429873,-0.260127504553734,-0.3577231329690346,DEV
0.2,2021-02-21 00:00:00+00:00,NPXSUSDT,False,0.3459489456159821,0.2696050136060033,0.025810175641131528,-0.2405376432753359,DEV
0.2,2021-02-21 00:00:00+00:00,WRXUSDT,False,0.2926519823788547,-0.10921780855530405,-0.2057307996401211,-0.3295618746421659,DEV
0.2,2021-02-22 00:00:00+00:00,FTMUSDT,False,0.3151406929523919,-0.02030090007226859,0.2988415128221975,0.2777741278496815,DEV
0.2,2021-02-22 00:00:00+00:00,KSMUSDT,False,0.2118522426968703,-0.11075032747264912,-0.16982085862406127,-0.1594266000036898,DEV
0.2,2021-02-22 00:00:00+00:00,NPXSUSDT,False,0.2696050136060033,-0.16364108726009163,-0.2855843860617674,-0.3247816062092035,DEV
0.2,2021-02-22 00:00:00+00:00,SOLUSDT,False,0.3019150722779518,0.05584953291120809,-0.03987072702179739,0.03928123114480098,DEV
0.2,2021-02-22 00:00:00+00:00,XEMUSDT,False,0.24440497335701616,-0.2379389095061375,-0.2967456465886382,-0.07265201256066223,DEV
0.2,2021-02-23 00:00:00+00:00,SRMUSDT,False,0.21979004188646845,0.005316091954022939,-0.21248563218390815,-0.24045977011494246,DEV
0.2,2021-02-24 00:00:00+00:00,ALPHAUSDT,False,0.2291035466048832,-0.07517647291445595,-0.19737284393269316,0.20926952406688493,DEV
0.2,2021-02-24 00:00:00+00:00,BLZUSDT,False,0.2725690819238533,-0.11404036536673401,-0.06295465733194772,0.1869496253350107,DEV
0.2,2021-02-24 00:00:00+00:00,BTCSTUSDT,False,0.27200460505995006,-0.176640566535467,-0.21054571864397054,-0.3045194360252451,DEV
0.2,2021-02-24 00:00:00+00:00,CHZUSDT,False,0.20389957644163648,-0.017473171115216846,0.03905420810566462,0.675773418766461,DEV
0.2,2021-02-24 00:00:00+00:00,FTMUSDT,False,0.4519849785407726,-0.0869357719071372,-0.278450027711066,-0.1988730833179384,DEV
0.2,2021-02-24 00:00:00+00:00,FUNUSDT,False,0.33667387920889813,-0.11535840054526869,-0.16846529592184478,-0.10073270475974105,DEV
0.2,2021-02-24 00:00:00+00:00,STXUSDT,False,0.292300436269308,-0.05729927007299285,-0.08686131386861329,-0.047718978102189835,DEV
0.2,2021-02-24 00:00:00+00:00,UNFIUSDT,False,0.5231248513674198,-0.10799189350387361,0.12019223262771028,0.07044157920540095,DEV
0.2,2021-02-25 00:00:00+00:00,CTSIUSDT,False,0.23460927853236901,-0.04667333428585041,-0.181311615945135,0.05386483783397633,DEV
0.2,2021-02-27 00:00:00+00:00,CELRUSDT,False,0.25,0.07678160919540233,0.034022988505747254,0.3296551724137933,DEV
0.2,2021-02-27 00:00:00+00:00,FETUSDT,False,0.2227502887092474,-0.10341821352028757,0.13280540520905237,0.39162337898216437,DEV
0.2,2021-02-27 00:00:00+00:00,HIVEUSDT,False,0.5094494658997535,-0.2022318998366902,-0.1839956450734893,-0.1845400108873163,DEV
0.2,2021-02-27 00:00:00+00:00,UNFIUSDT,False,0.25648686514886165,-0.0031806917237899857,0.012530420068743053,-0.06761687857339993,DEV
0.2,2021-02-28 00:00:00+00:00,OGNUSDT,False,0.24899008446566295,0.020876212878565115,0.17847691855336656,0.7483093207880036,DEV
0.2,2021-03-01 00:00:00+00:00,ALPHAUSDT,False,0.26561520785460613,-0.03755689717561472,0.09005783355870012,0.02984363989563299,DEV
0.2,2021-03-01 00:00:00+00:00,BNBUSDT,False,0.2128780317942971,-0.05992853100264861,-0.09933492493245111,-0.05652883135913067,DEV
0.2,2021-03-01 00:00:00+00:00,COCOSUSDT,False,0.24721899385688206,0.1011714589989352,0.37287007454739096,0.5335463258785942,DEV
0.2,2021-03-01 00:00:00+00:00,COMPUSDT,False,0.2183056872037914,0.01187292325147915,-0.0470459518599563,-0.03464624361779722,DEV
0.2,2021-03-01 00:00:00+00:00,ENJUSDT,False,0.21058942100507405,0.12894196678484793,0.865833177831685,1.4850646647623695,DEV
0.2,2021-03-01 00:00:00+00:00,FTMUSDT,False,0.37936170212765963,-0.11241366308464884,-0.216823487068744,-0.22900920355802357,DEV
0.2,2021-03-01 00:00:00+00:00,GRTUSDT,False,0.2123662680931404,-0.05069428222897043,-0.0370889459887358,-0.011186379091074228,DEV
0.2,2021-03-01 00:00:00+00:00,ICXUSDT,False,0.20087649974854527,-0.006281782829793525,0.16057433443015245,0.13012264433143894,DEV
0.2,2021-03-01 00:00:00+00:00,IOTXUSDT,False,0.24844660194174772,-0.025001944163620893,0.061163387510692724,0.09207558908157698,DEV
0.2,2021-03-01 00:00:00+00:00,LUNAUSDT,False,0.2600736022118024,-0.04041332483358795,0.10789735074792817,0.4355625398425569,DEV
0.2,2021-03-01 00:00:00+00:00,ONEUSDT,False,0.2067108533554265,-0.01064194987984901,0.1180913147957432,0.24373498111912117,DEV
0.2,2021-03-01 00:00:00+00:00,ORNUSDT,False,0.2744135588397447,0.03155919005288954,0.1085418440112198,0.29261502393279293,DEV
0.2,2021-03-01 00:00:00+00:00,REPUSDT,False,0.20257482841245977,-0.007024416601938532,-0.00759852757421231,0.04697578602546337,DEV
0.2,2021-03-01 00:00:00+00:00,RVNUSDT,False,0.302131886605028,-0.05786045419869734,-0.12575553077871016,-0.0937151575611761,DEV
0.2,2021-03-01 00:00:00+00:00,SUSHIUSDT,False,0.24844185121336682,-0.05263157894736836,-0.07881459450847106,-0.08492219448722715,DEV
0.2,2021-03-01 00:00:00+00:00,TFUELUSDT,False,0.2257507654224482,0.08487231950681595,0.26948865800405675,0.5200400357841966,DEV
0.2,2021-03-02 00:00:00+00:00,ANTUSDT,False,0.22450058619342061,-0.034411549364522176,-0.051457750577280414,0.013779638425291507,DEV
0.2,2021-03-02 00:00:00+00:00,CRVUSDT,False,0.25337331334332847,-0.09130781499202556,-0.18181818181818177,-0.04066985645933008,DEV
0.2,2021-03-03 00:00:00+00:00,ALPHAUSDT,False,0.21021074502819848,-0.06413442776633194,-0.07045684947185982,-0.11518798303846867,DEV
0.2,2021-03-03 00:00:00+00:00,AXSUSDT,False,0.30724573954792866,0.284842203828199,0.15669162132555137,0.7489806771848961,DEV
0.2,2021-03-03 00:00:00+00:00,BATUSDT,False,0.26335877862595414,-0.09010902403783005,-0.12793905162222508,0.07618547221857352,DEV
0.2,2021-03-03 00:00:00+00:00,BLZUSDT,False,0.244466108498681,-9.216165153691502e-05,0.026865121422975813,0.8180728998663656,DEV
0.2,2021-03-03 00:00:00+00:00,CHZUSDT,False,0.3120960295475532,0.3869340839784188,0.32559230588787225,1.9159512080694348,DEV
0.2,2021-03-03 00:00:00+00:00,ENJUSDT,False,0.49434202161474894,0.10598996001021033,-0.01820811707649117,0.4005615587509572,DEV
0.2,2021-03-03 00:00:00+00:00,IOTXUSDT,False,0.21774675972083757,-0.10623874242672349,-0.09821516292778776,0.16633371540854758,DEV
0.2,2021-03-03 00:00:00+00:00,MANAUSDT,False,0.240266211118229,0.2023300525122671,0.033171683549025666,0.3797526471347814,DEV
0.2,2021-03-03 00:00:00+00:00,SANDUSDT,False,0.22637051792828689,0.16302112605134833,0.11544446574123102,0.5640944840961732,DEV
0.2,2021-03-03 00:00:00+00:00,VETUSDT,False,0.20685797776408,-0.048804479418886215,0.007717917675544861,0.16039270581113807,DEV
0.2,2021-03-03 00:00:00+00:00,VTHOUSDT,False,0.34925572095089996,-0.09912728470278287,-0.10340852955705582,-0.028816071134529997,DEV
0.2,2021-03-04 00:00:00+00:00,AXSUSDT,False,0.284842203828199,-0.14876673364843052,-0.05008419890753679,0.6423456825064389,DEV
0.2,2021-03-04 00:00:00+00:00,CHZUSDT,False,0.3869340839784188,-0.0647949260042282,0.08465116279069784,2.024862579281184,DEV
0.2,2021-03-04 00:00:00+00:00,COCOSUSDT,False,0.21572556878462823,-0.11054009502569584,-0.10375254533113554,0.6076796276544165,DEV
0.2,2021-03-04 00:00:00+00:00,HBARUSDT,False,0.23537202960654469,-0.0625,-0.037903632694248346,0.6993567103935419,DEV
0.2,2021-03-04 00:00:00+00:00,MANAUSDT,False,0.2023300525122671,-0.10532219570405732,-0.04248210023866339,0.24350835322195707,DEV
0.2,2021-03-04 00:00:00+00:00,OGNUSDT,False,0.3398203592814373,-0.14096834264432034,0.10726256983240212,0.7074487895716945,DEV
0.2,2021-03-05 00:00:00+00:00,HOTUSDT,False,0.21494501966449953,-0.01384025896809149,-0.006639360507366021,-0.02143753716059993,DEV
0.2,2021-03-05 00:00:00+00:00,ONGUSDT,False,0.2476087348853997,0.10313901345291465,0.10878055836829148,0.07334008389989877,DEV
0.2,2021-03-06 00:00:00+00:00,CTXCUSDT,False,0.2035550458715596,-0.04573606479275849,0.0671748451643639,0.276798475464507,DEV
0.2,2021-03-06 00:00:00+00:00,PNTUSDT,False,0.28846579588222276,0.04810996563573888,0.02737686139748008,0.18373424971363117,DEV
0.2,2021-03-07 00:00:00+00:00,BLZUSDT,False,0.23747980613893382,-0.06008848273861345,0.43073687264287774,0.27103278212938786,DEV
0.2,2021-03-07 00:00:00+00:00,COTIUSDT,False,0.26670271105275356,0.34448170731707317,0.23713414634146335,0.06774390243902428,DEV
0.2,2021-03-07 00:00:00+00:00,ENJUSDT,False,0.22243695294219612,0.22735489908334916,0.1669608739729329,0.6518145146997312,DEV
0.2,2021-03-07 00:00:00+00:00,OGNUSDT,False,0.2991042167358533,0.14766229397914565,0.25428859737638754,0.23326606121762516,DEV
0.2,2021-03-07 00:00:00+00:00,RSRUSDT,False,0.24318447900986762,0.041571370913493944,-0.08960043051257904,-0.08341181218888738,DEV
0.2,2021-03-07 00:00:00+00:00,TOMOUSDT,False,0.3500340831629176,-0.07916471309553863,-0.06113174883687367,-0.08782053593969774,DEV
0.2,2021-03-07 00:00:00+00:00,UNIUSDT,False,0.20166019049756612,-0.030080169034965465,-0.09856676326641389,-0.10547758506468674,DEV
0.2,2021-03-08 00:00:00+00:00,AXSUSDT,False,0.36975199901678546,-0.07011648014617122,0.2622271525987796,0.5213057522268263,DEV
0.2,2021-03-08 00:00:00+00:00,CHRUSDT,False,0.5557952774781252,0.7023882896764253,2.380893682588598,2.717565485362096,DEV
0.2,2021-03-08 00:00:00+00:00,CHZUSDT,False,0.7093559956338684,0.21768183103602423,0.6314848432325924,1.7620620136652647,DEV
0.2,2021-03-08 00:00:00+00:00,COCOSUSDT,False,0.2463485881207399,0.04166666666666674,0.43923611111111116,0.15902777777777777,DEV
0.2,2021-03-08 00:00:00+00:00,COTIUSDT,False,0.34448170731707317,-0.097394498741468,-0.15766797433048363,-0.14367672736343218,DEV
0.2,2021-03-08 00:00:00+00:00,DOGEUSDT,True,0.21133511967391905,-0.08038422328015771,-0.11187509726267109,-0.09535235288326249,DEV
0.2,2021-03-08 00:00:00+00:00,ENJUSDT,False,0.22735489908334916,-0.015589711598999578,0.03372668618990682,0.5451604891207031,DEV
0.2,2021-03-08 00:00:00+00:00,MANAUSDT,False,0.21119142572283134,0.12820776655073773,0.07223262609840919,1.1608050542259174,DEV
0.2,2021-03-08 00:00:00+00:00,SANDUSDT,False,0.20583217081963134,0.14792022044351127,0.15907798626601943,0.45802388138039607,DEV
0.2,2021-03-08 00:00:00+00:00,UMAUSDT,False,0.21326011612729,0.011908736783528218,-0.09334075310703016,-0.1125950658504914,DEV
0.2,2021-03-09 00:00:00+00:00,AVAXUSDT,False,0.3394540536109518,-0.13779215480561868,-0.18528588914145827,-0.03724427347438364,DEV
0.2,2021-03-09 00:00:00+00:00,BLZUSDT,False,0.40892781357305474,0.08039870748671896,-0.03581795279040467,0.0010679664822828006,DEV
0.2,2021-03-09 00:00:00+00:00,BNBUSDT,False,0.21889047182945465,-0.05032414159094034,-0.1022666037300839,-0.11824483331127833,DEV
0.2,2021-03-09 00:00:00+00:00,CHRUSDT,False,0.7023882896764253,0.3487351224148074,1.583201339548355,0.7877992487668011,DEV
0.2,2021-03-09 00:00:00+00:00,CHZUSDT,False,0.21768183103602423,-0.06874632445208584,1.725842519862005,0.9478811987998517,DEV
0.2,2021-03-09 00:00:00+00:00,HBARUSDT,False,0.2048822515795521,0.04876769795490299,0.2948467369023213,0.6352195261476854,DEV
0.2,2021-03-09 00:00:00+00:00,IOTXUSDT,False,0.2364879299295024,0.025512554710896085,-0.0025339783460033294,0.23851071181755357,DEV
0.2,2021-03-09 00:00:00+00:00,LUNAUSDT,False,0.2016771142069338,-0.04456781423488776,0.21513896289166556,0.7085646516904143,DEV
0.2,2021-03-09 00:00:00+00:00,MATICUSDT,False,0.3749655108985561,-0.04086956521739138,0.3830769230769231,0.24665551839464905,DEV
0.2,2021-03-09 00:00:00+00:00,SKLUSDT,False,0.5974133975682498,-0.06302845346019226,0.5804685396283995,0.255075845974329,DEV
0.2,2021-03-09 00:00:00+00:00,XVSUSDT,False,0.24345898004434585,-0.0497503566333809,0.021239499128229422,-0.1508162941829133,DEV
0.2,2021-03-10 00:00:00+00:00,ARPAUSDT,False,0.20169491525423733,0.0049365303244004455,0.18476727785613534,0.14710860366713674,DEV
0.2,2021-03-10 00:00:00+00:00,CHRUSDT,False,0.3487351224148074,0.47246921450860646,0.6810388215951413,0.3861020702613831,DEV
0.2,2021-03-10 00:00:00+00:00,TFUELUSDT,False,0.36954662567389085,0.43022120693539256,0.4610763533461648,0.3706490765588626,DEV
0.2,2021-03-10 00:00:00+00:00,THETAUSDT,False,0.210345881817809,0.08289116395409546,0.05196523432025035,0.2121473490630117,DEV
0.2,2021-03-11 00:00:00+00:00,AXSUSDT,False,0.20650563707527003,0.07668364093815172,0.2578279825604439,0.08528494373502915,DEV
0.2,2021-03-11 00:00:00+00:00,CHRUSDT,False,0.47246921450860646,0.3007246376811594,0.1605824446267432,-0.11083766292954156,DEV
0.2,2021-03-11 00:00:00+00:00,CHZUSDT,False,0.4387363543485081,1.0344711901367103,0.8246246749979029,0.7815426766194191,DEV
0.2,2021-03-11 00:00:00+00:00,COCOSUSDT,False,0.5763453127971094,-0.058504221954161606,-0.14794933655006026,-0.20687575392038604,DEV
0.2,2021-03-11 00:00:00+00:00,HBARUSDT,False,0.22477272727272735,0.00805344219706794,0.3485247726850993,0.2750788643533122,DEV
0.2,2021-03-11 00:00:00+00:00,KAVAUSDT,False,0.33018214215006925,0.08275348837209306,0.017320930232558096,0.08839069767441865,DEV
0.2,2021-03-11 00:00:00+00:00,MATICUSDT,False,0.42562242834228337,0.011495939731924532,-0.06948928676254773,-0.04806281185793959,DEV
0.2,2021-03-11 00:00:00+00:00,OGNUSDT,False,0.22941807455081786,-0.09913840113425687,-0.20023993892463743,0.06685570945577468,DEV
0.2,2021-03-11 00:00:00+00:00,PERLUSDT,False,0.2715437073775575,-0.04757261266281254,0.17977293306401054,0.04395068607647845,DEV
0.2,2021-03-11 00:00:00+00:00,SKLUSDT,False,0.5005556194198568,0.12410623084780381,0.03613381001021443,-0.11677732379979566,DEV
0.2,2021-03-11 00:00:00+00:00,TFUELUSDT,False,0.43022120693539256,0.0899562281002333,0.034061391194773805,-0.02598680210900961,DEV
0.2,2021-03-11 00:00:00+00:00,WTCUSDT,False,0.39481825212683685,-0.13633213196562244,-0.1636401441641253,0.1578181314111451,DEV
0.2,2021-03-11 00:00:00+00:00,XVSUSDT,False,0.26100373219907835,-0.1477372311050117,-0.24120769192612312,-0.25704790092428775,DEV
0.2,2021-03-11 00:00:00+00:00,ZILUSDT,False,0.3873344305980091,-0.07694480537822723,-0.07265126264052879,0.011524772611716694,DEV
0.2,2021-03-12 00:00:00+00:00,AKROUSDT,False,0.36619961944300283,-0.07115725500126613,-0.09675143797706476,0.19068118511015442,DEV
0.2,2021-03-12 00:00:00+00:00,ANKRUSDT,False,0.3925329756315672,0.062387618802979494,0.10520485486771114,0.1920915746211147,DEV
0.2,2021-03-12 00:00:00+00:00,CELRUSDT,False,0.21020761245674735,0.10864903502501799,0.4002859185132237,0.30712413628782453,DEV
0.2,2021-03-12 00:00:00+00:00,CHRUSDT,False,0.3007246376811594,-0.12229988963052507,-0.15463989768924857,-0.30299048720239663,DEV
0.2,2021-03-12 00:00:00+00:00,CHZUSDT,False,1.0344711901367103,-0.1737230490167786,-0.16785532698465044,-0.16965549463385143,DEV
0.2,2021-03-12 00:00:00+00:00,DENTUSDT,False,0.3515588207591598,0.2237011742569428,0.1560333112652008,0.5613436008223285,DEV
0.2,2021-03-12 00:00:00+00:00,KEYUSDT,False,0.2048882527799185,0.36293859649122795,0.5837902046783625,0.7545687134502923,DEV
0.2,2021-03-12 00:00:00+00:00,LUNAUSDT,False,0.30781752932035955,0.0321296217714786,0.15059124727715067,0.40346261563269126,DEV
0.2,2021-03-12 00:00:00+00:00,MANAUSDT,False,0.26555092796959867,0.47775974764555107,0.5923808368340435,0.45922746781115875,DEV
0.2,2021-03-12 00:00:00+00:00,MTLUSDT,False,0.20397626570085525,-0.03648233486943164,-0.1235279057859704,-0.017473118279569988,DEV
0.2,2021-03-12 00:00:00+00:00,ONEUSDT,False,0.39301828544288764,-0.09444255028980564,0.47323559495397216,0.9849982952608252,DEV
0.2,2021-03-12 00:00:00+00:00,REEFUSDT,False,0.258549448159626,0.05561915458885025,-0.13350757068492558,-0.1286692442274877,DEV
0.2,2021-03-13 00:00:00+00:00,ARPAUSDT,False,0.2828344532681737,-0.03547619047619055,0.0322619047619046,-0.04619047619047634,DEV
0.2,2021-03-13 00:00:00+00:00,AUDIOUSDT,False,0.4577039874560862,-0.04265183440331677,0.18458406802508054,-0.047294859313621984,DEV
0.2,2021-03-13 00:00:00+00:00,BTTUSDT,False,0.28828006088280045,-0.006498109640831751,-0.043064744801512234,0.7113657844990549,DEV
0.2,2021-03-13 00:00:00+00:00,DENTUSDT,False,0.2237011742569428,-0.01762578661123615,-0.10393234431504328,0.6429852786241066,DEV
0.2,2021-03-13 00:00:00+00:00,DIAUSDT,False,0.2038714991762769,-0.04652754019842631,0.20253164556962022,0.11323982210058148,DEV
0.2,2021-03-13 00:00:00+00:00,FIOUSDT,False,0.6408281174771304,-0.11473004694835676,-0.17224178403755863,-0.07188967136150226,DEV
0.2,2021-03-13 00:00:00+00:00,HOTUSDT,False,0.5591561181434599,0.5747347910803204,0.4811864039835463,0.6708811431045683,DEV
0.2,2021-03-13 00:00:00+00:00,IOTXUSDT,False,0.2851616628175522,0.10741722449346325,-0.033851475807538556,-0.0066939215598185164,DEV
0.2,2021-03-13 00:00:00+00:00,KEYUSDT,False,0.36293859649122795,0.09070796460176989,0.079444891391794,0.5600697237865377,DEV
0.2,2021-03-13 00:00:00+00:00,LITUSDT,False,0.23992560446373234,0.08958999999999984,0.14000000000000012,0.05310999999999999,DEV
0.2,2021-03-13 00:00:00+00:00,MANAUSDT,False,0.47775974764555107,0.04061903491307661,-0.06698343630056847,-0.08160752037109242,DEV
0.2,2021-03-13 00:00:00+00:00,NPXSUSDT,False,0.551242166012895,0.09141113210289209,0.024676645836360978,0.7733468972533062,DEV
0.2,2021-03-13 00:00:00+00:00,PSGUSDT,False,0.3602036700947773,-0.14817834772617766,-0.18891071494755574,-0.24194803750787597,DEV
0.2,2021-03-13 00:00:00+00:00,STMXUSDT,False,0.39582008900190724,0.22914887560489605,0.48955308852832324,2.4158838599487615,DEV
0.2,2021-03-13 00:00:00+00:00,VTHOUSDT,False,0.2095028745350016,0.13253180483713134,0.4091989375087377,1.5586467216552493,DEV
0.2,2021-03-13 00:00:00+00:00,WINUSDT,False,0.22313255217868888,0.0477865509112001,-0.02424877446394469,0.304120046401976,DEV
0.2,2021-03-13 00:00:00+00:00,WRXUSDT,False,0.39612480243516934,-0.017924528301886844,0.0038155136268345213,0.10159329140461226,DEV
0.2,2021-03-14 00:00:00+00:00,HBARUSDT,False,0.3091223519239086,0.10620321444297653,-0.00921950682518724,-0.06018824306472914,DEV
0.2,2021-03-14 00:00:00+00:00,HOTUSDT,False,0.5747347910803204,-0.026630188212326544,-0.014586799015631757,0.10077402147462777,DEV
0.2,2021-03-14 00:00:00+00:00,ONEUSDT,False,0.5286144578313252,0.06428571428571428,0.012438423645320329,1.1737684729064042,DEV
0.2,2021-03-14 00:00:00+00:00,ROSEUSDT,False,0.2172503242542152,-0.04728289824187526,-0.08098028769312737,-0.09048126442905347,DEV
0.2,2021-03-14 00:00:00+00:00,SFPUSDT,False,0.38752265078954196,-0.14645522388059706,0.01268656716417893,0.29910447761194026,DEV
0.2,2021-03-14 00:00:00+00:00,STMXUSDT,False,0.22914887560489605,-0.022556739231125555,0.7862436313107919,1.9904585456229733,DEV
0.2,2021-03-15 00:00:00+00:00,AUDIOUSDT,False,0.2546400989887785,-0.013773167828600608,-0.14697046987473794,-0.0034574618828997483,DEV
0.2,2021-03-15 00:00:00+00:00,IRISUSDT,False,0.20228434024646846,0.06129999999999991,0.21924999999999994,0.0014499999999999513,DEV
0.2,2021-03-15 00:00:00+00:00,OGNUSDT,False,0.5720714577935362,-0.12048924358084667,-0.15145732130464962,-0.24323386537127,DEV
0.2,2021-03-15 00:00:00+00:00,RVNUSDT,False,0.2100405848668483,0.01837813002526989,-0.03657247875028724,-0.08541235929244206,DEV
0.2,2021-03-15 00:00:00+00:00,SCUSDT,False,0.34213147410358546,-0.03429631592896887,0.1990458521070766,0.13829843625761984,DEV
0.2,2021-03-15 00:00:00+00:00,VITEUSDT,False,0.5019015538411389,-0.20431196643032856,-0.2645058602228332,-0.1459267833888005,DEV
0.2,2021-03-15 00:00:00+00:00,VTHOUSDT,False,0.39674114306875685,-0.10914714980114892,-0.0651347768448961,0.6445426425099425,DEV
0.2,2021-03-16 00:00:00+00:00,ADAUSDT,False,0.21164272620583313,0.102270180269604,0.03642214466395566,-0.10634465755179145,DEV
0.2,2021-03-16 00:00:00+00:00,BATUSDT,False,0.3547666009204471,0.19790352324565652,0.14646219547704553,0.020770649325439372,DEV
0.2,2021-03-16 00:00:00+00:00,BZRXUSDT,False,0.22644561261625573,-0.0506099571381472,-0.016320474777448135,-0.15743488295417085,DEV
0.2,2021-03-16 00:00:00+00:00,CTSIUSDT,False,0.2539986972570023,-0.06213026289210166,-0.10253080541367277,0.003030040689117719,DEV
0.2,2021-03-16 00:00:00+00:00,HARDUSDT,False,0.21437608359495797,0.012540515511652917,-0.11830529402685597,-0.22437876215465358,DEV
0.2,2021-03-16 00:00:00+00:00,LUNAUSDT,False,0.2220371383437112,-0.06900991891837516,-0.0018509949097639256,-0.14784318853992717,DEV
0.2,2021-03-16 00:00:00+00:00,MBLUSDT,False,0.236413509343391,-0.050887409872434786,0.5226012201885746,0.3650166389351084,DEV
0.2,2021-03-16 00:00:00+00:00,MITHUSDT,False,0.22009345794392532,0.05438529299119099,0.03389505936422821,-0.13749521256223685,DEV
0.2,2021-03-16 00:00:00+00:00,SFPUSDT,False,0.2521967213114753,-0.05250663315179438,0.08940790392403297,0.15786901270772247,DEV
0.2,2021-03-16 00:00:00+00:00,STMXUSDT,False,0.2398237217457233,0.4739718697446875,1.560311878917597,0.9447332212199968,DEV
0.2,2021-03-17 00:00:00+00:00,BLZUSDT,False,0.23628853571135489,-0.12370837482022345,-0.18796327027326032,-0.1963491536674412,DEV
0.2,2021-03-17 00:00:00+00:00,FILUSDT,False,0.3905845656555491,-0.1012958763049775,-0.0725959809971305,-0.029020981392835155,DEV
0.2,2021-03-17 00:00:00+00:00,JSTUSDT,False,0.3516046577676797,-0.08940953981928979,0.04276108426139946,-0.1519226728304266,DEV
0.2,2021-03-17 00:00:00+00:00,KNCUSDT,False,0.2403240324032403,0.011248185776487674,-0.007619738751814209,-0.14005805515239467,DEV
0.2,2021-03-17 00:00:00+00:00,STMXUSDT,False,0.4739718697446875,-0.00853105147154165,0.555814858031894,0.39543627641643986,DEV
0.2,2021-03-17 00:00:00+00:00,ZILUSDT,False,0.269332473395679,-0.0902393171078707,-0.13220872923123828,-0.2039530511660993,DEV
0.2,2021-03-18 00:00:00+00:00,MBLUSDT,False,0.31183345507669813,0.22289659780611393,0.3848209811236707,0.021382036861740783,DEV
0.2,2021-03-19 00:00:00+00:00,BTTUSDT,False,0.43704201270151444,0.23103726681681036,0.3829940934007563,0.5115794841286703,DEV
0.2,2021-03-19 00:00:00+00:00,CKBUSDT,False,0.35542168674698793,-0.011962174940898351,0.10122931442080385,0.23825059101654866,DEV
0.2,2021-03-19 00:00:00+00:00,COSUSDT,False,0.22636103151862463,-0.11111111111111105,-0.10825545171339568,0.018951194184839038,DEV
0.2,2021-03-19 00:00:00+00:00,DENTUSDT,False,0.34038288962010177,0.2876877413019705,1.4213885603338614,1.3522060300386083,DEV
0.2,2021-03-19 00:00:00+00:00,KEYUSDT,False,0.2833845742547789,0.21185293198625144,0.28845953546505565,0.1378502239350068,DEV
0.2,2021-03-19 00:00:00+00:00,MBLUSDT,False,0.22289659780611393,-0.04384846553137234,-0.040570075585101506,-0.11210272288498313,DEV
0.2,2021-03-19 00:00:00+00:00,MFTUSDT,False,0.20710295291300884,0.0800413223140497,-0.01351239669421489,-0.054421487603305785,DEV
0.2,2021-03-19 00:00:00+00:00,NPXSUSDT,False,0.5115333154937116,0.08012604893247888,0.18551499486598444,0.45443118648868763,DEV
0.2,2021-03-19 00:00:00+00:00,ONEUSDT,False,0.22349479878112843,-0.02713844039848845,0.33210237031947787,0.554105118515974,DEV
0.2,2021-03-19 00:00:00+00:00,STMXUSDT,False,0.7519615022491895,-0.10431719113871152,-0.21550128381202605,-0.16670149877590024,DEV
0.2,2021-03-19 00:00:00+00:00,WINUSDT,False,0.33987282878411906,0.008449563053417375,0.08605822096186122,0.11409803808090735,DEV
0.2,2021-03-20 00:00:00+00:00,BTTUSDT,False,0.23103726681681036,0.2530548843631344,0.05819813600276147,0.3066965826717294,DEV
0.2,2021-03-20 00:00:00+00:00,DENTUSDT,False,0.2876877413019705,0.2499133448873483,0.8289601386481802,0.7772963604852687,DEV
0.2,2021-03-20 00:00:00+00:00,IOSTUSDT,False,0.3614685924570846,-0.14067870758077627,-0.25235922754827833,-0.23550090619336295,DEV
0.2,2021-03-20 00:00:00+00:00,KEYUSDT,False,0.21185293198625144,0.03167168027503231,-0.009411259131929528,-0.036140954018048954,DEV
0.2,2021-03-20 00:00:00+00:00,NKNUSDT,False,0.6439678284182306,-0.2376060013046314,-0.33223255055446843,-0.25660469667318986,DEV
0.2,2021-03-20 00:00:00+00:00,VTHOUSDT,False,0.46568431168415136,0.0967107419954103,-0.06458310567151127,-0.012949404436673473,DEV
0.2,2021-03-21 00:00:00+00:00,BTTUSDT,False,0.2530548843631344,-0.10344067656538392,-0.12859149885678078,-0.005537037547174939,DEV
0.2,2021-03-21 00:00:00+00:00,CELRUSDT,False,0.2596989966555183,0.027346342758529207,-0.036506040090269365,0.17522899243329348,DEV
0.2,2021-03-21 00:00:00+00:00,DENTUSDT,False,0.2499133448873483,0.5044370493621744,0.3199667221297837,0.39744869661674986,DEV
0.2,2021-03-21 00:00:00+00:00,NPXSUSDT,False,0.2079263095784436,-0.09135933132513774,0.01765312491519455,0.01422019593476076,DEV
0.2,2021-03-21 00:00:00+00:00,ONEUSDT,False,0.5581744350282485,-0.1212395898249391,0.12169282193643416,0.13965214435442763,DEV
0.2,2021-03-21 00:00:00+00:00,SUNUSDT,False,0.20116675926660843,-0.008656292331582272,-0.19529520599993389,-0.11775200713648526,DEV
0.2,2021-03-22 00:00:00+00:00,DENTUSDT,False,0.5044370493621744,-0.027364055299539225,-0.10021198156682043,0.09596313364055287,DEV
0.2,2021-03-23 00:00:00+00:00,ALPHAUSDT,False,0.2670148367952523,-0.15924718490622602,-0.09395199820133782,-0.14012703052105002,DEV
0.2,2021-03-23 00:00:00+00:00,ANKRUSDT,False,0.46411847510701265,-0.16537001245965333,0.3058109075925397,0.620274897232387,DEV
0.2,2021-03-23 00:00:00+00:00,BLZUSDT,False,0.2227124082186711,-0.08356672469911441,0.0436504932758055,0.324880781167209,DEV
0.2,2021-03-23 00:00:00+00:00,CRVUSDT,False,0.22534013605442182,-0.12595419847328249,-0.09021512838306744,0.1401804302567662,DEV
0.2,2021-03-23 00:00:00+00:00,HIVEUSDT,False,0.42081949058693224,-0.1786438035853467,-0.17474668745128608,0.20405300077942323,DEV
0.2,2021-03-23 00:00:00+00:00,LSKUSDT,False,0.23301910195981157,-0.13968975715751564,-0.09868619600426531,0.1896062611914775,DEV
0.2,2021-03-23 00:00:00+00:00,STORJUSDT,False,0.9349906500934992,-0.17713603547268497,-0.10840770848729464,0.6840998237735203,DEV
0.2,2021-03-23 00:00:00+00:00,TFUELUSDT,False,0.28321248402502186,-0.17622626001702524,-0.12664958548071226,-0.13804519665029835,DEV
0.2,2021-03-23 00:00:00+00:00,THETAUSDT,False,0.2891981187701249,-0.12995348837209308,-0.021913953488372107,-0.0013868217054263665,DEV
0.2,2021-03-24 00:00:00+00:00,ANTUSDT,False,0.2643701305741857,0.23996373837729235,0.22676989795293334,0.3219076553675775,DEV
0.2,2021-03-24 00:00:00+00:00,COSUSDT,False,0.24161073825503365,-0.059950859950859914,-0.06363636363636371,-0.008599508599508643,DEV
0.2,2021-03-24 00:00:00+00:00,NPXSUSDT,False,0.20077170623929286,0.060320804277390394,0.061507486766490205,0.0574407658768783,DEV
0.2,2021-03-24 00:00:00+00:00,ONEUSDT,False,0.25532589398934813,-0.0982877923127431,-0.1692509722713269,-0.10995504823475943,DEV
0.2,2021-03-25 00:00:00+00:00,ANKRUSDT,False,0.38444629906080663,0.1300826123502492,0.4129004321653267,0.3729187715976534,DEV
0.2,2021-03-25 00:00:00+00:00,ANTUSDT,False,0.23996373837729235,-0.02289141152177998,-0.08501536303190171,0.16287777744845222,DEV
0.2,2021-03-25 00:00:00+00:00,OGUSDT,False,0.4089247447371738,-0.09546389907846475,-0.11344725776147435,-0.06692314574572777,DEV
0.2,2021-03-26 00:00:00+00:00,ARPAUSDT,False,0.3554562858966177,-0.012806026365348444,0.09199623352165731,0.025706214689265483,DEV
0.2,2021-03-26 00:00:00+00:00,AUDIOUSDT,False,0.24883529048980302,0.34473185446197396,0.10978417554256414,0.06281199113744962,DEV
0.2,2021-03-26 00:00:00+00:00,AXSUSDT,False,0.2726448841967797,-0.03536707270684614,0.24807374185044617,0.2533173217271305,DEV
0.2,2021-03-26 00:00:00+00:00,CAKEUSDT,False,0.23958071278825988,0.1709511568123394,0.16459207143823562,0.1547151941550533,DEV
0.2,2021-03-26 00:00:00+00:00,CHRUSDT,False,0.3875714883526291,-0.07300829354109062,0.021864790148278468,-0.04498617743151534,DEV
0.2,2021-03-26 00:00:00+00:00,CKBUSDT,False,0.27807330047337864,0.06181984802779783,0.1378823170033221,0.3419756386269046,DEV
0.2,2021-03-26 00:00:00+00:00,FILUSDT,False,0.3677401212483371,0.0637133173779656,0.022374993976580937,0.3808664085966236,DEV
0.2,2021-03-26 00:00:00+00:00,HOTUSDT,False,0.3391177946151769,-0.039894715607258546,0.24880162153334817,1.3299839575788432,DEV
0.2,2021-03-26 00:00:00+00:00,IRISUSDT,False,0.2342045454545456,0.000828652978547062,0.11679403369855446,-0.018966945953411196,DEV
0.2,2021-03-26 00:00:00+00:00,OXTUSDT,False,0.27720666430343854,-0.06924784901471004,-0.007910074937552136,0.011795725784068845,DEV
0.2,2021-03-26 00:00:00+00:00,RUNEUSDT,False,0.24335111970085288,0.05258000202750668,0.13827594363531914,0.41753117291251307,DEV
0.2,2021-03-26 00:00:00+00:00,TRBUSDT,False,0.320759753593429,0.19164813979882145,0.2944295020288865,0.1603364375553864,DEV
0.2,2021-03-27 00:00:00+00:00,ANKRUSDT,False,0.4327798647633361,-0.12738656444838314,-0.13397796573729837,-0.20107706748189602,DEV
0.2,2021-03-27 00:00:00+00:00,AUDIOUSDT,False,0.34473185446197396,-0.08806699751861047,-0.1503300248138958,-0.23456079404466512,DEV
0.2,2021-03-27 00:00:00+00:00,BLZUSDT,False,0.33046442472741355,-0.051388283180694994,-0.04584605320540791,-0.15125745021078651,DEV
0.2,2021-03-27 00:00:00+00:00,CELRUSDT,False,0.32018927444794953,-0.038449006190941715,-0.0005430650591939923,-0.1832301509720864,DEV
0.2,2021-03-27 00:00:00+00:00,DIAUSDT,False,0.25245258338783527,-0.06161879895561362,0.01984334203655358,0.14621409921671003,DEV
0.2,2021-03-27 00:00:00+00:00,HNTUSDT,False,0.2814769975786926,-0.036750118091639195,-0.05177137458667924,0.43920642418516764,DEV
0.2,2021-03-27 00:00:00+00:00,STORJUSDT,False,1.0096914052537618,-0.13892766497461928,-0.06012055837563457,-0.11069162436548219,DEV
0.2,2021-03-28 00:00:00+00:00,AKROUSDT,False,0.303164299485293,-0.044885106614004466,0.050938556130135426,0.00868656432808046,DEV
0.2,2021-03-28 00:00:00+00:00,COCOSUSDT,False,0.2048458149779735,0.05667276051188308,-0.028793418647166336,-0.013580569339253112,DEV
0.2,2021-03-28 00:00:00+00:00,FLMUSDT,False,0.32096161956980174,0.03192848020434225,0.3815453384418901,0.3318965517241381,DEV
0.2,2021-03-28 00:00:00+00:00,GRTUSDT,False,0.2349857720533175,-0.022809957444931972,-0.05230635239124204,-0.030780764227283708,DEV
0.2,2021-03-28 00:00:00+00:00,HIVEUSDT,False,0.4504725897920603,-0.009383552717320498,-0.023458881793301245,-0.026326078456926916,DEV
0.2,2021-03-28 00:00:00+00:00,MANAUSDT,False,0.23522475252880404,-0.04372120723782158,-0.10590481528840923,-0.12151202508364145,DEV
0.2,2021-03-28 00:00:00+00:00,MITHUSDT,False,0.48763557483731024,-0.052785068533100055,-0.09128025663458739,0.31233595800524916,DEV
0.2,2021-03-28 00:00:00+00:00,OGNUSDT,False,0.3057445200302342,0.28176555716353135,0.430535455861071,0.4187409551374821,DEV
0.2,2021-03-28 00:00:00+00:00,ONEUSDT,False,0.22300583657587558,-0.013422151521177206,-0.12398091071783668,-0.21117518393318757,DEV
0.2,2021-03-28 00:00:00+00:00,SKLUSDT,False,0.24395734597156404,0.14468044575673877,0.01975698365830758,-0.041486944334834686,DEV
0.2,2021-03-29 00:00:00+00:00,AIONUSDT,False,0.20074601559850813,-0.06467099689353295,0.014685117198531383,0.20926292007907366,DEV
0.2,2021-03-29 00:00:00+00:00,HOTUSDT,False,0.2761013821265901,0.3944261109700842,0.3348718067062053,1.1999938461065085,DEV
0.2,2021-03-29 00:00:00+00:00,MTLUSDT,False,2.1892006352567495,0.1106666224022308,-0.07974238098399844,-0.06878693313856976,DEV
0.2,2021-03-29 00:00:00+00:00,OGNUSDT,False,0.28176555716353135,0.11572767302698428,0.007282375522185802,0.4142486169131758,DEV
0.2,2021-03-29 00:00:00+00:00,WANUSDT,False,0.40461168694607186,0.01802042671514892,-0.05930164162344265,0.07732206833859134,DEV
0.2,2021-03-29 00:00:00+00:00,WRXUSDT,False,0.20771672457427193,0.4350482143808492,0.9679103549928076,5.925804904903127,DEV
0.2,2021-03-30 00:00:00+00:00,ANTUSDT,False,0.2667454350161116,-0.08503061034137738,-0.010124306815676665,0.0627893567588651,DEV
0.2,2021-03-30 00:00:00+00:00,BTTUSDT,False,0.2237948281366393,0.1006086956521739,0.5042391304347826,1.1155,DEV
0.2,2021-03-30 00:00:00+00:00,DOCKUSDT,False,0.20914423076923083,0.032095172205390154,-0.1372394652925225,0.050671565236061644,DEV
0.2,2021-03-30 00:00:00+00:00,GTOUSDT,False,0.6085967705253581,0.026155803760780527,-0.10943022762618404,0.436448465997455,DEV
0.2,2021-03-30 00:00:00+00:00,HOTUSDT,False,0.3944261109700842,-0.0758851241766606,0.3380242064499046,0.2541842735306774,DEV
0.2,2021-03-30 00:00:00+00:00,VITEUSDT,False,0.23028053394246562,-0.1103568320278504,-0.0987525384392226,0.30890629532927183,DEV
0.2,2021-03-30 00:00:00+00:00,WRXUSDT,False,0.4350482143808492,-0.013599970300337771,1.1186130257768316,3.177257483696123,DEV
0.2,2021-03-31 00:00:00+00:00,FILUSDT,False,0.27574970237836616,-0.027423350428281923,-0.06643818677576141,-0.1811730963094612,DEV
0.2,2021-03-31 00:00:00+00:00,FLMUSDT,False,0.3050821897149749,-0.10469147215160612,-0.1056159001617748,0.05789230413681534,DEV
0.2,2021-03-31 00:00:00+00:00,JSTUSDT,False,0.32903805813605036,-0.06922209695603154,-0.009996242014280288,-0.047651258925216156,DEV
0.2,2021-03-31 00:00:00+00:00,SUNUSDT,False,0.2313770129565771,0.030451332245785778,0.06574225122349109,0.10358890701468204,DEV
0.2,2021-03-31 00:00:00+00:00,TRXUSDT,False,0.4089117914519551,-0.08100258175559372,0.09111445783132543,0.18814543889845092,DEV
0.2,2021-03-31 00:00:00+00:00,WINUSDT,False,0.6628790767431809,-0.14117341323223664,0.7411183808242632,1.4928305001834414,DEV
0.2,2021-04-01 00:00:00+00:00,BADGERUSDT,False,0.2461243967539295,-0.059584595413241015,-0.1043704024231934,-0.06748160969277373,DEV
0.2,2021-04-01 00:00:00+00:00,HNTUSDT,False,0.2594110359287143,0.02360953461975024,0.25539160045402953,0.28028755202421496,DEV
0.2,2021-04-01 00:00:00+00:00,MBLUSDT,False,0.3680778809146479,0.14850731448997156,0.05312106970278685,-0.16959025617263523,DEV
0.2,2021-04-01 00:00:00+00:00,WRXUSDT,False,0.39022707314013294,0.5449442764968642,2.601362631412715,2.5337183594278754,DEV
0.2,2021-04-02 00:00:00+00:00,BTSUSDT,False,0.22796286182413983,-0.0962462195338909,0.21731008717310085,0.09313289450275741,DEV
0.2,2021-04-02 00:00:00+00:00,BTTUSDT,False,0.30724325549761966,0.004870294096394057,0.47038080786183967,0.31619336657272923,DEV
0.2,2021-04-02 00:00:00+00:00,CVCUSDT,False,0.2875290850409069,-0.12329665525030975,-0.10859141587116528,-0.13240545070319898,DEV
0.2,2021-04-02 00:00:00+00:00,HOTUSDT,False,0.3977191526634858,-0.048720052443011586,0.17913081480443127,-0.13667341444409165,DEV
0.2,2021-04-02 00:00:00+00:00,STMXUSDT,False,0.3054198543644575,-0.16241247425713434,-0.06265372168284788,-0.10625478081788753,DEV
0.2,2021-04-02 00:00:00+00:00,VTHOUSDT,False,0.2052342580047064,-0.1311165019821312,-0.04360688716643979,-0.04360688716643979,DEV
0.2,2021-04-02 00:00:00+00:00,WRXUSDT,False,0.5449442764968642,-0.09756254271245246,1.2779916239785516,1.069221917840225,DEV
0.2,2021-04-03 00:00:00+00:00,DOCKUSDT,False,0.28678347911846847,0.005536971641822985,-0.05360762712471445,-0.06830603049990347,DEV
0.2,2021-04-03 00:00:00+00:00,KEYUSDT,False,0.2020321684057047,0.023539668700959027,-0.07755581668625156,-0.12421818733179191,DEV
0.2,2021-04-03 00:00:00+00:00,MTLUSDT,False,0.3236839535110849,0.015096065873742015,-0.2327863530383969,-0.2753888380603843,DEV
0.2,2021-04-03 00:00:00+00:00,NKNUSDT,False,0.6108733954190788,-0.042187500000000044,0.640625,2.18978125,DEV
0.2,2021-04-03 00:00:00+00:00,WINUSDT,False,0.7904673573011805,0.9916766903430292,0.7615301544377817,0.2914563157940948,DEV
0.2,2021-04-04 00:00:00+00:00,ARPAUSDT,False,0.20447061171539782,0.04631317315658667,-0.09279204639602323,0.03678541839270921,DEV
0.2,2021-04-04 00:00:00+00:00,BTCSTUSDT,False,0.20254777070063712,0.31779661016949157,0.19311440677966085,0.22999999999999976,DEV
0.2,2021-04-04 00:00:00+00:00,BTTUSDT,False,0.4793044928953576,-0.010849804100759308,-0.2289347553446952,-0.17879816058876707,DEV
0.2,2021-04-04 00:00:00+00:00,CKBUSDT,False,0.20054326222340024,-0.035014623917002496,-0.2145025108989571,-0.09240660007725854,DEV
0.2,2021-04-04 00:00:00+00:00,CTSIUSDT,False,0.7548118279569893,-0.11821565894085384,-0.1486542379632041,0.04015073760321086,DEV
0.2,2021-04-04 00:00:00+00:00,DASHUSDT,False,0.2151319332256325,0.010635940615998374,-0.06400029544279484,0.05912548932712913,DEV
0.2,2021-04-04 00:00:00+00:00,FUNUSDT,False,0.20396057885383256,-0.025151445441300546,-0.2320182501341922,-0.15708151215397592,DEV
0.2,2021-04-04 00:00:00+00:00,GTOUSDT,False,0.22040526128688231,0.6759394115933588,0.31342848820273805,0.914797553160501,DEV
0.2,2021-04-04 00:00:00+00:00,JSTUSDT,False,0.28947767992711815,-0.014836620547541868,-0.2539888136591111,-0.16726523403002647,DEV
0.2,2021-04-04 00:00:00+00:00,MITHUSDT,False,0.4888337468982631,0.7936666666666665,0.2075555555555555,0.6268888888888888,DEV
0.2,2021-04-04 00:00:00+00:00,NULSUSDT,False,0.2298796094416533,0.10937259133651911,-0.08933251117619867,0.04932942808694296,DEV
0.2,2021-04-04 00:00:00+00:00,OXTUSDT,False,0.22645971914264607,0.010967819693865177,-0.10184404001446312,-0.033867663010726745,DEV
0.2,2021-04-04 00:00:00+00:00,PERLUSDT,False,0.3265625941775663,0.05143350447544193,-0.06751783361352182,-0.05988459266663637,DEV
0.2,2021-04-04 00:00:00+00:00,RLCUSDT,False,0.2081190155891428,-0.026331302809982304,-0.11698434531997115,-0.09975764721294289,DEV
0.2,2021-04-04 00:00:00+00:00,SUNUSDT,False,0.28044798203989996,-0.07393755852642914,-0.191289274969616,-0.19230539339722263,DEV
0.2,2021-04-04 00:00:00+00:00,SXPUSDT,False,0.3204976303317537,0.05877074921489456,-0.0841184387617766,0.12830865859129648,DEV
0.2,2021-04-04 00:00:00+00:00,TOMOUSDT,False,0.23941032323310907,-0.03025357770524728,-0.09606452422796885,0.028339191564147548,DEV
0.2,2021-04-04 00:00:00+00:00,TRXUSDT,False,0.2581090407177362,0.07005720554815453,-0.1344722200454509,-0.04286497923360244,DEV
0.2,2021-04-04 00:00:00+00:00,TWTUSDT,False,0.263654753877276,-0.025613660618996836,-0.11659551760939169,0.08631270010672365,DEV
0.2,2021-04-04 00:00:00+00:00,VITEUSDT,False,0.3530522341095028,0.047338501291989576,0.3565891472868217,0.34666666666666646,DEV
0.2,2021-04-04 00:00:00+00:00,WINUSDT,False,0.9916766903430292,0.18537686359909378,-0.28113786445429934,-0.24992285515283497,DEV
0.2,2021-04-04 00:00:00+00:00,WRXUSDT,False,1.5830744336569582,-0.02276707969480185,0.013125023491236343,-0.12930328125587287,DEV
0.2,2021-04-04 00:00:00+00:00,ZENUSDT,False,0.22993933737750827,0.023977903906273745,0.050141135763498657,0.14341214678119396,DEV
0.2,2021-04-04 00:00:00+00:00,ZILUSDT,False,0.2202092511013216,-0.04458684958707526,-0.13822825939798733,-0.07735006092332697,DEV
0.2,2021-04-05 00:00:00+00:00,AXSUSDT,False,0.5822766952667147,-0.17014296563732978,-0.16737581948238467,-0.18217511007892162,DEV
0.2,2021-04-05 00:00:00+00:00,BTCSTUSDT,False,0.31779661016949157,0.050160771704179874,-0.14252411575562707,0.3227652733118971,DEV
0.2,2021-04-05 00:00:00+00:00,GTOUSDT,False,0.6759394115933588,-0.11705918136786309,0.0995046493438776,-0.0019987833492657314,DEV
0.2,2021-04-05 00:00:00+00:00,MITHUSDT,False,0.7936666666666665,-0.20095397385863845,0.046831443969522546,-0.18998946911974235,DEV
0.2,2021-04-05 00:00:00+00:00,NKNUSDT,False,0.8468189233278958,-0.07252009539793314,0.641409769454995,0.5337161028177722,DEV
0.2,2021-04-05 00:00:00+00:00,OGNUSDT,False,0.27770694139848007,-0.07640108574165727,0.23076001916014688,-0.0363244451540794,DEV
0.2,2021-04-05 00:00:00+00:00,STXUSDT,False,1.214025974025974,-0.23165962771781634,-0.2542624745815736,-0.1850461442202408,DEV
0.2,2021-04-05 00:00:00+00:00,TCTUSDT,False,0.3519248718974415,-0.11735614044975473,0.019359747506058733,-0.07990475116947526,DEV
0.2,2021-04-05 00:00:00+00:00,XLMUSDT,False,0.25331964248208916,0.009309946747104725,-0.059695378542434674,0.09952333072654818,DEV
0.2,2021-04-05 00:00:00+00:00,XRPUSDT,False,0.44226771653543295,0.1974034765897974,0.1530289133473095,0.6033695842068483,DEV
0.2,2021-04-06 00:00:00+00:00,DATAUSDT,False,0.3425776575264061,-0.2010618920280587,-0.216060148044801,-0.24516529085765215,DEV
0.2,2021-04-06 00:00:00+00:00,PSGUSDT,False,0.30765735060213584,0.1837966985230235,0.1251520417028671,0.3826238053866202,DEV
0.2,2021-04-06 00:00:00+00:00,QTUMUSDT,False,0.28839330968068944,0.029045371098872286,0.032323629687909694,-0.013113034356150077,DEV
0.2,2021-04-07 00:00:00+00:00,ENJUSDT,False,0.2198591342879559,0.14564310954063608,0.13760424028268536,0.027060070671377945,DEV
0.2,2021-04-07 00:00:00+00:00,KMDUSDT,False,0.5226453533928852,0.21917455743104153,0.009263071222725516,-0.1256689995883079,DEV
0.2,2021-04-07 00:00:00+00:00,NKNUSDT,False,0.5680000000000001,0.1286686103012633,0.2399538386783282,-0.045104470359572435,DEV
0.2,2021-04-07 00:00:00+00:00,OGNUSDT,False,0.2592704641714927,0.05820777705323121,-0.09959844870782852,-0.18869478669732642,DEV
0.2,2021-04-08 00:00:00+00:00,BTTUSDT,False,0.21749820327571223,-0.05682418367663977,-0.1252368968838351,-0.14818612069054804,DEV
0.2,2021-04-08 00:00:00+00:00,CAKEUSDT,False,0.23072436719934686,0.14448867405933075,0.24258364136100852,0.11539190598047577,DEV
0.2,2021-04-08 00:00:00+00:00,DREPUSDT,False,0.6974148061104581,-0.09207338179300784,-0.14157147802007608,-0.2689511941848389,DEV
0.2,2021-04-08 00:00:00+00:00,GTOUSDT,False,0.4029718341095587,-0.10591210875750867,0.03912424913057233,-0.1647170407840658,DEV
0.2,2021-04-08 00:00:00+00:00,KMDUSDT,False,0.21917455743104153,-0.09915157654805629,-0.21140939597315433,-0.242771516609683,DEV
0.2,2021-04-08 00:00:00+00:00,MBLUSDT,False,0.30677083333333344,0.03025109605420484,-0.08505380629732961,-0.1505380629732962,DEV
0.2,2021-04-08 00:00:00+00:00,MITHUSDT,False,0.554931910195068,-0.1611337948991065,-0.13355819870998287,-0.2318480383454642,DEV
0.2,2021-04-08 00:00:00+00:00,OCEANUSDT,False,0.22624766479850567,-0.05234234724413733,-0.06763153599216498,-0.04592197616845317,DEV
0.2,2021-04-08 00:00:00+00:00,STMXUSDT,False,0.2553615319121594,-0.02813999616098284,-0.07711305905688148,-0.15998464393115364,DEV
0.2,2021-04-09 00:00:00+00:00,DEGOUSDT,False,0.2200370811813006,-0.017747625508819587,0.010529172320216995,-0.1885481682496608,DEV
0.2,2021-04-09 00:00:00+00:00,MDTUSDT,False,0.3592117758784428,-0.038340611353711807,-0.16593886462882101,-0.26139737991266376,DEV
0.2,2021-04-09 00:00:00+00:00,NKNUSDT,False,0.38972360943688655,-0.20948405384055402,-0.32764362385960566,-0.40064435185328606,DEV
0.2,2021-04-09 00:00:00+00:00,OGUSDT,False,0.22110629232290946,-0.19664776621596358,-0.18605520593183367,-0.2527260265437098,DEV
0.2,2021-04-09 00:00:00+00:00,VITEUSDT,False,0.2775710088148875,-0.15056731064090767,-0.298068077276909,-0.3707451701931923,DEV
0.2,2021-04-09 00:00:00+00:00,WAVESUSDT,False,0.22307518462626397,-0.02671546421248394,-0.09570359067283396,-0.018138143150064456,DEV
0.2,2021-04-10 00:00:00+00:00,XRPUSDT,False,0.34957383431149913,-0.015748834498834463,0.30835518648018656,0.12103729603729607,DEV
0.2,2021-04-11 00:00:00+00:00,GTOUSDT,False,0.27938886726352674,-0.1264927359853959,-0.20727162090210705,-0.3638092340457899,DEV
0.2,2021-04-11 00:00:00+00:00,IRISUSDT,False,0.28538627122697924,-0.09530720851475571,-0.09381861486360765,-0.28361430538498755,DEV
0.2,2021-04-12 00:00:00+00:00,BTCSTUSDT,False,0.41718340912222684,-0.01569108853128487,0.06105061014147517,-0.20993971510525544,DEV
0.2,2021-04-12 00:00:00+00:00,CHZUSDT,False,0.2224875750338864,-0.08757479760647668,-0.06070045758535725,-0.10911650827173536,DEV
0.2,2021-04-12 00:00:00+00:00,UNIUSDT,False,0.22664455315435195,-0.03421345312994073,0.028903294043244765,-0.14521704048587403,DEV
0.2,2021-04-12 00:00:00+00:00,XVSUSDT,False,0.2503977091950367,-0.042711741185023744,0.12201623652005322,-0.11187446988973715,DEV
0.2,2021-04-13 00:00:00+00:00,BEAMUSDT,False,0.3048514581629873,-0.12402088772845954,-0.1819321148825066,-0.20073107049608363,DEV
0.2,2021-04-13 00:00:00+00:00,DOGEUSDT,True,0.33460004552246936,0.28633821317344976,2.8711404419397892,2.361374759009343,DEV
0.2,2021-04-13 00:00:00+00:00,XRPUSDT,False,0.22314989478558744,0.02147418587948402,-0.1381095812617268,-0.22888353163224973,DEV
0.2,2021-04-14 00:00:00+00:00,BALUSDT,False,0.20293272419129016,0.031837672281776586,-0.06811638591117919,-0.15702909647779473,DEV
0.2,2021-04-14 00:00:00+00:00,DGBUSDT,False,0.2549067118972619,-0.014288472678123276,0.4481560146746475,0.4771191349681405,DEV
0.2,2021-04-14 00:00:00+00:00,DOGEUSDT,True,0.28633821317344976,0.5017338793687707,1.3243552612183351,1.5184698710151863,DEV
0.2,2021-04-14 00:00:00+00:00,RVNUSDT,False,0.22265015093161233,-0.05623190873488848,-0.08394347011748671,-0.2667716669504513,DEV
0.2,2021-04-14 00:00:00+00:00,UNFIUSDT,False,0.25677989008018764,-0.06806796186106534,-0.1664549430066673,-0.35716108681625924,DEV
0.2,2021-04-15 00:00:00+00:00,CRVUSDT,False,0.2762991128010137,-0.029294935451837034,-0.19985104270109233,-0.31678252234359483,DEV
0.2,2021-04-15 00:00:00+00:00,DOGEUSDT,True,0.5017338793687707,1.0039679776091126,0.7675481287278618,0.4293794852925452,DEV
0.2,2021-04-15 00:00:00+00:00,ETCUSDT,False,0.30537471543343075,0.3376274337798686,0.29566733885764807,0.1711640553736251,DEV
0.2,2021-04-15 00:00:00+00:00,MKRUSDT,False,0.400936544271135,-0.10144977756216667,-0.13335341360109387,0.07238492273983699,DEV
0.2,2021-04-15 00:00:00+00:00,VTHOUSDT,False,0.263705882352941,0.13499045757110273,0.056323604710701636,-0.22552716101103187,DEV
0.2,2021-04-15 00:00:00+00:00,XVSUSDT,False,0.20583907387392064,-0.09935205183585305,-0.20950323974082063,-0.21517278617710578,DEV
0.2,2021-04-15 00:00:00+00:00,ZENUSDT,False,0.28511683954351064,0.1565820922963781,0.008806765949623152,-0.02901268615554331,DEV
0.2,2021-04-16 00:00:00+00:00,BCHUSDT,False,0.27602275618047667,-0.10128406114922117,-0.19234637934627963,-0.23940445660743248,DEV
0.2,2021-04-16 00:00:00+00:00,CHZUSDT,False,0.44273107118097843,-0.1967012987012987,-0.3425974025974027,-0.4408181818181818,DEV
0.2,2021-04-16 00:00:00+00:00,DOGEUSDT,True,1.0039679776091126,-0.22764181813107032,0.11892293033613432,-0.3164044007909296,DEV
0.2,2021-04-16 00:00:00+00:00,ETCUSDT,False,0.3376274337798686,-0.014307586992532761,-0.12689753196737164,-0.14782067963651002,DEV
0.2,2021-04-16 00:00:00+00:00,SCUSDT,False,0.28378052457039504,0.24340699340112248,0.025526618603668005,-0.1914848648521711,DEV
0.2,2021-04-16 00:00:00+00:00,VETUSDT,False,0.3353283865126053,-0.03437320084440376,-0.0267394502846664,-0.1381708851312451,DEV
0.2,2021-04-17 00:00:00+00:00,DGBUSDT,False,0.33964454764669094,-0.11273333333333324,-0.1382,-0.2669999999999999,DEV
0.2,2021-04-17 00:00:00+00:00,NANOUSDT,False,1.057989126024507,-0.1025448924709983,-0.32075739532976355,-0.4262359723350394,DEV
0.2,2021-04-17 00:00:00+00:00,SCUSDT,False,0.24340699340112248,-0.0918637153433558,-0.15305582835990028,-0.41078038830550734,DEV
0.2,2021-04-18 00:00:00+00:00,NEOUSDT,False,0.2754469987228607,-0.08938510192671945,-0.1918792399929906,-0.3358199614489198,DEV
0.2,2021-04-18 00:00:00+00:00,SOLUSDT,False,0.3012394366197182,-0.026741258914268373,0.006729383531565825,0.4660221797512356,DEV
0.2,2021-04-19 00:00:00+00:00,AXSUSDT,False,0.2061180760793453,0.07110400549000384,0.006168795244980041,-0.058245511088788726,DEV
0.2,2021-04-19 00:00:00+00:00,CTSIUSDT,False,0.25453752346994896,-0.06759085686642063,-0.20363427465683004,-0.035042631674427005,DEV
0.2,2021-04-19 00:00:00+00:00,DNTUSDT,False,0.2056619211258386,-0.06843291077390812,-0.23526697250196793,-0.21268221178642188,DEV
0.2,2021-04-19 00:00:00+00:00,DOGEUSDT,True,0.2685853841049186,-0.2239712107761499,-0.36253463535361696,-0.3357593365663739,DEV
0.2,2021-04-20 00:00:00+00:00,ARDRUSDT,False,0.27117888105260235,-0.1269270410736607,-0.3391153702769676,-0.12694897041731557,DEV
0.2,2021-04-20 00:00:00+00:00,CAKEUSDT,False,0.21194766289263844,-0.05125408942202836,-0.020501635768811366,0.3015267175572518,DEV
0.2,2021-04-20 00:00:00+00:00,CELOUSDT,False,0.4089318689862962,0.007501810781912921,-0.16952367812920366,-0.04333804711482092,DEV
0.2,2021-04-20 00:00:00+00:00,COTIUSDT,False,0.29457748627211733,-0.08515714748593473,-0.08097440278064161,0.1424784235176293,DEV
0.2,2021-04-20 00:00:00+00:00,NBSUSDT,False,0.3153872872525183,-0.09453393187219439,-0.264589384737259,-0.1423290203327171,DEV
0.2,2021-04-20 00:00:00+00:00,STPTUSDT,False,0.39488551888195067,-0.14410573438499263,-0.2365167341718184,-0.06277979108932008,DEV
0.2,2021-04-20 00:00:00+00:00,WNXMUSDT,False,0.21810713112060465,0.025170636954703562,0.08313324520462939,0.25646801737394465,DEV
0.2,2021-04-20 00:00:00+00:00,ZENUSDT,False,0.22051080061362405,-0.06156263269639062,-0.04689596602972401,0.08407643312101909,DEV
0.2,2021-04-21 00:00:00+00:00,MTLUSDT,False,0.22110525749919363,-0.19634602685450153,-0.325709883337002,-0.1478538410741801,DEV
0.2,2021-04-21 00:00:00+00:00,NKNUSDT,False,0.21190401479744359,-0.17214030688724757,-0.2515058188656619,-0.1079556294459133,DEV
0.2,2021-04-22 00:00:00+00:00,JUVUSDT,False,0.2810164424514201,-0.12718786464410736,-0.08318053008834803,-0.069956103795077,DEV
0.2,2021-04-23 00:00:00+00:00,CKBUSDT,False,0.2222222222222221,-0.14152892561983477,-0.07652892561983471,0.07607438016528945,DEV
0.2,2021-04-23 00:00:00+00:00,STORJUSDT,False,0.2543700269406679,-0.1324609160381599,-0.034863393436891266,0.03830977473652686,DEV
0.2,2021-04-23 00:00:00+00:00,WINUSDT,False,0.25854030075033196,-0.09857208282900976,0.0289018286499394,0.11706303771794957,DEV
0.2,2021-04-24 00:00:00+00:00,AUDIOUSDT,False,0.2076853041320046,0.0014871270564178474,0.2592041804793921,0.37807107228057135,DEV
0.2,2021-04-24 00:00:00+00:00,CELOUSDT,False,0.275188969183487,-0.0869756383533089,-0.09664864512767057,-0.13247459614382484,DEV
0.2,2021-04-25 00:00:00+00:00,FIOUSDT,False,0.20580164641317134,0.05039011703511065,0.04713914174252287,0.15572171651495448,DEV
0.2,2021-04-25 00:00:00+00:00,PNTUSDT,False,0.5212496941022922,-0.07405222800150146,-0.06246983752480029,0.02488069065365428,DEV
0.2,2021-04-25 00:00:00+00:00,SFPUSDT,False,0.22314764737696047,0.03409090909090895,0.003935267067562753,0.279669260700389,DEV
0.2,2021-04-25 00:00:00+00:00,SRMUSDT,False,0.29186346256985174,0.27285023637021055,0.29253659385839215,0.4328454152214378,DEV
0.2,2021-04-26 00:00:00+00:00,AIONUSDT,False,0.24383103304056886,0.15669132481506387,0.07632817753866838,0.20073974445191656,DEV
0.2,2021-04-26 00:00:00+00:00,AKROUSDT,False,0.24251583567692592,0.04201040741210815,0.055548504463341475,0.16372636121335193,DEV
0.2,2021-04-26 00:00:00+00:00,AVAUSDT,False,0.2312419064063176,0.10010311404413264,0.04557640750670244,0.08640956898329555,DEV
0.2,2021-04-26 00:00:00+00:00,AVAXUSDT,False,0.2232241953385128,0.05663301954557487,0.05523420664625145,0.3561302030168991,DEV
0.2,2021-04-26 00:00:00+00:00,BADGERUSDT,False,0.2227276386764352,0.14446090534979428,0.043226337448559526,0.15542386831275712,DEV
0.2,2021-04-26 00:00:00+00:00,BEAMUSDT,False,0.21386908619572242,0.031271451452978605,-0.0006101746624970206,0.15635725726489214,DEV
0.2,2021-04-26 00:00:00+00:00,BELUSDT,False,0.21553686293913898,0.05025916578468892,0.038535645472061786,0.15739911530842088,DEV
0.2,2021-04-26 00:00:00+00:00,BLZUSDT,False,0.2174301522389086,0.13075142550668994,0.18029131146615485,0.24905436684920668,DEV
0.2,2021-04-26 00:00:00+00:00,BTCSTUSDT,False,0.25946596438599845,0.020660813692635838,0.030741961392527717,-0.010025756778464068,DEV
0.2,2021-04-26 00:00:00+00:00,BZRXUSDT,False,0.33525004356159616,0.02231502022706522,0.1636434816651442,0.12331984862325474,DEV
0.2,2021-04-26 00:00:00+00:00,CELRUSDT,False,0.37004608294930863,0.14312142616885315,0.02001345442314162,0.13807601749075005,DEV
0.2,2021-04-26 00:00:00+00:00,CHRUSDT,False,0.2615218331171638,0.08838548271016822,0.283971349258028,0.36228109256657204,DEV
0.2,2021-04-26 00:00:00+00:00,CTSIUSDT,False,0.5281302370122096,-0.0035876547078176335,-0.06334012219959262,0.15054049819833937,DEV
0.2,2021-04-26 00:00:00+00:00,CTXCUSDT,False,0.23914616497829244,0.0712408759124088,0.05605839416058389,0.1614598540145984,DEV
0.2,2021-04-26 00:00:00+00:00,CVCUSDT,False,0.220775571375047,0.05075577380495666,-0.01195043351492353,0.11768203790378284,DEV
0.2,2021-04-26 00:00:00+00:00,DENTUSDT,False,0.3126760563380282,0.09108249880782071,0.06379589890319504,0.037749165474487256,DEV
0.2,2021-04-26 00:00:00+00:00,DIAUSDT,False,0.2579365079365079,0.06650893796004231,0.06282860147213465,0.2720820189274449,DEV
0.2,2021-04-26 00:00:00+00:00,DOCKUSDT,False,0.469251962364194,-0.02169721200113217,-0.07430830738748939,0.05660026889329184,DEV
0.2,2021-04-26 00:00:00+00:00,DODOUSDT,False,0.20309620346479895,0.09681372549019618,0.1734068627450982,0.2365196078431373,DEV
0.2,2021-04-26 00:00:00+00:00,DUSKUSDT,False,0.28707224334600756,-0.008124076809453373,0.0036927621861151394,0.06425406203840489,DEV
0.2,2021-04-26 00:00:00+00:00,ENJUSDT,False,0.25047998818490624,0.023936065509231996,0.03964410849966549,0.030549978347309326,DEV
0.2,2021-04-26 00:00:00+00:00,FETUSDT,False,0.28097030531158507,0.35627530364372473,0.22347742806146886,0.37588698794131714,DEV
0.2,2021-04-26 00:00:00+00:00,FTMUSDT,False,0.2574351264788548,0.36857699805068234,0.5121247563352829,0.847745289148798,DEV
0.2,2021-04-26 00:00:00+00:00,IOSTUSDT,False,0.2511480119262661,0.10127154760041068,0.056915235958183485,0.12082311398702372,DEV
0.2,2021-04-26 00:00:00+00:00,IOTAUSDT,False,0.21345368055132052,0.10916218525405852,0.05729506960848374,0.047193044177514354,DEV
0.2,2021-04-26 00:00:00+00:00,IOTXUSDT,False,0.3074546156817306,0.17032155436882168,0.17573003067833182,0.3966821952050903,DEV
0.2,2021-04-26 00:00:00+00:00,KSMUSDT,False,0.24252898846746063,0.004248754457398585,-0.021092031056371918,0.07291166131357318,DEV
0.2,2021-04-26 00:00:00+00:00,LTOUSDT,False,0.2009829694822265,0.0011039838589945727,-0.028989093400841215,0.16870015417705608,DEV
0.2,2021-04-26 00:00:00+00:00,MATICUSDT,False,0.3973871857596418,0.5427592371871277,0.6611293206197855,0.48022199046483904,DEV
0.2,2021-04-26 00:00:00+00:00,MITHUSDT,False,0.2813825003212129,0.23934623483405204,0.29309134663591685,0.25709415421638426,DEV
0.2,2021-04-26 00:00:00+00:00,OMUSDT,False,0.29301185124642415,0.06163084702907695,0.23008849557522115,0.24494310998735758,DEV
0.2,2021-04-26 00:00:00+00:00,ONEUSDT,False,0.42450857381848595,0.04169113329418672,-0.028479154433352916,0.037433940105695784,DEV
0.2,2021-04-26 00:00:00+00:00,REPUSDT,False,0.2426381952815566,0.059146341463414576,0.003325942350332678,0.19351441241685152,DEV
0.2,2021-04-26 00:00:00+00:00,RLCUSDT,False,0.3461142322097379,0.034500747748061,-0.04489966264389811,0.1433937328278787,DEV
0.2,2021-04-26 00:00:00+00:00,RSRUSDT,False,0.21574733096085397,0.08000975728747428,0.01975850713501659,0.09062080741553857,DEV
0.2,2021-04-26 00:00:00+00:00,RUNEUSDT,False,0.20309242529534388,0.06505415162454864,0.024981949458483754,0.28303249097472927,DEV
0.2,2021-04-26 00:00:00+00:00,RVNUSDT,False,0.2084775751980923,0.08415557960404851,0.04296899866318671,0.1667833725889618,DEV
0.2,2021-04-26 00:00:00+00:00,SCUSDT,False,0.20202515106973706,0.11733695652173926,0.025733695652174093,0.10415760869565216,DEV
0.2,2021-04-26 00:00:00+00:00,SRMUSDT,False,0.27285023637021055,0.0908517018254511,-0.028312904413698714,0.23095375874585722,DEV
0.2,2021-04-26 00:00:00+00:00,SXPUSDT,False,0.2340715502555366,0.13694091662065166,0.2752622860298177,0.5099392600773054,DEV
0.2,2021-04-26 00:00:00+00:00,TCTUSDT,False,0.217255373515707,0.19300108663439697,0.17684974809838971,0.6950261780104712,DEV
0.2,2021-04-26 00:00:00+00:00,TRBUSDT,False,0.4360499894912129,-0.021379356930559368,-0.06580428712960462,0.10953120778168057,DEV
0.2,2021-04-26 00:00:00+00:00,WANUSDT,False,0.2968490878938641,0.09750639386189253,0.12570332480818402,0.1544757033248083,DEV
0.2,2021-04-26 00:00:00+00:00,WAVESUSDT,False,0.4318954854669139,0.1142363548021379,0.24250931274631538,0.7617016681962965,DEV
0.2,2021-04-26 00:00:00+00:00,WINGUSDT,False,0.21854611793079992,0.11147199878200409,0.1697835519805122,0.2718160826207212,DEV
0.2,2021-04-26 00:00:00+00:00,XRPUSDT,False,0.3166843783209352,0.028468706434808144,0.025607161200381423,0.14065595421527632,DEV
0.2,2021-04-26 00:00:00+00:00,ZENUSDT,False,0.2051328557177836,-0.03943110843554809,-0.10038377605538407,-0.12032508089397231,DEV
0.2,2021-04-27 00:00:00+00:00,BTSUSDT,False,0.21287274874520223,-0.0692956832197339,0.06118143459915615,-0.06824083089905875,DEV
0.2,2021-04-27 00:00:00+00:00,CKBUSDT,False,0.22793986039019165,-0.08829531375264199,-0.05105313023832081,-0.14091538517600766,DEV
0.2,2021-04-27 00:00:00+00:00,COCOSUSDT,False,0.2510888501742161,-0.04725848563968671,0.07484769364664934,0.003916449086161844,DEV
0.2,2021-04-27 00:00:00+00:00,COTIUSDT,False,0.2323187392768633,-0.016165626772546737,0.03985974320631169,-0.15072448821739792,DEV
0.2,2021-04-27 00:00:00+00:00,DEGOUSDT,False,0.3516733357584576,0.10065262732961067,0.04541478840072677,-0.038148422256610415,DEV
0.2,2021-04-27 00:00:00+00:00,FETUSDT,False,0.35627530364372473,-0.06910608249077188,-0.03694431070454185,-0.12121649815438928,DEV
0.2,2021-04-27 00:00:00+00:00,FTMUSDT,False,0.36857699805068234,0.12638635673047705,0.4066393193558189,0.23505393497417182,DEV
0.2,2021-04-27 00:00:00+00:00,HIVEUSDT,False,0.3463551401869158,-0.06039150354019174,-0.08926836040538666,-0.19672358739414142,DEV
0.2,2021-04-27 00:00:00+00:00,MATICUSDT,False,0.5427592371871277,-0.06204732013520042,-0.009343312409464177,-0.15047078705939165,DEV
0.2,2021-04-27 00:00:00+00:00,MITHUSDT,False,0.23934623483405204,0.14490291262135924,0.04660194174757293,-0.13834951456310685,DEV
0.2,2021-04-27 00:00:00+00:00,PONDUSDT,False,0.22587268993839826,-0.05080960357342268,0.02959240647682848,-0.012283640424343933,DEV
0.2,2021-04-27 00:00:00+00:00,SKLUSDT,False,0.23145167621888962,-0.08576665604080314,0.06632132610774621,-0.06483901817022619,DEV
0.2,2021-04-27 00:00:00+00:00,UTKUSDT,False,0.21520106053910748,-0.0865454545454547,-0.0041818181818182865,0.21618181818181825,DEV
0.2,2021-04-27 00:00:00+00:00,ZILUSDT,False,0.2939530356491058,-0.06647860836859432,-0.03582510578279263,-0.09257169722614011,DEV
0.2,2021-04-28 00:00:00+00:00,ALICEUSDT,False,0.24951055662188093,0.03366385302498487,0.39868201752701626,0.11875667247828336,DEV
0.2,2021-04-28 00:00:00+00:00,AXSUSDT,False,0.2512839025980831,-0.05669666539474538,-0.09276028627534916,-0.19495760779532612,DEV
0.2,2021-04-29 00:00:00+00:00,BZRXUSDT,False,0.22857536511435672,-0.029494224514971523,-0.06650218683413711,0.010765952674666401,DEV
0.2,2021-04-29 00:00:00+00:00,CHRUSDT,False,0.24625773401636608,-0.04900573868944347,0.13663419191245163,-0.07700520485786733,DEV
0.2,2021-04-29 00:00:00+00:00,OMUSDT,False,0.20907114010562267,0.002312435765673193,0.06115107913669071,-0.10534429599177797,DEV
0.2,2021-04-29 00:00:00+00:00,VITEUSDT,False,0.3461514721313501,0.02421018845430778,0.034802145903067405,-0.1929937181897382,DEV
0.2,2021-04-29 00:00:00+00:00,WAVESUSDT,False,0.21137954629191014,0.010688681294807711,0.034325439930479984,0.48663914838149047,DEV
0.2,2021-04-29 00:00:00+00:00,XVSUSDT,False,0.5387472474995358,-0.03265517241379312,0.06771551724137925,-0.049422413793103526,DEV
0.2,2021-04-30 00:00:00+00:00,ALICEUSDT,False,0.3117207353137865,0.03156898954309062,-0.06534718524476879,-0.2320006344386918,DEV
0.2,2021-04-30 00:00:00+00:00,ALPHAUSDT,False,0.20296167247386765,0.05663597806972165,0.12599565532223034,0.005275680148960404,DEV
0.2,2021-04-30 00:00:00+00:00,ARPAUSDT,False,0.2753623188405796,-0.07572930800542732,-0.001272048846675644,-0.08658412483039346,DEV
0.2,2021-04-30 00:00:00+00:00,FLMUSDT,False,0.23017868960953014,-0.010114052076608537,0.03453841187863138,0.056703249408220247,DEV
0.2,2021-04-30 00:00:00+00:00,FTMUSDT,False,0.2731054160435895,0.09859858508397701,-0.040179294702165635,0.04736188367446137,DEV
0.2,2021-04-30 00:00:00+00:00,FUNUSDT,False,0.23653278018731538,0.009937982919886235,0.09101769011793426,0.19268503456689734,DEV
0.2,2021-04-30 00:00:00+00:00,IOTXUSDT,False,0.5269241176697979,-0.16474683544303792,-0.2220126582278481,-0.321367088607595,DEV
0.2,2021-04-30 00:00:00+00:00,LTOUSDT,False,0.3327125887011406,-0.04205215703002041,-0.09688616941474104,-0.1972730080750732,DEV
0.2,2021-04-30 00:00:00+00:00,STMXUSDT,False,0.23541414901836477,-0.041276459268762,-0.08837395766516998,-0.19090763309813985,DEV
0.2,2021-05-01 00:00:00+00:00,CHRUSDT,False,0.20800471526004105,-0.01059479553903353,-0.17653345724907066,-0.19825743494423798,DEV
0.2,2021-05-01 00:00:00+00:00,ETCUSDT,False,0.23099374948371287,0.004786829508343304,0.5489867131928599,1.8478727687558711,DEV
0.2,2021-05-01 00:00:00+00:00,NANOUSDT,False,0.23075652850840989,-0.032516819044333234,-0.16815210932857994,-0.05693557970597807,DEV
0.2,2021-05-02 00:00:00+00:00,EPSUSDT,False,0.2188976377952756,0.0012919896640826156,-0.148578811369509,-0.26356589147286835,DEV
0.2,2021-05-02 00:00:00+00:00,TWTUSDT,False,0.4487145152651313,-0.009242998428690252,-0.08152324614104822,-0.13587207690174707,DEV
0.2,2021-05-02 00:00:00+00:00,UTKUSDT,False,0.3685962641020899,0.039054054054054044,0.2113513513513514,-0.00040540540540534575,DEV
0.2,2021-05-03 00:00:00+00:00,IRISUSDT,False,0.2086698533047633,-0.1351425064775671,-0.1799627255784353,-0.31424155643438334,DEV
0.2,2021-05-03 00:00:00+00:00,MKRUSDT,False,0.2190305974803035,-0.12448447015987074,-0.15492894172402205,-0.16699739706538774,DEV
0.2,2021-05-03 00:00:00+00:00,RUNEUSDT,False,0.2218936945609571,-0.05143500281373092,-0.016488463702869938,-0.07090602138435553,DEV
0.2,2021-05-03 00:00:00+00:00,UNFIUSDT,False,0.2635318275154004,-0.1948841290993597,-0.18649852114278287,-0.29733155653784904,DEV
0.2,2021-05-03 00:00:00+00:00,WAVESUSDT,False,0.3708044528460406,0.07792963961755328,0.04851066437852425,-0.05457832802157392,DEV
0.2,2021-05-04 00:00:00+00:00,CTSIUSDT,False,0.36848268631108794,-0.06703482587064669,-0.02689552238805959,0.1296616915422888,DEV
0.2,2021-05-04 00:00:00+00:00,DOGEUSDT,True,0.220017217162793,0.21439447394808187,0.28090763917257755,-0.08407917703420364,DEV
0.2,2021-05-04 00:00:00+00:00,ETCUSDT,False,0.3307646482310662,0.3568715793729875,0.7294545769614003,0.6054094643965979,DEV
0.2,2021-05-04 00:00:00+00:00,RLCUSDT,False,0.3111388246745348,-0.01552024127131435,-0.0273750144994781,1.2342419672891771,DEV
0.2,2021-05-04 00:00:00+00:00,TRBUSDT,False,0.24982496727649095,-0.01669183431568355,-0.15140370532742298,-0.01469465958725058,DEV
0.2,2021-05-05 00:00:00+00:00,BCHUSDT,False,0.5285574566984614,0.03837659701821128,-0.038961396363236145,-0.1493164727655505,DEV
0.2,2021-05-05 00:00:00+00:00,DOGEUSDT,True,0.21439447394808187,-0.11152905198776764,-0.025871559633027563,-0.40122324159021405,DEV
0.2,2021-05-05 00:00:00+00:00,EOSUSDT,False,0.3754731861198737,0.3146379221374922,0.18562009059113582,0.18727137205435485,DEV
0.2,2021-05-05 00:00:00+00:00,ETCUSDT,False,0.3568715793729875,0.42466103318362736,0.35498392967369785,-0.09542155339392533,DEV
0.2,2021-05-05 00:00:00+00:00,FLMUSDT,False,0.2140050017863524,-0.032371983519717484,-0.060918187168922944,-0.21179124975475783,DEV
0.2,2021-05-05 00:00:00+00:00,FTMUSDT,False,0.20154383159319122,-0.06391092910161245,0.04589198873816236,-0.22559508574353726,DEV
0.2,2021-05-05 00:00:00+00:00,ONTUSDT,False,0.21775706246802695,0.24626587005227796,0.14488424197162053,-0.021144510828976726,DEV
0.2,2021-05-05 00:00:00+00:00,PNTUSDT,False,0.7440055600602342,-0.18364771519659928,-0.12300743889479282,-0.4113642401700319,DEV
0.2,2021-05-05 00:00:00+00:00,QTUMUSDT,False,0.28818966142246083,0.39441692931112105,0.4449009455200359,0.12606933813597476,DEV
0.2,2021-05-05 00:00:00+00:00,TRXUSDT,False,0.22967189728958637,0.038351303398389325,-0.024088985942404828,-0.18670670124198174,DEV
0.2,2021-05-05 00:00:00+00:00,UTKUSDT,False,0.34011062939153813,-0.0970548862115127,-0.13130298973672472,-0.34649709950914764,DEV
0.2,2021-05-05 00:00:00+00:00,XLMUSDT,False,0.20579438506938907,0.07626544077522213,0.014998429050981477,-0.01519686471648507,DEV
0.2,2021-05-05 00:00:00+00:00,XTZUSDT,False,0.20283199387676998,0.1476145023711044,0.056891353423329294,-0.1001621138433102,DEV
0.2,2021-05-05 00:00:00+00:00,ZECUSDT,False,0.21165975103734436,0.05671038663059491,0.08301085579260992,-0.040683538234991934,DEV
0.2,2021-05-06 00:00:00+00:00,EOSUSDT,False,0.3146379221374922,-0.09495564491508424,-0.08164475807506777,-0.07748401559624218,DEV
0.2,2021-05-06 00:00:00+00:00,ETCUSDT,False,0.42466103318362736,-0.10533825375007466,-0.1192254825793343,-0.3397552740094425,DEV
0.2,2021-05-06 00:00:00+00:00,OMGUSDT,False,0.3257043674820377,-0.09651219437931968,-0.11492555491276679,-0.264516030813263,DEV
0.2,2021-05-06 00:00:00+00:00,ONTUSDT,False,0.24626587005227796,-0.07985018726591764,0.008764044943820215,-0.20318352059925093,DEV
0.2,2021-05-06 00:00:00+00:00,QTUMUSDT,False,0.39441692931112105,0.07894736842105265,0.10449628672909261,-0.16120439134646436,DEV
0.2,2021-05-07 00:00:00+00:00,AIONUSDT,False,0.4277008310249306,0.038610787737679564,-0.12495149398525407,-0.11544431509507169,DEV
0.2,2021-05-07 00:00:00+00:00,CTSIUSDT,False,0.20507923207728518,0.7574260969150381,0.1676022781884925,0.1507919465832286,DEV
0.2,2021-05-07 00:00:00+00:00,LSKUSDT,False,0.3071176742573114,-0.06306445729193155,-0.04014901119794845,-0.1822070901915701,DEV
0.2,2021-05-08 00:00:00+00:00,CTSIUSDT,False,0.7574260969150381,-0.15171843999278523,-0.3394406269818643,-0.4085505989957585,DEV
0.2,2021-05-08 00:00:00+00:00,MDTUSDT,False,0.30803373280071034,-0.13482637710666212,-0.20495419070240917,-0.37699355276552426,DEV
0.2,2021-05-08 00:00:00+00:00,TCTUSDT,False,0.39403795611958925,-0.09068183238547578,-0.1979980417890549,-0.4242026540007916,DEV
0.2,2021-05-08 00:00:00+00:00,XVSUSDT,False,0.20235774119006344,0.04417351090824484,0.007237128571643048,-0.15512529841894263,DEV
0.2,2021-05-09 00:00:00+00:00,CTXCUSDT,False,0.31307506053268774,-0.2607412871104555,-0.3643739627512447,-0.4233818919417297,DEV
0.2,2021-05-09 00:00:00+00:00,RLCUSDT,False,1.0349546846171003,0.15040950122551466,-0.30300101628041365,-0.21296056433453558,DEV
0.2,2021-05-10 00:00:00+00:00,CKBUSDT,False,0.4303549877231678,-0.09426825720104737,-0.2673261565318591,-0.3703811463485598,DEV
0.2,2021-05-11 00:00:00+00:00,EOSUSDT,False,0.566444734598742,-0.28676531371414404,-0.23193078173651882,-0.3577402110716156,DEV
0.2,2021-05-11 00:00:00+00:00,FIROUSDT,False,0.30203383387188754,-0.2697323600973236,-0.24257907542579082,-0.3581508515815086,DEV
0.2,2021-05-11 00:00:00+00:00,FISUSDT,False,0.2315249893208029,-0.2091571279916754,-0.09365244536940687,-0.2969129379118973,DEV
0.2,2021-05-11 00:00:00+00:00,LRCUSDT,False,0.2901053291045068,-0.0684411800412772,-0.0712638096394318,-0.19931407065679252,DEV
0.2,2021-05-11 00:00:00+00:00,MATICUSDT,False,0.21576540528181098,-0.011707399640785043,0.3858552043858081,1.2956282971140554,DEV
0.2,2021-05-11 00:00:00+00:00,OMGUSDT,False,0.22567818765594083,-0.21436797456651147,-0.16938086973447308,-0.29580217676923326,DEV
0.2,2021-05-11 00:00:00+00:00,REEFUSDT,False,0.3456186041617342,-0.22337784207542366,-0.16228421731735454,-0.27745303122128606,DEV
0.2,2021-05-11 00:00:00+00:00,YFIUSDT,False,0.3277384234945204,-0.20916384026469403,-0.06283612788399162,-0.12127737765234581,DEV
0.2,2021-05-13 00:00:00+00:00,ADAUSDT,False,0.22951446412641774,0.0400601160862355,0.19206053067993367,-0.06685323383084574,DEV
0.2,2021-05-13 00:00:00+00:00,ALPHAUSDT,False,0.23704441126043907,-0.008986453257030402,-0.1530379577055483,-0.41315330621004154,DEV
0.2,2021-05-13 00:00:00+00:00,ATMUSDT,False,0.23256395821605036,0.23486424765287994,1.0736361329611772,1.2895204262877447,DEV
0.2,2021-05-13 00:00:00+00:00,BLZUSDT,False,0.23095014111006584,-0.07652528340338816,0.0220863584256783,-0.37465291045726656,DEV
0.2,2021-05-13 00:00:00+00:00,DOGEUSDT,True,0.24987231869254334,0.143548881397487,0.04954540811114527,-0.18770048013075902,DEV
0.2,2021-05-13 00:00:00+00:00,HBARUSDT,False,0.394170627970978,0.0022730671452071416,-0.017705996710034366,-0.17942276058023032,DEV
0.2,2021-05-14 00:00:00+00:00,ACMUSDT,False,0.2019934162399415,0.1993153290224421,0.03567896538607851,0.11190566755420317,DEV
0.2,2021-05-14 00:00:00+00:00,ATMUSDT,False,0.23486424765287994,0.8040932067562572,0.8990260140549873,1.141536185427198,DEV
0.2,2021-05-14 00:00:00+00:00,CTSIUSDT,False,0.28183692297178786,-0.09677104065965314,-0.013105985214671656,-0.3042721069092976,DEV
0.2,2021-05-14 00:00:00+00:00,MATICUSDT,False,0.3987054647609285,0.08227255455433724,0.17168331342959497,0.006608945825643309,DEV
0.2,2021-05-14 00:00:00+00:00,RLCUSDT,False,0.31866724824471304,-0.12157620119719592,-0.22208943757402455,-0.32290143940929805,DEV
0.2,2021-05-14 00:00:00+00:00,SUSHIUSDT,False,0.2583592798158929,-0.12963261793340863,-0.12930988112527564,-0.31396912484535533,DEV
0.2,2021-05-15 00:00:00+00:00,ATMUSDT,False,0.8040932067562572,-0.06920430989316395,0.10243969110913698,-0.40472448119547144,DEV
0.2,2021-05-15 00:00:00+00:00,ONEUSDT,False,0.3718392795289227,-0.06034591591970717,0.1073728064638304,-0.43618230021461946,DEV
0.2,2021-05-16 00:00:00+00:00,SRMUSDT,False,0.23060934806853917,-0.05080329557157581,-0.44029866117404737,-0.6064881565396498,DEV
0.2,2021-05-17 00:00:00+00:00,CELOUSDT,False,0.2938134248897195,-0.08992274101444409,-0.30426603963721854,-0.48228081961706415,DEV
0.2,2021-05-18 00:00:00+00:00,ASRUSDT,False,0.26472320376914005,-0.40302677532013964,-0.2377182770663563,-0.5498641831587117,DEV
0.2,2021-05-18 00:00:00+00:00,CELRUSDT,False,0.43846642660453283,-0.26078633485495506,-0.43837431895155354,-0.46399646591076416,DEV
0.2,2021-05-18 00:00:00+00:00,INJUSDT,False,0.24465952298651938,-0.3454787824927794,-0.4307376138635859,-0.47067318373694744,DEV
0.2,2021-05-18 00:00:00+00:00,JUVUSDT,False,0.3715328467153285,-0.4478065840492663,-0.3203831825439064,-0.6116855470234928,DEV
0.2,2021-05-18 00:00:00+00:00,MATICUSDT,False,0.4137527652625117,-0.33647654470678834,-0.3923170192197408,-0.20752158739001492,DEV
0.2,2021-05-18 00:00:00+00:00,OGUSDT,False,0.27478725509598245,-0.40223550415275944,-0.2983777070558099,-0.5571683614065046,DEV
0.2,2021-05-18 00:00:00+00:00,ONEUSDT,False,0.3045062462819752,-0.3863649318816622,-0.40460582568545855,-0.40540386478937473,DEV
0.2,2021-05-18 00:00:00+00:00,PERPUSDT,False,0.256653182882691,-0.0801355357899195,-0.12638712409995756,-0.11469716221939852,DEV
0.2,2021-05-18 00:00:00+00:00,SUSHIUSDT,False,0.3242725644035336,-0.3873857062884867,-0.405019593207688,-0.4295111028176899,DEV
0.2,2021-05-20 00:00:00+00:00,ACMUSDT,False,0.31561224489795925,0.13363840843868768,-0.372760412627007,-0.32668890095400616,DEV
0.2,2021-05-20 00:00:00+00:00,ADAUSDT,False,0.22798881538566462,-0.13956458958125073,-0.270298789292458,-0.08075086082416971,DEV
0.2,2021-05-20 00:00:00+00:00,ARDRUSDT,False,0.21176073974186105,0.02432335757720283,-0.13373872262628672,-0.01132705377369736,DEV
0.2,2021-05-20 00:00:00+00:00,ATMUSDT,False,0.3104159405135356,0.15504821012966863,-0.60771362074698,-0.5881635819572205,DEV
0.2,2021-05-20 00:00:00+00:00,ATOMUSDT,False,0.2296285527367885,-0.1976826672972335,-0.3114211397493497,-0.14134547174272882,DEV
0.2,2021-05-20 00:00:00+00:00,CAKEUSDT,False,0.2882859878710502,-0.16624547842029636,-0.36990238342995896,-0.09717060601555927,DEV
0.2,2021-05-20 00:00:00+00:00,CFXUSDT,False,0.28720626631853774,-0.17849898580121693,-0.3407707910750507,-0.22515212981744415,DEV
0.2,2021-05-20 00:00:00+00:00,COCOSUSDT,False,0.22444444444444445,-0.22257053291536044,-0.4401913875598086,-0.013364131331463414,DEV
0.2,2021-05-20 00:00:00+00:00,CTSIUSDT,False,0.3187955634981421,-0.1579105858060076,-0.3985674800770034,-0.16254584171300135,DEV
0.2,2021-05-20 00:00:00+00:00,CVCUSDT,False,0.5736593384014794,-0.2171954563258911,-0.3987465726596162,-0.19489054271662976,DEV
0.2,2021-05-20 00:00:00+00:00,DASHUSDT,False,0.20048666948793903,-0.17008901031109547,-0.33934079492376834,-0.09623689080814313,DEV
0.2,2021-05-20 00:00:00+00:00,DGBUSDT,False,0.2307902279241163,-0.14537591483699264,-0.31215347083610556,-0.21545797294300295,DEV
0.2,2021-05-20 00:00:00+00:00,DNTUSDT,False,0.29841963685272366,-0.1408347360697485,-0.2994086926496612,-0.12982865035176316,DEV
0.2,2021-05-20 00:00:00+00:00,DOGEUSDT,True,0.20679921080588848,-0.10010563911665582,-0.22951355701997078,-0.15984204436842897,DEV
0.2,2021-05-20 00:00:00+00:00,ENJUSDT,False,0.2427363309051327,-0.1390648160625252,-0.364371378520415,0.1638593181511927,DEV
0.2,2021-05-20 00:00:00+00:00,ETCUSDT,False,0.24072952419409122,-0.12986819266652205,-0.30091939683228475,0.011553482317205432,DEV
0.2,2021-05-20 00:00:00+00:00,FILUSDT,False,0.3581495098039216,-0.1333182946086171,-0.2682156553124295,-0.19433792014437168,DEV
0.2,2021-05-20 00:00:00+00:00,FIROUSDT,False,0.20561797752808997,-0.18276897587242413,-0.3671947809878845,-0.2100031065548308,DEV
0.2,2021-05-20 00:00:00+00:00,FLMUSDT,False,0.43715239154616237,-0.20433436532507743,-0.39179566563467494,-0.07832817337461295,DEV
0.2,2021-05-20 00:00:00+00:00,GRTUSDT,False,0.216545990882274,-0.059958117491458185,-0.28281714978507666,-0.15011572798412876,DEV
0.2,2021-05-20 00:00:00+00:00,HBARUSDT,False,0.27787610619469016,-0.13551538125091123,-0.1548330660446129,-0.07238664528356897,DEV
0.2,2021-05-20 00:00:00+00:00,IOSTUSDT,False,0.22769334684228304,-0.042308538732394485,-0.2465063820422536,-0.052459286971831,DEV
0.2,2021-05-20 00:00:00+00:00,KAVAUSDT,False,0.261000698457045,-0.1254563307233315,-0.31030489186535415,0.013998338326745241,DEV
0.2,2021-05-20 00:00:00+00:00,LSKUSDT,False,0.2700737299262701,-0.12803180914512924,-0.36970178926441355,-0.16039761431411526,DEV
0.2,2021-05-20 00:00:00+00:00,MANAUSDT,False,0.23892200051826906,-0.14620372307048735,-0.3513909224011713,-0.059610960050198725,DEV
0.2,2021-05-20 00:00:00+00:00,MTLUSDT,False,0.2203774655881936,0.009379844961240336,-0.18155038759689923,-0.02116279069767446,DEV
0.2,2021-05-20 00:00:00+00:00,NANOUSDT,False,0.3910014559231023,-0.16382114278640003,-0.34961115550403477,-0.08192182593722219,DEV
0.2,2021-05-20 00:00:00+00:00,NEOUSDT,False,0.3007945722371379,-0.19320828394114775,-0.39888431769053756,-0.12213932082839407,DEV
0.2,2021-05-20 00:00:00+00:00,NKNUSDT,False,0.2950904866715578,-0.17613596128879971,-0.340139265903458,-0.05691018529446479,DEV
0.2,2021-05-20 00:00:00+00:00,NMRUSDT,False,0.20053812544740923,-0.16948699496247543,-0.2940886193070833,-0.01875192762413902,DEV
0.2,2021-05-20 00:00:00+00:00,OMGUSDT,False,0.22775984506132985,-0.1513002719228399,-0.3566846446223878,0.08925378964289465,DEV
0.2,2021-05-20 00:00:00+00:00,ONGUSDT,False,3.719192703279643,-0.4446089316555638,-0.6901883378567317,-0.5620528003947693,DEV
0.2,2021-05-20 00:00:00+00:00,ONTUSDT,False,0.4552622253720766,-0.2224386680465088,-0.4415291897485847,-0.24648444633834543,DEV
0.2,2021-05-20 00:00:00+00:00,PERPUSDT,False,0.22847407680265208,-0.22691154422788595,-0.4130434782608695,-0.3270614692653673,DEV
0.2,2021-05-20 00:00:00+00:00,PUNDIXUSDT,False,0.21127765881513216,0.061873895109015864,-0.14142604596346497,0.03123158515026514,DEV
0.2,2021-05-20 00:00:00+00:00,QTUMUSDT,False,0.25412024675444256,-0.18478819469936136,-0.4046692607003891,0.07290213640701859,DEV
0.2,2021-05-20 00:00:00+00:00,REEFUSDT,False,0.28623172966293087,-0.09727007686191347,-0.3175192154783991,0.19805194805194803,DEV
0.2,2021-05-20 00:00:00+00:00,RLCUSDT,False,0.5476037489198591,-0.09149868285419771,-0.23609838506471192,-0.21699977093116485,DEV
0.2,2021-05-20 00:00:00+00:00,SANDUSDT,False,0.26023285059429635,-0.057361745960213706,-0.05584883795789597,0.0858172922165712,DEV
0.2,2021-05-20 00:00:00+00:00,SOLUSDT,False,0.26957814107694067,-0.12370553804592532,-0.4476361999099505,-0.240274651058082,DEV
0.2,2021-05-20 00:00:00+00:00,SRMUSDT,False,0.20192466925497254,-0.15033450192128106,-0.41504263559957744,-0.22277674867194308,DEV
0.2,2021-05-20 00:00:00+00:00,STORJUSDT,False,0.23907641333609453,-0.07278348792512757,-0.24509066599816165,0.007771371270995031,DEV
0.2,2021-05-20 00:00:00+00:00,STPTUSDT,False,0.2630601346644996,0.0819852941176471,-0.04522058823529407,0.02518382352941173,DEV
0.2,2021-05-20 00:00:00+00:00,SXPUSDT,False,0.315548780487805,-0.13943607570490524,-0.34955581305523364,-0.1235998455001931,DEV
0.2,2021-05-20 00:00:00+00:00,TFUELUSDT,False,0.22987024147116952,-0.10952347680268304,-0.12112213527110105,0.09237003912800446,DEV
0.2,2021-05-20 00:00:00+00:00,THETAUSDT,False,0.2469199178644763,-0.12693838342253327,-0.19006449842184714,0.08124056539042135,DEV
0.2,2021-05-20 00:00:00+00:00,TOMOUSDT,False,0.2457936507936509,-0.12435497228769832,-0.18156335605529728,-0.048799133592406174,DEV
0.2,2021-05-20 00:00:00+00:00,TRBUSDT,False,0.2438775320744908,-0.1587306325939637,-0.3763620622742335,-0.032599934322476654,DEV
0.2,2021-05-20 00:00:00+00:00,VETUSDT,False,0.24152663058957557,-0.17312839336239194,-0.3394509444062094,-0.05329968647243255,DEV
0.2,2021-05-20 00:00:00+00:00,VITEUSDT,False,0.3178913738019169,-0.18931818181818194,-0.37022727272727274,-0.21545454545454545,DEV
0.2,2021-05-20 00:00:00+00:00,VTHOUSDT,False,0.4508526764566556,-0.12529589421271736,-0.3571953309933883,-0.2107583054444535,DEV
0.2,2021-05-20 00:00:00+00:00,WAVESUSDT,False,0.34047828961869087,-0.14802482837998943,-0.39421219221441206,-0.3212479960537674,DEV
0.2,2021-05-20 00:00:00+00:00,WNXMUSDT,False,0.20264016884495883,-0.15409685963745767,-0.3551084030041094,-0.11114986756194067,DEV
0.2,2021-05-20 00:00:00+00:00,XMRUSDT,False,0.42287422722205337,-0.08757434381566309,-0.19690872182057773,-0.09954058192955595,DEV
0.2,2021-05-20 00:00:00+00:00,YFIIUSDT,False,0.240896395533869,-0.13566392635751712,-0.1510681884694175,0.018043472477186295,DEV
0.2,2021-05-20 00:00:00+00:00,ZECUSDT,False,0.24743537135822735,-0.14331140350877203,-0.3732456140350878,-0.17615131578947363,DEV
0.2,2021-05-20 00:00:00+00:00,ZILUSDT,False,0.29488220958570266,-0.20674752544263209,-0.39369859194200474,-0.15265579255541617,DEV
0.2,2021-05-21 00:00:00+00:00,FISUSDT,False,0.5389261744966445,-0.2150021805494985,-0.33187963366768425,-0.4505015263846489,DEV
0.2,2021-05-21 00:00:00+00:00,PSGUSDT,False,0.2714711178833633,-0.1469426664850879,-0.5217486041127605,-0.5434018793408689,DEV
0.2,2021-05-22 00:00:00+00:00,GXSUSDT,False,0.31423550087873475,-0.2650441294463761,-0.15445306231612732,-0.2001872158331105,DEV
0.2,2021-05-22 00:00:00+00:00,LINAUSDT,False,0.3241895261845389,-0.27306967984934083,-0.17325800376647837,-0.2580037664783428,DEV
0.2,2021-05-22 00:00:00+00:00,OMUSDT,False,0.20036652412950517,-0.17811704834605602,-0.06208651399491105,-0.15063613231552175,DEV
0.2,2021-05-22 00:00:00+00:00,SANDUSDT,False,0.5098688703729,-0.3366278412303516,-0.3383693316747709,-0.3095103471672509,DEV
0.2,2021-05-22 00:00:00+00:00,TRUUSDT,False,0.28616751269035534,-0.0626541687222496,-0.1228416378885051,-0.30167735569807586,DEV
0.2,2021-05-23 00:00:00+00:00,HIVEUSDT,False,0.3383958234456572,0.006914893617021356,-0.0684397163120567,-0.25212765957446803,DEV
0.2,2021-05-23 00:00:00+00:00,UNFIUSDT,False,0.38648820905035075,-0.00717109497103996,0.16236094511354238,-0.15583340994759587,DEV
0.2,2021-05-24 00:00:00+00:00,1INCHUSDT,False,0.2620423892100192,-0.01906700593723476,0.11290924512298561,0.0875318066157762,DEV
0.2,2021-05-24 00:00:00+00:00,AAVEUSDT,False,0.31962769765776833,-0.042370691882395395,-0.039167054203482765,-0.011936133932723636,DEV
0.2,2021-05-24 00:00:00+00:00,AIONUSDT,False,0.274832419256551,0.01338432122370925,0.028202676864244713,0.00047801147227533036,DEV
0.2,2021-05-24 00:00:00+00:00,AKROUSDT,False,0.38121037463976926,-0.07928559505925548,0.009347354364880767,-0.03705558337506254,DEV
0.2,2021-05-24 00:00:00+00:00,ALICEUSDT,False,0.2044857982370225,0.10914147245848849,0.26201434402901325,0.2098424108377106,DEV
0.2,2021-05-24 00:00:00+00:00,ALPHAUSDT,False,0.4338144963144963,-0.08503802077755174,-0.04048409553389731,-0.07100781835707404,DEV
0.2,2021-05-24 00:00:00+00:00,ANTUSDT,False,0.21315624906941433,0.08517636662657391,0.20005400230737114,0.22899432975772593,DEV
0.2,2021-05-24 00:00:00+00:00,ARPAUSDT,False,0.26716867469879535,0.06108866175421901,0.10339909674352277,0.05681007844069397,DEV
0.2,2021-05-24 00:00:00+00:00,ATOMUSDT,False,0.24836881868131866,-0.04174403411044636,-0.0011003369781995564,-0.039818444398597164,DEV
0.2,2021-05-24 00:00:00+00:00,AUDIOUSDT,False,0.26900393184796845,0.011102504518461176,0.05594285222480444,-0.08038557535071855,DEV
0.2,2021-05-24 00:00:00+00:00,AUTOUSDT,False,0.286162271984453,-0.022891483516483513,0.04986950549450553,-0.02449862637362643,DEV
0.2,2021-05-24 00:00:00+00:00,AVAUSDT,False,0.24726529630965266,-0.051689796967360535,0.008898740683628725,-0.06498971986635826,DEV
0.2,2021-05-24 00:00:00+00:00,AVAXUSDT,False,0.24279123414071502,0.0026295436968291064,-0.014282031451405053,-0.06470739881412735,DEV
0.2,2021-05-24 00:00:00+00:00,AXSUSDT,False,0.2516667164937667,-0.010318389184799437,0.1493777915780925,0.180619581054291,DEV
0.2,2021-05-24 00:00:00+00:00,BALUSDT,False,0.25271696330130733,-0.0030489721506256062,-0.010749984283648706,-0.03322436663104289,DEV
0.2,2021-05-24 00:00:00+00:00,BANDUSDT,False,0.20128918839730447,-0.014634146341463317,0.05707317073170737,0.09329268292682924,DEV
0.2,2021-05-24 00:00:00+00:00,BATUSDT,False,0.3016499282639886,0.016257922292642668,0.16354367594378627,0.05800496004408928,DEV
0.2,2021-05-24 00:00:00+00:00,BCHUSDT,False,0.3650270651918097,-0.046697612732095495,-0.005265251989389985,-0.06835543766578245,DEV
0.2,2021-05-24 00:00:00+00:00,BEAMUSDT,False,0.2180908115838398,0.03830349280892276,0.021573231582036945,0.12987965952450842,DEV
0.2,2021-05-24 00:00:00+00:00,BELUSDT,False,0.2041162227602904,0.10577116428715061,0.497821569810309,0.45747033983510943,DEV
0.2,2021-05-24 00:00:00+00:00,BLZUSDT,False,0.3817098808689561,-0.06537505705736169,0.16883907288126987,0.13262666734290196,DEV
0.2,2021-05-24 00:00:00+00:00,BNBUSDT,False,0.32571340902117196,-0.007117231801874735,0.06952320333294759,0.022248582340006928,DEV
0.2,2021-05-24 00:00:00+00:00,BNTUSDT,False,0.2451001449820116,0.008625336927223781,0.06279245283018864,0.02609164420485155,DEV
0.2,2021-05-24 00:00:00+00:00,BTCSTUSDT,False,0.267122816668959,-0.08365669009307242,0.15097821072911288,0.020975225897484462,DEV
0.2,2021-05-24 00:00:00+00:00,BTGUSDT,False,0.2462156193535434,0.010294165028836622,0.0708025904565519,-0.03805135805651316,DEV
0.2,2021-05-24 00:00:00+00:00,BTSUSDT,False,0.32671609662760104,-0.039661078060212684,0.04092302145303761,0.07986298900306488,DEV
0.2,2021-05-24 00:00:00+00:00,BZRXUSDT,False,0.24334442595673877,-0.007025761124121788,0.23151555704248916,0.10304449648711933,DEV
0.2,2021-05-24 00:00:00+00:00,CAKEUSDT,False,0.40083359547027375,-0.006343681580867844,0.02284848144613494,0.006343681580867955,DEV
0.2,2021-05-24 00:00:00+00:00,CELRUSDT,False,0.3766428839654523,-0.007092198581560183,0.4852700490998363,0.26077468630660117,DEV
0.2,2021-05-24 00:00:00+00:00,CFXUSDT,False,0.2153846153846155,-0.05316455696202538,-0.032911392405063356,0.03544303797468351,DEV
0.2,2021-05-24 00:00:00+00:00,CHRUSDT,False,0.23124312431243133,0.3314272099118418,0.3370264474624731,0.2644746247319514,DEV
0.2,2021-05-24 00:00:00+00:00,CHZUSDT,False,0.23855918309991098,-0.025262839422131367,0.13773542092126156,0.06493457378413137,DEV
0.2,2021-05-24 00:00:00+00:00,CKBUSDT,False,0.3382947603888842,-0.055866280938604906,0.03375120540019294,-0.05869495339119246,DEV
0.2,2021-05-24 00:00:00+00:00,COCOSUSDT,False,0.20424403183023876,0.21365638766519823,0.4635340186000978,0.31546744982868313,DEV
0.2,2021-05-24 00:00:00+00:00,COMPUSDT,False,0.25671738426675295,9.367242752089666e-05,-0.009086225469533082,0.019881972741323528,DEV
0.2,2021-05-24 00:00:00+00:00,COSUSDT,False,0.23809523809523814,0.1125356125356125,0.10754985754985746,0.10897435897435903,DEV
0.2,2021-05-24 00:00:00+00:00,COTIUSDT,False,0.3229521391864283,0.03425843590583599,0.139561005288529,0.09907801750362699,DEV
0.2,2021-05-24 00:00:00+00:00,CRVUSDT,False,0.2318181818181817,-0.008610086100860892,0.08056580565805649,0.20295202952029534,DEV
0.2,2021-05-24 00:00:00+00:00,CTSIUSDT,False,0.31663179729270596,-0.0493005568382453,0.05757164199375264,-0.027733260899090006,DEV
0.2,2021-05-24 00:00:00+00:00,DASHUSDT,False,0.3438271193223503,-0.032162001191185174,0.017967043875322553,-0.020150883462378366,DEV
0.2,2021-05-24 00:00:00+00:00,DATAUSDT,False,0.2744458930899609,-0.01163682864450133,0.09079283887468015,0.09782608695652151,DEV
0.2,2021-05-24 00:00:00+00:00,DEGOUSDT,False,0.3362436548223351,-0.02036164716608424,0.2615104087524691,0.27731347819480323,DEV
0.2,2021-05-24 00:00:00+00:00,DENTUSDT,False,0.26579347754184046,0.060517376535144995,0.10141102691403181,0.02383067677031625,DEV
0.2,2021-05-24 00:00:00+00:00,DIAUSDT,False,0.23977344241661425,-0.018274111675126936,0.07411167512690353,0.02131979695431463,DEV
0.2,2021-05-24 00:00:00+00:00,DOCKUSDT,False,0.29170030469543473,0.34477822580645157,0.3133064516129034,0.3095766129032258,DEV
0.2,2021-05-24 00:00:00+00:00,DODOUSDT,False,0.21588785046728964,-0.003074558032282848,0.0807071483474251,0.24903920061491158,DEV
0.2,2021-05-24 00:00:00+00:00,DOTUSDT,False,0.2986266190263511,-0.04733244486479515,0.030996087872404487,0.00012897123941368882,DEV
0.2,2021-05-24 00:00:00+00:00,EGLDUSDT,False,0.2218446033048167,-0.018031843468252484,0.10138116247841933,-0.004891617111068558,DEV
0.2,2021-05-24 00:00:00+00:00,ENJUSDT,False,0.3406826372694509,-0.021426312460468,0.3657495256166985,0.28542061986084755,DEV
0.2,2021-05-24 00:00:00+00:00,EOSUSDT,False,0.31447009761666234,0.008950568050902996,0.24439481753247905,0.17504120806082835,DEV
0.2,2021-05-24 00:00:00+00:00,EPSUSDT,False,0.2527646129541865,0.031525851197982124,0.013871374527112179,0.31904161412358123,DEV
0.2,2021-05-24 00:00:00+00:00,ETCUSDT,False,0.4298100983453921,0.06312490673033877,0.0120063491202127,-0.050087503900367536,DEV
0.2,2021-05-24 00:00:00+00:00,ETHUSDT,False,0.2633288653351713,0.02140135854072045,0.03541720944106519,0.0217940440185318,DEV
0.2,2021-05-24 00:00:00+00:00,FETUSDT,False,0.3508326277166245,-0.028102799832845915,0.030470817662626937,0.14134977016297512,DEV
0.2,2021-05-24 00:00:00+00:00,FIOUSDT,False,0.2837729816147083,-0.01992528019925266,0.2141967621419678,0.14943960149439595,DEV
0.2,2021-05-24 00:00:00+00:00,FIROUSDT,False,0.2583865161184751,0.0042912873862157586,-0.00793237971391425,-0.015474642392717897,DEV
0.2,2021-05-24 00:00:00+00:00,FISUSDT,False,0.2295345104333868,-0.08159268929503916,-0.060704960835509136,-0.12271540469973885,DEV
0.2,2021-05-24 00:00:00+00:00,FLMUSDT,False,0.2555357597353016,0.1364281370362861,0.206973444151632,0.11635921346036882,DEV
0.2,2021-05-24 00:00:00+00:00,FTMUSDT,False,0.36238095238095247,-0.03879762320866831,0.01462192706512866,-0.06588605382733315,DEV
0.2,2021-05-24 00:00:00+00:00,FTTUSDT,False,0.23405912682221142,0.0002104060837417876,0.07806065706814147,0.022753915056058283,DEV
0.2,2021-05-24 00:00:00+00:00,GRTUSDT,False,0.26848009835561726,-0.002907681124303396,-0.06578628543736376,-0.03889023503755762,DEV
0.2,2021-05-24 00:00:00+00:00,GTOUSDT,False,0.2137592137592137,0.05600539811066141,0.14811066126855588,0.24156545209176783,DEV
0.2,2021-05-24 00:00:00+00:00,HARDUSDT,False,0.20555774536854576,0.31747588687264994,0.2743174758868725,0.09841425535393178,DEV
0.2,2021-05-24 00:00:00+00:00,HNTUSDT,False,0.20005308794903565,0.033031040330310235,0.3269925532699256,0.19774386197743854,DEV
0.2,2021-05-24 00:00:00+00:00,HOTUSDT,False,0.27653910149750427,0.2158498435870697,0.24439520333680909,0.1745307612095932,DEV
0.2,2021-05-24 00:00:00+00:00,ICXUSDT,False,0.20735957359573587,-0.03166652517191604,0.04652347397911538,-0.037184820443161404,DEV
0.2,2021-05-24 00:00:00+00:00,INJUSDT,False,0.3053682572614109,-0.053342604549518335,0.06357405383927683,-0.06883878017284195,DEV
0.2,2021-05-24 00:00:00+00:00,IOSTUSDT,False,0.2516154941404112,-0.040836566228159676,0.004725374092115597,-0.04903304844966894,DEV
0.2,2021-05-24 00:00:00+00:00,IRISUSDT,False,0.30046153846153834,-0.00414054181947221,0.025198154501360648,-0.01159351709452261,DEV
0.2,2021-05-24 00:00:00+00:00,JSTUSDT,False,0.20010440229685056,-0.005654632448890862,0.03972741771784816,-0.010294330868493629,DEV
0.2,2021-05-24 00:00:00+00:00,KMDUSDT,False,0.20953428676200958,0.027771040504487088,0.0626970652437544,-0.062454523405287454,DEV
0.2,2021-05-24 00:00:00+00:00,KSMUSDT,False,0.33668149056893126,-0.07586187116388476,-0.0940744564905639,0.06407388286582916,DEV
0.2,2021-05-24 00:00:00+00:00,LINKUSDT,False,0.33098165692400716,0.041306981674996246,0.2014235953354535,0.21528093290928374,DEV
0.2,2021-05-24 00:00:00+00:00,LITUSDT,False,0.3382249354308524,-0.038863058162996844,0.12126794748077319,0.04710939556101401,DEV
0.2,2021-05-24 00:00:00+00:00,LRCUSDT,False,0.2392372570590393,0.16008758951293123,0.19947327928034553,0.09084452861454695,DEV
0.2,2021-05-24 00:00:00+00:00,LSKUSDT,False,0.21908907393388866,0.1241397153945667,0.09267787839586039,-0.0739974126778784,DEV
0.2,2021-05-24 00:00:00+00:00,LTCUSDT,False,0.3014958915654189,-0.008417871789337394,0.04856464493848489,0.014299589898553844,DEV
0.2,2021-05-24 00:00:00+00:00,LTOUSDT,False,0.2694467189144929,0.07316286569914765,0.09610688781386778,0.0412347385395071,DEV
0.2,2021-05-24 00:00:00+00:00,LUNAUSDT,False,0.6240822320117474,0.0031645569620253333,0.011301989150090508,-0.013562386980108476,DEV
0.2,2021-05-24 00:00:00+00:00,MANAUSDT,False,0.25749758142534684,0.007821515578920302,0.15296832927298376,0.08821643800487244,DEV
0.2,2021-05-24 00:00:00+00:00,MATICUSDT,False,0.6294939893765725,0.10638164027427499,0.16494815882329394,0.07014142661885714,DEV
0.2,2021-05-24 00:00:00+00:00,MDTUSDT,False,0.2203513909224013,0.05158968206358727,0.1082783443311337,0.034493101379724056,DEV
0.2,2021-05-24 00:00:00+00:00,MITHUSDT,False,0.3958696916812099,0.013544488435090818,0.3061054386330486,0.10856428422588049,DEV
0.2,2021-05-24 00:00:00+00:00,MKRUSDT,False,0.5404456721915287,-0.07745480368504498,-0.10977426350509656,-0.13988441794128137,DEV
0.2,2021-05-24 00:00:00+00:00,NANOUSDT,False,0.28581563965460544,-0.022676499878879208,0.09781175140634679,-0.010941242968266374,DEV
0.2,2021-05-24 00:00:00+00:00,NEARUSDT,False,0.2290122295390402,0.020942408376963373,0.011879611769388676,0.02715777226661764,DEV
0.2,2021-05-24 00:00:00+00:00,NEOUSDT,False,0.25374103890680466,0.047353811991117656,0.16482235381199128,0.03377128053293865,DEV
0.2,2021-05-24 00:00:00+00:00,OCEANUSDT,False,0.25442477876106206,-0.03158569825236501,0.09042809042809052,-0.03206669873336543,DEV
0.2,2021-05-24 00:00:00+00:00,OGNUSDT,False,0.203125,0.5555231285568365,0.6210418794688457,0.5847074274040567,DEV
0.2,2021-05-24 00:00:00+00:00,OMGUSDT,False,0.46407136685271255,-0.019874627151356572,0.15649275038680543,0.05255770181678976,DEV
0.2,2021-05-24 00:00:00+00:00,ONEUSDT,False,0.3413574885221493,-0.03506012950971327,-0.028399629972247986,-0.06151711378353375,DEV
0.2,2021-05-24 00:00:00+00:00,ONGUSDT,False,0.21913989912397147,0.13620032661948844,0.15949918345127911,0.15503538377789883,DEV
0.2,2021-05-24 00:00:00+00:00,ONTUSDT,False,0.24035317200784823,0.018367167589419253,0.0877933034537306,0.005272871078302099,DEV
0.2,2021-05-24 00:00:00+00:00,ORNUSDT,False,0.250838670326319,-0.047543581616481756,-0.037669145434596985,-0.031208094599536662,DEV
0.2,2021-05-24 00:00:00+00:00,PERLUSDT,False,0.2032943216298222,0.1527377521613833,0.22550432276657073,0.05457492795389052,DEV
0.2,2021-05-24 00:00:00+00:00,PERPUSDT,False,0.3398467432950192,-0.0038127919168811086,-0.14431417405395097,-0.1850157277666571,DEV
0.2,2021-05-24 00:00:00+00:00,PNTUSDT,False,0.25595020139143165,-0.013994169096209874,0.08678328474246855,0.2378036929057339,DEV
0.2,2021-05-24 00:00:00+00:00,PONDUSDT,False,0.22678571428571415,0.17612809315866085,0.4905385735080059,0.44687045123726366,DEV
0.2,2021-05-24 00:00:00+00:00,PUNDIXUSDT,False,0.20864790665751531,-0.03918228279386704,-0.006246450880181609,-0.030664395229982877,DEV
0.2,2021-05-24 00:00:00+00:00,QTUMUSDT,False,0.3912936243679861,0.028541038822903708,0.29533770608048227,0.09927317851444761,DEV
0.2,2021-05-24 00:00:00+00:00,RAMPUSDT,False,0.36430976430976436,0.18657453109575517,0.43632773938795655,0.2240868706811452,DEV
0.2,2021-05-24 00:00:00+00:00,REEFUSDT,False,0.24946601941747581,0.17619177124208396,0.40494968724503666,0.033490034577877914,DEV
0.2,2021-05-24 00:00:00+00:00,RENUSDT,False,0.31287671232876724,-0.000897328881469206,0.2552170283806343,0.18090567612687813,DEV
0.2,2021-05-24 00:00:00+00:00,REPUSDT,False,0.3515193740286189,0.045086842731382415,0.0680862875723689,-0.04024902847172662,DEV
0.2,2021-05-24 00:00:00+00:00,ROSEUSDT,False,0.22487101939156728,0.04894698620188831,0.24400871459695006,0.1771968046477852,DEV
0.2,2021-05-24 00:00:00+00:00,RSRUSDT,False,0.3736930860033727,-0.06997299287994119,-0.021851215320402684,-0.02332433095998032,DEV
0.2,2021-05-24 00:00:00+00:00,RUNEUSDT,False,0.3127413127413128,0.24049019607843158,0.3800000000000001,0.2383333333333335,DEV
0.2,2021-05-24 00:00:00+00:00,RVNUSDT,False,0.21921967511765605,0.07969119661312396,0.17992777985306918,0.045946955547254476,DEV
0.2,2021-05-24 00:00:00+00:00,SFPUSDT,False,0.30514524864598713,-0.032066396302933176,0.05281524096953705,0.03734792039988699,DEV
0.2,2021-05-24 00:00:00+00:00,SOLUSDT,False,0.28040430388001303,-0.045932009167303334,0.07419786096256686,0.04246243952126294,DEV
0.2,2021-05-24 00:00:00+00:00,SRMUSDT,False,0.24313007066213022,-0.02938947368421052,0.0688210526315789,0.000863157894736899,DEV
0.2,2021-05-24 00:00:00+00:00,STORJUSDT,False,0.2096524241753377,0.0077781844802342626,0.10358711566617851,0.000549048316251799,DEV
0.2,2021-05-24 00:00:00+00:00,STRAXUSDT,False,0.21446718419195476,-0.02556801673542919,0.00482305770236513,-0.07687837759311988,DEV
0.2,2021-05-24 00:00:00+00:00,SUNUSDT,False,0.21617102591663695,0.2963763134636159,0.3985073161150938,0.3696356672886183,DEV
0.2,2021-05-24 00:00:00+00:00,SUPERUSDT,False,0.7359307359307359,-0.04738154613466339,0.04613466334164573,0.022443890274314038,DEV
0.2,2021-05-24 00:00:00+00:00,SUSHIUSDT,False,0.3284145123710198,0.021381441576881155,0.011943539630836053,0.041844149336006,DEV
0.2,2021-05-24 00:00:00+00:00,SXPUSDT,False,0.2713776722090262,0.03736571695469415,0.059785147127510596,-0.01214385801027551,DEV
0.2,2021-05-24 00:00:00+00:00,TCTUSDT,False,0.33038062283737024,0.05011097239561657,0.17686225551394097,0.02982383132195876,DEV
0.2,2021-05-24 00:00:00+00:00,TKOUSDT,False,0.31883492113072,-0.03872342945112206,0.07484161288412561,-0.016401207886790226,DEV
0.2,2021-05-24 00:00:00+00:00,TLMUSDT,False,0.2474674384949349,0.033642691415313175,0.37006960556844537,0.19837587006960566,DEV
0.2,2021-05-24 00:00:00+00:00,TOMOUSDT,False,0.2630964427492801,-0.050101682381216484,-0.0798668885191347,-0.06729524865964132,DEV
0.2,2021-05-24 00:00:00+00:00,TRBUSDT,False,0.2541886069889898,0.005133587786259497,0.23683206106870247,0.19793893129771,DEV
0.2,2021-05-24 00:00:00+00:00,TROYUSDT,False,0.2039042821158692,0.08076158593995197,0.07741395543466911,-0.04090386023642634,DEV
0.2,2021-05-24 00:00:00+00:00,TRXUSDT,False,0.22450278440731886,0.0023388773388772766,0.0328742203742205,-0.002208939708939761,DEV
0.2,2021-05-24 00:00:00+00:00,TWTUSDT,False,0.26857825567503,-0.027688830288189914,0.08344320964400076,-0.019401017140704635,DEV
0.2,2021-05-24 00:00:00+00:00,UMAUSDT,False,0.21394354148845185,0.013952505108871804,0.022549503206257482,-0.02452258473680502,DEV
0.2,2021-05-24 00:00:00+00:00,UNIUSDT,False,0.47728768926925613,0.017096094636201542,0.15657916058985566,0.1440204180845892,DEV
0.2,2021-05-24 00:00:00+00:00,UTKUSDT,False,0.2900241351568784,-0.06329903336451503,0.15840349236046158,0.033052697224820626,DEV
0.2,2021-05-24 00:00:00+00:00,VETUSDT,False,0.3012271359110905,0.0024021352313168265,0.10142348754448394,0.11992882562277574,DEV
0.2,2021-05-24 00:00:00+00:00,VITEUSDT,False,0.23697822687357162,-0.03180005834873101,0.007099095594670812,-0.08052124866284172,DEV
0.2,2021-05-24 00:00:00+00:00,WANUSDT,False,0.2591659669745312,0.02156034674372087,0.11069126472549451,0.03045121138030682,DEV
0.2,2021-05-24 00:00:00+00:00,WINGUSDT,False,0.2823850047277381,-0.0445437196391395,0.00485773768216502,-0.0816273421235254,DEV
0.2,2021-05-24 00:00:00+00:00,WINUSDT,False,0.23905882352941177,0.007216103304215737,0.06779339156855291,0.0064565134827192505,DEV
0.2,2021-05-24 00:00:00+00:00,WNXMUSDT,False,0.22519142031337158,0.026460281985486667,0.12496206163948886,-0.004911293215241641,DEV
0.2,2021-05-24 00:00:00+00:00,WRXUSDT,False,0.7670435080507023,0.022166214294946363,-0.060811684115290254,0.18605402610831057,DEV
0.2,2021-05-24 00:00:00+00:00,WTCUSDT,False,0.2462934947049924,0.07380432143724214,0.12223840738043212,0.0443068705996601,DEV
0.2,2021-05-24 00:00:00+00:00,XLMUSDT,False,0.21447513812154684,-0.023701210080975366,-0.043353652988809,-0.0846374306250568,DEV
0.2,2021-05-24 00:00:00+00:00,XRPUSDT,False,0.257280324132692,-0.018529707955689756,-0.018429003021148027,0.048237663645518625,DEV
0.2,2021-05-24 00:00:00+00:00,XTZUSDT,False,0.21860273124419538,0.03316772991588102,0.09366002371139848,0.017896460226951794,DEV
0.2,2021-05-24 00:00:00+00:00,XVSUSDT,False,0.5402052867276976,-0.0707853025936599,0.005737958007410615,-0.1463050638122685,DEV
0.2,2021-05-24 00:00:00+00:00,YFIUSDT,False,0.4854216692760114,-0.0300024819027922,-0.030350568769389796,-0.028694519131333918,DEV
0.2,2021-05-24 00:00:00+00:00,ZECUSDT,False,0.30475857242827153,-0.025207830517564922,0.007441673370877089,0.08373558594797537,DEV
0.2,2021-05-24 00:00:00+00:00,ZENUSDT,False,0.47936288088642653,-0.06460069281902447,-0.030334238367194177,0.007396311206815831,DEV
0.2,2021-05-24 00:00:00+00:00,ZILUSDT,False,0.2571855598988273,-0.01682670324645641,0.1116598079561042,0.05935070873342485,DEV
0.2,2021-05-24 00:00:00+00:00,ZRXUSDT,False,0.2405986668343605,-0.009833738848337381,0.11820762368207616,0.034164639091646354,DEV
0.2,2021-05-25 00:00:00+00:00,CHRUSDT,False,0.3314272099118418,0.04111488904796001,-0.134171438797423,-0.08813528990694341,DEV
0.2,2021-05-25 00:00:00+00:00,COCOSUSDT,False,0.21365638766519823,0.24924379915305517,-0.02722323049001818,0.026819923371647514,DEV
0.2,2021-05-25 00:00:00+00:00,DOCKUSDT,False,0.34477822580645157,0.06983403547173217,-0.11908367190896685,-0.06257777244718965,DEV
0.2,2021-05-25 00:00:00+00:00,HARDUSDT,False,0.31747588687264994,0.025065144558878316,-0.15609877155974672,-0.1867477354510485,DEV
0.2,2021-05-25 00:00:00+00:00,HOTUSDT,False,0.2158498435870697,0.15158662092624353,-0.10034305317324177,-0.0832975986277873,DEV
0.2,2021-05-25 00:00:00+00:00,NKNUSDT,False,0.2514804579549941,0.029458869206503202,-0.14906576073768507,-0.09017228827954382,DEV
0.2,2021-05-25 00:00:00+00:00,OGNUSDT,False,0.5555231285568365,0.12851782363977482,-0.11697936210131332,-0.012195121951219634,DEV
0.2,2021-05-25 00:00:00+00:00,RUNEUSDT,False,0.24049019607843158,0.005927448036038729,-0.14715877657472531,-0.08764719829289491,DEV
0.2,2021-05-25 00:00:00+00:00,SUNUSDT,False,0.2963763134636159,0.06476782061965003,0.012082417998636519,0.043102795242784486,DEV
0.2,2021-05-26 00:00:00+00:00,ANTUSDT,False,0.2083286208690538,-0.08480128793126052,-0.2528688294427076,-0.09491005073101322,DEV
0.2,2021-05-26 00:00:00+00:00,BATUSDT,False,0.2048535791757049,-0.04973556880837182,-0.23359963992348376,-0.10329695060200295,DEV
0.2,2021-05-26 00:00:00+00:00,BLZUSDT,False,0.36569350987627525,-0.08427702944331861,-0.2511622362617715,-0.1305280724758613,DEV
0.2,2021-05-26 00:00:00+00:00,BZRXUSDT,False,0.27526954177897567,-0.027476882430647387,-0.2705416116248348,-0.07978863936591807,DEV
0.2,2021-05-26 00:00:00+00:00,CELRUSDT,False,0.31785714285714284,0.13508442776735463,-0.09401709401709402,-0.0869293308317699,DEV
0.2,2021-05-26 00:00:00+00:00,CHZUSDT,False,0.3007682160316596,-0.10266658712640941,-0.19188092823480285,-0.1725824733043012,DEV
0.2,2021-05-26 00:00:00+00:00,COCOSUSDT,False,0.24924379915305517,-0.03470540758676366,-0.30137207425343027,-0.14382566585956424,DEV
0.2,2021-05-26 00:00:00+00:00,COTIUSDT,False,0.2267523417349202,-0.10184433788270009,-0.29018812246403547,-0.07956473625968274,DEV
0.2,2021-05-26 00:00:00+00:00,CTSIUSDT,False,0.24097142857142861,-0.10359395864990562,-0.2932265045816642,-0.18151678408619976,DEV
0.2,2021-05-26 00:00:00+00:00,DATAUSDT,False,0.23457109587268743,-0.10605743030811154,-0.2211276461957662,-0.09924544120729417,DEV
0.2,2021-05-26 00:00:00+00:00,DEGOUSDT,False,0.2030401737242129,0.07039711191335729,-0.06936565239814341,0.03571428571428559,DEV
0.2,2021-05-26 00:00:00+00:00,DNTUSDT,False,0.20286647114160816,-0.0725031053043198,-0.2176013249298432,-0.1037861710447624,DEV
0.2,2021-05-26 00:00:00+00:00,ENJUSDT,False,0.5600710996202634,-0.1053912683204723,-0.2996012222279766,-0.1820394634626341,DEV
0.2,2021-05-26 00:00:00+00:00,FIOUSDT,False,0.22871664548919934,0.008273009307135482,-0.05429162357807649,-0.0651499482936918,DEV
0.2,2021-05-26 00:00:00+00:00,LINKUSDT,False,0.23688324910009828,-0.06719971779646072,-0.254365335998589,-0.09841848433182432,DEV
0.2,2021-05-26 00:00:00+00:00,MANAUSDT,False,0.2798982188295165,-0.10616302186878723,-0.2582504970178927,-0.14791252485089468,DEV
0.2,2021-05-26 00:00:00+00:00,NMRUSDT,False,0.25098205254863215,-0.10266438523588362,0.02671906436267224,-0.07242915969388708,DEV
0.2,2021-05-26 00:00:00+00:00,PONDUSDT,False,0.2524752475247525,0.011857707509881577,-0.19268774703557312,-0.0731225296442688,DEV
0.2,2021-05-26 00:00:00+00:00,RAMPUSDT,False,0.4051580698835273,-0.13854351687388988,-0.33362936648904673,-0.1956779159265838,DEV
0.2,2021-05-26 00:00:00+00:00,RENUSDT,False,0.23412076780082303,0.01800764986629666,-0.23970145212063776,0.011525572893748004,DEV
0.2,2021-05-26 00:00:00+00:00,SANDUSDT,False,0.26970670677514175,-0.09185871203962948,-0.17806375188455736,-0.10715054921387035,DEV
0.2,2021-05-26 00:00:00+00:00,SFPUSDT,False,0.21562895839423168,-0.1052420647643475,-0.23517152933632568,-0.012744469381211987,DEV
0.2,2021-05-26 00:00:00+00:00,SKLUSDT,False,0.6213276256377178,-0.0928802647521565,-0.2903231640052806,-0.23945241152322905,DEV
0.2,2021-05-26 00:00:00+00:00,SUPERUSDT,False,0.2421465968586387,-0.1159114857744995,-0.3508956796628029,-0.14120126448893577,DEV
0.2,2021-05-26 00:00:00+00:00,TLMUSDT,False,0.4259259259259258,-0.07044470680834314,-0.27784336875245963,-0.22314049586776863,DEV
0.2,2021-05-26 00:00:00+00:00,TRBUSDT,False,0.35607283221629427,-0.09258922195931285,-0.2651666830012741,-0.09884771012138949,DEV
0.2,2021-05-26 00:00:00+00:00,UNFIUSDT,False,0.2580099502487563,-0.0752985841967887,-0.298663291940204,-0.14276674839832326,DEV
0.2,2021-05-26 00:00:00+00:00,UTKUSDT,False,0.2856191744340879,-0.03806317969963746,-0.24262040393578455,-0.14448472294148096,DEV
0.2,2021-05-26 00:00:00+00:00,WINUSDT,False,0.20984162895927616,-0.1237338320087269,-0.2572853358267104,-0.18466573165030387,DEV
0.2,2021-05-26 00:00:00+00:00,ZILUSDT,False,0.2421170123709422,-0.08971094803055257,-0.25475512954919877,-0.07705556387599222,DEV
0.2,2021-05-27 00:00:00+00:00,BARUSDT,False,0.39624661502613523,-0.18948175544630375,-0.2540255288439853,-0.22822606107076804,DEV
0.2,2021-05-27 00:00:00+00:00,BELUSDT,False,0.2541250420922663,-0.19967779468361224,-0.2558847220979146,-0.10798353172827346,DEV
0.2,2021-05-28 00:00:00+00:00,BEAMUSDT,False,0.2118948426950149,-0.12292555713608344,-0.08736367946894263,-0.1407064959696539,DEV
0.2,2021-05-29 00:00:00+00:00,NMRUSDT,False,0.3468501800601844,-0.03523551388176693,-0.09838107098381066,-0.1070983810709838,DEV
0.2,2021-05-29 00:00:00+00:00,ZENUSDT,False,0.22553964091184175,-0.1255144032921811,-0.131440329218107,-0.1880658436213991,DEV
0.2,2021-05-30 00:00:00+00:00,EPSUSDT,False,0.46069182389937113,0.1259418729817008,0.04736275565123771,-0.1280947255113024,DEV
0.2,2021-05-30 00:00:00+00:00,GXSUSDT,False,0.3124895502424345,0.06012738853503197,0.19006369426751601,0.21439490445859866,DEV
0.2,2021-05-30 00:00:00+00:00,OGNUSDT,False,0.2554534381574576,-0.042159110954312795,-0.08034926794849173,-0.16572587757982005,DEV
0.2,2021-05-30 00:00:00+00:00,PONDUSDT,False,0.21787025703794383,-0.0010050251256281673,-0.05728643216080409,0.12964824120603002,DEV
0.2,2021-05-31 00:00:00+00:00,ANTUSDT,False,0.21344611134000635,-0.04449948070623955,0.01264280578413346,-0.04495885595589999,DEV
0.2,2021-05-31 00:00:00+00:00,BANDUSDT,False,0.21296171018806653,-0.04517568321249299,0.019074177356385835,-0.188733965421082,DEV
0.2,2021-05-31 00:00:00+00:00,BELUSDT,False,0.30767380322347826,-0.08135577630610735,-0.08328734363502566,-0.2490342163355408,DEV
0.2,2021-05-31 00:00:00+00:00,KSMUSDT,False,0.2001811594202898,-0.010026954177897673,0.24940700808625338,0.019622641509433825,DEV
0.2,2021-05-31 00:00:00+00:00,PNTUSDT,False,0.3455525036974436,-0.10426317029127741,-0.08235848315929972,-0.22312946533720657,DEV
0.2,2021-05-31 00:00:00+00:00,RENUSDT,False,0.2401437619162412,0.11090494619095592,0.07791266853982215,-0.16117973457739143,DEV
0.2,2021-05-31 00:00:00+00:00,RSRUSDT,False,0.20144971307762005,-0.05379587732528912,0.0540472599296129,-0.1608848667672198,DEV
0.2,2021-05-31 00:00:00+00:00,UNFIUSDT,False,0.2073622304508822,-0.08064225148836368,-0.012718744362258727,-0.21125744181850992,DEV
0.2,2021-05-31 00:00:00+00:00,WRXUSDT,False,0.3963024954351795,-0.0031602462812618803,0.07513757968724466,-0.15305399662180563,DEV
0.2,2021-06-01 00:00:00+00:00,KNCUSDT,False,0.2014176018901357,0.21189773844641113,0.07128810226155369,-0.024582104228121793,DEV
0.2,2021-06-01 00:00:00+00:00,TKOUSDT,False,0.2210450276908258,0.1880792743048707,0.1354269374876751,0.008331690001972092,DEV
0.2,2021-06-02 00:00:00+00:00,BADGERUSDT,False,0.41685056746532156,-0.0015019191188742065,-0.14779996662401962,-0.17455637759359177,DEV
0.2,2021-06-02 00:00:00+00:00,GXSUSDT,False,0.22518032786885267,0.08071076857204029,-0.021729822307857027,-0.15018197388139587,DEV
0.2,2021-06-02 00:00:00+00:00,KAVAUSDT,False,0.34619292205226615,0.06010356177019349,-0.0030188046372193744,-0.1325548730634577,DEV
0.2,2021-06-02 00:00:00+00:00,KNCUSDT,False,0.21189773844641113,-0.02312373225152131,-0.15578093306288032,-0.1578093306288032,DEV
0.2,2021-06-02 00:00:00+00:00,KSMUSDT,False,0.21577543018950118,0.03807135018923691,-0.09976933240767683,0.14261079882650662,DEV
0.2,2021-06-03 00:00:00+00:00,CKBUSDT,False,0.25863511413887896,-0.11836482765169509,-0.006979394169594588,-0.12429968663944557,DEV
0.2,2021-06-03 00:00:00+00:00,FILUSDT,False,0.2766443144528463,-0.016540008940545414,-0.027827447474295997,-0.18071077335717478,DEV
0.2,2021-06-03 00:00:00+00:00,FIROUSDT,False,0.29783113865220767,-0.1404555853973939,-0.20342186412016328,-0.29603103551178755,DEV
0.2,2021-06-03 00:00:00+00:00,GRTUSDT,False,0.2426931106471817,-0.1583368332633348,-0.17702645947081053,-0.3026039479210416,DEV
0.2,2021-06-03 00:00:00+00:00,NANOUSDT,False,0.21270710741112353,-0.12689787795442864,-0.15597817580107787,-0.2754410679546522,DEV
0.2,2021-06-03 00:00:00+00:00,SUNUSDT,False,0.42446668056424164,-0.09995365740627815,-0.2541037586282593,-0.35808190443669363,DEV
0.2,2021-06-03 00:00:00+00:00,THETAUSDT,False,0.20506042296072513,-0.07646505797555636,-0.07615167659041067,-0.08785124830251756,DEV
0.2,2021-06-03 00:00:00+00:00,UTKUSDT,False,0.21700968523002406,-0.12459587167371311,-0.14921661278288978,-0.27729420542153693,DEV
0.2,2021-06-05 00:00:00+00:00,CKBUSDT,False,0.21223544617373036,-0.07085739671257218,-0.2154597956463794,-0.19924478009773428,DEV
0.2,2021-06-05 00:00:00+00:00,GTOUSDT,False,0.2163265306122446,0.18559628291171926,1.0198760970573053,0.5358802271553951,DEV
0.2,2021-06-06 00:00:00+00:00,IRISUSDT,False,0.38117708742954526,-0.2352662048021259,-0.21391287842839524,-0.23137515421846822,DEV
0.2,2021-06-06 00:00:00+00:00,PONDUSDT,False,0.37073170731707306,-0.13345195729537362,-0.09786476868327398,-0.13523131672597866,DEV
0.2,2021-06-08 00:00:00+00:00,GTOUSDT,False,0.4235037293068946,-0.019808306709265144,-0.22185303514376997,-0.2831948881789137,DEV
0.2,2021-06-08 00:00:00+00:00,KEYUSDT,False,0.4382115749525617,0.022264368763915243,-0.2732745114207966,-0.07627607817267257,DEV
0.2,2021-06-08 00:00:00+00:00,TFUELUSDT,False,0.2071488294314381,-0.0032034632034632082,-0.1629090909090909,-0.13681385281385283,DEV
0.2,2021-06-09 00:00:00+00:00,BURGERUSDT,False,0.22817460317460325,-0.07754442649434579,-0.16639741518578355,-0.1518578352180937,DEV
0.2,2021-06-09 00:00:00+00:00,DATAUSDT,False,0.5564310287426482,0.3587165775401069,0.2941176470588234,0.07686274509803903,DEV
0.2,2021-06-09 00:00:00+00:00,KSMUSDT,False,0.24075289997811344,-0.07038278355971062,-0.21687148429078218,-0.2808451421963505,DEV
0.2,2021-06-09 00:00:00+00:00,MITHUSDT,False,0.4519135435256789,-0.09464627151051619,-0.27547118273695703,-0.2776563780387872,DEV
0.2,2021-06-09 00:00:00+00:00,ORNUSDT,False,0.2719568567026196,-0.10914597213809818,-0.1888552392489401,0.08794669897032081,DEV
0.2,2021-06-09 00:00:00+00:00,TCTUSDT,False,0.22913793103448277,0.04233412820872484,-0.14349838687052885,-0.12582409875157818,DEV
0.2,2021-06-09 00:00:00+00:00,VITEUSDT,False,0.25057778859019564,-0.10358914502480299,-0.23606653049314275,-0.2771131212917032,DEV
0.2,2021-06-10 00:00:00+00:00,ACMUSDT,False,0.200828817341409,-0.0841518449694717,-0.1000796389700026,-0.0345102203344837,DEV
0.2,2021-06-10 00:00:00+00:00,ATMUSDT,False,0.24103695532266967,-0.12118518518518517,-0.16748148148148145,-0.14214814814814813,DEV
0.2,2021-06-10 00:00:00+00:00,DATAUSDT,False,0.3587165775401069,-0.1871326616288833,-0.03337531486146095,-0.1905961376994123,DEV
0.2,2021-06-10 00:00:00+00:00,HARDUSDT,False,0.8372304889158821,-0.2585123966942149,-0.32834710743801654,-0.21330578512396692,DEV
0.2,2021-06-11 00:00:00+00:00,SUPERUSDT,False,0.23465703971119134,-0.1242690058479533,-0.06871345029239773,-0.2529239766081872,DEV
0.2,2021-06-13 00:00:00+00:00,FIOUSDT,False,0.2779248279512969,-0.018641259320629655,-0.1495443247721624,-0.16901408450704225,DEV
0.2,2021-06-13 00:00:00+00:00,KEYUSDT,False,0.3112644753772371,-0.009901873327386235,-0.10463871543264935,-0.13800178412132025,DEV
0.2,2021-06-13 00:00:00+00:00,TFUELUSDT,False,0.35460189316148516,-0.04123028666027706,-0.12172170427812146,0.026069530365077975,DEV
0.2,2021-06-14 00:00:00+00:00,1INCHUSDT,False,0.2255961685568897,0.01625508819538668,-0.07413839891451834,-0.27682496607869744,DEV
0.2,2021-06-14 00:00:00+00:00,COCOSUSDT,False,0.2553897180762852,-0.08916776750330246,-0.09735799207397622,-0.40515191545574636,DEV
0.2,2021-06-14 00:00:00+00:00,HARDUSDT,False,0.23071244001476554,0.07278544291141764,-0.048290341931613634,-0.18356328734253147,DEV
0.2,2021-06-15 00:00:00+00:00,PERLUSDT,False,0.33893919793014216,0.13322597960279126,0.15136876006441224,-0.35104669887278583,DEV
0.2,2021-06-15 00:00:00+00:00,SHIBUSDT,True,0.2736248236953456,-0.07973421926910296,-0.1960132890365448,-0.2990033222591362,DEV
0.2,2021-06-17 00:00:00+00:00,MIRUSDT,False,0.21447028423772618,0.09382978723404256,-0.04297872340425535,-0.008723404255319256,DEV
0.2,2021-06-19 00:00:00+00:00,DATAUSDT,False,0.20711872397265663,-0.06261797825945448,-0.37395040031243887,-0.24253075571177496,DEV
0.2,2021-06-23 00:00:00+00:00,ALICEUSDT,False,0.31979723707664887,-0.061537162875110796,-0.22496095893301815,-0.1725404127801461,DEV
0.2,2021-06-23 00:00:00+00:00,ANKRUSDT,False,0.3952084857351865,0.01690916240660645,-0.10197928955302127,0.03958579106042737,DEV
0.2,2021-06-23 00:00:00+00:00,BAKEUSDT,False,0.3738480833197011,-0.11081563802341732,-0.2655685651915062,-0.23040285770986302,DEV
0.2,2021-06-23 00:00:00+00:00,DATAUSDT,False,0.31638594302349765,-0.005133875681225919,-0.0808782876550036,-0.06610852223363084,DEV
0.2,2021-06-23 00:00:00+00:00,DEGOUSDT,False,0.22646064703042001,-0.03779527559055118,-0.17500000000000004,-0.1017716535433072,DEV
0.2,2021-06-23 00:00:00+00:00,DOGEUSDT,True,0.23049496644295298,0.12395602522583937,0.0475115050281234,0.08194136696778598,DEV
0.2,2021-06-23 00:00:00+00:00,GRTUSDT,False,0.21936398622645314,-0.00033222591362125353,-0.09717607973421927,-0.01760797342192677,DEV
0.2,2021-06-23 00:00:00+00:00,VTHOUSDT,False,0.3179759795235282,0.001195100089632417,-0.10755900806692564,0.0383925903794442,DEV
0.2,2021-06-23 00:00:00+00:00,ZENUSDT,False,0.2248821182444687,-0.04782351199289314,-0.16508735564110166,0.01066034942256433,DEV
0.2,2021-06-26 00:00:00+00:00,CELOUSDT,False,0.466214409838257,-0.20911680911680908,-0.2541310541310542,-0.22368091168091175,DEV
0.2,2021-06-27 00:00:00+00:00,ICPUSDT,False,0.4172709294660515,0.192093023255814,0.1613953488372093,0.08627906976744182,DEV
0.2,2021-06-27 00:00:00+00:00,LRCUSDT,False,0.31927510792732106,0.004638786004530937,-0.036498975151929236,-0.07213492034952718,DEV
0.2,2021-06-28 00:00:00+00:00,COMPUSDT,False,0.211857492521077,-0.003366247755834828,0.06437548089253653,0.5783534239548602,DEV
0.2,2021-06-28 00:00:00+00:00,IOTXUSDT,False,0.31682301438398985,-0.0332446808510638,-0.08909574468085102,-0.08021466565349544,DEV
0.2,2021-06-28 00:00:00+00:00,KSMUSDT,False,0.2259754738015607,-0.028780576520869294,-0.09684459398017642,-0.09916340820223701,DEV
0.2,2021-06-28 00:00:00+00:00,PERPUSDT,False,0.25838084378563275,0.06596592968466841,0.347046031170714,0.6810438564697354,DEV
0.2,2021-06-29 00:00:00+00:00,ETCUSDT,False,0.31090401605499296,0.012704781009695854,-0.05440884055675799,-0.03836069612345805,DEV
0.2,2021-06-29 00:00:00+00:00,SUPERUSDT,False,0.3074866310160427,-0.06952965235173814,-0.16155419222903888,-0.12474437627811863,DEV
0.2,2021-06-29 00:00:00+00:00,TOMOUSDT,False,0.20183549071981366,-0.04085935719170264,-0.016070207431046257,0.23552541600182364,DEV
0.2,2021-06-30 00:00:00+00:00,AXSUSDT,False,0.22850458178982236,0.012855102364704107,0.36302879613465233,1.3942055052989826,DEV
0.2,2021-06-30 00:00:00+00:00,PERPUSDT,False,0.4030941856511392,-0.09935780928147342,-0.03247304010662788,0.28244274809160297,DEV
0.2,2021-07-02 00:00:00+00:00,FORTHUSDT,False,0.2688482967769237,-0.05141459618698241,-0.09749319103996446,0.01878717136345953,DEV
0.2,2021-07-03 00:00:00+00:00,AXSUSDT,False,0.27374596269197804,0.13405609604636726,0.40883098737321477,1.2853058373007662,DEV
0.2,2021-07-05 00:00:00+00:00,SNXUSDT,False,0.23272854152128386,0.056137371450136975,-0.0932163411642607,0.14133408812152082,DEV
0.2,2021-07-06 00:00:00+00:00,ALICEUSDT,False,0.25590179414542025,-0.027682843472317087,0.105792891319207,0.1768967874231031,DEV
0.2,2021-07-06 00:00:00+00:00,ALPHAUSDT,False,0.297462096242584,0.15610313730471237,-0.06071383208433878,-0.14949828527880105,DEV
0.2,2021-07-06 00:00:00+00:00,AXSUSDT,False,0.35612702366127036,0.24680202393087036,0.519077660541613,0.9111913092188033,DEV
0.2,2021-07-06 00:00:00+00:00,DODOUSDT,False,0.3626882966396292,-0.10459183673469385,-0.11989795918367352,0.11224489795918369,DEV
0.2,2021-07-06 00:00:00+00:00,LINAUSDT,False,0.27108433734939763,-0.09715639810426535,-0.2037914691943129,-0.22274881516587675,DEV
0.2,2021-07-07 00:00:00+00:00,AXSUSDT,False,0.24680202393087036,-0.11048588452785157,0.301031869370199,0.7178010355519877,DEV
0.2,2021-07-07 00:00:00+00:00,RLCUSDT,False,0.29417978240202824,-0.17629774730656222,-0.19009141364675153,-0.25171400587659165,DEV
0.2,2021-07-07 00:00:00+00:00,SANDUSDT,False,0.29446940556615053,0.06624715958748473,0.2266087347366843,0.47444253002721815,DEV
0.2,2021-07-08 00:00:00+00:00,STXUSDT,False,0.24366991286519735,-0.02645895153313549,0.13361358391031963,0.032311242993735556,DEV
0.2,2021-07-09 00:00:00+00:00,AXSUSDT,False,0.3697131785513199,0.0678382087134195,0.05694492301554188,0.2694667609703607,DEV
0.2,2021-07-09 00:00:00+00:00,LUNAUSDT,False,0.20796064400715553,-0.02591632728619031,-0.029495248673330865,-0.1904233000123411,DEV
0.2,2021-07-09 00:00:00+00:00,MITHUSDT,False,0.20307262569832396,-0.057116322266078434,0.1339679591362899,-0.06686788948223821,DEV
0.2,2021-07-09 00:00:00+00:00,SLPUSDT,False,0.24480712166172092,-0.030989272943980795,0.25387365911799775,0.0023837902264602917,DEV
0.2,2021-07-10 00:00:00+00:00,CHRUSDT,False,0.2235172902311804,-0.07078947368421051,0.08047368421052625,0.036684210526315875,DEV
0.2,2021-07-11 00:00:00+00:00,AUDIOUSDT,False,0.22037194603136023,-0.07549800796812745,0.276195219123506,0.040737051792828716,DEV
0.2,2021-07-11 00:00:00+00:00,TLMUSDT,False,0.296812749003984,-0.06912442396313367,0.7534562211981566,0.518433179723502,DEV
0.2,2021-07-12 00:00:00+00:00,MTLUSDT,False,0.2673151511420304,-0.10803983483118773,-0.2136992956035948,-0.3263055623026475,DEV
0.2,2021-07-12 00:00:00+00:00,SLPUSDT,False,0.21853281853281836,0.09474017743979712,-0.025031685678073567,-0.1986692015209125,DEV
0.2,2021-07-13 00:00:00+00:00,AUDIOUSDT,False,0.3644688644688643,0.011685748124753426,-0.23979470983024076,-0.3470983024082116,DEV
0.2,2021-07-13 00:00:00+00:00,CHRUSDT,False,0.24750850753524545,0.22577816747040758,0.030396025135174698,0.1768230308344294,DEV
0.2,2021-07-13 00:00:00+00:00,MASKUSDT,False,0.5466439135381114,-0.03604266274365575,-0.28245678558293486,-0.4372931224714969,DEV
0.2,2021-07-13 00:00:00+00:00,TLMUSDT,False,0.2755775577557755,0.4767141009055629,0.16235446313065993,-0.12160413971539452,DEV
0.2,2021-07-14 00:00:00+00:00,CHRUSDT,False,0.22577816747040758,0.004490542044190082,-0.21725480845652512,0.07105388650453026,DEV
0.2,2021-07-14 00:00:00+00:00,SANDUSDT,False,0.36106308922849983,-0.07925889545616216,-0.2412146256372043,-0.1980794959947162,DEV
0.2,2021-07-14 00:00:00+00:00,SUPERUSDT,False,0.2136105860113422,-0.03582554517133962,-0.29439252336448596,-0.32398753894081,DEV
0.2,2021-07-14 00:00:00+00:00,TLMUSDT,False,0.4767141009055629,0.06176084099868584,-0.25405168637757336,-0.225580376697328,DEV
0.2,2021-07-15 00:00:00+00:00,ATAUSDT,False,0.3788442224695312,-0.08059372416236854,-0.15980944131658725,-0.248612150084649,DEV
0.2,2021-07-18 00:00:00+00:00,CHRUSDT,False,0.33649794384931697,-0.13568850902184226,0.023817663817663703,0.5094017094017094,DEV
0.2,2021-07-21 00:00:00+00:00,AXSUSDT,False,0.48909987340928773,0.10937409115924446,0.8840621210833157,1.0410740092796837,DEV
0.2,2021-07-21 00:00:00+00:00,MATICUSDT,False,0.2894530569587179,-0.008679207051433546,0.06755372440421925,0.1460043002037532,DEV
0.2,2021-07-21 00:00:00+00:00,RUNEUSDT,False,0.21935300794551638,-0.1898999301838492,-0.16406795438678135,0.08145217593670018,DEV
0.2,2021-07-21 00:00:00+00:00,SANDUSDT,False,0.23095120492889998,0.052522649996832094,0.5422483157694664,0.4372874912884628,DEV
0.2,2021-07-21 00:00:00+00:00,THETAUSDT,False,0.20776380535811922,0.0959710276143051,0.2693526482571298,0.3139429606156632,DEV
0.2,2021-07-21 00:00:00+00:00,TLMUSDT,False,0.30191458026509577,-0.02714932126696845,0.6108597285067872,0.6645927601809953,DEV
0.2,2021-07-23 00:00:00+00:00,ALICEUSDT,False,0.29322380541892734,0.36943707440760165,0.2205565212845213,0.9486479068369256,DEV
0.2,2021-07-23 00:00:00+00:00,AXSUSDT,False,0.7152824831413547,-0.009894331920976995,-0.0390106608604871,0.016887141600868905,DEV
0.2,2021-07-23 00:00:00+00:00,CHRUSDT,False,0.24668277271882544,0.037296523761254585,-0.027219605271003422,-0.02447677538608306,DEV
0.2,2021-07-23 00:00:00+00:00,DEGOUSDT,False,0.20509957193374273,0.10362934362934362,0.288957528957529,0.4450965250965251,DEV
0.2,2021-07-23 00:00:00+00:00,LITUSDT,False,0.2695379236362192,-0.03333020373673834,0.10305761587331386,0.11726598441460889,DEV
0.2,2021-07-23 00:00:00+00:00,SANDUSDT,False,0.3209398450981178,0.10927650266583622,0.0005924080628256778,-0.0013367156289398885,DEV
0.2,2021-07-23 00:00:00+00:00,TLMUSDT,False,0.4186046511627908,0.16721311475409828,0.12336065573770494,0.17745901639344264,DEV
0.2,2021-07-24 00:00:00+00:00,ALICEUSDT,False,0.36943707440760165,0.10558614963207558,0.2975175849661662,0.30017083902001396,DEV
0.2,2021-07-24 00:00:00+00:00,ICPUSDT,False,0.25483405483405486,-0.020239190432382648,-0.05680772769089237,-0.03472861085556578,DEV
0.2,2021-07-25 00:00:00+00:00,DEGOUSDT,False,0.4396865379233137,-0.1887636080870918,-0.04597589424572324,0.013316485225505437,DEV
0.2,2021-07-25 00:00:00+00:00,EPSUSDT,False,0.26923076923076916,-0.1802232854864434,-0.07336523125996819,-0.1578947368421052,DEV
0.2,2021-07-25 00:00:00+00:00,FETUSDT,False,0.2361587982832618,-0.08451233978531958,-0.006220524838700281,0.13132540578074825,DEV
0.2,2021-07-25 00:00:00+00:00,LINAUSDT,False,0.2532467532467533,-0.13471502590673579,0.06994818652849744,0.005181347150259086,DEV
0.2,2021-07-25 00:00:00+00:00,REPUSDT,False,0.24100804543303345,-0.13773159182635775,-0.1409730829122573,-0.23850382940858672,DEV
0.2,2021-07-25 00:00:00+00:00,SUPERUSDT,False,0.22259696458684664,-0.1917241379310345,0.2055172413793105,-0.016551724137931045,DEV
0.2,2021-07-25 00:00:00+00:00,TLMUSDT,False,0.293188202247191,-0.2557697529188162,-0.20092316046701064,-0.2297040456149878,DEV
0.2,2021-07-25 00:00:00+00:00,UNFIUSDT,False,0.40073313782991216,-0.12624306500575744,-0.11326284936669118,-0.07578771066680623,DEV
0.2,2021-07-26 00:00:00+00:00,XVSUSDT,False,0.38002070957545375,0.08265539846773562,0.04995655951346656,0.09782007740304866,DEV
0.2,2021-07-27 00:00:00+00:00,ALICEUSDT,False,0.45578566380399654,-0.0004119161456418441,0.0966752482530342,-0.10190511217359333,DEV
0.2,2021-07-27 00:00:00+00:00,COCOSUSDT,False,0.20137614678899074,-0.02430953290059823,-0.04161893852615495,-0.11072928598701792,DEV
0.2,2021-07-27 00:00:00+00:00,DEGOUSDT,False,0.2724658519051042,-0.07580037664783423,-0.11892655367231642,0.06280602636534849,DEV
0.2,2021-07-28 00:00:00+00:00,SUPERUSDT,False,0.2967359050445102,-0.09267734553775742,-0.10526315789473684,-0.17391304347826086,DEV
0.2,2021-07-29 00:00:00+00:00,PERPUSDT,False,0.2823793071248484,0.07041433044491363,0.014854729483725349,0.16136313988203588,DEV
0.2,2021-07-30 00:00:00+00:00,RLCUSDT,False,0.20083291448265972,-0.01061348959579056,0.023319779956948006,0.01665271466156426,DEV
0.2,2021-07-31 00:00:00+00:00,MASKUSDT,False,0.3736672452268781,-0.16010830324909753,-0.04602888086642598,0.38519855595667885,DEV
0.2,2021-08-01 00:00:00+00:00,ANKRUSDT,False,0.22077158315690415,-0.05395510164755746,-0.07071972251662006,-0.09798631852779649,DEV
0.2,2021-08-02 00:00:00+00:00,RUNEUSDT,False,0.21973244147157178,-0.06498491911159854,0.10967918837400603,-0.05812996983822316,DEV
0.2,2021-08-03 00:00:00+00:00,YFIIUSDT,False,0.28835898678948024,-0.0352125473830045,-0.09583499917687732,-0.10666814900017318,DEV
0.2,2021-08-06 00:00:00+00:00,FISUSDT,False,0.36504757135703536,0.07997065297138661,-0.17571533382245053,-0.15884079236977255,DEV
0.2,2021-08-06 00:00:00+00:00,HOTUSDT,False,0.20192896509491742,-0.00038211692777989636,0.08788689338937705,0.5451534836326581,DEV
0.2,2021-08-06 00:00:00+00:00,PSGUSDT,False,0.39512508017960224,-0.11313218390804591,0.4264367816091956,0.16091954022988508,DEV
0.2,2021-08-06 00:00:00+00:00,RVNUSDT,False,0.35632340890467096,-0.018628536904641946,0.14530258785620775,0.5665089114892763,DEV
0.2,2021-08-07 00:00:00+00:00,DOGEUSDT,True,0.27863489893565085,-0.08373744701974117,-0.01745007445874225,0.12268509679636486,DEV
0.2,2021-08-07 00:00:00+00:00,ICPUSDT,False,0.27719080174021116,-0.10348742903487418,0.16139497161394956,0.041362530413625365,DEV
0.2,2021-08-07 00:00:00+00:00,MASKUSDT,False,0.2603054688783051,-0.12157935887412052,-0.11584571279645561,-0.09655981235340116,DEV
0.2,2021-08-07 00:00:00+00:00,QTUMUSDT,False,0.24428702010968917,-0.05904499540863184,-0.01845730027548209,0.29476584022038566,DEV
0.2,2021-08-07 00:00:00+00:00,SHIBUSDT,True,0.23809523809523814,-0.06538461538461537,-0.03076923076923077,0.04230769230769238,DEV
0.2,2021-08-08 00:00:00+00:00,PSGUSDT,False,0.3377831059845122,0.20228637860879695,-0.0816944390621972,-0.11080701414454552,DEV
0.2,2021-08-09 00:00:00+00:00,ATMUSDT,False,0.5462173314993122,-0.08557957477092781,-0.10252646561693801,-0.19869228716306375,DEV
0.2,2021-08-09 00:00:00+00:00,CTSIUSDT,False,0.7183248647762661,-0.1092907902895025,-0.17340344350646253,-0.09177517050603323,DEV
0.2,2021-08-09 00:00:00+00:00,IOTXUSDT,False,0.3069333333333335,0.7733115690675372,2.8012310412840917,1.9548391484731003,DEV
0.2,2021-08-09 00:00:00+00:00,NKNUSDT,False,0.38132367613909324,-0.05545746388443029,0.10810593900481535,0.03127340823970037,DEV
0.2,2021-08-09 00:00:00+00:00,PSGUSDT,False,0.20228637860879695,-0.11216760676873483,-0.15995165189363414,-0.30570104754230454,DEV
0.2,2021-08-09 00:00:00+00:00,RVNUSDT,False,0.25030229746070143,0.19755582908387548,0.3253033233690876,0.23325127483734853,DEV
0.2,2021-08-09 00:00:00+00:00,SXPUSDT,False,0.20186084142394822,0.029283069673510465,0.10568832043083143,0.09323460114439586,DEV
0.2,2021-08-09 00:00:00+00:00,WRXUSDT,False,0.2273085339168488,-0.023249179860219682,-0.020681785765226057,0.04842390529168461,DEV
0.2,2021-08-10 00:00:00+00:00,ALICEUSDT,False,0.20437487321657977,-0.07116890772815321,-0.06566684445442561,-0.12029447267214999,DEV
0.2,2021-08-10 00:00:00+00:00,AXSUSDT,False,0.47553789983696526,0.03197412937181543,0.09753152126888098,0.11859653709565476,DEV
0.2,2021-08-10 00:00:00+00:00,BADGERUSDT,False,0.21512984569062854,-0.12565818001610607,-0.05014557393297403,-0.2765904726506845,DEV
0.2,2021-08-10 00:00:00+00:00,HNTUSDT,False,0.2726456159745734,-0.1086378196427602,-0.07437971659699227,0.08415223410608608,DEV
0.2,2021-08-10 00:00:00+00:00,IOTXUSDT,False,0.7733115690675372,0.9387105434740921,0.9007785832086834,0.46015034710236646,DEV
0.2,2021-08-11 00:00:00+00:00,DENTUSDT,False,0.29393939393939394,0.0331615925058546,0.8995316159250584,0.4408430913348944,DEV
0.2,2021-08-11 00:00:00+00:00,IOTXUSDT,False,0.9387105434740921,0.10567183667009572,-0.09132903378966528,-0.24399580596660608,DEV
0.2,2021-08-11 00:00:00+00:00,MTLUSDT,False,0.24067667904151202,-0.05773742731816789,0.05460913325852634,-0.09235268115202844,DEV
0.2,2021-08-11 00:00:00+00:00,TRUUSDT,False,0.40150782911270055,-0.008413793103448253,-0.04951724137931024,-0.06303448275862067,DEV
0.2,2021-08-11 00:00:00+00:00,WINUSDT,False,0.44991073199761966,-0.027089889177726145,0.02750034204405538,-0.1288822000273635,DEV
0.2,2021-08-13 00:00:00+00:00,CTKUSDT,False,0.2064002235885969,-0.06231900845592486,-0.098285648094521,0.24354222170740192,DEV
0.2,2021-08-13 00:00:00+00:00,DENTUSDT,False,0.3415994197116694,0.3704254384482817,0.10933328827763322,0.1841313824215185,DEV
0.2,2021-08-13 00:00:00+00:00,LINAUSDT,False,0.21336206896551735,-0.05506216696269994,-0.026642984014209614,0.12255772646536411,DEV
0.2,2021-08-13 00:00:00+00:00,QTUMUSDT,False,0.35606207565470416,0.008511551391173766,-0.05235676990200977,0.012230884772190809,DEV
0.2,2021-08-14 00:00:00+00:00,DENTUSDT,False,0.3704254384482817,-0.08352854148686972,-0.23628405868573543,-0.17687091603994576,DEV
0.2,2021-08-14 00:00:00+00:00,WAVESUSDT,False,0.2792518486298392,-0.059087989723827894,-0.16113189013563034,-0.05893686954550614,DEV
0.2,2021-08-15 00:00:00+00:00,CHRUSDT,False,0.24145812924867172,-0.06460868941440912,-0.12921737882881812,-0.03919083713923632,DEV
0.2,2021-08-15 00:00:00+00:00,SOLUSDT,False,0.2127548708654281,0.15850628607722617,0.35740038482374703,0.3594926304384376,DEV
0.2,2021-08-15 00:00:00+00:00,SUNUSDT,False,0.29827527899898554,-0.08309455587392545,-0.09038812190674661,-0.10705912998176614,DEV
0.2,2021-08-15 00:00:00+00:00,VTHOUSDT,False,0.22529034353934874,-0.10061642473652821,-0.12533969642738785,-0.15291310399681846,DEV
0.2,2021-08-16 00:00:00+00:00,AUDIOUSDT,False,0.7047185120459367,0.05059861604364224,0.2053600849412367,0.1291692600593124,DEV
0.2,2021-08-17 00:00:00+00:00,AVAXUSDT,False,0.22940590425253005,0.27923739657084345,0.6700076772157297,1.3660325855156525,DEV
0.2,2021-08-18 00:00:00+00:00,ARUSDT,False,0.5120340209916756,-0.0967626114535336,-0.1562144695111004,-0.19268745137933097,DEV
0.2,2021-08-18 00:00:00+00:00,AVAXUSDT,False,0.27923739657084345,0.022005134531390746,0.45620644817124,0.5406261461007569,DEV
0.2,2021-08-18 00:00:00+00:00,LUNAUSDT,False,0.21359990517207317,-0.04183623636659617,-0.10372782028324923,-0.021943675728471446,DEV
0.2,2021-08-18 00:00:00+00:00,SRMUSDT,False,0.23913769787606398,0.013802223762935606,-0.016973525408931045,-0.10127622422514959,DEV
0.2,2021-08-19 00:00:00+00:00,DENTUSDT,False,0.2100968727650998,-0.058643384822028244,-0.07439892545332438,-0.21289456010745478,DEV
0.2,2021-08-19 00:00:00+00:00,ERNUSDT,False,0.22097378277153568,0.16834144277554475,0.002009731330653741,-0.152528030463296,DEV
0.2,2021-08-19 00:00:00+00:00,FTMUSDT,False,0.22604956761196182,-0.030360942548664283,0.09423516431554901,-0.14630782567578215,DEV
0.2,2021-08-19 00:00:00+00:00,LINAUSDT,False,0.33528265107212496,-0.07737226277372256,-0.09197080291970816,-0.21927007299270085,DEV
0.2,2021-08-19 00:00:00+00:00,PNTUSDT,False,0.2058927000879507,-0.04857413755378892,-0.10619210852600103,-0.2179272117278097,DEV
0.2,2021-08-20 00:00:00+00:00,AVAXUSDT,False,0.27736273774181974,0.11546418081981868,0.18633635551015204,0.280551653684076,DEV
0.2,2021-08-21 00:00:00+00:00,ALICEUSDT,False,0.30721312982714233,-0.0495993716553248,-0.05980411120294005,0.2432080746979901,DEV
0.2,2021-08-21 00:00:00+00:00,INJUSDT,False,0.2076421248835041,-0.028862478777589184,-0.10248495138138591,-0.12725729279209763,DEV
0.2,2021-08-21 00:00:00+00:00,NEARUSDT,False,0.4024943310657596,-0.11825383993532734,-0.18396119644300724,-0.07566693613581243,DEV
0.2,2021-08-21 00:00:00+00:00,RUNEUSDT,False,0.21498441363001186,-0.06396531894187385,-0.08227904096257643,-0.11828718039458563,DEV
0.2,2021-08-22 00:00:00+00:00,BAKEUSDT,False,0.20971386984333695,-0.007915901462858588,-0.06842505224494966,-0.11373567221835224,DEV
0.2,2021-08-22 00:00:00+00:00,LRCUSDT,False,0.5666134822497007,-0.07813039919978171,-0.15464217513867407,0.007911248522324499,DEV
0.2,2021-08-23 00:00:00+00:00,MASKUSDT,False,0.34859403702133673,0.3160100586756076,0.4180637049455156,0.2511525565800503,DEV
0.2,2021-08-24 00:00:00+00:00,C98USDT,False,0.5918095617331574,0.011137733444860576,0.03286403327053411,-0.1389216782232785,DEV
0.2,2021-08-24 00:00:00+00:00,CTKUSDT,False,0.2219626168224298,-0.05375374292001878,-0.12334499801580134,-0.09628774486814107,DEV
0.2,2021-08-24 00:00:00+00:00,MASKUSDT,False,0.3160100586756076,0.4226114649681527,0.11250000000000004,-0.10421974522292998,DEV
0.2,2021-08-25 00:00:00+00:00,ALICEUSDT,False,0.30968055659459837,-0.08414969677929152,0.009624996429897559,-0.12937099553499176,DEV
0.2,2021-08-25 00:00:00+00:00,ATAUSDT,False,1.503624234260239,-0.15725623074410222,0.1773560251343509,-0.09941647824443867,DEV
0.2,2021-08-25 00:00:00+00:00,COSUSDT,False,0.21767810026385215,-0.10978692668833523,-0.07042253521126762,-0.009750812567713929,DEV
0.2,2021-08-25 00:00:00+00:00,COTIUSDT,False,0.6739782396429068,-0.23046476261900295,-0.20234152032164654,-0.29816886444597224,DEV
0.2,2021-08-25 00:00:00+00:00,DEXEUSDT,False,0.44877543980683,0.010714285714285676,-0.007738095238095211,0.023214285714285854,DEV
0.2,2021-08-25 00:00:00+00:00,GTCUSDT,False,0.4007177033492826,-0.13168232280102488,0.1885567890691715,0.04867634500426976,DEV
0.2,2021-08-25 00:00:00+00:00,MASKUSDT,False,0.4226114649681527,-0.24255652563241537,-0.17920304454891423,-0.33087083053503463,DEV
0.2,2021-08-25 00:00:00+00:00,SANDUSDT,False,0.2020243112622655,-0.08377105106406024,0.028456165051172322,0.36459630692586775,DEV
0.2,2021-08-25 00:00:00+00:00,TKOUSDT,False,0.33120292170737264,-0.07235939643347045,0.042866941015089255,-0.06584362139917688,DEV
0.2,2021-08-25 00:00:00+00:00,TLMUSDT,False,0.2869307663828211,-0.12744533947065595,0.015535097813578647,-0.05293440736478716,DEV
0.2,2021-08-25 00:00:00+00:00,TORNUSDT,False,0.3668341708542713,0.07720588235294112,0.0947058823529412,0.16132352941176475,DEV
0.2,2021-08-25 00:00:00+00:00,XTZUSDT,False,0.2850148892141522,-0.1284367635506677,0.10604870384917509,0.0652003142183819,DEV
0.2,2021-08-26 00:00:00+00:00,MLNUSDT,False,0.3423878711307644,0.0031372549019608176,-0.0776470588235294,-0.08549019607843145,DEV
0.2,2021-08-27 00:00:00+00:00,ARUSDT,False,0.5078003120124803,0.2327987584066218,0.4568028970512159,0.5183652353854116,DEV
0.2,2021-08-27 00:00:00+00:00,ATAUSDT,False,0.32332598616705943,0.05571190626615352,-0.1511113663775775,-0.24409855838263173,DEV
0.2,2021-08-27 00:00:00+00:00,AVAXUSDT,False,0.21345595353339797,0.0011966493817312518,-0.1735141603510172,-0.08476266453928993,DEV
0.2,2021-08-27 00:00:00+00:00,LUNAUSDT,False,0.21023359288097887,0.0738357843137254,0.02450980392156854,-0.028186274509803932,DEV
0.2,2021-08-28 00:00:00+00:00,ARUSDT,False,0.2327987584066218,-0.1063785144775492,0.3804028535459507,0.11812840956777171,DEV
0.2,2021-08-28 00:00:00+00:00,GTCUSDT,False,0.32539758118274453,-0.06955022273315137,-0.15361402500359245,-0.14880011495904588,DEV
0.2,2021-08-29 00:00:00+00:00,FLOWUSDT,False,0.2752886836027715,-0.08837377761680543,-0.07026439695762399,-0.03223469757334296,DEV
0.2,2021-08-29 00:00:00+00:00,SANDUSDT,False,0.32117941292615493,-0.028394938726711283,0.004284148649994934,-0.026402311447643823,DEV
0.2,2021-08-30 00:00:00+00:00,ARUSDT,False,0.3223761446348907,0.16814630681818188,0.008877840909090828,0.011541193181818121,DEV
0.2,2021-08-30 00:00:00+00:00,CELOUSDT,False,0.6712778429073858,-0.22629068462401802,-0.21226150392817056,-0.27609427609427606,DEV
0.2,2021-08-30 00:00:00+00:00,FTMUSDT,False,0.36372950819672134,-0.09842223891810664,0.06298522414224905,0.74442774855998,DEV
0.2,2021-08-30 00:00:00+00:00,YFIIUSDT,False,0.21684460260972727,0.23025930980697984,0.11191265353870161,0.07896276077208042,DEV
0.2,2021-08-31 00:00:00+00:00,DOTUSDT,False,0.2043795620437956,0.05837320574162663,0.07081339712918666,-0.10781499202551836,DEV
0.2,2021-08-31 00:00:00+00:00,HNTUSDT,False,0.2035870092098886,-0.0620217478856222,-0.07772855416834479,-0.17519130084575107,DEV
0.2,2021-08-31 00:00:00+00:00,KSMUSDT,False,0.32528504359490285,-0.01670040485829949,0.0290991902834008,-0.1627024291497976,DEV
0.2,2021-08-31 00:00:00+00:00,MTLUSDT,False,0.797994801336799,-0.045848822800495515,-0.11751342420487398,-0.32858323007021895,DEV
0.2,2021-08-31 00:00:00+00:00,YFIIUSDT,False,0.23025930980697984,-0.0743264659270998,-0.11664025356576857,-0.2768621236133122,DEV
0.2,2021-09-01 00:00:00+00:00,CELRUSDT,False,0.21197007481296737,-0.08213305898491075,-0.06995884773662553,0.008744855967078191,DEV
0.2,2021-09-01 00:00:00+00:00,FTMUSDT,False,0.20958333333333345,-0.025261224021127626,0.21896888276495585,0.791480078080147,DEV
0.2,2021-09-01 00:00:00+00:00,FTTUSDT,False,0.34392407674850434,-0.07660423702793984,-0.06539760515812099,0.17086275713847088,DEV
0.2,2021-09-01 00:00:00+00:00,INJUSDT,False,0.20357842264554038,-0.04341394867243553,0.02980548775978109,-0.10590932623326677,DEV
0.2,2021-09-02 00:00:00+00:00,IOTAUSDT,False,0.36442248301420643,0.018172411563086133,0.16458643212830615,0.013516135290693843,DEV
0.2,2021-09-02 00:00:00+00:00,RAMPUSDT,False,0.220116172424335,-0.04685542470558757,-0.0308193435229267,0.04084189426208962,DEV
0.2,2021-09-04 00:00:00+00:00,CVCUSDT,False,1.3973089616653978,-0.33739277771894527,-0.4610822831727205,-0.4431854283596315,DEV
0.2,2021-09-04 00:00:00+00:00,FILUSDT,False,0.2239536381197682,0.19581228956228958,-0.11132154882154899,-0.1407828282828284,DEV
0.2,2021-09-04 00:00:00+00:00,HIVEUSDT,False,0.2333800841514726,-0.14157380031839883,0.006254264271094101,-0.14589492836024565,DEV
0.2,2021-09-04 00:00:00+00:00,IOTAUSDT,False,0.2598450203252032,-0.09210990673052688,-0.23468616082682126,-0.2412402319132847,DEV
0.2,2021-09-04 00:00:00+00:00,PNTUSDT,False,0.2136446734252948,-0.027730229373502224,-0.2273194111605613,-0.26840123245463876,DEV
0.2,2021-09-04 00:00:00+00:00,STMXUSDT,False,0.5536707452725251,-0.22373366744227674,-0.38392697333094694,-0.3765885090388402,DEV
0.2,2021-09-04 00:00:00+00:00,TWTUSDT,False,0.26175222564273226,0.002769535113748667,-0.23435542367293105,-0.22472799208704253,DEV
0.2,2021-09-05 00:00:00+00:00,OMGUSDT,False,0.2501742160278746,0.007246376811594235,-0.10234113712374593,0.05518394648829417,DEV
0.2,2021-09-05 00:00:00+00:00,QNTUSDT,False,0.4301075268817205,0.021616541353383534,-0.02631578947368418,0.11936090225563922,DEV
0.2,2021-09-05 00:00:00+00:00,ROSEUSDT,False,0.24334573032888507,0.4118475073313781,0.4798240469208208,0.492375366568915,DEV
0.2,2021-09-06 00:00:00+00:00,AVAUSDT,False,0.24884667571234753,-0.17622772707518475,-0.1503694046066928,-0.2327249022164276,DEV
0.2,2021-09-06 00:00:00+00:00,FETUSDT,False,0.21569212410501182,0.1184049079754601,0.10147239263803698,0.10306748466257676,DEV
0.2,2021-09-06 00:00:00+00:00,KEEPUSDT,False,0.2901683641654542,-0.2402126631222813,-0.27114548090865154,-0.3302722732398905,DEV
0.2,2021-09-06 00:00:00+00:00,NUUSDT,False,0.406664700678266,-0.26687631027253667,-0.2960167714884696,-0.3438155136268344,DEV
0.2,2021-09-06 00:00:00+00:00,RAMPUSDT,False,0.22750775594622552,-0.163647851727043,-0.12510530749789384,-0.21882898062342038,DEV
0.2,2021-09-06 00:00:00+00:00,ROSEUSDT,False,0.4118475073313781,0.16824526420737795,0.06779661016949157,-0.015619807244931838,DEV
0.2,2021-09-06 00:00:00+00:00,SUPERUSDT,False,0.25163996128615973,-0.28688031617836585,-0.3398058252427184,-0.34899905490162375,DEV
0.2,2021-09-07 00:00:00+00:00,NEARUSDT,False,0.42196721311475405,0.19794789024671444,0.14514641457228494,-0.0071477980170624456,DEV
0.2,2021-09-08 00:00:00+00:00,ALGOUSDT,False,0.5001565680288083,0.20210822940040707,0.040703438918749724,0.05150550540103338,DEV
0.2,2021-09-08 00:00:00+00:00,CELRUSDT,False,0.31404958677685957,0.1019887812340643,0.10113887472378047,0.5893251742308345,DEV
0.2,2021-09-08 00:00:00+00:00,IOSTUSDT,False,0.45397412199630294,0.0142384947876939,-0.07424357996440378,0.010678871090770592,DEV
0.2,2021-09-09 00:00:00+00:00,ALGOUSDT,False,0.20210822940040707,-0.12632401458586562,0.03286160791804149,-0.11538461538461542,DEV
0.2,2021-09-09 00:00:00+00:00,ATOMUSDT,False,0.29772837119381346,0.09534450651769077,0.2994413407821228,0.380633147113594,DEV
0.2,2021-09-09 00:00:00+00:00,CELOUSDT,False,0.23933034661636432,-0.04071537290715377,-0.057077625570776225,0.019786910197869156,DEV
0.2,2021-09-09 00:00:00+00:00,CKBUSDT,False,0.3128674069235793,-0.12686567164179108,-0.11442786069651745,-0.23283582089552235,DEV
0.2,2021-09-09 00:00:00+00:00,MINAUSDT,False,0.43959061407888167,-0.019420842725853982,-0.10802843766256287,-0.015779434714756402,DEV
0.2,2021-09-09 00:00:00+00:00,ONEUSDT,False,0.4143078439656387,-0.14363238076272034,0.07861196853529817,-0.18565169769989054,DEV
0.2,2021-09-09 00:00:00+00:00,PONDUSDT,False,0.31781237084997915,0.3966130043905498,0.24283922224545273,0.16380932469161613,DEV
0.2,2021-09-09 00:00:00+00:00,SRMUSDT,False,0.2182700993676603,0.061544165353600855,0.15719714524052275,-0.05116322179998145,DEV
0.2,2021-09-09 00:00:00+00:00,XTZUSDT,False,0.2871309963099631,0.1080451531983515,0.25891417308726017,0.24278803081884948,DEV
0.2,2021-09-10 00:00:00+00:00,AVAXUSDT,False,0.20922246750061313,0.15659229208924952,0.07809330628803246,0.42210953346855984,DEV
0.2,2021-09-10 00:00:00+00:00,LUNAUSDT,False,0.41666666666666674,-0.09596309111880053,-0.14232987312572087,-0.20507497116493656,DEV
0.2,2021-09-10 00:00:00+00:00,PONDUSDT,False,0.3966130043905498,-0.1304640718562874,-0.23330838323353298,-0.1854790419161676,DEV
0.2,2021-09-10 00:00:00+00:00,QNTUSDT,False,0.25924744897959173,-0.026082552544947957,-0.030387439858191923,-0.12382881742213214,DEV
0.2,2021-09-11 00:00:00+00:00,CLVUSDT,False,0.215962441314554,-0.012226512226512276,-0.06113256113256116,-0.1364221364221364,DEV
0.2,2021-09-11 00:00:00+00:00,DIAUSDT,False,0.25688073394495414,-0.0374087591240877,-0.08941605839416067,-0.134580291970803,DEV
0.2,2021-09-11 00:00:00+00:00,ROSEUSDT,False,0.3332711761689431,-0.11031468531468525,-0.1533216783216782,-0.15968531468531466,DEV
0.2,2021-09-12 00:00:00+00:00,ATOMUSDT,False,0.2766190998902307,0.02665520206362859,-0.022069360848380737,0.26884494124390956,DEV
0.2,2021-09-12 00:00:00+00:00,CELRUSDT,False,0.3312750849027477,-0.07629870129870131,0.08418367346938771,0.18286178107606688,DEV
0.2,2021-09-12 00:00:00+00:00,DEXEUSDT,False,0.23432055749128922,-0.1446718419195484,-0.11432604093154541,-0.03387438249823571,DEV
0.2,2021-09-12 00:00:00+00:00,ERNUSDT,False,0.2060893512851898,-0.1184193834834455,-0.11924394266142335,-0.18191044018774583,DEV
0.2,2021-09-12 00:00:00+00:00,MASKUSDT,False,0.5231508615637086,-0.12328767123287676,-0.1573033707865169,-0.13983376943204562,DEV
0.2,2021-09-12 00:00:00+00:00,ONEUSDT,False,0.208984375,-0.14941149319178404,-0.2031387029771522,-0.2770828525271175,DEV
0.2,2021-09-14 00:00:00+00:00,CELRUSDT,False,0.2248305297514437,-0.04171364148816237,0.22506918110074814,-0.1468689146253972,DEV
0.2,2021-09-14 00:00:00+00:00,MLNUSDT,False,0.23091976516634038,0.007154213036566048,-0.11049284578696339,0.26152623211446735,DEV
0.2,2021-09-14 00:00:00+00:00,RENUSDT,False,0.23328335832083957,0.3185023097495745,0.14879649890590807,-0.1339654753221492,DEV
0.2,2021-09-14 00:00:00+00:00,TORNUSDT,False,0.21260665157583136,-0.019098219414129813,-0.041499138426191906,-0.2165422171165996,DEV
0.2,2021-09-14 00:00:00+00:00,TRUUSDT,False,0.3229261622607109,0.005857019810508124,-0.033247200689061174,-0.2254952627045651,DEV
0.2,2021-09-15 00:00:00+00:00,ORNUSDT,False,0.2739620141342758,-0.09144491635607188,-0.011874837479414091,-0.2324694461298431,DEV
0.2,2021-09-15 00:00:00+00:00,PHAUSDT,False,0.23683602771362589,-0.03211651573149099,-0.1207170198860984,-0.19615348706936786,DEV
0.2,2021-09-15 00:00:00+00:00,RENUSDT,False,0.3185023097495745,-0.08546929743684306,-0.10059007929190478,-0.231237322515213,DEV
0.2,2021-09-15 00:00:00+00:00,ZENUSDT,False,0.2701943338796535,-0.053824884792626815,-0.11944700460829483,-0.27299539170506915,DEV
0.2,2021-09-16 00:00:00+00:00,AUDIOUSDT,False,0.31294326241134773,-0.09047940580688729,0.030722484807562456,-0.223497636731938,DEV
0.2,2021-09-16 00:00:00+00:00,SHIBUSDT,True,0.261447562776957,-0.011709601873536202,-0.05386416861826682,-0.10655737704918034,DEV
0.2,2021-09-18 00:00:00+00:00,ATOMUSDT,False,0.2181709503885234,0.08611383709519149,-0.25294406280667314,-0.03213935230618237,DEV
0.2,2021-09-18 00:00:00+00:00,CFXUSDT,False,1.4099923722349352,-0.13799651843646155,-0.4203196708339927,-0.4541857888906473,DEV
0.2,2021-09-18 00:00:00+00:00,OMUSDT,False,0.38898756660746003,-0.048593350383631884,-0.3177749360613811,-0.31937340153452687,DEV
0.2,2021-09-21 00:00:00+00:00,MLNUSDT,False,0.536302032913843,-0.03465658475110267,-0.17391304347826086,-0.12854442344045358,DEV
0.2,2021-09-22 00:00:00+00:00,ALICEUSDT,False,0.20427807486631022,0.00799289520426294,-0.122557726465364,-0.08525754884547065,DEV
0.2,2021-09-22 00:00:00+00:00,ARUSDT,False,0.2692619626926196,0.11437699680511182,-0.04281150159744418,-0.13418530351437707,DEV
0.2,2021-09-22 00:00:00+00:00,ATOMUSDT,False,0.30410509031198685,0.045328632586250306,-0.006547469151347185,-0.1468144044321329,DEV
0.2,2021-09-22 00:00:00+00:00,AVAXUSDT,False,0.25584944048830116,0.03199675982179029,-0.07816929931146199,-0.11624139327663019,DEV
0.2,2021-09-22 00:00:00+00:00,AXSUSDT,False,0.21651521137890173,0.09386164339071135,0.05943488145501785,0.12569015914257875,DEV
0.2,2021-09-22 00:00:00+00:00,CELRUSDT,False,0.31583373378183577,0.2710672875011413,0.48050762348215104,0.33771569433032056,DEV
0.2,2021-09-22 00:00:00+00:00,COTIUSDT,False,0.3375042272573554,0.42680151706700387,0.4126422250316055,0.6396965865992412,DEV
0.2,2021-09-22 00:00:00+00:00,CTSIUSDT,False,0.21897518014411532,0.044334975369458185,-0.0356321839080459,-0.08111658456486048,DEV
0.2,2021-09-22 00:00:00+00:00,FETUSDT,False,0.23196816448350188,0.13633916554508763,0.1250336473755047,-0.06043068640646021,DEV
0.2,2021-09-22 00:00:00+00:00,FTMUSDT,False,0.2706277342557737,0.009047962206742088,-0.005044439106413612,-0.039154455921210585,DEV
0.2,2021-09-22 00:00:00+00:00,IOSTUSDT,False,0.25574272588055136,0.009756097560975396,-0.09832317073170738,-0.184908536585366,DEV
0.2,2021-09-22 00:00:00+00:00,LUNAUSDT,False,0.31836248012718604,0.09014169430208008,0.14169430208019285,0.02954476936991246,DEV
0.2,2021-09-22 00:00:00+00:00,PERPUSDT,False,0.2540540540540541,-0.06034482758620685,-0.1443965517241379,0.07902298850574718,DEV
0.2,2021-09-22 00:00:00+00:00,PONDUSDT,False,0.27552391187533587,0.033175355450236976,-0.12954186413902058,-0.16134807793575567,DEV
0.2,2021-09-22 00:00:00+00:00,TVKUSDT,False,0.20526315789473681,0.04269771955361468,-0.1043182920912179,-0.17515769044153318,DEV
0.2,2021-09-23 00:00:00+00:00,CELRUSDT,False,0.2710672875011413,0.2824306852463725,0.2047119666714552,-0.0066800747019107876,DEV
0.2,2021-09-23 00:00:00+00:00,COTIUSDT,False,0.42680151706700387,-0.1224525961368067,-0.07903597377281579,0.101010101010101,DEV
0.2,2021-09-23 00:00:00+00:00,CVCUSDT,False,0.23597858971375385,-0.0956505366221051,-0.18113349651666355,-0.18132178497458107,DEV
0.2,2021-09-23 00:00:00+00:00,SLPUSDT,False,0.2987421383647799,-0.10169491525423735,-0.19612590799031482,-0.24213075060532685,DEV
0.2,2021-09-24 00:00:00+00:00,CELRUSDT,False,0.2824306852463725,-0.09174414696986677,-0.12686232776968753,-0.18964937829057915,DEV
0.2,2021-09-24 00:00:00+00:00,RENUSDT,False,0.23231210050694306,-0.08773028080844225,-0.08245394383831162,-0.06358433196208202,DEV
0.2,2021-09-25 00:00:00+00:00,IOTXUSDT,False,0.29169076537497607,-0.02164179104477626,-0.15955223880597025,-0.05865671641791048,DEV
0.2,2021-09-26 00:00:00+00:00,UNIUSDT,False,0.23472008217770934,-0.06905158069883532,-0.04284525790349403,0.08153078202995001,DEV
0.2,2021-09-30 00:00:00+00:00,OMGUSDT,False,0.20609284332688582,0.024296367572768762,0.32635714858471654,0.19789912597225556,DEV
0.2,2021-10-01 00:00:00+00:00,ALICEUSDT,False,0.23299319727891166,-0.08620689655172409,-0.026206896551724146,-0.11310344827586216,DEV
0.2,2021-10-01 00:00:00+00:00,AXSUSDT,False,0.477491961414791,-0.02212549873050418,0.22052956111715627,0.14517591585056233,DEV
0.2,2021-10-01 00:00:00+00:00,ICXUSDT,False,0.24901960784313726,0.019361590790162087,0.1360544217687074,0.11564625850340149,DEV
0.2,2021-10-01 00:00:00+00:00,ROSEUSDT,False,0.26460017969451943,-0.031007358538442054,-0.07343313879725966,-0.025729510276579548,DEV
0.2,2021-10-01 00:00:00+00:00,SANDUSDT,False,0.20629005813086887,-0.029778821203509165,0.019646608179908487,-0.033856419127641146,DEV
0.2,2021-10-01 00:00:00+00:00,SLPUSDT,False,0.204472843450479,-0.06498673740053051,0.2679045092838197,0.14588859416445632,DEV
0.2,2021-10-01 00:00:00+00:00,SUPERUSDT,False,0.27529577962210827,-0.1045416782054831,-0.0861257269454444,-0.0870949875380781,DEV
0.2,2021-10-02 00:00:00+00:00,OMGUSDT,False,0.21653358384217936,0.06441441441441453,0.0009009009009008917,-0.09234234234234229,DEV
0.2,2021-10-03 00:00:00+00:00,AXSUSDT,False,0.2740170623145399,-0.020307154814760864,-0.0815197612635562,-0.15386854938496242,DEV
0.2,2021-10-03 00:00:00+00:00,TROYUSDT,False,0.244505710909807,-0.08481549465156024,-0.03766061143110322,0.2180517754288247,DEV
0.2,2021-10-04 00:00:00+00:00,SHIBUSDT,True,0.5784543325526932,0.28486646884273004,0.698813056379822,1.2737388724035608,DEV
0.2,2021-10-04 00:00:00+00:00,SLPUSDT,False,0.25294888597640885,-0.09414225941422605,-0.07949790794979084,-0.2562761506276151,DEV
0.2,2021-10-05 00:00:00+00:00,SHIBUSDT,True,0.28486646884273004,0.6091224018475749,0.5733256351039262,0.6766743648960738,DEV
0.2,2021-10-05 00:00:00+00:00,WINUSDT,False,0.298860460116104,-0.025492468134414747,-0.09319649064724389,-0.13623572256248961,DEV
0.2,2021-10-06 00:00:00+00:00,ARUSDT,False,0.2169580748260953,-0.0892939904217519,-0.05561563417271742,-0.18291364127915966,DEV
0.2,2021-10-06 00:00:00+00:00,HIVEUSDT,False,0.38458268385999705,-0.05342339576297195,-0.1617029986695322,-0.10162726435369962,DEV
0.2,2021-10-06 00:00:00+00:00,SHIBUSDT,True,0.6091224018475749,-0.17832795120200928,-0.041980624327233595,0.04305705059203446,DEV
0.2,2021-10-06 00:00:00+00:00,STPTUSDT,False,0.28729580126906984,0.02558993183009961,-0.2442055584687991,-0.031253277399056256,DEV
0.2,2021-10-07 00:00:00+00:00,BTCSTUSDT,False,0.49020088192062716,-0.21831333223738292,-0.21124445175078088,-0.3577182311359526,DEV
0.2,2021-10-07 00:00:00+00:00,FTMUSDT,False,0.2570665341367957,0.1366444279713368,0.0012354830738818823,0.002668643439585061,DEV
0.2,2021-10-07 00:00:00+00:00,TROYUSDT,False,0.20876085240726105,0.11530090325389075,0.04712155838502574,-0.02361519207748375,DEV
0.2,2021-10-08 00:00:00+00:00,CELRUSDT,False,0.31532342788533696,-0.09316522136010941,-0.16447968963943405,-0.19699908717480608,DEV
0.2,2021-10-08 00:00:00+00:00,ONEUSDT,False,0.2930214115781127,-0.03912033994830677,0.025320891926227773,-0.048013317562535573,DEV
0.2,2021-10-09 00:00:00+00:00,DATAUSDT,False,0.36495508118354913,-0.062013163456313025,-0.14413380834490674,-0.12263752188877475,DEV
0.2,2021-10-09 00:00:00+00:00,STXUSDT,False,0.30769230769230793,0.08502673796791438,0.097326203208556,0.04973262032085568,DEV
0.2,2021-10-10 00:00:00+00:00,VIDTUSDT,False,0.5097451274362819,-0.19952639217783197,-0.19020701245130234,-0.21526239401115255,DEV
0.2,2021-10-11 00:00:00+00:00,ARPAUSDT,False,0.3935988620199147,-0.10258242319077271,0.4952536490762478,0.4779013983872613,DEV
0.2,2021-10-13 00:00:00+00:00,ARPAUSDT,False,0.4440400363967243,0.1538279773156901,-0.030482041587901576,0.2937145557655956,DEV
0.2,2021-10-13 00:00:00+00:00,SFPUSDT,False,1.7652361356065063,-0.16150520870243068,-0.3274041527886046,-0.3377506909503225,DEV
0.2,2021-10-13 00:00:00+00:00,STPTUSDT,False,0.2890935733724094,-0.07193894121468003,-0.18886001948684628,-0.09283317094294685,DEV
0.2,2021-10-13 00:00:00+00:00,TWTUSDT,False,0.26658138161779177,-0.07520783155931943,-0.12399968922383653,-0.12835055551239227,DEV
0.2,2021-10-14 00:00:00+00:00,BELUSDT,False,0.30365296803652964,-0.08931698774080554,-0.14500875656742562,-0.22206654991243424,DEV
0.2,2021-10-15 00:00:00+00:00,BTCSTUSDT,False,0.2318914768364475,-0.09038022023685854,-0.14772491169748592,-0.09495117390400998,DEV
0.2,2021-10-15 00:00:00+00:00,KEEPUSDT,False,0.7399806856591018,0.2994311086443735,0.14971555432218686,0.027057027889551666,DEV
0.2,2021-10-15 00:00:00+00:00,MATICUSDT,False,0.26107594936708867,-0.05457967377666262,-0.07214554579673771,-0.048306148055207165,DEV
0.2,2021-10-15 00:00:00+00:00,NKNUSDT,False,0.21363636363636362,0.101123595505618,0.07226261291033276,-0.011676580744657494,DEV
0.2,2021-10-16 00:00:00+00:00,KEEPUSDT,False,0.2994311086443735,-0.02872397223705292,-0.1694607581420181,-0.2218900160170849,DEV
0.2,2021-10-17 00:00:00+00:00,GTCUSDT,False,0.23297534781547458,-0.0553300999703058,0.06908838958725139,-0.05998218350984852,DEV
0.2,2021-10-17 00:00:00+00:00,OXTUSDT,False,0.2524878500347143,-0.09571322985957131,-0.07982261640798227,-0.20066518847006654,DEV
0.2,2021-10-18 00:00:00+00:00,ARPAUSDT,False,0.24240604084434536,0.1872366876165481,0.02956005248981297,0.01609227156571591,DEV
0.2,2021-10-18 00:00:00+00:00,FORTHUSDT,False,0.22857142857142843,-0.06220930232558142,-0.07732558139534884,-0.09418604651162787,DEV
0.2,2021-10-18 00:00:00+00:00,LPTUSDT,False,0.39308641975308656,0.10599078341013812,-0.09500177242112728,-0.07904998227578874,DEV
0.2,2021-10-19 00:00:00+00:00,UMAUSDT,False,0.29373090100935273,-0.0790924056975163,-0.12976880681411496,-0.1616204996063274,DEV
0.2,2021-10-20 00:00:00+00:00,KEYUSDT,False,0.24867537972447895,-0.06619519094766613,-0.11520509193776518,-0.27213578500707203,DEV
0.2,2021-10-20 00:00:00+00:00,SUNUSDT,False,0.24201853759011316,-0.08982863460475388,-0.05887230514096187,-0.14593698175787717,DEV
0.2,2021-10-23 00:00:00+00:00,SHIBUSDT,True,0.21116678596993554,0.06530732860520105,0.41725768321513,0.930260047281324,DEV
0.2,2021-10-25 00:00:00+00:00,CRVUSDT,False,0.37007424328954897,-0.03355564818674461,-0.008545227177990888,-0.060441850771154604,DEV
0.2,2021-10-25 00:00:00+00:00,NBSUSDT,False,0.23896247240618096,0.0761692650334076,-0.1287305122494432,-0.17104677060133633,DEV
0.2,2021-10-25 00:00:00+00:00,NEARUSDT,False,0.28303655107778813,-0.0008927846765683922,-0.07815924032140242,-0.17669020371723076,DEV
0.2,2021-10-26 00:00:00+00:00,ATOMUSDT,False,0.21750212404418012,-0.1451500348918353,-0.0800186089788324,-0.13700860665270997,DEV
0.2,2021-10-27 00:00:00+00:00,1INCHUSDT,False,0.44810126582278476,-0.10104895104895095,-0.17954545454545456,-0.22674825174825175,DEV
0.2,2021-10-27 00:00:00+00:00,SHIBUSDT,True,0.6484570475396163,-0.12888945104983562,-0.17379205666582342,-0.29838097647356443,DEV
0.2,2021-10-28 00:00:00+00:00,COTIUSDT,False,0.2188979767541972,0.0526222850079463,0.12890693978456635,0.0031785272823592337,DEV
0.2,2021-10-28 00:00:00+00:00,DOGEUSDT,True,0.2597730138713745,-0.03837170503837173,-0.06573239906573236,-0.1224557891224558,DEV
0.2,2021-10-28 00:00:00+00:00,LRCUSDT,False,0.45091201716738194,0.015529672767609526,0.1686078757626177,1.061379182843409,DEV
0.2,2021-10-28 00:00:00+00:00,MANAUSDT,False,0.22123893805309724,0.509085009733939,2.1202682240969066,1.708738914125027,DEV
0.2,2021-10-28 00:00:00+00:00,MATICUSDT,False,0.21457029026750152,-0.05248359887535148,-0.09137769447047794,-0.10215557638238049,DEV
0.2,2021-10-28 00:00:00+00:00,SANDUSDT,False,0.2304370583616855,0.2385408912049347,0.6706370307348717,1.871424013612677,DEV
0.2,2021-10-29 00:00:00+00:00,BATUSDT,False,0.22783534830166952,0.45563239948423395,0.19610831086625247,0.1366779978900481,DEV
0.2,2021-10-29 00:00:00+00:00,MANAUSDT,False,0.509085009733939,1.5714900021500755,1.1743711029886046,0.8552282663226547,DEV
0.2,2021-10-29 00:00:00+00:00,SANDUSDT,False,0.2385408912049347,0.5469689163661342,0.8262922891980078,1.1907951227889404,DEV
0.2,2021-10-30 00:00:00+00:00,ALICEUSDT,False,0.258859784283513,-0.15544675642594852,-0.10159118727050187,-0.12239902080783349,DEV
0.2,2021-10-30 00:00:00+00:00,BATUSDT,False,0.45563239948423395,-0.19930745691737806,-0.16741826381059755,-0.18585923659204395,DEV
0.2,2021-10-30 00:00:00+00:00,CHZUSDT,False,0.47706163805235025,-0.20522103658536583,-0.05411585365853666,-0.035632621951219634,DEV
0.2,2021-10-30 00:00:00+00:00,COCOSUSDT,False,0.2971280794882265,-0.1426023084994753,-0.183420776495278,-0.19202518363064003,DEV
0.2,2021-10-30 00:00:00+00:00,ENJUSDT,False,0.23770824867939866,-0.1526592252133946,0.023637557452396596,0.1520026263952725,DEV
0.2,2021-10-30 00:00:00+00:00,MANAUSDT,False,1.5714900021500755,-0.19593088071348952,-0.1382385730211817,-0.21683389074693427,DEV
0.2,2021-10-30 00:00:00+00:00,OGNUSDT,False,0.2500279173646007,-0.09790959442558511,0.010809362158299196,-0.10594961586564233,DEV
0.2,2021-10-30 00:00:00+00:00,SANDUSDT,False,0.5469689163661342,-0.1280528419182949,0.6977131438721138,0.4977242451154529,DEV
0.2,2021-10-30 00:00:00+00:00,TLMUSDT,False,0.32899022801302946,-0.15266106442577043,-0.05112044817927175,-0.0308123249299721,DEV
0.2,2021-10-30 00:00:00+00:00,TVKUSDT,False,0.22227579556412724,-0.017357001972386654,0.06351084812623276,0.10059171597633143,DEV
0.2,2021-10-30 00:00:00+00:00,WINUSDT,False,0.2214744091407106,0.017042542286007212,0.026140440799589992,-0.06458226550486934,DEV
0.2,2021-10-31 00:00:00+00:00,ANKRUSDT,False,0.20046059877841182,0.005087997330886607,0.06689465343231293,0.06255734423221293,DEV
0.2,2021-10-31 00:00:00+00:00,HOTUSDT,False,0.3233153766184671,-0.06570489930010004,0.12283959434366509,0.057563205256391914,DEV
0.2,2021-10-31 00:00:00+00:00,QTUMUSDT,False,0.21165315797522566,0.06367537548908242,0.028398333964407385,0.04032563422945845,DEV
0.2,2021-10-31 00:00:00+00:00,STORJUSDT,False,0.5348960302457466,-0.08724567712695208,-0.15931819301443428,-0.1866594413517907,DEV
0.2,2021-11-01 00:00:00+00:00,LRCUSDT,False,0.6119284923271633,0.4074982824614781,0.09431740111885367,1.0078516046717048,DEV
0.2,2021-11-01 00:00:00+00:00,OCEANUSDT,False,0.3746450073838463,-0.11932898107594403,-0.1904801256094537,-0.16924221138748852,DEV
0.2,2021-11-01 00:00:00+00:00,SANDUSDT,False,0.35393723343306394,0.43805538577272096,0.2694531947905403,0.20927171000047018,DEV
0.2,2021-11-02 00:00:00+00:00,ARPAUSDT,False,0.3174944506104327,0.10830305902174486,-0.0018427841836465841,0.00036855683672931683,DEV
0.2,2021-11-02 00:00:00+00:00,ARUSDT,False,0.4070945945945945,0.02014138988928904,0.0056022408963585235,-0.031879418434040296,DEV
0.2,2021-11-02 00:00:00+00:00,CHRUSDT,False,0.5008058017727639,-0.11248322147651002,0.21785234899328865,0.03825503355704685,DEV
0.2,2021-11-02 00:00:00+00:00,LRCUSDT,False,0.4074982824614781,-0.17411617042047278,-0.1750923924412523,1.038979150686842,DEV
0.2,2021-11-02 00:00:00+00:00,OXTUSDT,False,0.21025858414582443,-0.09719789842381787,-0.1437828371278458,0.08949211908931698,DEV
0.2,2021-11-02 00:00:00+00:00,RLCUSDT,False,0.22204251386321605,-0.054263565891472854,-0.06617508035545461,-0.0756286632633767,DEV
0.2,2021-11-02 00:00:00+00:00,SANDUSDT,False,0.43805538577272096,0.049434381743281186,-0.16582750277904923,-0.22131040345256003,DEV
0.2,2021-11-02 00:00:00+00:00,SUPERUSDT,False,0.23480890844102276,0.005715133971647024,0.1535663920433461,0.3908557856453647,DEV
0.2,2021-11-02 00:00:00+00:00,WRXUSDT,False,0.28016937191249114,-0.08103638368246968,-0.16593164277839034,-0.09702315325248079,DEV
0.2,2021-11-03 00:00:00+00:00,BADGERUSDT,False,0.36735407200279613,-0.1306237218813906,-0.17024539877300604,-0.18609406952965235,DEV
0.2,2021-11-03 00:00:00+00:00,IOTXUSDT,False,0.7000258933195236,-0.0651892468205012,-0.1762242022694388,0.8032899246058942,DEV
0.2,2021-11-04 00:00:00+00:00,OMGUSDT,False,0.25210138789339953,-0.1070462114904247,-0.14331806827643634,-0.09434845961698601,DEV
0.2,2021-11-04 00:00:00+00:00,SLPUSDT,False,0.3900293255131966,-0.10232067510548526,-0.17194092827004215,-0.2331223628691983,DEV
0.2,2021-11-05 00:00:00+00:00,CHRUSDT,False,0.20892738174550307,-0.01928799735478892,-0.12708034828612358,0.33572137110106914,DEV
0.2,2021-11-05 00:00:00+00:00,SHIBUSDT,True,0.26716629532104497,-0.0629795396419437,-0.11812659846547302,-0.1632033248081841,DEV
0.2,2021-11-06 00:00:00+00:00,CKBUSDT,False,0.30779220779220795,-0.07480966567361802,-0.16087388282025816,-0.026481297583581642,DEV
0.2,2021-11-07 00:00:00+00:00,IDEXUSDT,False,0.24796139124646377,-0.12361648219762633,-0.16982264301906924,0.08211094812641684,DEV
0.2,2021-11-07 00:00:00+00:00,NKNUSDT,False,0.4062816616008105,-0.12391930835734866,-0.1739193083573486,-0.006340057636887497,DEV
0.2,2021-11-07 00:00:00+00:00,UMAUSDT,False,0.28033439490445855,0.03656489024314413,-0.12020396741496175,0.034077482743610554,DEV
0.2,2021-11-08 00:00:00+00:00,BATUSDT,False,0.2786014826688039,-0.08367938572435951,-0.12403040037608704,-0.10342395988403974,DEV
0.2,2021-11-08 00:00:00+00:00,LPTUSDT,False,0.36507057846664814,0.45235198702351975,0.28649635036496357,0.3280616382806163,DEV
0.2,2021-11-08 00:00:00+00:00,LRCUSDT,False,0.38183046268152654,0.4293186039691077,0.5708769185648646,0.4223286733796072,DEV
0.2,2021-11-09 00:00:00+00:00,LPTUSDT,False,0.45235198702351975,0.04174228675136127,-0.1786960770626832,-0.1463074130950719,DEV
0.2,2021-11-09 00:00:00+00:00,LRCUSDT,False,0.4293186039691077,0.0378236038439177,0.03833658219623137,-0.09982558736021341,DEV
0.2,2021-11-09 00:00:00+00:00,RADUSDT,False,0.24625000000000008,-0.11190715002149298,-0.08117208769164641,-0.04176816162774033,DEV
0.2,2021-11-10 00:00:00+00:00,CHRUSDT,False,0.4480930833872012,-0.022051602535488102,-0.004820998125167453,-0.01848049281314179,DEV
0.2,2021-11-10 00:00:00+00:00,IOTXUSDT,False,1.2096864501679732,-0.2279234764981629,-0.06457198361417293,-0.16390050255500654,DEV
0.2,2021-11-10 00:00:00+00:00,MASKUSDT,False,0.26642160779926494,-0.015459363957597283,-0.12682988389702177,-0.24249116607773846,DEV
0.2,2021-11-10 00:00:00+00:00,MINAUSDT,False,0.20107804077806413,0.15043902439024381,0.06848780487804884,-0.09424390243902436,DEV
0.2,2021-11-11 00:00:00+00:00,ATAUSDT,False,0.4833333333333336,-0.19467770549970442,-0.20703725606150214,-0.44234180958013014,DEV
0.2,2021-11-11 00:00:00+00:00,CTSIUSDT,False,0.4235965175622938,-0.13419091803739636,-0.20778855616476877,-0.3503444397581893,DEV
0.2,2021-11-11 00:00:00+00:00,DGBUSDT,False,0.22468007312614247,-0.06657710105985959,-0.08120615017166732,-0.2809374533512464,DEV
0.2,2021-11-11 00:00:00+00:00,DUSKUSDT,False,0.34725444702242836,-0.12571756601607353,0.0048794489092998106,-0.22301951779563722,DEV
0.2,2021-11-11 00:00:00+00:00,NKNUSDT,False,0.22100122100122088,0.0,-0.014857142857142791,-0.2618571428571428,DEV
0.2,2021-11-11 00:00:00+00:00,TVKUSDT,False,0.2629837909361561,-0.0060240963855421326,0.04243059193294929,-0.14614981665793603,DEV
0.2,2021-11-11 00:00:00+00:00,UMAUSDT,False,0.38182075204975985,-0.13616368286445002,-0.14941176470588236,-0.15754475703324822,DEV
0.2,2021-11-12 00:00:00+00:00,BLZUSDT,False,0.20993473531544593,-0.02187593646988306,0.17560683248426723,-0.044950554390170816,DEV
0.2,2021-11-12 00:00:00+00:00,LTOUSDT,False,0.2721404595920476,0.12685203978079973,0.27643596509031854,0.014207428455449422,DEV
0.2,2021-11-12 00:00:00+00:00,MANAUSDT,False,0.23846067457792097,-0.018801196989390312,-0.004806093764168851,0.2981289484025027,DEV
0.2,2021-11-13 00:00:00+00:00,KEEPUSDT,False,0.552833078101072,-0.14368836291913223,-0.2785009861932939,-0.2701183431952663,DEV
0.2,2021-11-13 00:00:00+00:00,NBSUSDT,False,0.3489113117365905,-0.053543307086614145,-0.1866141732283464,-0.026377952755905487,DEV
0.2,2021-11-13 00:00:00+00:00,NUUSDT,False,0.3064271550215796,-0.07223214285714308,-0.21169642857142867,-0.1975,DEV
0.2,2021-11-14 00:00:00+00:00,DUSKUSDT,False,0.23448519040902682,-0.06540988289060279,-0.10082833476149666,-0.07026563838903177,DEV
0.2,2021-11-14 00:00:00+00:00,IDEXUSDT,False,0.2218248889558081,-0.11996672725592283,-0.14692381157768264,0.13681875596906878,DEV
0.2,2021-11-14 00:00:00+00:00,LTOUSDT,False,0.25720461095100844,-0.09899713467048699,-0.14742120343839538,-0.12908309455587386,DEV
0.2,2021-11-14 00:00:00+00:00,WAXPUSDT,False,0.4249195566678585,-0.07702923096223813,0.16911303475097217,-0.0013800025090954238,DEV
0.2,2021-11-15 00:00:00+00:00,GALAUSDT,False,0.3430164004716476,-0.08428446005267787,0.8264027456301379,2.1321733578098807,DEV
0.2,2021-11-15 00:00:00+00:00,UMAUSDT,False,0.24108485176498884,-0.07762380075588726,-0.20195755402655313,-0.2841360596957071,DEV
0.2,2021-11-16 00:00:00+00:00,HIVEUSDT,False,0.28127463123522123,-0.03207663239300462,-0.10695140170489492,0.09702082784075938,DEV
0.2,2021-11-17 00:00:00+00:00,GALAUSDT,False,1.0061884424300533,-0.005821783898857347,0.5383846721988095,1.531954642220967,DEV
0.2,2021-11-17 00:00:00+00:00,ROSEUSDT,False,0.23748572516178146,0.16622447802514695,0.1391932941131233,0.5045180143807435,DEV
0.2,2021-11-17 00:00:00+00:00,YGGUSDT,False,0.21578694047810054,0.10556875164951163,0.2761942465030349,0.1933227764581682,DEV
0.2,2021-11-18 00:00:00+00:00,IDEXUSDT,False,0.20227518959913326,0.14388273106845695,0.10840767775074345,0.08170376378000066,DEV
0.2,2021-11-18 00:00:00+00:00,MBOXUSDT,False,0.4315136972605478,-0.0473529822600921,-0.07026120966615446,0.015085905852772807,DEV
0.2,2021-11-19 00:00:00+00:00,COCOSUSDT,False,1.2571551848123108,1.72078501338091,0.7726519689053142,1.2343570791385243,DEV
0.2,2021-11-19 00:00:00+00:00,DUSKUSDT,False,0.26893239748799425,0.03085880640465799,-0.10422125181950526,-0.1487627365356624,DEV
0.2,2021-11-19 00:00:00+00:00,FTMUSDT,False,0.22476592520430816,-0.03676535572249218,-0.13875386654882893,-0.06482545293857711,DEV
0.2,2021-11-19 00:00:00+00:00,LRCUSDT,False,0.20100320845948771,-0.02863378108891157,-0.004364676223802544,0.06012717763479691,DEV
0.2,2021-11-19 00:00:00+00:00,MITHUSDT,False,0.26865671641791034,1.5474048442906576,0.40761245674740487,0.47768166089965414,DEV
0.2,2021-11-19 00:00:00+00:00,STORJUSDT,False,0.20018508878477648,0.04077108433734944,-0.05412048192771102,0.32091566265060223,DEV
0.2,2021-11-20 00:00:00+00:00,AGLDUSDT,False,0.2457044673539519,-0.10241379310344823,-0.10448275862068968,-0.22310344827586204,DEV
0.2,2021-11-20 00:00:00+00:00,CHRUSDT,False,0.21581804083742573,-0.1346371882086167,-0.10055272108843527,-0.3049178004535148,DEV
0.2,2021-11-20 00:00:00+00:00,COCOSUSDT,False,1.72078501338091,-0.25384074941451984,-0.2800936768149882,-0.20231850117096017,DEV
0.2,2021-11-20 00:00:00+00:00,COSUSDT,False,0.23354774863928762,-0.10028078620136394,-0.07380665864420377,-0.1636582430806257,DEV
0.2,2021-11-20 00:00:00+00:00,DEGOUSDT,False,0.38824884792626735,-0.11286307053941913,-0.07053941908713701,-0.20663900414937764,DEV
0.2,2021-11-20 00:00:00+00:00,GALAUSDT,False,0.5112676056338028,0.045214493490355556,0.0651529272218927,0.8645542093817955,DEV
0.2,2021-11-20 00:00:00+00:00,GTOUSDT,False,0.48666259417633895,-0.09368579646623743,-0.12957129160389003,-0.20873852896863443,DEV
0.2,2021-11-20 00:00:00+00:00,KEYUSDT,False,1.0466805921351376,-0.2950834220802272,-0.29428470003549867,-0.3043130990415335,DEV
0.2,2021-11-20 00:00:00+00:00,MBOXUSDT,False,0.20542521994134888,-0.1903661355066294,-0.22637148765357007,-0.2612820824717187,DEV
0.2,2021-11-20 00:00:00+00:00,MITHUSDT,False,1.5474048442906576,-0.37720728063026354,-0.4036267318663407,-0.35364031513175764,DEV
0.2,2021-11-20 00:00:00+00:00,POLYUSDT,False,0.23207518569046548,-0.05917814960629908,-0.09694881889763773,0.13718011811023634,DEV
0.2,2021-11-20 00:00:00+00:00,TLMUSDT,False,0.24640287769784153,-0.01904761904761898,0.1139971139971141,0.07532467532467546,DEV
0.2,2021-11-20 00:00:00+00:00,YGGUSDT,False,0.24948320413436686,-0.13752455795677798,-0.10195429634991204,-0.25964222934546577,DEV
0.2,2021-11-21 00:00:00+00:00,CELRUSDT,False,0.22753329961220703,-0.11407183572556823,-0.15005837511159947,-0.2347366252317835,DEV
0.2,2021-11-21 00:00:00+00:00,CHESSUSDT,False,0.6408839779005524,-0.20679012345679015,-0.2749719416386083,-0.19219977553310885,DEV
0.2,2021-11-21 00:00:00+00:00,LINAUSDT,False,0.3076082999635965,-0.16383630289532303,-0.1776169265033407,-0.2646158129175946,DEV
0.2,2021-11-21 00:00:00+00:00,ROSEUSDT,False,0.40152563540014174,-0.13325145100305857,-0.057678876767092824,-0.20706596344194783,DEV
0.2,2021-11-21 00:00:00+00:00,ZECUSDT,False,0.2794199665365309,-0.10200523103748915,0.13687881429816917,0.05143853530950304,DEV
0.2,2021-11-22 00:00:00+00:00,SANDUSDT,False,0.2376215407629021,0.07787917245825016,0.44513607703309765,0.4070425656211598,DEV
0.2,2021-11-23 00:00:00+00:00,ALICEUSDT,False,0.26007326007326004,0.13039867109634562,-0.16279069767441856,-0.15905315614617932,DEV
0.2,2021-11-23 00:00:00+00:00,AUDIOUSDT,False,0.34134615384615374,-0.06021505376344094,-0.21254480286738353,-0.17598566308243735,DEV
0.2,2021-11-23 00:00:00+00:00,ILVUSDT,False,0.23932779602086152,0.1707450124688279,0.12835099750623447,0.43633104738154604,DEV
0.2,2021-11-23 00:00:00+00:00,LRCUSDT,False,0.26026983107214385,0.02341969533405308,-0.15512174643157017,-0.16990524169365473,DEV
0.2,2021-11-23 00:00:00+00:00,NBSUSDT,False,0.24388111888111874,-0.08186929023190437,-0.1665495432185523,-0.13703443429374562,DEV
0.2,2021-11-23 00:00:00+00:00,SFPUSDT,False,0.41974849319145746,-0.08988469601677151,0.2758909853249476,0.031656184486373196,DEV
0.2,2021-11-24 00:00:00+00:00,COCOSUSDT,False,0.7421600520494471,-0.22651902752362119,-0.3639877506815551,-0.3930612092467417,DEV
0.2,2021-11-24 00:00:00+00:00,GALAUSDT,False,0.5451797645561565,0.2736023885514258,0.13288033220083073,0.10647242527197243,DEV
0.2,2021-11-24 00:00:00+00:00,HIVEUSDT,False,0.2094848994632701,0.710557689760233,0.46893628295138434,0.6861173665386144,DEV
0.2,2021-11-24 00:00:00+00:00,MANAUSDT,False,0.28458075268014826,0.005228100069708086,-0.09104639454728514,-0.11889086825187822,DEV
0.2,2021-11-24 00:00:00+00:00,MITHUSDT,False,0.2374444824051931,-0.08595619363151119,-0.12414872078041594,-0.19491993373826622,DEV
0.2,2021-11-24 00:00:00+00:00,SANDUSDT,False,0.3962285308464313,-0.03975477860470089,-0.12402955506773028,-0.12041548428548476,DEV
0.2,2021-11-24 00:00:00+00:00,TVKUSDT,False,0.22823147647376962,0.03566710700132103,-0.024658740642888533,-0.11822985468956404,DEV
0.2,2021-11-25 00:00:00+00:00,BATUSDT,False,0.2599485952317644,-0.06014350028137305,0.166150815981992,0.0032357906584130625,DEV
0.2,2021-11-25 00:00:00+00:00,GALAUSDT,False,0.2736023885514258,-0.04207590639020242,-0.04207590639020242,-0.1996146746965226,DEV
0.2,2021-11-25 00:00:00+00:00,HIVEUSDT,False,0.710557689760233,-0.20889800975760853,-0.1325795709749863,-0.10946333152636867,DEV
0.2,2021-11-25 00:00:00+00:00,LPTUSDT,False,0.3142795044555531,-0.09475773110633368,-0.04035058706796757,-0.11923267736067478,DEV
0.2,2021-11-25 00:00:00+00:00,SFPUSDT,False,0.32594298877051564,0.05728555917481004,-0.1225190010857764,0.034918566775244075,DEV
0.2,2021-11-26 00:00:00+00:00,ANKRUSDT,False,0.4131481778776691,-0.023175234308435155,-0.0927009372337404,-0.24498721953990343,DEV
0.2,2021-11-26 00:00:00+00:00,DEXEUSDT,False,0.20776255707762536,-0.05860113421550095,-0.11216131064902324,-0.021424070573408893,DEV
0.2,2021-11-26 00:00:00+00:00,GTCUSDT,False,1.5417189460476788,-0.15940598132378958,-0.2655395121148546,-0.43971368628902885,DEV
0.2,2021-11-26 00:00:00+00:00,MASKUSDT,False,0.3693031880750304,-0.063076201885515,-0.0551591228709829,-0.31626647221209436,DEV
0.2,2021-11-26 00:00:00+00:00,STORJUSDT,False,0.2434897014789945,0.03414936699624205,0.07636177897770824,-0.21679010543981903,DEV
0.2,2021-11-27 00:00:00+00:00,ANTUSDT,False,0.2806464327946394,-0.09449061249615265,-0.14589104339796866,-0.35410895660203145,DEV
0.2,2021-11-27 00:00:00+00:00,BATUSDT,False,0.3216076640969987,-0.061162079510703404,-0.1747083474912221,-0.3630648997621475,DEV
0.2,2021-11-27 00:00:00+00:00,BZRXUSDT,False,0.21585735963581176,-0.08330733229329168,-0.10358814352574108,-0.1435257410296411,DEV
0.2,2021-11-27 00:00:00+00:00,CKBUSDT,False,0.2880535913658355,-0.06472117885004336,-0.1343542328806704,-0.26264085524414915,DEV
0.2,2021-11-27 00:00:00+00:00,GRTUSDT,False,0.20572825707300035,-0.028775589030513804,-0.10901892622634235,-0.2909424488219391,DEV
0.2,2021-11-27 00:00:00+00:00,LITUSDT,False,0.4682480850012356,-0.005553685627734839,-0.11359811511275664,-0.38892628744530466,DEV
0.2,2021-11-27 00:00:00+00:00,NUUSDT,False,0.249968501952879,-0.06400564459227898,-0.08638242112690253,-0.19725834089305516,DEV
0.2,2021-11-27 00:00:00+00:00,PNTUSDT,False,0.4296567248171075,-0.120776749983599,-0.18756150364101554,-0.3312340090533359,DEV
0.2,2021-11-27 00:00:00+00:00,PONDUSDT,False,0.20346227826458652,-0.09971585863967325,-0.1490854199964482,-0.23761321257325518,DEV
0.2,2021-11-27 00:00:00+00:00,RADUSDT,False,0.49229556995272294,-0.1356996186564976,-0.18052214725726023,-0.35682018187151665,DEV
0.2,2021-11-28 00:00:00+00:00,RSRUSDT,False,0.21414538310412556,0.2524271844660193,0.19024503005085536,-0.21336107258437365,DEV
0.2,2021-11-28 00:00:00+00:00,SYSUSDT,False,0.2549800796812747,0.14834054834054844,0.22929292929292933,-0.08311688311688314,DEV
0.2,2021-11-29 00:00:00+00:00,HIVEUSDT,False,0.31666815462905107,-0.09587740710604842,-0.22026715486845683,-0.4150393273664226,DEV
0.2,2021-11-29 00:00:00+00:00,RSRUSDT,False,0.2524271844660193,-0.07788851974898492,-0.05777039497969727,-0.3610188261351053,DEV
0.2,2021-11-29 00:00:00+00:00,XTZUSDT,False,0.2056737588652484,-0.02335115864527637,-0.09126559714795013,-0.26024955436720143,DEV
0.2,2021-11-30 00:00:00+00:00,MBOXUSDT,False,0.6974496644295303,-0.14502609520797105,-0.30025304444092993,-0.47817491696979286,DEV
0.2,2021-11-30 00:00:00+00:00,OCEANUSDT,False,0.21692468420552768,-0.026535549832201744,-0.024818543666588644,-0.2915788652150161,DEV
0.2,2021-11-30 00:00:00+00:00,STXUSDT,False,0.28558182661103393,0.03570140641904063,-0.08294266137756945,-0.1752614496934728,DEV
0.2,2021-12-01 00:00:00+00:00,CTKUSDT,False,0.39270386266094426,-0.12018489984591685,-0.3478428351309707,-0.36902927580893685,DEV
0.2,2021-12-01 00:00:00+00:00,REQUSDT,False,0.48071808510638303,-0.058374494836102464,-0.09833857207004937,-0.24412513096841792,DEV
0.2,2021-12-01 00:00:00+00:00,SFPUSDT,False,0.24141434667750472,-0.024840399410705594,-0.21185955148142088,-0.24840399410705516,DEV
0.2,2021-12-02 00:00:00+00:00,DATAUSDT,False,0.2126395034009112,-0.11708326526166746,-0.23781517181288458,-0.2971736644339159,DEV
0.2,2021-12-02 00:00:00+00:00,WTCUSDT,False,0.3235919234856537,-0.012043356081894885,-0.26856684062625447,-0.22368526696105984,DEV
0.2,2021-12-03 00:00:00+00:00,COSUSDT,False,1.0385561936013126,-0.3981891348088531,-0.48128772635814887,-0.4806841046277667,DEV
0.2,2021-12-03 00:00:00+00:00,CTXCUSDT,False,1.9087860496311198,-0.3848282222734609,-0.4614941203596956,-0.5720544154945815,DEV
0.2,2021-12-03 00:00:00+00:00,GTOUSDT,False,0.3311550688802545,-0.17951439564813598,-0.08982353721639924,-0.171155632214409,DEV
0.2,2021-12-03 00:00:00+00:00,GXSUSDT,False,0.29001803330858156,-0.24008442288189014,-0.24723843982128657,-0.5538469972315874,DEV
0.2,2021-12-04 00:00:00+00:00,DEXEUSDT,False,0.22730199613650992,-0.19464847848898215,-0.2906610703043022,-0.30745015739769144,DEV
0.2,2021-12-05 00:00:00+00:00,CHESSUSDT,False,0.23163841807909602,-0.0767306088407006,-0.1359466221851543,-0.19266055045871566,DEV
0.2,2021-12-05 00:00:00+00:00,LAZIOUSDT,False,0.5787543063920488,-0.09967345913529468,-0.15915727338377972,-0.06219975509435138,DEV
0.2,2021-12-06 00:00:00+00:00,BTTUSDT,False,0.3561866125760649,0.1034998504337421,-0.03140891414896796,-0.15106192043075084,DEV
0.2,2021-12-06 00:00:00+00:00,IDEXUSDT,False,0.25670917233598844,0.015642002176278647,-0.1638465723612622,-0.26400979325353635,DEV
0.2,2021-12-06 00:00:00+00:00,LRCUSDT,False,0.2054330205826007,0.002730347609926964,0.015648559435999854,-0.14519744080850894,DEV
0.2,2021-12-06 00:00:00+00:00,NULSUSDT,False,0.22385528547201816,-0.04330254041570436,-0.20946882217090068,-0.09872979214780608,DEV
0.2,2021-12-06 00:00:00+00:00,SUPERUSDT,False,0.2950560732901595,-0.06165386022685693,-0.2088669349920722,-0.3429686547139895,DEV
0.2,2021-12-07 00:00:00+00:00,COCOSUSDT,False,0.3071922354987868,-0.07130599236507551,-0.24859034076979647,-0.307183133120863,DEV
0.2,2021-12-07 00:00:00+00:00,DUSKUSDT,False,0.3717898064006322,-0.05328341013824889,-0.17453917050691237,0.5904377880184333,DEV
0.2,2021-12-07 00:00:00+00:00,GTCUSDT,False,0.22037830121341906,-0.1038894575230298,-0.26721742944874993,-0.335648486620851,DEV
0.2,2021-12-07 00:00:00+00:00,XTZUSDT,False,0.36289156626506003,0.00477369165487973,-0.23355728429985856,-0.2017326732673268,DEV
0.2,2021-12-08 00:00:00+00:00,ANTUSDT,False,0.21400683260126896,-0.06954773869346731,-0.14010050251256279,0.4568844221105528,DEV
0.2,2021-12-08 00:00:00+00:00,BLZUSDT,False,0.31127982646420826,-0.20099255583126552,-0.24648469809760143,-0.3476702508960574,DEV
0.2,2021-12-08 00:00:00+00:00,DARUSDT,False,0.20147742612869357,-0.12346290690053363,-0.13574404669017825,-0.20042289566492932,DEV
0.2,2021-12-08 00:00:00+00:00,MDTUSDT,False,0.5400427561256371,-0.14383342231713825,0.28286171916711167,-0.18035237586759212,DEV
0.2,2021-12-08 00:00:00+00:00,NEARUSDT,False,0.22962475312705743,0.045615162222936156,0.24734982332155453,0.05418138987043575,DEV
0.2,2021-12-08 00:00:00+00:00,WAXPUSDT,False,0.39095415117719945,-0.164068299925761,-0.20623608017817374,-0.3101707498144023,DEV
0.2,2021-12-09 00:00:00+00:00,COSUSDT,False,0.2505298855447222,-0.12508474576271178,-0.16644067796610162,-0.13627118644067793,DEV
0.2,2021-12-10 00:00:00+00:00,MDTUSDT,False,0.28460962833624337,0.16640776699029125,-0.23504854368932038,-0.12660194174757278,DEV
0.2,2021-12-10 00:00:00+00:00,NULSUSDT,False,0.24729769208296815,-0.04520435648202359,-0.08595854315493623,0.08502166530038635,DEV
0.2,2021-12-10 00:00:00+00:00,SFPUSDT,False,0.2155031137332022,0.004808772639431913,-0.21037256752505507,-0.3096040627387533,DEV
0.2,2021-12-11 00:00:00+00:00,BNXUSDT,False,0.3436532507739938,-0.04493087557603681,-0.031105990783410142,-0.19009216589861755,DEV
0.2,2021-12-11 00:00:00+00:00,DUSKUSDT,False,0.3806699232379622,0.08213292898660618,0.3955016426585798,0.20798584786454377,DEV
0.2,2021-12-11 00:00:00+00:00,QNTUSDT,False,0.2486288848263254,-0.029770619814543653,-0.15714982918496834,-0.09468033186920455,DEV
0.2,2021-12-11 00:00:00+00:00,XVSUSDT,False,0.21560846560846558,-0.03155603917301408,-0.1316648531011969,-0.16702937976060928,DEV
0.2,2021-12-12 00:00:00+00:00,CLVUSDT,False,0.27140974967061915,-0.15854922279792738,-0.18549222797927456,-0.2062176165803108,DEV
0.2,2021-12-14 00:00:00+00:00,DOGEUSDT,True,0.21360457724094073,-0.05290728129910949,-0.11733892090099518,-0.10581456259821898,DEV
0.2,2021-12-15 00:00:00+00:00,ANTUSDT,False,0.2077987002166306,-0.13727924944812364,-0.19633002207505523,0.19384657836644603,DEV
0.2,2021-12-16 00:00:00+00:00,CTXCUSDT,False,0.43219479201893796,0.331759149940968,0.0044864226682408415,0.0035419126328217754,DEV
0.2,2021-12-16 00:00:00+00:00,GXSUSDT,False,1.0919568216865514,-0.2867119301648885,-0.2727061105722599,-0.24655674102812808,DEV
0.2,2021-12-16 00:00:00+00:00,MDTUSDT,False,0.42092235539343426,-0.17520858164481523,-0.19290363986430736,-0.1105711928119556,DEV
0.2,2021-12-17 00:00:00+00:00,COSUSDT,False,0.26098901098901095,-0.1285403050108932,-0.2063492063492064,-0.14721444133208839,DEV
0.2,2021-12-17 00:00:00+00:00,CTXCUSDT,False,0.331759149940968,-0.1432624113475176,-0.2496453900709219,-0.19078014184397163,DEV
0.2,2021-12-17 00:00:00+00:00,TCTUSDT,False,0.2261543646781261,-0.0032985156679494754,-0.04260582737768015,-0.07201759208356251,DEV
0.2,2021-12-17 00:00:00+00:00,YFIUSDT,False,0.36562856923446363,-0.06752426882602458,0.09545822536692206,-0.031305275604068816,DEV
0.2,2021-12-18 00:00:00+00:00,HBARUSDT,False,0.22926634768740017,0.050924424262082324,0.0003243593902042541,0.02108336036328251,DEV
0.2,2021-12-18 00:00:00+00:00,KP3RUSDT,False,0.21184897228301613,-0.03675124082797632,0.11516651722004023,0.11264065874389062,DEV
0.2,2021-12-20 00:00:00+00:00,DUSKUSDT,False,0.25221445221445227,0.1206254653760237,0.24069247952345485,0.6461280714817572,DEV
0.2,2021-12-21 00:00:00+00:00,ANTUSDT,False,0.21444734551784173,0.24021785867851508,0.5373369643113086,0.7540490182026658,DEV
0.2,2021-12-21 00:00:00+00:00,IOTAUSDT,False,0.21742753958699867,-0.0333155853046323,-0.02266676808397361,0.08701604928881124,DEV
0.2,2021-12-21 00:00:00+00:00,RENUSDT,False,0.3360538665578454,0.058796579108124636,-0.024282223579718987,-0.10827733659132566,DEV
0.2,2021-12-22 00:00:00+00:00,ANTUSDT,False,0.24021785867851508,0.1441118687160523,0.14989021148734527,0.25343811394891946,DEV
0.2,2021-12-22 00:00:00+00:00,OCEANUSDT,False,0.2581347681270818,-0.035230628245596085,-0.014255167498218091,-0.1483555646064555,DEV
0.2,2021-12-23 00:00:00+00:00,MBOXUSDT,False,0.24600269697553467,-0.08781694495980208,-0.053648732220160755,-0.14764996907854055,DEV
0.2,2021-12-23 00:00:00+00:00,NEARUSDT,False,0.26771362586605085,0.08941193616556142,0.18494498287546435,0.12438971070465632,DEV
0.2,2021-12-23 00:00:00+00:00,SANDUSDT,False,0.23645435867331965,-0.07331972336957382,0.0642675149155707,-0.06607162639066932,DEV
0.2,2021-12-24 00:00:00+00:00,GTCUSDT,False,0.3153742866733802,0.033622559652928485,-0.09391348730381521,-0.1915911700905959,DEV
0.2,2021-12-24 00:00:00+00:00,MDTUSDT,False,0.2837851767858983,0.23976232535731512,0.0037738879074997733,0.06511964027621642,DEV
0.2,2021-12-25 00:00:00+00:00,MDTUSDT,False,0.23976232535731512,-0.10893782383419692,-0.14656735751295347,-0.16243523316062192,DEV
0.2,2021-12-27 00:00:00+00:00,DUSKUSDT,False,0.25113186191284664,-0.10709035395227862,0.06332692525161154,-0.048626031889630106,DEV
0.2,2021-12-28 00:00:00+00:00,ANTUSDT,False,0.30887700534759355,-0.11374407582938384,0.1064716456937409,-0.09781009968949173,DEV
0.2,2021-12-29 00:00:00+00:00,DUSKUSDT,False,0.2435410334346504,-0.042366839800387024,0.02108157653528875,-0.24747937671860676,DEV
0.2,2021-12-29 00:00:00+00:00,GXSUSDT,False,0.41025345622119813,-0.16661220488522188,-0.19536802548811372,-0.12278408626746173,DEV
0.2,2021-12-30 00:00:00+00:00,SXPUSDT,False,0.24693745970341707,0.0475698035160288,0.10599793174767314,-0.12461220268872797,DEV
0.2,2021-12-31 00:00:00+00:00,ANTUSDT,False,0.20482249310436873,-0.034118602761982086,-0.11616571892770111,-0.3126800088619748,DEV
0.2,2021-12-31 00:00:00+00:00,KP3RUSDT,False,0.23483685353472472,0.34936992439092696,0.44934192103052384,0.34848501820218414,DEV
0.2,2022-01-01 00:00:00+00:00,FARMUSDT,False,0.40948905109489053,-0.06835836354220604,-0.13827032625582591,-0.2739513205592957,DEV
0.2,2022-01-01 00:00:00+00:00,KP3RUSDT,False,0.34936992439092696,-0.01953264433652946,-0.031187481841198794,-0.09435935748972735,DEV
0.2,2022-01-01 00:00:00+00:00,SYSUSDT,False,0.2447117378681043,-0.023658780406531132,-0.043652115961346216,-0.28773742085971343,DEV
0.2,2022-01-02 00:00:00+00:00,ELFUSDT,False,0.2501977326654363,-0.0449177562210038,-0.0738085196119781,-0.06938000843525938,DEV
0.2,2022-01-03 00:00:00+00:00,DREPUSDT,False,0.2877366535903121,-0.08602649006622509,-0.1859602649006622,-0.33615894039735106,DEV
0.2,2022-01-04 00:00:00+00:00,RVNUSDT,False,0.22322248759875074,-0.11159507359567433,-0.18346350255331934,-0.2913787924301592,DEV
0.2,2022-01-06 00:00:00+00:00,KP3RUSDT,False,0.2271446669313819,-0.07252696456086294,-0.18131741140215707,0.2021417565485364,DEV
0.2,2022-01-09 00:00:00+00:00,POWRUSDT,False,0.31940238239450824,-0.04361132364192799,-0.04560061208875277,0.0,DEV
0.2,2022-01-11 00:00:00+00:00,KP3RUSDT,False,0.2832609961858594,0.09224146766424113,0.23417619584474147,0.039063529480665826,DEV
0.2,2022-01-11 00:00:00+00:00,ROSEUSDT,False,0.2419158361018825,0.15809888983013054,0.26033260510945655,0.07443488340987114,DEV
0.2,2022-01-12 00:00:00+00:00,ANYUSDT,False,0.4908571428571429,0.041395170563434336,0.08317362974319664,-0.08394020697585292,DEV
0.2,2022-01-12 00:00:00+00:00,SUPERUSDT,False,0.20272924635583567,-0.0648959944988825,-0.03584321815368752,-0.19640708268867113,DEV
0.2,2022-01-14 00:00:00+00:00,FARMUSDT,False,0.2180685358255452,-0.07800511508951413,-0.10997442455242978,-0.3510230179028133,DEV
0.2,2022-01-15 00:00:00+00:00,PONDUSDT,False,0.2393486082181404,0.05882352941176472,0.03147440794499623,-0.3352177234530175,DEV
0.2,2022-01-18 00:00:00+00:00,BETAUSDT,False,0.3409284630257168,-0.11440310077519378,-0.0012403100775194575,-0.40075968992248057,DEV
0.2,2022-01-22 00:00:00+00:00,FARMUSDT,False,0.23448275862068968,-0.11013567438148442,-0.1316839584996009,-0.15083798882681554,DEV
0.2,2022-01-23 00:00:00+00:00,KP3RUSDT,False,0.20126773724315328,-0.05194867682437854,-0.1235204490777867,-0.2781074578989574,DEV
0.2,2022-01-23 00:00:00+00:00,MDTUSDT,False,0.2887045068828964,-0.10945273631840802,-0.12686567164179097,-0.11881767632426099,DEV
0.2,2022-01-24 00:00:00+00:00,OOKIUSDT,False,0.20328167730173186,-0.09090909090909094,-0.13030303030303025,-0.009848484848484884,DEV
0.2,2022-01-25 00:00:00+00:00,BNXUSDT,False,0.23163841807909624,-0.02752293577981657,-0.032110091743119185,-0.07798165137614677,DEV
0.2,2022-01-25 00:00:00+00:00,PYRUSDT,False,0.2074534161490682,0.02263374485596703,0.07716049382716039,0.37037037037037024,DEV
0.2,2022-01-26 00:00:00+00:00,TFUELUSDT,False,0.28205128205128194,0.07636363636363641,0.06000000000000005,0.0006060606060604989,DEV
0.2,2022-01-26 00:00:00+00:00,WAVESUSDT,False,0.22288438617401662,-0.03703703703703698,-0.03508771929824561,-0.1520467836257311,DEV
0.2,2022-01-27 00:00:00+00:00,PEOPLEUSDT,True,0.23234624145785876,0.04805914972273562,0.43068391866913114,0.4399260628465802,DEV
0.2,2022-01-28 00:00:00+00:00,JOEUSDT,False,0.305050505050505,0.04024767801857587,0.1168730650154799,0.13235294117647056,DEV
0.2,2022-01-29 00:00:00+00:00,PEOPLEUSDT,True,0.599647266313933,-0.14663726571113567,-0.05071664829106959,0.20066152149944871,DEV
0.2,2022-01-29 00:00:00+00:00,SPELLUSDT,False,0.32234432234432253,0.024930747922437657,-0.05540166204986152,-0.06648199445983372,DEV
0.2,2022-01-30 00:00:00+00:00,COCOSUSDT,False,0.23090389753985097,-0.03286174114828955,-0.06317838161539036,0.15360431169997746,DEV
0.2,2022-01-31 00:00:00+00:00,HIGHUSDT,False,0.32352941176470607,-0.12296296296296294,-0.2518518518518519,-0.07851851851851854,DEV
0.2,2022-01-31 00:00:00+00:00,PEOPLEUSDT,True,0.2596899224806202,-0.11692307692307702,-0.20102564102564113,-0.07589743589743592,DEV
0.2,2022-02-02 00:00:00+00:00,OOKIUSDT,False,0.5582635186595584,-0.1456500488758553,-0.04936461388074298,0.03519061583577732,DEV
0.2,2022-02-03 00:00:00+00:00,BNXUSDT,False,0.21782178217821802,-0.0325203252032521,0.060975609756097615,0.4959349593495932,DEV
0.2,2022-02-03 00:00:00+00:00,CHESSUSDT,False,0.20422535211267623,-0.05012531328320802,-0.028404344193817876,-0.08270676691729317,DEV
0.2,2022-02-04 00:00:00+00:00,JSTUSDT,False,0.37726406101048626,0.0759646997750476,0.05883370825402312,-0.1335871258003114,DEV
0.2,2022-02-04 00:00:00+00:00,REEFUSDT,False,0.20323559150657244,-0.025210084033613578,0.04957983193277293,-0.032773109243697585,DEV
0.2,2022-02-05 00:00:00+00:00,GALAUSDT,False,0.44904837430610645,0.09519086058284287,0.3030510329730469,0.057942262963469826,DEV
0.2,2022-02-05 00:00:00+00:00,PEOPLEUSDT,True,0.36466165413533846,-0.14692378328741962,-0.2662993572084481,-0.3737373737373737,DEV
0.2,2022-02-06 00:00:00+00:00,AXSUSDT,False,0.2013387352474898,0.0026392961876831045,-0.008651026392961891,-0.1483870967741936,DEV
0.2,2022-02-06 00:00:00+00:00,DARUSDT,False,0.3004015971565075,0.01062253183653561,-0.05560633624706035,-0.10605670674890177,DEV
0.2,2022-02-06 00:00:00+00:00,SHIBUSDT,True,0.26622222222222214,0.1428571428571428,0.15619515619515623,0.05756405756405769,DEV
0.2,2022-02-06 00:00:00+00:00,SLPUSDT,False,0.2735849056603774,0.37777777777777777,1.1111111111111112,1.2444444444444445,DEV
0.2,2022-02-07 00:00:00+00:00,SLPUSDT,False,0.37777777777777777,0.010752688172043223,0.860215053763441,0.489247311827957,DEV
0.2,2022-02-07 00:00:00+00:00,XRPUSDT,False,0.21816849816849815,0.05400529227808515,-0.007337021890786666,-0.03632427231176327,DEV
0.2,2022-02-08 00:00:00+00:00,IOTXUSDT,False,0.21401216490200503,0.01029875672666547,-0.05399888662089447,-0.08767860456485432,DEV
0.2,2022-02-09 00:00:00+00:00,FIDAUSDT,False,0.5032080659945004,-0.11707317073170731,-0.261280487804878,-0.2844512195121951,DEV
0.2,2022-02-09 00:00:00+00:00,IDEXUSDT,False,0.2030179794520548,-0.12169735788630898,-0.055422115470153854,-0.15839338137176406,DEV
0.2,2022-02-09 00:00:00+00:00,KEEPUSDT,False,0.2581088038441737,-0.08307188650934383,-0.12153867139544394,-0.1473196016914473,DEV
0.2,2022-02-09 00:00:00+00:00,SLPUSDT,False,0.5159574468085106,0.21403508771929824,-0.03508771929824561,-0.01403508771929829,DEV
0.2,2022-02-10 00:00:00+00:00,BNXUSDT,False,0.3003533568904593,-0.11413043478260854,-0.17934782608695643,-0.17119565217391297,DEV
0.2,2022-02-10 00:00:00+00:00,SLPUSDT,False,0.21403508771929824,-0.21965317919075145,-0.12427745664739875,-0.3121387283236994,DEV
0.2,2022-02-12 00:00:00+00:00,BETAUSDT,False,0.2088921106681163,-0.020447731361183163,0.2067559464321409,0.40999400359784155,DEV
0.2,2022-02-15 00:00:00+00:00,GALAUSDT,False,0.20722278738555433,-0.06744192578860142,-0.18668014943400468,-0.3195696750091289,DEV
0.2,2022-02-15 00:00:00+00:00,GRTUSDT,False,0.22029702970297027,-0.012170385395537497,-0.16348884381338746,-0.22454361054766736,DEV
0.2,2022-02-15 00:00:00+00:00,QIUSDT,False,0.3230016313213704,-0.06905055487053025,-0.22318125770653519,-0.32922318125770667,DEV
0.2,2022-02-19 00:00:00+00:00,ACHUSDT,False,0.21437371663244353,-0.13442678390260399,-0.14135948596550563,-0.184308420696652,DEV
0.2,2022-02-19 00:00:00+00:00,BETAUSDT,False,0.29143401131391555,-0.1429502991125855,-0.28553202347537643,-0.3337869637946189,DEV
0.2,2022-02-19 00:00:00+00:00,INJUSDT,False,0.26597353497164455,-0.15783186501418556,-0.17589965656263995,-0.1712707182320442,DEV
0.2,2022-02-22 00:00:00+00:00,FORTHUSDT,False,0.35559566787003605,-0.14647137150466039,-0.13981358189081228,-0.018641810918774926,DEV
0.2,2022-02-23 00:00:00+00:00,DIAUSDT,False,0.20133481646273643,-0.045370370370370505,0.0009259259259257746,-0.05092592592592604,DEV
0.2,2022-02-23 00:00:00+00:00,VOXELUSDT,False,0.2564718162839248,-0.008473872227299117,0.1744620752679238,0.5708232948409073,DEV
0.2,2022-02-24 00:00:00+00:00,AGLDUSDT,False,0.2587859424920127,-0.010998307952622577,-0.004230118443316333,-0.004230118443316333,DEV
0.2,2022-02-25 00:00:00+00:00,PEOPLEUSDT,True,0.30827067669172936,0.02298850574712641,0.010057471264367956,-0.18678160919540232,DEV
0.2,2022-02-25 00:00:00+00:00,TORNUSDT,False,0.32227185705169115,-0.05646718146718133,-0.06708494208494209,0.21042471042471034,DEV
0.2,2022-02-25 00:00:00+00:00,VOXELUSDT,False,0.24507750314201915,-0.0486541049798116,0.10067294751009426,-0.04125168236877519,DEV
0.2,2022-02-26 00:00:00+00:00,SYSUSDT,False,0.23157462533360706,-0.05967661276879466,0.031338556426071085,-0.05217536256042676,DEV
0.2,2022-02-28 00:00:00+00:00,DARUSDT,False,0.2004312430026678,-0.015831894070236108,-0.07774323546344275,-0.2126885434657455,DEV
0.2,2022-02-28 00:00:00+00:00,KNCUSDT,False,0.28902953586497904,0.051554828150572884,0.1358428805237315,0.0077741407528642,DEV
0.2,2022-02-28 00:00:00+00:00,LUNAUSDT,False,0.25878462174452266,-0.018062397372742067,-0.009085933223864195,-0.14833059660645864,DEV
0.2,2022-02-28 00:00:00+00:00,ROSEUSDT,False,0.20379213483146064,0.009722708357640109,-0.026212421732197844,-0.15544666122195006,DEV
0.2,2022-02-28 00:00:00+00:00,THETAUSDT,False,0.2218181818181817,-0.022023809523809446,-0.08690476190476182,-0.19434523809523807,DEV
0.2,2022-02-28 00:00:00+00:00,WAVESUSDT,False,0.4518716577540105,0.0712093308778392,0.12523020257826878,0.38551258440761216,DEV
0.2,2022-03-01 00:00:00+00:00,FETUSDT,False,0.28949224259520445,-0.07027618266338531,-0.1544982225868199,-0.12469237079573425,DEV
0.2,2022-03-01 00:00:00+00:00,GXSUSDT,False,0.258186148045247,-0.10646687697160884,-0.13848580441640368,-0.12124079915878017,DEV
0.2,2022-03-01 00:00:00+00:00,NEARUSDT,False,0.20996003688902554,-0.0612296747967479,-0.11686991869918695,-0.17589769647696474,DEV
0.2,2022-03-01 00:00:00+00:00,RUNEUSDT,False,0.3792500000000001,-0.014681892332789603,-0.04567699836867878,-0.2586550661591446,DEV
0.2,2022-03-02 00:00:00+00:00,BNXUSDT,False,0.2919999999999998,-0.09907120743034048,0.14551083591331282,0.2569659442724459,DEV
0.2,2022-03-02 00:00:00+00:00,FIDAUSDT,False,0.25250278086763056,-0.1198934280639431,-0.16429840142095908,-0.19982238010657183,DEV
0.2,2022-03-03 00:00:00+00:00,TORNUSDT,False,0.4078048780487804,-0.13097713097713104,-0.18104643104643092,-0.21794871794871795,DEV
0.2,2022-03-05 00:00:00+00:00,MIRUSDT,False,0.6399317406143346,-0.11290322580645151,-0.21227887617065555,-0.04006243496357953,DEV
0.2,2022-03-07 00:00:00+00:00,IMXUSDT,False,0.37979094076655073,-0.039772727272727404,-0.04671717171717171,0.04292929292929282,DEV
0.2,2022-03-07 00:00:00+00:00,WAVESUSDT,False,0.2672655811341944,-0.009747452370403087,0.21045635799734153,0.17501107665042093,DEV
0.2,2022-03-08 00:00:00+00:00,KNCUSDT,False,0.24441737718229795,0.01337683523654154,-0.16019575856443724,-0.002283849918434,DEV
0.2,2022-03-08 00:00:00+00:00,TORNUSDT,False,0.2077830188679246,-0.0380785002929116,-0.12614723686779927,-0.10017574692442888,DEV
0.2,2022-03-08 00:00:00+00:00,XMRUSDT,False,0.28707224334600756,-0.07188577055637613,-0.16001969473165933,-0.09896602658788767,DEV
0.2,2022-03-08 00:00:00+00:00,ZECUSDT,False,0.2636861313868615,0.02166064981949467,0.10758122743682308,-0.01588447653429592,DEV
0.2,2022-03-09 00:00:00+00:00,JASMYUSDT,False,0.25688073394495414,0.23357664233576636,-0.007299270072992803,0.5401459854014599,DEV
0.2,2022-03-09 00:00:00+00:00,MIRUSDT,False,0.39828269484808443,-0.03967879074161551,-0.12848370335380255,-0.18091639111950875,DEV
0.2,2022-03-09 00:00:00+00:00,RUNEUSDT,False,0.3398533007334965,-0.025000000000000133,0.18978102189781,0.4014598540145984,DEV
0.2,2022-03-09 00:00:00+00:00,SNXUSDT,False,0.20822687787429728,-0.054134066398815905,-0.11588073588496517,-0.10890251638824267,DEV
0.2,2022-03-09 00:00:00+00:00,WAVESUSDT,False,0.27248322147651005,-0.039381153305203975,-0.0608298171589311,0.001054852320675037,DEV
0.2,2022-03-10 00:00:00+00:00,JASMYUSDT,False,0.23357664233576636,-0.15976331360946727,-0.24852071005917153,0.4201183431952664,DEV
0.2,2022-03-11 00:00:00+00:00,COCOSUSDT,False,0.21585129011375193,-0.08442990796379402,-0.1183539971096067,-0.08328896326158053,DEV
0.2,2022-03-11 00:00:00+00:00,SANTOSUSDT,False,0.7802843016069221,0.1451136955389689,-0.07793785801076203,0.08922062141989251,DEV
0.2,2022-03-12 00:00:00+00:00,LAZIOUSDT,False,0.3574318856217966,-0.03310810810810805,-0.22748410174880762,-0.16635532591414948,DEV
0.2,2022-03-12 00:00:00+00:00,LOKAUSDT,False,0.33891480795040607,-0.12582338902147983,-0.1283054892601433,0.04778042959427209,DEV
0.2,2022-03-12 00:00:00+00:00,MBOXUSDT,False,0.28317601332593,-0.09606231068801385,-0.12289052358286445,-0.041107745564690545,DEV
0.2,2022-03-13 00:00:00+00:00,MBLUSDT,False,0.6940067166106949,0.26915745329775076,0.006557377049180246,0.34586351505909274,DEV
0.2,2022-03-13 00:00:00+00:00,TROYUSDT,False,0.2521976356471658,0.045388525780682754,-0.003994190268700071,0.0515613652868554,DEV
0.2,2022-03-14 00:00:00+00:00,JASMYUSDT,False,0.5433070866141732,-0.09693877551020402,0.22448979591836737,0.8265306122448979,DEV
0.2,2022-03-14 00:00:00+00:00,MBLUSDT,False,0.26915745329775076,-0.23250225292880744,-0.2812856713727846,0.18269750675878638,DEV
0.2,2022-03-17 00:00:00+00:00,CAKEUSDT,False,0.20751341681574242,-0.05629629629629629,-0.07259259259259265,0.057777777777777706,DEV
0.2,2022-03-18 00:00:00+00:00,AGLDUSDT,False,0.33982300884955774,-0.0019815059445179584,0.0013210039630118242,0.08916776750330246,DEV
0.2,2022-03-18 00:00:00+00:00,JASMYUSDT,False,0.8166666666666667,-0.17201834862385323,-0.17889908256880738,-0.10091743119266061,DEV
0.2,2022-03-18 00:00:00+00:00,MBLUSDT,False,0.4004012371478727,0.1400943114666029,0.17507312123201801,-0.1817584910165344,DEV
0.2,2022-03-18 00:00:00+00:00,OGNUSDT,False,0.5,0.13209996754300546,0.1260954235637779,-0.006815968841285214,DEV
0.2,2022-03-19 00:00:00+00:00,ETCUSDT,False,0.21247771836007123,0.12231696559835359,0.348426933254925,0.3872390473390179,DEV
0.2,2022-03-19 00:00:00+00:00,GLMRUSDT,False,0.20834742895805158,-0.06446194225721791,-0.032440944881889644,-0.025791776027996538,DEV
0.2,2022-03-19 00:00:00+00:00,IMXUSDT,False,0.2690200852099818,0.049400479616307,0.11079136690647484,0.05515587529976029,DEV
0.2,2022-03-19 00:00:00+00:00,LRCUSDT,False,0.2834364261168383,-0.11931027096497804,-0.13558958980400548,0.1408375281139551,DEV
0.2,2022-03-19 00:00:00+00:00,SRMUSDT,False,0.2459621596677437,-0.03962962962962968,-0.07481481481481478,0.12259259259259259,DEV
0.2,2022-03-20 00:00:00+00:00,BNXUSDT,False,0.24878048780487805,-0.04296875,-0.013671875,0.0390625,DEV
0.2,2022-03-20 00:00:00+00:00,LOKAUSDT,False,0.2557970024144687,-0.11931364724660809,-0.0845969672785315,-0.1468112892693898,DEV
0.2,2022-03-21 00:00:00+00:00,SPELLUSDT,False,0.21153846153846145,-0.024943310657596363,-0.0045351473922902175,-0.03628117913832185,DEV
0.2,2022-03-22 00:00:00+00:00,IOTXUSDT,False,0.2327753989879331,-0.0039995789916850155,-0.06630880959898955,-0.031259867382380846,DEV
0.2,2022-03-22 00:00:00+00:00,TWTUSDT,False,0.23648077735530215,-0.1158281370120442,0.006406423507303138,0.024771504228239483,DEV
0.2,2022-03-23 00:00:00+00:00,LRCUSDT,False,0.4492627927146573,-0.07583140976318714,-0.08933914678977517,0.0856629905103874,DEV
0.2,2022-03-23 00:00:00+00:00,SLPUSDT,False,0.24,0.02764976958525356,-0.07373271889400923,-0.06451612903225812,DEV
0.2,2022-03-23 00:00:00+00:00,SRMUSDT,False,0.2606084867894314,-0.022864401397268974,-0.037472213401079646,0.09526833915528732,DEV
0.2,2022-03-24 00:00:00+00:00,AXSUSDT,False,0.20500514226945477,0.017496443812233364,-0.029018492176386856,-0.0972972972972973,DEV
0.2,2022-03-25 00:00:00+00:00,KP3RUSDT,False,0.20386488054693608,0.21953059513830686,0.11959346186085495,0.1800083822296732,DEV
0.2,2022-03-25 00:00:00+00:00,PEOPLEUSDT,True,0.22424242424242413,-0.017326732673267342,-0.003712871287128605,-0.11262376237623761,DEV
0.2,2022-03-26 00:00:00+00:00,KP3RUSDT,False,0.21953059513830686,-0.041033748023919125,-0.12715650560175962,-0.09199945013402999,DEV
0.2,2022-03-26 00:00:00+00:00,ZILUSDT,False,0.9966576143722581,0.11152960870474993,0.07543419125340045,0.743879472693032,DEV
0.2,2022-03-27 00:00:00+00:00,FILUSDT,False,0.21976325270200725,0.06793248945147679,0.09282700421940926,0.07299578059071732,DEV
0.2,2022-03-27 00:00:00+00:00,HOTUSDT,False,0.359976775691891,-0.10573502205777718,-0.07257720222000852,-0.01935392059200225,DEV
0.2,2022-03-28 00:00:00+00:00,WAVESUSDT,False,0.3293357933579333,0.16724496877168638,0.25954198473282464,-0.19616007402266944,DEV
0.2,2022-03-29 00:00:00+00:00,AAVEUSDT,False,0.3279666070363745,0.0022451728783117186,0.09833857207004937,-0.007633587786259444,DEV
0.2,2022-03-29 00:00:00+00:00,COMPUSDT,False,0.20309951060358888,0.071864406779661,0.07661016949152555,0.041355932203389845,DEV
0.2,2022-03-29 00:00:00+00:00,DUSKUSDT,False,0.20288335517693312,0.05077358901721518,0.04794072782741332,-0.050337764218784,DEV
0.2,2022-03-29 00:00:00+00:00,GTOUSDT,False,0.26322203265903,-0.07775419641134473,0.1950607756125795,0.032606598495080075,DEV
0.2,2022-03-29 00:00:00+00:00,LOKAUSDT,False,0.6349299065420562,0.09146123615576984,0.04379114990047461,-0.11738886336957077,DEV
0.2,2022-03-29 00:00:00+00:00,TORNUSDT,False,0.2029431144300462,-0.06536425050209982,-0.12780719371918936,-0.14752601789300723,DEV
0.2,2022-03-29 00:00:00+00:00,VOXELUSDT,False,0.20727272727272728,0.2007228915662651,0.17018072289156616,0.13987951807228938,DEV
0.2,2022-03-30 00:00:00+00:00,AGLDUSDT,False,0.2224797219003476,-0.0023696682464454666,-0.1943127962085308,-0.4023696682464455,DEV
0.2,2022-03-30 00:00:00+00:00,DARUSDT,False,0.324686869607832,-0.11556197948929725,-0.0595274967306767,-0.011890013077293649,DEV
0.2,2022-03-30 00:00:00+00:00,HIGHUSDT,False,0.20276497695852536,-0.15581098339719024,-0.11366538952745842,-0.2937420178799489,DEV
0.2,2022-03-30 00:00:00+00:00,JSTUSDT,False,0.4112401144203266,-0.0008346250149040557,-0.046619768689638685,-0.21318707523548353,DEV
0.2,2022-03-30 00:00:00+00:00,SFPUSDT,False,0.2959740109061375,-0.060340196956132464,-0.09552372426141453,-0.23419874664279317,DEV
0.2,2022-03-30 00:00:00+00:00,VOXELUSDT,False,0.2007228915662651,-0.1772526590407386,0.1009432069034717,-0.16370660244832436,DEV
0.2,2022-03-30 00:00:00+00:00,ZILUSDT,False,0.7524078217725461,-0.0030533503580748578,-0.07466829512019102,-0.2674734913673458,DEV
0.2,2022-03-31 00:00:00+00:00,BAKEUSDT,False,0.8679471788715487,-0.16580976863753216,-0.2332904884318766,-0.384961439588689,DEV
0.2,2022-03-31 00:00:00+00:00,CELRUSDT,False,0.37158665000892377,-0.044111906310995486,-0.08562134027325963,-0.2618087182823682,DEV
0.2,2022-03-31 00:00:00+00:00,GTOUSDT,False,0.5418410041841004,-0.15956580732700132,-0.21126187245590233,-0.2854816824966079,DEV
0.2,2022-03-31 00:00:00+00:00,IOSTUSDT,False,0.20417500714898495,-0.0007124198527665992,-0.03585846592258379,-0.19425314652101633,DEV
0.2,2022-04-01 00:00:00+00:00,ACAUSDT,False,0.2177589852008457,-0.0017361111111110494,0.09953703703703698,-0.14178240740740733,DEV
0.2,2022-04-01 00:00:00+00:00,ALPHAUSDT,False,0.360706612556696,-0.021754385964912193,0.016315789473684283,-0.3035087719298245,DEV
0.2,2022-04-01 00:00:00+00:00,ASTRUSDT,False,0.47407834101382496,-0.08323563892145369,-0.10042985541227056,-0.09066041422430648,DEV
0.2,2022-04-01 00:00:00+00:00,BETAUSDT,False,0.23146202341639155,-0.027321167374799726,-0.0882322212161315,-0.15626523647001456,DEV
0.2,2022-04-01 00:00:00+00:00,BNXUSDT,False,0.24801271860095397,-0.04458598726114649,0.12101910828025475,0.4547770700636944,DEV
0.2,2022-04-01 00:00:00+00:00,MBOXUSDT,False,0.4311594202898552,-0.13848101265822788,-0.02607594936708868,-0.25012658227848095,DEV
0.2,2022-04-01 00:00:00+00:00,SKLUSDT,False,0.25185796862097454,-0.07882585751978899,-0.13027704485488134,-0.3466358839050132,DEV
0.2,2022-04-02 00:00:00+00:00,BICOUSDT,False,0.2058997050147493,-0.07338551859099807,-0.11741682974559686,-0.22651663405088063,DEV
0.2,2022-04-02 00:00:00+00:00,GLMRUSDT,False,0.45983755816978356,0.035975923652635355,-0.14325030689423046,-0.2189046845919297,DEV
0.2,2022-04-02 00:00:00+00:00,XECUSDT,False,0.32400908340214696,-0.09557963670382785,-0.13487175489202452,-0.20651750214391507,DEV
0.2,2022-04-03 00:00:00+00:00,AUDIOUSDT,False,0.25736568457539,0.19848380427291534,-0.11440385940730535,-0.22260509993108213,DEV
0.2,2022-04-03 00:00:00+00:00,BNXUSDT,False,0.2466666666666666,-0.05882352941176472,0.07272727272727275,0.2513368983957218,DEV
0.2,2022-04-03 00:00:00+00:00,MBOXUSDT,False,0.2095210108727592,-0.06535471331389686,-0.27818270165208936,-0.3019922254616131,DEV
0.2,2022-04-03 00:00:00+00:00,OOKIUSDT,False,0.22044088176352705,-0.07772304324028467,-0.23097974822112755,-0.2030651340996169,DEV
0.2,2022-04-04 00:00:00+00:00,CELOUSDT,False,0.28095487932843666,-0.12717591644480863,-0.21073110792545569,-0.3579766536964981,DEV
0.2,2022-04-04 00:00:00+00:00,GXSUSDT,False,0.47083891391696087,-0.18940397350993377,-0.22889072847682113,-0.35389072847682124,DEV
0.2,2022-04-05 00:00:00+00:00,BNXUSDT,False,0.26249999999999996,-0.09720972097209724,0.02790279027902809,-0.036003600360036025,DEV
0.2,2022-04-05 00:00:00+00:00,TROYUSDT,False,0.38503850385038496,-0.22676727561556786,-0.24861000794281185,-0.29706115965051627,DEV
0.2,2022-04-07 00:00:00+00:00,DNTUSDT,False,0.3320683111954459,-0.09971509971509962,-0.027065527065527006,-0.15455840455840453,DEV
0.2,2022-04-08 00:00:00+00:00,EPSUSDT,False,0.25732421875,-0.11728155339805824,-0.23417475728155346,0.0256310679611651,DEV
0.2,2022-04-08 00:00:00+00:00,KNCUSDT,False,0.2057848749623381,-0.07271364317841078,0.009495252373813212,0.14817591204397806,DEV
0.2,2022-04-09 00:00:00+00:00,OGNUSDT,False,0.27268889826931186,-0.07529021558872306,-0.23432835820895515,-0.09751243781094521,DEV
0.2,2022-04-12 00:00:00+00:00,RAMPUSDT,False,0.23329558323895805,-0.03673094582185499,-0.058769513314967936,-0.10192837465564741,DEV
0.2,2022-04-12 00:00:00+00:00,SHIBUSDT,True,0.21731289449954905,-0.0022222222222222365,-0.040740740740740744,-0.058518518518518414,DEV
0.2,2022-04-13 00:00:00+00:00,EPSUSDT,False,0.2255206025697829,-0.11569052783803324,-0.08098336948662344,-0.160882140274765,DEV
0.2,2022-04-13 00:00:00+00:00,FXSUSDT,False,0.2095393543706927,-0.10738597175158193,-0.13605421777071403,0.08030707409961901,DEV
0.2,2022-04-17 00:00:00+00:00,MTLUSDT,False,0.3840245775729645,0.10062893081761026,0.046984831668516636,-0.05808361080281166,DEV
0.2,2022-04-18 00:00:00+00:00,GMTUSDT,False,0.3174250740798825,0.16234571768686168,-0.022019297036526497,0.03847190025687608,DEV
0.2,2022-04-19 00:00:00+00:00,JASMYUSDT,False,0.2404371584699454,0.06607929515418487,0.03964757709251088,-0.08370044052863446,DEV
0.2,2022-04-19 00:00:00+00:00,LINAUSDT,False,0.37407063197026,0.07237064592492404,-0.099763273588096,-0.25566452485627333,DEV
0.2,2022-04-20 00:00:00+00:00,APEUSDT,False,0.2507122081068349,-0.14577716133892116,-0.0020804811411558877,0.1607769520951281,DEV
0.2,2022-04-20 00:00:00+00:00,ZRXUSDT,False,0.5045859000684461,-0.13865890273860426,-0.2378309525975798,-0.20343917750887097,DEV
0.2,2022-04-21 00:00:00+00:00,ALPINEUSDT,False,0.2413289082248553,-0.16877000013852916,-0.1536841813622951,-0.2303323313061909,DEV
0.2,2022-04-25 00:00:00+00:00,DOGEUSDT,True,0.20045558086560344,-0.1296647691334598,-0.1302972802024034,-0.17267552182163182,DEV
0.2,2022-04-27 00:00:00+00:00,ENSUSDT,False,0.296373779637378,0.00591715976331364,0.09844002151694475,0.1925766541151157,DEV
0.2,2022-04-28 00:00:00+00:00,APEUSDT,False,0.2209804184134898,-0.19309227732127487,-0.33052963706615823,-0.4224526296252552,DEV
0.2,2022-04-28 00:00:00+00:00,DARUSDT,False,0.79907754698942,-0.1776007661850757,-0.2332484612060407,-0.2849893131197515,DEV
0.2,2022-04-28 00:00:00+00:00,SKLUSDT,False,0.2067039106145252,-0.14197530864197527,-0.22016460905349788,-0.26491769547325095,DEV
0.2,2022-04-30 00:00:00+00:00,DNTUSDT,False,0.26872770511296085,-0.09653233364573577,-0.11527647610121838,-0.1921274601686973,DEV
0.2,2022-04-30 00:00:00+00:00,ENSUSDT,False,0.25352977286678957,0.19000979431929466,0.07737512242899114,-0.10381978452497553,DEV
0.2,2022-05-01 00:00:00+00:00,SLPUSDT,False,0.2200736648250461,-0.058113207547169754,-0.024150943396226365,-0.19169811320754704,DEV
0.2,2022-05-04 00:00:00+00:00,CRVUSDT,False,0.20464037122969847,-0.05277349768875195,-0.14214175654853634,-0.4183359013867488,DEV
0.2,2022-05-04 00:00:00+00:00,PEOPLEUSDT,True,0.2614942528735633,-0.15489749430523914,-0.214123006833713,-0.6810933940774487,DEV
0.2,2022-05-04 00:00:00+00:00,PYRUSDT,False,0.2277108433734938,-0.13542688910696754,-0.20706575073601563,-0.6104023552502453,DEV
0.2,2022-05-04 00:00:00+00:00,WAVESUSDT,False,0.29156223893066,-0.11384217335058222,-0.146830530401035,-0.48576972833117726,DEV
0.2,2022-05-04 00:00:00+00:00,ZILUSDT,False,0.38337012509197943,-0.16436170212765966,-0.18893617021276599,-0.42914893617021277,DEV
0.2,2022-05-12 00:00:00+00:00,APEUSDT,False,0.368580377609407,0.09290015726285916,0.16755526574866075,0.03188728216536907,DEV
0.2,2022-05-13 00:00:00+00:00,ALPINEUSDT,False,1.0214420853479083,-0.052759290072101894,-0.10163616195230163,0.27530504714364956,DEV
0.2,2022-05-13 00:00:00+00:00,BNXUSDT,False,0.31786771964462,0.005243445692883819,-0.027715355805243314,-0.11760299625468162,DEV
0.2,2022-05-13 00:00:00+00:00,DOTUSDT,False,0.20091848450057403,0.08030592734225617,0.016252390057361454,-0.07552581261950297,DEV
0.2,2022-05-13 00:00:00+00:00,DREPUSDT,False,0.38218661639962304,-0.014660756904193772,-0.07603136720081827,-0.042107057620184185,DEV
0.2,2022-05-13 00:00:00+00:00,GALAUSDT,False,0.3439555620523316,0.08364150532956272,-0.06232325429628016,-0.1070263215140308,DEV
0.2,2022-05-13 00:00:00+00:00,GMTUSDT,False,0.2803768093479029,0.03252989360700509,-0.03710304383498997,-0.09731394676315108,DEV
0.2,2022-05-13 00:00:00+00:00,ICPUSDT,False,0.2880886426592799,-0.08172043010752705,-0.12795698924731191,-0.1645161290322582,DEV
0.2,2022-05-13 00:00:00+00:00,KAVAUSDT,False,0.23016826923076938,0.10356619443087434,0.1719589643380557,0.20664386907669763,DEV
0.2,2022-05-13 00:00:00+00:00,KDAUSDT,False,0.29532710280373853,0.42087542087542085,0.39057239057239035,0.26070226070226066,DEV
0.2,2022-05-13 00:00:00+00:00,MANAUSDT,False,0.4461690419077182,0.3013952580739587,0.1471363059810713,0.04127231925065855,DEV
0.2,2022-05-13 00:00:00+00:00,PORTOUSDT,False,0.38836329233680233,0.014991482112436172,-0.05730834752981262,0.6673253833049404,DEV
0.2,2022-05-13 00:00:00+00:00,SLPUSDT,False,0.3014354066985647,-0.0018382352941177516,-0.02389705882352955,-0.02389705882352955,DEV
0.2,2022-05-13 00:00:00+00:00,SUNUSDT,False,0.20204603580562663,-0.009574468085106314,-0.08936170212765959,-0.06914893617021267,DEV
0.2,2022-05-13 00:00:00+00:00,SUSHIUSDT,False,0.22552447552447563,-0.060627674750356575,-0.09557774607703273,-0.0763195435092725,DEV
0.2,2022-05-13 00:00:00+00:00,SYSUSDT,False,0.22076297686053792,-0.035860655737704916,-0.005635245901639441,0.02612704918032782,DEV
0.2,2022-05-13 00:00:00+00:00,XECUSDT,False,0.3274503624330287,0.010683760683760646,0.11039886039886038,0.07597340930674257,DEV
0.2,2022-05-14 00:00:00+00:00,ANCUSDT,False,1.8317515099223471,-0.2907906764168191,-0.5067413162705667,-0.6817870201096892,DEV
0.2,2022-05-14 00:00:00+00:00,GRTUSDT,False,0.2932078009414929,0.0384815392615705,-0.06500260010400427,-0.17836713468538745,DEV
0.2,2022-05-14 00:00:00+00:00,KDAUSDT,False,0.42087542087542085,0.11543669600541628,-0.0060934326337170885,-0.12153012863913337,DEV
0.2,2022-05-14 00:00:00+00:00,MANAUSDT,False,0.3013952580739587,0.002249212775528475,-0.08711950817213976,-0.18008696956065395,DEV
0.2,2022-05-14 00:00:00+00:00,MIRUSDT,False,0.4494832826747719,-0.11866018005927415,-0.2075155175306156,-0.40476989319465406,DEV
0.2,2022-05-15 00:00:00+00:00,ARUSDT,False,0.21548387096774202,-0.1788747346072186,-0.24363057324840764,-0.16666666666666674,DEV
0.2,2022-05-15 00:00:00+00:00,HARDUSDT,False,0.926060606060606,-0.22687224669603534,-0.3096286972938955,-0.24386406544996853,DEV
0.2,2022-05-15 00:00:00+00:00,MTLUSDT,False,0.21231043710972353,-0.08094186902133915,-0.012509197939661432,0.11037527593818974,DEV
0.2,2022-05-16 00:00:00+00:00,JASMYUSDT,False,0.35366851531957444,-0.013634226610249156,-0.15830478877023302,-0.16562562965948013,DEV
0.2,2022-05-17 00:00:00+00:00,KNCUSDT,False,0.3829648894668398,0.03667136812411864,0.22143864598025398,0.01034320639398234,DEV
0.2,2022-05-17 00:00:00+00:00,PORTOUSDT,False,0.21736301864970353,0.12404251529006594,0.45288284543673196,0.30983908318983455,DEV
0.2,2022-05-17 00:00:00+00:00,TCTUSDT,False,0.2027972027972027,-0.1598837209302324,-0.07461240310077522,0.05910852713178305,DEV
0.2,2022-05-19 00:00:00+00:00,ENSUSDT,False,0.2030505243088654,0.03486529318542009,0.0007923930269415624,-0.17591125198098245,DEV
0.2,2022-05-19 00:00:00+00:00,KNCUSDT,False,0.20770975056689323,-0.02440856177243711,-0.032294404806609056,-0.2786331205407434,DEV
0.2,2022-05-19 00:00:00+00:00,OGNUSDT,False,0.20129270544783018,-0.09646425826287464,-0.06341275941583391,-0.2259800153727901,DEV
0.2,2022-05-19 00:00:00+00:00,PEOPLEUSDT,True,0.2551724137931035,0.24175824175824157,0.6153846153846152,0.17582417582417564,DEV
0.2,2022-05-19 00:00:00+00:00,TCTUSDT,False,0.20069204152249132,-0.08261287223823255,0.025936599423631135,-0.01729106628242083,DEV
0.2,2022-05-20 00:00:00+00:00,LOKAUSDT,False,0.21723552706015448,-0.06134779240898525,-0.06266460108443062,-0.09806351665375668,DEV
0.2,2022-05-20 00:00:00+00:00,PEOPLEUSDT,True,0.24175824175824157,0.41150442477876115,0.13716814159292046,-0.14601769911504414,DEV
0.2,2022-05-20 00:00:00+00:00,SANTOSUSDT,False,0.5094492440604752,-0.12001430871042751,-0.16204614559112873,-0.280271865498122,DEV
0.2,2022-05-21 00:00:00+00:00,ANTUSDT,False,0.2083092902481245,-0.02244508118433608,-0.042024832855778405,-0.20391595033428833,DEV
0.2,2022-05-21 00:00:00+00:00,C98USDT,False,0.2520661157024793,-0.004950495049504955,0.20627062706270638,-0.07755775577557744,DEV
0.2,2022-05-21 00:00:00+00:00,MASKUSDT,False,0.216302610548748,-0.0560665790626369,-0.15067893123083653,-0.22864651773981604,DEV
0.2,2022-05-21 00:00:00+00:00,PEOPLEUSDT,True,0.41150442477876115,-0.07836990595611282,-0.1442006269592475,-0.2539184952978055,DEV
0.2,2022-05-22 00:00:00+00:00,ANCUSDT,False,0.909275882704967,2.3863465396188563,0.9577482447342027,0.793944332998997,DEV
0.2,2022-05-22 00:00:00+00:00,FXSUSDT,False,0.2792540792540792,-0.14322157434402327,-0.11078717201166166,-0.16180758017492702,DEV
0.2,2022-05-23 00:00:00+00:00,ANCUSDT,False,2.3863465396188563,-0.35589329680297666,-0.4669283030044984,-0.502064088561432,DEV
0.2,2022-05-23 00:00:00+00:00,MIRUSDT,False,1.0623837232316036,-0.22563433265517652,-0.4466815093470501,-0.3917699896357145,DEV
0.2,2022-05-23 00:00:00+00:00,RSRUSDT,False,0.28007889546351095,-0.012326656394453073,-0.24036979969183359,0.16178736517719572,DEV
0.2,2022-05-24 00:00:00+00:00,ASTRUSDT,False,0.25899280575539585,-0.05714285714285716,-0.22285714285714298,-0.06428571428571439,DEV
0.2,2022-05-24 00:00:00+00:00,GLMRUSDT,False,0.2016177609500045,-0.07197078201088514,-0.1573331423660842,-0.0287167000859353,DEV
0.2,2022-05-27 00:00:00+00:00,OGUSDT,False,0.20861774744027328,-0.0003529827038476485,-0.08824567596187782,-0.002117896223085114,DEV
0.2,2022-05-28 00:00:00+00:00,ANCUSDT,False,0.26804365135122454,0.05699194799438567,-0.13736426091453047,-0.2470266676516214,DEV
0.2,2022-05-28 00:00:00+00:00,BETAUSDT,False,0.2096690348293191,-0.029651912333476638,-0.07921501217590599,-0.0480590173327603,DEV
0.2,2022-05-28 00:00:00+00:00,PEOPLEUSDT,True,0.23316062176165797,-0.05462184873949594,-0.02983193277310936,-0.14495798319327735,DEV
0.2,2022-05-29 00:00:00+00:00,BAKEUSDT,False,0.221830985915493,0.0749279538904899,-0.040345821325648346,-0.07492795389048978,DEV
0.2,2022-05-29 00:00:00+00:00,RSRUSDT,False,0.3333333333333335,0.07102272727272729,-0.11789772727272729,-0.03125000000000011,DEV
0.2,2022-05-29 00:00:00+00:00,SFPUSDT,False,0.28752308098127144,-0.07867240319606639,-0.18684695759065761,-0.18623232944068835,DEV
0.2,2022-05-29 00:00:00+00:00,UNFIUSDT,False,0.5699608610567515,-0.05453412277968217,-0.1922717357432222,-0.228420068557183,DEV
0.2,2022-05-30 00:00:00+00:00,AAVEUSDT,False,0.22931937172774886,-0.03833049403747868,-0.055366269165247006,-0.09710391822827946,DEV
0.2,2022-05-30 00:00:00+00:00,AXSUSDT,False,0.2967567567567566,-0.0033347228011670893,-0.1213005418924552,-0.1371404751979991,DEV
0.2,2022-05-30 00:00:00+00:00,C98USDT,False,0.28771929824561404,-0.058583106267030005,-0.11307901907356943,-0.02588555858310626,DEV
0.2,2022-05-30 00:00:00+00:00,ENSUSDT,False,0.23235294117647065,-0.056483691328560126,-0.09944311853619725,-0.02863961813842475,DEV
0.2,2022-05-30 00:00:00+00:00,HNTUSDT,False,0.28940217391304346,-0.005268703898840932,-0.08640674394099057,0.12328767123287676,DEV
0.2,2022-05-30 00:00:00+00:00,RUNEUSDT,False,0.22914349276974422,-0.04675716440422317,-0.12368024132730016,-0.05852187028657618,DEV
0.2,2022-05-30 00:00:00+00:00,SNXUSDT,False,0.28884615384615375,-0.06744255446135483,-0.09877648463145328,-0.17129215159653832,DEV
0.2,2022-05-30 00:00:00+00:00,WAVESUSDT,False,0.7040358744394619,0.18289473684210544,0.2526315789473683,0.09605263157894739,DEV
0.2,2022-05-31 00:00:00+00:00,OGNUSDT,False,0.46576537287396436,-0.1871466825349598,-0.1457899434692056,-0.2023207378756322,DEV
0.2,2022-06-01 00:00:00+00:00,AKROUSDT,False,0.22717622080679423,-0.05882352941176472,-0.08650519031141879,-0.16782006920415227,DEV
0.2,2022-06-02 00:00:00+00:00,ICPUSDT,False,0.23884514435695525,-0.1610169491525424,-0.22139830508474578,-0.32203389830508466,DEV
0.2,2022-06-03 00:00:00+00:00,BELUSDT,False,0.4771784232365146,-0.1994382022471911,-0.014044943820224809,0.16292134831460658,DEV
0.2,2022-06-04 00:00:00+00:00,BURGERUSDT,False,0.6379310344827585,-0.125358851674641,-0.2191387559808612,-0.21818181818181814,DEV
0.2,2022-06-06 00:00:00+00:00,BELUSDT,False,0.3097014925373134,0.7141500474833808,0.2659069325735992,-0.10636277302943964,DEV
0.2,2022-06-06 00:00:00+00:00,PEOPLEUSDT,True,0.21180030257186067,-0.025801081980857177,-0.1427382438618393,-0.23886808156471073,DEV
0.2,2022-06-06 00:00:00+00:00,UNFIUSDT,False,0.38085621970920847,4.520912547528518,1.6425855513307983,0.8119333138344547,DEV
0.2,2022-06-07 00:00:00+00:00,BELUSDT,False,0.7141500474833808,-0.3096952908587257,-0.3119113573407202,-0.4869806094182825,DEV
0.2,2022-06-07 00:00:00+00:00,RSRUSDT,False,0.3658872077028885,-0.12688821752265855,-0.1299093655589123,-0.37260825780463236,DEV
0.2,2022-06-07 00:00:00+00:00,UNFIUSDT,False,4.520912547528518,-0.5715723670269125,-0.5809493536766264,-0.676785335876245,DEV
0.2,2022-06-08 00:00:00+00:00,BLZUSDT,False,0.2799339388934765,0.1051612903225807,0.03806451612903228,-0.2909677419354839,DEV
0.2,2022-06-08 00:00:00+00:00,LITUSDT,False,0.25033288948069243,-0.1778487752928647,-0.29073482428115005,-0.12353567625133122,DEV
0.2,2022-06-08 00:00:00+00:00,OGUSDT,False,0.23036988968202476,-0.028217299578058963,-0.11102320675105481,-0.1518987341772151,DEV
0.2,2022-06-09 00:00:00+00:00,ANCUSDT,False,0.391721823436189,-0.002277446580481013,-0.1663875678210195,-0.2992162904414227,DEV
0.2,2022-06-09 00:00:00+00:00,LUNAUSDT,False,0.4224332672536997,-0.0719193621572567,-0.157321579049718,-0.26913852336812083,DEV
0.2,2022-06-12 00:00:00+00:00,AKROUSDT,False,0.2141176470588233,-0.07170542635658905,-0.05813953488372092,-0.11821705426356577,DEV
0.2,2022-06-15 00:00:00+00:00,BATUSDT,False,0.2383720930232558,-0.10991438829052746,-0.13891190278928467,0.0069041701187517734,DEV
0.2,2022-06-15 00:00:00+00:00,EGLDUSDT,False,0.22144725370531804,-0.09867951463240543,-0.18397573162027125,0.039079229122055636,DEV
0.2,2022-06-15 00:00:00+00:00,PEOPLEUSDT,True,0.25273088381330666,-0.18390804597701138,-0.04597701149425282,-0.05786761791518036,DEV
0.2,2022-06-15 00:00:00+00:00,YFIIUSDT,False,0.4832041343669251,-0.10104529616724733,-0.264808362369338,0.07491289198606266,DEV
0.2,2022-06-18 00:00:00+00:00,LITUSDT,False,0.3115845539280959,-0.04162436548223358,-0.11065989847715729,0.08121827411167515,DEV
0.2,2022-06-19 00:00:00+00:00,ANCUSDT,False,0.45261437908496727,-0.11166104236970376,-0.03427071616047983,0.07866516685414315,DEV
0.2,2022-06-19 00:00:00+00:00,GMTUSDT,False,0.24700048258532625,0.013264652503469643,-0.024807836020070417,0.2541368634568164,DEV
0.2,2022-06-19 00:00:00+00:00,SNXUSDT,False,0.34771410173857054,0.5604395604395604,0.41806020066889626,0.274247491638796,DEV
0.2,2022-06-20 00:00:00+00:00,RSRUSDT,False,0.3302469135802468,-0.06844547563805092,0.026682134570765736,-0.01740139211136882,DEV
0.2,2022-06-20 00:00:00+00:00,SNXUSDT,False,0.5604395604395604,-0.04225352112676051,-0.04776484996938157,-0.25443968156766683,DEV
0.2,2022-06-20 00:00:00+00:00,STORJUSDT,False,0.21173806378561988,0.11586980221149368,0.4673726833826508,0.2283133468307117,DEV
0.2,2022-06-21 00:00:00+00:00,SHIBUSDT,True,0.3131935881627619,-0.09107981220657269,0.015962441314554043,-0.06291079812206579,DEV
0.2,2022-06-21 00:00:00+00:00,WAVESUSDT,False,0.43092783505154664,-0.15417867435158505,-0.05187319884726227,-0.22046109510086453,DEV
0.2,2022-06-21 00:00:00+00:00,YFIIUSDT,False,0.26801801801801806,0.09591474245115461,1.6820603907637657,0.6257548845470693,DEV
0.2,2022-06-21 00:00:00+00:00,ZILUSDT,False,0.21894005212858403,-0.08054169636493236,0.08149204086481343,-0.011879306248515076,DEV
0.2,2022-06-22 00:00:00+00:00,LITUSDT,False,0.2751141552511416,-0.0125335720680394,-0.0465532676812892,-0.18442256042972238,DEV
0.2,2022-06-23 00:00:00+00:00,BELUSDT,False,0.31134564643799467,-0.0663983903420523,-0.013078470824949728,-0.14386317907444668,DEV
0.2,2022-06-23 00:00:00+00:00,MATICUSDT,False,0.23516483516483522,0.080071174377224,-0.005338078291814985,-0.14448398576512467,DEV
0.2,2022-06-23 00:00:00+00:00,RUNEUSDT,False,0.23063877897117036,0.05052824988516291,-0.010105649977032671,-0.14147909967845662,DEV
0.2,2022-06-23 00:00:00+00:00,STORJUSDT,False,0.5248422074769381,0.04202929314370629,-0.10751432816811723,-0.25748248779452354,DEV
0.2,2022-06-23 00:00:00+00:00,YFIIUSDT,False,0.44246353322528353,0.696629213483146,0.353932584269663,0.06202247191011234,DEV
0.2,2022-06-24 00:00:00+00:00,OGUSDT,False,0.32216014897579126,-0.05211267605633796,-0.11239436619718313,-0.1061971830985915,DEV
0.2,2022-06-24 00:00:00+00:00,YFIIUSDT,False,0.696629213483146,-0.08344370860927153,-0.2900662251655629,-0.39105960264900663,DEV
0.2,2022-06-24 00:00:00+00:00,YFIUSDT,False,0.30921607063496603,-0.006890499927461047,-0.1241599914361734,-0.23081061970835104,DEV
0.2,2022-06-28 00:00:00+00:00,RNDRUSDT,False,0.2593360995850622,-0.034596375617792496,-0.19275123558484353,-0.17133443163097195,DEV
0.2,2022-06-29 00:00:00+00:00,ANCUSDT,False,0.2731710624449115,-0.23192033230375975,-0.2537011396314838,-0.24731068271381407,DEV
0.2,2022-07-02 00:00:00+00:00,BURGERUSDT,False,0.46676096181046667,-0.09161041465766628,-0.09932497589199607,1.5486981677917067,DEV
0.2,2022-07-02 00:00:00+00:00,UNFIUSDT,False,0.30432033719704954,-0.07222491517207952,-0.11439650993698502,0.115204394894167,DEV
0.2,2022-07-04 00:00:00+00:00,DYDXUSDT,False,0.21552277100705597,-0.020052770448548807,0.03218997361477571,-0.09182058047493402,DEV
0.2,2022-07-06 00:00:00+00:00,BURGERUSDT,False,0.6852248394004283,0.3290978398983482,0.6791613722998728,1.0133418043202034,DEV
0.2,2022-07-07 00:00:00+00:00,BURGERUSDT,False,0.3290978398983482,-0.06739961759082214,0.37667304015296366,0.28202676864244736,DEV
0.2,2022-07-07 00:00:00+00:00,TRBUSDT,False,0.2785234899328859,0.014435695538057791,-0.04527559055118102,0.1279527559055118,DEV
0.2,2022-07-07 00:00:00+00:00,VIDTUSDT,False,0.3986868915553543,-0.20880543865328582,-0.29556490773713184,-0.47750080932340566,DEV
0.2,2022-07-07 00:00:00+00:00,YFIIUSDT,False,0.23880752051521736,0.024987422438370155,-8.385041086689249e-05,0.07110514841522741,DEV
0.2,2022-07-08 00:00:00+00:00,MBLUSDT,False,0.24459234608985025,0.01042780748663108,0.106951871657754,0.1296791443850267,DEV
0.2,2022-07-08 00:00:00+00:00,UNFIUSDT,False,0.23080716751602814,-0.07813543475357287,-0.13944169894483782,-0.19433685054093763,DEV
0.2,2022-07-09 00:00:00+00:00,BURGERUSDT,False,0.354689902614044,0.08967082860385922,0.15361331819901625,-0.3007945516458569,DEV
0.2,2022-07-09 00:00:00+00:00,ONEUSDT,False,0.2067532467532469,-0.0391734825656479,-0.17907877744296175,-0.06543263021954371,DEV
0.2,2022-07-12 00:00:00+00:00,WINUSDT,False,0.20036429872495454,-0.11608497723823985,-0.12746585735963578,-0.020485584218512987,DEV
0.2,2022-07-13 00:00:00+00:00,FLMUSDT,False,0.4247491638795986,-0.08568075117370888,0.008215962441314728,0.01936619718309851,DEV
0.2,2022-07-15 00:00:00+00:00,FIROUSDT,False,0.4141436963398102,-0.4631730308355968,-0.562390158172232,-0.5689407253554881,DEV
0.2,2022-07-18 00:00:00+00:00,APEUSDT,False,0.20416700185021308,0.015214777206226326,0.07241632707595702,0.001569911149709391,DEV
0.2,2022-07-18 00:00:00+00:00,BONDUSDT,False,0.21640735502121644,0.02248062015503871,0.5056847545219638,1.3578811369509043,DEV
0.2,2022-07-18 00:00:00+00:00,CRVUSDT,False,0.2428174235403151,-0.06935123042505587,0.04772557792692034,-0.12229679343773303,DEV
0.2,2022-07-18 00:00:00+00:00,ENSUSDT,False,0.21581196581196593,-0.03602811950790863,0.14147627416520203,0.09929701230228472,DEV
0.2,2022-07-18 00:00:00+00:00,ETCUSDT,False,0.3122077922077924,-0.0003958828186857444,0.041171813143309643,-0.07878068091844825,DEV
0.2,2022-07-18 00:00:00+00:00,FLMUSDT,False,0.2188488298545226,-0.014530358069538174,0.019719771665801744,-0.18422418266735863,DEV
0.2,2022-07-18 00:00:00+00:00,GMTUSDT,False,0.25718993909567645,-0.0663348448349157,-0.11975697888621217,-0.1875,DEV
0.2,2022-07-18 00:00:00+00:00,MATICUSDT,False,0.2728117943950059,-0.03422727747052079,-0.05488886569967655,-0.19618073672127734,DEV
0.2,2022-07-18 00:00:00+00:00,OPUSDT,False,0.4061962134251291,-0.11750305997552013,-0.05018359853121168,-0.02692778457772327,DEV
0.2,2022-07-18 00:00:00+00:00,RUNEUSDT,False,0.22695692450208438,0.059645149112872664,0.1245753114382786,-0.11362778406946028,DEV
0.2,2022-07-18 00:00:00+00:00,VGXUSDT,False,0.2231182795698925,0.07912087912087906,-0.01098901098901095,-0.08571428571428574,DEV
0.2,2022-07-19 00:00:00+00:00,BTCSTUSDT,False,0.21231155778894473,-0.13264248704663228,-0.12020725388601039,-0.22383419689119166,DEV
0.2,2022-07-19 00:00:00+00:00,MBLUSDT,False,0.3120072088308177,-0.10285027472527486,-0.1339285714285715,-0.24690934065934067,DEV
0.2,2022-07-20 00:00:00+00:00,BONDUSDT,False,0.5418246146070256,-0.04491067038190466,0.6697262743812489,-0.07187346336666123,DEV
0.2,2022-07-21 00:00:00+00:00,CRVUSDT,False,0.2132987910189983,0.020640569395017794,-0.020640569395017905,0.09893238434163698,DEV
0.2,2022-07-21 00:00:00+00:00,MITHUSDT,False,0.5120500782472615,-0.21134340716207822,-0.2808942247981784,-0.3610018629683295,DEV
0.2,2022-07-21 00:00:00+00:00,NMRUSDT,False,0.34401114206128147,-0.09430051813471507,-0.16217616580310878,-0.09792746113989637,DEV
0.2,2022-07-22 00:00:00+00:00,BONDUSDT,False,0.29998283851038265,0.34481848184818475,0.20462046204620465,-0.3974917491749175,DEV
0.2,2022-07-22 00:00:00+00:00,FLMUSDT,False,0.2605597964376589,-0.29713362939039156,-0.3653613241824788,-0.31045619701251514,DEV
0.2,2022-07-23 00:00:00+00:00,BONDUSDT,False,0.34481848184818475,0.0626779228428389,-0.05281240797094344,-0.594728575635614,DEV
0.2,2022-07-24 00:00:00+00:00,BURGERUSDT,False,0.27386438446346295,-0.16485788113695088,-0.14935400516795871,-0.16640826873385017,DEV
0.2,2022-07-26 00:00:00+00:00,PONDUSDT,False,0.2971473851030111,-0.07941356139279165,-0.08918753817959679,-0.15699450213805743,DEV
0.2,2022-07-27 00:00:00+00:00,ENSUSDT,False,0.2085937499999999,-0.023270846800258593,-0.04654169360051719,0.06270200387847447,DEV
0.2,2022-07-27 00:00:00+00:00,ETCUSDT,False,0.3079062375844259,0.2396719319562577,0.198359659781288,0.09204131227217505,DEV
0.2,2022-07-27 00:00:00+00:00,LDOUSDT,False,0.3259515570934255,0.18006263048016713,0.21503131524008356,0.3507306889352819,DEV
0.2,2022-07-27 00:00:00+00:00,OPUSDT,False,0.27206771463119717,0.376425855513308,0.7186311787072244,0.8925855513307985,DEV
0.2,2022-07-27 00:00:00+00:00,SNXUSDT,False,0.2632288506909337,0.10218783351120608,-0.028281750266809014,-0.010138740661686296,DEV
0.2,2022-07-27 00:00:00+00:00,UNIUSDT,False,0.20570570570570568,0.15566625155666247,0.09339975093399744,0.10958904109589063,DEV
0.2,2022-07-28 00:00:00+00:00,BCHUSDT,False,0.22291993720565162,-0.025032092426187424,-0.10590500641848521,-0.13799743260590502,DEV
0.2,2022-07-28 00:00:00+00:00,ETCUSDT,False,0.2396719319562577,-0.007596177407498184,-0.10928693947561874,-0.14775790247488363,DEV
0.2,2022-07-28 00:00:00+00:00,OPUSDT,False,0.376425855513308,0.26933701657458564,0.09323204419889497,0.3245856353591161,DEV
0.2,2022-07-28 00:00:00+00:00,ROSEUSDT,False,0.35974344463308805,0.10391231964483905,0.16315205327413973,0.12347391786903428,DEV
0.2,2022-07-28 00:00:00+00:00,YFIIUSDT,False,0.23548932062266204,0.01001123211407906,-0.09703569858866046,-0.10973287102602924,DEV
0.2,2022-07-28 00:00:00+00:00,YFIUSDT,False,0.27490438963543173,0.1892095983750266,0.1886558291326399,0.16527166430639872,DEV
0.2,2022-07-29 00:00:00+00:00,BTCSTUSDT,False,0.3587699316628703,0.8776194467728415,1.2439228834870075,0.8541492036881813,DEV
0.2,2022-07-29 00:00:00+00:00,OPUSDT,False,0.26933701657458564,-0.016322089227421177,-0.17899891186071826,0.0571273122959739,DEV
0.2,2022-07-29 00:00:00+00:00,TRBUSDT,False,0.2638963842417701,0.3697694278394532,0.2173356105892399,0.39154568744662677,DEV
0.2,2022-07-29 00:00:00+00:00,UNFIUSDT,False,0.6282981021447309,-0.215483748697053,-0.20553397138254526,-0.19927982564199764,DEV
0.2,2022-07-29 00:00:00+00:00,WINGUSDT,False,1.2545260915867944,-0.6105337742087861,-0.6242324043457723,-0.6712328767123288,DEV
0.2,2022-07-30 00:00:00+00:00,BTCSTUSDT,False,0.8776194467728415,0.3125,0.17321428571428577,-0.1004464285714286,DEV
0.2,2022-07-30 00:00:00+00:00,FILUSDT,False,0.34505862646566166,0.2166874221668742,0.01992528019925288,0.17683686176836866,DEV
0.2,2022-07-30 00:00:00+00:00,FLMUSDT,False,0.2927400468384074,-0.07336956521739124,-0.0009057971014493349,0.05027173913043481,DEV
0.2,2022-07-30 00:00:00+00:00,TRBUSDT,False,0.3697694278394532,-0.17705735660847877,-0.1340399002493765,-0.00872817955112215,DEV
0.2,2022-07-31 00:00:00+00:00,BONDUSDT,False,0.22187235073271183,-0.11378729309148572,-0.13291703835860846,-0.12637526018435918,DEV
0.2,2022-07-31 00:00:00+00:00,BTCSTUSDT,False,0.3125,-0.08945578231292517,-0.2673469387755102,-0.3207482993197279,DEV
0.2,2022-07-31 00:00:00+00:00,FILUSDT,False,0.2166874221668742,-0.10030706243602872,-0.17297850562947792,-0.09928352098259974,DEV
0.2,2022-07-31 00:00:00+00:00,NMRUSDT,False,0.22396742292030236,-0.08792775665399233,0.04325095057034223,0.05465779467680609,DEV
0.2,2022-08-01 00:00:00+00:00,CHZUSDT,False,0.225594749794914,-0.09036144578313265,-0.0307898259705488,0.021419009370816644,DEV
0.2,2022-08-01 00:00:00+00:00,FLMUSDT,False,0.2536656891495601,-0.13996101364522417,-0.1703703703703704,-0.1886939571150097,DEV
0.2,2022-08-01 00:00:00+00:00,LUNAUSDT,False,0.20930851063829792,-0.06012755663074543,-0.07842533538596863,-0.07235539916428413,DEV
0.2,2022-08-03 00:00:00+00:00,AUCTIONUSDT,False,0.32635467980295574,-0.14484679665738154,-0.01578458681522743,-0.013927576601671321,DEV
0.2,2022-08-03 00:00:00+00:00,OPUSDT,False,0.21699266503667491,-0.03666499246609756,-0.04570567553992977,-0.21195379206428933,DEV
0.2,2022-08-04 00:00:00+00:00,FLOWUSDT,False,0.4118285404232229,0.0495772482705612,0.008455034588777943,0.14142966948501168,DEV
0.2,2022-08-05 00:00:00+00:00,HOTUSDT,False,0.2172252863809927,-0.0958522133147438,-0.07424189613105614,-0.09062391077030318,DEV
0.2,2022-08-07 00:00:00+00:00,ROSEUSDT,False,0.24886350390488388,0.05245473212619012,-0.027907410864289606,-0.1327235392943812,DEV
0.2,2022-08-09 00:00:00+00:00,TRBUSDT,False,0.315086782376502,-0.01700507614213198,0.0,0.027664974619289406,DEV
0.2,2022-08-11 00:00:00+00:00,BTCSTUSDT,False,0.24773869346733668,-0.015304067660088516,-0.07652033830044291,0.06484091824405969,DEV
0.2,2022-08-11 00:00:00+00:00,UNFIUSDT,False,0.25362074772650733,0.12520150456743684,0.01800107469102641,-0.09448325273150637,DEV
0.2,2022-08-12 00:00:00+00:00,ONEUSDT,False,0.2433035714285714,-0.05146618791143032,-0.12447636146020336,-0.33273488928785155,DEV
0.2,2022-08-12 00:00:00+00:00,OOKIUSDT,False,0.2776859504132232,-0.027166882276843496,-0.043984476067270406,-0.17076326002587328,DEV
0.2,2022-08-14 00:00:00+00:00,SHIBUSDT,True,0.33702531645569644,-0.09644970414201182,-0.12544378698224856,-0.20236686390532554,DEV
0.2,2022-08-18 00:00:00+00:00,OGUSDT,False,0.3249643874643875,-0.06907673699771544,-0.11382878645343364,-0.11987636070420638,DEV
0.2,2022-08-19 00:00:00+00:00,PORTOUSDT,False,0.4844570399173973,-0.1575971940625417,-0.04991786417249999,-0.2472214411507896,DEV
0.2,2022-08-20 00:00:00+00:00,PONDUSDT,False,0.23061430010070505,-0.09328968903436996,-0.08265139116202946,-0.12520458265139112,DEV
0.2,2022-08-20 00:00:00+00:00,WINGUSDT,False,0.283743842364532,-0.07904834996162702,-0.07290867229470444,-0.17191097467382965,DEV
0.2,2022-08-22 00:00:00+00:00,ALPINEUSDT,False,0.21813539063348908,-0.026760626198653048,-0.0516257080415683,-0.13449444717006387,DEV
0.2,2022-08-22 00:00:00+00:00,LAZIOUSDT,False,0.23847763957654067,-0.03914845210043061,-0.09375152352319815,-0.012366945640692295,DEV
0.2,2022-08-24 00:00:00+00:00,TORNUSDT,False,0.31874298540965196,-0.06723404255319143,-0.2902127659574468,-0.26212765957446804,DEV
0.2,2022-08-29 00:00:00+00:00,VGXUSDT,False,0.2681818181818183,-0.037634408602150615,-0.10035842293906816,0.019713261648745428,DEV
0.2,2022-08-31 00:00:00+00:00,LAZIOUSDT,False,0.30968128883927837,-0.004910254290112159,-0.04239864649985381,-0.029843151721769212,DEV
0.2,2022-09-02 00:00:00+00:00,ALPINEUSDT,False,0.2441860465116279,-0.06916275642765735,-0.039865048280141036,-0.1322565633846512,DEV
0.2,2022-09-04 00:00:00+00:00,FLUXUSDT,False,0.2019900497512439,0.1192052980132452,0.04635761589403975,0.0877483443708611,DEV
0.2,2022-09-05 00:00:00+00:00,ETCUSDT,False,0.22187981510015398,-0.1324085750315258,-0.06406052963430009,-0.03051702395964695,DEV
0.2,2022-09-06 00:00:00+00:00,VGXUSDT,False,0.3075571177504395,0.35752688172043023,0.10752688172043001,0.12231182795698925,DEV
0.2,2022-09-07 00:00:00+00:00,HNTUSDT,False,0.5739644970414202,-0.09962406015037595,0.06390977443609014,-0.20676691729323315,DEV
0.2,2022-09-07 00:00:00+00:00,RLCUSDT,False,0.20882352941176485,-0.014598540145985384,0.07137064071370625,-0.0032441200324412334,DEV
0.2,2022-09-07 00:00:00+00:00,VGXUSDT,False,0.35752688172043023,-0.09900990099009899,-0.044554455445544594,-0.26732673267326734,DEV
0.2,2022-09-09 00:00:00+00:00,ANCUSDT,False,0.43134861006761827,0.19066990354963598,-0.14369135883472217,-0.27491634407191123,DEV
0.2,2022-09-09 00:00:00+00:00,BTCSTUSDT,False,0.22557172557172556,-0.01781170483460548,-0.10093299406276501,-0.2468193384223918,DEV
0.2,2022-09-09 00:00:00+00:00,GALUSDT,False,0.26174227217984725,-0.038498250079541885,-0.062360801781737085,-0.15844734330257715,DEV
0.2,2022-09-09 00:00:00+00:00,LEVERUSDT,False,0.26396719630958465,-0.06528791565287906,-0.14152473641524732,-0.21370640713706401,DEV
0.2,2022-09-09 00:00:00+00:00,LUNAUSDT,False,1.6757704180400776,0.2554456219936647,-0.2132493840678894,-0.39855695905517974,DEV
0.2,2022-09-09 00:00:00+00:00,RVNUSDT,False,0.5312074134641591,0.019579921680313195,0.20736917052331783,-0.10199359202563185,DEV
0.2,2022-09-10 00:00:00+00:00,HNTUSDT,False,0.20940170940170955,-0.08303886925795045,-0.21731448763250893,-0.2226148409893992,DEV
0.2,2022-09-10 00:00:00+00:00,LUNAUSDT,False,0.2554456219936647,-0.1075600411176525,-0.35303554184967134,-0.5206990000934493,DEV
0.2,2022-09-12 00:00:00+00:00,RVNUSDT,False,0.31657608695652173,-0.11366651923927473,-0.18443166740380368,-0.3808049535603715,DEV
0.2,2022-09-13 00:00:00+00:00,MIRUSDT,False,0.20824072491024093,-0.13400311306070467,-0.13442762133861608,-0.2839960379227394,DEV
0.2,2022-09-17 00:00:00+00:00,APEUSDT,False,0.2073327615780447,-0.09731841591191615,0.01651571656899309,-0.03729355354288755,DEV
0.2,2022-09-22 00:00:00+00:00,XRPUSDT,False,0.2352642276422765,0.04257507198683674,0.011312217194570096,0.003085150143973703,DEV
0.2,2022-09-23 00:00:00+00:00,LAZIOUSDT,False,0.20120473930503469,-0.0691698785693563,-0.03144210977109152,-0.08571981156837549,DEV
0.2,2022-09-23 00:00:00+00:00,SANTOSUSDT,False,0.4839766081871346,-0.08659100462379155,-0.07545187053383773,-0.09452501050861706,DEV
0.2,2022-09-26 00:00:00+00:00,LUNAUSDT,False,0.23879981676591844,-0.08064933624228077,-0.08956106940797992,-0.094072403209703,DEV
0.2,2022-10-01 00:00:00+00:00,ERNUSDT,False,0.33283803863298655,0.02229654403567438,-0.09977703455964326,-0.10089186176142706,DEV
0.2,2022-10-04 00:00:00+00:00,BTCSTUSDT,False,0.21162790697674416,-0.10844529750479859,-0.14299424184261034,-0.15930902111324374,DEV
0.2,2022-10-15 00:00:00+00:00,LITUSDT,False,0.24737631184407793,-0.06850961538461531,-0.11177884615384615,-0.15024038461538458,DEV
0.2,2022-10-17 00:00:00+00:00,MDXUSDT,False,0.48126377663482733,-0.1597222222222222,-0.1329365079365079,-0.14682539682539686,DEV
0.2,2022-10-23 00:00:00+00:00,KLAYUSDT,False,0.31635581061692974,0.2076294277929156,0.17329700272479553,0.45831062670299727,DEV
0.2,2022-10-24 00:00:00+00:00,KLAYUSDT,False,0.2076294277929156,-0.15884476534296021,0.13898916967509045,0.1669675090252707,DEV
0.2,2022-10-27 00:00:00+00:00,CVPUSDT,False,0.3017940525927745,-0.13705871247876145,-0.1476307343779497,-0.19558240513498204,DEV
0.2,2022-10-29 00:00:00+00:00,DOGEUSDT,True,0.45177059735304637,-0.03309789750328507,0.16713206307490136,0.022092641261498125,DEV
0.2,2022-10-29 00:00:00+00:00,JASMYUSDT,False,0.2032695203269519,-0.07347157668930993,-0.055416517697533085,0.05488022881658927,DEV
0.2,2022-10-29 00:00:00+00:00,KLAYUSDT,False,0.24024960998439937,-0.1584905660377358,-0.22704402515723277,-0.270440251572327,DEV
0.2,2022-11-02 00:00:00+00:00,MASKUSDT,False,0.8803455723542115,0.2203078336779234,0.07075580059728925,-0.45692625775327356,DEV
0.2,2022-11-02 00:00:00+00:00,PEOPLEUSDT,True,0.2024539877300613,0.14158163265306123,0.20238095238095233,-0.1947278911564626,DEV
0.2,2022-11-03 00:00:00+00:00,LITUSDT,False,0.24733268671193032,-0.02488335925349927,-0.20995334370139973,-0.39968895800933124,DEV
0.2,2022-11-03 00:00:00+00:00,MASKUSDT,False,0.2203078336779234,-0.13667168674698793,-0.10749246987951822,-0.3881777108433735,DEV
0.2,2022-11-04 00:00:00+00:00,MATICUSDT,False,0.2291841883936081,0.01317139924734878,0.07543619568936033,-0.08971946630174477,DEV
0.2,2022-11-04 00:00:00+00:00,OPUSDT,False,0.2222222222222221,-0.03445747800586518,-0.03958944281524934,-0.250733137829912,DEV
0.2,2022-11-05 00:00:00+00:00,LAZIOUSDT,False,0.3715627843071725,-0.14877286079787744,-0.15162919142830067,-0.20340864479971843,DEV
0.2,2022-11-06 00:00:00+00:00,PHAUSDT,False,0.5073800738007381,-0.19012647898816815,-0.5010199918400653,-0.3655650754793962,DEV
0.2,2022-11-07 00:00:00+00:00,LAZIOUSDT,False,0.24412779694979414,-0.1989211575825749,-0.15144697821863173,-0.22792463442069744,DEV
0.2,2022-11-07 00:00:00+00:00,REEFUSDT,False,0.38376017470716683,-0.3576757532281205,-0.4350071736011478,-0.5263988522238163,DEV
0.2,2022-11-10 00:00:00+00:00,ALGOUSDT,False,0.2082078313253013,-0.05609224057338735,-0.18354627609847307,-0.16578373325023377,DEV
0.2,2022-11-10 00:00:00+00:00,APEUSDT,False,0.21860947768938077,-0.08884473460119224,-0.18081180811808117,-0.1830826000567698,DEV
0.2,2022-11-10 00:00:00+00:00,ATOMUSDT,False,0.24297824532734147,-0.04092029580936729,-0.1626951520131471,-0.18504519309778145,DEV
0.2,2022-11-10 00:00:00+00:00,AXSUSDT,False,0.2189054726368158,-0.048979591836734615,-0.04353741496598629,-0.023129251700680253,DEV
0.2,2022-11-10 00:00:00+00:00,BANDUSDT,False,0.6504455106237148,-0.06312292358803995,-0.1723421926910298,-0.16901993355481726,DEV
0.2,2022-11-10 00:00:00+00:00,CHZUSDT,False,0.39301874595992237,0.05661252900232028,-0.0663573085846868,0.08770301624129928,DEV
0.2,2022-11-10 00:00:00+00:00,CRVUSDT,False,0.24187725631768942,-0.026162790697674243,-0.08284883720930225,-0.19622093023255804,DEV
0.2,2022-11-10 00:00:00+00:00,DOGEUSDT,True,0.20510067114093955,-0.052238805970149294,-0.053798173312541775,-0.05691690799732685,DEV
0.2,2022-11-10 00:00:00+00:00,DYDXUSDT,False,0.2949586155003763,0.1313190005810576,0.3927948866937825,0.23649041255084247,DEV
0.2,2022-11-10 00:00:00+00:00,ENSUSDT,False,0.24476190476190474,-0.03978576893649577,-0.06273909716908954,-0.02448355011476666,DEV
0.2,2022-11-10 00:00:00+00:00,ERNUSDT,False,0.24815270935960587,-0.03502713369511601,-0.10261470152935381,-0.07548100641341882,DEV
0.2,2022-11-10 00:00:00+00:00,FTTUSDT,False,0.5429627348321528,-0.2573424579412604,-0.5760193897918449,-0.591616766467066,DEV
0.2,2022-11-10 00:00:00+00:00,GALAUSDT,False,0.2356836774444877,0.010718789407313967,-0.07156368221941989,-0.1377679697351828,DEV
0.2,2022-11-10 00:00:00+00:00,GMTUSDT,False,0.2111657506508533,-0.048483401003105,-0.07069500835920706,-0.05349892524480537,DEV
0.2,2022-11-10 00:00:00+00:00,GTCUSDT,False,0.2532871972318338,0.01766979569298721,-0.05742683600220866,-0.08117062396466046,DEV
0.2,2022-11-10 00:00:00+00:00,INJUSDT,False,0.2306639288158796,-0.0239154616240268,0.007786429365962189,-0.04671857619577313,DEV
0.2,2022-11-10 00:00:00+00:00,JASMYUSDT,False,0.2066259808195292,-0.05804431599229287,-0.10452793834296736,-0.013246628131021287,DEV
0.2,2022-11-10 00:00:00+00:00,KAVAUSDT,False,0.2457627118644068,-0.030126336248785135,-0.10301263362487845,-0.07094266277939743,DEV
0.2,2022-11-10 00:00:00+00:00,KLAYUSDT,False,0.2843791722296396,-0.03898128898128883,-0.11278586278586278,-0.12733887733887728,DEV
0.2,2022-11-10 00:00:00+00:00,LAZIOUSDT,False,0.4993224320173457,-0.025608580380814594,-0.1559261267775367,0.20315136177392157,DEV
0.2,2022-11-10 00:00:00+00:00,LDOUSDT,False,0.2980561555075594,-0.0158069883527453,-0.12146422628951736,0.024958402662229595,DEV
0.2,2022-11-10 00:00:00+00:00,LRCUSDT,False,0.26539179104477606,-0.02875046074456311,-0.10136380390711386,-0.09362329524511603,DEV
0.2,2022-11-10 00:00:00+00:00,MASKUSDT,False,0.3747884940778343,0.06953846153846155,-0.09723076923076923,-0.01846153846153853,DEV
0.2,2022-11-10 00:00:00+00:00,MATICUSDT,False,0.3772198407838334,-0.05353490440195641,-0.20907069808803924,-0.22249888839484222,DEV
0.2,2022-11-10 00:00:00+00:00,OPUSDT,False,0.3316261203585147,-0.017307692307692357,-0.1317307692307692,-0.14519230769230773,DEV
0.2,2022-11-10 00:00:00+00:00,PHAUSDT,False,0.3802125919869175,-0.049763033175355575,-0.07879146919431279,-0.042654028436019065,DEV
0.2,2022-11-10 00:00:00+00:00,PORTOUSDT,False,0.3359740727403673,-0.04326145552560634,-0.13373764600179694,0.2980008984725966,DEV
0.2,2022-11-10 00:00:00+00:00,RNDRUSDT,False,0.3640552995391704,-0.07770270270270263,-0.19594594594594594,-0.1976351351351351,DEV
0.2,2022-11-10 00:00:00+00:00,SANTOSUSDT,False,0.28133666112035494,-0.060599502218374734,-0.1338599718645168,0.033005086029650466,DEV
0.2,2022-11-10 00:00:00+00:00,SOLUSDT,False,0.25426136363636354,-0.06851642129105329,-0.2536806342015855,-0.22706681766704417,DEV
0.2,2022-11-10 00:00:00+00:00,SUSHIUSDT,False,0.22364532019704453,0.009661835748792313,0.0032206119162641045,-0.010466988727858229,DEV
0.2,2022-11-13 00:00:00+00:00,DYDXUSDT,False,0.2709437963944856,0.05798915310805186,-0.03295786399666234,-0.23654568210262816,DEV
0.2,2022-11-14 00:00:00+00:00,MDXUSDT,False,0.41239892183288407,-0.13740458015267187,-0.1879770992366413,-0.18893129770992367,DEV
0.2,2022-11-15 00:00:00+00:00,LAZIOUSDT,False,0.4218638764258871,-0.05169884259798341,-0.03705083719522151,-0.3322116392259147,DEV
0.2,2022-11-15 00:00:00+00:00,PORTOUSDT,False,0.34585976083632075,0.004414640961162286,0.12415013504703354,-0.2214957623172208,DEV
0.2,2022-11-15 00:00:00+00:00,SANTOSUSDT,False,0.24630177514792884,-0.06251236399604354,0.049752720079129675,-0.27804154302670614,DEV
0.2,2022-11-15 00:00:00+00:00,SRMUSDT,False,0.20020282261472166,0.059111392761582726,-0.13804393747359534,-0.14388818476270948,DEV
0.2,2022-11-20 00:00:00+00:00,DFUSDT,False,0.25260416666666674,-0.2224532224532223,-0.16008316008316004,-0.12058212058212059,DEV
0.2,2022-11-20 00:00:00+00:00,SRMUSDT,False,0.23079120251356744,-0.06366519687475825,0.06331708826487192,-0.00843196410613456,DEV
0.2,2022-11-22 00:00:00+00:00,CRVUSDT,False,0.26095617529880477,0.08530805687203791,0.07109004739336489,0.04581358609794628,DEV
0.2,2022-11-22 00:00:00+00:00,VIDTUSDT,False,0.8879585326953747,0.15100316789862722,-0.11721224920802542,-0.1161562829989441,DEV
0.2,2022-11-27 00:00:00+00:00,VIDTUSDT,False,0.20044419766796207,-0.02405180388529138,-0.07608695652173914,-0.11679000925069383,DEV
0.2,2022-11-30 00:00:00+00:00,MASKUSDT,False,0.2440870387890255,-0.001774397972116537,-0.0423320659062103,-0.12851711026615964,DEV
0.2,2022-12-03 00:00:00+00:00,YFIIUSDT,False,0.2826963702707892,0.2876927683784998,0.17442730947746665,0.11513699655637066,DEV
0.2,2022-12-04 00:00:00+00:00,YFIIUSDT,False,0.2876927683784998,-0.05267135631649322,-0.11946979826754256,-0.12941108075111907,DEV
0.2,2022-12-05 00:00:00+00:00,AXSUSDT,False,0.2776162790697674,-0.0034129692832763903,-0.05915813424345839,-0.1217292377701934,DEV
0.2,2022-12-11 00:00:00+00:00,LEVERUSDT,False,0.7153881071266452,-0.011643291876157646,0.0328129134691717,-0.2548293199259063,DEV
0.2,2022-12-14 00:00:00+00:00,MOBUSDT,False,0.22832052689352356,-0.0813226094727435,-0.20643431635388743,-0.16890080428954424,DEV
0.2,2022-12-17 00:00:00+00:00,LEVERUSDT,False,0.2708074534161491,-0.0824372759856632,-0.20234604105571852,-0.3398501140436625,DEV
0.2,2022-12-19 00:00:00+00:00,BNXUSDT,False,0.24839743589743613,-0.10012836970474981,-0.06931964056482676,-0.12195121951219512,DEV
0.2,2023-01-04 00:00:00+00:00,ETCUSDT,False,0.2083071113908117,-0.05052083333333324,0.043229166666666874,0.06875000000000009,VAL
0.2,2023-01-06 00:00:00+00:00,GALAUSDT,False,0.2978959025470653,-0.0046928327645050505,0.7278156996587033,1.159556313993174,VAL
0.2,2023-01-07 00:00:00+00:00,FETUSDT,False,0.2715551974214343,-0.11280101394169828,0.19771863117870736,0.5107731305449936,VAL
0.2,2023-01-08 00:00:00+00:00,GALAUSDT,False,0.4757822546078012,0.176299738600058,0.11269241940168451,0.419982573337206,VAL
0.2,2023-01-08 00:00:00+00:00,LDOUSDT,False,0.323252688172043,-0.014728288471305251,-0.037582529202640935,0.12798374809547997,VAL
0.2,2023-01-09 00:00:00+00:00,APTUSDT,False,0.3255595116988812,0.05278102876000057,0.23925097369582304,0.560177279791255,VAL
0.2,2023-01-10 00:00:00+00:00,FETUSDT,False,0.23448726322664926,-0.0444444444444444,0.2677248677248678,0.47777777777777763,VAL
0.2,2023-01-11 00:00:00+00:00,AVAXUSDT,False,0.24587588373919855,-0.027112232030264805,0.06809583858764201,-0.0025220680958385477,VAL
0.2,2023-01-12 00:00:00+00:00,APTUSDT,False,0.2198489140698774,0.054558684646467626,0.22702853338700435,0.21907076837330286,VAL
0.2,2023-01-13 00:00:00+00:00,CTXCUSDT,False,0.22276983735830447,0.02337767029423632,-0.059250302297460644,0.010479645304312779,VAL
0.2,2023-01-13 00:00:00+00:00,GALAUSDT,False,0.252350321622959,-0.016791781904385572,-0.07704464638482811,-0.03180561043065988,VAL
0.2,2023-01-13 00:00:00+00:00,MANAUSDT,False,0.2865794573643412,0.11862172848804353,0.31707776313311986,0.3769534927508942,VAL
0.2,2023-01-14 00:00:00+00:00,GMTUSDT,False,0.4190266703326917,-0.006975392365820676,-0.07149777174966088,-0.04630885487308656,VAL
0.2,2023-01-14 00:00:00+00:00,SOLUSDT,False,0.3253143794423181,-0.05569306930693063,-0.05693069306930687,0.013613861386138737,VAL
0.2,2023-01-17 00:00:00+00:00,FETUSDT,False,0.21699346405228748,-0.10955961331901176,0.012531328320801949,-0.04761904761904756,VAL
0.2,2023-01-20 00:00:00+00:00,APTUSDT,False,0.3902668241449816,0.07393738981100029,0.1577860803317772,0.622338336180358,VAL
0.2,2023-01-20 00:00:00+00:00,DYDXUSDT,False,0.2710706150341686,-0.03464755077658288,0.038829151732377554,0.44265232974910407,VAL
0.2,2023-01-20 00:00:00+00:00,HOOKUSDT,False,0.2831886647944857,0.06406366575478728,0.3908977866202439,0.7763242974384481,VAL
0.2,2023-01-20 00:00:00+00:00,OPUSDT,False,0.22623138602520054,0.02849135917795409,0.01214385801027551,0.06445586174684714,VAL
0.2,2023-01-22 00:00:00+00:00,AXSUSDT,False,0.40492170022371377,-0.027070063694267454,-0.06608280254777066,-0.027866242038216527,VAL
0.2,2023-01-23 00:00:00+00:00,HOOKUSDT,False,0.21129688988997652,-0.0939779716778717,0.036010585037905773,0.01333857817193529,VAL
0.2,2023-01-25 00:00:00+00:00,APTUSDT,False,0.48941687465560246,-0.01289989118607171,-0.03051142546245922,-0.006311207834602817,VAL
0.2,2023-01-25 00:00:00+00:00,DYDXUSDT,False,0.2496757457846952,0.19667877529839117,0.1914893617021276,0.7052413077322262,VAL
0.2,2023-01-25 00:00:00+00:00,HOOKUSDT,False,0.2059125355225766,-0.051778876051451594,0.1231630281805387,0.10869636369587288,VAL
0.2,2023-01-27 00:00:00+00:00,HOOKUSDT,False,0.23271547409478432,-0.03911740822669618,-0.20653543527566998,-0.07952286282306154,VAL
0.2,2023-01-27 00:00:00+00:00,MAGICUSDT,False,0.3237993771512866,-0.07311335355661475,-0.2082585278276481,0.2194638766792547,VAL
0.2,2023-01-31 00:00:00+00:00,DYDXUSDT,False,0.29126602564102555,0.01954700589512881,-0.0018616196090598391,-0.02109835556934536,VAL
0.2,2023-01-31 00:00:00+00:00,HIGHUSDT,False,0.33984228313931664,-0.0675448430493274,0.017937219730941756,0.22869955156950672,VAL
0.2,2023-01-31 00:00:00+00:00,MASKUSDT,False,0.2642607683352738,0.13789134438305695,0.11118784530386727,0.025782688766114115,VAL
0.2,2023-02-01 00:00:00+00:00,INJUSDT,False,0.22653515749284137,-0.05914396887159534,0.005447470817120603,-0.03138780804150454,VAL
0.2,2023-02-01 00:00:00+00:00,MAGICUSDT,False,0.2970774329617356,-0.013356562137049943,0.1306620209059235,0.08612078977932636,VAL
0.2,2023-02-01 00:00:00+00:00,OPUSDT,False,0.2580794090489382,0.026788990825687975,0.09871559633027527,0.015412844036697182,VAL
0.2,2023-02-01 00:00:00+00:00,STGUSDT,False,0.2623380882111823,-0.047019093388751765,-0.08533575789063508,0.1869073905702039,VAL
0.2,2023-02-02 00:00:00+00:00,CFXUSDT,False,0.32582322357019056,-0.08104575163398686,-0.16993464052287577,-0.2849673202614379,VAL
0.2,2023-02-03 00:00:00+00:00,FETUSDT,False,0.2012372634643378,0.004847016055740561,0.311420781581339,0.27779460769463804,VAL
0.2,2023-02-05 00:00:00+00:00,CTXCUSDT,False,0.3044371405094495,-0.07559055118110247,-0.045984251968503975,-0.21133858267716532,VAL
0.2,2023-02-05 00:00:00+00:00,FETUSDT,False,0.35604461863129333,-0.037572254335260014,0.06069364161849711,-0.1147176522899066,VAL
0.2,2023-02-05 00:00:00+00:00,JASMYUSDT,False,0.32258064516129026,-0.0808440668676349,0.03494107974787619,-0.12016990956426421,VAL
0.2,2023-02-05 00:00:00+00:00,PHBUSDT,False,0.28679391531828324,-0.04118665763120244,-0.08244861079737986,-0.20774038099540704,VAL
0.2,2023-02-06 00:00:00+00:00,FXSUSDT,False,0.21182709625775464,0.04879861283131026,0.033110395508215706,-0.18090991660473954,VAL
0.2,2023-02-07 00:00:00+00:00,ALICEUSDT,False,0.2240592930444696,-0.04983698183511864,-0.20819748486259892,-0.17047042384722866,VAL
0.2,2023-02-07 00:00:00+00:00,BLZUSDT,False,0.21242937853107358,-0.03168685927306614,-0.206896551724138,-0.16123019571295438,VAL
0.2,2023-02-07 00:00:00+00:00,FETUSDT,False,0.24832524832524827,-0.11713545521835667,-0.21946706143597328,-0.16173205033308657,VAL
0.2,2023-02-07 00:00:00+00:00,GRTUSDT,False,0.6162790697674418,-0.16019184652278173,-0.2009592326139088,-0.18848920863309349,VAL
0.2,2023-02-07 00:00:00+00:00,IMXUSDT,False,0.20457142857142863,-0.03700189753320693,-0.08918406072106266,0.07590132827324458,VAL
0.2,2023-02-07 00:00:00+00:00,SANDUSDT,False,0.2869651179211976,-0.06309667507955663,-0.19719082629211016,-0.21814989575331944,VAL
0.2,2023-02-10 00:00:00+00:00,DUSKUSDT,False,0.2852209944751378,0.1982804943578722,0.11875335840945733,0.3422890918860828,VAL
0.2,2023-02-10 00:00:00+00:00,MINAUSDT,False,0.202156334231806,0.26457399103139,0.03811659192825112,0.19955156950672648,VAL
0.2,2023-02-11 00:00:00+00:00,MINAUSDT,False,0.26457399103139,-0.11081560283687941,-0.08244680851063824,-0.06382978723404242,VAL
0.2,2023-02-15 00:00:00+00:00,ASTRUSDT,False,0.22123893805309747,-0.06832298136645976,0.08178053830227738,-0.07039337474120078,VAL
0.2,2023-02-15 00:00:00+00:00,CFXUSDT,False,0.6476868327402137,0.48596112311015105,0.6846652267818574,2.0507559395248376,VAL
0.2,2023-02-15 00:00:00+00:00,DUSKUSDT,False,0.24222514235654846,-0.09167842031029627,-0.14386459802538798,-0.22249647390691119,VAL
0.2,2023-02-15 00:00:00+00:00,LITUSDT,False,0.20034542314335058,-0.08776978417266179,-0.013669064748201398,0.06187050359712232,VAL
0.2,2023-02-15 00:00:00+00:00,STGUSDT,False,0.2849271458307825,0.14617876882027825,0.18038879359634064,0.06584715075281111,VAL
0.2,2023-02-15 00:00:00+00:00,VGXUSDT,False,0.20930232558139528,-0.0926573426573426,-0.1101398601398601,-0.1398601398601398,VAL
0.2,2023-02-16 00:00:00+00:00,CFXUSDT,False,0.48596112311015105,0.10683139534883712,0.6446220930232558,1.2034883720930236,VAL
0.2,2023-02-17 00:00:00+00:00,BLZUSDT,False,0.20576131687242794,-0.03754266211604096,0.056313993174061494,-0.08105802047781563,VAL
0.2,2023-02-17 00:00:00+00:00,FILUSDT,False,0.40829168980196195,-0.011696674990143263,0.1205151793928243,-0.09935602575896962,VAL
0.2,2023-02-17 00:00:00+00:00,HFTUSDT,False,0.2569098323516086,-0.026796443162701356,-0.06200432588320126,-0.20788272049987988,VAL
0.2,2023-02-17 00:00:00+00:00,ICPUSDT,False,0.23197439353099725,-0.03582661014631472,0.0015041706549978606,-0.1405715848488992,VAL
0.2,2023-02-17 00:00:00+00:00,KLAYUSDT,False,0.33944954128440363,0.07534246575342474,0.13082191780821928,-0.0558219178082191,VAL
0.2,2023-02-18 00:00:00+00:00,FISUSDT,False,0.2523925385239254,-0.13430902732806638,-0.13262530760264224,-0.043776712861028466,VAL
0.2,2023-02-19 00:00:00+00:00,ACHUSDT,False,0.314385658067337,0.41184298070525616,0.5093147039254824,0.3117099135063206,VAL
0.2,2023-02-19 00:00:00+00:00,CFXUSDT,False,0.4506410256410256,0.44012372956252777,0.24834290764471922,0.04242156429518329,VAL
0.2,2023-02-20 00:00:00+00:00,ACHUSDT,False,0.41184298070525616,-0.0332233741753063,0.07587181903864271,-0.07846371347785108,VAL
0.2,2023-02-20 00:00:00+00:00,CFXUSDT,False,0.44012372956252777,0.0095121202822952,-0.06965326787358084,-0.3086836452899663,VAL
0.2,2023-02-20 00:00:00+00:00,HIGHUSDT,False,0.21342165898617504,-0.07049608355091386,-0.1808687396154759,-0.29432708283883224,VAL
0.2,2023-02-20 00:00:00+00:00,LEVERUSDT,False,0.2142857142857142,-0.05951557093425619,-0.07750865051903122,-0.14013840830449842,VAL
0.2,2023-02-20 00:00:00+00:00,NEOUSDT,False,0.40786948176583504,-0.08657123381049758,-0.1281526925698705,-0.09884117246080426,VAL
0.2,2023-02-21 00:00:00+00:00,ANKRUSDT,False,0.33496262219666484,0.05685978892957144,-0.0721516261038122,-0.15916433340512604,VAL
0.2,2023-02-21 00:00:00+00:00,COCOSUSDT,False,0.21905071823718103,-0.08195095908172223,-0.10853067917477033,-0.18819357052968766,VAL
0.2,2023-02-23 00:00:00+00:00,IRISUSDT,False,0.23288067032649518,-0.15373798921959214,-0.1523318490742911,-0.2252167799390673,VAL
0.2,2023-02-28 00:00:00+00:00,TRUUSDT,False,0.2278481012658229,0.11111111111111116,0.054982817869415834,0.43986254295532645,VAL
0.2,2023-03-01 00:00:00+00:00,CFXUSDT,False,0.2252944188428061,-0.05056414542415377,-0.24529878813205186,-0.2110321771834518,VAL
0.2,2023-03-01 00:00:00+00:00,RIFUSDT,False,0.2206076618229853,0.00054112554112562,-0.2056277056277055,-0.38257575757575757,VAL
0.2,2023-03-02 00:00:00+00:00,PERPUSDT,False,0.22056622400560477,-0.14076238682912834,-0.11575825571181331,-0.29583148520190283,VAL
0.2,2023-03-05 00:00:00+00:00,IRISUSDT,False,0.35220588235294126,-0.10413268080478522,-0.22593800978792822,-0.16856987493202824,VAL
0.2,2023-03-06 00:00:00+00:00,MDTUSDT,False,0.29030830505974325,-0.13684691894363787,-0.16565679661598265,-0.1849777066422773,VAL
0.2,2023-03-07 00:00:00+00:00,VGXUSDT,False,0.2247474747474747,0.06804123711340204,-0.3257731958762886,-0.3154639175257732,VAL
0.2,2023-03-10 00:00:00+00:00,DREPUSDT,False,0.2551450533101909,-0.1398656657447649,-0.06242591860924529,-0.05393125246937969,VAL
0.2,2023-03-12 00:00:00+00:00,CFXUSDT,False,0.24914908100748812,0.410899182561308,0.4926430517711171,1.4801089918256132,VAL
0.2,2023-03-12 00:00:00+00:00,FETUSDT,False,0.20450221940393143,0.022900763358778553,0.07791524085285584,0.10450118452224255,VAL
0.2,2023-03-12 00:00:00+00:00,HIGHUSDT,False,0.26001160766105613,0.011976047904191711,-0.006909258406264218,0.1529249193919855,VAL
0.2,2023-03-12 00:00:00+00:00,MKRUSDT,False,0.24099722991689743,0.014508928571428603,-0.1662946428571429,-0.2332589285714286,VAL
0.2,2023-03-12 00:00:00+00:00,OPUSDT,False,0.24271330153683102,0.11513859275053306,0.025159914712153286,0.14840085287846483,VAL
0.2,2023-03-12 00:00:00+00:00,RNDRUSDT,False,0.2658486707566463,0.03150242326332786,0.012116316639741331,0.1890145395799676,VAL
0.2,2023-03-12 00:00:00+00:00,SNXUSDT,False,0.2738095238095237,0.13156002875629058,-0.04636951833213521,0.03199137311286848,VAL
0.2,2023-03-12 00:00:00+00:00,STXUSDT,False,0.22335191866185622,0.06796246648793569,0.17573726541554957,0.5312332439678285,VAL
0.2,2023-03-13 00:00:00+00:00,CFXUSDT,False,0.410899182561308,0.15952105059868682,0.1290073387408266,0.5395905755117805,VAL
0.2,2023-03-14 00:00:00+00:00,IMXUSDT,False,0.20675537359263063,-0.010178117048346036,0.2977099236641221,0.07633587786259532,VAL
0.2,2023-03-14 00:00:00+00:00,PHBUSDT,False,0.2125356125356126,-0.09312343358395991,-0.029213659147869553,-0.12460839598997497,VAL
0.2,2023-03-14 00:00:00+00:00,RIFUSDT,False,0.2709284627092847,-0.09281437125748515,0.1323353293413172,0.007185628742514938,VAL
0.2,2023-03-14 00:00:00+00:00,STXUSDT,False,0.211999497928957,-0.09165285832642922,0.21478873239436624,0.16269676884838447,VAL
0.2,2023-03-17 00:00:00+00:00,CFXUSDT,False,0.35340403694834066,-0.048281092012133486,0.007583417593528763,-0.16506572295247735,VAL
0.2,2023-03-17 00:00:00+00:00,FTMUSDT,False,0.23968757627532344,-0.04941917700334708,-0.10395747194329596,-0.09746012994684006,VAL
0.2,2023-03-17 00:00:00+00:00,IMXUSDT,False,0.28355704697986583,-0.02614379084967322,-0.18169934640522878,-0.28169934640522876,VAL
0.2,2023-03-17 00:00:00+00:00,MASKUSDT,False,0.31431482424859913,0.15406976744186052,0.10697674418604652,0.1366279069767442,VAL
0.2,2023-03-17 00:00:00+00:00,RIFUSDT,False,0.2098528470889316,-0.09677419354838701,-0.11951348492860914,-0.3019566367001586,VAL
0.2,2023-03-17 00:00:00+00:00,STXUSDT,False,0.28844463971880496,-0.02583120204603584,-0.0011935208866156177,-0.1309462915601023,VAL
0.2,2023-03-19 00:00:00+00:00,CFXUSDT,False,0.2087649402390439,-0.12414853878268506,-0.17644473742034716,-0.22610415293342123,VAL
0.2,2023-03-19 00:00:00+00:00,LINAUSDT,False,0.23605338000437515,0.1353982300884955,0.035752212389380755,-0.11469026548672556,VAL
0.2,2023-03-19 00:00:00+00:00,RENUSDT,False,0.34476977618315385,-0.045594949775677907,-0.15873267955691428,-0.19633938142692664,VAL
0.2,2023-03-20 00:00:00+00:00,IRISUSDT,False,0.22099311701081614,-0.1483793034024562,-0.19710086571371055,-0.32695792228709475,VAL
0.2,2023-03-21 00:00:00+00:00,XRPUSDT,False,0.2576325656132834,-0.10285349233390118,-0.09305792163543447,0.09540034071550241,VAL
0.2,2023-03-23 00:00:00+00:00,MASKUSDT,False,0.22693909938504242,-0.051738075990299004,-0.011479385610347559,0.014389652384801943,VAL
0.2,2023-03-26 00:00:00+00:00,JOEUSDT,False,0.2792503346720214,0.11218082879866054,0.20740895772289658,0.26873168689828364,VAL
0.2,2023-03-26 00:00:00+00:00,RIFUSDT,False,0.21383147853736095,-0.10543549443352984,-0.003929273084479323,-0.11198428290766216,VAL
0.2,2023-03-29 00:00:00+00:00,CFXUSDT,False,0.2125917560700168,-0.060535506402793926,-0.0789289871944121,-0.09755529685681019,VAL
0.2,2023-03-31 00:00:00+00:00,SXPUSDT,False,0.42110920034393806,0.08606867342308266,0.4105279080320676,0.03448797458780817,VAL
0.2,2023-04-03 00:00:00+00:00,DOGEUSDT,True,0.21472858408199413,-0.009166666666666767,-0.11031250000000004,-0.11739583333333337,VAL
0.2,2023-04-03 00:00:00+00:00,SXPUSDT,False,0.313380281690141,-0.10991957104557648,-0.21865951742627343,-0.3046648793565684,VAL
0.2,2023-04-04 00:00:00+00:00,ICXUSDT,False,0.24630700064226074,0.019582581808812227,-0.07678433393455297,-0.19170316928626652,VAL
0.2,2023-04-04 00:00:00+00:00,LINAUSDT,False,0.28731558559301074,-0.06946667520327798,0.05448492221012868,-0.11127472949612649,VAL
0.2,2023-04-05 00:00:00+00:00,KLAYUSDT,False,0.2560756075607562,-0.12468649229666795,-0.15872447151558577,-0.1408097456108921,VAL
0.2,2023-04-11 00:00:00+00:00,ALPINEUSDT,False,0.2712960524390602,-0.12091428045299701,-0.1108323358806741,-0.19436515974587976,VAL
0.2,2023-04-14 00:00:00+00:00,ICXUSDT,False,0.27020785219399546,-0.050909090909090904,-0.1148051948051948,-0.24129870129870123,VAL
0.2,2023-04-14 00:00:00+00:00,INJUSDT,False,0.20246766760814627,0.013598714303374893,0.1197923105451848,-0.10013598714303384,VAL
0.2,2023-04-14 00:00:00+00:00,OGUSDT,False,0.380249133170669,-0.0853181987346483,0.1639374767398587,0.05973204317082259,VAL
0.2,2023-04-14 00:00:00+00:00,WOOUSDT,False,0.20039370078740149,0.08920957691046238,0.03673335519842569,-0.16792390947851765,VAL
0.2,2023-04-16 00:00:00+00:00,CELRUSDT,False,0.20859940400170274,-0.072912997534343,-0.08665022895385688,-0.06833392039450503,VAL
0.2,2023-04-17 00:00:00+00:00,BELUSDT,False,0.26507190265486735,-0.11443873647393155,-0.2204612525959122,-0.24374248551754296,VAL
0.2,2023-04-17 00:00:00+00:00,OGUSDT,False,0.2553938785750125,-0.012230215827338187,0.05387689848121502,0.03237410071942448,VAL
0.2,2023-04-18 00:00:00+00:00,CTSIUSDT,False,0.3714040360669817,-0.057921102066374464,-0.20194113963681903,-0.22573575453976213,VAL
0.2,2023-04-21 00:00:00+00:00,KMDUSDT,False,0.25795053003533575,-0.12546816479400758,-0.11750936329588024,-0.2450842696629214,VAL
0.2,2023-04-30 00:00:00+00:00,IDEXUSDT,False,0.24574941145697093,0.06582677165354323,0.26414698162729655,0.10068241469816264,VAL
0.2,2023-05-03 00:00:00+00:00,IDEXUSDT,False,0.20049850448654039,-0.06245328461091271,-0.15480441823768798,-0.2694128394651607,VAL
0.2,2023-05-04 00:00:00+00:00,RADUSDT,False,0.24947400060114222,-0.13735867211931685,-0.33076738032234787,-0.48448400288669724,VAL
0.2,2023-05-07 00:00:00+00:00,RIFUSDT,False,0.2191332788225675,-0.05097250167672718,-0.05164319248826299,-0.03420523138833009,VAL
0.2,2023-05-07 00:00:00+00:00,UMAUSDT,False,0.23716588884174783,-0.07921810699588472,-0.11796982167352532,-0.1927297668038408,VAL
0.2,2023-05-10 00:00:00+00:00,OGUSDT,False,0.20623121935789968,-0.08928805559197583,-0.07303002491149857,-0.12272190900747348,VAL
0.2,2023-05-12 00:00:00+00:00,ARPAUSDT,False,0.2006079027355625,-0.01754068716094026,-0.09945750452079571,-0.09728752260397833,VAL
0.2,2023-05-17 00:00:00+00:00,CTSIUSDT,False,0.21453488372093044,-0.08089995213020584,-0.09956917185256109,-0.17759693633317375,VAL
0.2,2023-05-24 00:00:00+00:00,ARPAUSDT,False,0.6271633910237604,0.029655669731386336,-0.24148188209843158,-0.3811970434469082,VAL
0.2,2023-05-28 00:00:00+00:00,EDUUSDT,False,0.205944472832567,-0.13924944562929908,-0.17826725611220195,-0.21595033968446775,VAL
0.2,2023-05-28 00:00:00+00:00,LINAUSDT,False,0.215077246622988,0.18486220210358129,0.5390094528025562,0.07994940753561441,VAL
0.2,2023-05-28 00:00:00+00:00,TOMOUSDT,False,0.27414672420557085,-0.09741979185910454,-0.12032760637970308,-0.1468070694008251,VAL
0.2,2023-05-30 00:00:00+00:00,LINAUSDT,False,0.294342378785325,0.0035159302022744754,-0.032034030731834306,-0.366915530862054,VAL
0.2,2023-06-01 00:00:00+00:00,KEYUSDT,False,0.21750891429976638,-0.10038376085639267,-0.21520904867703483,-0.3766915774590991,VAL
0.2,2023-06-04 00:00:00+00:00,LUNCUSDT,False,0.29643660471173194,-0.16089854807780113,-0.14464432471920374,-0.20043831613551277,VAL
0.2,2023-06-11 00:00:00+00:00,LINAUSDT,False,0.23011590727418074,0.36771992527008357,0.21330517423442452,0.05166111607505486,VAL
0.2,2023-06-12 00:00:00+00:00,LINAUSDT,False,0.36771992527008357,-0.12887516332105942,-0.16777527022211658,-0.20233994536168187,VAL
0.2,2023-06-20 00:00:00+00:00,STXUSDT,False,0.2625990224169896,0.09317848084367908,0.022293418769189666,-0.04925911093311963,VAL
0.2,2023-06-21 00:00:00+00:00,PEPEUSDT,True,0.2897196261682242,0.12318840579710155,0.12318840579710155,0.02898550724637694,VAL
0.2,2023-06-23 00:00:00+00:00,BCHUSDT,False,0.3647940074906366,0.16739846322722274,0.2277716794731064,0.6695938529088914,VAL
0.2,2023-06-30 00:00:00+00:00,BCHUSDT,False,0.20047355958958168,-0.04240631163708075,-0.03944773175542404,-0.08514135437212356,VAL
0.2,2023-06-30 00:00:00+00:00,LTCUSDT,False,0.2828986191431606,-0.014719411223551138,-0.013155473781048865,-0.0963201471941122,VAL
0.2,2023-07-01 00:00:00+00:00,FLOWUSDT,False,0.298342541436464,0.018439716312056653,-0.08936170212765948,-0.14468085106382977,VAL
0.2,2023-07-02 00:00:00+00:00,COMPUSDT,False,0.30404117422798316,-0.07016518052916232,-0.13155971349217954,-0.11621108025142513,VAL
0.2,2023-07-03 00:00:00+00:00,XVGUSDT,False,0.9300314465408805,-0.19253224711473182,0.11120162932790234,0.040868974881194786,VAL
0.2,2023-07-05 00:00:00+00:00,XVGUSDT,False,0.26130822263326037,0.09105452606319164,0.05079322756965743,-0.11798426876416468,VAL
0.2,2023-07-09 00:00:00+00:00,TROYUSDT,False,0.4065656565656566,-0.13388048217491677,-0.1782508335470634,-0.25955373172608365,VAL
0.2,2023-07-13 00:00:00+00:00,ADAUSDT,False,0.23425605536332195,-0.08130081300813019,-0.11802635267731998,-0.11382113821138218,VAL
0.2,2023-07-13 00:00:00+00:00,LDOUSDT,False,0.21561338289962828,0.026212319790301475,-0.04936653560506776,-0.1017911751856706,VAL
0.2,2023-07-13 00:00:00+00:00,XLMUSDT,False,0.6149843912591051,-0.1301546391752577,-0.15399484536082475,0.05154639175257736,VAL
0.2,2023-07-13 00:00:00+00:00,XRPUSDT,False,0.7309978768577496,-0.119465227523611,-0.08401815282718017,-0.025880044155525583,VAL
0.2,2023-07-14 00:00:00+00:00,SNXUSDT,False,0.2509140767824496,0.02995981001096082,-0.0288637194008039,0.093533065400073,VAL
0.2,2023-07-17 00:00:00+00:00,GMTUSDT,False,0.2221261884183232,-0.14250353606789257,-0.1849363507779349,-0.24893917963224887,VAL
0.2,2023-07-20 00:00:00+00:00,LINKUSDT,False,0.2091106290672453,-0.027269465374955337,-0.05633297452457853,-0.04449228561176899,VAL
0.2,2023-07-28 00:00:00+00:00,AUCTIONUSDT,False,0.2382352941176471,-0.13182897862232779,-0.27197149643705465,-0.31472684085510694,VAL
0.2,2023-08-12 00:00:00+00:00,LPTUSDT,False,0.2721417069243157,-0.09746835443037982,-0.13670886075949362,-0.1936708860759494,VAL
0.2,2023-08-16 00:00:00+00:00,BLZUSDT,False,0.2649253731343284,-0.1573254670599803,0.1366764995083578,0.28416912487708945,VAL
0.2,2023-08-18 00:00:00+00:00,BLZUSDT,False,0.20420070011668612,0.12015503875968991,0.3459302325581395,0.14050387596899228,VAL
0.2,2023-08-18 00:00:00+00:00,YGGUSDT,False,0.2884523239099184,-0.07586463369282248,-0.1595388620304945,-0.18854592785422075,VAL
0.2,2023-08-21 00:00:00+00:00,AKROUSDT,False,0.219758064516129,0.013223140495867813,0.08016528925619837,0.5082644628099173,VAL
0.2,2023-08-21 00:00:00+00:00,BLZUSDT,False,0.3165876777251184,-0.08711303095752343,-0.10079193664506836,-0.22246220302375808,VAL
0.2,2023-08-23 00:00:00+00:00,OGUSDT,False,0.22078567876678257,-0.12097759674134423,-0.09063136456211818,-0.11446028513238293,VAL
0.2,2023-08-27 00:00:00+00:00,AKROUSDT,False,0.23164763458401305,0.20860927152317865,0.20198675496688723,0.019205298013244887,VAL
0.2,2023-08-28 00:00:00+00:00,AKROUSDT,False,0.20860927152317865,0.03671232876712338,0.006575342465753531,-0.18465753424657527,VAL
0.2,2023-09-01 00:00:00+00:00,ARKMUSDT,False,0.22579063495954887,-0.15000000000000002,-0.24160000000000004,-0.24039999999999995,VAL
0.2,2023-09-02 00:00:00+00:00,OGUSDT,False,0.24761677788369885,-0.15434574976122262,-0.1642788920725884,-0.07125119388729706,VAL
0.2,2023-09-03 00:00:00+00:00,UNFIUSDT,False,0.24092849519743842,-0.04719415179531283,0.15609546334121704,-0.1535153730380563,VAL
0.2,2023-09-06 00:00:00+00:00,UNFIUSDT,False,0.2539645522388059,0.025571880230611965,-0.21424586200483542,-0.18365259438348513,VAL
0.2,2023-09-06 00:00:00+00:00,WLDUSDT,False,0.204481792717087,-0.04651162790697683,-0.09457364341085284,-0.21550387596899223,VAL
0.2,2023-09-07 00:00:00+00:00,PERPUSDT,False,0.46368545904204295,-0.0007844827586206415,-0.365551724137931,-0.49470689655172406,VAL
0.2,2023-09-07 00:00:00+00:00,TRBUSDT,False,0.5171997585998793,-0.1058074781225139,-0.004375497215592605,0.3011137629276055,VAL
0.2,2023-09-11 00:00:00+00:00,MULTIUSDT,False,0.4203786191536749,-0.15170521364170908,0.07683261466091729,0.20070560564484508,VAL
0.2,2023-09-13 00:00:00+00:00,HIFIUSDT,False,0.28866805577816956,0.3961442786069651,1.888059701492537,-0.007960199004975244,VAL
0.2,2023-09-14 00:00:00+00:00,HIFIUSDT,False,0.3961442786069651,0.43848552338530067,-0.19554565701559024,-0.3429844097995546,VAL
0.2,2023-09-14 00:00:00+00:00,STMXUSDT,False,0.2886272861046879,0.09363784665579122,-0.1102773246329527,0.013539967373572548,VAL
0.2,2023-09-15 00:00:00+00:00,HIFIUSDT,False,0.43848552338530067,0.4380380256394376,-0.4622530501021862,-0.5421440515265994,VAL
0.2,2023-09-15 00:00:00+00:00,STORJUSDT,False,0.24398625429553267,-0.08915118031140123,-0.081115017579106,-0.0984429934706178,VAL
0.2,2023-09-15 00:00:00+00:00,TRBUSDT,False,0.31794558239070625,-0.03293899327302252,-0.32359081419624214,-0.18742751101832522,VAL
0.2,2023-09-15 00:00:00+00:00,WLDUSDT,False,0.24273664479850066,0.13499245852187025,0.020361990950226172,0.2096530920060331,VAL
0.2,2023-09-16 00:00:00+00:00,HIFIUSDT,False,0.4380380256394376,-0.6111111111111112,-0.6167097329888027,-0.6901378122308355,VAL
0.2,2023-09-17 00:00:00+00:00,AKROUSDT,False,0.27029804727646445,-0.17071197411003225,-0.25889967637540456,-0.40372168284789645,VAL
0.2,2023-09-18 00:00:00+00:00,MULTIUSDT,False,0.39037675896504775,-0.05550114267058448,-0.056807051909892436,-0.139732288605942,VAL
0.2,2023-09-19 00:00:00+00:00,STMXUSDT,False,0.2215654665950204,-0.009384164222873914,-0.011730205278592254,0.08401759530791808,VAL
0.2,2023-09-19 00:00:00+00:00,TRBUSDT,False,0.24485596707818913,0.06033057851239687,-0.03498622589531675,0.26914600550964196,VAL
0.2,2023-09-22 00:00:00+00:00,FLMUSDT,False,0.4039800995024876,-0.37065910701630045,-0.4266477675407513,-0.4301913536498937,VAL
0.2,2023-09-22 00:00:00+00:00,FRONTUSDT,False,0.6912590216519647,-0.1116642958748223,0.024419155998103292,-0.12019914651493602,VAL
0.2,2023-09-26 00:00:00+00:00,FRONTUSDT,False,0.4084702615135387,-0.33174498849819256,-0.39023989484061783,-0.46845218534341115,VAL
0.2,2023-09-26 00:00:00+00:00,TRBUSDT,False,0.32804842894205843,0.32363794226177545,0.13262426741914468,0.006077707835902002,VAL
0.2,2023-09-27 00:00:00+00:00,LUNAUSDT,False,0.2378608189751623,-0.04428778018799728,-0.13177874186550975,-0.20354302241503985,VAL
0.2,2023-09-27 00:00:00+00:00,TRBUSDT,False,0.32363794226177545,-0.13889799934404723,-0.13430632994424396,-0.25418169891767795,VAL
0.2,2023-09-30 00:00:00+00:00,OGNUSDT,False,0.36476190476190484,-0.02442428471737612,-0.127006280530356,-0.15282623866015366,VAL
0.2,2023-10-01 00:00:00+00:00,LEVERUSDT,False,0.20065120065120068,0.012203389830508504,-0.45084745762711864,-0.496271186440678,VAL
0.2,2023-10-01 00:00:00+00:00,LPTUSDT,False,0.2279411764705881,-0.008982035928143617,-0.11826347305389218,-0.0988023952095809,VAL
0.2,2023-10-01 00:00:00+00:00,STORJUSDT,False,0.2000965483948829,-0.01890587288817369,-0.160498793242156,-0.05490748189863237,VAL
0.2,2023-10-02 00:00:00+00:00,AKROUSDT,False,0.23557692307692313,-0.1543450064850843,-0.15175097276264593,-0.15045395590142663,VAL
0.2,2023-10-05 00:00:00+00:00,LOOMUSDT,False,0.4012406137773423,-0.060403075489282365,-0.001339701770736279,0.5730428704566637,VAL
0.2,2023-10-06 00:00:00+00:00,TRBUSDT,False,0.20189274447949535,-0.08192725909261356,-0.08661417322834652,-0.11398575178102743,VAL
0.2,2023-10-12 00:00:00+00:00,LOOMUSDT,False,0.2986775667227701,-0.004998889135747642,0.2629785973487373,-0.6084573798415167,VAL
0.2,2023-10-14 00:00:00+00:00,LOOMUSDT,False,0.27736221205016554,-0.006292972846987488,-0.3310220254049645,-0.671949656217224,VAL
0.2,2023-10-15 00:00:00+00:00,STRAXUSDT,False,0.38219178082191774,0.07730426164519333,-0.2517343904856293,-0.34985133795837453,VAL
0.2,2023-10-18 00:00:00+00:00,MULTIUSDT,False,0.2084690553745927,-0.03728661275831091,-0.05300988319856237,-0.04851752021563349,VAL
0.2,2023-10-20 00:00:00+00:00,BONDUSDT,False,0.4602510460251046,-0.02005730659025784,-0.06446991404011448,-0.005969436485195656,VAL
0.2,2023-10-23 00:00:00+00:00,BLZUSDT,False,0.3125339120998374,-0.03348491112029761,-0.04009921455146759,0.1546093427035964,VAL
0.2,2023-10-23 00:00:00+00:00,PEPEUSDT,True,0.3513513513513513,-0.06999999999999995,0.29000000000000004,0.17999999999999994,VAL
0.2,2023-10-23 00:00:00+00:00,TRBUSDT,False,0.28328129435140514,0.0018801150188012539,0.2680822826808227,0.29982304799823045,VAL
0.2,2023-10-24 00:00:00+00:00,UNFIUSDT,False,0.25838115372999093,0.07932317292691704,-0.03732149285971442,0.061082443297731936,VAL
0.2,2023-10-25 00:00:00+00:00,CYBERUSDT,False,0.3164291701592623,0.003979624323463993,-0.03151862464183386,0.02101241642788909,VAL
0.2,2023-10-25 00:00:00+00:00,LQTYUSDT,False,0.24342507645259936,-0.0054107230693556385,-0.16871618298081648,-0.1849483521888834,VAL
0.2,2023-10-25 00:00:00+00:00,PEPEUSDT,True,0.29032258064516125,0.07499999999999996,-0.04999999999999982,-0.008333333333333304,VAL
0.2,2023-10-25 00:00:00+00:00,TRBUSDT,False,0.3075394635169444,-0.03199662304769946,-0.13406500633178564,-0.06373997467285775,VAL
0.2,2023-10-26 00:00:00+00:00,FLOKIUSDT,True,0.2694334650856389,-0.10586403736377792,-0.09730150492994305,-0.20057083549558907,VAL
0.2,2023-10-26 00:00:00+00:00,POLYXUSDT,False,0.23254716981132062,-0.08687332567929573,0.1155759663222351,-0.16188289322617677,VAL
0.2,2023-10-28 00:00:00+00:00,GASUSDT,False,0.43899018232819076,-0.03606237816764124,0.22202729044834313,1.5087719298245612,VAL
0.2,2023-10-28 00:00:00+00:00,LOOMUSDT,False,0.20699831365935917,-0.11994411456514142,-0.17219699615787643,-0.1831645127488648,VAL
0.2,2023-10-29 00:00:00+00:00,ARKUSDT,False,0.34655300222386964,0.3428296173960914,0.39278832920451423,1.0741811175337186,VAL
0.2,2023-10-29 00:00:00+00:00,BLZUSDT,False,0.22623574144486702,0.08255813953488356,0.13255813953488382,0.08372093023255811,VAL
0.2,2023-10-30 00:00:00+00:00,ARKUSDT,False,0.3428296173960914,0.034026852516142236,0.021830480680536946,0.46059239520344364,VAL
0.2,2023-10-30 00:00:00+00:00,POLYXUSDT,False,0.3852487135506004,-0.38632986627043087,-0.45765230312035665,-0.4631005448241704,VAL
0.2,2023-10-31 00:00:00+00:00,GASUSDT,False,0.23527093596059112,0.08470250438666449,0.3139256659754346,0.8908916892646352,VAL
0.2,2023-11-03 00:00:00+00:00,GASUSDT,False,0.29880163986124253,0.5624620614301321,0.38242078426611625,1.7527012261745782,VAL
0.2,2023-11-03 00:00:00+00:00,RIFUSDT,False,0.20818505338078297,-0.11708394698085423,-0.15095729013254788,-0.1516936671575847,VAL
0.2,2023-11-04 00:00:00+00:00,ARKUSDT,False,0.40531502991904245,-0.05629304946775193,-0.12442078897933617,-0.10031308703819652,VAL
0.2,2023-11-04 00:00:00+00:00,CAKEUSDT,False,0.2285336856010569,0.27526881720430096,0.17795698924731163,0.2725806451612902,VAL
0.2,2023-11-04 00:00:00+00:00,GASUSDT,False,0.5624620614301321,-0.14195804195804196,-0.0789432789432789,-0.1542346542346542,VAL
0.2,2023-11-05 00:00:00+00:00,CAKEUSDT,False,0.27526881720430096,0.004215851602023646,-0.08642495784148396,-0.08431703204047203,VAL
0.2,2023-11-05 00:00:00+00:00,EGLDUSDT,False,0.383730957171601,-0.0695886996260906,-0.10822600747818867,-0.06668051516410467,VAL
0.2,2023-11-06 00:00:00+00:00,GRTUSDT,False,0.24447949526813884,-0.1286438529784536,-0.14068441064638781,-0.21356147021546257,VAL
0.2,2023-11-06 00:00:00+00:00,TWTUSDT,False,0.2724653067414877,0.03146603098927292,-0.19213349225268184,-0.26436233611442195,VAL
0.2,2023-11-08 00:00:00+00:00,BNTUSDT,False,0.22597895463170614,0.16054594062192207,0.6179822710004219,0.1570282819755171,VAL
0.2,2023-11-08 00:00:00+00:00,GASUSDT,False,0.27669984815252247,0.4322717060922425,-0.2807585568917669,-0.39837452094621384,VAL
0.2,2023-11-08 00:00:00+00:00,STORJUSDT,False,0.5045005488474203,0.14183569239749017,0.1008317525171456,0.03283233620312265,VAL
0.2,2023-11-09 00:00:00+00:00,FTTUSDT,False,0.6223451327433627,0.9666348470385016,0.5534342470112279,0.5227964907495797,VAL
0.2,2023-11-09 00:00:00+00:00,GASUSDT,False,0.4322717060922425,0.04604170511164418,-0.5649566340653257,-0.6045395829488835,VAL
0.2,2023-11-09 00:00:00+00:00,HIFIUSDT,False,0.3085993672706355,0.3068131868131867,-0.08824175824175828,-0.18560439560439568,VAL
0.2,2023-11-10 00:00:00+00:00,FTTUSDT,False,0.9666348470385016,-0.25099389792899407,-0.2884846523668638,-0.2708949704142012,VAL
0.2,2023-11-10 00:00:00+00:00,HIFIUSDT,False,0.3068131868131867,-0.2135889673730239,-0.3572149344096872,-0.37151025899764556,VAL
0.2,2023-11-10 00:00:00+00:00,IMXUSDT,False,0.22627737226277378,0.05519480519480502,0.018759018759018753,0.06313131313131315,VAL
0.2,2023-11-10 00:00:00+00:00,LUNAUSDT,False,0.7489626556016598,-0.1387900355871886,-0.14507710557532616,-0.22408066429418738,VAL
0.2,2023-11-10 00:00:00+00:00,LUNCUSDT,False,0.3558291308217145,-0.09178426867957545,-0.1413412099332676,-0.1411224154906464,VAL
0.2,2023-11-10 00:00:00+00:00,RAYUSDT,False,0.3429579724093681,-0.06211180124223603,-0.17940754897276634,-0.12732919254658392,VAL
0.2,2023-11-10 00:00:00+00:00,SOLUSDT,False,0.25126959593729303,-0.0058231868713605195,-0.08946532556908415,0.032468678313040344,VAL
0.2,2023-11-11 00:00:00+00:00,ZRXUSDT,False,0.6034782608695655,0.0780911062906724,0.1327548806941432,-0.13318872017353578,VAL
0.2,2023-11-12 00:00:00+00:00,BNTUSDT,False,0.27793721193147247,-0.42136781218101405,-0.4404219122150391,-0.47199727798570945,VAL
0.2,2023-11-14 00:00:00+00:00,DYDXUSDT,False,0.31333333333333324,0.010659898477157537,-0.13502538071065995,-0.23324873096446697,VAL
0.2,2023-11-14 00:00:00+00:00,NTRNUSDT,False,0.37657982976528226,-0.04103428892636296,-0.15739179314221463,-0.2319655237024545,VAL
0.2,2023-11-15 00:00:00+00:00,AVAXUSDT,False,0.21407624633431066,0.048792270531401005,0.062318840579710155,0.0038647342995170586,VAL
0.2,2023-11-15 00:00:00+00:00,RNDRUSDT,False,0.26196808510638303,0.057955742887249695,0.18826835265191422,0.1770284510010538,VAL
0.2,2023-11-15 00:00:00+00:00,RUNEUSDT,False,0.24005710789312684,-0.03289473684210531,-0.05180921052631582,-0.048026315789473695,VAL
0.2,2023-11-16 00:00:00+00:00,YFIUSDT,False,0.20338550527390264,0.028062486746306625,-0.3761928324026296,-0.3930868735420937,VAL
0.2,2023-11-19 00:00:00+00:00,AGIXUSDT,False,0.20816077953714984,-0.025271364720906075,-0.03316866619618908,0.038108680310515286,VAL
0.2,2023-11-22 00:00:00+00:00,FTTUSDT,False,0.35947492426792316,-0.033424114879920586,-0.055099146953566325,-0.07695424159895559,VAL
0.2,2023-11-22 00:00:00+00:00,SEIUSDT,False,0.21315969842357774,0.12937853107344632,0.2757062146892657,0.43107344632768374,VAL
0.2,2023-11-22 00:00:00+00:00,UNFIUSDT,False,0.2257654534950897,0.13629936846074076,0.22876802714676225,0.10943538505042882,VAL
0.2,2023-11-22 00:00:00+00:00,UNIUSDT,False,0.2595876288659795,0.03633982648551326,0.00949418890162046,-0.016532984121787497,VAL
0.2,2023-11-24 00:00:00+00:00,MDTUSDT,False,0.2269627557265257,-0.03819295995439653,0.12654980761008972,-0.1097335043465868,VAL
0.2,2023-11-24 00:00:00+00:00,SEIUSDT,False,0.22161080540270128,-0.0753480753480753,-0.05569205569205571,0.02047502047502059,VAL
0.2,2023-11-25 00:00:00+00:00,GMTUSDT,False,0.2009005888465536,-0.07960773002595911,-0.15748485722526673,-0.19007787712719937,VAL
0.2,2023-11-25 00:00:00+00:00,MAGICUSDT,False,0.2538129496402879,-0.018246499885242073,-0.0805600183612577,-0.02157447785173272,VAL
0.2,2023-11-25 00:00:00+00:00,SUPERUSDT,False,0.6595269968763946,0.12772250605001334,0.11185802635116948,0.22290938424307605,VAL
0.2,2023-11-26 00:00:00+00:00,LUNCUSDT,False,0.2857326313085913,0.013983220135836971,0.16160607271274463,0.9696364362764682,VAL
0.2,2023-11-28 00:00:00+00:00,MDTUSDT,False,0.27552182163187866,-0.35802836457403553,-0.3804423286720222,-0.4078151343846078,VAL
0.2,2023-11-28 00:00:00+00:00,RAREUSDT,False,0.21380632790028753,-0.08372827804107408,-0.03238546603475512,0.2203791469194314,VAL
0.2,2023-11-28 00:00:00+00:00,SEIUSDT,False,0.22333044232437138,-0.10209145693016652,-0.11662531017369726,0.09712867777383893,VAL
0.2,2023-11-28 00:00:00+00:00,SUPERUSDT,False,0.20553935860058292,-0.12503022974607003,-0.09480048367593708,0.6133010882708587,VAL
0.2,2023-11-29 00:00:00+00:00,AUCTIONUSDT,False,0.30727272727272736,-0.13699582753824757,-0.12169680111265646,0.2169680111265646,VAL
0.2,2023-12-02 00:00:00+00:00,IOTAUSDT,False,0.2976240100041685,0.05332476710568579,0.01895277867009293,-0.07292001284934146,VAL
0.2,2023-12-02 00:00:00+00:00,SUPERUSDT,False,0.21506812717071866,0.18447669305189085,0.4667985927880389,0.3276165347405453,VAL
0.2,2023-12-02 00:00:00+00:00,TIAUSDT,False,0.24862509518571785,-0.02988311028290691,0.1458919193630357,0.05254955107572434,VAL
0.2,2023-12-03 00:00:00+00:00,AUCTIONUSDT,False,0.2114014251781473,0.2359477124183007,0.14379084967320255,0.1006535947712417,VAL
0.2,2023-12-03 00:00:00+00:00,LUNCUSDT,False,0.3389462248777837,0.30598377281947275,0.10314401622718061,0.01754563894523331,VAL
0.2,2023-12-04 00:00:00+00:00,AUCTIONUSDT,False,0.2359477124183007,-0.05817028027498683,-0.12162876784769971,-0.12691697514542566,VAL
0.2,2023-12-04 00:00:00+00:00,CFXUSDT,False,0.33010882708585254,-0.03681818181818175,-0.0868181818181818,-0.20727272727272728,VAL
0.2,2023-12-04 00:00:00+00:00,LUNAUSDT,False,0.39890892896904906,-0.07982491046557905,-0.20843613211301226,-0.2354158376442499,VAL
0.2,2023-12-04 00:00:00+00:00,LUNCUSDT,False,0.30598377281947275,-0.12483497709093727,-0.22163547410111062,-0.31354352721907275,VAL
0.2,2023-12-04 00:00:00+00:00,NTRNUSDT,False,0.283490731024834,-0.05804605532088836,-0.13271562883226606,-0.07248943997819868,VAL
0.2,2023-12-04 00:00:00+00:00,RAREUSDT,False,0.2457689477557028,-0.08741878322504437,-0.23567631423508573,-0.2640283520378027,VAL
0.2,2023-12-04 00:00:00+00:00,RIFUSDT,False,0.24671916010498673,0.11789473684210527,0.03087719298245628,-0.1059649122807016,VAL
0.2,2023-12-04 00:00:00+00:00,STXUSDT,False,0.42310939573031003,0.002373082464615761,-0.15611492499364343,-0.22959572845156362,VAL
0.2,2023-12-04 00:00:00+00:00,SUPERUSDT,False,0.32578429552626686,-0.06594791374964981,-0.2048445813497619,-0.21044525343041165,VAL
0.2,2023-12-05 00:00:00+00:00,BAKEUSDT,False,0.7740274599542332,-0.13801999355046757,-0.19864559819413086,-0.28442437923250563,VAL
0.2,2023-12-05 00:00:00+00:00,MEMEUSDT,True,0.30980392156862746,-0.07088149282829692,-0.08761546674093679,-0.2070510142505686,VAL
0.2,2023-12-07 00:00:00+00:00,OPUSDT,False,0.26795096322241685,-0.02992633517495391,-0.0018416206261510082,0.04189686924493552,VAL
0.2,2023-12-08 00:00:00+00:00,BTTCUSDT,False,0.3815789473684208,-0.03809523809523796,0.3142857142857143,0.09523809523809534,VAL
0.2,2023-12-08 00:00:00+00:00,GFTUSDT,False,0.2696998123827392,0.07129663834503153,-0.09752493535278906,-0.15736978204654595,VAL
0.2,2023-12-08 00:00:00+00:00,HIGHUSDT,False,0.2035737077217612,-0.024920466595970248,-0.008483563096500446,-0.08589607635206786,VAL
0.2,2023-12-08 00:00:00+00:00,RAYUSDT,False,0.45322291853178154,-0.04589557985522863,0.15308794085938704,0.2916987525026953,VAL
0.2,2023-12-09 00:00:00+00:00,IMXUSDT,False,0.21541664038352382,-0.04307660369524602,0.03077641685696486,0.08942287730952869,VAL
0.2,2023-12-10 00:00:00+00:00,BTTCUSDT,False,0.3267326732673268,0.02985074626865658,0.0,-0.11940298507462699,VAL
0.2,2023-12-10 00:00:00+00:00,QIUSDT,False,0.3372956909361069,0.6688888888888891,0.4116666666666666,0.16888888888888887,VAL
0.2,2023-12-11 00:00:00+00:00,QIUSDT,False,0.6688888888888891,-0.05858854860186424,-0.0322902796271638,-0.2782956058588548,VAL
0.2,2023-12-12 00:00:00+00:00,FETUSDT,False,0.22656091112466936,0.04261316531255188,0.10993201790747809,0.1731056209583819,VAL
0.2,2023-12-12 00:00:00+00:00,NTRNUSDT,False,0.20052886734244169,0.08321096426823282,0.24314733235438069,0.2596671561429271,VAL
0.2,2023-12-14 00:00:00+00:00,AUCTIONUSDT,False,0.3524962178517399,0.049962714392244534,-0.07792692020879943,0.5119313944817299,VAL
0.2,2023-12-14 00:00:00+00:00,ORDIUSDT,True,0.267885282067444,-0.20438727317921934,-0.23741610738255026,-0.17931270196370863,VAL
0.2,2023-12-14 00:00:00+00:00,WOOUSDT,False,0.22404371584699456,0.08298319327731085,-0.05567226890756316,0.18434873949579833,VAL
0.2,2023-12-16 00:00:00+00:00,ICPUSDT,False,0.38769273510209756,0.051851851851851816,-0.07147147147147148,-0.04444444444444451,VAL
0.2,2023-12-16 00:00:00+00:00,NTRNUSDT,False,0.23899990156511453,-0.09581314054182888,-0.1821720823071422,-0.14602367522046555,VAL
0.2,2023-12-16 00:00:00+00:00,SHIBUSDT,True,0.20833333333333348,-0.11206896551724144,-0.12758620689655176,-0.045689655172413746,VAL
0.2,2023-12-16 00:00:00+00:00,WLDUSDT,False,0.5458231954582318,0.10309548793284362,-0.02334732423924446,-0.09260230849947526,VAL
0.2,2023-12-16 00:00:00+00:00,YGGUSDT,False,0.24849480021893822,-0.10412099956159582,-0.16483998246383158,-0.06619903551074091,VAL
0.2,2023-12-18 00:00:00+00:00,ASTRUSDT,False,0.2924648786717754,-0.08003952569169959,-0.07608695652173914,0.06916996047430835,VAL
0.2,2023-12-18 00:00:00+00:00,AUCTIONUSDT,False,0.38778811160533766,0.16346153846153855,0.18152680652680653,0.19259906759906764,VAL
0.2,2023-12-18 00:00:00+00:00,INJUSDT,False,0.20357014652612349,-0.013611344594777863,0.09283913125999832,0.17540196849326217,VAL
0.2,2023-12-18 00:00:00+00:00,IOTXUSDT,False,0.22773024660291896,-0.004509120721459259,0.12646034023365438,0.04611600737856114,VAL
0.2,2023-12-18 00:00:00+00:00,SEIUSDT,False,0.26449119793902964,0.2169779286926996,0.27775891341256376,0.33378607809847205,VAL
0.2,2023-12-18 00:00:00+00:00,WOOUSDT,False,0.2055061179087876,0.05559400230680511,0.04036908881199541,0.08604382929642451,VAL
0.2,2023-12-19 00:00:00+00:00,SEIUSDT,False,0.2169779286926996,0.0753348214285714,-0.008370535714285698,0.402622767857143,VAL
0.2,2023-12-19 00:00:00+00:00,TRBUSDT,False,0.20268386197281285,-0.0675264454426896,0.23054629763802348,0.3532096797565569,VAL
0.2,2023-12-20 00:00:00+00:00,ARKMUSDT,False,0.25146394512297143,-0.031684491978609564,-0.11844919786096253,-0.14692513368983962,VAL
0.2,2023-12-20 00:00:00+00:00,BAKEUSDT,False,0.5472818638647783,0.1662237968703868,0.25332152347209913,1.315913788012991,VAL
0.2,2023-12-20 00:00:00+00:00,IOTXUSDT,False,0.2472719785876054,-0.09276989105315281,-0.13783426873555638,-0.13931990756025092,VAL
0.2,2023-12-20 00:00:00+00:00,LPTUSDT,False,0.208706786171575,-0.01588983050847459,-0.05190677966101698,-0.09216101694915246,VAL
0.2,2023-12-20 00:00:00+00:00,RAREUSDT,False,0.26515151515151514,0.05688622754491024,0.017215568862275488,-0.04041916167664661,VAL
0.2,2023-12-20 00:00:00+00:00,STXUSDT,False,0.2420685549034618,-0.03232212559063197,0.01068273642402251,0.06847907964116962,VAL
0.2,2023-12-21 00:00:00+00:00,DOTUSDT,False,0.2113364983455619,-0.05534441805225654,0.0226840855106889,0.00071258907363414,VAL
0.2,2023-12-21 00:00:00+00:00,FUNUSDT,False,0.2614840989399292,-0.12130069419071976,-0.19011082693947146,-0.17476555839727193,VAL
0.2,2023-12-21 00:00:00+00:00,NEARUSDT,False,0.2435852372583478,-0.05031091011871114,0.07348784624081417,0.06161673261729783,VAL
0.2,2023-12-21 00:00:00+00:00,RAYUSDT,False,0.5255990169977474,0.10953755285589639,0.08873078730116113,-0.06651453117658901,VAL
0.2,2023-12-21 00:00:00+00:00,TRBUSDT,False,0.24172494172494186,0.06276202991051871,0.13785119829797887,0.3589887991990488,VAL
0.2,2023-12-22 00:00:00+00:00,ARBUSDT,False,0.22543602141253682,-0.018248432325794428,-0.02240541111815686,0.06376382723877971,VAL
0.2,2023-12-22 00:00:00+00:00,MAGICUSDT,False,0.2735946660535695,-0.025995125913891304,-0.012365736979871866,-0.013809910641754741,VAL
0.2,2023-12-22 00:00:00+00:00,OPUSDT,False,0.3732645775485919,-0.004332755632582397,-0.025707683419988414,0.12969381860196405,VAL
0.2,2023-12-22 00:00:00+00:00,PEPEUSDT,True,0.20610687022900764,-0.06329113924050622,-0.10759493670886067,-0.1518987341772151,VAL
0.2,2023-12-23 00:00:00+00:00,GLMRUSDT,False,0.3511005038451338,0.07752698724239471,0.014524043179587887,-0.1030421982335622,VAL
0.2,2023-12-23 00:00:00+00:00,MOVRUSDT,False,1.468142048378796,0.38372674952039376,0.21344565852031017,0.12640754024522471,VAL
0.2,2023-12-23 00:00:00+00:00,PHBUSDT,False,0.5279939267413172,-0.19767730716681153,-0.24587007825114904,-0.3408272264314993,VAL
0.2,2023-12-24 00:00:00+00:00,BAKEUSDT,False,0.5752650176678444,-0.013309406310752059,0.17302228203977865,-0.28891879766711526,VAL
0.2,2023-12-24 00:00:00+00:00,BONDUSDT,False,0.7595262615859937,-0.1997366110623353,-0.3110916008194322,-0.36347673397717295,VAL
0.2,2023-12-24 00:00:00+00:00,MOVRUSDT,False,0.38372674952039376,-0.020464751800837955,-0.24048343831941899,-0.2523282799361043,VAL
0.2,2023-12-25 00:00:00+00:00,AGLDUSDT,False,0.26499189627228525,-0.06662395900064055,-0.19538757206918633,-0.010890454836643082,VAL
0.2,2023-12-25 00:00:00+00:00,ORDIUSDT,True,0.4425827700438505,-0.09599660189019854,-0.06293140065838376,0.0330784750982267,VAL
0.2,2023-12-25 00:00:00+00:00,PYRUSDT,False,0.2132001736864959,-0.023741350513004078,-0.06490097828680497,0.041756144118348715,VAL
0.2,2023-12-26 00:00:00+00:00,BAKEUSDT,False,0.28099424067899337,-0.0719356365357311,-0.37068149550402263,-0.428892569805963,VAL
0.2,2023-12-26 00:00:00+00:00,CAKEUSDT,False,0.21497252747252737,0.012153759185980828,-0.02119841718485016,-0.0076314301865459955,VAL
0.2,2023-12-26 00:00:00+00:00,LEVERUSDT,False,0.3853372434017597,-0.1879762912785775,-0.1960203217612193,-0.2878916172734971,VAL
0.2,2023-12-26 00:00:00+00:00,SEIUSDT,False,0.2797861507128312,-0.12611895762880443,0.09528545852397041,0.4161527750149192,VAL
0.2,2023-12-27 00:00:00+00:00,SKLUSDT,False,0.24321439463251004,-0.03176744756531347,-0.1420336072611309,0.16104501410523708,VAL
0.2,2023-12-29 00:00:00+00:00,MOVRUSDT,False,0.34324784750679127,-0.07420991293617607,-0.13652567354493728,-0.1047850826078014,VAL
0.2,2023-12-29 00:00:00+00:00,SEIUSDT,False,0.20825104235242486,0.07301126044315298,0.28841264075553963,0.3042135851798038,VAL
0.2,2023-12-30 00:00:00+00:00,ICPUSDT,False,0.3059613949024207,0.0849256900212314,0.14053568512167236,-0.01951657684141772,VAL
0.2,2024-01-01 00:00:00+00:00,AGLDUSDT,False,0.25732899022801314,-0.05569948186528506,-0.1884715025906737,-0.2500000000000001,VAL
0.2,2024-01-01 00:00:00+00:00,PERPUSDT,False,0.21881141212801802,0.30378981464819144,0.14531581788734926,-0.09418031311858921,VAL
0.2,2024-01-01 00:00:00+00:00,SEIUSDT,False,0.26655954293876083,0.0035241048773611006,0.08796165773893438,0.05088807442909493,VAL
0.2,2024-01-02 00:00:00+00:00,MAVUSDT,False,0.2240156517485936,-0.012587412587412583,-0.018781218781218745,-0.17422577422577412,VAL
0.2,2024-01-02 00:00:00+00:00,PERPUSDT,False,0.30378981464819144,-0.05991310060785415,-0.21710493626089689,-0.3451352351086795,VAL
0.2,2024-01-02 00:00:00+00:00,SKLUSDT,False,0.20947098976109224,0.1129923574368017,0.02069370958259853,-0.09747207524985313,VAL
0.2,2024-01-03 00:00:00+00:00,ENSUSDT,False,0.24050632911392422,0.1828885400313971,0.020408163265306145,0.39010989010989006,VAL
0.2,2024-01-03 00:00:00+00:00,POWRUSDT,False,0.5935946990612921,0.023215523215523115,0.673250173250173,-0.30301455301455305,VAL
0.2,2024-01-03 00:00:00+00:00,STRAXUSDT,False,0.24236817761332108,-0.06031273268801185,-0.10945644080416983,-0.22561429635145192,VAL
0.2,2024-01-04 00:00:00+00:00,NTRNUSDT,False,0.35946342485852,0.13297872340425543,0.10777058279370966,0.11771507863089736,VAL
0.2,2024-01-04 00:00:00+00:00,OSMOUSDT,False,0.3885918003565063,-0.14420196833547283,-0.1513336185993439,-0.09917748300290019,VAL
0.2,2024-01-04 00:00:00+00:00,TIAUSDT,False,0.28178553272438056,-0.0022581305493718506,-0.08449118497479591,0.023163429799646806,VAL
0.2,2024-01-04 00:00:00+00:00,WRXUSDT,False,0.2371386575208232,-0.08950495049504958,-0.19683168316831678,-0.08039603960396047,VAL
0.2,2024-01-05 00:00:00+00:00,HIFIUSDT,False,0.21654765600745107,-0.053974735230317705,-0.1686869975756029,-0.20581855301773644,VAL
0.2,2024-01-05 00:00:00+00:00,PEOPLEUSDT,True,0.7006369426751593,-0.03670411985018729,-0.0704119850187267,-0.03670411985018729,VAL
0.2,2024-01-05 00:00:00+00:00,POWRUSDT,False,0.24381984422621072,0.3147291042744349,-0.3821127144023958,-0.4926490607133134,VAL
0.2,2024-01-06 00:00:00+00:00,DATAUSDT,False,0.406946726120629,-0.15229357798165144,-0.17497914929107594,-0.1621351125938283,VAL
0.2,2024-01-06 00:00:00+00:00,MASKUSDT,False,0.408450704225352,-0.17770833333333325,-0.27208333333333323,-0.20999999999999996,VAL
0.2,2024-01-06 00:00:00+00:00,POWRUSDT,False,0.3147291042744349,-0.4887140194657279,-0.5863532822530544,-0.601366742596811,VAL
0.2,2024-01-08 00:00:00+00:00,ICPUSDT,False,0.21603405462930114,-0.07074095682613757,-0.04550758459743298,-0.06009334889148188,VAL
0.2,2024-01-08 00:00:00+00:00,STXUSDT,False,0.21516479558143708,-0.09757423052220726,-0.12168371127908684,-0.2159972333382737,VAL
0.2,2024-01-08 00:00:00+00:00,TUSDT,False,0.37956748695003717,-0.16243243243243244,-0.08351351351351344,-0.03297297297297297,VAL
0.2,2024-01-10 00:00:00+00:00,ARBUSDT,False,0.20842824601366727,0.013733674431129828,-0.023293388986131647,-0.08518468650419642,VAL
0.2,2024-01-10 00:00:00+00:00,AUCTIONUSDT,False,0.27945060750132056,-0.049132947976878505,-0.09826589595375723,0.06812551610239481,VAL
0.2,2024-01-10 00:00:00+00:00,ENSUSDT,False,0.3529411764705883,0.37436476566911336,0.31168831168831157,0.24110671936758887,VAL
0.2,2024-01-10 00:00:00+00:00,ETCUSDT,False,0.24458058435438268,0.12154486936766373,0.0825444907232109,-0.00870882241575166,VAL
0.2,2024-01-10 00:00:00+00:00,JTOUSDT,False,0.23929455052972148,0.08180189403634519,0.26577937036089083,0.31210647555669313,VAL
0.2,2024-01-10 00:00:00+00:00,PENDLEUSDT,False,0.2747982198084029,0.11538461538461542,0.007988165680473447,0.18928994082840234,VAL
0.2,2024-01-10 00:00:00+00:00,SKLUSDT,False,0.2959874934861908,-0.08212706071572173,-0.0986127864897467,-0.16465621230398075,VAL
0.2,2024-01-11 00:00:00+00:00,ENSUSDT,False,0.37436476566911336,-0.028759244042728005,-0.025883319638455138,-0.1322925225965489,VAL
0.2,2024-01-11 00:00:00+00:00,SUIUSDT,False,0.2977434679334918,0.06936945181660126,0.14450443854671913,0.060309325523931534,VAL
0.2,2024-01-13 00:00:00+00:00,JTOUSDT,False,0.25632557666903777,0.02143405993448444,0.047114490233348016,-0.1140049338779473,VAL
0.2,2024-01-16 00:00:00+00:00,AUCTIONUSDT,False,0.3192126658108685,-0.16088225754135577,-0.2189425883879338,-0.2857606227700291,VAL
0.2,2024-01-16 00:00:00+00:00,MAVUSDT,False,0.31169346833432576,0.024973512940820397,-0.17345239897078846,-0.18011200242167402,VAL
0.2,2024-01-16 00:00:00+00:00,PENDLEUSDT,False,0.2276648546442923,-0.032632237570390354,0.04057371131539678,0.01785628339028711,VAL
0.2,2024-01-17 00:00:00+00:00,TRBUSDT,False,0.23969092486004873,-0.15048018825923803,-0.20524073014055844,-0.32309355720918387,VAL
0.2,2024-01-19 00:00:00+00:00,RADUSDT,False,0.2452229299363058,-0.09462915601023014,-0.15856777493606145,-0.1811594202898551,VAL
0.2,2024-01-21 00:00:00+00:00,CTSIUSDT,False,0.46366594360086744,-0.09744349759170046,-0.1808077065579844,-0.13745831789551677,VAL
0.2,2024-01-21 00:00:00+00:00,OMUSDT,False,0.4085182141878936,-0.008458920758385946,-0.21808458920758378,0.013903743315508033,VAL
0.2,2024-01-21 00:00:00+00:00,RLCUSDT,False,0.2065803667745416,-0.023692445239159587,0.03755029056772474,0.10996870809119352,VAL
0.2,2024-01-21 00:00:00+00:00,UMAUSDT,False,0.2342574683000216,-0.02211387776423479,-0.07557025944628248,-0.11579313947414238,VAL
0.2,2024-01-25 00:00:00+00:00,OMUSDT,False,0.2603829893061427,0.027624309392265234,0.028808208366219334,0.002071823204419676,VAL
0.2,2024-01-26 00:00:00+00:00,1000SATSUSDT,True,0.2792560061999485,0.0038368336025846883,0.04079159935379639,-0.05573505654281108,VAL
0.2,2024-01-26 00:00:00+00:00,CFXUSDT,False,0.20906666666666673,-0.05955006616674019,0.04278782531980574,-0.07366563740626386,VAL
0.2,2024-01-26 00:00:00+00:00,MAVUSDT,False,0.23300056507816902,-0.06767491597922393,-0.09364497402994176,0.024289642529789157,VAL
0.2,2024-01-26 00:00:00+00:00,SUIUSDT,False,0.23784471786168848,-0.04400877433506989,0.07094872497943516,0.002536331231148825,VAL
0.2,2024-01-27 00:00:00+00:00,API3USDT,False,0.4400191938579654,-0.060313228923692175,-0.007997334221926056,0.07464178607130956,VAL
0.2,2024-02-02 00:00:00+00:00,API3USDT,False,0.24501317275122303,-0.02509068923821034,-0.09038694074969766,-0.05259975816203144,VAL
0.2,2024-02-03 00:00:00+00:00,OMUSDT,False,0.24572843582335957,0.12423800689106801,0.05685131195335269,0.7280015902464885,VAL
0.2,2024-02-06 00:00:00+00:00,CHRUSDT,False,0.20423821702594092,-0.05794902912621358,0.00030339805825230215,0.13834951456310662,VAL
0.2,2024-02-07 00:00:00+00:00,IDUSDT,False,0.8735529830810331,0.03695817490494302,0.22574144486692016,0.1241825095057032,VAL
0.2,2024-02-07 00:00:00+00:00,XMRUSDT,False,0.22960151802656537,-0.006944444444444531,-0.07947530864197527,-0.01157407407407407,VAL
0.2,2024-02-08 00:00:00+00:00,OMUSDT,False,0.3136122294182859,0.3975748423203338,0.35711113085191415,0.16718486275206534,VAL
0.2,2024-02-09 00:00:00+00:00,OMUSDT,False,0.3975748423203338,-0.17117432067376437,-0.02803114571746379,-0.22952486890195445,VAL
0.2,2024-02-10 00:00:00+00:00,MULTIUSDT,False,0.24192212096106047,-0.13942628418945968,-0.15610406937958654,-0.17811874583055376,VAL
0.2,2024-02-10 00:00:00+00:00,SUPERUSDT,False,0.21988472622478406,0.035790219702338755,0.27639971651311135,0.25265768958185686,VAL
0.2,2024-02-11 00:00:00+00:00,POWRUSDT,False,0.27166504381694256,0.011995916283818353,-0.0837161817253701,-0.11281265952016328,VAL
0.2,2024-02-12 00:00:00+00:00,CKBUSDT,False,0.20799999999999996,0.5407807598466365,1.348204949459742,1.0407807598466365,VAL
0.2,2024-02-13 00:00:00+00:00,CKBUSDT,False,0.5407807598466365,0.322701051917204,0.20280511254382994,0.20959167514986987,VAL
0.2,2024-02-14 00:00:00+00:00,API3USDT,False,0.287106655527708,-0.019472090004327147,-0.10450021635655549,-0.14604067503245344,VAL
0.2,2024-02-14 00:00:00+00:00,CKBUSDT,False,0.322701051917204,0.15221481101419543,-0.06516162134427905,-0.1409269710962887,VAL
0.2,2024-02-14 00:00:00+00:00,STXUSDT,False,0.20404713836330335,-0.012400077987911762,-0.011659192825111964,0.037356209787482886,VAL
0.2,2024-02-15 00:00:00+00:00,CHRUSDT,False,0.20483961733258305,0.06819243344231651,0.11466604390471735,-0.05114432508173761,VAL
0.2,2024-02-15 00:00:00+00:00,VETUSDT,False,0.2800111669458405,0.00959651035986897,-0.006979280261723009,-0.021810250817884458,VAL
0.2,2024-02-16 00:00:00+00:00,WLDUSDT,False,0.28992203291943386,0.04857846429370949,0.7087530781284981,0.8381464069845537,VAL
0.2,2024-02-17 00:00:00+00:00,AGIXUSDT,False,0.20734098454942362,-0.008401541726213657,0.2246329738859294,0.6015547182885106,VAL
0.2,2024-02-17 00:00:00+00:00,LPTUSDT,False,0.24566273421235252,-0.007242339832869038,-0.1883008356545961,-0.215041782729805,VAL
0.2,2024-02-18 00:00:00+00:00,ARKMUSDT,False,0.20572285681319946,0.04047846889952145,0.13693779904306225,0.562775119617225,VAL
0.2,2024-02-18 00:00:00+00:00,GALUSDT,False,0.33958652373660025,-0.07173478136610456,-0.14575593026579026,-0.08002286367533584,VAL
0.2,2024-02-18 00:00:00+00:00,WLDUSDT,False,0.25853970964987183,0.2948261238337575,0.2091603053435116,0.44936386768447867,VAL
0.2,2024-02-19 00:00:00+00:00,ARUSDT,False,0.24475466020229053,-0.03364448324491298,-0.08938284870055735,0.09394936538848953,VAL
0.2,2024-02-19 00:00:00+00:00,HBARUSDT,False,0.24721603563474392,-0.041964285714285676,0.03749999999999987,-0.004464285714285698,VAL
0.2,2024-02-19 00:00:00+00:00,PHBUSDT,False,0.20926832833857167,-0.02768375241779497,-0.06739603481624767,0.11563104448742734,VAL
0.2,2024-02-19 00:00:00+00:00,WLDUSDT,False,0.2948261238337575,-0.12249443207126942,0.06851827590724491,0.047687671950740196,VAL
0.2,2024-02-20 00:00:00+00:00,JASMYUSDT,False,0.49844034312451235,0.39734582357533177,0.11978489027669359,0.30592419117009295,VAL
0.2,2024-02-21 00:00:00+00:00,AGIXUSDT,False,0.21125963646651114,0.002715169917085092,0.07968877729767598,0.0757765969870372,VAL
0.2,2024-02-21 00:00:00+00:00,JASMYUSDT,False,0.39734582357533177,-0.04518932340161386,0.017504655493482346,0.31266294227188074,VAL
0.2,2024-02-21 00:00:00+00:00,PROMUSDT,False,0.2960592118423686,-0.0947677110665226,-0.12000308689612593,-0.1683130112671709,VAL
0.2,2024-02-23 00:00:00+00:00,COTIUSDT,False,0.2326316829726256,0.5204842459712982,1.1598653090675857,0.6967850557203561,VAL
0.2,2024-02-23 00:00:00+00:00,SCUSDT,False,0.2260318977360971,-0.3998538367844092,-0.5066991473812423,-0.5094762484774665,VAL
0.2,2024-02-23 00:00:00+00:00,UNIUSDT,False,0.5489130434782608,-0.012368421052631584,-0.06912280701754392,0.014473684210526194,VAL
0.2,2024-02-24 00:00:00+00:00,BLURUSDT,False,0.21675471698113213,-0.062275151966257325,-0.09378489021213243,-0.07654137203820877,VAL
0.2,2024-02-24 00:00:00+00:00,COTIUSDT,False,0.5204842459712982,0.14321117848668585,0.17421566042710257,0.16741365673609288,VAL
0.2,2024-02-24 00:00:00+00:00,JASMYUSDT,False,0.2697134004647561,-0.05710102489019042,-0.0815031722791606,0.2484138604197168,VAL
0.2,2024-02-25 00:00:00+00:00,CKBUSDT,False,0.37389979688557884,-0.11100160157693717,0.04170259948256749,-0.06363188370087469,VAL
0.2,2024-02-25 00:00:00+00:00,PHBUSDT,False,0.2332904884318765,-0.038196977592496184,0.023137050547159976,-0.0008337675872850392,VAL
0.2,2024-02-26 00:00:00+00:00,COTIUSDT,False,0.24256261242562593,-0.1733853006681514,-0.21774313288789893,-0.2673719376391982,VAL
0.2,2024-02-26 00:00:00+00:00,PEPEUSDT,True,0.3211678832116789,0.4751381215469612,0.5138121546961325,2.87292817679558,VAL
0.2,2024-02-26 00:00:00+00:00,THETAUSDT,False,0.2964285714285715,0.024793388429752206,0.014876033057851235,0.2964187327823693,VAL
0.2,2024-02-27 00:00:00+00:00,GALAUSDT,False,0.22080237741456155,-0.08276533592989288,0.01484907497565735,-0.03164556962025311,VAL
0.2,2024-02-27 00:00:00+00:00,PEPEUSDT,True,0.4751381215469612,0.1910112359550562,0.4943820224719102,1.363295880149813,VAL
0.2,2024-02-28 00:00:00+00:00,APTUSDT,False,0.2434236988174725,-0.05282396325289518,-0.018462508895646046,0.10666688231869048,VAL
0.2,2024-02-28 00:00:00+00:00,ARKMUSDT,False,0.5154166666666666,-0.026303730180551654,0.11208871780771701,0.34822656035193833,VAL
0.2,2024-02-28 00:00:00+00:00,ARUSDT,False,0.5067217659674634,-0.07276767115678384,-0.0649909734759061,0.24388973753645327,VAL
0.2,2024-02-28 00:00:00+00:00,BONKUSDT,True,0.29119031607262946,0.15104166666666674,0.26927083333333335,0.5604166666666668,VAL
0.2,2024-02-28 00:00:00+00:00,FETUSDT,False,0.25397563470659357,0.09099673687333132,0.3357312370216552,0.8006526253337287,VAL
0.2,2024-02-28 00:00:00+00:00,JASMYUSDT,False,0.40455632306057376,-0.05201683453917816,-0.03229772544568965,0.005627275736511228,VAL
0.2,2024-02-29 00:00:00+00:00,PEOPLEUSDT,True,0.436624104640299,0.07283763277693489,0.012139605462822667,-0.01430739215261223,VAL
0.2,2024-02-29 00:00:00+00:00,SPELLUSDT,False,0.426643313414383,0.08088394598107884,0.09677186394164794,-0.0491803278688524,VAL
0.2,2024-03-01 00:00:00+00:00,AGIXUSDT,False,0.2925060549935887,0.0472657929255631,-0.027865654038205068,0.32584517366431154,VAL
0.2,2024-03-01 00:00:00+00:00,ARKMUSDT,False,0.26063629518072284,-0.09400433062047331,-0.06451131187934,0.07335921750168017,VAL
0.2,2024-03-01 00:00:00+00:00,BADGERUSDT,False,0.2364477743499338,0.04188201746569242,0.09392265193370175,0.05150597041525584,VAL
0.2,2024-03-01 00:00:00+00:00,EPXUSDT,False,0.2607717041800641,-0.016322366743177774,0.13465952563121664,0.0721754654424891,VAL
0.2,2024-03-01 00:00:00+00:00,FLOKIUSDT,True,0.6297674418604653,0.5222602739726026,0.648173515981735,1.6490867579908675,VAL
0.2,2024-03-01 00:00:00+00:00,MDTUSDT,False,0.26752351927918383,-0.0151578507213046,-0.04662345808070245,0.15962784863056667,VAL
0.2,2024-03-01 00:00:00+00:00,MEMEUSDT,True,0.20581634265844784,0.1284014051276674,0.31022911969800226,0.2107429350390604,VAL
0.2,2024-03-01 00:00:00+00:00,OCEANUSDT,False,0.2750297265160524,-0.0030774969691318432,-0.029003077496969287,0.08971369952438679,VAL
0.2,2024-03-01 00:00:00+00:00,PEPEUSDT,True,0.45620437956204385,0.09774436090225569,0.7568922305764412,1.2581453634085213,VAL
0.2,2024-03-01 00:00:00+00:00,SHIBUSDT,True,0.3431528662420382,0.33906342620035557,1.1286307053941909,1.085358624777712,VAL
0.2,2024-03-01 00:00:00+00:00,VANRYUSDT,False,0.3119210141394442,0.301217132769674,0.2350645730744214,0.5962092353433057,VAL
0.2,2024-03-02 00:00:00+00:00,BCHUSDT,False,0.5842554536832121,-0.06106565555777299,-0.19976052684094991,-0.1374975054879266,VAL
0.2,2024-03-02 00:00:00+00:00,EOSUSDT,False,0.22000875656742558,-0.04207787547102093,-0.08110532926610448,0.07697828817512997,VAL
0.2,2024-03-02 00:00:00+00:00,FLOKIUSDT,True,0.5222602739726026,0.09673790776153002,-0.13213348331458552,0.7881514810648671,VAL
0.2,2024-03-02 00:00:00+00:00,FTTUSDT,False,0.23195222492336964,-0.027068765818712315,0.07155420187894124,0.061902106301745974,VAL
0.2,2024-03-02 00:00:00+00:00,GLMUSDT,False,0.3469284994964754,0.332897196261682,0.04878504672897188,0.31457943925233645,VAL
0.2,2024-03-02 00:00:00+00:00,HOTUSDT,False,0.31974723538704586,-0.06799138137419203,-0.15489585827148666,-0.0023940627244435353,VAL
0.2,2024-03-02 00:00:00+00:00,LUNCUSDT,False,0.21219699884570997,-0.044807702481087675,0.06792572607522618,0.038512405438290154,VAL
0.2,2024-03-02 00:00:00+00:00,SHIBUSDT,True,0.33906342620035557,-0.003098716246126454,0.5555555555555556,0.5471447543160692,VAL
0.2,2024-03-02 00:00:00+00:00,SLPUSDT,False,0.3318729463307779,0.19671052631578956,-0.06019736842105261,0.26019736842105257,VAL
0.2,2024-03-02 00:00:00+00:00,VANRYUSDT,False,0.301217132769674,0.025633702249196588,-0.13116744019992865,0.38521956444127103,VAL
0.2,2024-03-03 00:00:00+00:00,FTMUSDT,False,0.29475821336286456,-0.08367783321454025,0.007982893799002078,0.07013542409123308,VAL
0.2,2024-03-03 00:00:00+00:00,GLMUSDT,False,0.332897196261682,-0.06717150469779831,-0.13111765530781083,-0.09605945870144439,VAL
0.2,2024-03-03 00:00:00+00:00,MEMEUSDT,True,0.23503856518910893,-0.05983709862493192,-0.20424747465247084,-0.09298169710878279,VAL
0.2,2024-03-03 00:00:00+00:00,PEPEUSDT,True,0.35388127853881257,0.1821247892074198,0.21416526138279934,0.4401349072512646,VAL
0.2,2024-03-04 00:00:00+00:00,BONKUSDT,True,0.38617138653916894,-0.19050145927301665,-0.28283364287609447,-0.17617405147253906,VAL
0.2,2024-03-04 00:00:00+00:00,BTTCUSDT,False,0.28671328671328666,-0.08152173913043481,-0.07608695652173914,-0.03260869565217395,VAL
0.2,2024-03-04 00:00:00+00:00,CKBUSDT,False,0.363397144924676,-0.13437876960192996,0.010229191797346271,0.1627503015681544,VAL
0.2,2024-03-04 00:00:00+00:00,DENTUSDT,False,0.22697533970810269,-0.1353568498769483,-0.09310910582444631,-0.08695652173913038,VAL
0.2,2024-03-04 00:00:00+00:00,LEVERUSDT,False,0.20671609245529865,-0.1792555113841705,-0.06975063245392121,0.026382363570654155,VAL
0.2,2024-03-04 00:00:00+00:00,SHIBUSDT,True,0.594582593250444,-0.021442495126705707,-0.1228070175438597,-0.0570871623503203,VAL
0.2,2024-03-04 00:00:00+00:00,WINUSDT,False,0.249708284714119,-0.130718954248366,-0.12791783380018684,-0.06816059757236226,VAL
0.2,2024-03-04 00:00:00+00:00,XECUSDT,False,0.5081455032358848,0.01657295057709396,-0.06288842852915055,-0.012725658478839885,VAL
0.2,2024-03-05 00:00:00+00:00,LSKUSDT,False,0.5772311212814647,-0.15778019586507075,-0.22633297062023938,-0.23141095393543698,VAL
0.2,2024-03-05 00:00:00+00:00,LUNAUSDT,False,0.44615009746588696,-0.05374894692502108,-0.041364785172704366,-0.08070766638584681,VAL
0.2,2024-03-06 00:00:00+00:00,AAVEUSDT,False,0.20595744680851058,0.050027444522857234,0.029640084685956358,0.11887399043362334,VAL
0.2,2024-03-06 00:00:00+00:00,AGIXUSDT,False,0.3526937169222417,0.07504012841091501,0.2676929811761273,0.10444330949948943,VAL
0.2,2024-03-06 00:00:00+00:00,AIUSDT,False,0.21661129568106308,0.09830693610049157,0.23593664664117964,0.07700709994538513,VAL
0.2,2024-03-06 00:00:00+00:00,ARKMUSDT,False,0.2889249101901341,-0.04272458448047323,0.35389687638081635,0.022806838652662975,VAL
0.2,2024-03-06 00:00:00+00:00,FETUSDT,False,0.3986175115207373,0.060914332784184566,0.2675041186161451,0.0936985172981879,VAL
0.2,2024-03-06 00:00:00+00:00,GALUSDT,False,0.21108450222374264,0.010734463276836026,0.15225988700564974,0.29915254237288136,VAL
0.2,2024-03-06 00:00:00+00:00,NEARUSDT,False,0.38869257950530023,-0.06344359626802365,0.0505513146734522,0.3165394402035624,VAL
0.2,2024-03-06 00:00:00+00:00,OCEANUSDT,False,0.22982807720704557,0.00857632933104635,0.1722984562607206,0.03216123499142376,VAL
0.2,2024-03-06 00:00:00+00:00,PHBUSDT,False,0.47586559781681737,0.33298663276705587,0.4376902037828885,0.16475981355213998,VAL
0.2,2024-03-06 00:00:00+00:00,RNDRUSDT,False,0.34918793503480283,0.07190455717970767,0.33286758383490955,0.21883061049011165,VAL
0.2,2024-03-06 00:00:00+00:00,RSRUSDT,False,0.4541223404255317,-0.08687700045724744,-0.10852004267642124,0.13869836915104417,VAL
0.2,2024-03-06 00:00:00+00:00,SYNUSDT,False,0.21618482188951993,-0.1488379496975485,-0.154409423750398,-0.16666666666666674,VAL
0.2,2024-03-06 00:00:00+00:00,VANRYUSDT,False,0.34779750164365564,-0.004939024390243962,0.18292682926829262,1.079024390243902,VAL
0.2,2024-03-06 00:00:00+00:00,ZILUSDT,False,0.2175066312997349,-0.036492374727668864,-0.04221132897603497,0.10185185185185186,VAL
0.2,2024-03-07 00:00:00+00:00,AMBUSDT,False,0.30441767068273107,-0.05972906403940892,-0.13300492610837444,-0.14839901477832518,VAL
0.2,2024-03-07 00:00:00+00:00,MDTUSDT,False,0.2414681262073406,-0.041061549100968264,0.05152143845089907,0.08393845089903174,VAL
0.2,2024-03-07 00:00:00+00:00,NFPUSDT,False,0.2625599010666255,-0.07223752678298134,0.013978165493317096,-0.017957351290684542,VAL
0.2,2024-03-07 00:00:00+00:00,PHBUSDT,False,0.33298663276705587,0.04123919891338912,0.09649452359622002,-0.09097477097361495,VAL
0.2,2024-03-07 00:00:00+00:00,RAYUSDT,False,0.2136269214790194,-0.02957688621114607,-0.10461454196905373,-0.009995892099137316,VAL
0.2,2024-03-07 00:00:00+00:00,RUNEUSDT,False,0.3191368540601931,0.04075190127708428,0.23016214664944745,0.4752475247524752,VAL
0.2,2024-03-08 00:00:00+00:00,COTIUSDT,False,0.23337736679876708,-0.03399579515252482,-0.06961799357372356,-0.19159823872426507,VAL
0.2,2024-03-08 00:00:00+00:00,FLOKIUSDT,True,0.6635125448028674,0.02753598207360164,0.2839782814789278,0.14935792467465325,VAL
0.2,2024-03-08 00:00:00+00:00,LPTUSDT,False,0.4431007751937983,0.0006446067898582264,-0.10240653201547056,0.01920928233777386,VAL
0.2,2024-03-08 00:00:00+00:00,PEPEUSDT,True,0.3230543318649046,-0.027746947835737945,0.0033296337402886067,-0.00998890122086582,VAL
0.2,2024-03-09 00:00:00+00:00,ARKMUSDT,False,0.3854474626969495,-0.19370873396430088,-0.2110561594657696,-0.3495092009138152,VAL
0.2,2024-03-09 00:00:00+00:00,GALAUSDT,False,0.2864,0.4694385216773276,0.2448471926083866,0.06272210376687992,VAL
0.2,2024-03-09 00:00:00+00:00,GRTUSDT,False,0.33117456579334714,-0.034055727554179516,-0.014374170720919954,-0.18642193719593103,VAL
0.2,2024-03-09 00:00:00+00:00,ILVUSDT,False,0.23128161888701526,-0.02978839964390878,-0.061973567075258584,-0.07245086626035757,VAL
0.2,2024-03-09 00:00:00+00:00,IQUSDT,False,0.5759089942589837,0.05282331511839722,-0.006004182689064219,-0.10713081022734938,VAL
0.2,2024-03-09 00:00:00+00:00,NFPUSDT,False,0.23677554162542624,-0.11630802062955714,-0.14658545260537081,-0.34723457229237065,VAL
0.2,2024-03-09 00:00:00+00:00,NMRUSDT,False,0.3255637192804661,-0.08944954128440363,-0.17373853211009183,-0.34499235474006107,VAL
0.2,2024-03-09 00:00:00+00:00,RLCUSDT,False,0.24466648663246016,-0.06183553916250817,-0.04643089607290096,-0.2488609242785853,VAL
0.2,2024-03-09 00:00:00+00:00,WLDUSDT,False,0.5535477013021526,-0.183031132398221,-0.13197057817310986,-0.27830995552514537,VAL
0.2,2024-03-09 00:00:00+00:00,YGGUSDT,False,0.391356905409489,0.175716768027802,0.12380538662033014,-0.1427019982623805,VAL
0.2,2024-03-10 00:00:00+00:00,EDUUSDT,False,0.2725054202591639,-0.10563603512219866,-0.11233239293752162,-0.18844898088566253,VAL
0.2,2024-03-10 00:00:00+00:00,GALAUSDT,False,0.4694385216773276,-0.10749697702539296,-0.11946795646916564,-0.2384522370012092,VAL
0.2,2024-03-10 00:00:00+00:00,IDUSDT,False,0.5974185251777147,-0.012396016577715607,0.025351083812874542,0.28908136795968864,VAL
0.2,2024-03-10 00:00:00+00:00,ZRXUSDT,False,0.38496188496188477,0.03264948711533644,0.374405804353265,0.64160620465349,VAL
0.2,2024-03-11 00:00:00+00:00,AMPUSDT,False,0.2892609699769053,0.8729661143454248,0.7593670697118973,0.5082848186296463,VAL
0.2,2024-03-11 00:00:00+00:00,CELOUSDT,False,0.5102267864783909,-0.13265710885702953,-0.19011730039100128,-0.34895449651498833,VAL
0.2,2024-03-11 00:00:00+00:00,GLMRUSDT,False,0.2686318131256953,-0.08154318281455508,-0.06882946076282337,-0.19772029811486191,VAL
0.2,2024-03-11 00:00:00+00:00,ORNUSDT,False,0.20187522916557543,-0.02283721943778605,-0.005796469819132732,0.20344301590760505,VAL
0.2,2024-03-12 00:00:00+00:00,ACAUSDT,False,0.2996563573883162,0.056583818085669035,-0.09254362771020619,-0.12057112638815437,VAL
0.2,2024-03-12 00:00:00+00:00,AMPUSDT,False,0.8729661143454248,0.027257511755798047,-0.16370447118833187,-0.15581413883796924,VAL
0.2,2024-03-12 00:00:00+00:00,ARPAUSDT,False,0.3506944444444444,-0.11953727506426737,-0.10962174072713926,-0.34933896437752476,VAL
0.2,2024-03-12 00:00:00+00:00,HIFIUSDT,False,0.4172397982576799,0.025396311873180366,-0.18197994176641852,-0.3204464574571336,VAL
0.2,2024-03-12 00:00:00+00:00,INJUSDT,False,0.21742193003052357,-0.06750241080038577,-0.1421407907425266,-0.30761812921890075,VAL
0.2,2024-03-12 00:00:00+00:00,JOEUSDT,False,0.207060629316961,0.02822990844354023,0.023779247202441622,0.1875635808748728,VAL
0.2,2024-03-12 00:00:00+00:00,NEARUSDT,False,0.2094624943853869,-0.0392423867293884,-0.07316167368160431,-0.21341916315919773,VAL
0.2,2024-03-12 00:00:00+00:00,QIUSDT,False,0.3011137629276055,-0.045246102109446684,-0.07887496178538678,-0.20788749617853874,VAL
0.2,2024-03-12 00:00:00+00:00,REEFUSDT,False,0.2796979378449027,-0.06468452110758072,-0.14593735814798015,-0.37176577394462096,VAL
0.2,2024-03-12 00:00:00+00:00,VANRYUSDT,False,0.3582647718773371,0.2516886930983848,0.08707782672540398,0.053560939794420115,VAL
0.2,2024-03-13 00:00:00+00:00,CAKEUSDT,False,0.21879415920866685,-0.08038647342995164,-0.181062801932367,-0.23072463768115947,VAL
0.2,2024-03-13 00:00:00+00:00,CLVUSDT,False,0.227933356965615,-0.10594688221708992,-0.2865184757505773,-0.11915415704387977,VAL
0.2,2024-03-13 00:00:00+00:00,RSRUSDT,False,0.20344716494845372,-0.06772855039486014,-0.19435149243742478,-0.20077633516262894,VAL
0.2,2024-03-13 00:00:00+00:00,SSVUSDT,False,0.3606516909405084,-0.11375181422351222,-0.18341799709724238,0.00834542815674899,VAL
0.2,2024-03-13 00:00:00+00:00,VANRYUSDT,False,0.2516886930983848,-0.07613796339746592,-0.2425797747536368,-0.10737329892069447,VAL
0.2,2024-03-13 00:00:00+00:00,WAVESUSDT,False,0.28284826222096626,-0.046035242290748846,-0.1786343612334802,-0.22488986784140963,VAL
0.2,2024-03-14 00:00:00+00:00,ACHUSDT,False,0.2307306050715543,-0.039371685026519776,-0.13790289677682588,-0.2078743370053039,VAL
0.2,2024-03-14 00:00:00+00:00,FRONTUSDT,False,0.5642219266577999,0.0785909505010629,0.6997874278773155,-0.22982083206802306,VAL
0.2,2024-03-14 00:00:00+00:00,LPTUSDT,False,0.33672466332448625,-0.12795528918630739,-0.19024157076148107,-0.303489355443615,VAL
0.2,2024-03-14 00:00:00+00:00,LRCUSDT,False,0.2628865979381443,-0.08998144712430434,-0.189795918367347,-0.2751391465677181,VAL
0.2,2024-03-14 00:00:00+00:00,OMUSDT,False,0.2016438188119114,0.1057628502883976,0.5570925424940023,0.518120565565821,VAL
0.2,2024-03-14 00:00:00+00:00,ZRXUSDT,False,0.2187130244834805,-0.0039581777445854005,-0.019940253920836426,-0.34764749813293494,VAL
0.2,2024-03-15 00:00:00+00:00,KEYUSDT,False,0.3907616812459995,-0.27092122420802334,-0.3828334739587329,-0.26179335736749243,VAL
0.2,2024-03-15 00:00:00+00:00,RAYUSDT,False,0.20643153526970948,0.29423903697334497,0.5188306104901117,0.17420464316423057,VAL
0.2,2024-03-15 00:00:00+00:00,SEIUSDT,False,0.2183668748554244,-0.14087715967343828,-0.2078033035883804,-0.24539586102145416,VAL
0.2,2024-03-16 00:00:00+00:00,RAYUSDT,False,0.29423903697334497,0.19620869873328028,-0.05655948268225708,-0.14890601470457965,VAL
0.2,2024-03-17 00:00:00+00:00,CLVUSDT,False,0.31043900465304475,-0.13824778077962174,-0.057892705519104526,-0.15175607873407948,VAL
0.2,2024-03-17 00:00:00+00:00,FIDAUSDT,False,0.21068194418776565,-0.11982903373530762,-0.19218439932834686,-0.21996641734086397,VAL
0.2,2024-03-17 00:00:00+00:00,FLUXUSDT,False,0.27946338039154517,-0.11948305291392358,-0.12405510851011947,-0.17440868080955862,VAL
0.2,2024-03-17 00:00:00+00:00,FRONTUSDT,False,0.3679554230412043,-0.311215921677922,-0.5140958302068818,-0.5444670739986424,VAL
0.2,2024-03-17 00:00:00+00:00,GALUSDT,False,0.2435740514075888,-0.1088582677165354,-0.04940944881889775,0.09960629921259856,VAL
0.2,2024-03-17 00:00:00+00:00,NEARUSDT,False,0.22550914226252416,-0.1477438136826783,-0.16157205240174666,-0.15077632217370207,VAL
0.2,2024-03-17 00:00:00+00:00,OMUSDT,False,0.32357088621325514,0.3654974594328799,0.136305523684642,-0.03576462874938524,VAL
0.2,2024-03-17 00:00:00+00:00,REIUSDT,False,0.5457733704196395,-0.0833202941636676,-0.1422312627131903,-0.2503520575809731,VAL
0.2,2024-03-17 00:00:00+00:00,RLCUSDT,False,0.20479491623339108,-0.09542076240709663,-0.07192519779429396,-0.09350275713258216,VAL
0.2,2024-03-17 00:00:00+00:00,RNDRUSDT,False,0.2776049766718507,-0.10537127206329877,-0.10986001217285457,-0.1686701156421181,VAL
0.2,2024-03-17 00:00:00+00:00,VIDTUSDT,False,0.22203845358693397,-0.08577228895279998,-0.0747758416511588,-0.10353578074775838,VAL
0.2,2024-03-18 00:00:00+00:00,FORTHUSDT,False,0.43445423484984724,-0.19731728720070207,-0.2114830136642848,-0.1049266641594585,VAL
0.2,2024-03-18 00:00:00+00:00,JOEUSDT,False,0.21965442764578813,-0.1731007614662653,-0.24145564016291832,-0.13564724632548253,VAL
0.2,2024-03-18 00:00:00+00:00,OMUSDT,False,0.3654974594328799,-0.18175707306533506,-0.2859955106891212,-0.1588663889855838,VAL
0.2,2024-03-19 00:00:00+00:00,ERNUSDT,False,0.22143864598025376,-0.04105722350526042,-0.10777521170130866,-0.16179112137541685,VAL
0.2,2024-03-20 00:00:00+00:00,API3USDT,False,0.27364644487932166,-0.05300896286811774,-0.06991037131882194,-0.008450704225352101,VAL
0.2,2024-03-20 00:00:00+00:00,FLOKIUSDT,True,0.3143534994068802,-0.08019597730789074,-0.01848031631425129,-0.03253395220904254,VAL
0.2,2024-03-20 00:00:00+00:00,PEPEUSDT,True,0.271212121212121,-0.058402860548271596,-0.12872467222884376,-0.09058402860548265,VAL
0.2,2024-03-20 00:00:00+00:00,PHAUSDT,False,0.30354449472096534,-0.08938385883714195,-0.10442580271912072,-0.16951113682383567,VAL
0.2,2024-03-20 00:00:00+00:00,POLYXUSDT,False,0.6970149253731344,0.19613016710642017,0.1741424802110818,0.751685722661976,VAL
0.2,2024-03-20 00:00:00+00:00,RUNEUSDT,False,0.26668467981626587,-0.10324232081911267,-0.13886518771331058,-0.05098122866894195,VAL
0.2,2024-03-20 00:00:00+00:00,STXUSDT,False,0.26964789778636167,-0.03917037210390828,0.05669318979639604,-0.01442195179031125,VAL
0.2,2024-03-20 00:00:00+00:00,SYNUSDT,False,0.22537124230351302,-0.052316559521170425,-0.1783048843567574,-0.053055493977684054,VAL
0.2,2024-03-20 00:00:00+00:00,TRUUSDT,False,0.43817452975639837,0.07064751286449389,0.16595197255574612,0.8796097770154374,VAL
0.2,2024-03-21 00:00:00+00:00,RSRUSDT,False,0.5215206833026294,-0.0767198679141442,-0.12966428178315892,0.18525041276829946,VAL
0.2,2024-03-22 00:00:00+00:00,NULSUSDT,False,0.23938840712003673,0.06444485361811814,0.658074019517584,0.5098508561959121,VAL
0.2,2024-03-23 00:00:00+00:00,ACAUSDT,False,0.20734597156398116,0.009322865554465043,-0.056918547595682045,-0.05004906771344464,VAL
0.2,2024-03-23 00:00:00+00:00,BADGERUSDT,False,0.6315101736046294,0.07379862700228834,-0.1072082379862701,-0.21864988558352405,VAL
0.2,2024-03-23 00:00:00+00:00,XECUSDT,False,0.2637405321421633,0.07392039342246814,0.024435223605348222,-0.000614722606423701,VAL
0.2,2024-03-24 00:00:00+00:00,IDEXUSDT,False,0.47259500815251476,-0.11387445703091736,-0.19248786304403365,-0.190699259006899,VAL
0.2,2024-03-24 00:00:00+00:00,NULSUSDT,False,0.5002594706798134,0.03827971866712798,-0.05695837657096736,-0.05765017871555389,VAL
0.2,2024-03-25 00:00:00+00:00,DUSKUSDT,False,0.2785265049415995,0.08626141953619104,0.0639494026704146,-0.06219255094869991,VAL
0.2,2024-03-25 00:00:00+00:00,LTOUSDT,False,0.3230112119594233,0.12429378531073465,0.023405972558514954,0.0629539951573852,VAL
0.2,2024-03-25 00:00:00+00:00,POLYXUSDT,False,0.512423935091278,-0.027661357921207164,-0.044928751047778825,-0.01877619446772838,VAL
0.2,2024-03-25 00:00:00+00:00,RSRUSDT,False,0.3519666118629061,0.17184284377923298,0.007296538821328413,0.0864359214218895,VAL
0.2,2024-03-25 00:00:00+00:00,TRUUSDT,False,0.2716612377850163,0.15471311475409832,0.2331674473067915,0.00929449648711933,VAL
0.2,2024-03-25 00:00:00+00:00,YGGUSDT,False,0.3658277583094405,0.06336495101850415,-0.076504431659151,0.15806250971855085,VAL
0.2,2024-03-26 00:00:00+00:00,RVNUSDT,False,0.3363290701693744,-0.11562338334195554,0.15002586652871175,0.1474392136575271,VAL
0.2,2024-03-26 00:00:00+00:00,TUSDT,False,0.5857687420584496,-0.10448717948717945,-0.22307692307692295,-0.29198717948717945,VAL
0.2,2024-03-27 00:00:00+00:00,CLVUSDT,False,0.25013086721340083,-0.053527810733477676,-0.1270151441133366,-0.2844580919812967,VAL
0.2,2024-03-27 00:00:00+00:00,REIUSDT,False,0.6358452138492874,1.015375996015936,-0.16484063745019917,-0.31567480079681276,VAL
0.2,2024-03-28 00:00:00+00:00,FISUSDT,False,0.38753275410288235,-0.15157539012026633,-0.13696451644965713,-0.25832422224430973,VAL
0.2,2024-03-28 00:00:00+00:00,REIUSDT,False,1.015375996015936,-0.48938996138996127,-0.593050193050193,-0.6663474903474903,VAL
0.2,2024-03-28 00:00:00+00:00,SPELLUSDT,False,0.22213893053473255,-0.11006610781707893,-0.12492332856266608,-0.22531179717849104,VAL
0.2,2024-03-29 00:00:00+00:00,DREPUSDT,False,0.3409395973154363,-0.3833833833833834,-0.4194194194194194,-0.7437437437437437,VAL
0.2,2024-03-29 00:00:00+00:00,RVNUSDT,False,0.2398215281650864,0.3079172289698606,0.08164642375168696,-0.10323886639676105,VAL
0.2,2024-03-30 00:00:00+00:00,AKROUSDT,False,0.43354895618935596,-0.04409804122654082,-0.22090042046969538,-0.0873756537790994,VAL
0.2,2024-03-30 00:00:00+00:00,KP3RUSDT,False,0.2862848134524434,-0.09861916823269878,-0.258027616635346,-0.26056050330909386,VAL
0.2,2024-03-30 00:00:00+00:00,RVNUSDT,False,0.3079172289698606,-0.1437661220980223,-0.23714531384350823,-0.30799656061908864,VAL
0.2,2024-03-31 00:00:00+00:00,JTOUSDT,False,0.2848797034989634,0.07683093771389471,0.19120954336560092,-0.06541507773540622,VAL
0.2,2024-03-31 00:00:00+00:00,LQTYUSDT,False,0.23922829581993588,-0.0856253243383498,-0.214841722885314,-0.15620134924753515,VAL
0.2,2024-03-31 00:00:00+00:00,MOBUSDT,False,0.5128504672897198,-0.07490347490347493,-0.518918918918919,-0.518918918918919,VAL
0.2,2024-03-31 00:00:00+00:00,PENDLEUSDT,False,0.2067694737534822,-0.03124715976223802,-0.1161907185574318,0.22283823823459925,VAL
0.2,2024-03-31 00:00:00+00:00,TFUELUSDT,False,0.2660384197172889,-0.11270159366351751,-0.1941024906956771,-0.1186181887584693,VAL
0.2,2024-03-31 00:00:00+00:00,YGGUSDT,False,0.22143946546590154,-0.11434177666785583,-0.28368414793673435,-0.19758591984778218,VAL
0.2,2024-04-01 00:00:00+00:00,GHSTUSDT,False,0.6582733812949639,-0.13232104121475052,-0.016423923148435104,-0.0873876665633716,VAL
0.2,2024-04-01 00:00:00+00:00,XVGUSDT,False,0.4949376375641965,0.22614840989399299,-0.14075382803297998,-0.10325873576756961,VAL
0.2,2024-04-02 00:00:00+00:00,COSUSDT,False,0.2120865776126868,-0.23780056577086284,-0.04761904761904756,-0.19631070249882132,VAL
0.2,2024-04-02 00:00:00+00:00,XVGUSDT,False,0.22614840989399299,-0.1312039705411463,-0.3096381684277938,-0.2045308997758566,VAL
0.2,2024-04-03 00:00:00+00:00,BELUSDT,False,0.4840576866476991,-0.01037879288689092,0.29873735704369664,0.3682818800819725,VAL
0.2,2024-04-03 00:00:00+00:00,IOTXUSDT,False,0.21693997292011447,-0.09741624428235873,-0.052416862405736286,-0.05464210656447033,VAL
0.2,2024-04-03 00:00:00+00:00,JTOUSDT,False,0.21119479034623323,-0.11241534988713331,-0.21625282167042892,-0.20677200902934534,VAL
0.2,2024-04-03 00:00:00+00:00,PDAUSDT,False,0.24803493449781655,-0.09797060881735487,-0.11756473058082584,-0.1028691392582225,VAL
0.2,2024-04-03 00:00:00+00:00,SYNUSDT,False,0.21558946738479956,-0.12283076923076919,-0.17932307692307703,-0.18800000000000006,VAL
0.2,2024-04-04 00:00:00+00:00,AKROUSDT,False,0.2265988987717069,0.16194751381215466,-0.022674953959484268,0.006675874769797474,VAL
0.2,2024-04-04 00:00:00+00:00,ATAUSDT,False,0.4058956916099774,-0.22862903225806452,-0.2040322580645162,0.01935483870967758,VAL
0.2,2024-04-04 00:00:00+00:00,OAXUSDT,False,0.2501118568232661,0.09556191839656414,-0.024695776664280467,-0.051181102362204633,VAL
0.2,2024-04-04 00:00:00+00:00,PENDLEUSDT,False,0.285576191357644,-0.0462995552426968,0.07624868012670771,0.07562474002495745,VAL
0.2,2024-04-04 00:00:00+00:00,PUNDIXUSDT,False,0.4000333500083375,-0.07372558361124348,-0.12946641257741787,0.0038113387327298742,VAL
0.2,2024-04-05 00:00:00+00:00,COSUSDT,False,0.28366033839065863,-0.06751237623762374,-0.11862623762376234,-0.2851485148514852,VAL
0.2,2024-04-06 00:00:00+00:00,BELUSDT,False,0.24051272336932494,0.030489667107808316,0.06525501374325571,-0.5494757202483966,VAL
0.2,2024-04-06 00:00:00+00:00,BICOUSDT,False,0.24399473511023362,0.23105409337389227,0.011638672133315708,-0.31794736146012426,VAL
0.2,2024-04-06 00:00:00+00:00,CKBUSDT,False,0.32660521296884926,0.08821532686394318,0.2627690587436604,-0.05954235054510604,VAL
0.2,2024-04-06 00:00:00+00:00,REIUSDT,False,0.2998134145143867,-0.14551223934723478,-0.1922030825022666,-0.4956935630099728,VAL
0.2,2024-04-07 00:00:00+00:00,BICOUSDT,False,0.23105409337389227,-0.13869789428448642,-0.21067898581865052,-0.40449076063601197,VAL
0.2,2024-04-08 00:00:00+00:00,FLMUSDT,False,0.2471544715447156,-0.09452411994784882,-0.016949152542373058,-0.38852672750977846,VAL
0.2,2024-04-08 00:00:00+00:00,NEOUSDT,False,0.4113060428849902,-0.13535911602209938,0.013812154696132728,-0.06583793738489874,VAL
0.2,2024-04-09 00:00:00+00:00,TFUELUSDT,False,0.20306024864520245,-0.03020667726550086,-0.14255431902490723,-0.23644232467761883,VAL
0.2,2024-04-10 00:00:00+00:00,FARMUSDT,False,0.348186119873817,-0.056351759773812904,-0.16076825582528997,-0.29482304767475864,VAL
0.2,2024-04-12 00:00:00+00:00,CREAMUSDT,False,0.21501706484641647,-0.2118780096308186,0.0032102728731941976,-0.046749598715890905,VAL
0.2,2024-04-14 00:00:00+00:00,AGIXUSDT,False,0.20226631981804055,-0.05405895280603579,-0.08463420712780656,0.11149375807145945,VAL
0.2,2024-04-14 00:00:00+00:00,CREAMUSDT,False,0.2242871690427699,0.039717196922437026,0.03867747972551472,0.007485963817841501,VAL
0.2,2024-04-14 00:00:00+00:00,NEOUSDT,False,0.2428909952606637,-0.03288846520495714,-0.16968541468064813,-0.08293612964728325,VAL
0.2,2024-04-14 00:00:00+00:00,TRUUSDT,False,0.39658634538152615,-0.05232047288122055,-0.05535585909417684,0.047527757808131676,VAL
0.2,2024-04-14 00:00:00+00:00,WIFUSDT,True,0.3155588020452884,-0.10226344841101342,-0.20913218146781198,-0.04357056537217885,VAL
0.2,2024-04-15 00:00:00+00:00,OMUSDT,False,0.2269787410844124,-0.13944510914960384,-0.23988080456915817,-0.19599521412285248,VAL
0.2,2024-04-16 00:00:00+00:00,COSUSDT,False,0.239564961787184,-0.09390562010908243,-0.09659315469132879,0.18567702157932175,VAL
0.2,2024-04-18 00:00:00+00:00,LSKUSDT,False,0.2602256699576868,-0.02462227196418565,0.03077783995523231,0.06715165081141583,VAL
0.2,2024-04-18 00:00:00+00:00,ONGUSDT,False,0.35192507804370443,0.013392857142857206,0.1251539408866995,0.007081280788177491,VAL
0.2,2024-04-19 00:00:00+00:00,PUNDIXUSDT,False,0.29153269024651673,-0.015629322268326362,0.11479944674965425,-0.02793914246196405,VAL
0.2,2024-04-20 00:00:00+00:00,1000SATSUSDT,True,0.37189781021897805,-0.09630220803405154,-0.09710029263101883,-0.23064644852354355,VAL
0.2,2024-04-20 00:00:00+00:00,AKROUSDT,False,0.2109765940274415,0.08517728605705144,0.025726472940549083,-0.03372434017595305,VAL
0.2,2024-04-20 00:00:00+00:00,BONKUSDT,True,0.3204868154158216,0.06656426011264704,0.2683051715309779,0.2555043522785456,VAL
0.2,2024-04-20 00:00:00+00:00,LPTUSDT,False,0.23816134505630115,-0.051077613055936166,-0.0507661641958389,-0.12993646443254014,VAL
0.2,2024-04-20 00:00:00+00:00,REIUSDT,False,0.24175190894683762,0.2507251421278571,0.070657848938392,0.020884093282283356,VAL
0.2,2024-04-21 00:00:00+00:00,FARMUSDT,False,0.22910302693696205,0.010506100316312716,-0.1300271125169452,-0.06597379123361935,VAL
0.2,2024-04-21 00:00:00+00:00,REIUSDT,False,0.2507251421278571,-0.06345083487940639,-0.2073283858998145,-0.19025974025974024,VAL
0.2,2024-04-22 00:00:00+00:00,BNXUSDT,False,0.2032726759768655,0.11758499413833534,-0.007737397420867431,0.18698710433763188,VAL
0.2,2024-04-23 00:00:00+00:00,BONKUSDT,True,0.22381422924901173,-0.010496568429551822,0.030278562777553475,-0.08356883326604758,VAL
0.2,2024-04-23 00:00:00+00:00,HBARUSDT,False,0.7289823008849559,-0.20153550863723613,-0.2898272552783109,-0.399872040946897,VAL
0.2,2024-04-24 00:00:00+00:00,COSUSDT,False,0.30133333333333323,-0.05619877049180333,0.02689549180327866,-0.34456967213114753,VAL
0.2,2024-04-25 00:00:00+00:00,ORNUSDT,False,0.20691971783674834,-0.11711661564152509,-0.07982187586974676,-0.22644030058446984,VAL
0.2,2024-04-26 00:00:00+00:00,COSUSDT,False,0.7004288118113229,-0.3601366233600408,-0.5387046317872761,-0.6072078398825295,VAL
0.2,2024-04-27 00:00:00+00:00,GLMUSDT,False,0.29087104368297156,0.07902735562310026,0.001621073961499464,0.16899696048632218,VAL
0.2,2024-05-02 00:00:00+00:00,ARUSDT,False,0.20140270072228605,0.003978972437628903,0.17826958264354809,0.19679939589323592,VAL
0.2,2024-05-02 00:00:00+00:00,TRBUSDT,False,0.5737670514165791,-0.06440858781170822,0.20589411921589562,0.7110281370849447,VAL
0.2,2024-05-04 00:00:00+00:00,GLMUSDT,False,0.2598820703210307,0.07574969665453302,-0.00970705494886448,-0.03969492113017836,VAL
0.2,2024-05-05 00:00:00+00:00,FRONTUSDT,False,0.3887031287317888,0.08238025625591194,0.4806088227706595,0.174993550606243,VAL
0.2,2024-05-05 00:00:00+00:00,TRBUSDT,False,0.2821494399546294,0.012938184230896654,0.41921928563529787,0.46400530797301753,VAL
0.2,2024-05-07 00:00:00+00:00,TRBUSDT,False,0.2122270742358081,0.15579971181556185,0.11383285302593671,0.04592939481267999,VAL
0.2,2024-05-08 00:00:00+00:00,FRONTUSDT,False,0.34990199921599374,-0.08682773841328839,-0.21396213265187602,-0.30229991868974326,VAL
0.2,2024-05-09 00:00:00+00:00,ASRUSDT,False,0.26346932419806923,-0.07838304165639642,-0.06507271382795177,-0.09415824500862724,VAL
0.2,2024-05-09 00:00:00+00:00,LPTUSDT,False,0.2235008219569723,-0.013436149082836635,0.04790279238228767,0.14043696693538976,VAL
0.2,2024-05-15 00:00:00+00:00,PEOPLEUSDT,True,0.47571968595521974,-0.020098522167487642,-0.09931034482758627,0.2947783251231526,VAL
0.2,2024-05-15 00:00:00+00:00,PHBUSDT,False,0.2382862351868733,-0.006294169611307465,-0.03143404004711425,0.07950530035335679,VAL
0.2,2024-05-20 00:00:00+00:00,BONKUSDT,True,0.21040095275903137,0.07969826172515582,0.15480485405050826,0.2859954083306002,VAL
0.2,2024-05-20 00:00:00+00:00,ENSUSDT,False,0.2322175732217575,0.21392190152801338,0.3582342954159592,0.4182229767968306,VAL
0.2,2024-05-20 00:00:00+00:00,ETHFIUSDT,False,0.2323727774371549,0.04427860696517438,0.2480099502487565,0.23407960199004996,VAL
0.2,2024-05-20 00:00:00+00:00,LDOUSDT,False,0.21378910776361537,0.06014319809069213,0.021002386634844772,0.18711217183770867,VAL
0.2,2024-05-20 00:00:00+00:00,PENDLEUSDT,False,0.25119468107209664,0.06592494187977405,0.03155097974094967,0.14247758219860507,VAL
0.2,2024-05-20 00:00:00+00:00,PEPEUSDT,True,0.24563318777292564,0.21297107800175286,0.3093777388255916,0.4645048203330413,VAL
0.2,2024-05-20 00:00:00+00:00,PYTHUSDT,False,0.21387434554973828,0.0002156566745741273,-0.04981669182661208,-0.03536769463014888,VAL
0.2,2024-05-20 00:00:00+00:00,UNIUSDT,False,0.22062287359330002,0.03548456260720423,-0.02572898799313894,0.18524871355060024,VAL
0.2,2024-05-21 00:00:00+00:00,ENSUSDT,False,0.21392190152801338,0.02144522144522143,0.09510489510489517,0.2102564102564104,VAL
0.2,2024-05-21 00:00:00+00:00,PEPEUSDT,True,0.21297107800175286,-0.03323699421965309,0.02239884393063596,0.1560693641618498,VAL
0.2,2024-05-22 00:00:00+00:00,PEOPLEUSDT,True,0.29990108803165194,0.25369045807335255,0.17348957540709176,0.20773093897428074,VAL
0.2,2024-05-23 00:00:00+00:00,ETHFIUSDT,False,0.2442956349206351,-0.03807056009567489,0.0163444289415986,-0.08770181383296793,VAL
0.2,2024-05-23 00:00:00+00:00,PEOPLEUSDT,True,0.25369045807335255,0.005219713522699676,-0.08290847293032277,-0.07708181597475106,VAL
0.2,2024-05-27 00:00:00+00:00,FLOKIUSDT,True,0.23092600797518825,0.06061478655244379,-0.10672377798574628,-0.035022676553163934,VAL
0.2,2024-05-27 00:00:00+00:00,HIGHUSDT,False,0.29537815126050426,0.052708400908206166,0.059195588712293024,0.06989944858903674,VAL
0.2,2024-05-28 00:00:00+00:00,COSUSDT,False,0.307623228896428,-0.10934757726058753,-0.16650133536818013,-0.1694009919877909,VAL
0.2,2024-05-29 00:00:00+00:00,AUCTIONUSDT,False,0.3537946428571428,-0.058944765045342296,-0.013190436933223415,-0.11788953009068437,VAL
0.2,2024-05-30 00:00:00+00:00,JASMYUSDT,False,0.22188798733425696,0.09057043827540423,0.17093712545754913,0.3209808558193774,VAL
0.2,2024-05-30 00:00:00+00:00,ORDIUSDT,True,0.20692194403534603,-0.0420988407565589,-0.08521456172462893,0.17531014846451076,VAL
0.2,2024-06-01 00:00:00+00:00,PEOPLEUSDT,True,0.2923167155425219,0.04683670690750663,-0.047199782154851655,0.22537895978941647,VAL
0.2,2024-06-02 00:00:00+00:00,TNSRUSDT,False,0.25244428785343076,-0.02770940291159707,-0.08228426752936213,-0.2224488360644209,VAL
0.2,2024-06-04 00:00:00+00:00,CKBUSDT,False,0.24960978147762725,-0.055011970438222035,-0.1285000520453835,-0.2597585094202144,VAL
0.2,2024-06-04 00:00:00+00:00,UNIUSDT,False,0.20783735383967117,-0.026513169370312117,-0.14372928658642947,-0.2169893598465027,VAL
0.2,2024-06-08 00:00:00+00:00,PEOPLEUSDT,True,0.23819132348894811,-0.06192592592592594,-0.1557037037037038,-0.17192592592592593,VAL
0.2,2024-06-12 00:00:00+00:00,BAKEUSDT,False,0.26865671641791034,0.045454545454545414,0.21871657754010698,-0.10802139037433156,VAL
0.2,2024-06-12 00:00:00+00:00,LPTUSDT,False,0.24277973852960177,-0.04791808327666891,-0.12123515059397638,-0.24815007399704014,VAL
0.2,2024-06-19 00:00:00+00:00,AGIXUSDT,False,0.2354344800159076,0.05633349428617418,-0.003540962497988076,0.1693223885401578,VAL
0.2,2024-06-19 00:00:00+00:00,FETUSDT,False,0.260469011725293,0.06843853820598023,-0.022591362126245684,0.17807308970099678,VAL
0.2,2024-06-19 00:00:00+00:00,OCEANUSDT,False,0.2228939157566301,0.04560676128209207,-0.01530856322755536,0.15978312868760947,VAL
0.2,2024-06-27 00:00:00+00:00,1000SATSUSDT,True,0.20897284533648164,-0.06738281249999989,-0.05664062499999989,-0.2963867187499999,VAL
0.2,2024-06-30 00:00:00+00:00,BNXUSDT,False,0.23806760481648048,-0.07018982891961567,0.3014998828216544,0.2525193344269978,VAL
0.2,2024-07-02 00:00:00+00:00,BNXUSDT,False,0.28972904851921877,0.08530388899745933,0.07660738714090276,0.1485245260895054,VAL
0.2,2024-07-03 00:00:00+00:00,BETAUSDT,False,0.2454201802849667,-0.14394116273639967,-0.18316600513658643,-0.2520429605416764,VAL
0.2,2024-07-06 00:00:00+00:00,AEVOUSDT,False,0.20285714285714285,0.04038004750593838,0.07838479809976251,0.12351543942992871,VAL
0.2,2024-07-06 00:00:00+00:00,AXLUSDT,False,0.37043870438704385,-0.013612565445026203,-0.049214659685863804,0.025729244577412214,VAL
0.2,2024-07-06 00:00:00+00:00,BAKEUSDT,False,0.27854753941710464,-0.008221225710014823,0.046711509715994026,0.048579970104633885,VAL
0.2,2024-07-06 00:00:00+00:00,BBUSDT,False,0.286750788643533,-0.04045109095366506,0.023290022064231364,0.16915910762441766,VAL
0.2,2024-07-06 00:00:00+00:00,HIGHUSDT,False,0.2205767731878412,-0.07279693486590044,-0.017241379310344862,-0.06641123882503197,VAL
0.2,2024-07-06 00:00:00+00:00,LEVERUSDT,False,0.22480237154150173,-0.08067769261799096,-0.02944735780556662,-0.07422347720855171,VAL
0.2,2024-07-06 00:00:00+00:00,NOTUSDT,False,0.28613569321533916,0.10321100917431192,0.27599388379204903,0.13455657492354756,VAL
0.2,2024-07-06 00:00:00+00:00,PEOPLEUSDT,True,0.25517388521442275,-0.12578616352201266,-0.02260751317355092,-0.03705592384837675,VAL
0.2,2024-07-06 00:00:00+00:00,XAIUSDT,False,0.25839885632594717,-0.12638454984379444,0.08264697529111031,-0.11076398750355021,VAL
0.2,2024-07-07 00:00:00+00:00,1000SATSUSDT,True,0.2354277062831187,-0.06985294117647067,0.196078431372549,0.24325980392156854,VAL
0.2,2024-07-08 00:00:00+00:00,ELFUSDT,False,0.2065217391304348,0.0046262478694911735,-0.06428049671292924,-0.01363525687850009,VAL
0.2,2024-07-10 00:00:00+00:00,1000SATSUSDT,True,0.24648786717752236,-0.03329918032786883,-0.01741803278688525,0.48719262295081966,VAL
0.2,2024-07-13 00:00:00+00:00,BONDUSDT,False,0.36989247311827955,0.019884877027734227,-0.14599686028257464,-0.21193092621664056,VAL
0.2,2024-07-13 00:00:00+00:00,ZENUSDT,False,0.2350332594235034,0.02872531418312385,0.052962298025134524,0.15439856373429084,VAL
0.2,2024-07-15 00:00:00+00:00,1000SATSUSDT,True,0.2789551503203549,0.08747591522157983,0.056262042389209954,0.016184971098265777,VAL
0.2,2024-07-15 00:00:00+00:00,ENAUSDT,False,0.20551378446115276,-0.03534303534303529,0.018711018711018657,-0.09771309771309766,VAL
0.2,2024-07-15 00:00:00+00:00,FLOKIUSDT,True,0.20849268099696694,0.03431907463989514,-0.051451331296377134,0.05712570929725014,VAL
0.2,2024-07-15 00:00:00+00:00,JASMYUSDT,False,0.20390206579954095,-0.040991420400381284,-0.1118525579917381,-0.08738481093104544,VAL
0.2,2024-07-15 00:00:00+00:00,PEPEUSDT,True,0.23043478260869565,0.09275618374558303,0.028268551236749095,0.051236749116607694,VAL
0.2,2024-07-15 00:00:00+00:00,WIFUSDT,True,0.24617516309681897,0.020940467917535344,0.13004401204540184,0.2689367616400278,VAL
0.2,2024-07-15 00:00:00+00:00,WLDUSDT,False,0.2571274878967187,0.20581942661531882,0.13436029097133062,-0.028669234060761717,VAL
0.2,2024-07-16 00:00:00+00:00,WLDUSDT,False,0.20581942661531882,0.04577714691270396,-0.017743080198722616,-0.22711142654364802,VAL
0.2,2024-07-17 00:00:00+00:00,DYMUSDT,False,0.2286401925391095,0.07198824681684646,-0.002938295788442624,-0.20323212536728685,VAL
0.2,2024-07-20 00:00:00+00:00,ZROUSDT,False,0.3349306431273644,-0.01284715662195357,-0.07594936708860767,-0.1348951445305121,VAL
0.2,2024-07-22 00:00:00+00:00,BONDUSDT,False,0.2008928571428572,0.0,0.0,0.0,VAL
0.2,2024-07-26 00:00:00+00:00,CFXUSDT,False,0.20122783083219642,0.0034071550255536653,-0.07041453719477564,-0.21578648495173203,VAL
0.2,2024-07-26 00:00:00+00:00,JTOUSDT,False,0.23015267175572518,-0.03164753335401793,-0.03009618367980138,-0.17530251318647228,VAL
0.2,2024-07-26 00:00:00+00:00,STMXUSDT,False,0.3754445867121923,0.013136119155978454,-0.09029788994621424,-0.17821679768307808,VAL
0.2,2024-08-05 00:00:00+00:00,STORJUSDT,False,0.2999029440310579,-0.0009955201592832807,-0.009208561473369792,-0.11124937779990052,VAL
0.2,2024-08-06 00:00:00+00:00,AMBUSDT,False,0.326086956521739,0.003783102143757988,0.24590163934426235,0.047919293820933184,VAL
0.2,2024-08-06 00:00:00+00:00,NOTUSDT,False,0.2827225130890054,-0.1322448979591837,-0.04081632653061229,-0.08244897959183672,VAL
0.2,2024-08-06 00:00:00+00:00,PENDLEUSDT,False,0.24487938097405548,-0.09140767824497253,-0.019744058500913986,0.06069469835466168,VAL
0.2,2024-08-06 00:00:00+00:00,TNSRUSDT,False,0.20639534883720945,-0.033433734939758986,0.0810240963855422,0.10030120481927707,VAL
0.2,2024-08-06 00:00:00+00:00,TRBUSDT,False,0.2478836553071413,-0.07392590015654898,0.022438684988693725,0.029048530179161425,VAL
0.2,2024-08-08 00:00:00+00:00,AMBUSDT,False,0.2160804020100502,0.02066115702479343,-0.09194214876033058,-0.2303719008264462,VAL
0.2,2024-08-08 00:00:00+00:00,BBUSDT,False,0.2046698285297337,-0.02059357964869768,-0.12870987280436097,-0.160205935796487,VAL
0.2,2024-08-08 00:00:00+00:00,ENSUSDT,False,0.2163954189270645,-0.03815659068384536,-0.10604558969276512,-0.09018830525272548,VAL
0.2,2024-08-08 00:00:00+00:00,INJUSDT,False,0.23040857334226406,-0.011431682090364825,-0.03864997278170934,-0.013064779531845483,VAL
0.2,2024-08-08 00:00:00+00:00,IOUSDT,False,0.206831119544592,-0.12526205450733752,-0.21960167714884682,-0.1750524109014674,VAL
0.2,2024-08-08 00:00:00+00:00,LISTAUSDT,False,0.21651433974156942,-0.052072538860103657,-0.09844559585492241,-0.14533678756476676,VAL
0.2,2024-08-08 00:00:00+00:00,RAYUSDT,False,0.20175438596491224,-0.021376433785192828,-0.09697601668404587,-0.10010427528675703,VAL
0.2,2024-08-08 00:00:00+00:00,REZUSDT,False,0.35532994923857886,-0.050561797752809,-0.18913857677902635,-0.18352059925093633,VAL
0.2,2024-08-08 00:00:00+00:00,SAGAUSDT,False,0.3091108671789242,0.07940633909106154,0.038822740231426955,0.2096260271675332,VAL
0.2,2024-08-08 00:00:00+00:00,SEIUSDT,False,0.23621713316369797,-0.007547169811320642,-0.0802744425385934,-0.05591766723842184,VAL
0.2,2024-08-08 00:00:00+00:00,SUIUSDT,False,0.38235771039403277,0.0031671554252199474,0.024868035190615867,-0.008563049853372529,VAL
0.2,2024-08-08 00:00:00+00:00,TAOUSDT,False,0.23213564796124353,-0.024574049803407605,-0.06749672346002611,-0.12352555701179546,VAL
0.2,2024-08-08 00:00:00+00:00,TIAUSDT,False,0.2506077348066298,-0.010072450963067636,-0.09453967132002128,-0.04912528715320719,VAL
0.2,2024-08-08 00:00:00+00:00,ZROUSDT,False,0.20910003345600536,-0.034311012728278856,-0.09988931931377965,-0.06723851687880467,VAL
0.2,2024-08-09 00:00:00+00:00,BETAUSDT,False,0.252151051625239,-0.05306356174842519,-0.1313227715212827,-0.12712349685054403,VAL
0.2,2024-08-10 00:00:00+00:00,LUNCUSDT,False,0.23282821130151543,-0.1115450890292935,-0.09534750143595627,-0.10809879379666865,VAL
0.2,2024-08-12 00:00:00+00:00,1000SATSUSDT,True,0.25029103608847514,0.019553072625698276,-0.10769708255741783,-0.10024829298572324,VAL
0.2,2024-08-12 00:00:00+00:00,CRVUSDT,False,0.23615635179153083,0.008563899868247793,0.04347826086956541,0.0,VAL
0.2,2024-08-12 00:00:00+00:00,DYMUSDT,False,0.20985691573926868,0.04073587385019706,-0.09526938239159,-0.1176084099868594,VAL
0.2,2024-08-12 00:00:00+00:00,PIXELUSDT,False,0.20909090909090922,-0.03144224196855794,-0.07860560492139446,-0.0136705399863295,VAL
0.2,2024-08-12 00:00:00+00:00,SAGAUSDT,False,0.3276293486157076,0.026142996108949434,-0.12293287937743191,-0.2204523346303502,VAL
0.2,2024-08-14 00:00:00+00:00,QKCUSDT,False,0.23003741314804915,-0.08890240723038145,-0.12740071260971586,-0.13991483444859654,VAL
0.2,2024-08-17 00:00:00+00:00,BBUSDT,False,0.21257142857142863,-0.04052780395852973,-0.03581526861451467,0.13320766572415965,VAL
0.2,2024-08-17 00:00:00+00:00,LISTAUSDT,False,0.3295454545454546,-0.08223608223608225,-0.08985908985908986,0.0723030723030722,VAL
0.2,2024-08-17 00:00:00+00:00,RAREUSDT,False,0.47759197324414737,0.1398822996831146,0.05975554549569928,0.08782254413761881,VAL
0.2,2024-08-22 00:00:00+00:00,SUNUSDT,False,0.44465174129353224,0.4575979337064142,0.5587602238484717,0.2965992251399052,VAL
0.2,2024-08-23 00:00:00+00:00,1000SATSUSDT,True,0.23386075949367102,0.04180559117722504,-0.06617081302898176,-0.23518850987432682,VAL
0.2,2024-08-23 00:00:00+00:00,SUNUSDT,False,0.4575979337064142,0.13585351447135263,-0.08357944477259316,0.08417011222681614,VAL
0.2,2024-08-23 00:00:00+00:00,TRBUSDT,False,0.3089672016748082,0.038784486205517776,-0.06104224976675998,-0.1520725043316007,VAL
0.2,2024-08-23 00:00:00+00:00,YGGUSDT,False,0.20530796194291434,0.019941836310760186,-0.11819692563356876,-0.18570835064395508,VAL
0.2,2024-08-24 00:00:00+00:00,ALPACAUSDT,False,0.21615905245346867,-0.145391304347826,-0.297391304347826,-0.39686956521739125,VAL
0.2,2024-08-30 00:00:00+00:00,SUNUSDT,False,0.21879150066401065,-0.012258240261509123,-0.13075456278943065,-0.3010078997548352,VAL
0.2,2024-09-02 00:00:00+00:00,ORDIUSDT,True,0.20045994633959374,-0.01085568326947639,-0.07822477650063853,-0.045338441890166115,VAL
0.2,2024-09-02 00:00:00+00:00,RDNTUSDT,False,0.21883289124668437,0.017410228509249226,-0.07725788900979325,-0.10990206746463549,VAL
0.2,2024-09-03 00:00:00+00:00,HARDUSDT,False,0.2488443759630199,0.03516347933374475,-0.08328192473781604,-0.15607649599012952,VAL
0.2,2024-09-07 00:00:00+00:00,DARUSDT,False,0.38647604327666163,-0.0020623153670362715,-0.073407279415863,-0.1531687196923247,VAL
0.2,2024-09-13 00:00:00+00:00,CKBUSDT,False,0.5111698030152967,0.055782114768424096,0.17426449169822322,0.23033789688319262,VAL
0.2,2024-09-17 00:00:00+00:00,SAGAUSDT,False,0.2374160537256158,0.1086990231043572,0.2967385124308677,0.2177081718095828,VAL
0.2,2024-09-19 00:00:00+00:00,ALTUSDT,False,0.3281437125748503,-0.035166816952209246,-0.09197475202885486,0.1557258791704239,VAL
0.2,2024-09-23 00:00:00+00:00,ARKMUSDT,False,0.2215619694397284,0.037526059763724806,0.04308547602501722,0.023627519110493322,VAL
0.2,2024-09-23 00:00:00+00:00,TIAUSDT,False,0.2418752334703025,-0.03534366070085737,-0.057301849902240964,-0.16859678147089796,VAL
0.2,2024-09-24 00:00:00+00:00,FIDAUSDT,False,0.272572402044293,-0.09933065595716206,-0.08755020080321285,-0.25997322623828656,VAL
0.2,2024-09-26 00:00:00+00:00,SHIBUSDT,True,0.22018348623853212,0.08861439312567132,0.03866809881847466,-0.13641245972073057,VAL
0.2,2024-10-04 00:00:00+00:00,DIAUSDT,False,0.32002683663200293,0.07573062261753494,-0.06505717916137232,0.0029224904701397048,VAL
0.2,2024-10-04 00:00:00+00:00,FTTUSDT,False,0.21528466574092442,0.09859212405631501,0.10593756376249752,-0.12650479493980826,VAL
0.2,2024-10-11 00:00:00+00:00,ENAUSDT,False,0.2669867060561302,-0.039930049548236646,0.19440396385893322,0.20547945205479445,VAL
0.2,2024-10-11 00:00:00+00:00,SXPUSDT,False,0.24386981720909517,0.027240143369175573,-0.017921146953405076,-0.06917562724014348,VAL
0.2,2024-10-14 00:00:00+00:00,BOMEUSDT,True,0.3117594598037965,-0.09061771561771559,-0.17191142191142184,-0.1637529137529138,VAL
0.2,2024-10-14 00:00:00+00:00,MEMEUSDT,True,0.3336322869955157,-0.059179556153328816,-0.14391392064559516,-0.11365164761264279,VAL
0.2,2024-10-17 00:00:00+00:00,DIAUSDT,False,0.4255844155844155,-0.08836658467705205,0.03871731802860556,0.004463879019768635,VAL
0.2,2024-10-20 00:00:00+00:00,APEUSDT,False,0.7118254879448911,0.052984574111334615,-0.24279007377598927,-0.24211938296445346,VAL
0.2,2024-10-20 00:00:00+00:00,DYDXUSDT,False,0.32824658918645766,-0.058662405843414756,-0.17279160009130345,-0.214486799056532,VAL
0.2,2024-10-28 00:00:00+00:00,SANTOSUSDT,False,0.5707272169377109,0.002344207853096414,-0.09513576870482521,-0.1760109396366477,VAL
0.2,2024-10-29 00:00:00+00:00,PIXELUSDT,False,0.23735670937289277,0.016348773841961872,-0.12588555858310635,-0.2103542234332425,VAL
0.2,2024-10-29 00:00:00+00:00,PROSUSDT,False,0.2660930528999361,0.06795872136924253,-0.0022652907123080768,0.18751573118550224,VAL
0.2,2024-10-30 00:00:00+00:00,TROYUSDT,False,0.33282559025133285,-0.07657142857142862,-0.27628571428571425,0.32085714285714295,VAL
0.2,2024-11-02 00:00:00+00:00,UNFIUSDT,False,0.2645578720345074,-0.10460488914155763,-0.21944286526435475,-0.2376350198976691,VAL
0.2,2024-11-04 00:00:00+00:00,TROYUSDT,False,0.6950298210735588,0.06145906638517484,0.002111189303307448,0.07670654468684024,VAL
0.2,2024-11-05 00:00:00+00:00,ARKUSDT,False,0.22029822029822022,0.05597162002365019,0.02424122979897536,0.14032321639731982,VAL
0.2,2024-11-05 00:00:00+00:00,RAREUSDT,False,0.32579650565262086,-0.03565891472868221,-0.07596899224806208,-0.01705426356589157,VAL
0.2,2024-11-06 00:00:00+00:00,1MBABYDOGEUSDT,False,0.21364202856868952,-0.026857300841265475,0.007306765670050064,0.049804494648287845,VAL
0.2,2024-11-06 00:00:00+00:00,AAVEUSDT,False,0.27887800927630124,0.05578262621610719,0.12457544182833447,-0.002878360485867204,VAL
0.2,2024-11-06 00:00:00+00:00,ARKMUSDT,False,0.26128266033254177,0.09463276836158196,0.04802259887005644,-0.028719397363465182,VAL
0.2,2024-11-06 00:00:00+00:00,BANANAUSDT,False,0.2215504210753616,0.05409227505745107,0.01803075835248369,-0.003005126392080615,VAL
0.2,2024-11-06 00:00:00+00:00,ENAUSDT,False,0.38229433532593227,0.046540362438220795,0.13138385502471173,0.2147858319604612,VAL
0.2,2024-11-06 00:00:00+00:00,INJUSDT,False,0.2251732101616628,0.018850141376060447,0.12158341187558919,0.13760603204524036,VAL
0.2,2024-11-06 00:00:00+00:00,IOUSDT,False,0.2127659574468086,0.0212652844231791,0.07814992025518341,0.18553960659223812,VAL
0.2,2024-11-06 00:00:00+00:00,LDOUSDT,False,0.38414006179196725,-0.04687500000000011,-0.03497023809523825,-0.13541666666666674,VAL
0.2,2024-11-06 00:00:00+00:00,MKRUSDT,False,0.2366071428571428,0.08880866425992773,0.0779783393501805,0.07364620938628152,VAL
0.2,2024-11-06 00:00:00+00:00,NEIROUSDT,True,0.5468607690541951,0.07784032704330257,0.24199864051086162,0.20162564264583405,VAL
0.2,2024-11-06 00:00:00+00:00,PENDLEUSDT,False,0.20682352941176463,0.06297523883798029,0.08637161240007818,0.055956326769350806,VAL
0.2,2024-11-06 00:00:00+00:00,RAYUSDT,False,0.33955223880596996,0.0749767873723306,0.3094243268337977,0.15297121634168986,VAL
0.2,2024-11-06 00:00:00+00:00,TIAUSDT,False,0.2103644107903455,0.0019550342130987275,0.08074291300097736,-0.016031280547409543,VAL
0.2,2024-11-06 00:00:00+00:00,UNIUSDT,False,0.29071706503613126,-0.04166666666666674,-0.004737295434969924,-0.07105943152454786,VAL
0.2,2024-11-08 00:00:00+00:00,PROSUSDT,False,0.2283950617283952,0.03643216080402012,-0.031407035175879394,0.3142273869346732,VAL
0.2,2024-11-08 00:00:00+00:00,TROYUSDT,False,0.27504681647940066,-0.026436570589315034,-0.15733431246557728,-0.24857719845786663,VAL
0.2,2024-11-09 00:00:00+00:00,CATIUSDT,False,0.2079347214406304,0.004658746797111535,-0.0717447006755183,0.02236198462613559,VAL
0.2,2024-11-09 00:00:00+00:00,DOGSUSDT,True,0.33038556773965344,-0.051316139324647625,-0.1418505716564743,-0.13055038553576181,VAL
0.2,2024-11-09 00:00:00+00:00,HMSTRUSDT,True,0.8021431305013393,-0.006795497982586496,-0.09959651730728392,-0.12975153960501162,VAL
0.2,2024-11-09 00:00:00+00:00,NOTUSDT,False,0.2253205128205129,-0.006800941668846483,-0.00601621763013338,0.007716453047345029,VAL
0.2,2024-11-09 00:00:00+00:00,SUIUSDT,False,0.20076038980902844,0.10386869017723921,0.17010590675837967,0.3686719802016232,VAL
0.2,2024-11-10 00:00:00+00:00,DOGEUSDT,True,0.26898126998629523,0.2648858809129526,0.4364965080279357,0.32133342933256515,VAL
0.2,2024-11-10 00:00:00+00:00,FLOKIUSDT,True,0.236975945017182,0.01811312368040885,0.30558950994554945,0.42399155461717974,VAL
0.2,2024-11-10 00:00:00+00:00,SHIBUSDT,True,0.27170731707317075,0.06981204449558875,-0.009205983889528202,-0.0490985807441503,VAL
0.2,2024-11-10 00:00:00+00:00,TRBUSDT,False,0.5015057573073516,-0.023596035865974474,-0.18522888154789996,-0.20422369042000943,VAL
0.2,2024-11-11 00:00:00+00:00,APTUSDT,False,0.2587155963302752,-0.099125364431487,-0.18075801749271136,-0.1217201166180758,VAL
0.2,2024-11-11 00:00:00+00:00,DOGEUSDT,True,0.2648858809129526,0.08108492714025495,0.03181921675774135,0.056267076502732216,VAL
0.2,2024-11-11 00:00:00+00:00,HARDUSDT,False,0.20451436388508903,-0.09085746734809774,-0.09085746734809774,-0.09085746734809774,VAL
0.2,2024-11-11 00:00:00+00:00,IOUSDT,False,0.30419753086419754,-0.06777735706171895,-0.1518364255963649,-0.09655433547898518,VAL
0.2,2024-11-11 00:00:00+00:00,RENDERUSDT,False,0.22857142857142865,0.0403004477827531,-0.05113390148779429,0.10732341470460782,VAL
0.2,2024-11-11 00:00:00+00:00,STRKUSDT,False,0.20262869660460026,-0.08233151183970855,-0.20983606557377055,-0.07759562841530065,VAL
0.2,2024-11-11 00:00:00+00:00,STXUSDT,False,0.21081677704194246,-0.0788514129443938,-0.17730173199635368,-0.113947128532361,VAL
0.2,2024-11-12 00:00:00+00:00,BONKUSDT,True,0.3943820224719101,0.006983615363953755,0.2151490733279613,0.4018264840182648,VAL
0.2,2024-11-13 00:00:00+00:00,PEPEUSDT,True,0.47275300778485474,-0.007688611244593857,0.023546371936568944,-0.09851033157135991,VAL
0.2,2024-11-13 00:00:00+00:00,WIFUSDT,True,0.28092307692307705,-0.13764112418928665,-0.13427816478501087,-0.2675954840259429,VAL
0.2,2024-11-14 00:00:00+00:00,OMUSDT,False,0.21075330649798718,0.45808596532890067,1.5128829256708625,1.209273331750178,VAL
0.2,2024-11-14 00:00:00+00:00,PROSUSDT,False,0.8687054026503567,-0.08695177831114986,-0.20946977962033597,-0.18710451669212302,VAL
0.2,2024-11-15 00:00:00+00:00,ADAUSDT,False,0.22082182320441968,0.04879083580823096,0.03592136897185694,0.4389760995615899,VAL
0.2,2024-11-15 00:00:00+00:00,ALGOUSDT,False,0.273850377487989,0.0587284482758621,0.16325431034482762,0.39331896551724155,VAL
0.2,2024-11-15 00:00:00+00:00,BONKUSDT,True,0.2718583075625527,0.047524314765694076,0.06520778072502198,0.09482758620689657,VAL
0.2,2024-11-15 00:00:00+00:00,FLOKIUSDT,True,0.20515439981425576,-0.048664894231880806,-0.04157515508804377,-0.04057334412206692,VAL
0.2,2024-11-15 00:00:00+00:00,OMUSDT,False,0.45808596532890067,0.046131921824104305,0.5427117263843648,0.5605048859934854,VAL
0.2,2024-11-16 00:00:00+00:00,CLVUSDT,False,0.8646389185343295,-0.13917771630258513,-0.2729180578078795,-0.07717256510540871,VAL
0.2,2024-11-16 00:00:00+00:00,HBARUSDT,False,0.24516574585635342,0.0007764836383805651,0.4756516916250695,0.7120354963948976,VAL
0.2,2024-11-16 00:00:00+00:00,LUNAUSDT,False,0.24879614767255198,-0.08140531276778062,-0.10411311053984573,0.1053984575835476,VAL
0.2,2024-11-16 00:00:00+00:00,MANAUSDT,False,0.24956970740103257,-0.10009182736455458,-0.06244260789715339,0.21074380165289264,VAL
0.2,2024-11-16 00:00:00+00:00,POLYXUSDT,False,0.21509581540868195,-0.08690054715159312,0.014161570646926247,0.09365947859671708,VAL
0.2,2024-11-16 00:00:00+00:00,SANDUSDT,False,0.35368782161235,-0.11708058793715159,-0.11530663963507348,0.1102382159148505,VAL
0.2,2024-11-16 00:00:00+00:00,XLMUSDT,False,0.5147563486616336,-0.11010421386497515,0.04893520616221125,1.3642954236520164,VAL
0.2,2024-11-16 00:00:00+00:00,XRPUSDT,False,0.25633266083837714,-0.05941654028013199,-0.018378089035596346,0.31010794896957794,VAL
0.2,2024-11-17 00:00:00+00:00,OMUSDT,False,0.6474136924454132,-0.10485033193942406,-0.10182625747159035,-0.14196612091572758,VAL
0.2,2024-11-17 00:00:00+00:00,RAYUSDT,False,0.22148209825145715,-0.037661895023858194,-0.023006134969325243,0.04328561690524868,VAL
0.2,2024-11-18 00:00:00+00:00,CATIUSDT,False,0.3593689131281652,-0.12351339733486166,-0.15460667717438026,-0.2326980942828485,VAL
0.2,2024-11-18 00:00:00+00:00,HBARUSDT,False,0.5994236311239196,-0.07810117810117811,-0.12113652113652129,-0.06590436590436599,VAL
0.2,2024-11-20 00:00:00+00:00,CLVUSDT,False,0.4514563106796119,-0.05315014010666197,-0.12555364729277774,-0.20193437584741947,VAL
0.2,2024-11-20 00:00:00+00:00,LUMIAUSDT,False,0.21441605839416056,-0.04583020285499617,-0.06987227648384675,0.054845980465815236,VAL
0.2,2024-11-21 00:00:00+00:00,ETHFIUSDT,False,0.2914131169709262,-0.02041884816753925,0.15392670157068067,0.24659685863874348,VAL
0.2,2024-11-21 00:00:00+00:00,JTOUSDT,False,0.2339567290062341,0.07994056463595833,0.1236255572065379,0.058543833580980476,VAL
0.2,2024-11-21 00:00:00+00:00,OPUSDT,False,0.2631898120072773,0.0604896783485358,0.05664906385021595,0.1329812770043206,VAL
0.2,2024-11-21 00:00:00+00:00,SCRUSDT,False,0.2026578073089702,-0.012430939226519389,0.06906077348066297,0.1312154696132597,VAL
0.2,2024-11-21 00:00:00+00:00,TROYUSDT,False,0.7336043360433604,-0.21369391902454282,-0.2704392684070658,-0.3151477254963263,VAL
0.2,2024-11-22 00:00:00+00:00,ACAUSDT,False,0.23121387283237005,-0.03755868544600938,-0.07136150234741778,0.001877934272300541,VAL
0.2,2024-11-22 00:00:00+00:00,ADAUSDT,False,0.23813579946459007,0.04746928746928747,-0.07272727272727275,0.05700245700245676,VAL
0.2,2024-11-22 00:00:00+00:00,ALGOUSDT,False,0.20728291316526604,0.1357308584686776,0.003866976024748725,0.7080433101314771,VAL
0.2,2024-11-22 00:00:00+00:00,AVAXUSDT,False,0.2045200892857142,-0.04007412555015066,-0.04308547602501733,0.03914755617326837,VAL
0.2,2024-11-22 00:00:00+00:00,ICPUSDT,False,0.22194513715710706,0.010381543921916592,0.021384205856255445,0.07009760425909506,VAL
0.2,2024-11-22 00:00:00+00:00,SCRTUSDT,False,0.6578793204452256,-0.08904593639575975,0.12579505300353366,0.23409893992932873,VAL
0.2,2024-11-22 00:00:00+00:00,XLMUSDT,False,0.2953506097560974,0.5351573992350693,0.41718152397764063,0.6116504854368932,VAL
0.2,2024-11-23 00:00:00+00:00,AEVOUSDT,False,0.20169909564264188,0.027366020524515422,-0.012770809578107167,0.15598631698973775,VAL
0.2,2024-11-23 00:00:00+00:00,DOTUSDT,False,0.2843137254901962,0.03640634174985302,-0.05284791544333545,0.05049911920140926,VAL
0.2,2024-11-23 00:00:00+00:00,JASMYUSDT,False,0.25715672003881607,0.014280200694712475,-0.08606715553840216,0.12234658433037437,VAL
0.2,2024-11-23 00:00:00+00:00,MOVRUSDT,False,0.46375524701323867,-0.07307119616169411,-0.12298020184194558,-0.06198643357414657,VAL
0.2,2024-11-23 00:00:00+00:00,SUSHIUSDT,False,0.23059096176129779,0.06685499058380406,-0.023540489642184692,0.2570621468926553,VAL
0.2,2024-11-23 00:00:00+00:00,TIAUSDT,False,0.24781085814360782,0.11635087719298243,0.153263157894737,0.1741754385964911,VAL
0.2,2024-11-23 00:00:00+00:00,XLMUSDT,False,0.5351573992350693,0.027596780375622743,-0.1596397087006517,0.005940973553085538,VAL
0.2,2024-11-24 00:00:00+00:00,AXSUSDT,False,0.21144350856810923,-0.09721889235195402,-0.07540158235435157,-0.010189403020858356,VAL
0.2,2024-11-24 00:00:00+00:00,DYMUSDT,False,0.2082096933728983,-0.030699959066721294,-0.06958657388456813,-0.0233319688907081,VAL
0.2,2024-11-24 00:00:00+00:00,MANAUSDT,False,0.37713310580204773,-0.13382899628252787,-0.1617788792509981,-0.10326311441553071,VAL
0.2,2024-11-24 00:00:00+00:00,SANDUSDT,False,0.7644373430723579,-0.0949547218628719,-0.19301423027166886,-0.12936610608020693,VAL
0.2,2024-11-24 00:00:00+00:00,SEIUSDT,False,0.2370190511766903,-0.012079118224369578,0.017665710403140578,-0.01343801902461128,VAL
0.2,2024-11-24 00:00:00+00:00,XTZUSDT,False,0.2267593397046046,-0.11898016997167138,-0.10127478753541075,0.17776203966005677,VAL
0.2,2024-11-25 00:00:00+00:00,COSUSDT,False,0.2617326682276291,-0.08141035985154121,-0.0426012586735518,-0.00935936743585608,VAL
0.2,2024-11-25 00:00:00+00:00,SCRTUSDT,False,0.29118541033434653,-0.10781544256120523,0.13292529817953547,0.1332391713747645,VAL
0.2,2024-11-26 00:00:00+00:00,CTXCUSDT,False,0.23391563698338325,0.012258287292817638,0.028660220994475072,0.1317334254143645,VAL
0.2,2024-11-26 00:00:00+00:00,PONDUSDT,False,0.24397413286302183,-0.036862003780718466,-0.06805293005671076,-0.0014177693761815435,VAL
0.2,2024-11-26 00:00:00+00:00,ZRXUSDT,False,0.2583682008368202,-0.04139650872817957,-0.04987531172069826,0.07431421446384023,VAL
0.2,2024-11-27 00:00:00+00:00,CAKEUSDT,False,0.2041284403669723,-0.033333333333333326,-0.03111111111111109,0.25809523809523816,VAL
0.2,2024-11-27 00:00:00+00:00,ENSUSDT,False,0.5166889185580774,0.012617370892018753,0.18016431924882625,0.25176056338028174,VAL
0.2,2024-11-27 00:00:00+00:00,KDAUSDT,False,0.25269548832827393,-0.03442801036182841,-0.01153171220857363,0.36249686638255185,VAL
0.2,2024-11-27 00:00:00+00:00,LISTAUSDT,False,0.21913647211976572,-0.009610250934329878,-0.02064424274781984,0.06994127068873457,VAL
0.2,2024-11-27 00:00:00+00:00,LQTYUSDT,False,0.2631172839506173,-0.064752596212584,-0.03420891875381804,0.1655467318265118,VAL
0.2,2024-11-27 00:00:00+00:00,UNIUSDT,False,0.24425234504322235,-0.05691056910569103,-0.055284552845528356,0.15846267553584625,VAL
0.2,2024-11-27 00:00:00+00:00,XAIUSDT,False,0.2012320328542092,0.01737891737891739,0.11196581196581201,0.1484330484330485,VAL
0.2,2024-11-27 00:00:00+00:00,ZENUSDT,False,0.3640939597315438,-0.07687576875768765,0.004305043050430335,0.011685116851168464,VAL
0.2,2024-11-28 00:00:00+00:00,AMPUSDT,False,0.33796218838882397,-0.06802550956608733,-0.09290984119044654,0.3598849568588218,VAL
0.2,2024-11-28 00:00:00+00:00,SCRTUSDT,False,0.2483140238630468,-0.03241446183681951,0.026042388142402118,-0.05540933647319579,VAL
0.2,2024-11-29 00:00:00+00:00,ALGOUSDT,False,0.3691878487290763,0.004527960153950739,0.1410459587955626,0.12904686438759327,VAL
0.2,2024-11-29 00:00:00+00:00,HBARUSDT,False,0.22825561312607956,-0.04291579953878166,0.7519545531244725,1.0668204060970807,VAL
0.2,2024-11-29 00:00:00+00:00,IOTAUSDT,False,0.21710234824988928,-0.0007280669821623231,0.35020021842009474,0.7812158718602111,VAL
0.2,2024-11-29 00:00:00+00:00,OAXUSDT,False,0.28337531486146106,-0.06280667320902844,-0.18842001962708543,-0.2590775269872424,VAL
0.2,2024-11-30 00:00:00+00:00,CRVUSDT,False,0.25817174515235464,-0.01541171290180543,0.2876853075003669,0.7243505063848525,VAL
0.2,2024-11-30 00:00:00+00:00,CVXUSDT,False,0.20632870519857938,0.3758029978586721,0.45074946466809407,0.7968415417558885,VAL
0.2,2024-11-30 00:00:00+00:00,DGBUSDT,False,0.4581497797356826,-0.07552870090634434,0.14441087613293058,0.15226586102719053,VAL
0.2,2024-11-30 00:00:00+00:00,ENSUSDT,False,0.21768089615501052,0.02610641471904529,-0.018398806563898584,0.03257086026852307,VAL
0.2,2024-11-30 00:00:00+00:00,THETAUSDT,False,0.2790988735919899,-0.05968688845401171,-0.030006523157207976,-0.0035877364644486542,VAL
0.2,2024-11-30 00:00:00+00:00,WLDUSDT,False,0.24135570010270468,-0.061776061776061764,-0.0910093767236625,0.03971318257032541,VAL
0.2,2024-11-30 00:00:00+00:00,XTZUSDT,False,0.2214912280701753,-0.004787552363853975,0.026929982046678624,0.07241172950329133,VAL
0.2,2024-12-01 00:00:00+00:00,CVXUSDT,False,0.3758029978586721,-0.04785992217898827,0.41517509727626467,0.3262645914396889,VAL
0.2,2024-12-01 00:00:00+00:00,HBARUSDT,False,0.22608133521391638,0.49297799932895536,0.3785169918036717,0.5953602070651394,VAL
0.2,2024-12-01 00:00:00+00:00,KAIAUSDT,False,0.2300242130750607,0.5795275590551181,0.3622047244094486,0.26811023622047236,VAL
0.2,2024-12-01 00:00:00+00:00,ZROUSDT,False,0.2781497261107728,-0.0006349206349205438,-0.01111111111111096,0.04841269841269846,VAL
0.2,2024-12-02 00:00:00+00:00,HBARUSDT,False,0.49297799932895536,0.009214074739951394,-0.062090663927057865,-0.10068062154873503,VAL
0.2,2024-12-02 00:00:00+00:00,IOTAUSDT,False,0.20226904376012977,0.27716365597196013,0.24211377729846317,0.05257481801024544,VAL
0.2,2024-12-02 00:00:00+00:00,KAIAUSDT,False,0.5795275590551181,-0.16500498504486538,-0.20712861415752748,-0.3626620139581257,VAL
0.2,2024-12-02 00:00:00+00:00,LINKUSDT,False,0.33350951374207183,-0.045184304399524367,-0.08244153785176389,-0.11811335711454618,VAL
0.2,2024-12-02 00:00:00+00:00,VETUSDT,False,0.25059665871121717,0.35149201943095076,0.1290770298403887,-0.022380291464260904,VAL
0.2,2024-12-02 00:00:00+00:00,XVGUSDT,False,0.33116972793813004,0.8048552754435108,0.837223778400249,0.24577238302728488,VAL
0.2,2024-12-02 00:00:00+00:00,ZECUSDT,False,0.24233844103930724,-0.018635205791661114,-0.0529561603432096,-0.21544442954819676,VAL
0.2,2024-12-03 00:00:00+00:00,AMPUSDT,False,0.2254213483146068,0.20871060171919775,0.25031518624641835,0.06808022922636092,VAL
0.2,2024-12-03 00:00:00+00:00,BTTCUSDT,False,0.2551724137931033,-0.11538461538461531,-0.13736263736263732,-0.3076923076923077,VAL
0.2,2024-12-03 00:00:00+00:00,CRVUSDT,False,0.20013679890560865,0.24438618488544384,0.42300239370796766,0.22022113302177138,VAL
0.2,2024-12-03 00:00:00+00:00,DGBUSDT,False,0.2002534854245881,0.0786694825765577,-0.045934530095036896,-0.23864836325237582,VAL
0.2,2024-12-03 00:00:00+00:00,GASUSDT,False,0.21004784688995226,-0.0935811256095953,-0.11888757084486623,-0.2977461447212336,VAL
0.2,2024-12-03 00:00:00+00:00,IOTAUSDT,False,0.27716365597196013,0.0432763352332699,0.03293223559214686,-0.20329322355921464,VAL
0.2,2024-12-03 00:00:00+00:00,JASMYUSDT,False,0.27487244897959195,-0.003251625812906611,0.2791395697848924,-0.004252126063031603,VAL
0.2,2024-12-03 00:00:00+00:00,JSTUSDT,False,0.619570644033949,-0.16368680641183708,-0.20406905055487046,-0.34186189889025886,VAL
0.2,2024-12-03 00:00:00+00:00,KDAUSDT,False,0.4438311963997623,-0.041107974594213004,0.0377558221594918,-0.21653728534462469,VAL
0.2,2024-12-03 00:00:00+00:00,NEOUSDT,False,0.4462305986696231,-0.15561517822920656,-0.1751628976619395,-0.35300881563817554,VAL
0.2,2024-12-03 00:00:00+00:00,RSRUSDT,False,1.5617198335644935,-0.1705855054528579,-0.30524402505994286,-0.47756980431587903,VAL
0.2,2024-12-03 00:00:00+00:00,SUNUSDT,False,0.6396210873146622,-0.2037176588796784,-0.2260738507912584,-0.39989952273298157,VAL
0.2,2024-12-03 00:00:00+00:00,TRUUSDT,False,0.21777421937550057,-0.06311637080867871,-0.053254437869822646,-0.25115055884286663,VAL
0.2,2024-12-03 00:00:00+00:00,TRXUSDT,False,0.9610859728506786,-0.23719427780341484,-0.24896169820027692,-0.37840332256575915,VAL
0.2,2024-12-03 00:00:00+00:00,VETUSDT,False,0.35149201943095076,-0.12798459563542997,-0.13568677792041073,-0.2851091142490372,VAL
0.2,2024-12-03 00:00:00+00:00,VTHOUSDT,False,0.2328615043019706,-0.08262044124268353,-0.09342638451148122,-0.25619090499774866,VAL
0.2,2024-12-03 00:00:00+00:00,XVGUSDT,False,0.8048552754435108,0.16933954130022433,-0.04690463873081574,-0.3520721963556934,VAL
0.2,2024-12-04 00:00:00+00:00,AMPUSDT,False,0.20871060171919775,0.03119666224160822,0.01754219609330554,-0.061824388393703744,VAL
0.2,2024-12-04 00:00:00+00:00,COMPUSDT,False,0.37714678268834434,-0.05096441636182236,-0.006152311273694644,-0.14008979048885928,VAL
0.2,2024-12-04 00:00:00+00:00,CRVUSDT,False,0.24438618488544384,-0.03233489053769345,0.076119813135477,0.037830905926536706,VAL
0.2,2024-12-04 00:00:00+00:00,CVXUSDT,False,0.34206642066420656,-0.09953258179818536,-0.0771240032994226,-0.12262854000549905,VAL
0.2,2024-12-04 00:00:00+00:00,FXSUSDT,False,0.20324379118094282,-0.043176074136478504,-0.048020219039595746,-0.1967144060657119,VAL
0.2,2024-12-04 00:00:00+00:00,LUMIAUSDT,False,0.2850494473531122,-0.04119511090991412,-0.04345857854232693,-0.05839746491625175,VAL
0.2,2024-12-04 00:00:00+00:00,SANDUSDT,False,0.2095521615324878,-0.04440877474585336,-0.010058855002675227,-0.1524879614767255,VAL
0.2,2024-12-04 00:00:00+00:00,SNTUSDT,False,0.3278784336645235,-0.01467136150234738,0.019219483568075235,-0.14656690140845074,VAL
0.2,2024-12-05 00:00:00+00:00,FTTUSDT,False,0.2863725890965847,-0.03599595551061685,-0.002282247580528751,-0.13840820453560587,VAL
0.2,2024-12-05 00:00:00+00:00,IRISUSDT,False,0.2279909706546277,-0.12040441176470595,-0.07444852941176472,-0.521139705882353,VAL
0.2,2024-12-05 00:00:00+00:00,JASMYUSDT,False,0.45721455457967375,-0.11933872912002752,-0.13724814878594793,-0.2765627690718099,VAL
0.2,2024-12-06 00:00:00+00:00,DYDXUSDT,False,0.28922222222222227,0.03796431957252433,-0.0884254072222701,-0.0689476859432906,VAL
0.2,2024-12-06 00:00:00+00:00,EIGENUSDT,False,0.24024102698454275,-0.057667934093789563,-0.03612167300380231,0.03612167300380231,VAL
0.2,2024-12-06 00:00:00+00:00,HBARUSDT,False,0.2578215923872116,-0.09677243781636102,-0.2376857345017146,-0.14436945517879496,VAL
0.2,2024-12-06 00:00:00+00:00,IQUSDT,False,0.2047279719488746,0.03342409163458826,-0.19688292179138112,-0.128908083748005,VAL
0.2,2024-12-06 00:00:00+00:00,ONEUSDT,False,0.24733207784055233,0.14972320080523405,-0.14443885254151978,-0.12506290890790128,VAL
0.2,2024-12-07 00:00:00+00:00,1MBABYDOGEUSDT,False,0.751127911230338,-0.03017431469489118,0.19348699022816418,0.014112294872687503,VAL
0.2,2024-12-07 00:00:00+00:00,LQTYUSDT,False,0.32013520038628673,-0.034016093635698574,-0.1814191660570592,-0.1638624725676664,VAL
0.2,2024-12-08 00:00:00+00:00,SUSHIUSDT,False,0.37461300309597534,-0.22710210210210213,-0.13363363363363379,-0.1535285285285286,VAL
0.2,2024-12-09 00:00:00+00:00,1MBABYDOGEUSDT,False,0.33829547902256896,-0.08045709789334388,-0.1003791265782038,-0.2484530920276119,VAL
0.2,2024-12-11 00:00:00+00:00,CTXCUSDT,False,0.47112098427887883,-0.06249274015565098,0.11429898942966665,-0.6737135555813684,VAL
0.2,2024-12-11 00:00:00+00:00,PNUTUSDT,True,0.25360146959296137,-0.036480024679932055,-0.11645842973931819,-0.3326392102421718,VAL
0.2,2024-12-11 00:00:00+00:00,TURBOUSDT,True,0.29034726872668126,-0.10268386714116262,-0.15658362989323837,-0.33489027283511275,VAL
0.2,2024-12-11 00:00:00+00:00,XVGUSDT,False,0.20919091554293812,0.14424064563462946,0.15568598679383694,-0.08884812912692597,VAL
0.2,2024-12-12 00:00:00+00:00,AAVEUSDT,False,0.21254458977407853,0.02884693960938134,0.003731851488654625,-0.14200103511209172,VAL
0.2,2024-12-12 00:00:00+00:00,COWUSDT,False,0.28975629904997935,0.08646917534027221,0.5381905524419535,0.04531625300240183,VAL
0.2,2024-12-12 00:00:00+00:00,LINKUSDT,False,0.2102201911092645,-0.004806041881222134,0.004462753175420664,-0.21695846206659808,VAL
0.2,2024-12-15 00:00:00+00:00,COWUSDT,False,0.5068235294117649,-0.08557151780137418,-0.29668956901936294,-0.19591921715594418,VAL
0.2,2024-12-15 00:00:00+00:00,UTKUSDT,False,0.20761462150326193,-0.12788632326820593,-0.17088513913558312,-0.26828004736530486,VAL
0.2,2024-12-19 00:00:00+00:00,USUALUSDT,False,0.5245745692844306,-0.05296727676095381,-0.23828341652800877,-0.12007764836383794,VAL
0.2,2024-12-20 00:00:00+00:00,COWUSDT,False,0.3825061274509802,-0.10349030470914122,-0.11135734072022152,0.10072022160664829,VAL
0.2,2024-12-20 00:00:00+00:00,CTXCUSDT,False,0.27198760170476555,-0.13219616204690832,-0.12701797136765147,-0.17819067925677734,VAL
0.2,2024-12-20 00:00:00+00:00,ENAUSDT,False,0.23800041919932924,-0.14500973503767034,-0.08727672902734274,-0.23338694658427162,VAL
0.2,2024-12-20 00:00:00+00:00,ZENUSDT,False,0.648989898989899,0.03407350689127098,0.2947932618683,0.13629402756508413,VAL
0.2,2024-12-21 00:00:00+00:00,AGLDUSDT,False,0.6458492003046459,-0.24618232299861176,-0.1915779731605738,-0.13789912077741784,VAL
0.2,2024-12-21 00:00:00+00:00,FUNUSDT,False,0.2210953346855984,-0.05481727574750839,-0.06330749354005172,-0.08121077888519757,VAL
0.2,2024-12-21 00:00:00+00:00,IDEXUSDT,False,0.37306761035574576,-0.18312533912099827,-0.1479924036896363,-0.08342376559956577,VAL
0.2,2024-12-22 00:00:00+00:00,HIVEUSDT,False,0.3914649158801806,0.06546741374225884,-0.047773518136242976,0.18018283692126214,VAL
0.2,2024-12-22 00:00:00+00:00,XVGUSDT,False,0.27066590126291623,-0.042165499585874566,0.030344100594834833,0.03026880505986007,VAL
0.2,2024-12-23 00:00:00+00:00,AAVEUSDT,False,0.20240147976298695,-0.021875733319427382,-0.11939092117956862,-0.1602742940578311,VAL
0.2,2024-12-23 00:00:00+00:00,CVXUSDT,False,0.26668345504910596,-0.01988071570576555,-0.09324055666003983,-0.0608349900596421,VAL
0.2,2024-12-23 00:00:00+00:00,FXSUSDT,False,0.27101335428122564,0.24134734239802236,0.19066749072929534,0.13720642768850433,VAL
0.2,2024-12-24 00:00:00+00:00,BATUSDT,False,0.20353600689952578,-0.06485130777499104,-0.14009315657470445,-0.1658903618774633,VAL
0.2,2024-12-24 00:00:00+00:00,FXSUSDT,False,0.24134734239802236,0.01219815782922562,-0.009957679860592594,-0.12546676624346542,VAL
0.2,2024-12-24 00:00:00+00:00,LPTUSDT,False,0.2599447336289442,-0.016882586963174684,-0.1618382127920025,-0.23370396817300843,VAL
0.2,2024-12-24 00:00:00+00:00,TURBOUSDT,True,0.26446188340807164,0.018530011525844436,-0.14549162159765938,-0.1942548098235659,VAL
0.2,2024-12-25 00:00:00+00:00,AGLDUSDT,False,0.31768746422438454,-0.0034752389226759828,-0.19070373588184186,0.1211989574283232,VAL
0.2,2024-12-25 00:00:00+00:00,COWUSDT,False,0.2652415748718506,-0.04146194293595362,-0.15696922679079384,-0.21963623825532275,VAL
0.2,2024-12-25 00:00:00+00:00,FIROUSDT,False,0.3871158392434988,-0.18321261184490834,-0.07030251384746489,-0.06774605879846607,VAL
0.2,2024-12-25 00:00:00+00:00,LQTYUSDT,False,0.22187004754358175,-0.07911802853437111,-0.16472114137483795,-0.21271076523994825,VAL
0.2,2024-12-25 00:00:00+00:00,PHAUSDT,False,0.39375928677563143,-0.13503909026297078,0.5515280739161337,0.2818052594171998,VAL
0.2,2024-12-25 00:00:00+00:00,STGUSDT,False,0.2268419443595231,-0.07625218041365567,-0.12434587590331425,-0.08621978569648636,VAL
0.2,2024-12-26 00:00:00+00:00,VIBUSDT,False,0.2628456404280115,-0.13783557046979866,-0.15318791946308719,-0.19840604026845643,VAL
0.2,2024-12-27 00:00:00+00:00,ACAUSDT,False,0.2004504504504503,0.03846153846153855,0.03846153846153855,0.028142589118199002,VAL
0.2,2024-12-27 00:00:00+00:00,FIROUSDT,False,0.21857068335941565,-0.06592465753424659,-0.006421232876712146,-0.09546232876712324,VAL
0.2,2024-12-27 00:00:00+00:00,GMTUSDT,False,0.36239427456083284,-0.10028653295128931,-0.23782234957020065,-0.2449856733524356,VAL
0.2,2024-12-27 00:00:00+00:00,PHAUSDT,False,1.0484798685291699,-0.12434817488969119,-0.17308463698355392,-0.2974328118732451,VAL
0.2,2024-12-27 00:00:00+00:00,PONDUSDT,False,0.5193834656702478,-0.13802643713495244,-0.24992314786351066,-0.27451583154011694,VAL
0.2,2024-12-27 00:00:00+00:00,STRAXUSDT,False,0.22984058195325807,0.02970047822803923,-0.07865592751069728,-0.017744777246413435,VAL
0.2,2024-12-28 00:00:00+00:00,SCRTUSDT,False,0.24374209860935525,0.007928440739987774,0.03212034966456612,0.12156942467981291,VAL
0.2,2024-12-28 00:00:00+00:00,STEEMUSDT,False,0.6644981412639406,-0.2211055276381909,-0.22696817420435522,-0.1769960915689559,VAL
0.2,2024-12-28 00:00:00+00:00,STORJUSDT,False,0.20017237664296506,-0.11202872531418329,-0.14434470377019748,-0.07091561938958724,VAL
0.2,2024-12-29 00:00:00+00:00,AGLDUSDT,False,0.35319377348362857,0.08766362554541862,0.023800079333597735,0.09361364537881811,VAL
0.2,2024-12-29 00:00:00+00:00,DFUSDT,False,0.298631682888983,0.01727134477514669,-0.043232674342819855,-0.0034759939170107,VAL
0.2,2024-12-29 00:00:00+00:00,STGUSDT,False,0.24615822424587375,-0.12263073761132681,-0.16259419958894716,0.19799040876912533,VAL
0.2,2024-12-30 00:00:00+00:00,DARUSDT,False,0.2389262639046159,-0.10537634408602159,-0.05688172043010753,0.16704301075268835,VAL
0.2,2024-12-30 00:00:00+00:00,SXPUSDT,False,0.205240174672489,-0.0635451505016722,-0.08193979933110362,0.03455964325529526,VAL
0.2,2024-12-30 00:00:00+00:00,SYNUSDT,False,0.21170731707317092,0.023671497584541124,0.03301127214170685,0.16521739130434776,VAL
0.2,2024-12-31 00:00:00+00:00,TROYUSDT,False,0.23471040907249896,0.16319501394128255,-0.26357224864687545,-0.4020009840905363,VAL
0.2,2025-01-01 00:00:00+00:00,DGBUSDT,False,0.2068965517241379,0.09920634920634908,0.2126984126984126,-0.009523809523809601,VAL
0.2,2025-01-01 00:00:00+00:00,XLMUSDT,False,0.2798316801923655,0.014795678722404837,0.05777360263034281,-0.0007045561296383784,VAL
0.2,2025-01-02 00:00:00+00:00,AIUSDT,False,0.2872573839662447,0.005768978628556409,0.015340238625934033,-0.14684672872689142,VAL
0.2,2025-01-02 00:00:00+00:00,ATAUSDT,False,0.23006955591225253,-0.09525880817746846,-0.13527620704654197,-0.3549369290996086,VAL
0.2,2025-01-02 00:00:00+00:00,DEXEUSDT,False,0.3229842756774839,-0.05892170746510217,-0.1412097916245194,-0.2559680356059073,VAL
0.2,2025-01-02 00:00:00+00:00,MAGICUSDT,False,0.2203312911277513,0.008367422833767346,0.09817776124953537,-0.13146150985496452,VAL
0.2,2025-01-03 00:00:00+00:00,SUSHIUSDT,False,0.22199453551912574,0.03297931805477927,0.003912800447177345,-0.16713247624371153,VAL
0.2,2025-01-04 00:00:00+00:00,CTXCUSDT,False,0.29156999226604796,-0.010179640718562921,-0.13203592814371268,-0.19311377245508976,VAL
0.2,2025-01-05 00:00:00+00:00,HIVEUSDT,False,0.516242760010073,0.09998339146321222,-0.05862813486131868,-0.13984387975419355,VAL
0.2,2025-01-07 00:00:00+00:00,FIROUSDT,False,0.20317145688800808,-0.09802306425041185,-0.1466227347611202,-0.1330313014827018,VAL
0.2,2025-01-14 00:00:00+00:00,COWUSDT,False,0.2152987326493665,-0.007076350093109918,-0.03873370577281188,-0.11433891992551204,VAL
0.2,2025-01-14 00:00:00+00:00,DEXEUSDT,False,0.23178953539498748,0.06157415670176691,0.006603605211493946,0.1674698078410375,VAL
0.2,2025-01-15 00:00:00+00:00,PHAUSDT,False,0.2236242551699965,0.06617015181896302,-0.13234030363792615,-0.2769979948438843,VAL
0.2,2025-01-15 00:00:00+00:00,ZENUSDT,False,0.3107996702390765,-0.047169811320754707,-0.23364779874213837,-0.2905660377358491,VAL
0.2,2025-01-17 00:00:00+00:00,KDAUSDT,False,0.2010997643362138,-0.08913388769503883,-0.2158273381294964,-0.26833598056619634,VAL
0.2,2025-01-22 00:00:00+00:00,CTXCUSDT,False,0.2094170403587443,-0.13051538746755653,-0.16054875787912493,-0.19206525769373373,VAL
0.2,2025-01-22 00:00:00+00:00,PONDUSDT,False,0.5273058252427183,-0.22606277314263012,-0.2256654747715534,-0.19864918553833932,VAL
0.2,2025-01-24 00:00:00+00:00,HIVEUSDT,False,0.23820512820512807,-0.09360115966038518,-0.14143715054876782,-0.17187823565955684,VAL
0.2,2025-01-25 00:00:00+00:00,RUNEUSDT,False,0.2953787517865649,-0.07392423685178373,-0.2442074292019124,-0.5711658698050754,VAL
0.2,2025-01-25 00:00:00+00:00,STPTUSDT,False,0.594597586626813,-0.33018605942793666,-0.4455706748125521,-0.5203415717856151,VAL
0.2,2025-01-26 00:00:00+00:00,SPELLUSDT,False,0.561228406909789,-0.16135972461273673,0.057659208261617856,-0.3069830341775265,VAL
0.2,2025-01-28 00:00:00+00:00,SPELLUSDT,False,0.2829289745657113,-0.016968519682340144,-0.12203622236188083,-0.38170599325829857,VAL
0.2,2025-01-29 00:00:00+00:00,ACHUSDT,False,0.21715210355987047,0.20925285828237183,0.36266950279181076,-0.039617123105556984,VAL
0.2,2025-01-29 00:00:00+00:00,ACTUSDT,True,0.23451910408432153,-0.012806830309498474,-0.029882604055496365,0.05389541088580585,VAL
0.2,2025-01-29 00:00:00+00:00,SKLUSDT,False,0.25086752398448664,-0.03851174934725854,-0.18309399477806787,-0.3482375979112271,VAL
0.2,2025-01-30 00:00:00+00:00,ACHUSDT,False,0.20925285828237183,0.03056288478452074,-0.12291116974494276,-0.29199648197009676,VAL
0.2,2025-01-30 00:00:00+00:00,ARUSDT,False,0.2558139534883721,-0.01975308641975304,-0.22777777777777775,-0.41049382716049376,VAL
0.2,2025-01-30 00:00:00+00:00,DEXEUSDT,False,0.29918437963420663,0.02197279558641685,-0.036668886140968415,-0.03947493579377903,VAL
0.2,2025-01-30 00:00:00+00:00,JASMYUSDT,False,0.2741219216794508,0.012674271229404344,-0.19264892268694545,-0.3200253485424588,VAL
0.2,2025-01-30 00:00:00+00:00,OMUSDT,False,0.21129032258064506,-0.05391921881935202,-0.12245006657789614,0.039005770084331814,VAL
0.2,2025-01-30 00:00:00+00:00,USUALUSDT,False,0.5182926829268291,-0.1405622489959839,-0.3188308790718428,-0.4872824631860776,VAL
0.2,2025-02-03 00:00:00+00:00,ACTUSDT,True,0.30886351277868407,-0.04902368093061904,-0.23140839218944742,-0.23888658080598257,VAL
0.2,2025-02-03 00:00:00+00:00,DFUSDT,False,0.2918696140876733,-0.21384377416860012,-0.21548723897911837,-0.27097834493426143,VAL
0.2,2025-02-03 00:00:00+00:00,KAVAUSDT,False,0.23480278422273781,-0.09526493799323565,-0.14693724163848176,-0.12946260804208942,VAL
0.2,2025-02-03 00:00:00+00:00,OMUSDT,False,0.22677429796876258,-0.044345861437736,-0.03487969391625578,0.0012698517406863896,VAL
0.2,2025-02-08 00:00:00+00:00,CAKEUSDT,False,0.20883820384889518,0.021226415094339535,0.15801886792452824,0.5454009433962264,VAL
0.2,2025-02-08 00:00:00+00:00,MEUSDT,False,0.4604948124501198,-0.06830601092896171,-0.006010928961748707,-0.11256830601092893,VAL
0.2,2025-02-09 00:00:00+00:00,BNXUSDT,False,0.44453248811410484,0.2486743463155967,0.8542695191076977,0.716401535929786,VAL
0.2,2025-02-10 00:00:00+00:00,BNXUSDT,False,0.2486743463155967,0.07570654561429202,0.3089764240738031,0.28437545760726324,VAL
0.2,2025-02-10 00:00:00+00:00,COOKIEUSDT,False,0.427070457354759,-0.07102641836292767,-0.11909917713295803,-0.1645734084019056,VAL
0.2,2025-02-11 00:00:00+00:00,DUSDT,False,0.21624219125420474,-0.04721453970762535,-0.16989332279731328,-0.22382457526669297,VAL
0.2,2025-02-12 00:00:00+00:00,1000CATUSDT,True,0.35879828326180263,-0.1756159191408717,-0.23373341756159194,-0.3006948831332912,VAL
0.2,2025-02-12 00:00:00+00:00,1MBABYDOGEUSDT,False,0.2325025826446283,-0.14374770810414372,-0.10896327728010902,-0.1317512703651318,VAL
0.2,2025-02-12 00:00:00+00:00,BNXUSDT,False,0.38047917233868755,-0.11852874469973373,-0.017256680800709967,-0.13667291194162312,VAL
0.2,2025-02-12 00:00:00+00:00,CAKEUSDT,False,0.3487780040733197,-0.0075500188750472486,-0.010570026425066104,0.04228010570026419,VAL
0.2,2025-02-12 00:00:00+00:00,THEUSDT,False,0.42170087976539583,-0.03039053905390543,-0.07081958195819582,0.004812981298129904,VAL
0.2,2025-02-14 00:00:00+00:00,OMUSDT,False,0.2044196062346184,0.07302087324223461,0.026350517219360547,0.07346075802080243,VAL
0.2,2025-02-14 00:00:00+00:00,PNUTUSDT,True,0.23207036535859293,-0.1499176276771006,-0.17572762218561233,-0.20647995606809455,VAL
0.2,2025-02-14 00:00:00+00:00,WIFUSDT,True,0.23350253807106602,-0.057613168724279684,-0.1344307270233196,-0.11796982167352532,VAL
0.2,2025-02-18 00:00:00+00:00,ACHUSDT,False,0.22446916076845302,-0.05284888521882736,-0.04349022846132666,-0.16432700247729148,VAL
0.2,2025-02-20 00:00:00+00:00,BNXUSDT,False,0.3175328383780698,0.07568270481144346,-0.05244906805374949,0.006155179887299633,VAL
0.2,2025-02-20 00:00:00+00:00,MKRUSDT,False,0.21550255536626906,0.021723896285914535,0.06657323055360886,0.2151366503153469,VAL
0.2,2025-02-20 00:00:00+00:00,SUSDT,False,0.21733633042989609,-0.013964223889209482,-0.018695903058280505,-0.19619157530294296,VAL
0.2,2025-02-22 00:00:00+00:00,PNUTUSDT,True,0.5217993079584777,-0.1864483856298318,-0.20600272851296042,0.0077307867212368375,VAL
0.2,2025-02-23 00:00:00+00:00,GLMUSDT,False,0.20656498673740065,-0.07144820005496022,-0.08491343775762572,-0.03654850233580653,VAL
0.2,2025-02-24 00:00:00+00:00,VANAUSDT,False,0.27139710509754567,0.1257270139834179,0.0590273481004826,-0.18648682093800273,VAL
0.2,2025-02-25 00:00:00+00:00,COWUSDT,False,0.42778730703259016,-0.04901489668428649,-0.15737626141278227,-0.2952907256126862,VAL
0.2,2025-02-26 00:00:00+00:00,PNUTUSDT,True,0.2010309278350515,-0.11397234144015267,0.05674773485932283,-0.030042918454935674,VAL
0.2,2025-02-28 00:00:00+00:00,PNUTUSDT,True,0.4079655543595264,-0.15290519877675846,-0.25,-0.3000764525993883,VAL
0.2,2025-03-02 00:00:00+00:00,ADAUSDT,False,0.7215228272410132,-0.2442290748898679,-0.14176211453744492,-0.3643171806167401,VAL
0.2,2025-03-02 00:00:00+00:00,FIDAUSDT,False,0.21016365202411724,-0.17366548042704633,-0.12740213523131683,-0.28256227758007124,VAL
0.2,2025-03-02 00:00:00+00:00,IOTAUSDT,False,0.2716763005780347,-0.1984848484848485,-0.17007575757575766,-0.3329545454545455,VAL
0.2,2025-03-02 00:00:00+00:00,RAYUSDT,False,0.23991323210412152,-0.228481455563331,-0.2354793561931421,-0.4128761371588524,VAL
0.2,2025-03-02 00:00:00+00:00,SOLUSDT,False,0.2439788389252402,-0.20452129147781328,-0.18146718146718155,-0.29209333557159645,VAL
0.2,2025-03-02 00:00:00+00:00,TRUMPUSDT,True,0.28777524677296884,-0.24351415094339623,-0.22051886792452835,-0.36851415094339623,VAL
0.2,2025-03-02 00:00:00+00:00,WIFUSDT,True,0.24549918166939455,-0.15505913272010508,-0.2339027595269383,-0.41918528252299603,VAL
0.2,2025-03-02 00:00:00+00:00,XRPUSDT,False,0.34130315751049456,-0.18788270512994953,-0.14961219213498433,-0.2724520342903797,VAL
0.2,2025-03-05 00:00:00+00:00,BCHUSDT,False,0.22371294851794077,0.007139214686384454,-0.01606323304436519,-0.09739928607853132,VAL
0.2,2025-03-07 00:00:00+00:00,AUCTIONUSDT,False,0.2015748031496063,0.10288335517693303,0.29030144167758865,0.8145478374836175,VAL
0.2,2025-03-07 00:00:00+00:00,BNXUSDT,False,0.3245806983777839,0.0019719771665802632,0.015153087701089696,0.03559937727036844,VAL
0.2,2025-03-10 00:00:00+00:00,RAREUSDT,False,0.39571428571428546,0.05220061412487209,-0.11668372569089047,-0.06755373592630498,VAL
0.2,2025-03-11 00:00:00+00:00,AUCTIONUSDT,False,0.32351447435246294,-0.029547198772064465,0.06254796623177294,0.4432079815809671,VAL
0.2,2025-03-11 00:00:00+00:00,BNXUSDT,False,0.25835804110009186,-0.16737081572960677,-0.18930776730581722,0.4477575560610987,VAL
0.2,2025-03-12 00:00:00+00:00,TROYUSDT,False,0.34564643799472283,-0.06601307189542482,-0.06405228758169934,-0.13267973856209136,VAL
0.2,2025-03-14 00:00:00+00:00,BANANAUSDT,False,0.236682400539447,-0.030534351145038108,-0.0441657579062158,0.25027262813522344,VAL
0.2,2025-03-14 00:00:00+00:00,RAREUSDT,False,0.25608342989571264,-0.06549815498154976,-0.1595940959409594,-0.30719557195571956,VAL
0.2,2025-03-15 00:00:00+00:00,TONUSDT,False,0.22571819425444595,-0.04017857142857151,-0.005301339285714302,0.023158482142856984,VAL
0.2,2025-03-15 00:00:00+00:00,ZROUSDT,False,0.2793453724604966,0.0017644464049404451,0.06352007057785625,0.46493162770180874,VAL
0.2,2025-03-16 00:00:00+00:00,AUCTIONUSDT,False,0.32091254752851706,-0.06879677605066203,0.1554404145077719,-0.40299366724237196,VAL
0.2,2025-03-16 00:00:00+00:00,BNXUSDT,False,0.2797629736038787,0.39981759506103565,0.25010523361863335,0.25010523361863335,VAL
0.2,2025-03-17 00:00:00+00:00,BNXUSDT,False,0.39981759506103565,-0.10695133563875103,-0.10695133563875103,-0.10695133563875103,VAL
0.2,2025-03-17 00:00:00+00:00,CAKEUSDT,False,0.4110050533408198,0.02865101472343823,-0.04695582968563461,0.04257859132510955,VAL
0.2,2025-03-21 00:00:00+00:00,VANAUSDT,False,0.20539092055485497,-0.03779259840460314,-0.029946384202955367,-0.15823198639989533,VAL
0.2,2025-03-21 00:00:00+00:00,ZROUSDT,False,0.2103866565579986,0.04008769182586902,-0.10992796742875033,-0.10836204196680244,VAL
0.2,2025-03-22 00:00:00+00:00,API3USDT,False,0.5023148148148149,0.056240369799691825,-0.03004622496147935,-0.16024653312788906,VAL
0.2,2025-03-23 00:00:00+00:00,WUSDT,False,0.2141255605381165,-0.0203139427516158,-0.045244690674053456,-0.21698984302862412,VAL
0.2,2025-03-25 00:00:00+00:00,LAYERUSDT,False,0.2034609334032511,0.05090777051561379,-0.04306463326071164,0.09288307915758898,VAL
0.2,2025-03-25 00:00:00+00:00,MOVEUSDT,False,0.2715736040609138,-0.08038468517510433,-0.11068771547813472,-0.25621484304119047,VAL
0.2,2025-03-28 00:00:00+00:00,VIDTUSDT,False,0.7190201729106627,-0.0314333612740989,0.03646269907795463,0.10226320201173511,VAL
0.2,2025-03-30 00:00:00+00:00,REZUSDT,False,0.36802205375603037,-0.1586901763224181,-0.14206549118387912,-0.22569269521410573,VAL
0.2,2025-04-03 00:00:00+00:00,FUNUSDT,False,0.5051413881748072,-0.0514090520922289,0.3332194705380016,0.16976942783945348,VAL
0.2,2025-04-03 00:00:00+00:00,RAREUSDT,False,0.3046728971962618,-0.04011461318051568,0.017191977077363862,-0.1160458452722063,VAL
0.2,2025-04-05 00:00:00+00:00,FUNUSDT,False,0.4996398991717681,-0.0627926521791331,-0.2371233041181413,-0.19654220194501137,VAL
0.2,2025-04-09 00:00:00+00:00,LAYERUSDT,False,0.325878827742454,0.0025355528607651223,0.014882592878403766,0.14915665307022374,VAL
0.2,2025-04-09 00:00:00+00:00,PENDLEUSDT,False,0.2326951399116346,-0.05137395459976102,0.032258064516129004,-0.06063321385902032,VAL
0.2,2025-04-09 00:00:00+00:00,REDUSDT,False,0.21994301994302012,-0.06725829051844945,0.011443250817374961,-0.2302662307333022,VAL
0.2,2025-04-09 00:00:00+00:00,RSRUSDT,False,0.21251015434606013,-0.012997454106927542,0.04529009781589166,-0.08803430255929245,VAL
0.2,2025-04-09 00:00:00+00:00,SUSDT,False,0.23633603238866385,-0.04543593941874746,0.07695456406058132,-0.047891936144085046,VAL
0.2,2025-04-09 00:00:00+00:00,VIDTUSDT,False,0.4377081945369752,0.10658016682113058,-0.7947173308619091,-0.9467099165894347,VAL
0.2,2025-04-11 00:00:00+00:00,JASMYUSDT,False,0.20881057268722447,0.17784256559766765,0.14577259475218662,0.0,VAL
0.2,2025-04-11 00:00:00+00:00,ORCAUSDT,False,0.6671891327063741,0.014415543716703283,-0.0025070510811657787,-0.14854277655907233,VAL
0.2,2025-04-12 00:00:00+00:00,API3USDT,False,0.23108665749656132,-0.1262569832402235,-0.11843575418994412,-0.1720670391061453,VAL
0.2,2025-04-14 00:00:00+00:00,ACHUSDT,False,0.30151946818613484,0.029916089018606318,-0.10543597227289314,-0.07004742794600516,VAL
0.2,2025-04-15 00:00:00+00:00,OMUSDT,False,0.33942033841514485,-0.11369606003752342,-0.20575359599749843,-0.3136960600375235,VAL
0.2,2025-04-19 00:00:00+00:00,GMTUSDT,False,0.2141414141414142,-0.043261231281197965,0.008319467554076532,-0.03327787021630624,VAL
0.2,2025-04-20 00:00:00+00:00,USUALUSDT,False,0.2097844112769487,-0.06922549691569568,-0.025359835503769745,-0.08978752570253601,VAL
0.2,2025-04-22 00:00:00+00:00,AIXBTUSDT,False,0.2057761732851986,0.11576846307385225,0.23752495009980046,0.5329341317365268,VAL
0.2,2025-04-22 00:00:00+00:00,BIOUSDT,False,0.33397312859884853,0.05323741007194238,0.1151079136690647,0.012949640287769792,VAL
0.2,2025-04-22 00:00:00+00:00,BONKUSDT,True,0.23600973236009715,-0.02099737532808399,0.30183727034120733,0.3234908136482939,VAL
0.2,2025-04-22 00:00:00+00:00,PENGUUSDT,True,0.40430622009569395,-0.05962521294718914,0.22558205565019884,0.576802952867689,VAL
0.2,2025-04-22 00:00:00+00:00,SUIUSDT,False,0.2144418138772537,0.1120191947214515,0.31926220289420404,0.3240983729474394,VAL
0.2,2025-04-23 00:00:00+00:00,TRUMPUSDT,True,0.4398699891657636,-0.08126410835214437,0.17456734386756967,-0.009781790820165503,VAL
0.2,2025-04-23 00:00:00+00:00,TURBOUSDT,True,0.5115823817292007,-0.07468163177206988,0.1879991366285345,-0.019857543708180492,VAL
0.2,2025-04-24 00:00:00+00:00,NKNUSDT,False,0.27469135802469147,0.002421307506053072,-0.08958837772397099,-0.05084745762711873,VAL
0.2,2025-04-24 00:00:00+00:00,VOXELUSDT,False,0.245585874799358,0.07860824742268036,-0.0670103092783505,0.356958762886598,VAL
0.2,2025-04-25 00:00:00+00:00,ALPACAUSDT,False,1.6423135464231358,0.7379032258064517,0.41186635944700467,0.292626728110599,VAL
0.2,2025-04-25 00:00:00+00:00,BONKUSDT,True,0.27342747111681653,-0.06955645161290325,0.047883064516129004,-0.05493951612903236,VAL
0.2,2025-04-26 00:00:00+00:00,AIXBTUSDT,False,0.23870967741935467,-0.14388020833333326,0.0,0.13216145833333348,VAL
0.2,2025-04-26 00:00:00+00:00,ALPACAUSDT,False,0.7379032258064517,-0.41199867417964875,-0.36128604574080214,-0.25621478289691757,VAL
0.2,2025-04-26 00:00:00+00:00,BROCCOLI714USDT,False,0.21809744779582374,-0.020952380952380945,-0.08081632653061221,-0.12952380952380949,VAL
0.2,2025-04-26 00:00:00+00:00,TURBOUSDT,True,0.258344764517604,-0.11228197674418616,-0.15552325581395343,-0.13045058139534882,VAL
0.2,2025-04-27 00:00:00+00:00,PENGUUSDT,True,0.2954037014439699,-0.05173090509459144,-0.1262265483946935,-0.18007692911531525,VAL
0.2,2025-04-28 00:00:00+00:00,ALPACAUSDT,False,0.3816234498308908,-0.21379028967768254,0.18278253773969788,-0.08445532435740521,VAL
0.2,2025-04-30 00:00:00+00:00,ALPACAUSDT,False,1.9527763362740007,-0.49050966608084356,-0.6056239015817223,-0.6056239015817223,VAL
0.2,2025-04-30 00:00:00+00:00,BSWUSDT,False,0.8338658146964855,-0.14634146341463405,-0.2735191637630662,-0.3240418118466899,VAL
0.2,2025-04-30 00:00:00+00:00,FLMUSDT,False,0.638095238095238,-0.13759689922480622,-0.2906976744186046,-0.4476744186046512,VAL
0.2,2025-04-30 00:00:00+00:00,NKNUSDT,False,0.24786324786324787,-0.10502283105022836,-0.20547945205479456,-0.1917808219178082,VAL
0.2,2025-04-30 00:00:00+00:00,VOXELUSDT,False,0.6057818659658345,-0.13829787234042556,-0.14238952536824878,-0.26759410801964,VAL
0.2,2025-05-01 00:00:00+00:00,AIXBTUSDT,False,0.28450363196125905,-0.08859566446748357,-0.20970782280867117,-0.054194156456173426,VAL
0.2,2025-05-05 00:00:00+00:00,PARTIUSDT,False,0.3098591549295775,-0.25969371130661445,-0.21407624633431088,0.21407624633431088,VAL
0.2,2025-05-05 00:00:00+00:00,SHELLUSDT,False,0.2068543451652387,-0.09381338742393508,0.12525354969574032,0.2246450304259635,VAL
0.2,2025-05-07 00:00:00+00:00,KAITOUSDT,False,0.49623050707425387,-0.0619823302043071,0.31667586968525674,0.3384870237437878,VAL
0.2,2025-05-08 00:00:00+00:00,BIOUSDT,False,0.20819112627986347,0.2697740112994349,0.2161016949152541,0.11299435028248572,VAL
0.2,2025-05-08 00:00:00+00:00,CETUSUSDT,False,0.2142857142857144,-0.029629629629629672,-0.06448801742919397,-0.10849673202614385,VAL
0.2,2025-05-08 00:00:00+00:00,EIGENUSDT,False,0.4554838709677418,0.09574468085106402,0.23315602836879457,0.21808510638297895,VAL
0.2,2025-05-08 00:00:00+00:00,ENAUSDT,False,0.2741211667913237,0.07983563252127968,0.19841502788376864,0.07748752568241857,VAL
0.2,2025-05-08 00:00:00+00:00,ENSUSDT,False,0.2149584487534626,0.02963976288189696,0.06839945280437765,0.03328773369813054,VAL
0.2,2025-05-08 00:00:00+00:00,ETHFIUSDT,False,0.2981818181818181,0.0490196078431373,0.5084033613445378,1.0126050420168067,VAL
0.2,2025-05-08 00:00:00+00:00,ETHUSDT,False,0.2188050422116823,0.06235871323146336,0.13915982223349754,0.15461699110714466,VAL
0.2,2025-05-08 00:00:00+00:00,IOUSDT,False,0.27172413793103467,0.12581344902386116,0.12581344902386116,0.08785249457700628,VAL
0.2,2025-05-08 00:00:00+00:00,LDOUSDT,False,0.237179487179487,0.06839378238341953,0.13782383419689137,0.023834196891191706,VAL
0.2,2025-05-08 00:00:00+00:00,NEIROUSDT,True,0.30917110120331737,0.25578585030027856,0.5303207851179144,0.9005419657243301,VAL
0.2,2025-05-08 00:00:00+00:00,NILUSDT,False,0.2228116710875332,0.03253796095444672,0.16268980477223427,-0.041214750542299394,VAL
0.2,2025-05-08 00:00:00+00:00,PENGUUSDT,True,0.2572292908621763,0.01811748053786255,-0.0019108280254778176,-0.036376503892427525,VAL
0.2,2025-05-08 00:00:00+00:00,PEOPLEUSDT,True,0.2001488095238093,0.22380657160570383,0.36391816491010553,0.6131432114073159,VAL
0.2,2025-05-08 00:00:00+00:00,PEPEUSDT,True,0.3478787878787879,0.11241007194244612,0.22392086330935257,0.17086330935251803,VAL
0.2,2025-05-08 00:00:00+00:00,PNUTUSDT,True,0.3975903614457832,0.7445553539019962,0.8956442831215969,0.5485480943738656,VAL
0.2,2025-05-08 00:00:00+00:00,RSRUSDT,False,0.21390696553386368,0.027201429564181367,-0.0028789834210264376,-0.11605281445448223,VAL
0.2,2025-05-08 00:00:00+00:00,SUIUSDT,False,0.21075223629705242,-0.020602454444031193,-0.003966778232304402,-0.0458410809470684,VAL
0.2,2025-05-08 00:00:00+00:00,UNIUSDT,False,0.2617435897435898,0.0328401885872216,0.12648349861811092,0.012680864900016298,VAL
0.2,2025-05-08 00:00:00+00:00,WIFUSDT,True,0.20347826086956533,0.08236994219653182,0.3164739884393064,0.42485549132947975,VAL
0.2,2025-05-08 00:00:00+00:00,ZKUSDT,False,0.2378167641325537,0.08976377952755898,0.19212598425196847,0.09606299212598413,VAL
0.2,2025-05-09 00:00:00+00:00,BIOUSDT,False,0.2697740112994349,0.0478309232480536,-0.03559510567296986,-0.15572858731924355,VAL
0.2,2025-05-09 00:00:00+00:00,BOMEUSDT,True,0.25335775335775357,0.07257671699951285,0.12956648806624438,0.0681928884559182,VAL
0.2,2025-05-09 00:00:00+00:00,BROCCOLI714USDT,False,0.4392220421393842,-0.12184684684684699,-0.04391891891891897,-0.2583333333333333,VAL
0.2,2025-05-09 00:00:00+00:00,MEMEUSDT,True,0.21743119266055055,0.09118311981914085,0.007535795026375247,-0.13602110022607394,VAL
0.2,2025-05-09 00:00:00+00:00,MUBARAKUSDT,True,0.8899371069182389,-0.2013311148086523,-0.129783693843594,-0.21797004991680535,VAL
0.2,2025-05-09 00:00:00+00:00,NEIROUSDT,True,0.25578585030027856,0.12880179628495592,0.2860058904149534,0.38774677047794004,VAL
0.2,2025-05-09 00:00:00+00:00,PEOPLEUSDT,True,0.22380657160570383,0.10334346504559266,0.12816616008105375,0.22897669706180346,VAL
0.2,2025-05-09 00:00:00+00:00,PNUTUSDT,True,0.7445553539019962,-0.06111833550065027,0.0561768530559168,-0.1672301690507153,VAL
0.2,2025-05-09 00:00:00+00:00,TUTUSDT,False,0.30145143282471154,-0.14841292536459827,-0.07492136116671444,-0.19130683442951102,VAL
0.2,2025-05-10 00:00:00+00:00,ARBUSDT,False,0.2789223454833598,-0.06753407682775714,-0.05596860801321768,-0.22366790582403961,VAL
0.2,2025-05-10 00:00:00+00:00,DOGEUSDT,True,0.22079883097905517,-0.07509077125643393,-0.0393009615768265,-0.1438774288792244,VAL
0.2,2025-05-10 00:00:00+00:00,ETHFIUSDT,False,0.48865153538050743,-0.03408071748878927,0.2376681614349776,0.11121076233183858,VAL
0.2,2025-05-10 00:00:00+00:00,KAITOUSDT,False,0.39362945645821146,-0.10379534493604525,0.01362969175927864,-0.11213042566575804,VAL
0.2,2025-05-10 00:00:00+00:00,OMUSDT,False,0.2289817232375979,-0.10495007435734016,-0.05651157850010624,-0.20416401104737625,VAL
0.2,2025-05-10 00:00:00+00:00,WIFUSDT,True,0.26301735647530045,-0.036997885835095,0.2431289640591967,-0.01585623678646919,VAL
0.2,2025-05-11 00:00:00+00:00,PARTIUSDT,False,0.2569813829787233,-0.014546416291986275,-0.08833641893678912,-0.17111875165300183,VAL
0.2,2025-05-12 00:00:00+00:00,ACTUSDT,True,0.2796875000000001,-0.004884004884004867,-0.21123321123321115,-0.24664224664224665,VAL
0.2,2025-05-12 00:00:00+00:00,WIFUSDT,True,0.261251372118551,0.023498694516971286,-0.14186248912097477,-0.13664055700609223,VAL
0.2,2025-05-13 00:00:00+00:00,BOMEUSDT,True,0.3048727899956878,-0.11665565102445474,-0.2752808988764045,-0.2650363516192995,VAL
0.2,2025-05-13 00:00:00+00:00,ETHFIUSDT,False,0.30681818181818166,-0.0253623188405796,-0.04202898550724621,-0.07608695652173914,VAL
0.2,2025-05-13 00:00:00+00:00,MUBARAKUSDT,True,0.26959847036328877,-0.125,-0.29216867469879515,-0.08734939759036142,VAL
0.2,2025-05-13 00:00:00+00:00,NEIROUSDT,True,0.3907167637922042,0.0179514772060263,-0.22405921867866685,-0.1356388182351791,VAL
0.2,2025-05-13 00:00:00+00:00,PEOPLEUSDT,True,0.5217781769196228,0.02567128946591901,-0.28415461788138097,-0.24550014753614646,VAL
0.2,2025-05-16 00:00:00+00:00,HIFIUSDT,False,0.22010869565217384,-0.10319227913882689,-0.16184112843355591,-0.206384558277654,VAL
0.2,2025-05-18 00:00:00+00:00,EIGENUSDT,False,0.22644628099173558,-0.08086253369272234,0.028301886792452935,-0.03908355795148255,VAL
0.2,2025-05-18 00:00:00+00:00,NEIROUSDT,True,0.43379865110130167,-0.08015440153776421,-0.14141493069121247,-0.12197408929659781,VAL
0.2,2025-05-18 00:00:00+00:00,PEOPLEUSDT,True,0.22561797752808999,-0.08287495416208279,-0.043270993766043264,-0.10084341767510085,VAL
0.2,2025-05-18 00:00:00+00:00,VIRTUALUSDT,False,0.20526659154261329,-0.04133451431945678,-0.023226060427123274,-0.0003444542859954991,VAL
0.2,2025-05-20 00:00:00+00:00,WCTUSDT,False,0.2521679986396874,-0.16322650733297128,-0.1933731667571973,0.2410374796306356,VAL
0.2,2025-05-21 00:00:00+00:00,COOKIEUSDT,False,0.4346446700507616,0.2118531623175588,0.3299425033171164,0.11455108359133126,VAL
0.2,2025-05-22 00:00:00+00:00,BIOUSDT,False,0.2860791826309068,-0.14101290963257207,-0.12711022840119157,-0.22442899702085395,VAL
0.2,2025-05-22 00:00:00+00:00,COOKIEUSDT,False,0.2118531623175588,0.04744525547445244,0.09525547445255467,-0.11970802919708035,VAL
0.2,2025-05-22 00:00:00+00:00,WLDUSDT,False,0.2690695725062866,-0.10568031704095104,-0.06142668428005282,-0.13474240422721262,VAL
0.2,2025-05-24 00:00:00+00:00,FLMUSDT,False,0.30476190476190457,0.06082725060827254,0.0997566909975669,-0.21167883211678828,VAL
0.2,2025-05-24 00:00:00+00:00,VOXELUSDT,False,0.2163009404388716,-0.0889175257731959,-0.045103092783505216,-0.259020618556701,VAL
0.2,2025-05-27 00:00:00+00:00,CETUSUSDT,False,0.3018867924528301,-0.04951690821256027,-0.18659420289855078,-0.18538647342995174,VAL
0.2,2025-05-27 00:00:00+00:00,TRBUSDT,False,0.514626865671642,-0.041387465510445476,-0.01891998423334651,-0.1257390618841151,VAL
0.2,2025-05-27 00:00:00+00:00,WCTUSDT,False,0.33008295735700766,0.013896487580697947,0.172338330233067,-0.4251012145748988,VAL
0.2,2025-05-29 00:00:00+00:00,TRBUSDT,False,0.24074835526315796,-0.17514498757249375,-0.2805302402651201,-0.24755592377796198,VAL
0.2,2025-05-29 00:00:00+00:00,WCTUSDT,False,0.23483703863587313,-0.06362524034259764,-0.4951931480510401,-0.6217444502709317,VAL
0.2,2025-05-31 00:00:00+00:00,SOLVUSDT,False,0.317080943275972,0.10766997338495043,0.07766755383498691,0.021292039680619324,VAL
0.2,2025-06-01 00:00:00+00:00,MASKUSDT,False,0.3247572815533981,-0.03444485159399058,0.07841700256504214,-0.3653352876511543,VAL
0.2,2025-06-04 00:00:00+00:00,LPTUSDT,False,0.3263853584138281,-0.24396320429283258,-0.2780758911460329,-0.26399003449597547,VAL
0.2,2025-06-09 00:00:00+00:00,ANIMEUSDT,False,0.23122032951689464,-0.2590156498072125,-0.3894307099115445,-0.4694942163755953,VAL
0.2,2025-06-09 00:00:00+00:00,RVNUSDT,False,0.2904458598726116,-0.02418558736426457,0.06219151036525172,-0.0725567620927936,VAL
0.2,2025-06-10 00:00:00+00:00,UNIUSDT,False,0.2658875091307522,-0.05862665897287933,-0.10455856895556825,-0.141604154645124,VAL
0.2,2025-06-14 00:00:00+00:00,BMTUSDT,False,0.2142857142857142,0.05378151260504227,0.07478991596638673,0.05210084033613449,VAL
0.2,2025-06-22 00:00:00+00:00,FUNUSDT,False,0.20398642917726884,0.1688387930022308,0.17318304567335896,0.17224374779852059,VAL
0.2,2025-06-23 00:00:00+00:00,AIXBTUSDT,False,0.2086513994910939,-0.007017543859649145,-0.0926315789473684,-0.07508771929824554,VAL
0.2,2025-06-23 00:00:00+00:00,HAEDALUSDT,False,0.2502234137622876,-0.10578984989278062,-0.16368834882058603,-0.13724088634739096,VAL
0.2,2025-06-23 00:00:00+00:00,SEIUSDT,False,0.22144288577154314,0.25840853158326516,0.050861361771944225,0.15463494667760447,VAL
0.2,2025-06-23 00:00:00+00:00,SUSDT,False,0.2008289374529011,0.10291810480075303,-0.051772827110134756,-0.012550988390335749,VAL
0.2,2025-06-23 00:00:00+00:00,VIRTUALUSDT,False,0.23317797844450916,-0.05651352308964219,-0.14786819416558405,-0.11160977914255343,VAL
0.2,2025-06-23 00:00:00+00:00,WIFUSDT,True,0.20639534883720945,0.048192771084337505,-0.09036144578313243,0.04457831325301198,VAL
0.2,2025-06-24 00:00:00+00:00,SEIUSDT,False,0.25840853158326516,-0.08800521512385928,-0.05671447196870938,-0.08670143415906129,VAL
0.2,2025-06-27 00:00:00+00:00,BANANAS31USDT,True,0.4300160315698607,0.05596757502587102,0.0793377026560882,0.2525008623663332,VAL
0.2,2025-06-28 00:00:00+00:00,PENGUUSDT,True,0.2936854831209894,0.010279634821364514,0.051901373014161534,0.1559197757170585,VAL
0.2,2025-07-02 00:00:00+00:00,NEIROUSDT,True,0.32513185949949497,-0.042809052992611174,-0.11121461689920187,0.0012067833929667593,VAL
0.2,2025-07-04 00:00:00+00:00,FUNUSDT,False,0.236399252070163,-0.035431369724902906,-0.057035863459599656,0.09707619184790417,VAL
0.2,2025-07-08 00:00:00+00:00,BANANAS31USDT,True,0.28072384992708477,0.272553180477201,-0.05232648413643193,-0.594430930076083,VAL
0.2,2025-07-08 00:00:00+00:00,MAGICUSDT,False,0.38352745424292856,0.19242333132892364,0.09621166566446182,0.059530968129885675,VAL
0.2,2025-07-09 00:00:00+00:00,BANANAS31USDT,True,0.272553180477201,0.5142555008744458,-0.3719038516289096,-0.6746248017244886,VAL
0.2,2025-07-10 00:00:00+00:00,BANANAS31USDT,True,0.5142555008744458,-0.5082055276516881,-0.7749187505036126,-0.8083854852139346,VAL
0.2,2025-07-10 00:00:00+00:00,INITUSDT,False,0.3763616557734202,-0.011871784724970191,0.04669568658488332,-0.08745548080728127,VAL
0.2,2025-07-10 00:00:00+00:00,PENGUUSDT,True,0.24206968278731145,0.232468076198451,0.5706510362151977,0.5809608540925266,VAL
0.2,2025-07-10 00:00:00+00:00,PNUTUSDT,True,0.24132091447925497,-0.06991814461118695,-0.03751705320600274,-0.011937244201910002,VAL
0.2,2025-07-10 00:00:00+00:00,VICUSDT,False,0.33037694013303764,-0.09880952380952379,-0.26357142857142846,-0.3452380952380951,VAL
0.2,2025-07-11 00:00:00+00:00,PENGUUSDT,True,0.232468076198451,-0.010615711252653925,0.26942675159235674,0.36853503184713365,VAL
0.2,2025-07-11 00:00:00+00:00,RESOLVUSDT,False,0.2228835978835979,-0.06814494321254727,-0.17414818820984324,-0.18063818280151445,VAL
0.2,2025-07-13 00:00:00+00:00,ALGOUSDT,False,0.20401643085349153,0.06027293404094025,0.07846853677028043,0.10348749052312378,VAL
0.2,2025-07-13 00:00:00+00:00,HBARUSDT,False,0.2229034709906259,-0.018438717162509333,-0.02150493080301652,0.12235849838402246,VAL
0.2,2025-07-13 00:00:00+00:00,PENGUUSDT,True,0.2880686695278969,-0.003898440623750443,0.02665600426496062,0.03202052512328413,VAL
0.2,2025-07-14 00:00:00+00:00,FUNUSDT,False,0.27810288134648586,-0.0454803122138403,-0.15615052544368369,-0.263637552871408,VAL
0.2,2025-07-14 00:00:00+00:00,TURBOUSDT,True,0.36838534599728634,0.025119814906626958,-0.06593951412989585,-0.06048587010411499,VAL
0.2,2025-07-16 00:00:00+00:00,BONKUSDT,True,0.30077467160660154,-0.08881408596582085,-0.14344899016053847,-0.10253754531330928,VAL
0.2,2025-07-16 00:00:00+00:00,CRVUSDT,False,0.21675461741424806,0.08901658896237663,0.06201886587878125,0.01799848205573018,VAL
0.2,2025-07-16 00:00:00+00:00,FLOKIUSDT,True,0.30755413631374107,-0.0037396016179500613,0.04975959703884625,0.009845073647256397,VAL
0.2,2025-07-16 00:00:00+00:00,HAEDALUSDT,False,0.28850739151168336,-0.2231680236861584,-0.380458919319023,-0.40414507772020725,VAL
0.2,2025-07-20 00:00:00+00:00,CFXUSDT,False,1.0725730442978323,-0.0009095043201455821,-0.22555707139608916,-0.14870395634379263,VAL
0.2,2025-07-20 00:00:00+00:00,EPICUSDT,False,0.4095860566448801,-0.010432766615146916,-0.11321483771251939,-0.12557959814528596,VAL
0.2,2025-07-20 00:00:00+00:00,OMUSDT,False,0.5204081632653061,-0.07634228187919456,-0.22231543624161065,-0.2144854586129754,VAL
0.2,2025-07-21 00:00:00+00:00,PENGUUSDT,True,0.20075549672295234,0.13548976903014154,0.01183081928423535,0.08727918044688221,VAL
0.2,2025-07-21 00:00:00+00:00,SPKUSDT,False,0.6674672935404742,0.3787121885439333,0.662064421220387,0.3868184743632965,VAL
0.2,2025-07-22 00:00:00+00:00,SPKUSDT,False,0.3787121885439333,0.9643000044458276,0.38550882496776784,0.07666829680345,VAL
0.2,2025-07-23 00:00:00+00:00,SPKUSDT,False,0.9643000044458276,-0.38628544915465224,-0.4138073467170631,-0.420738745671412,VAL
0.2,2025-07-24 00:00:00+00:00,NEWTUSDT,False,0.39569736524051247,-0.24835469345341188,-0.271388985105646,-0.3798060270176654,VAL
0.2,2025-07-25 00:00:00+00:00,ENAUSDT,False,0.27548209366391196,0.0277454726698787,0.052500415351387275,-0.03721548429971755,VAL
0.2,2025-07-25 00:00:00+00:00,HYPERUSDT,False,0.23251121076233172,-0.09059486992905208,-0.09823540112788798,-0.2868837547753319,VAL
0.2,2025-07-26 00:00:00+00:00,CKBUSDT,False,0.21427204897646845,-0.0376555853158973,-0.042224673073893215,-0.18024263431542464,VAL
0.2,2025-07-26 00:00:00+00:00,FISUSDT,False,0.34123222748815185,-0.1760895170789164,-0.262073027090695,-0.31625441696113077,VAL
0.2,2025-07-27 00:00:00+00:00,ALTUSDT,False,0.20665499124343256,-0.11490082244799238,-0.1523947750362845,-0.20972423802612494,VAL
0.2,2025-07-28 00:00:00+00:00,BANANAS31USDT,True,0.23515551366635257,-0.05901055576751879,-0.08508202975963375,-0.09551061935647975,VAL
0.2,2025-07-29 00:00:00+00:00,OMNIUSDT,False,1.0078740157480315,-0.02941176470588225,-0.1470588235294118,-0.2196078431372549,VAL
0.2,2025-07-30 00:00:00+00:00,VICUSDT,False,0.22625698324022347,-0.17604946306540847,-0.13244386592905955,-0.07061503416856496,VAL
0.2,2025-08-01 00:00:00+00:00,IDEXUSDT,False,0.3019623548257908,-0.12796062749923087,-0.12857582282374647,-0.14303291294986153,VAL
0.2,2025-08-01 00:00:00+00:00,MAGICUSDT,False,0.20631578947368423,-0.034904013961605584,0.5770796974985457,0.4805119255381036,VAL
0.2,2025-08-04 00:00:00+00:00,MAGICUSDT,False,0.47336956521739126,-0.07635558834378453,-0.18222058281077091,-0.029140538546661765,VAL
0.2,2025-08-04 00:00:00+00:00,SPKUSDT,False,0.31148888312137735,-0.0031003661070615474,-0.04322372109898076,-0.1649130908011477,VAL
0.2,2025-08-04 00:00:00+00:00,SYNUSDT,False,0.23964256701868414,-0.09698558322411532,-0.08912188728702486,-0.10943643512450862,VAL
0.2,2025-08-07 00:00:00+00:00,ASRUSDT,False,0.5726333544170354,0.05389462394422839,0.004826384233811654,-0.2607588148545381,VAL
0.2,2025-08-07 00:00:00+00:00,BIOUSDT,False,0.46029173419773106,0.12874583795782457,0.26415094339622636,0.13096559378468364,VAL
0.2,2025-08-07 00:00:00+00:00,PENDLEUSDT,False,0.2515582149090001,0.08187250996015938,0.08884462151394446,0.08247011952191241,VAL
0.2,2025-08-08 00:00:00+00:00,HEIUSDT,False,0.2255200405885336,0.2459118194990686,0.027944524943076088,-0.032291451045332153,VAL
0.2,2025-08-09 00:00:00+00:00,COWUSDT,False,0.20132802124833993,-0.04996683617068309,-0.04864028299801004,-0.14658412558036693,VAL
0.2,2025-08-09 00:00:00+00:00,DIAUSDT,False,0.20947597067607937,-0.020541025928836,-0.06723537995285678,-0.15029745201481648,VAL
0.2,2025-08-09 00:00:00+00:00,HEIUSDT,False,0.2459118194990686,-0.16946336600764245,-0.17145705266655598,-0.23126765243395908,VAL
0.2,2025-08-11 00:00:00+00:00,TSTUSDT,True,0.20686835650040902,-0.05318428184281854,-0.1497289972899729,0.0572493224932249,VAL
0.2,2025-08-15 00:00:00+00:00,ALPINEUSDT,False,0.6859122401847575,0.012328767123287676,-0.031963470319634646,-0.09360730593607303,VAL
0.2,2025-08-15 00:00:00+00:00,MDTUSDT,False,0.40773677189862156,-0.08938723941882498,-0.10454832596336072,-0.0783322804801011,VAL
0.2,2025-08-17 00:00:00+00:00,BIOUSDT,False,0.3472636815920396,-0.02215657311669128,0.08271787296898081,0.8042836041358936,VAL
0.2,2025-08-20 00:00:00+00:00,MEMEUSDT,True,0.326618705035971,-0.07049891540130149,0.31055676066522064,0.12255965292841653,VAL
0.2,2025-08-22 00:00:00+00:00,BBUSDT,False,0.3078740157480315,-0.06502107164358828,-0.20168573148705604,-0.12402167369054795,VAL
0.2,2025-08-22 00:00:00+00:00,BIOUSDT,False,0.48152492668621694,-0.049881235154394354,-0.1963578780680918,-0.3586698337292161,VAL
0.2,2025-08-22 00:00:00+00:00,LDOUSDT,False,0.2055899162295467,-0.005130203259951949,-0.17845314630820197,-0.21183193713877524,VAL
0.2,2025-08-22 00:00:00+00:00,MEMEUSDT,True,0.5931544146246597,-0.11499023437499989,-0.1564941406249999,-0.293212890625,VAL
0.2,2025-08-28 00:00:00+00:00,CTSIUSDT,False,0.23796791443850251,-0.12203023758099352,-0.18142548596112307,-0.1976241900647948,VAL
0.2,2025-08-28 00:00:00+00:00,TREEUSDT,False,0.273581847649919,-0.09111733265461963,-0.14863833036396035,-0.17154492237210484,VAL
0.2,2025-08-30 00:00:00+00:00,SKLUSDT,False,0.2246763137852248,-0.03171641791044777,-0.06032338308457719,-0.12033582089552242,VAL
0.2,2025-09-05 00:00:00+00:00,BIOUSDT,False,0.22277227722772275,-0.039329091960670914,-0.08386350491613637,-0.11509543088490459,VAL
0.2,2025-09-06 00:00:00+00:00,NMRUSDT,False,0.37538940809968846,0.16081540203850508,-0.08040770101925265,0.02095130237825593,VAL
0.2,2025-09-08 00:00:00+00:00,WLDUSDT,False,0.5237633365664405,0.22788033099936356,0.052832590706556326,-0.03755569700827499,VAL
0.2,2025-09-09 00:00:00+00:00,OGUSDT,False,0.21948669698395262,0.00467209601371632,-0.3070724389198456,-0.2815259322760394,VAL
0.2,2025-09-09 00:00:00+00:00,WLDUSDT,False,0.22788033099936356,-0.031622602384655196,-0.1368584758942457,-0.21565578019699339,VAL
0.2,2025-09-12 00:00:00+00:00,BAKEUSDT,False,0.28195121951219515,-0.09056316590563163,-0.4779299847792998,-0.6050228310502282,VAL
0.2,2025-09-12 00:00:00+00:00,SLFUSDT,False,1.0666666666666664,-0.11350059737156504,-0.5352449223416966,-0.7514934289127837,VAL
0.2,2025-09-17 00:00:00+00:00,TSTUSDT,True,0.22336114421930864,-0.06956352299298518,-0.16796570537802014,-0.33554169914263443,VAL
0.2,2025-09-18 00:00:00+00:00,WUSDT,False,0.21809045226130652,-0.08085808580858089,-0.07508250825082508,-0.15676567656765683,VAL
0.2,2025-09-20 00:00:00+00:00,TWTUSDT,False,0.22227882492783158,-0.15087524312308975,-0.16789385940539037,-0.10982217282578488,VAL
0.2,2025-09-26 00:00:00+00:00,1000SATSUSDT,True,0.2538576406172226,-0.1448987693529178,-0.2830488289003573,-0.19035331480746331,VAL
0.2,2025-09-27 00:00:00+00:00,ALPINEUSDT,False,0.3351131994873986,-0.04879219324908024,0.054391297392417215,-0.7875539913613822,VAL
0.2,2025-09-28 00:00:00+00:00,FORMUSDT,False,0.3609134360063728,-0.15609146960118647,-0.18020760165456962,-0.13751658471864525,VAL
0.2,2025-10-01 00:00:00+00:00,ZECUSDT,False,0.6248654467169001,0.08802583636965866,0.298277575356078,0.47035442199403765,VAL
0.2,2025-10-02 00:00:00+00:00,BROCCOLI714USDT,False,0.20160701241782308,0.034346504559270574,-0.04437689969604852,0.14407294832826745,VAL
0.2,2025-10-02 00:00:00+00:00,ETHFIUSDT,False,0.22431865828092246,0.03082191780821919,0.033675799086757996,-0.07420091324200906,VAL
0.2,2025-10-02 00:00:00+00:00,TSTUSDT,True,0.22203893104585926,-0.09206263498920075,-0.15307775377969746,-0.12419006479481642,VAL
0.2,2025-10-04 00:00:00+00:00,TUTUSDT,False,0.2164000954881835,0.015111372779903931,-0.16789323913256793,-0.6705916985575507,VAL
0.2,2025-10-04 00:00:00+00:00,ZECUSDT,False,0.23138548539114057,0.054662584513330836,-0.18828932261768083,0.8561040949100651,VAL
0.2,2025-10-05 00:00:00+00:00,OGUSDT,False,0.2404318689501117,-0.018908698001080415,-0.0356564019448945,-0.014226544210336645,VAL
0.2,2025-10-06 00:00:00+00:00,ALPINEUSDT,False,0.2240235814296243,-0.10596026490066224,-0.1739915713425647,-0.3527995183624323,VAL
0.2,2025-10-06 00:00:00+00:00,PLUMEUSDT,False,0.24728205128205127,-0.11717786366252769,-0.16075980593701178,-0.29167009291999013,VAL
0.2,2025-10-06 00:00:00+00:00,STRKUSDT,False,0.20359281437125754,-0.05527915975677178,-0.13211719181868442,-0.26810392482034284,VAL
0.2,2025-10-07 00:00:00+00:00,BROCCOLI714USDT,False,0.37370139507272193,-0.009507346585998389,-0.533923941227312,-0.38569576490924806,VAL
0.2,2025-10-07 00:00:00+00:00,FORMUSDT,False,0.20468358956024324,0.03294257308205961,-0.3918979077014394,-0.18763911559578583,VAL
0.2,2025-10-08 00:00:00+00:00,LISTAUSDT,False,0.3116175377755759,-0.1639282341831917,-0.3282341831916902,-0.3433427762039659,VAL
0.2,2025-10-08 00:00:00+00:00,STOUSDT,False,0.20171062009978602,0.16844602609727177,0.07591933570581255,-0.06939501779359425,VAL
0.2,2025-10-08 00:00:00+00:00,ZECUSDT,False,0.39525381109539515,0.197172786663663,0.6388826312232485,0.2953931065555304,VAL
0.2,2025-10-08 00:00:00+00:00,ZENUSDT,False,0.2607135317711633,0.009711989283322175,0.10072002679169456,0.005860683188211535,VAL
0.2,2025-10-11 00:00:00+00:00,PROVEUSDT,False,0.2999123575810694,0.046251348435814466,0.13632686084142387,0.08805285868392643,VAL
0.2,2025-10-11 00:00:00+00:00,ZECUSDT,False,0.2917258522727273,-0.10508591065292094,-0.14852233676975946,-0.2393127147766323,VAL
0.2,2025-10-12 00:00:00+00:00,BROCCOLI714USDT,False,0.21281943862589037,0.020034542314335102,-0.061485319516407566,-0.14749568221070808,VAL
0.2,2025-10-12 00:00:00+00:00,CAKEUSDT,False,0.29078549848942603,0.06612053832650666,-0.11497952018724411,-0.1518431831480398,VAL
0.2,2025-10-12 00:00:00+00:00,DASHUSDT,False,0.3449583017437452,-0.04622322435174753,-0.14280345734686206,-0.18057121382938746,VAL
0.2,2025-10-12 00:00:00+00:00,EIGENUSDT,False,0.20744680851063846,0.027900146842877893,-0.08883994126284878,-0.19676945668135093,VAL
0.2,2025-10-12 00:00:00+00:00,FORMUSDT,False,0.36864581898333104,0.08968293910417713,-0.017614494212380594,-0.1809763462506292,VAL
0.2,2025-10-12 00:00:00+00:00,MUBARAKUSDT,True,0.24157303370786498,0.00591715976331364,-0.0884093282283327,-0.13887922032718403,VAL
0.2,2025-10-12 00:00:00+00:00,REZUSDT,False,0.3370558375634518,-0.025816249050873208,-0.05846621108580108,-0.12832194381169315,VAL
0.2,2025-10-12 00:00:00+00:00,SNXUSDT,False,0.8087141339001063,0.34430082256169214,-0.00763807285546414,-0.08343125734430079,VAL
0.2,2025-10-12 00:00:00+00:00,TAOUSDT,False,0.288306451612903,0.16692749087115288,0.07329160146061553,0.1439749608763694,VAL
0.2,2025-10-13 00:00:00+00:00,ALICEUSDT,False,0.4486928104575165,0.19602977667493793,-0.15384615384615397,-0.2032483645386871,VAL
0.2,2025-10-13 00:00:00+00:00,OMUSDT,False,0.27555555555555533,-0.078745644599303,-0.13588850174216016,-0.14355400696864107,VAL
0.2,2025-10-13 00:00:00+00:00,SNXUSDT,False,0.34430082256169214,-0.11319930069930062,-0.368006993006993,-0.29152097902097895,VAL
0.2,2025-10-16 00:00:00+00:00,ZKCUSDT,False,0.4542966611932129,0.06021829130598433,-0.06736921339856983,-0.10011290929619865,VAL
0.2,2025-10-20 00:00:00+00:00,AVNTUSDT,False,0.3091540662035146,-0.06289995317621355,0.0524426408615577,0.0841267363820819,VAL
0.2,2025-10-20 00:00:00+00:00,BIOUSDT,False,0.22195704057279242,-0.1279296875,-0.1630859375000001,-0.09375000000000011,VAL
0.2,2025-10-23 00:00:00+00:00,BELUSDT,False,0.2596063730084348,-0.02752976190476175,-0.11681547619047616,-0.21875,VAL
0.2,2025-10-23 00:00:00+00:00,DEGOUSDT,False,0.30740740740740735,-0.0887629839471199,0.04627006610009454,-0.6270066100094429,VAL
0.2,2025-10-24 00:00:00+00:00,VIRTUALUSDT,False,0.27960694231750893,0.3136531365313653,0.4282437418968785,0.35593896479505327,VAL
0.2,2025-10-25 00:00:00+00:00,VIRTUALUSDT,False,0.3136531365313653,0.1469025204980261,0.13642575159429082,0.39204372912238084,VAL
0.2,2025-10-31 00:00:00+00:00,DASHUSDT,False,0.20199954555782784,0.3933837429111531,1.2508506616257087,0.9145557655954633,VAL
0.2,2025-10-31 00:00:00+00:00,ZENUSDT,False,0.24811320754716992,0.37930323644609354,0.32178932178932174,0.37497423211708925,VAL
0.2,2025-11-01 00:00:00+00:00,ARUSDT,False,0.2535211267605635,-0.051685393258427026,-0.06067415730337089,0.45842696629213475,VAL
0.2,2025-11-01 00:00:00+00:00,DASHUSDT,False,0.3933837429111531,0.21638854972188315,0.6431963098629767,0.10622710622710652,VAL
0.2,2025-11-01 00:00:00+00:00,LINEAUSDT,False,0.20096076861489198,-0.06999999999999995,-0.23733333333333329,-0.17533333333333323,VAL
0.2,2025-11-01 00:00:00+00:00,VIRTUALUSDT,False,0.3486319505736981,-0.08758726003490391,-0.25768979057591623,-0.24989092495637,VAL
0.2,2025-11-01 00:00:00+00:00,ZENUSDT,False,0.37930323644609354,-0.12892940766203365,-0.008817814975339955,-0.27933044387983863,VAL
0.2,2025-11-01 00:00:00+00:00,ZKUSDT,False,0.794809688581315,0.17890881048775786,0.22498554077501454,0.08752650857914013,VAL
0.2,2025-11-02 00:00:00+00:00,DASHUSDT,False,0.21638854972188315,0.32801695293330346,0.16250278831139875,-0.09045282177113545,VAL
0.2,2025-11-02 00:00:00+00:00,ICPUSDT,False,0.24404416037187682,-0.08127043437645953,0.39210649229332084,0.7650630546473609,VAL
0.2,2025-11-03 00:00:00+00:00,0GUSDT,False,0.2750511247443763,-0.060946271050521306,-0.18684843624699288,0.23095429029671188,VAL
0.2,2025-11-03 00:00:00+00:00,DASHUSDT,False,0.32801695293330346,0.017216763248509404,-0.05139833711262276,-0.389434786260183,VAL
0.2,2025-11-04 00:00:00+00:00,ICPUSDT,False,0.3192679206914082,0.14855491329479764,0.5847784200385355,0.15009633911368003,VAL
0.2,2025-11-04 00:00:00+00:00,ZKUSDT,False,0.20660843144701868,0.1890147938306579,-0.014479068303430931,-0.20821529745042489,VAL
0.2,2025-11-05 00:00:00+00:00,XPLUSDT,False,0.23132821962050865,-0.16327868852459015,-0.0026229508196720097,-0.14786885245901626,VAL
0.2,2025-11-06 00:00:00+00:00,ARUSDT,False,0.33488372093023266,0.37804878048780477,0.0034843205574912606,-0.19860627177700363,VAL
0.2,2025-11-06 00:00:00+00:00,FILUSDT,False,0.3550465282748747,0.7918647649234019,0.4696249339672478,0.09244585314315912,VAL
0.2,2025-11-07 00:00:00+00:00,ARUSDT,False,0.37804878048780477,-0.17951959544879903,-0.302149178255373,-0.4348925410872314,VAL
0.2,2025-11-07 00:00:00+00:00,DOTUSDT,False,0.21918321468714863,-0.0006146281499693762,0.003687768899815591,-0.13491087891825448,VAL
0.2,2025-11-07 00:00:00+00:00,ETCUSDT,False,0.23008241758241765,-0.085427135678392,-0.07928531546622009,-0.17755443886097155,VAL
0.2,2025-11-07 00:00:00+00:00,FETUSDT,False,0.5783340526542946,-0.0680885972108286,-0.04047033087229979,-0.25950232430954345,VAL
0.2,2025-11-07 00:00:00+00:00,FILUSDT,False,0.7918647649234019,-0.12794811320754707,-0.246757075471698,-0.4112617924528301,VAL
0.2,2025-11-07 00:00:00+00:00,ICPUSDT,False,0.22505212987786694,0.08936170212765981,-0.17094224924012158,-0.34431610942249236,VAL
0.2,2025-11-07 00:00:00+00:00,INJUSDT,False,0.21518987341772133,-0.03124999999999989,0.06640625,-0.13020833333333337,VAL
0.2,2025-11-07 00:00:00+00:00,NEARUSDT,False,0.3199809251311396,0.06105491329479773,0.006864161849710948,-0.14920520231213863,VAL
0.2,2025-11-07 00:00:00+00:00,ORDIUSDT,True,0.3638376383763835,-0.043831168831168776,-0.06313131313131304,-0.19137806637806642,VAL
0.2,2025-11-07 00:00:00+00:00,PYTHUSDT,False,0.21475770925110127,-0.06436990027198541,-0.009972801450589208,-0.18223028105167716,VAL
0.2,2025-11-07 00:00:00+00:00,RENDERUSDT,False,0.25514403292181065,-0.049180327868852514,0.03319672131147544,-0.14016393442622954,VAL
0.2,2025-11-07 00:00:00+00:00,SPKUSDT,False,0.20068773538562312,0.1793633908845429,0.1545700024547909,-0.06276082153669926,VAL
0.2,2025-11-07 00:00:00+00:00,STRKUSDT,False,0.3836538461538461,-0.06393328700486456,0.15427380125086865,0.1827658095899929,VAL
0.2,2025-11-07 00:00:00+00:00,SUSDT,False,0.3405797101449275,0.0018018018018017834,-0.0888888888888889,-0.2114114114114115,VAL
0.2,2025-11-07 00:00:00+00:00,TIAUSDT,False,0.31350681536555136,-0.017924528301886955,-0.016981132075471694,-0.19528301886792454,VAL
0.2,2025-11-07 00:00:00+00:00,TRBUSDT,False,0.23249551166965876,-0.0400582665695558,-0.013474144209759675,-0.10342316096139836,VAL
0.2,2025-11-07 00:00:00+00:00,VIRTUALUSDT,False,0.2615474893117611,-0.08605222938401225,-0.02611469200611327,-0.2192836733337763,VAL
0.2,2025-11-07 00:00:00+00:00,XPLUSDT,False,0.3111285266457682,-0.09085475194261805,-0.07172743574417217,-0.30932456664674235,VAL
0.2,2025-11-07 00:00:00+00:00,ZECUSDT,False,0.20453866825918188,-0.06920860188398625,-0.1910479672781359,-0.05695339613287076,VAL
0.2,2025-11-08 00:00:00+00:00,0GUSDT,False,0.3480215827338129,0.13275517011340887,-0.11474316210807212,-0.09139426284189456,VAL
0.2,2025-11-09 00:00:00+00:00,DCRUSDT,False,0.4014826375341398,-0.1425389755011136,-0.0414810690423163,0.013084632516703776,VAL
0.2,2025-11-10 00:00:00+00:00,UNIUSDT,False,0.4218132035290538,-0.11747084626083226,-0.1705360008558895,-0.20605541885096812,VAL
0.2,2025-11-10 00:00:00+00:00,WLFIUSDT,True,0.2197628458498022,-0.02657161373946848,-0.060272197018794604,-0.11017498379779644,VAL
0.2,2025-11-13 00:00:00+00:00,RESOLVUSDT,False,0.26358475263584746,-0.15917843388960196,0.2259306803594352,-0.1906290115532735,VAL
0.2,2025-11-15 00:00:00+00:00,DASHUSDT,False,0.3151458137347132,-0.12599632127529126,-0.20529327610872683,-0.4173308808501941,VAL
0.2,2025-11-15 00:00:00+00:00,DCRUSDT,False,0.2820879513764749,0.01477969882877872,-0.0644171779141105,-0.37144450641383153,VAL
0.2,2025-11-15 00:00:00+00:00,XVGUSDT,False,0.21512816480578723,-0.05396661058625607,0.0799792933868253,-0.001552995988093775,VAL
0.2,2025-11-16 00:00:00+00:00,RESOLVUSDT,False,0.43501126972201365,-0.02408376963350778,-0.29214659685863886,-0.3476439790575916,VAL
0.2,2025-11-17 00:00:00+00:00,ZENUSDT,False,0.22541873449131522,0.07795988103524643,-0.11915459090046199,-0.21717395431247233,VAL
0.2,2025-11-19 00:00:00+00:00,STRKUSDT,False,0.21641426477772363,-0.10361445783132528,-0.4184738955823293,-0.3899598393574297,VAL
0.2,2025-11-23 00:00:00+00:00,BANANAS31USDT,True,0.2663647591601481,0.3003901170351104,0.9115734720416122,0.27340702210663204,VAL
0.2,2025-11-23 00:00:00+00:00,DYMUSDT,False,0.20166320166320162,-0.037197231833909994,-0.09948096885813151,-0.18685121107266434,VAL
0.2,2025-11-23 00:00:00+00:00,TNSRUSDT,False,0.6502793296089386,0.018280297901150933,-0.003385240352065,-0.04807041299932291,VAL
0.2,2025-11-24 00:00:00+00:00,BANANAS31USDT,True,0.3003901170351104,-0.11225000000000007,0.28,-0.08274999999999999,VAL
0.2,2025-11-24 00:00:00+00:00,PARTIUSDT,False,0.5876887340301973,-0.16752011704462322,-0.20629114850036567,-0.23774689100219448,VAL
0.2,2025-11-26 00:00:00+00:00,BANANAS31USDT,True,0.6558715854688819,-0.12925170068027203,-0.29200680272108837,-0.3387755102040816,VAL
0.2,2025-11-26 00:00:00+00:00,DASHUSDT,False,0.2224742627813645,-0.11789894376248933,-0.19254924350556668,-0.3047387953182986,VAL
0.2,2025-11-29 00:00:00+00:00,LSKUSDT,False,0.32571428571428584,0.20258620689655182,-0.017241379310344862,-0.051724137931034475,VAL
0.2,2025-11-30 00:00:00+00:00,LSKUSDT,False,0.20258620689655182,-0.22222222222222232,-0.22939068100358428,-0.2724014336917563,VAL
0.2,2025-11-30 00:00:00+00:00,TNSRUSDT,False,0.21311475409836067,-0.16642958748221903,-0.14935988620199148,-0.21692745376955902,VAL
0.2,2025-12-02 00:00:00+00:00,PARTIUSDT,False,0.3186180422264875,-0.13173216885007277,-0.1266375545851528,-0.19359534206695783,VAL
0.2,2025-12-02 00:00:00+00:00,PENGUUSDT,True,0.2535831285831285,-0.019844834626378094,-0.1302572478562679,0.03413638219681503,VAL
0.2,2025-12-02 00:00:00+00:00,SUIUSDT,False,0.2100646695904258,0.03820873518029355,-0.044290189815099135,0.01941151176362199,VAL
0.2,2025-12-02 00:00:00+00:00,TURBOUSDT,True,0.35169029443838595,-0.03549818475191613,-0.09560306575231936,-0.11859620814844696,VAL
0.2,2025-12-08 00:00:00+00:00,LUNAUSDT,False,0.2813121272365804,0.22420480993017855,0.3840186190845618,0.052754072924747986,VAL
0.2,2025-12-09 00:00:00+00:00,LUNAUSDT,False,0.22420480993017855,0.24397972116603306,0.15462610899873264,-0.17046894803548795,VAL
0.2,2025-12-10 00:00:00+00:00,LUNAUSDT,False,0.24397972116603306,-0.09118695873662763,-0.13245033112582782,-0.4024452368823229,VAL
0.2,2025-12-19 00:00:00+00:00,RESOLVUSDT,False,0.3536585365853657,-0.13413413413413422,-0.26526526526526517,-0.24824824824824832,VAL
0.2,2025-12-28 00:00:00+00:00,ATUSDT,False,0.20949367088607596,-0.1454735740450026,-0.07482993197278898,-0.10675039246467821,VAL
0.2,2026-01-01 00:00:00+00:00,PEPEUSDT,True,0.22084367245657566,0.22154471544715437,0.45934959349593485,0.2357723577235773,VAL
0.2,2026-01-02 00:00:00+00:00,PEPEUSDT,True,0.22154471544715437,0.014975041597337757,0.16472545757071555,0.01830282861896837,VAL
0.2,2026-01-04 00:00:00+00:00,BONKUSDT,True,0.2840300107181135,0.01001669449081799,-0.06761268781302177,-0.12687813021702843,VAL
0.2,2026-01-04 00:00:00+00:00,BROCCOLI714USDT,False,0.5798687089715535,-0.07860110803324094,-0.0166204986149584,-0.027700831024930705,VAL
0.2,2026-01-04 00:00:00+00:00,WIFUSDT,True,0.20118343195266264,0.009852216748768239,-0.039408866995073955,-0.07142857142857151,VAL
0.2,2026-01-05 00:00:00+00:00,VIRTUALUSDT,False,0.20627208480565384,0.047693152691321794,-0.02691321860124507,-0.09767484437934826,VAL
0.2,2026-01-06 00:00:00+00:00,BROCCOLI714USDT,False,0.5310033821871476,-0.3028964162984781,-0.2555228276877761,-0.3701521845851743,VAL
0.2,2026-01-13 00:00:00+00:00,DASHUSDT,False,0.4959452610238215,0.3559207182788413,0.45163476198543107,0.1838048449940708,VAL
0.2,2026-01-14 00:00:00+00:00,DASHUSDT,False,0.3559207182788413,0.009745127436281642,-0.06871564217891057,-0.15917041479260385,VAL
0.2,2026-01-14 00:00:00+00:00,ICPUSDT,False,0.25234418091560973,-0.06099977978418858,-0.12221977537987228,-0.2008368200836821,VAL
0.2,2026-01-20 00:00:00+00:00,AXSUSDT,False,0.2743791641429436,0.12642585551330798,0.3954372623574143,0.2552281368821292,VAL
0.2,2026-01-21 00:00:00+00:00,GUNUSDT,False,0.33030422757803235,0.03207603207603227,-0.045441045441045325,-0.10098010098010102,VAL
0.2,2026-01-26 00:00:00+00:00,AXSUSDT,False,0.21864324060517326,0.05766920304365253,-0.08730476571886259,-0.32278734481377647,VAL
0.2,2026-01-28 00:00:00+00:00,SOMIUSDT,False,0.2860187553282183,-0.17600265164070283,-0.17301955585018236,-0.33941000994365267,VAL
0.2,2026-01-28 00:00:00+00:00,WLDUSDT,False,0.2560189165950131,-0.18278281704603805,-0.2918021564264933,-0.3015574191340066,VAL
0.2,2026-01-30 00:00:00+00:00,ENSOUSDT,False,0.5030146425495263,-0.1684813753581662,-0.3117478510028653,-0.1851002865329514,VAL
0.2,2026-02-01 00:00:00+00:00,ZKUSDT,False,0.38996836873023044,-0.15994798439531865,-0.2477243172951885,-0.31306892067620284,VAL
0.2,2026-02-03 00:00:00+00:00,OGUSDT,False,0.21327151550275292,-0.04585622163840464,-0.13852400286601385,0.14401719608311425,VAL
0.2,2026-02-06 00:00:00+00:00,BERAUSDT,False,0.40374331550802145,-0.14476190476190476,-0.12380952380952381,0.4247619047619047,VAL
0.2,2026-02-06 00:00:00+00:00,XRPUSDT,False,0.21011032438662935,-0.031773030344264486,-0.02231596135528635,-0.04265886515172135,VAL
0.2,2026-02-07 00:00:00+00:00,BREVUSDT,False,0.24965800273597805,-0.11494252873563215,-0.18828680897646421,-0.17022441160372193,VAL
0.2,2026-02-08 00:00:00+00:00,DUSKUSDT,False,0.43618201997780237,-0.17542503863987624,-0.20556414219474484,-0.1761978361669242,VAL
0.2,2026-02-09 00:00:00+00:00,ZKPUSDT,False,0.5818414322250638,-0.17138237671786594,-0.21988682295877127,-0.2368633791430882,VAL
0.2,2026-02-11 00:00:00+00:00,BERAUSDT,False,0.8767676767676769,-0.21097954790096884,-0.2282023681377826,-0.34876210979547906,VAL
0.2,2026-02-13 00:00:00+00:00,KITEUSDT,False,0.22129870129870133,-0.17396852403232665,-0.11909825606125046,0.11484474691620594,VAL
0.2,2026-02-14 00:00:00+00:00,PEPEUSDT,True,0.2777777777777779,-0.08488612836438925,-0.09109730848861286,-0.13871635610766053,VAL
0.2,2026-02-14 00:00:00+00:00,ZECUSDT,False,0.2102801990198644,-0.07959322453016815,-0.0838897131552917,-0.19658753709198806,VAL
0.2,2026-02-19 00:00:00+00:00,ENSOUSDT,False,0.3794238683127571,0.14976133651551327,0.16050119331742252,-0.03997613365155128,VAL
0.2,2026-02-24 00:00:00+00:00,ENSOUSDT,False,0.34441087613293053,-0.2707865168539325,-0.44756554307116103,-0.495880149812734,VAL
0.2,2026-02-25 00:00:00+00:00,APTUSDT,False,0.21966019417475713,-0.03980099502487555,-0.042786069651741254,0.003980099502487455,VAL
0.2,2026-02-25 00:00:00+00:00,DOTUSDT,False,0.3432956381260097,-0.032471437161755934,-0.000601322910402935,-0.07336139506915218,VAL
0.2,2026-02-25 00:00:00+00:00,FILUSDT,False,0.2068181818181818,-0.03389830508474578,-0.05367231638418091,-0.03483992467043329,VAL
0.2,2026-02-25 00:00:00+00:00,NEARUSDT,False,0.2119958634953465,-0.03839590443686003,0.0,0.11860068259385659,VAL
0.2,2026-02-25 00:00:00+00:00,UNIUSDT,False,0.21516332034761754,-0.0434032059186189,-0.06017262638717624,-0.01923551171393334,VAL
0.2,2026-03-05 00:00:00+00:00,BARDUSDT,False,0.5534016093635701,-0.24476100777019083,-0.36996703555450905,-0.32781963739109965,VAL
0.2,2026-03-05 00:00:00+00:00,KITEUSDT,False,0.21810883140053527,-0.05638960087879907,0.04357378249725352,-0.08861222995239837,VAL
0.2,2026-03-13 00:00:00+00:00,TRUMPUSDT,True,0.31550255536626914,0.03910903910903896,0.011396011396011207,-0.1331261331261332,VAL
0.2,2026-03-16 00:00:00+00:00,FETUSDT,False,0.20884146341463405,0.01176965111391337,-0.10676754939050026,-0.046658259773013855,VAL
0.2,2026-03-16 00:00:00+00:00,ZECUSDT,False,0.20556474788818258,-0.015277928269585073,-0.15245422039224188,-0.17459457507133314,VAL
0.2,2026-03-22 00:00:00+00:00,BANANAS31USDT,True,0.4661856558259745,0.11964744766801316,0.019463826661770156,-0.017921410209328026,VAL
0.2,2026-03-24 00:00:00+00:00,HUMAUSDT,False,0.21620046620046596,-0.08576904647819839,-0.27407762338284614,-0.2836607570675611,VAL
0.2,2026-04-04 00:00:00+00:00,STOUSDT,False,0.320754716981132,-0.14973544973544972,-0.252910052910053,-0.34391534391534395,VAL
0.2,2026-04-06 00:00:00+00:00,DEGOUSDT,False,0.22711864406779658,-0.13812154696132595,-0.18232044198895025,-0.22651933701657445,VAL
0.2,2026-04-07 00:00:00+00:00,NOMUSDT,False,0.3906250000000002,-0.04975922953451051,-0.052969502407704705,-0.4735152487961477,VAL
0.2,2026-04-07 00:00:00+00:00,ZECUSDT,False,0.275264371471734,0.00841698360246923,0.17045950495666817,0.10409003055053323,VAL
0.2,2026-04-09 00:00:00+00:00,NOMUSDT,False,0.25168918918918926,-0.20377867746288802,-0.4966261808367072,-0.5856950067476383,VAL
0.2,2026-04-09 00:00:00+00:00,PIXELUSDT,False,0.2020958083832336,-0.09215442092154436,-0.12453300124533007,0.07222914072229125,VAL
0.2,2026-04-10 00:00:00+00:00,DASHUSDT,False,0.27153974430239036,0.010710382513661187,-0.09551912568306009,-0.194535519125683,VAL
0.2,2026-04-12 00:00:00+00:00,ENJUSDT,False,0.2165178571428572,0.1625163826998688,1.3538663171690692,0.5415465268676276,VAL
0.2,2026-04-14 00:00:00+00:00,ENJUSDT,False,0.34859075535512973,0.501421167028925,0.024745025915398733,0.007356629326199515,VAL
0.2,2026-04-14 00:00:00+00:00,GIGGLEUSDT,False,0.3183868400106129,-0.2320386395653049,-0.18474542161400687,-0.25357214731334266,VAL
0.2,2026-04-15 00:00:00+00:00,ENJUSDT,False,0.501421167028925,-0.15790645879732734,-0.3537861915367484,-0.35879732739420944,VAL
0.2,2026-04-16 00:00:00+00:00,OPNUSDT,False,0.20170940170940188,-0.08297771455666203,-0.24845898530109056,-0.14888572783309628,VAL
0.2,2026-04-23 00:00:00+00:00,KATUSDT,False,0.5074626865671643,0.7503536067892504,-0.13295615275813288,-0.24540311173974538,VAL
0.2,2026-04-24 00:00:00+00:00,DUSDT,False,0.266888150609081,0.12587412587412583,0.12674825174825166,0.10926573426573416,VAL
0.2,2026-04-24 00:00:00+00:00,KATUSDT,False,0.7503536067892504,-0.3725252525252526,-0.5393939393939394,-0.6020202020202021,VAL
0.2,2026-04-26 00:00:00+00:00,AVNTUSDT,False,0.2170385395537524,-0.13944444444444437,-0.18555555555555547,-0.2005555555555555,VAL
0.2,2026-04-26 00:00:00+00:00,ZBTUSDT,False,0.28934911242603545,-0.11014226709499775,-0.17209729233593396,-0.13630105553005967,VAL
0.2,2026-04-28 00:00:00+00:00,BIOUSDT,False,0.29181494661921703,-0.06887052341597799,0.11019283746556474,0.4104683195592287,VAL
0.2,2026-04-29 00:00:00+00:00,SOLVUSDT,False,0.26485148514851486,-0.1095890410958904,-0.11741682974559686,-0.1428571428571428,VAL
0.2,2026-04-30 00:00:00+00:00,BIOUSDT,False,0.2218934911242605,-0.02421307506053272,0.46489104116222735,0.09200968523002406,VAL
0.2,2026-04-30 00:00:00+00:00,ORCAUSDT,False,0.3174019607843137,-0.07162790697674415,-0.0646511627906976,-0.27674418604651163,VAL
0.2,2026-05-02 00:00:00+00:00,BIOUSDT,False,0.42928039702233245,0.05034722222222232,-0.11111111111111105,0.003472222222222099,VAL
0.2,2026-05-02 00:00:00+00:00,LUNCUSDT,False,0.3048588218431989,-0.06942003514938477,0.2626318101933216,0.04580404217926204,VAL
0.2,2026-05-02 00:00:00+00:00,ORDIUSDT,True,0.22383720930232553,-0.015165357208112629,-0.0493330897131371,0.008587611913027482,VAL
0.2,2026-05-04 00:00:00+00:00,DASHUSDT,False,0.2102446483180429,0.033901874078753336,0.09770477995367455,-0.014529374605180112,VAL
0.2,2026-05-04 00:00:00+00:00,GIGGLEUSDT,False,0.21566150931480887,-0.08571428571428563,-0.0662337662337662,-0.047272727272727244,VAL
0.2,2026-05-04 00:00:00+00:00,LUNCUSDT,False,0.20372993389990546,0.12718180035301052,-0.1232594626397332,-0.007550500098058355,VAL
0.2,2026-05-04 00:00:00+00:00,TONUSDT,False,0.2217294900221729,0.18088324258923172,0.6418632788868723,0.46944948578342394,VAL
0.2,2026-05-05 00:00:00+00:00,ZECUSDT,False,0.22324745072988383,0.07196874456027702,0.18579192696748748,0.10486818946676224,VAL
0.2,2026-05-06 00:00:00+00:00,TONUSDT,False,0.25665983606557363,0.10640032613126782,-0.0077456176110883845,-0.1434977578475336,VAL
0.2,2026-05-07 00:00:00+00:00,HIGHUSDT,False,0.2554347826086958,-0.025974025974025983,-0.10822510822510834,-0.07359307359307365,VAL
0.2,2026-05-07 00:00:00+00:00,TSTUSDT,True,0.3007874015748031,-0.10694108151735271,-0.11904761904761907,-0.19289749798224376,VAL
0.2,2026-05-08 00:00:00+00:00,BIOUSDT,False,0.2062084257206207,0.0625,-0.1305147058823528,-0.2316176470588236,VAL
0.2,2026-05-08 00:00:00+00:00,ONDOUSDT,False,0.2810550198525239,-0.0737214965685189,-0.05069736550808057,-0.195926499889307,VAL
0.2,2026-05-10 00:00:00+00:00,SUIUSDT,False,0.2449780435391946,-0.03121951219512198,-0.09335834896810513,-0.2165853658536585,VAL
0.2,2026-05-20 00:00:00+00:00,DASHUSDT,False,0.20289168049300788,-0.035073891625615805,-0.09359605911330049,-0.16177339901477839,VAL
0.2,2026-05-21 00:00:00+00:00,TSTUSDT,True,0.21778584392014522,-0.1356184798807749,-0.12667660208643816,-0.16244411326378538,VAL
0.2,2026-05-25 00:00:00+00:00,SAGAUSDT,False,0.212919896640827,-0.1427354069024287,-0.21133361738389445,-0.2317852577758841,VAL
0.2,2026-05-28 00:00:00+00:00,ALLOUSDT,False,0.7666303162486368,0.5765432098765433,0.6820987654320989,0.1074074074074074,VAL
0.2,2026-05-28 00:00:00+00:00,XLMUSDT,False,0.24192565508836084,0.27379784102060833,0.2752698724239451,-0.010304219823356275,VAL
0.2,2026-05-29 00:00:00+00:00,ALLOUSDT,False,0.5765432098765433,-0.07674236491777608,-0.3202819107282694,-0.12411902897415816,VAL
0.2,2026-05-29 00:00:00+00:00,XLMUSDT,False,0.27379784102060833,-0.11556240369799686,-0.06355932203389825,-0.21687211093990755,VAL
0.2,2026-06-01 00:00:00+00:00,WLDUSDT,False,0.24985722444317515,-0.12565684258624632,0.22778158556088646,0.136166323966187,VAL
0.2,2026-06-03 00:00:00+00:00,WLDUSDT,False,0.4157303370786516,-0.008121077888519679,-0.23569582871908445,-0.16777408637873747,VAL
0.2,2026-06-05 00:00:00+00:00,ALLOUSDT,False,0.24693422519509478,0.9566383549396511,0.8497988377291015,0.7764863656683056,VAL
0.2,2026-06-06 00:00:00+00:00,ALLOUSDT,False,0.9566383549396511,-0.24583047749600173,-0.06351382225268443,-0.1622115604295178,VAL
0.2,2026-06-06 00:00:00+00:00,FIDAUSDT,False,0.24257158292814696,0.13173913043478258,-0.018695652173913002,-0.0021739130434781373,VAL
0.2,2026-06-06 00:00:00+00:00,PORTALUSDT,False,0.20012995451591942,-0.12885760693015702,-0.14347590687601508,-0.3075257173795344,VAL
0.2,2026-06-07 00:00:00+00:00,JTOUSDT,False,0.2335795567977641,-0.030101958245670746,-0.07525489561417698,-0.09483735232238222,VAL
0.2,2026-06-07 00:00:00+00:00,ZECUSDT,False,0.21591787172977162,0.04185201997276433,-0.07260553790285973,0.07271901951883786,VAL
0.2,2026-06-08 00:00:00+00:00,ALLOUSDT,False,0.25355952741593457,-0.009424842919284693,-0.036974383760270624,-0.11913968100531658,VAL
0.2,2026-06-08 00:00:00+00:00,LAYERUSDT,False,0.21283255086071984,-0.13161290322580643,-0.14193548387096766,-0.1212903225806452,VAL
0.2,2026-06-10 00:00:00+00:00,STRAXUSDT,False,0.6134453781512605,-0.20238095238095244,-0.29389880952380953,-0.25818452380952384,VAL
0.2,2026-06-11 00:00:00+00:00,XPLUSDT,False,0.23529411764705888,0.09126984126984139,0.18518518518518512,0.2949735449735449,VAL
0.2,2026-06-12 00:00:00+00:00,TRUMPUSDT,True,0.2373563218390804,0.01579191825359949,-0.07338597306084527,-0.13841151881096148,VAL
0.2,2026-06-13 00:00:00+00:00,MEGAUSDT,False,0.3430406852248393,0.0035076530612243584,-0.08195153061224492,-0.1272321428571429,VAL
0.2,2026-06-13 00:00:00+00:00,TAOUSDT,False,0.23892554194156457,0.030049448459490424,-0.020540129326740098,-0.11943704830734114,VAL
0.2,2026-06-14 00:00:00+00:00,BABYUSDT,True,0.20841819416157503,0.09662921348314613,-0.13258426966292136,-0.21516853932584268,VAL
0.2,2026-06-15 00:00:00+00:00,JTOUSDT,False,0.30466654747005184,0.09044812936823354,0.023023160202823023,-0.10045224064684122,VAL
0.2,2026-06-16 00:00:00+00:00,PORTALUSDT,False,0.3495798319327732,-0.1295143212951433,0.041095890410958846,-0.08966376089663775,VAL
0.2,2026-06-17 00:00:00+00:00,XPLUSDT,False,0.2330415754923414,-0.13132209405501327,-0.16149068322981364,-0.18189884649511967,VAL
0.2,2026-06-18 00:00:00+00:00,EDENUSDT,False,0.25462962962962954,-0.044280442804428,-0.16420664206642066,-0.11992619926199255,VAL
0.2,2026-06-23 00:00:00+00:00,DEXEUSDT,False,0.2605219082608461,-0.041704170417041664,-0.07989370365607995,-0.002143071450002143,VAL
0.2,2026-06-23 00:00:00+00:00,HEIUSDT,False,0.5551643192488265,-0.138867924528302,0.172075471698113,0.035471698113207495,VAL
0.2,2026-06-25 00:00:00+00:00,HEIUSDT,False,0.5854513584574936,-0.14151464897733557,-0.2526257600884467,-0.36594803758982863,VAL
0.2,2026-06-28 00:00:00+00:00,SYNUSDT,False,0.27162600809825,0.3450263157894735,0.39086842105263164,0.04052631578947352,VAL
0.2,2026-06-29 00:00:00+00:00,SYNUSDT,False,0.3450263157894735,0.10269804934358562,0.01708047191406936,-0.26512883723660263,VAL
0.2,2026-07-02 00:00:00+00:00,ALLOUSDT,False,0.5008826125330981,0.028226992061158418,0.07262569832402233,0.2837400764481035,VAL
0.2,2026-07-03 00:00:00+00:00,HMSTRUSDT,True,0.36450584484590864,0.3181464174454829,0.529595015576324,-0.17757009345794394,VAL
0.2,2026-07-04 00:00:00+00:00,HEIUSDT,False,0.2182163187855788,0.0,-0.12850467289719614,-0.19704049844236748,VAL
0.2,2026-07-04 00:00:00+00:00,HMSTRUSDT,True,0.3181464174454829,-0.08330871491875913,-0.238109305760709,-0.4050221565731167,VAL
0.2,2026-07-06 00:00:00+00:00,HMSTRUSDT,True,0.26587173702868183,-0.3434317718940938,-0.5104378818737271,-0.490071283095723,VAL
0.2,2026-07-10 00:00:00+00:00,DEXEUSDT,False,0.24933923851703677,0.09245547328397041,0.21887418165184824,0.04211098087423881,VAL
0.2,2026-07-12 00:00:00+00:00,DEXEUSDT,False,0.2531860885039121,-0.10969345138656872,-0.22452388907450704,-0.275288172402272,VAL
0.2,2026-07-13 00:00:00+00:00,ALLOUSDT,False,0.2663276231263385,-0.23272035510462907,-0.13675755654195743,0.01120270555907843,VAL
0.2,2026-07-18 00:00:00+00:00,SYNUSDT,False,0.27535574579057776,-0.04271870554765278,-0.09779516358463725,-0.23786450924608826,VAL
0.2,2026-07-18 00:00:00+00:00,TLMUSDT,False,0.2686781609195401,0.26047565118912797,-0.030011325028312608,-0.036806342015854976,VAL
0.2,2026-07-19 00:00:00+00:00,PUMPUSDT,True,0.20084185207456406,0.016024036054081092,-0.04306459689534303,0.010515773660490613,VAL
0.2,2026-07-19 00:00:00+00:00,TLMUSDT,False,0.26047565118912797,-0.18643306379155444,-0.19092542677448343,-0.2394429469901168,VAL
0.2,2026-07-22 00:00:00+00:00,BANKUSDT,False,0.2643993417443775,0.19002169197396945,0.5032537960954444,-0.25249457700650757,VAL
0.2,2026-07-24 00:00:00+00:00,DEXEUSDT,False,1.3447242206235015,0.20685246739964191,-0.3272820250575301,-0.3334185630273587,VAL
0.2,2026-07-25 00:00:00+00:00,DEXEUSDT,False,0.20685246739964191,-0.23728813559322026,-0.36673728813559325,-0.5040254237288135,VAL
0.2,2026-07-28 00:00:00+00:00,RIFUSDT,False,0.2333767926988266,-0.004228329809725095,-0.06448202959830873,-0.2219873150105709,VAL
0.2,2026-07-30 00:00:00+00:00,MUBUSDT,False,0.2277990176737097,-0.09814720418430434,-0.051616763812858735,-0.012809999778373604,VAL
0.2,2026-07-30 00:00:00+00:00,SNDKBUSDT,False,0.3403313056056432,-0.10766899508445127,-0.08092545367187787,-0.05624422515430383,VAL
0.2,2026-07-31 00:00:00+00:00,TLMUSDT,False,0.21328903654485032,-0.11117196056955081,-0.11281489594742611,-0.1308871851040525,VAL
0.2,2026-08-05 00:00:00+00:00,SYNUSDT,False,0.5062539749841002,-0.16868402533427163,-0.24848698099929634,-0.27712878254750173,VAL
0.2,2026-08-08 00:00:00+00:00,ACEUSDT,False,0.32842686292548295,-0.14958448753462594,-0.278393351800554,0.07686980609418281,VAL
0.2,2026-08-12 00:00:00+00:00,COTIUSDT,False,0.24575424575424587,-0.10825982357658381,-0.1595829991980754,-0.20529270248596632,VAL
0.2,2026-08-14 00:00:00+00:00,ACEUSDT,False,1.0778688524590163,-0.3865877712031558,-0.3857988165680474,-0.09585798816568059,VAL
0.2,2026-08-14 00:00:00+00:00,HEIUSDT,False,0.26753670473083213,-0.19498069498069515,-0.16473616473616481,-0.13191763191763206,VAL
0.2,2026-08-17 00:00:00+00:00,TUTUSDT,False,0.3518950437317785,-0.11882682769031705,-0.29199913737330174,0.021565667457407844,VAL
0.2,2026-08-18 00:00:00+00:00,ACEUSDT,False,0.45921644187540145,-0.16725352112676062,0.008802816901408272,-0.03169014084507049,VAL
0.2,2026-08-19 00:00:00+00:00,REUSDT,False,0.34855708908406524,-0.050427986602158525,-0.06494231484927437,-0.020841086713807244,VAL
0.2,2026-08-20 00:00:00+00:00,ACEUSDT,False,0.32875264270613114,-0.08830548926014326,-0.06762132060461423,-0.17581543357199692,VAL
0.2,2026-08-20 00:00:00+00:00,ENAUSDT,False,0.2497320471597,0.21869639794168094,0.385934819897084,0.45883361921097787,VAL
0.2,2026-08-20 00:00:00+00:00,PUMPUSDT,True,0.27663115845539266,0.05945241199478479,0.3629726205997392,0.2717079530638853,VAL
0.2,2026-08-21 00:00:00+00:00,AAVEUSDT,False,0.2367943548387097,0.030564838210123124,0.07849050452359596,-0.003830793055668802,VAL
0.2,2026-08-21 00:00:00+00:00,BCHUSDT,False,0.2931420887494398,-0.04124783362218365,-0.060658578856152556,-0.14003466204506065,VAL
0.2,2026-08-21 00:00:00+00:00,ENAUSDT,False,0.21869639794168094,0.11400422237860663,0.07459535538353279,0.1428571428571428,VAL
0.2,2026-08-21 00:00:00+00:00,PEPEUSDT,True,0.28348909657320887,-0.01456310679611661,-0.016990291262135915,-0.1019417475728156,VAL
0.2,2026-08-21 00:00:00+00:00,TUTUSDT,False,0.24215656411818465,0.4926434526728789,0.1615988229524279,-0.05321235899950949,VAL
0.2,2026-08-21 00:00:00+00:00,ZECUSDT,False,0.2906610887486598,0.09239108229942672,0.13155923570348782,0.09013033352853861,VAL
0.2,2026-08-22 00:00:00+00:00,PUMPUSDT,True,0.2217573221757323,0.05298146655922653,-0.09307010475423039,0.01974214343271563,VAL
0.2,2026-08-22 00:00:00+00:00,TRUMPUSDT,True,0.27569593147751603,0.10155266470835089,-0.08812421317666808,0.12421317666806542,VAL
0.2,2026-08-22 00:00:00+00:00,TUTUSDT,False,0.4926434526728789,0.04468539510432068,-0.2649909643502546,-0.39855429604074266,VAL
0.2,2026-08-25 00:00:00+00:00,BMTUSDT,False,0.5284015852047557,-0.07433016421780458,-0.04883318928262759,,VAL
0.2,2026-08-26 00:00:00+00:00,BICOUSDT,False,0.2511415525114158,0.057988645579886366,-0.07785888077858882,,VAL
0.2,2026-08-27 00:00:00+00:00,BMTUSDT,False,0.26237161531279174,-0.18602071005917176,-0.22818047337278113,,VAL
0.2,2026-08-27 00:00:00+00:00,HEMIUSDT,False,0.3543814432989689,0.07802093244529007,0.3092293054234063,,VAL
0.2,2026-08-28 00:00:00+00:00,DEXEUSDT,False,0.2883307169021456,-0.08895207148659634,-0.16125101543460607,,VAL
0.2,2026-08-29 00:00:00+00:00,PROMUSDT,False,0.3577331759149942,-0.06362318840579706,,,VAL
0.2,2026-08-30 00:00:00+00:00,HEMIUSDT,False,0.21020228671943708,0.16133720930232576,,,VAL
0.5,2018-01-05 00:00:00+00:00,BNBUSDT,False,0.6286558022530897,0.5177156365003897,0.20860531334783894,0.4908466972896015,DEV
0.5,2018-01-06 00:00:00+00:00,BNBUSDT,False,0.5177156365003897,-0.17725663716814155,-0.23013274336283185,-0.02546017699115055,DEV
0.5,2018-08-17 00:00:00+00:00,ONTUSDT,False,0.5673469387755101,-0.21279761904761907,-0.21391369047619058,-0.19456845238095244,DEV
0.5,2018-12-20 00:00:00+00:00,BCHABCUSDT,False,0.5153256704980842,0.011219974715549919,0.028603034134007554,-0.22750737463126847,DEV
0.5,2019-06-13 00:00:00+00:00,LINKUSDT,False,0.6317260656883299,-0.12232334047109217,-0.11022483940042838,-0.05481798715203423,DEV
0.5,2020-06-12 00:00:00+00:00,TFUELUSDT,False,0.6541533546325877,0.11453404152583291,-0.014196040560115808,-0.061419604056011545,DEV
0.5,2020-08-13 00:00:00+00:00,WAVESUSDT,False,0.5326177093891091,0.049508521958697704,0.21264315988817728,0.15901644272101478,DEV
0.5,2020-08-20 00:00:00+00:00,OMGUSDT,False,0.6803849000740194,0.09935688485595962,0.12941591049246748,-0.11549643203242022,DEV
0.5,2020-10-27 00:00:00+00:00,CRVUSDT,False,0.6222222222222222,-0.2526636225266363,-0.4018264840182648,-0.4581430745814308,DEV
0.5,2021-01-02 00:00:00+00:00,DOGEUSDT,True,0.8532394366197182,-0.06702196382428938,-0.05285757713938288,-0.033012235902112885,DEV
0.5,2021-01-06 00:00:00+00:00,XLMUSDT,False,0.7592659789539165,-0.08291590547468908,-0.08497849018798997,-0.10554540632918852,DEV
0.5,2021-01-15 00:00:00+00:00,IOSTUSDT,False,0.6756427604871449,-0.16054267947993217,-0.18089315997738842,-0.36319954776710006,DEV
0.5,2021-01-17 00:00:00+00:00,CRVUSDT,False,0.5261732851985559,-0.05085748078060326,-0.03666469544648143,0.3364872856298047,DEV
0.5,2021-01-26 00:00:00+00:00,ALPHAUSDT,False,0.5273938242483109,0.026282320055904806,0.4776380153738644,0.3417679944095038,DEV
0.5,2021-01-28 00:00:00+00:00,DOGEUSDT,True,3.9241136474016507,0.2577131193577995,0.01371251660981665,0.44955684324442813,DEV
0.5,2021-01-30 00:00:00+00:00,XRPUSDT,False,0.568469423824673,0.1157261335977644,-0.16041647886054278,-0.001464887767060219,DEV
0.5,2021-02-05 00:00:00+00:00,ZRXUSDT,False,0.5398512221041447,-0.0897170462387854,-0.0784239914674697,0.1316268272790011,DEV
0.5,2021-02-08 00:00:00+00:00,BTTUSDT,False,1.1471531676022453,0.1333333333333333,0.11830065359477127,0.0365079365079366,DEV
0.5,2021-02-08 00:00:00+00:00,LUNAUSDT,False,0.8735561323815706,0.1198413660530282,-0.0492527232738168,-0.05533138215887645,DEV
0.5,2021-02-09 00:00:00+00:00,FILUSDT,False,0.5953913118926426,-0.09899886244669132,-0.03353289613821053,-0.051117385530865755,DEV
0.5,2021-02-10 00:00:00+00:00,AVAXUSDT,False,0.7132558882685767,-0.14114738480162237,-0.19388656349602562,-0.31791991017827204,DEV
0.5,2021-02-10 00:00:00+00:00,PNTUSDT,False,0.6084918417019742,0.1096788656616039,-0.02690130583422068,0.07381045788264307,DEV
0.5,2021-02-11 00:00:00+00:00,GRTUSDT,False,0.6082120188208546,0.09689802610586673,0.060738602614513804,0.12646962088076608,DEV
0.5,2021-02-11 00:00:00+00:00,SKLUSDT,False,0.5510598167774385,-0.04455832537131932,-0.14768812067517878,-0.12244129824256633,DEV
0.5,2021-02-13 00:00:00+00:00,DASHUSDT,False,0.5764019792648447,-0.13796195956802815,-0.06782257763162813,0.11087029632674406,DEV
0.5,2021-02-19 00:00:00+00:00,BNBUSDT,False,0.703021472392638,-0.2404934091038723,-0.19692024580395118,-0.33440504816712746,DEV
0.5,2021-02-20 00:00:00+00:00,RVNUSDT,False,0.551055490614041,-0.07997517400363519,-0.2045484771911158,-0.3703506671986523,DEV
0.5,2021-02-21 00:00:00+00:00,HOTUSDT,False,0.659860360953761,-0.09174603174603169,-0.17108465608465606,-0.35830687830687835,DEV
0.5,2021-02-24 00:00:00+00:00,UNFIUSDT,False,0.5231248513674198,-0.10799189350387361,0.12019223262771028,0.07044157920540095,DEV
0.5,2021-02-27 00:00:00+00:00,HIVEUSDT,False,0.5094494658997535,-0.2022318998366902,-0.1839956450734893,-0.1845400108873163,DEV
0.5,2021-03-08 00:00:00+00:00,CHRUSDT,False,0.5557952774781252,0.7023882896764253,2.380893682588598,2.717565485362096,DEV
0.5,2021-03-08 00:00:00+00:00,CHZUSDT,False,0.7093559956338684,0.21768183103602423,0.6314848432325924,1.7620620136652647,DEV
0.5,2021-03-09 00:00:00+00:00,CHRUSDT,False,0.7023882896764253,0.3487351224148074,1.583201339548355,0.7877992487668011,DEV
0.5,2021-03-09 00:00:00+00:00,SKLUSDT,False,0.5974133975682498,-0.06302845346019226,0.5804685396283995,0.255075845974329,DEV
0.5,2021-03-11 00:00:00+00:00,COCOSUSDT,False,0.5763453127971094,-0.058504221954161606,-0.14794933655006026,-0.20687575392038604,DEV
0.5,2021-03-11 00:00:00+00:00,SKLUSDT,False,0.5005556194198568,0.12410623084780381,0.03613381001021443,-0.11677732379979566,DEV
0.5,2021-03-12 00:00:00+00:00,CHZUSDT,False,1.0344711901367103,-0.1737230490167786,-0.16785532698465044,-0.16965549463385143,DEV
0.5,2021-03-13 00:00:00+00:00,FIOUSDT,False,0.6408281174771304,-0.11473004694835676,-0.17224178403755863,-0.07188967136150226,DEV
0.5,2021-03-13 00:00:00+00:00,HOTUSDT,False,0.5591561181434599,0.5747347910803204,0.4811864039835463,0.6708811431045683,DEV
0.5,2021-03-13 00:00:00+00:00,NPXSUSDT,False,0.551242166012895,0.09141113210289209,0.024676645836360978,0.7733468972533062,DEV
0.5,2021-03-14 00:00:00+00:00,HOTUSDT,False,0.5747347910803204,-0.026630188212326544,-0.014586799015631757,0.10077402147462777,DEV
0.5,2021-03-14 00:00:00+00:00,ONEUSDT,False,0.5286144578313252,0.06428571428571428,0.012438423645320329,1.1737684729064042,DEV
0.5,2021-03-15 00:00:00+00:00,OGNUSDT,False,0.5720714577935362,-0.12048924358084667,-0.15145732130464962,-0.24323386537127,DEV
0.5,2021-03-15 00:00:00+00:00,VITEUSDT,False,0.5019015538411389,-0.20431196643032856,-0.2645058602228332,-0.1459267833888005,DEV
0.5,2021-03-19 00:00:00+00:00,NPXSUSDT,False,0.5115333154937116,0.08012604893247888,0.18551499486598444,0.45443118648868763,DEV
0.5,2021-03-19 00:00:00+00:00,STMXUSDT,False,0.7519615022491895,-0.10431719113871152,-0.21550128381202605,-0.16670149877590024,DEV
0.5,2021-03-20 00:00:00+00:00,NKNUSDT,False,0.6439678284182306,-0.2376060013046314,-0.33223255055446843,-0.25660469667318986,DEV
0.5,2021-03-21 00:00:00+00:00,ONEUSDT,False,0.5581744350282485,-0.1212395898249391,0.12169282193643416,0.13965214435442763,DEV
0.5,2021-03-22 00:00:00+00:00,DENTUSDT,False,0.5044370493621744,-0.027364055299539225,-0.10021198156682043,0.09596313364055287,DEV
0.5,2021-03-23 00:00:00+00:00,STORJUSDT,False,0.9349906500934992,-0.17713603547268497,-0.10840770848729464,0.6840998237735203,DEV
0.5,2021-03-27 00:00:00+00:00,STORJUSDT,False,1.0096914052537618,-0.13892766497461928,-0.06012055837563457,-0.11069162436548219,DEV
0.5,2021-03-29 00:00:00+00:00,MTLUSDT,False,2.1892006352567495,0.1106666224022308,-0.07974238098399844,-0.06878693313856976,DEV
0.5,2021-03-30 00:00:00+00:00,GTOUSDT,False,0.6085967705253581,0.026155803760780527,-0.10943022762618404,0.436448465997455,DEV
0.5,2021-03-31 00:00:00+00:00,WINUSDT,False,0.6628790767431809,-0.14117341323223664,0.7411183808242632,1.4928305001834414,DEV
0.5,2021-04-02 00:00:00+00:00,WRXUSDT,False,0.5449442764968642,-0.09756254271245246,1.2779916239785516,1.069221917840225,DEV
0.5,2021-04-03 00:00:00+00:00,NKNUSDT,False,0.6108733954190788,-0.042187500000000044,0.640625,2.18978125,DEV
0.5,2021-04-03 00:00:00+00:00,WINUSDT,False,0.7904673573011805,0.9916766903430292,0.7615301544377817,0.2914563157940948,DEV
0.5,2021-04-04 00:00:00+00:00,CTSIUSDT,False,0.7548118279569893,-0.11821565894085384,-0.1486542379632041,0.04015073760321086,DEV
0.5,2021-04-04 00:00:00+00:00,WINUSDT,False,0.9916766903430292,0.18537686359909378,-0.28113786445429934,-0.24992285515283497,DEV
0.5,2021-04-04 00:00:00+00:00,WRXUSDT,False,1.5830744336569582,-0.02276707969480185,0.013125023491236343,-0.12930328125587287,DEV
0.5,2021-04-05 00:00:00+00:00,AXSUSDT,False,0.5822766952667147,-0.17014296563732978,-0.16737581948238467,-0.18217511007892162,DEV
0.5,2021-04-05 00:00:00+00:00,GTOUSDT,False,0.6759394115933588,-0.11705918136786309,0.0995046493438776,-0.0019987833492657314,DEV
0.5,2021-04-05 00:00:00+00:00,MITHUSDT,False,0.7936666666666665,-0.20095397385863845,0.046831443969522546,-0.18998946911974235,DEV
0.5,2021-04-05 00:00:00+00:00,NKNUSDT,False,0.8468189233278958,-0.07252009539793314,0.641409769454995,0.5337161028177722,DEV
0.5,2021-04-05 00:00:00+00:00,STXUSDT,False,1.214025974025974,-0.23165962771781634,-0.2542624745815736,-0.1850461442202408,DEV
0.5,2021-04-07 00:00:00+00:00,KMDUSDT,False,0.5226453533928852,0.21917455743104153,0.009263071222725516,-0.1256689995883079,DEV
0.5,2021-04-07 00:00:00+00:00,NKNUSDT,False,0.5680000000000001,0.1286686103012633,0.2399538386783282,-0.045104470359572435,DEV
0.5,2021-04-08 00:00:00+00:00,DREPUSDT,False,0.6974148061104581,-0.09207338179300784,-0.14157147802007608,-0.2689511941848389,DEV
0.5,2021-04-08 00:00:00+00:00,MITHUSDT,False,0.554931910195068,-0.1611337948991065,-0.13355819870998287,-0.2318480383454642,DEV
0.5,2021-04-15 00:00:00+00:00,DOGEUSDT,True,0.5017338793687707,1.0039679776091126,0.7675481287278618,0.4293794852925452,DEV
0.5,2021-04-16 00:00:00+00:00,DOGEUSDT,True,1.0039679776091126,-0.22764181813107032,0.11892293033613432,-0.3164044007909296,DEV
0.5,2021-04-17 00:00:00+00:00,NANOUSDT,False,1.057989126024507,-0.1025448924709983,-0.32075739532976355,-0.4262359723350394,DEV
0.5,2021-04-25 00:00:00+00:00,PNTUSDT,False,0.5212496941022922,-0.07405222800150146,-0.06246983752480029,0.02488069065365428,DEV
0.5,2021-04-26 00:00:00+00:00,CTSIUSDT,False,0.5281302370122096,-0.0035876547078176335,-0.06334012219959262,0.15054049819833937,DEV
0.5,2021-04-27 00:00:00+00:00,MATICUSDT,False,0.5427592371871277,-0.06204732013520042,-0.009343312409464177,-0.15047078705939165,DEV
0.5,2021-04-29 00:00:00+00:00,XVSUSDT,False,0.5387472474995358,-0.03265517241379312,0.06771551724137925,-0.049422413793103526,DEV
0.5,2021-04-30 00:00:00+00:00,IOTXUSDT,False,0.5269241176697979,-0.16474683544303792,-0.2220126582278481,-0.321367088607595,DEV
0.5,2021-05-05 00:00:00+00:00,BCHUSDT,False,0.5285574566984614,0.03837659701821128,-0.038961396363236145,-0.1493164727655505,DEV
0.5,2021-05-05 00:00:00+00:00,PNTUSDT,False,0.7440055600602342,-0.18364771519659928,-0.12300743889479282,-0.4113642401700319,DEV
0.5,2021-05-08 00:00:00+00:00,CTSIUSDT,False,0.7574260969150381,-0.15171843999278523,-0.3394406269818643,-0.4085505989957585,DEV
0.5,2021-05-09 00:00:00+00:00,RLCUSDT,False,1.0349546846171003,0.15040950122551466,-0.30300101628041365,-0.21296056433453558,DEV
0.5,2021-05-11 00:00:00+00:00,EOSUSDT,False,0.566444734598742,-0.28676531371414404,-0.23193078173651882,-0.3577402110716156,DEV
0.5,2021-05-15 00:00:00+00:00,ATMUSDT,False,0.8040932067562572,-0.06920430989316395,0.10243969110913698,-0.40472448119547144,DEV
0.5,2021-05-20 00:00:00+00:00,CVCUSDT,False,0.5736593384014794,-0.2171954563258911,-0.3987465726596162,-0.19489054271662976,DEV
0.5,2021-05-20 00:00:00+00:00,ONGUSDT,False,3.719192703279643,-0.4446089316555638,-0.6901883378567317,-0.5620528003947693,DEV
0.5,2021-05-20 00:00:00+00:00,RLCUSDT,False,0.5476037489198591,-0.09149868285419771,-0.23609838506471192,-0.21699977093116485,DEV
0.5,2021-05-21 00:00:00+00:00,FISUSDT,False,0.5389261744966445,-0.2150021805494985,-0.33187963366768425,-0.4505015263846489,DEV
0.5,2021-05-22 00:00:00+00:00,SANDUSDT,False,0.5098688703729,-0.3366278412303516,-0.3383693316747709,-0.3095103471672509,DEV
0.5,2021-05-24 00:00:00+00:00,LUNAUSDT,False,0.6240822320117474,0.0031645569620253333,0.011301989150090508,-0.013562386980108476,DEV
0.5,2021-05-24 00:00:00+00:00,MATICUSDT,False,0.6294939893765725,0.10638164027427499,0.16494815882329394,0.07014142661885714,DEV
0.5,2021-05-24 00:00:00+00:00,MKRUSDT,False,0.5404456721915287,-0.07745480368504498,-0.10977426350509656,-0.13988441794128137,DEV
0.5,2021-05-24 00:00:00+00:00,SUPERUSDT,False,0.7359307359307359,-0.04738154613466339,0.04613466334164573,0.022443890274314038,DEV
0.5,2021-05-24 00:00:00+00:00,WRXUSDT,False,0.7670435080507023,0.022166214294946363,-0.060811684115290254,0.18605402610831057,DEV
0.5,2021-05-24 00:00:00+00:00,XVSUSDT,False,0.5402052867276976,-0.0707853025936599,0.005737958007410615,-0.1463050638122685,DEV
0.5,2021-05-25 00:00:00+00:00,OGNUSDT,False,0.5555231285568365,0.12851782363977482,-0.11697936210131332,-0.012195121951219634,DEV
0.5,2021-05-26 00:00:00+00:00,ENJUSDT,False,0.5600710996202634,-0.1053912683204723,-0.2996012222279766,-0.1820394634626341,DEV
0.5,2021-05-26 00:00:00+00:00,SKLUSDT,False,0.6213276256377178,-0.0928802647521565,-0.2903231640052806,-0.23945241152322905,DEV
0.5,2021-06-09 00:00:00+00:00,DATAUSDT,False,0.5564310287426482,0.3587165775401069,0.2941176470588234,0.07686274509803903,DEV
0.5,2021-06-10 00:00:00+00:00,HARDUSDT,False,0.8372304889158821,-0.2585123966942149,-0.32834710743801654,-0.21330578512396692,DEV
0.5,2021-07-13 00:00:00+00:00,MASKUSDT,False,0.5466439135381114,-0.03604266274365575,-0.28245678558293486,-0.4372931224714969,DEV
0.5,2021-07-23 00:00:00+00:00,AXSUSDT,False,0.7152824831413547,-0.009894331920976995,-0.0390106608604871,0.016887141600868905,DEV
0.5,2021-08-09 00:00:00+00:00,ATMUSDT,False,0.5462173314993122,-0.08557957477092781,-0.10252646561693801,-0.19869228716306375,DEV
0.5,2021-08-09 00:00:00+00:00,CTSIUSDT,False,0.7183248647762661,-0.1092907902895025,-0.17340344350646253,-0.09177517050603323,DEV
0.5,2021-08-10 00:00:00+00:00,IOTXUSDT,False,0.7733115690675372,0.9387105434740921,0.9007785832086834,0.46015034710236646,DEV
0.5,2021-08-11 00:00:00+00:00,IOTXUSDT,False,0.9387105434740921,0.10567183667009572,-0.09132903378966528,-0.24399580596660608,DEV
0.5,2021-08-16 00:00:00+00:00,AUDIOUSDT,False,0.7047185120459367,0.05059861604364224,0.2053600849412367,0.1291692600593124,DEV
0.5,2021-08-18 00:00:00+00:00,ARUSDT,False,0.5120340209916756,-0.0967626114535336,-0.1562144695111004,-0.19268745137933097,DEV
0.5,2021-08-22 00:00:00+00:00,LRCUSDT,False,0.5666134822497007,-0.07813039919978171,-0.15464217513867407,0.007911248522324499,DEV
0.5,2021-08-24 00:00:00+00:00,C98USDT,False,0.5918095617331574,0.011137733444860576,0.03286403327053411,-0.1389216782232785,DEV
0.5,2021-08-25 00:00:00+00:00,ATAUSDT,False,1.503624234260239,-0.15725623074410222,0.1773560251343509,-0.09941647824443867,DEV
0.5,2021-08-25 00:00:00+00:00,COTIUSDT,False,0.6739782396429068,-0.23046476261900295,-0.20234152032164654,-0.29816886444597224,DEV
0.5,2021-08-27 00:00:00+00:00,ARUSDT,False,0.5078003120124803,0.2327987584066218,0.4568028970512159,0.5183652353854116,DEV
0.5,2021-08-30 00:00:00+00:00,CELOUSDT,False,0.6712778429073858,-0.22629068462401802,-0.21226150392817056,-0.27609427609427606,DEV
0.5,2021-08-31 00:00:00+00:00,MTLUSDT,False,0.797994801336799,-0.045848822800495515,-0.11751342420487398,-0.32858323007021895,DEV
0.5,2021-09-04 00:00:00+00:00,CVCUSDT,False,1.3973089616653978,-0.33739277771894527,-0.4610822831727205,-0.4431854283596315,DEV
0.5,2021-09-04 00:00:00+00:00,STMXUSDT,False,0.5536707452725251,-0.22373366744227674,-0.38392697333094694,-0.3765885090388402,DEV
0.5,2021-09-08 00:00:00+00:00,ALGOUSDT,False,0.5001565680288083,0.20210822940040707,0.040703438918749724,0.05150550540103338,DEV
0.5,2021-09-12 00:00:00+00:00,MASKUSDT,False,0.5231508615637086,-0.12328767123287676,-0.1573033707865169,-0.13983376943204562,DEV
0.5,2021-09-18 00:00:00+00:00,CFXUSDT,False,1.4099923722349352,-0.13799651843646155,-0.4203196708339927,-0.4541857888906473,DEV
0.5,2021-09-21 00:00:00+00:00,MLNUSDT,False,0.536302032913843,-0.03465658475110267,-0.17391304347826086,-0.12854442344045358,DEV
0.5,2021-10-04 00:00:00+00:00,SHIBUSDT,True,0.5784543325526932,0.28486646884273004,0.698813056379822,1.2737388724035608,DEV
0.5,2021-10-06 00:00:00+00:00,SHIBUSDT,True,0.6091224018475749,-0.17832795120200928,-0.041980624327233595,0.04305705059203446,DEV
0.5,2021-10-10 00:00:00+00:00,VIDTUSDT,False,0.5097451274362819,-0.19952639217783197,-0.19020701245130234,-0.21526239401115255,DEV
0.5,2021-10-13 00:00:00+00:00,SFPUSDT,False,1.7652361356065063,-0.16150520870243068,-0.3274041527886046,-0.3377506909503225,DEV
0.5,2021-10-15 00:00:00+00:00,KEEPUSDT,False,0.7399806856591018,0.2994311086443735,0.14971555432218686,0.027057027889551666,DEV
0.5,2021-10-27 00:00:00+00:00,SHIBUSDT,True,0.6484570475396163,-0.12888945104983562,-0.17379205666582342,-0.29838097647356443,DEV
0.5,2021-10-29 00:00:00+00:00,MANAUSDT,False,0.509085009733939,1.5714900021500755,1.1743711029886046,0.8552282663226547,DEV
0.5,2021-10-30 00:00:00+00:00,MANAUSDT,False,1.5714900021500755,-0.19593088071348952,-0.1382385730211817,-0.21683389074693427,DEV
0.5,2021-10-30 00:00:00+00:00,SANDUSDT,False,0.5469689163661342,-0.1280528419182949,0.6977131438721138,0.4977242451154529,DEV
0.5,2021-10-31 00:00:00+00:00,STORJUSDT,False,0.5348960302457466,-0.08724567712695208,-0.15931819301443428,-0.1866594413517907,DEV
0.5,2021-11-01 00:00:00+00:00,LRCUSDT,False,0.6119284923271633,0.4074982824614781,0.09431740111885367,1.0078516046717048,DEV
0.5,2021-11-02 00:00:00+00:00,CHRUSDT,False,0.5008058017727639,-0.11248322147651002,0.21785234899328865,0.03825503355704685,DEV
0.5,2021-11-03 00:00:00+00:00,IOTXUSDT,False,0.7000258933195236,-0.0651892468205012,-0.1762242022694388,0.8032899246058942,DEV
0.5,2021-11-10 00:00:00+00:00,IOTXUSDT,False,1.2096864501679732,-0.2279234764981629,-0.06457198361417293,-0.16390050255500654,DEV
0.5,2021-11-13 00:00:00+00:00,KEEPUSDT,False,0.552833078101072,-0.14368836291913223,-0.2785009861932939,-0.2701183431952663,DEV
0.5,2021-11-17 00:00:00+00:00,GALAUSDT,False,1.0061884424300533,-0.005821783898857347,0.5383846721988095,1.531954642220967,DEV
0.5,2021-11-19 00:00:00+00:00,COCOSUSDT,False,1.2571551848123108,1.72078501338091,0.7726519689053142,1.2343570791385243,DEV
0.5,2021-11-20 00:00:00+00:00,COCOSUSDT,False,1.72078501338091,-0.25384074941451984,-0.2800936768149882,-0.20231850117096017,DEV
0.5,2021-11-20 00:00:00+00:00,GALAUSDT,False,0.5112676056338028,0.045214493490355556,0.0651529272218927,0.8645542093817955,DEV
0.5,2021-11-20 00:00:00+00:00,KEYUSDT,False,1.0466805921351376,-0.2950834220802272,-0.29428470003549867,-0.3043130990415335,DEV
0.5,2021-11-20 00:00:00+00:00,MITHUSDT,False,1.5474048442906576,-0.37720728063026354,-0.4036267318663407,-0.35364031513175764,DEV
0.5,2021-11-21 00:00:00+00:00,CHESSUSDT,False,0.6408839779005524,-0.20679012345679015,-0.2749719416386083,-0.19219977553310885,DEV
0.5,2021-11-24 00:00:00+00:00,COCOSUSDT,False,0.7421600520494471,-0.22651902752362119,-0.3639877506815551,-0.3930612092467417,DEV
0.5,2021-11-24 00:00:00+00:00,GALAUSDT,False,0.5451797645561565,0.2736023885514258,0.13288033220083073,0.10647242527197243,DEV
0.5,2021-11-25 00:00:00+00:00,HIVEUSDT,False,0.710557689760233,-0.20889800975760853,-0.1325795709749863,-0.10946333152636867,DEV
0.5,2021-11-26 00:00:00+00:00,GTCUSDT,False,1.5417189460476788,-0.15940598132378958,-0.2655395121148546,-0.43971368628902885,DEV
0.5,2021-11-30 00:00:00+00:00,MBOXUSDT,False,0.6974496644295303,-0.14502609520797105,-0.30025304444092993,-0.47817491696979286,DEV
0.5,2021-12-03 00:00:00+00:00,COSUSDT,False,1.0385561936013126,-0.3981891348088531,-0.48128772635814887,-0.4806841046277667,DEV
0.5,2021-12-03 00:00:00+00:00,CTXCUSDT,False,1.9087860496311198,-0.3848282222734609,-0.4614941203596956,-0.5720544154945815,DEV
0.5,2021-12-05 00:00:00+00:00,LAZIOUSDT,False,0.5787543063920488,-0.09967345913529468,-0.15915727338377972,-0.06219975509435138,DEV
0.5,2021-12-08 00:00:00+00:00,MDTUSDT,False,0.5400427561256371,-0.14383342231713825,0.28286171916711167,-0.18035237586759212,DEV
0.5,2021-12-16 00:00:00+00:00,GXSUSDT,False,1.0919568216865514,-0.2867119301648885,-0.2727061105722599,-0.24655674102812808,DEV
0.5,2022-01-29 00:00:00+00:00,PEOPLEUSDT,True,0.599647266313933,-0.14663726571113567,-0.05071664829106959,0.20066152149944871,DEV
0.5,2022-02-02 00:00:00+00:00,OOKIUSDT,False,0.5582635186595584,-0.1456500488758553,-0.04936461388074298,0.03519061583577732,DEV
0.5,2022-02-09 00:00:00+00:00,FIDAUSDT,False,0.5032080659945004,-0.11707317073170731,-0.261280487804878,-0.2844512195121951,DEV
0.5,2022-02-09 00:00:00+00:00,SLPUSDT,False,0.5159574468085106,0.21403508771929824,-0.03508771929824561,-0.01403508771929829,DEV
0.5,2022-03-05 00:00:00+00:00,MIRUSDT,False,0.6399317406143346,-0.11290322580645151,-0.21227887617065555,-0.04006243496357953,DEV
0.5,2022-03-11 00:00:00+00:00,SANTOSUSDT,False,0.7802843016069221,0.1451136955389689,-0.07793785801076203,0.08922062141989251,DEV
0.5,2022-03-13 00:00:00+00:00,MBLUSDT,False,0.6940067166106949,0.26915745329775076,0.006557377049180246,0.34586351505909274,DEV
0.5,2022-03-14 00:00:00+00:00,JASMYUSDT,False,0.5433070866141732,-0.09693877551020402,0.22448979591836737,0.8265306122448979,DEV
0.5,2022-03-18 00:00:00+00:00,JASMYUSDT,False,0.8166666666666667,-0.17201834862385323,-0.17889908256880738,-0.10091743119266061,DEV
0.5,2022-03-26 00:00:00+00:00,ZILUSDT,False,0.9966576143722581,0.11152960870474993,0.07543419125340045,0.743879472693032,DEV
0.5,2022-03-29 00:00:00+00:00,LOKAUSDT,False,0.6349299065420562,0.09146123615576984,0.04379114990047461,-0.11738886336957077,DEV
0.5,2022-03-30 00:00:00+00:00,ZILUSDT,False,0.7524078217725461,-0.0030533503580748578,-0.07466829512019102,-0.2674734913673458,DEV
0.5,2022-03-31 00:00:00+00:00,BAKEUSDT,False,0.8679471788715487,-0.16580976863753216,-0.2332904884318766,-0.384961439588689,DEV
0.5,2022-03-31 00:00:00+00:00,GTOUSDT,False,0.5418410041841004,-0.15956580732700132,-0.21126187245590233,-0.2854816824966079,DEV
0.5,2022-04-20 00:00:00+00:00,ZRXUSDT,False,0.5045859000684461,-0.13865890273860426,-0.2378309525975798,-0.20343917750887097,DEV
0.5,2022-04-28 00:00:00+00:00,DARUSDT,False,0.79907754698942,-0.1776007661850757,-0.2332484612060407,-0.2849893131197515,DEV
0.5,2022-05-13 00:00:00+00:00,ALPINEUSDT,False,1.0214420853479083,-0.052759290072101894,-0.10163616195230163,0.27530504714364956,DEV
0.5,2022-05-14 00:00:00+00:00,ANCUSDT,False,1.8317515099223471,-0.2907906764168191,-0.5067413162705667,-0.6817870201096892,DEV
0.5,2022-05-15 00:00:00+00:00,HARDUSDT,False,0.926060606060606,-0.22687224669603534,-0.3096286972938955,-0.24386406544996853,DEV
0.5,2022-05-20 00:00:00+00:00,SANTOSUSDT,False,0.5094492440604752,-0.12001430871042751,-0.16204614559112873,-0.280271865498122,DEV
0.5,2022-05-22 00:00:00+00:00,ANCUSDT,False,0.909275882704967,2.3863465396188563,0.9577482447342027,0.793944332998997,DEV
0.5,2022-05-23 00:00:00+00:00,ANCUSDT,False,2.3863465396188563,-0.35589329680297666,-0.4669283030044984,-0.502064088561432,DEV
0.5,2022-05-23 00:00:00+00:00,MIRUSDT,False,1.0623837232316036,-0.22563433265517652,-0.4466815093470501,-0.3917699896357145,DEV
0.5,2022-05-29 00:00:00+00:00,UNFIUSDT,False,0.5699608610567515,-0.05453412277968217,-0.1922717357432222,-0.228420068557183,DEV
0.5,2022-05-30 00:00:00+00:00,WAVESUSDT,False,0.7040358744394619,0.18289473684210544,0.2526315789473683,0.09605263157894739,DEV
0.5,2022-06-04 00:00:00+00:00,BURGERUSDT,False,0.6379310344827585,-0.125358851674641,-0.2191387559808612,-0.21818181818181814,DEV
0.5,2022-06-07 00:00:00+00:00,BELUSDT,False,0.7141500474833808,-0.3096952908587257,-0.3119113573407202,-0.4869806094182825,DEV
0.5,2022-06-07 00:00:00+00:00,UNFIUSDT,False,4.520912547528518,-0.5715723670269125,-0.5809493536766264,-0.676785335876245,DEV
0.5,2022-06-20 00:00:00+00:00,SNXUSDT,False,0.5604395604395604,-0.04225352112676051,-0.04776484996938157,-0.25443968156766683,DEV
0.5,2022-06-23 00:00:00+00:00,STORJUSDT,False,0.5248422074769381,0.04202929314370629,-0.10751432816811723,-0.25748248779452354,DEV
0.5,2022-06-24 00:00:00+00:00,YFIIUSDT,False,0.696629213483146,-0.08344370860927153,-0.2900662251655629,-0.39105960264900663,DEV
0.5,2022-07-06 00:00:00+00:00,BURGERUSDT,False,0.6852248394004283,0.3290978398983482,0.6791613722998728,1.0133418043202034,DEV
0.5,2022-07-20 00:00:00+00:00,BONDUSDT,False,0.5418246146070256,-0.04491067038190466,0.6697262743812489,-0.07187346336666123,DEV
0.5,2022-07-21 00:00:00+00:00,MITHUSDT,False,0.5120500782472615,-0.21134340716207822,-0.2808942247981784,-0.3610018629683295,DEV
0.5,2022-07-29 00:00:00+00:00,UNFIUSDT,False,0.6282981021447309,-0.215483748697053,-0.20553397138254526,-0.19927982564199764,DEV
0.5,2022-07-29 00:00:00+00:00,WINGUSDT,False,1.2545260915867944,-0.6105337742087861,-0.6242324043457723,-0.6712328767123288,DEV
0.5,2022-07-30 00:00:00+00:00,BTCSTUSDT,False,0.8776194467728415,0.3125,0.17321428571428577,-0.1004464285714286,DEV
0.5,2022-09-07 00:00:00+00:00,HNTUSDT,False,0.5739644970414202,-0.09962406015037595,0.06390977443609014,-0.20676691729323315,DEV
0.5,2022-09-09 00:00:00+00:00,LUNAUSDT,False,1.6757704180400776,0.2554456219936647,-0.2132493840678894,-0.39855695905517974,DEV
0.5,2022-09-09 00:00:00+00:00,RVNUSDT,False,0.5312074134641591,0.019579921680313195,0.20736917052331783,-0.10199359202563185,DEV
0.5,2022-11-02 00:00:00+00:00,MASKUSDT,False,0.8803455723542115,0.2203078336779234,0.07075580059728925,-0.45692625775327356,DEV
0.5,2022-11-06 00:00:00+00:00,PHAUSDT,False,0.5073800738007381,-0.19012647898816815,-0.5010199918400653,-0.3655650754793962,DEV
0.5,2022-11-10 00:00:00+00:00,BANDUSDT,False,0.6504455106237148,-0.06312292358803995,-0.1723421926910298,-0.16901993355481726,DEV
0.5,2022-11-10 00:00:00+00:00,FTTUSDT,False,0.5429627348321528,-0.2573424579412604,-0.5760193897918449,-0.591616766467066,DEV
0.5,2022-11-22 00:00:00+00:00,VIDTUSDT,False,0.8879585326953747,0.15100316789862722,-0.11721224920802542,-0.1161562829989441,DEV
0.5,2022-12-11 00:00:00+00:00,LEVERUSDT,False,0.7153881071266452,-0.011643291876157646,0.0328129134691717,-0.2548293199259063,DEV
0.5,2023-02-07 00:00:00+00:00,GRTUSDT,False,0.6162790697674418,-0.16019184652278173,-0.2009592326139088,-0.18848920863309349,VAL
0.5,2023-02-15 00:00:00+00:00,CFXUSDT,False,0.6476868327402137,0.48596112311015105,0.6846652267818574,2.0507559395248376,VAL
0.5,2023-05-24 00:00:00+00:00,ARPAUSDT,False,0.6271633910237604,0.029655669731386336,-0.24148188209843158,-0.3811970434469082,VAL
0.5,2023-07-03 00:00:00+00:00,XVGUSDT,False,0.9300314465408805,-0.19253224711473182,0.11120162932790234,0.040868974881194786,VAL
0.5,2023-07-13 00:00:00+00:00,XLMUSDT,False,0.6149843912591051,-0.1301546391752577,-0.15399484536082475,0.05154639175257736,VAL
0.5,2023-07-13 00:00:00+00:00,XRPUSDT,False,0.7309978768577496,-0.119465227523611,-0.08401815282718017,-0.025880044155525583,VAL
0.5,2023-09-07 00:00:00+00:00,TRBUSDT,False,0.5171997585998793,-0.1058074781225139,-0.004375497215592605,0.3011137629276055,VAL
0.5,2023-09-22 00:00:00+00:00,FRONTUSDT,False,0.6912590216519647,-0.1116642958748223,0.024419155998103292,-0.12019914651493602,VAL
0.5,2023-11-04 00:00:00+00:00,GASUSDT,False,0.5624620614301321,-0.14195804195804196,-0.0789432789432789,-0.1542346542346542,VAL
0.5,2023-11-08 00:00:00+00:00,STORJUSDT,False,0.5045005488474203,0.14183569239749017,0.1008317525171456,0.03283233620312265,VAL
0.5,2023-11-09 00:00:00+00:00,FTTUSDT,False,0.6223451327433627,0.9666348470385016,0.5534342470112279,0.5227964907495797,VAL
0.5,2023-11-10 00:00:00+00:00,FTTUSDT,False,0.9666348470385016,-0.25099389792899407,-0.2884846523668638,-0.2708949704142012,VAL
0.5,2023-11-10 00:00:00+00:00,LUNAUSDT,False,0.7489626556016598,-0.1387900355871886,-0.14507710557532616,-0.22408066429418738,VAL
0.5,2023-11-11 00:00:00+00:00,ZRXUSDT,False,0.6034782608695655,0.0780911062906724,0.1327548806941432,-0.13318872017353578,VAL
0.5,2023-11-25 00:00:00+00:00,SUPERUSDT,False,0.6595269968763946,0.12772250605001334,0.11185802635116948,0.22290938424307605,VAL
0.5,2023-12-05 00:00:00+00:00,BAKEUSDT,False,0.7740274599542332,-0.13801999355046757,-0.19864559819413086,-0.28442437923250563,VAL
0.5,2023-12-11 00:00:00+00:00,QIUSDT,False,0.6688888888888891,-0.05858854860186424,-0.0322902796271638,-0.2782956058588548,VAL
0.5,2023-12-16 00:00:00+00:00,WLDUSDT,False,0.5458231954582318,0.10309548793284362,-0.02334732423924446,-0.09260230849947526,VAL
0.5,2023-12-20 00:00:00+00:00,BAKEUSDT,False,0.5472818638647783,0.1662237968703868,0.25332152347209913,1.315913788012991,VAL
0.5,2023-12-21 00:00:00+00:00,RAYUSDT,False,0.5255990169977474,0.10953755285589639,0.08873078730116113,-0.06651453117658901,VAL
0.5,2023-12-23 00:00:00+00:00,MOVRUSDT,False,1.468142048378796,0.38372674952039376,0.21344565852031017,0.12640754024522471,VAL
0.5,2023-12-23 00:00:00+00:00,PHBUSDT,False,0.5279939267413172,-0.19767730716681153,-0.24587007825114904,-0.3408272264314993,VAL
0.5,2023-12-24 00:00:00+00:00,BAKEUSDT,False,0.5752650176678444,-0.013309406310752059,0.17302228203977865,-0.28891879766711526,VAL
0.5,2023-12-24 00:00:00+00:00,BONDUSDT,False,0.7595262615859937,-0.1997366110623353,-0.3110916008194322,-0.36347673397717295,VAL
0.5,2024-01-03 00:00:00+00:00,POWRUSDT,False,0.5935946990612921,0.023215523215523115,0.673250173250173,-0.30301455301455305,VAL
0.5,2024-01-05 00:00:00+00:00,PEOPLEUSDT,True,0.7006369426751593,-0.03670411985018729,-0.0704119850187267,-0.03670411985018729,VAL
0.5,2024-02-07 00:00:00+00:00,IDUSDT,False,0.8735529830810331,0.03695817490494302,0.22574144486692016,0.1241825095057032,VAL
0.5,2024-02-13 00:00:00+00:00,CKBUSDT,False,0.5407807598466365,0.322701051917204,0.20280511254382994,0.20959167514986987,VAL
0.5,2024-02-23 00:00:00+00:00,UNIUSDT,False,0.5489130434782608,-0.012368421052631584,-0.06912280701754392,0.014473684210526194,VAL
0.5,2024-02-24 00:00:00+00:00,COTIUSDT,False,0.5204842459712982,0.14321117848668585,0.17421566042710257,0.16741365673609288,VAL
0.5,2024-02-28 00:00:00+00:00,ARKMUSDT,False,0.5154166666666666,-0.026303730180551654,0.11208871780771701,0.34822656035193833,VAL
0.5,2024-02-28 00:00:00+00:00,ARUSDT,False,0.5067217659674634,-0.07276767115678384,-0.0649909734759061,0.24388973753645327,VAL
0.5,2024-03-01 00:00:00+00:00,FLOKIUSDT,True,0.6297674418604653,0.5222602739726026,0.648173515981735,1.6490867579908675,VAL
0.5,2024-03-02 00:00:00+00:00,BCHUSDT,False,0.5842554536832121,-0.06106565555777299,-0.19976052684094991,-0.1374975054879266,VAL
0.5,2024-03-02 00:00:00+00:00,FLOKIUSDT,True,0.5222602739726026,0.09673790776153002,-0.13213348331458552,0.7881514810648671,VAL
0.5,2024-03-04 00:00:00+00:00,SHIBUSDT,True,0.594582593250444,-0.021442495126705707,-0.1228070175438597,-0.0570871623503203,VAL
0.5,2024-03-04 00:00:00+00:00,XECUSDT,False,0.5081455032358848,0.01657295057709396,-0.06288842852915055,-0.012725658478839885,VAL
0.5,2024-03-05 00:00:00+00:00,LSKUSDT,False,0.5772311212814647,-0.15778019586507075,-0.22633297062023938,-0.23141095393543698,VAL
0.5,2024-03-08 00:00:00+00:00,FLOKIUSDT,True,0.6635125448028674,0.02753598207360164,0.2839782814789278,0.14935792467465325,VAL
0.5,2024-03-09 00:00:00+00:00,IQUSDT,False,0.5759089942589837,0.05282331511839722,-0.006004182689064219,-0.10713081022734938,VAL
0.5,2024-03-09 00:00:00+00:00,WLDUSDT,False,0.5535477013021526,-0.183031132398221,-0.13197057817310986,-0.27830995552514537,VAL
0.5,2024-03-10 00:00:00+00:00,IDUSDT,False,0.5974185251777147,-0.012396016577715607,0.025351083812874542,0.28908136795968864,VAL
0.5,2024-03-11 00:00:00+00:00,CELOUSDT,False,0.5102267864783909,-0.13265710885702953,-0.19011730039100128,-0.34895449651498833,VAL
0.5,2024-03-12 00:00:00+00:00,AMPUSDT,False,0.8729661143454248,0.027257511755798047,-0.16370447118833187,-0.15581413883796924,VAL
0.5,2024-03-14 00:00:00+00:00,FRONTUSDT,False,0.5642219266577999,0.0785909505010629,0.6997874278773155,-0.22982083206802306,VAL
0.5,2024-03-17 00:00:00+00:00,REIUSDT,False,0.5457733704196395,-0.0833202941636676,-0.1422312627131903,-0.2503520575809731,VAL
0.5,2024-03-20 00:00:00+00:00,POLYXUSDT,False,0.6970149253731344,0.19613016710642017,0.1741424802110818,0.751685722661976,VAL
0.5,2024-03-21 00:00:00+00:00,RSRUSDT,False,0.5215206833026294,-0.0767198679141442,-0.12966428178315892,0.18525041276829946,VAL
0.5,2024-03-23 00:00:00+00:00,BADGERUSDT,False,0.6315101736046294,0.07379862700228834,-0.1072082379862701,-0.21864988558352405,VAL
0.5,2024-03-24 00:00:00+00:00,NULSUSDT,False,0.5002594706798134,0.03827971866712798,-0.05695837657096736,-0.05765017871555389,VAL
0.5,2024-03-25 00:00:00+00:00,POLYXUSDT,False,0.512423935091278,-0.027661357921207164,-0.044928751047778825,-0.01877619446772838,VAL
0.5,2024-03-26 00:00:00+00:00,TUSDT,False,0.5857687420584496,-0.10448717948717945,-0.22307692307692295,-0.29198717948717945,VAL
0.5,2024-03-27 00:00:00+00:00,REIUSDT,False,0.6358452138492874,1.015375996015936,-0.16484063745019917,-0.31567480079681276,VAL
0.5,2024-03-28 00:00:00+00:00,REIUSDT,False,1.015375996015936,-0.48938996138996127,-0.593050193050193,-0.6663474903474903,VAL
0.5,2024-03-31 00:00:00+00:00,MOBUSDT,False,0.5128504672897198,-0.07490347490347493,-0.518918918918919,-0.518918918918919,VAL
0.5,2024-04-01 00:00:00+00:00,GHSTUSDT,False,0.6582733812949639,-0.13232104121475052,-0.016423923148435104,-0.0873876665633716,VAL
0.5,2024-04-23 00:00:00+00:00,HBARUSDT,False,0.7289823008849559,-0.20153550863723613,-0.2898272552783109,-0.399872040946897,VAL
0.5,2024-04-26 00:00:00+00:00,COSUSDT,False,0.7004288118113229,-0.3601366233600408,-0.5387046317872761,-0.6072078398825295,VAL
0.5,2024-05-02 00:00:00+00:00,TRBUSDT,False,0.5737670514165791,-0.06440858781170822,0.20589411921589562,0.7110281370849447,VAL
0.5,2024-09-13 00:00:00+00:00,CKBUSDT,False,0.5111698030152967,0.055782114768424096,0.17426449169822322,0.23033789688319262,VAL
0.5,2024-10-20 00:00:00+00:00,APEUSDT,False,0.7118254879448911,0.052984574111334615,-0.24279007377598927,-0.24211938296445346,VAL
0.5,2024-10-28 00:00:00+00:00,SANTOSUSDT,False,0.5707272169377109,0.002344207853096414,-0.09513576870482521,-0.1760109396366477,VAL
0.5,2024-11-04 00:00:00+00:00,TROYUSDT,False,0.6950298210735588,0.06145906638517484,0.002111189303307448,0.07670654468684024,VAL
0.5,2024-11-06 00:00:00+00:00,NEIROUSDT,True,0.5468607690541951,0.07784032704330257,0.24199864051086162,0.20162564264583405,VAL
0.5,2024-11-09 00:00:00+00:00,HMSTRUSDT,True,0.8021431305013393,-0.006795497982586496,-0.09959651730728392,-0.12975153960501162,VAL
0.5,2024-11-10 00:00:00+00:00,TRBUSDT,False,0.5015057573073516,-0.023596035865974474,-0.18522888154789996,-0.20422369042000943,VAL
0.5,2024-11-14 00:00:00+00:00,PROSUSDT,False,0.8687054026503567,-0.08695177831114986,-0.20946977962033597,-0.18710451669212302,VAL
0.5,2024-11-16 00:00:00+00:00,CLVUSDT,False,0.8646389185343295,-0.13917771630258513,-0.2729180578078795,-0.07717256510540871,VAL
0.5,2024-11-16 00:00:00+00:00,XLMUSDT,False,0.5147563486616336,-0.11010421386497515,0.04893520616221125,1.3642954236520164,VAL
0.5,2024-11-17 00:00:00+00:00,OMUSDT,False,0.6474136924454132,-0.10485033193942406,-0.10182625747159035,-0.14196612091572758,VAL
0.5,2024-11-18 00:00:00+00:00,HBARUSDT,False,0.5994236311239196,-0.07810117810117811,-0.12113652113652129,-0.06590436590436599,VAL
0.5,2024-11-21 00:00:00+00:00,TROYUSDT,False,0.7336043360433604,-0.21369391902454282,-0.2704392684070658,-0.3151477254963263,VAL
0.5,2024-11-22 00:00:00+00:00,SCRTUSDT,False,0.6578793204452256,-0.08904593639575975,0.12579505300353366,0.23409893992932873,VAL
0.5,2024-11-23 00:00:00+00:00,XLMUSDT,False,0.5351573992350693,0.027596780375622743,-0.1596397087006517,0.005940973553085538,VAL
0.5,2024-11-24 00:00:00+00:00,SANDUSDT,False,0.7644373430723579,-0.0949547218628719,-0.19301423027166886,-0.12936610608020693,VAL
0.5,2024-11-27 00:00:00+00:00,ENSUSDT,False,0.5166889185580774,0.012617370892018753,0.18016431924882625,0.25176056338028174,VAL
0.5,2024-12-02 00:00:00+00:00,KAIAUSDT,False,0.5795275590551181,-0.16500498504486538,-0.20712861415752748,-0.3626620139581257,VAL
0.5,2024-12-03 00:00:00+00:00,JSTUSDT,False,0.619570644033949,-0.16368680641183708,-0.20406905055487046,-0.34186189889025886,VAL
0.5,2024-12-03 00:00:00+00:00,RSRUSDT,False,1.5617198335644935,-0.1705855054528579,-0.30524402505994286,-0.47756980431587903,VAL
0.5,2024-12-03 00:00:00+00:00,SUNUSDT,False,0.6396210873146622,-0.2037176588796784,-0.2260738507912584,-0.39989952273298157,VAL
0.5,2024-12-03 00:00:00+00:00,TRXUSDT,False,0.9610859728506786,-0.23719427780341484,-0.24896169820027692,-0.37840332256575915,VAL
0.5,2024-12-03 00:00:00+00:00,XVGUSDT,False,0.8048552754435108,0.16933954130022433,-0.04690463873081574,-0.3520721963556934,VAL
0.5,2024-12-07 00:00:00+00:00,1MBABYDOGEUSDT,False,0.751127911230338,-0.03017431469489118,0.19348699022816418,0.014112294872687503,VAL
0.5,2024-12-15 00:00:00+00:00,COWUSDT,False,0.5068235294117649,-0.08557151780137418,-0.29668956901936294,-0.19591921715594418,VAL
0.5,2024-12-19 00:00:00+00:00,USUALUSDT,False,0.5245745692844306,-0.05296727676095381,-0.23828341652800877,-0.12007764836383794,VAL
0.5,2024-12-20 00:00:00+00:00,ZENUSDT,False,0.648989898989899,0.03407350689127098,0.2947932618683,0.13629402756508413,VAL
0.5,2024-12-21 00:00:00+00:00,AGLDUSDT,False,0.6458492003046459,-0.24618232299861176,-0.1915779731605738,-0.13789912077741784,VAL
0.5,2024-12-27 00:00:00+00:00,PHAUSDT,False,1.0484798685291699,-0.12434817488969119,-0.17308463698355392,-0.2974328118732451,VAL
0.5,2024-12-27 00:00:00+00:00,PONDUSDT,False,0.5193834656702478,-0.13802643713495244,-0.24992314786351066,-0.27451583154011694,VAL
0.5,2024-12-28 00:00:00+00:00,STEEMUSDT,False,0.6644981412639406,-0.2211055276381909,-0.22696817420435522,-0.1769960915689559,VAL
0.5,2025-01-05 00:00:00+00:00,HIVEUSDT,False,0.516242760010073,0.09998339146321222,-0.05862813486131868,-0.13984387975419355,VAL
0.5,2025-01-22 00:00:00+00:00,PONDUSDT,False,0.5273058252427183,-0.22606277314263012,-0.2256654747715534,-0.19864918553833932,VAL
0.5,2025-01-25 00:00:00+00:00,STPTUSDT,False,0.594597586626813,-0.33018605942793666,-0.4455706748125521,-0.5203415717856151,VAL
0.5,2025-01-26 00:00:00+00:00,SPELLUSDT,False,0.561228406909789,-0.16135972461273673,0.057659208261617856,-0.3069830341775265,VAL
0.5,2025-01-30 00:00:00+00:00,USUALUSDT,False,0.5182926829268291,-0.1405622489959839,-0.3188308790718428,-0.4872824631860776,VAL
0.5,2025-02-22 00:00:00+00:00,PNUTUSDT,True,0.5217993079584777,-0.1864483856298318,-0.20600272851296042,0.0077307867212368375,VAL
0.5,2025-03-02 00:00:00+00:00,ADAUSDT,False,0.7215228272410132,-0.2442290748898679,-0.14176211453744492,-0.3643171806167401,VAL
0.5,2025-03-22 00:00:00+00:00,API3USDT,False,0.5023148148148149,0.056240369799691825,-0.03004622496147935,-0.16024653312788906,VAL
0.5,2025-03-28 00:00:00+00:00,VIDTUSDT,False,0.7190201729106627,-0.0314333612740989,0.03646269907795463,0.10226320201173511,VAL
0.5,2025-04-03 00:00:00+00:00,FUNUSDT,False,0.5051413881748072,-0.0514090520922289,0.3332194705380016,0.16976942783945348,VAL
0.5,2025-04-11 00:00:00+00:00,ORCAUSDT,False,0.6671891327063741,0.014415543716703283,-0.0025070510811657787,-0.14854277655907233,VAL
0.5,2025-04-23 00:00:00+00:00,TURBOUSDT,True,0.5115823817292007,-0.07468163177206988,0.1879991366285345,-0.019857543708180492,VAL
0.5,2025-04-25 00:00:00+00:00,ALPACAUSDT,False,1.6423135464231358,0.7379032258064517,0.41186635944700467,0.292626728110599,VAL
0.5,2025-04-26 00:00:00+00:00,ALPACAUSDT,False,0.7379032258064517,-0.41199867417964875,-0.36128604574080214,-0.25621478289691757,VAL
0.5,2025-04-30 00:00:00+00:00,ALPACAUSDT,False,1.9527763362740007,-0.49050966608084356,-0.6056239015817223,-0.6056239015817223,VAL
0.5,2025-04-30 00:00:00+00:00,BSWUSDT,False,0.8338658146964855,-0.14634146341463405,-0.2735191637630662,-0.3240418118466899,VAL
0.5,2025-04-30 00:00:00+00:00,FLMUSDT,False,0.638095238095238,-0.13759689922480622,-0.2906976744186046,-0.4476744186046512,VAL
0.5,2025-04-30 00:00:00+00:00,VOXELUSDT,False,0.6057818659658345,-0.13829787234042556,-0.14238952536824878,-0.26759410801964,VAL
0.5,2025-05-09 00:00:00+00:00,MUBARAKUSDT,True,0.8899371069182389,-0.2013311148086523,-0.129783693843594,-0.21797004991680535,VAL
0.5,2025-05-09 00:00:00+00:00,PNUTUSDT,True,0.7445553539019962,-0.06111833550065027,0.0561768530559168,-0.1672301690507153,VAL
0.5,2025-05-13 00:00:00+00:00,PEOPLEUSDT,True,0.5217781769196228,0.02567128946591901,-0.28415461788138097,-0.24550014753614646,VAL
0.5,2025-05-27 00:00:00+00:00,TRBUSDT,False,0.514626865671642,-0.041387465510445476,-0.01891998423334651,-0.1257390618841151,VAL
0.5,2025-07-10 00:00:00+00:00,BANANAS31USDT,True,0.5142555008744458,-0.5082055276516881,-0.7749187505036126,-0.8083854852139346,VAL
0.5,2025-07-20 00:00:00+00:00,CFXUSDT,False,1.0725730442978323,-0.0009095043201455821,-0.22555707139608916,-0.14870395634379263,VAL
0.5,2025-07-20 00:00:00+00:00,OMUSDT,False,0.5204081632653061,-0.07634228187919456,-0.22231543624161065,-0.2144854586129754,VAL
0.5,2025-07-21 00:00:00+00:00,SPKUSDT,False,0.6674672935404742,0.3787121885439333,0.662064421220387,0.3868184743632965,VAL
0.5,2025-07-23 00:00:00+00:00,SPKUSDT,False,0.9643000044458276,-0.38628544915465224,-0.4138073467170631,-0.420738745671412,VAL
0.5,2025-07-29 00:00:00+00:00,OMNIUSDT,False,1.0078740157480315,-0.02941176470588225,-0.1470588235294118,-0.2196078431372549,VAL
0.5,2025-08-07 00:00:00+00:00,ASRUSDT,False,0.5726333544170354,0.05389462394422839,0.004826384233811654,-0.2607588148545381,VAL
0.5,2025-08-15 00:00:00+00:00,ALPINEUSDT,False,0.6859122401847575,0.012328767123287676,-0.031963470319634646,-0.09360730593607303,VAL
0.5,2025-08-22 00:00:00+00:00,MEMEUSDT,True,0.5931544146246597,-0.11499023437499989,-0.1564941406249999,-0.293212890625,VAL
0.5,2025-09-08 00:00:00+00:00,WLDUSDT,False,0.5237633365664405,0.22788033099936356,0.052832590706556326,-0.03755569700827499,VAL
0.5,2025-09-12 00:00:00+00:00,SLFUSDT,False,1.0666666666666664,-0.11350059737156504,-0.5352449223416966,-0.7514934289127837,VAL
0.5,2025-10-01 00:00:00+00:00,ZECUSDT,False,0.6248654467169001,0.08802583636965866,0.298277575356078,0.47035442199403765,VAL
0.5,2025-10-12 00:00:00+00:00,SNXUSDT,False,0.8087141339001063,0.34430082256169214,-0.00763807285546414,-0.08343125734430079,VAL
0.5,2025-11-01 00:00:00+00:00,ZKUSDT,False,0.794809688581315,0.17890881048775786,0.22498554077501454,0.08752650857914013,VAL
0.5,2025-11-07 00:00:00+00:00,FETUSDT,False,0.5783340526542946,-0.0680885972108286,-0.04047033087229979,-0.25950232430954345,VAL
0.5,2025-11-07 00:00:00+00:00,FILUSDT,False,0.7918647649234019,-0.12794811320754707,-0.246757075471698,-0.4112617924528301,VAL
0.5,2025-11-23 00:00:00+00:00,TNSRUSDT,False,0.6502793296089386,0.018280297901150933,-0.003385240352065,-0.04807041299932291,VAL
0.5,2025-11-24 00:00:00+00:00,PARTIUSDT,False,0.5876887340301973,-0.16752011704462322,-0.20629114850036567,-0.23774689100219448,VAL
0.5,2025-11-26 00:00:00+00:00,BANANAS31USDT,True,0.6558715854688819,-0.12925170068027203,-0.29200680272108837,-0.3387755102040816,VAL
0.5,2026-01-04 00:00:00+00:00,BROCCOLI714USDT,False,0.5798687089715535,-0.07860110803324094,-0.0166204986149584,-0.027700831024930705,VAL
0.5,2026-01-06 00:00:00+00:00,BROCCOLI714USDT,False,0.5310033821871476,-0.3028964162984781,-0.2555228276877761,-0.3701521845851743,VAL
0.5,2026-01-30 00:00:00+00:00,ENSOUSDT,False,0.5030146425495263,-0.1684813753581662,-0.3117478510028653,-0.1851002865329514,VAL
0.5,2026-02-09 00:00:00+00:00,ZKPUSDT,False,0.5818414322250638,-0.17138237671786594,-0.21988682295877127,-0.2368633791430882,VAL
0.5,2026-02-11 00:00:00+00:00,BERAUSDT,False,0.8767676767676769,-0.21097954790096884,-0.2282023681377826,-0.34876210979547906,VAL
0.5,2026-03-05 00:00:00+00:00,BARDUSDT,False,0.5534016093635701,-0.24476100777019083,-0.36996703555450905,-0.32781963739109965,VAL
0.5,2026-04-15 00:00:00+00:00,ENJUSDT,False,0.501421167028925,-0.15790645879732734,-0.3537861915367484,-0.35879732739420944,VAL
0.5,2026-04-23 00:00:00+00:00,KATUSDT,False,0.5074626865671643,0.7503536067892504,-0.13295615275813288,-0.24540311173974538,VAL
0.5,2026-04-24 00:00:00+00:00,KATUSDT,False,0.7503536067892504,-0.3725252525252526,-0.5393939393939394,-0.6020202020202021,VAL
0.5,2026-05-28 00:00:00+00:00,ALLOUSDT,False,0.7666303162486368,0.5765432098765433,0.6820987654320989,0.1074074074074074,VAL
0.5,2026-05-29 00:00:00+00:00,ALLOUSDT,False,0.5765432098765433,-0.07674236491777608,-0.3202819107282694,-0.12411902897415816,VAL
0.5,2026-06-06 00:00:00+00:00,ALLOUSDT,False,0.9566383549396511,-0.24583047749600173,-0.06351382225268443,-0.1622115604295178,VAL
0.5,2026-06-10 00:00:00+00:00,STRAXUSDT,False,0.6134453781512605,-0.20238095238095244,-0.29389880952380953,-0.25818452380952384,VAL
0.5,2026-06-23 00:00:00+00:00,HEIUSDT,False,0.5551643192488265,-0.138867924528302,0.172075471698113,0.035471698113207495,VAL
0.5,2026-06-25 00:00:00+00:00,HEIUSDT,False,0.5854513584574936,-0.14151464897733557,-0.2526257600884467,-0.36594803758982863,VAL
0.5,2026-07-02 00:00:00+00:00,ALLOUSDT,False,0.5008826125330981,0.028226992061158418,0.07262569832402233,0.2837400764481035,VAL
0.5,2026-07-24 00:00:00+00:00,DEXEUSDT,False,1.3447242206235015,0.20685246739964191,-0.3272820250575301,-0.3334185630273587,VAL
0.5,2026-08-05 00:00:00+00:00,SYNUSDT,False,0.5062539749841002,-0.16868402533427163,-0.24848698099929634,-0.27712878254750173,VAL
0.5,2026-08-14 00:00:00+00:00,ACEUSDT,False,1.0778688524590163,-0.3865877712031558,-0.3857988165680474,-0.09585798816568059,VAL
0.5,2026-08-25 00:00:00+00:00,BMTUSDT,False,0.5284015852047557,-0.07433016421780458,-0.04883318928262759,,VAL
1.0,2021-01-28 00:00:00+00:00,DOGEUSDT,True,3.9241136474016507,0.2577131193577995,0.01371251660981665,0.44955684324442813,DEV
1.0,2021-02-08 00:00:00+00:00,BTTUSDT,False,1.1471531676022453,0.1333333333333333,0.11830065359477127,0.0365079365079366,DEV
1.0,2021-03-12 00:00:00+00:00,CHZUSDT,False,1.0344711901367103,-0.1737230490167786,-0.16785532698465044,-0.16965549463385143,DEV
1.0,2021-03-27 00:00:00+00:00,STORJUSDT,False,1.0096914052537618,-0.13892766497461928,-0.06012055837563457,-0.11069162436548219,DEV
1.0,2021-03-29 00:00:00+00:00,MTLUSDT,False,2.1892006352567495,0.1106666224022308,-0.07974238098399844,-0.06878693313856976,DEV
1.0,2021-04-04 00:00:00+00:00,WRXUSDT,False,1.5830744336569582,-0.02276707969480185,0.013125023491236343,-0.12930328125587287,DEV
1.0,2021-04-05 00:00:00+00:00,STXUSDT,False,1.214025974025974,-0.23165962771781634,-0.2542624745815736,-0.1850461442202408,DEV
1.0,2021-04-16 00:00:00+00:00,DOGEUSDT,True,1.0039679776091126,-0.22764181813107032,0.11892293033613432,-0.3164044007909296,DEV
1.0,2021-04-17 00:00:00+00:00,NANOUSDT,False,1.057989126024507,-0.1025448924709983,-0.32075739532976355,-0.4262359723350394,DEV
1.0,2021-05-09 00:00:00+00:00,RLCUSDT,False,1.0349546846171003,0.15040950122551466,-0.30300101628041365,-0.21296056433453558,DEV
1.0,2021-05-20 00:00:00+00:00,ONGUSDT,False,3.719192703279643,-0.4446089316555638,-0.6901883378567317,-0.5620528003947693,DEV
1.0,2021-08-25 00:00:00+00:00,ATAUSDT,False,1.503624234260239,-0.15725623074410222,0.1773560251343509,-0.09941647824443867,DEV
1.0,2021-09-04 00:00:00+00:00,CVCUSDT,False,1.3973089616653978,-0.33739277771894527,-0.4610822831727205,-0.4431854283596315,DEV
1.0,2021-09-18 00:00:00+00:00,CFXUSDT,False,1.4099923722349352,-0.13799651843646155,-0.4203196708339927,-0.4541857888906473,DEV
1.0,2021-10-13 00:00:00+00:00,SFPUSDT,False,1.7652361356065063,-0.16150520870243068,-0.3274041527886046,-0.3377506909503225,DEV
1.0,2021-10-30 00:00:00+00:00,MANAUSDT,False,1.5714900021500755,-0.19593088071348952,-0.1382385730211817,-0.21683389074693427,DEV
1.0,2021-11-10 00:00:00+00:00,IOTXUSDT,False,1.2096864501679732,-0.2279234764981629,-0.06457198361417293,-0.16390050255500654,DEV
1.0,2021-11-17 00:00:00+00:00,GALAUSDT,False,1.0061884424300533,-0.005821783898857347,0.5383846721988095,1.531954642220967,DEV
1.0,2021-11-19 00:00:00+00:00,COCOSUSDT,False,1.2571551848123108,1.72078501338091,0.7726519689053142,1.2343570791385243,DEV
1.0,2021-11-20 00:00:00+00:00,COCOSUSDT,False,1.72078501338091,-0.25384074941451984,-0.2800936768149882,-0.20231850117096017,DEV
1.0,2021-11-20 00:00:00+00:00,KEYUSDT,False,1.0466805921351376,-0.2950834220802272,-0.29428470003549867,-0.3043130990415335,DEV
1.0,2021-11-20 00:00:00+00:00,MITHUSDT,False,1.5474048442906576,-0.37720728063026354,-0.4036267318663407,-0.35364031513175764,DEV
1.0,2021-11-26 00:00:00+00:00,GTCUSDT,False,1.5417189460476788,-0.15940598132378958,-0.2655395121148546,-0.43971368628902885,DEV
1.0,2021-12-03 00:00:00+00:00,COSUSDT,False,1.0385561936013126,-0.3981891348088531,-0.48128772635814887,-0.4806841046277667,DEV
1.0,2021-12-03 00:00:00+00:00,CTXCUSDT,False,1.9087860496311198,-0.3848282222734609,-0.4614941203596956,-0.5720544154945815,DEV
1.0,2021-12-16 00:00:00+00:00,GXSUSDT,False,1.0919568216865514,-0.2867119301648885,-0.2727061105722599,-0.24655674102812808,DEV
1.0,2022-05-13 00:00:00+00:00,ALPINEUSDT,False,1.0214420853479083,-0.052759290072101894,-0.10163616195230163,0.27530504714364956,DEV
1.0,2022-05-14 00:00:00+00:00,ANCUSDT,False,1.8317515099223471,-0.2907906764168191,-0.5067413162705667,-0.6817870201096892,DEV
1.0,2022-05-23 00:00:00+00:00,ANCUSDT,False,2.3863465396188563,-0.35589329680297666,-0.4669283030044984,-0.502064088561432,DEV
1.0,2022-05-23 00:00:00+00:00,MIRUSDT,False,1.0623837232316036,-0.22563433265517652,-0.4466815093470501,-0.3917699896357145,DEV
1.0,2022-06-07 00:00:00+00:00,UNFIUSDT,False,4.520912547528518,-0.5715723670269125,-0.5809493536766264,-0.676785335876245,DEV
1.0,2022-07-29 00:00:00+00:00,WINGUSDT,False,1.2545260915867944,-0.6105337742087861,-0.6242324043457723,-0.6712328767123288,DEV
1.0,2022-09-09 00:00:00+00:00,LUNAUSDT,False,1.6757704180400776,0.2554456219936647,-0.2132493840678894,-0.39855695905517974,DEV
1.0,2023-12-23 00:00:00+00:00,MOVRUSDT,False,1.468142048378796,0.38372674952039376,0.21344565852031017,0.12640754024522471,VAL
1.0,2024-03-28 00:00:00+00:00,REIUSDT,False,1.015375996015936,-0.48938996138996127,-0.593050193050193,-0.6663474903474903,VAL
1.0,2024-12-03 00:00:00+00:00,RSRUSDT,False,1.5617198335644935,-0.1705855054528579,-0.30524402505994286,-0.47756980431587903,VAL
1.0,2024-12-27 00:00:00+00:00,PHAUSDT,False,1.0484798685291699,-0.12434817488969119,-0.17308463698355392,-0.2974328118732451,VAL
1.0,2025-04-25 00:00:00+00:00,ALPACAUSDT,False,1.6423135464231358,0.7379032258064517,0.41186635944700467,0.292626728110599,VAL
1.0,2025-04-30 00:00:00+00:00,ALPACAUSDT,False,1.9527763362740007,-0.49050966608084356,-0.6056239015817223,-0.6056239015817223,VAL
1.0,2025-07-20 00:00:00+00:00,CFXUSDT,False,1.0725730442978323,-0.0009095043201455821,-0.22555707139608916,-0.14870395634379263,VAL
1.0,2025-07-29 00:00:00+00:00,OMNIUSDT,False,1.0078740157480315,-0.02941176470588225,-0.1470588235294118,-0.2196078431372549,VAL
1.0,2025-09-12 00:00:00+00:00,SLFUSDT,False,1.0666666666666664,-0.11350059737156504,-0.5352449223416966,-0.7514934289127837,VAL
1.0,2026-07-24 00:00:00+00:00,DEXEUSDT,False,1.3447242206235015,0.20685246739964191,-0.3272820250575301,-0.3334185630273587,VAL
1.0,2026-08-14 00:00:00+00:00,ACEUSDT,False,1.0778688524590163,-0.3865877712031558,-0.3857988165680474,-0.09585798816568059,VAL
