hm,vol,volume,mean_r,n,vol_bp
0,0.00016084797330051162,64.38148524923703,-2.175369305747161e-06,775,1.6084797330051162
1,0.00017177266404025545,55.824008138351985,-6.536806609401816e-06,983,1.7177266404025544
2,0.00015117608572259825,50.58146639511202,-2.5719625465398497e-06,982,1.5117608572259826
3,0.00016591157341667192,47.77902240325866,3.2142912673555307e-06,982,1.6591157341667193
4,0.00016557096806388136,47.58452138492871,2.87929769233655e-06,981,1.6557096806388136
5,0.000142510144431767,49.924643584521384,2.3328394925584078e-06,982,1.42510144431767
6,0.00018444284098452976,53.04577822990844,-2.185843759193438e-06,983,1.8444284098452977
7,0.00015376849509289033,50.32146490335707,-1.040147437598017e-05,983,1.5376849509289032
8,0.00014999585242136775,47.97046843177189,1.1494361368393786e-07,982,1.4999585242136775
9,0.0001427404347921316,47.622199592668025,-4.620423492395811e-06,982,1.427404347921316
10,0.00018009781452996476,52.10681586978637,1.5256726824002477e-06,983,1.8009781452996476
11,0.0001472984260330496,48.854378818737274,2.4595761058149255e-06,982,1.4729842603304961
12,0.0001346369859232824,45.02140672782875,9.622047455214909e-06,981,1.346369859232824
13,0.00013284811031074196,46.80937818552498,-5.350107465082265e-06,981,1.3284811031074195
14,0.00013597322402435783,45.69458631256384,2.7212715059439235e-08,979,1.3597322402435783
15,0.0001620590329652616,50.76195320447609,5.835530123034918e-06,983,1.620590329652616
16,0.00014464728173411168,46.68056968463886,-2.4187773780635448e-06,983,1.4464728173411168
17,0.0001383762379284008,45.34658511722732,5.989765094758466e-06,981,1.3837623792840081
18,0.00019245857868912454,45.85132382892057,6.0675906637247255e-06,982,1.9245857868912455
19,0.0001404148322310371,45.69317023445464,-4.9604151042388494e-06,980,1.404148322310371
20,0.0001597065962052797,47.69653767820774,2.7717290266047194e-06,982,1.597065962052797
21,0.00014491560573042197,47.16802443991853,-4.941340602796806e-06,982,1.4491560573042197
22,0.00012948182001205164,43.293997965412004,4.268547959256858e-06,983,1.2948182001205164
23,0.00012811458395453908,43.46537678207739,-1.0159555756274528e-06,982,1.2811458395453907
24,0.00013432090700554416,42.827726809378184,3.1911420074787386e-06,981,1.3432090700554415
25,0.0001344111118939611,44.86326530612245,4.107999436518485e-06,980,1.344111118939611
26,0.00012944933936804402,42.98572884811417,7.672488042239105e-07,981,1.2944933936804401
27,0.0001409308629090992,45.56517311608961,-7.288772934171249e-06,982,1.409308629090992
28,0.0001480719090630756,43.7265306122449,2.641916653343758e-06,980,1.480719090630756
29,0.00015967056651141983,51.25382262996942,-5.635163979936137e-06,981,1.5967056651141982
30,0.0001956363725808764,72.96846388606308,2.060078171514538e-05,982,1.956363725808764
31,0.0001900459351508741,60.925737538148525,8.661079902324902e-06,983,1.900459351508741
32,0.00015953507049733256,56.95926680244399,-8.921591420584311e-06,982,1.5953507049733255
33,0.0001664837434142755,50.860488798370675,-2.6914560602957892e-06,982,1.664837434142755
34,0.00014696802127206704,50.32586558044807,1.4460603029107667e-06,982,1.4696802127206705
35,0.0001654126066711556,54.55035605289929,3.2589939120101072e-06,983,1.654126066711556
36,0.00015826266619927245,49.041709053916584,4.66218005006243e-07,983,1.5826266619927245
37,0.00014165688587594764,48.51271617497457,-7.564037497251576e-07,983,1.4165688587594765
38,0.00014367668422689414,47.217922606924645,4.880754499815466e-06,982,1.4367668422689412
39,0.00014295316296431115,46.09775967413442,-9.986640051381621e-06,982,1.4295316296431115
40,0.00014561271703890442,48.66700610997963,6.673261993507826e-06,982,1.4561271703890442
41,0.00014349258376101484,45.781855249745156,-5.840462273389424e-06,981,1.4349258376101484
42,0.00014073916138266065,46.09775967413442,-6.597031375849774e-07,982,1.4073916138266065
43,0.00013309343639826107,44.56008146639511,3.7342913728243507e-06,982,1.3309343639826108
44,0.0001264165286788292,41.25940996948118,4.74635109954847e-06,983,1.264165286788292
45,0.00014679771088077395,53.20142421159715,3.5191002462748077e-06,983,1.4679771088077396
46,0.00013539709597606853,46.99796126401631,3.9159463738992745e-07,981,1.3539709597606853
47,0.0001272827281751424,44.54887983706721,-5.624211510046024e-06,982,1.2728272817514241
48,0.00013892124518644872,46.53822629969419,4.441951824172888e-06,981,1.3892124518644873
49,0.00012856764290939895,44.339795918367344,-2.3494156941966547e-06,980,1.2856764290939895
50,0.00013661554608034436,48.56880733944954,-6.766212808931924e-06,981,1.3661554608034436
51,0.00014529256266951086,47.14547304170905,5.682298091091557e-06,983,1.4529256266951085
52,0.00014111112957473917,45.47202441505595,-6.696645477456948e-08,983,1.4111112957473917
53,0.00013265016659426814,45.15987780040733,-3.6587553847801415e-07,982,1.3265016659426814
54,0.00012852217279224565,43.92158859470469,1.52758601327528e-06,982,1.2852217279224565
55,0.00012778684690780694,46.23702950152594,4.521559449499228e-06,983,1.2778684690780695
56,0.0001304921580821129,45.06008146639511,2.36549664937244e-06,982,1.304921580821129
57,0.00014671435699497874,44.55239064089522,-6.755487459721371e-06,983,1.4671435699497875
58,0.000135184523280632,48.924643584521384,8.790886738302586e-06,982,1.3518452328063202
59,0.00014313232014392648,49.484199796126404,-1.278658198514678e-06,981,1.4313232014392647
100,0.00021789846428355705,97.26171079429736,-5.301385687320379e-06,982,2.1789846428355704
101,0.00021569811610993163,81.22199592668025,1.5981892518962615e-06,982,2.156981161099316
102,0.0001964463053492839,72.50254323499492,4.789970168508843e-06,982,1.9644630534928391
103,0.0001789097935613976,66.83723296032554,-6.167755973473048e-06,983,1.789097935613976
104,0.0001902954451161201,63.673448626653105,8.166459249837968e-06,983,1.9029544511612009
105,0.00021305864273997425,71.52899287894202,-2.993624658419789e-06,983,2.1305864273997424
106,0.00018895776237318762,69.39267548321465,1.5516438682017162e-06,983,1.8895776237318762
107,0.00018382384705753932,64.50254323499492,-6.684530498160707e-06,983,1.8382384705753931
108,0.00018194020555641898,62.76195320447609,8.12080709389975e-06,983,1.8194020555641899
109,0.00017767722612516728,62.945066124109864,-1.2653885899968311e-06,983,1.7767722612516728
110,0.00018983083724176218,67.58901322482197,-7.440246128550643e-06,983,1.8983083724176217
111,0.00018457855281662865,63.5707019328586,2.219321881956415e-06,983,1.8457855281662865
112,0.00017039507395901106,60.735234215885946,-8.579686825564135e-06,982,1.7039507395901106
113,0.00016945138204659668,61.68972533062055,-3.1131513273936406e-06,983,1.6945138204659669
114,0.00016837702693032737,58.46693794506612,6.491993923587847e-06,983,1.6837702693032737
115,0.00018654435090217076,69.18514750762971,1.3306841976823662e-05,983,1.8654435090217076
116,0.00018105788871141494,61.11495422177009,3.6962743395350585e-07,983,1.8105788871141493
117,0.00016285666767159302,57.60590631364562,1.4309231739058893e-06,982,1.6285666767159301
118,0.00016601708765625941,55.71515768056968,2.4476390123234176e-06,983,1.6601708765625942
119,0.00015247999372314697,54.91251271617497,1.811699393344389e-06,983,1.5247999372314698
120,0.00016242971808558672,60.39877924720244,2.979066084348848e-06,983,1.6242971808558673
121,0.000177046497654854,58.16191446028513,-1.5676314313525644e-06,982,1.77046497654854
122,0.00015870452802300815,57.492370295015256,-4.346097591777365e-06,983,1.5870452802300814
123,0.0001841343121662905,55.86456211812627,-7.915851980495205e-06,982,1.841343121662905
124,0.0001592463537746183,55.974567650050865,-8.501067805822924e-06,983,1.592463537746183
125,0.00019948630675761152,60.51678535096643,3.446896085230633e-06,983,1.9948630675761152
126,0.0001606710037028573,56.84623217922607,1.5959041664049888e-06,982,1.6067100370285732
127,0.0001691465130297976,55.04577822990844,-6.0859522664849205e-06,983,1.6914651302979762
128,0.00016982690721989896,56.88402848423194,1.0721256134531371e-05,983,1.6982690721989897
129,0.00018751641967680563,63.13136456211813,5.038869119982117e-06,982,1.8751641967680563
130,0.00021002932593389866,90.34282807731434,1.2227715083022196e-05,983,2.1002932593389865
131,0.00020180317945024657,74.17497456765005,-9.267045582599057e-06,983,2.0180317945024657
132,0.0001919621771101182,68.80061037639878,-2.7324588613240703e-08,983,1.9196217711011818
133,0.00020782909826159534,65.5116988809766,-1.799434036915903e-06,983,2.0782909826159535
134,0.000195622275775958,63.98474059003052,-1.9382044081588354e-06,983,1.95622275775958
135,0.00019967280819989136,70.49135300101729,3.670733371755982e-06,983,1.9967280819989137
136,0.00018903791479011294,66.07324516785351,-5.14349989498472e-06,983,1.8903791479011294
137,0.00017470216036890446,63.67243133265514,-1.9642334821335914e-06,983,1.7470216036890447
138,0.00016895305006051824,63.209562563580874,6.746768501020194e-06,983,1.6895305006051824
139,0.00017393026159338588,61.559511698880975,-4.956324792020348e-06,983,1.7393026159338587
140,0.0002027317658221162,72.51576805696847,-1.3582189806921396e-06,983,2.027317658221162
141,0.00020304846324855106,67.72533062054934,1.0936870712975656e-05,983,2.0304846324855106
142,0.0001740282481237376,64.8118006103764,1.063619707847686e-06,983,1.740282481237376
143,0.0001666355008863182,58.441505595116986,5.778054205889323e-06,983,1.666355008863182
144,0.00016462429333666536,60.16276703967446,2.992014182632247e-06,983,1.6462429333666535
145,0.00020165093714448755,71.81383519837233,7.471669343461287e-07,983,2.0165093714448754
146,0.00017072343474248998,64.71719226856561,5.499283670906843e-06,983,1.7072343474248999
147,0.00018068467188230787,62.23194303153611,1.1084154455151414e-06,983,1.8068467188230786
148,0.0001784612264097302,60.91963377416073,-9.55816940374405e-07,983,1.784612264097302
149,0.0001950068866557756,61.211597151576804,-7.189431632666838e-06,983,1.9500688665577561
150,0.00018683208732951813,69.5350966429298,7.556851579171941e-07,983,1.8683208732951813
151,0.00022190230799152847,71.04781281790437,2.3770368217057944e-06,983,2.2190230799152846
152,0.00019447472724761067,66.63072227873856,1.3242399995153034e-06,983,1.9447472724761066
153,0.0001826419797072515,64.21464903357071,-4.696097288422236e-06,983,1.8264197970725151
154,0.00016693946769298008,64.57171922685656,-2.682950893959856e-06,983,1.669394676929801
155,0.00020011145458464873,71.79654120040692,8.974734737122857e-06,983,2.0011145458464874
156,0.0001859837422280118,68.73217922606925,-5.595189755044571e-06,982,1.859837422280118
157,0.00019164114160893865,66.02543234994914,1.344309008218632e-07,983,1.9164114160893866
158,0.0001952401448794314,66.44297352342159,1.3610253399871978e-05,982,1.952401448794314
159,0.00020543347525144574,76.09766022380468,4.93787276319447e-06,983,2.0543347525144573
200,0.0003269645863910222,180.5381485249237,-4.7986111268449496e-05,983,3.2696458639102217
201,0.0003119800936129554,140.23499491353002,-1.6961703028409796e-05,983,3.119800936129554
202,0.00027607298304308284,125.38962360122075,-5.2276188012396905e-06,983,2.7607298304308285
203,0.00026343698681102664,119.3204476093591,-5.803097140241988e-06,983,2.6343698681102663
204,0.00027167388507590054,110.94913530010173,-4.787475171512676e-06,983,2.7167388507590053
205,0.00028255065905509144,117.48016276703967,-7.082275278120586e-07,983,2.8255065905509142
206,0.000272301804175735,109.94506612410987,8.033083531969213e-06,983,2.7230180417573497
207,0.0002566594695631227,103.51271617497457,1.6873736871310484e-06,983,2.566594695631227
208,0.00022982515410565328,94.54730417090539,-3.911626436990892e-06,983,2.298251541056533
209,0.0002115258778385465,92.24008138351984,-1.8898556555258345e-06,983,2.115258778385465
210,0.0002593945510363275,99.72227873855545,-8.005234059824284e-06,983,2.593945510363275
211,0.00024550520859891443,97.13021363173958,8.015571649585324e-06,983,2.4550520859891445
212,0.0002482827400521123,96.05391658189217,5.3650467517395014e-06,983,2.4828274005211233
213,0.00020431789716896797,90.75686673448627,5.865731913497372e-06,983,2.0431789716896795
214,0.00020867106743370866,88.16683621566632,-5.629692076075535e-06,983,2.0867106743370867
215,0.0002524804238919003,107.46592065106816,-1.961785725022314e-06,983,2.524804238919003
216,0.0003091196092848889,99.67751780264497,1.5966864592871316e-05,983,3.0911960928488886
217,0.00023539367804065016,95.13936927772126,-1.0262301089061057e-05,983,2.3539367804065017
218,0.00022392386850275927,94.99186164801628,5.2353930369747965e-06,983,2.2392386850275927
219,0.00023132590473299355,89.66022380467955,1.4348970327904344e-05,983,2.3132590473299355
220,0.00024024776393754578,101.42115971515769,2.3570456055620642e-05,983,2.4024776393754577
221,0.0002289026035110413,94.83926754832146,-1.2000631939161028e-05,983,2.289026035110413
222,0.00020652801841801815,89.12410986775178,-3.0006539485300975e-06,983,2.0652801841801813
223,0.0002283182930650901,86.11698880976603,-1.1806954586642905e-05,983,2.283182930650901
224,0.00020607424569897938,89.38250254323499,6.100971333006182e-06,983,2.060742456989794
225,0.00022586929918122798,93.58189216683621,-1.0250154948544494e-06,983,2.25869299181228
226,0.0002248870196694779,88.76093591047812,7.002237134959619e-06,983,2.2488701966947793
227,0.0002148562405511543,84.95727365208545,1.1084628422334536e-05,983,2.148562405511543
228,0.0002161268651268465,89.7090539165819,5.460174395950968e-06,983,2.1612686512684647
229,0.0002100108901952127,85.63275686673448,-8.537347206440998e-06,983,2.1001089019521273
230,0.00023818606826374236,120.46592065106816,1.0269311741189057e-05,983,2.3818606826374236
231,0.0002456792650986106,100.35808748728383,-6.8117642010713394e-06,983,2.456792650986106
232,0.00022891776777548187,96.91454730417091,1.8268718191811763e-06,983,2.2891776777548185
233,0.0002523084972566411,96.01220752797559,-3.6068277355206947e-06,983,2.5230849725664113
234,0.00022299887269386443,87.49847405900306,-7.419326308331579e-06,983,2.2299887269386445
235,0.0002299142295651707,95.66327568667344,6.605216015933788e-06,983,2.299142295651707
236,0.0002069056874162027,92.13733468972534,7.225496213285889e-06,983,2.069056874162027
237,0.0002248322028500242,90.60488798370672,2.7956079347282367e-06,982,2.248322028500242
238,0.00021842942889251674,90.029501525941,1.8628855083206589e-06,983,2.1842942889251673
239,0.00019747114665879357,84.12512716174975,6.277495205403184e-06,983,1.9747114665879357
240,0.0002124368500857146,94.40793489318413,6.8710528162181306e-06,983,2.124368500857146
241,0.0002234807447029989,88.90844354018311,-8.996397406412072e-06,983,2.234807447029989
242,0.0002009026435132901,88.42828077314344,1.6348183372346906e-05,983,2.0090264351329012
243,0.00019027827549375083,82.01831129196337,2.125617607898689e-06,983,1.9027827549375083
244,0.00019911067679782323,83.93285859613428,9.972681868791738e-06,983,1.9911067679782322
245,0.0002538869579458296,107.24720244150559,-6.492327397564662e-06,983,2.5388695794582956
246,0.00021197834090608272,90.81383519837233,-2.096449779607682e-06,983,2.1197834090608274
247,0.00021845607987707277,86.57884028484231,7.642578764838673e-07,983,2.1845607987707276
248,0.00019963407402687886,85.09867751780264,-1.7508708017826442e-06,983,1.9963407402687885
249,0.00020419564355118156,84.65005086469989,-6.420651862281263e-06,983,2.041956435511816
250,0.00021558844765559733,91.12410986775178,-5.505070962191449e-06,983,2.1558844765559733
251,0.00022669011186698682,86.26958290946084,-2.8897192085131773e-06,983,2.2669011186698684
252,0.00019647149333341149,84.91047812817905,9.477053543061663e-06,983,1.964714933334115
253,0.00020352769962441215,81.27568667344863,2.906403095315168e-07,983,2.0352769962441215
254,0.00020936305777388312,82.71515768056969,2.803521369855468e-06,983,2.093630577738831
255,0.00023201255518762856,92.99491353001017,-5.306657326006946e-06,983,2.3201255518762856
256,0.00020661825985583527,88.50661241098678,8.633410550967255e-06,983,2.0661825985583526
257,0.0002106049415046399,87.25940996948118,-1.7623101306943686e-05,983,2.106049415046399
258,0.00020798638989992833,94.64496439471007,4.374103544304015e-06,983,2.0798638989992835
259,0.0002349134763161817,113.48626653102747,-3.4205851863703056e-06,983,2.349134763161817
300,0.000473018519469663,336.5676500508647,-8.110240090491818e-06,983,4.73018519469663
301,0.0004055584543099132,248.46693794506612,-2.802767170776422e-05,983,4.0555845430991315
302,0.00036588152505790815,221.58697863682605,1.855326135736854e-05,983,3.6588152505790816
303,0.0003457914469002418,201.26754832146491,-5.828921186307998e-06,983,3.4579144690024184
304,0.00032683914242913255,186.65717192268565,-6.1775296401696316e-06,983,3.2683914242913255
305,0.00037186027055182184,228.44964394710072,-6.273840739949976e-06,983,3.7186027055182183
306,0.00037550504448957597,219.87385554425228,-1.7176545222517416e-05,983,3.7550504448957596
307,0.0003321210734641538,194.70803662258393,8.098720122094952e-06,983,3.321210734641538
308,0.0003131657660054261,175.54221770091556,1.6805548349875997e-05,983,3.131657660054261
309,0.00030445167484595913,174.44048830111902,-5.632167560183503e-07,983,3.0445167484595914
310,0.00035300172272525446,203.08341810783315,-2.3371421311783885e-05,983,3.5300172272525447
311,0.00034429486268113056,185.13835198372328,-1.0796816122815464e-05,983,3.4429486268113054
312,0.00033182416373843073,181.15055951169887,3.3638553242918768e-06,983,3.318241637384307
313,0.00030735489687921486,171.73041709053916,1.0935335154730615e-06,983,3.0735489687921485
314,0.0002993651110176029,171.7029501525941,1.5475323959114776e-06,983,2.993651110176029
315,0.0003762445102949174,214.7589013224822,6.202780024452933e-06,983,3.762445102949174
316,0.00035974739088925054,190.24008138351985,8.678452101105573e-06,983,3.5974739088925056
317,0.0003202113799847691,172.2706002034588,1.1868331524750168e-05,983,3.202113799847691
318,0.0003223519842203091,169.75076297049847,9.211953554442465e-06,983,3.2235198422030913
319,0.0003137424229708908,166.4791454730417,-1.7940506098444434e-05,983,3.1374242297089077
320,0.0003394872537282703,187.77822990844354,-7.204023658437424e-06,983,3.394872537282703
321,0.00030688290122047793,176.6144455747711,-8.681961507201016e-06,983,3.0688290122047794
322,0.00031817726187142277,172.61953204476094,8.312137024986677e-07,983,3.1817726187142275
323,0.0003177282731709754,169.03763987792473,6.538826597685613e-06,983,3.177282731709754
324,0.00031984020692519096,166.09766022380467,1.1841562504304864e-06,983,3.1984020692519097
325,0.0003235490777648205,184.69582909460834,-3.0061767791726897e-05,983,3.235490777648205
326,0.00031734847887753215,173.7792472024415,-4.194239404161557e-06,983,3.1734847887753217
327,0.0003074737694472684,163.73957273652084,1.423062157747222e-05,983,3.0747376944726836
328,0.00028915824936400506,161.74364191251271,1.987360381211698e-05,983,2.8915824936400507
329,0.00027482666079152164,151.01119023397763,-1.1727786116061847e-05,983,2.7482666079152165
330,0.00037900098882436657,220.32553407934893,-3.438045137602965e-05,983,3.7900098882436657
331,0.0003458343490671865,186.21057985757884,-1.2554562013528052e-05,983,3.458343490671865
332,0.0003294458158805883,179.59206510681588,1.5648509729221207e-05,983,3.2944581588058828
333,0.0003195740046817663,167.940996948118,9.842754110983096e-06,983,3.195740046817663
334,0.00027921495968336724,160.03153611393694,3.1137612893319516e-06,983,2.7921495968336725
335,0.000331418567969135,176.7680569684639,2.731730154627639e-06,983,3.31418567969135
336,0.000292807474672505,159.98880976602237,-4.1716773096092394e-06,983,2.92807474672505
337,0.000268583507883741,155.2115971515768,5.526992573064562e-06,983,2.68583507883741
338,0.00026940867798947826,151.08341810783315,-5.164472426176931e-06,983,2.6940867798947825
339,0.0002694720819388976,148.86571719226856,5.57990150400329e-06,983,2.694720819388976
340,0.000289146102229418,164.92268565615464,-5.081128575946294e-06,983,2.8914610222941803
341,0.0002828696664433991,151.03967446592065,8.199928998464475e-06,983,2.828696664433991
342,0.00027946921772275895,151.08443540183112,1.3765234802616586e-06,983,2.7946921772275894
343,0.0002508800002988897,141.6907426246185,6.034250203382561e-06,983,2.508800002988897
344,0.00026781983051329836,140.22482197355035,-9.854708249966188e-06,983,2.6781983051329834
345,0.00029988020825983926,167.01627670396743,6.38461844893624e-06,983,2.9988020825983925
346,0.00029928349048974253,150.4201424211597,5.418918692757278e-06,983,2.992834904897425
347,0.0003018512599952926,144.0122075279756,1.4532001197489506e-05,983,3.0185125999529263
348,0.0002552534358868812,136.90437436419126,1.202053367524021e-05,983,2.552534358868812
349,0.00026503973469849655,135.71922685656153,2.7855060098638334e-06,983,2.6503973469849655
350,0.0002848726223357463,145.6113936927772,1.0389714721886445e-05,983,2.848726223357463
351,0.0002664835770536302,141.19837232960325,1.5918837067279212e-05,983,2.6648357705363024
352,0.00027865366086555327,138.8504577822991,-1.7063520692404807e-06,983,2.7865366086555325
353,0.0002613342105101714,135.6205493387589,-2.2862013576281452e-05,983,2.6133421051017143
354,0.00029038880932427214,137.50762970498474,1.837815081995602e-05,983,2.9038880932427213
355,0.0002575030557927312,140.6592065106816,5.834307151828077e-06,983,2.575030557927312
356,0.00026403523128518537,135.03662258392674,2.0832501286320088e-05,983,2.640352312851854
357,0.0002697076081559684,132.83706720977597,8.920613174525362e-06,982,2.697076081559684
358,0.0002731621872862827,136.29298067141403,1.677169727334704e-05,983,2.731621872862827
359,0.00023729094096802388,127.48118006103763,-1.851373319441344e-05,983,2.3729094096802386
400,0.00035657819547254356,287.0854526958291,3.0784603752046705e-05,983,3.5657819547254355
401,0.0003932077904469922,231.33367243133264,1.736500868511756e-05,983,3.932077904469922
402,0.0003585434669164391,220.3357070193286,-1.62456426861889e-08,983,3.5854346691643912
403,0.0003400125064172385,208.81892166836215,-8.896993776553884e-06,983,3.400125064172385
404,0.0003117449586582504,197.44252288911494,-2.273056950375259e-06,983,3.117449586582504
405,0.00031145796734334503,197.53916581892167,1.355058598358551e-06,983,3.1145796734334503
406,0.00033139698716640057,192.41709053916583,-1.8480157725250052e-05,983,3.3139698716640056
407,0.00034062489436354973,188.61648016276703,2.6653049734335645e-05,983,3.4062489436354975
408,0.00029819162295918603,180.3407934893184,-1.94319575541179e-05,983,2.98191622959186
409,0.0003068155794074858,174.41912512716175,1.0522303327259074e-06,983,3.068155794074858
410,0.0002944619941994773,186.6581892166836,4.314609366794568e-06,983,2.9446199419947727
411,0.00030569450579828684,171.55239064089523,-1.2305692756646112e-05,983,3.0569450579828685
412,0.00027101437795598945,169.96439471007122,2.3066028280467356e-06,983,2.7101437795598944
413,0.00030102998728473733,170.57171922685657,5.296586861323248e-06,983,3.0102998728473733
414,0.00025886682854412975,161.22889114954222,-7.303455216279036e-06,983,2.5886682854412975
415,0.00029580959854229403,185.90640895218718,6.754443899073506e-06,983,2.9580959854229403
416,0.0002731401184440355,165.06002034587996,9.742671850379549e-06,983,2.731401184440355
417,0.0002887694050599998,161.76398779247202,-2.732588981916567e-06,983,2.8876940505999977
418,0.0002955352091282181,170.85452695829093,-9.11690041525031e-06,983,2.955352091282181
419,0.0002575714741409502,154.91556459816888,2.6874943772201006e-06,983,2.575714741409502
420,0.00027559882586348226,165.6795523906409,-2.385769387929224e-07,983,2.7559882586348228
421,0.0002837859377312426,161.44557477110885,-1.624477792791916e-05,983,2.8378593773124257
422,0.0002854949635841642,158.0447609359105,1.2565283346809155e-05,983,2.854949635841642
423,0.0002569673343861808,151.13021363173957,-1.1145858106802653e-05,983,2.569673343861808
424,0.000265323513164677,148.2146490335707,2.933251550010991e-06,983,2.6532351316467704
425,0.00025989786331839934,155.73855544252288,-2.8506867154468415e-06,983,2.5989786331839935
426,0.0002804316203151804,146.60732451678535,5.738037399948082e-06,983,2.804316203151804
427,0.0002455059270250171,140.59511698880976,1.2924174513508657e-05,983,2.455059270250171
428,0.0002299275225469266,131.89928789420142,-8.697990174155373e-06,983,2.299275225469266
429,0.0002558223552359415,132.37538148524925,-7.86899685461547e-06,983,2.5582235523594155
430,0.0003250777348173519,173.49949135300102,2.8570673838850775e-05,983,3.2507773481735187
431,0.0002611499945984637,151.3092573753815,-6.397824114600875e-06,983,2.611499945984637
432,0.0002780061584788402,151.4201424211597,1.0144506961368437e-05,983,2.780061584788402
433,0.00025909092496301874,142.528992878942,-2.4085393315286595e-06,983,2.5909092496301875
434,0.00025146886895157175,140.2238046795524,-6.085288951282224e-06,983,2.5146886895157174
435,0.0002660279638032339,150.53713123092572,-1.1235783074795944e-05,983,2.660279638032339
436,0.0002473328936337414,137.55849440488302,5.556319527357873e-06,983,2.473328936337414
437,0.00025365960114993267,136.9938962360122,7.746911011860398e-07,983,2.5365960114993267
438,0.00024431507824426994,133.17700915564598,-7.723463526001296e-06,983,2.4431507824426992
439,0.0002423483904053075,130.36520854526958,-6.712733804049674e-06,983,2.423483904053075
440,0.0002439204606637832,140.07426246185148,-1.240937581606239e-06,983,2.439204606637832
441,0.0002505468857019658,132.83926754832146,-9.29029062910792e-06,983,2.505468857019658
442,0.0002471566385603571,130.33875890132248,-7.092180651081917e-07,983,2.471566385603571
443,0.0002284672810583119,122.94811800610377,-5.47632545488726e-06,983,2.284672810583119
444,0.0002388578447955296,122.12410986775178,2.4649019489580194e-06,983,2.388578447955296
445,0.0002701956650224665,140.4974567650051,-6.719873389103049e-06,983,2.701956650224665
446,0.00024336347077225844,127.4557477110885,-6.849346204924139e-06,983,2.433634707722584
447,0.00023658901697563771,125.42828077314344,-7.53047481068695e-07,983,2.3658901697563772
448,0.00024237981133809684,125.75381485249237,7.373613776917519e-06,983,2.4237981133809683
449,0.000223528665836881,119.99186164801628,-9.320632397815715e-06,983,2.23528665836881
450,0.0002558649176281547,132.76883910386965,6.960307236335111e-06,982,2.5586491762815466
451,0.00023587360670352398,124.77110885045778,-2.6581752922761357e-06,983,2.35873606703524
452,0.00024233491160854673,125.15971515768057,-6.032242307697643e-07,983,2.4233491160854674
453,0.00024422222703267596,121.68463886063073,-3.1100630404991996e-06,983,2.4422222703267598
454,0.0002275152021604502,116.20447609359105,-4.356673511781027e-07,983,2.275152021604502
455,0.00023758964696171035,125.52797558494404,2.1381898978829474e-06,983,2.3758964696171034
456,0.0002424844495845803,123.86876907426246,5.189297549176375e-06,983,2.424844495845803
457,0.00022998987180164617,123.0061037639878,-5.667976519065146e-06,983,2.2998987180164616
458,0.00022185060500268776,118.07324516785351,-1.1170556217839492e-06,983,2.2185060500268774
459,0.00022516670469435523,115.77517802644964,3.17297468695963e-06,983,2.2516670469435525
500,0.00028054361908142383,171.52695829094608,-2.435281808273799e-05,983,2.8054361908142385
501,0.00025646061209596486,141.80061037639877,2.306473156474962e-06,983,2.5646061209596485
502,0.0002474979057186364,137.75483214649034,2.461924681982506e-06,983,2.474979057186364
503,0.00024561396529194744,133.72126144455748,4.166195794176429e-06,983,2.4561396529194743
504,0.00024088680394901218,127.41302136317395,1.875696122058325e-06,983,2.408868039490122
505,0.0002492865411734303,133.48626653102747,6.140478863166389e-06,983,2.492865411734303
506,0.00024896169046108866,132.72838250254324,-5.4155347754499555e-06,983,2.4896169046108865
507,0.0002426446310475851,131.8179043743642,-1.626569658429922e-05,983,2.426446310475851
508,0.0002320751369748429,127.17599186164801,-4.853638425889226e-07,983,2.3207513697484288
509,0.00023208305207149716,121.61648016276703,-4.91376882191861e-06,983,2.3208305207149715
510,0.0002333781117534177,127.50864699898271,1.738544547965523e-06,983,2.333781117534177
511,0.00024352507650401105,124.76907426246186,2.365875061706651e-07,983,2.4352507650401103
512,0.00024332700401920735,121.06612410986776,2.6470093903658087e-06,983,2.4332700401920735
513,0.00022014990306700233,116.7385554425229,-4.062907612598728e-06,983,2.2014990306700235
514,0.00021277547121045397,117.55747711088505,4.176793748585587e-06,983,2.1277547121045397
515,0.00023989311290562726,136.92573753814852,-2.4708297494975865e-06,983,2.3989311290562725
516,0.00024319793361667527,125.61953204476093,3.1014440624814133e-06,983,2.4319793361667528
517,0.0002463226000806833,123.27772126144455,3.7592060950524433e-06,983,2.4632260008068334
518,0.00022985602615614777,117.07019328585962,-9.094460002720878e-07,983,2.2985602615614775
519,0.0002319876936021722,113.05798575788403,-4.80920053845861e-06,983,2.319876936021722
520,0.0002461786560660281,126.30824008138352,-3.950514277992966e-06,983,2.461786560660281
521,0.00023146335472595591,119.50356052899288,4.629150442843588e-06,983,2.314633547259559
522,0.00024009952932891538,121.41810783316379,-5.762784877714229e-06,983,2.400995293289154
523,0.0002396647393732218,117.13428280773144,-1.8152691988973923e-06,983,2.396647393732218
524,0.00023600770925440916,117.90030518819938,-1.2016767462277373e-06,983,2.3600770925440915
525,0.00023044164076913828,125.06205493387588,-1.2655215702130221e-06,983,2.3044164076913827
526,0.00022151234485881435,116.12410986775178,6.7442192702545245e-06,983,2.2151234485881433
527,0.00022153859663901984,113.09359104781282,-8.732140819137567e-06,983,2.2153859663901985
528,0.00022238639347489268,109.84944048830111,1.8026427318709436e-05,983,2.223863934748927
529,0.00022218924572607861,111.6002034587996,-5.768950620256734e-06,983,2.221892457260786
530,0.00026467639300611575,145.15666327568667,-1.5601449595633518e-05,983,2.6467639300611574
531,0.0002511307453755315,123.33265513733468,-9.995292308877803e-06,983,2.511307453755315
532,0.00022475027642791042,116.03051881993896,1.4823654358693116e-05,983,2.2475027642791043
533,0.00022537357628395527,115.4643584521385,-7.162363180789946e-07,982,2.2537357628395527
534,0.00021635384057774675,112.38351983723297,-9.971072320981683e-07,983,2.1635384057774676
535,0.00024800676473861726,120.00813835198372,-1.4344128197252666e-05,983,2.4800676473861727
536,0.00024348903045479363,112.86876907426246,1.7292817622585376e-06,983,2.4348903045479364
537,0.00022034471075920128,108.79247202441506,1.1611993803960555e-06,983,2.203447107592013
538,0.00021886450609149348,108.73957273652086,1.2194488016517402e-06,983,2.188645060914935
539,0.00023180641887936087,112.57578840284842,3.7855521746202194e-07,983,2.318064188793609
540,0.0002252516742839308,125.60427263479146,1.038203956208722e-05,983,2.252516742839308
541,0.00023319047061514016,117.60427263479146,1.1345985814476176e-05,983,2.3319047061514016
542,0.00021652022495365452,115.68260427263479,2.029775365015587e-06,983,2.165202249536545
543,0.00023548999819530118,109.54933875890133,-6.573894375591951e-06,983,2.354899981953012
544,0.00021445661816639301,104.49033570701933,-9.7316606765463e-06,983,2.1445661816639303
545,0.00025632176934649943,129.34587995930823,6.377349806316151e-06,983,2.563217693464994
546,0.00022911399127441642,114.59918616480162,4.810779305230271e-06,983,2.291139912744164
547,0.00022463112859883016,112.87589013224822,-2.072334676202391e-06,983,2.2463112859883014
548,0.00022315686620438916,113.6205493387589,1.4077539718090935e-07,983,2.2315686620438915
549,0.00021691557669062836,107.5350966429298,9.14379905836788e-06,983,2.1691557669062838
550,0.0002540609397515877,125.44964394710071,1.8607745300935783e-06,983,2.540609397515877
551,0.00021510406093518342,114.21261444557477,-8.791538910176935e-06,983,2.1510406093518344
552,0.00023210461922530267,117.24008138351984,-7.3243613967556625e-06,983,2.3210461922530268
553,0.000219163409799267,108.17497456765005,2.4386814720856632e-05,983,2.19163409799267
554,0.0002075823089230251,106.77212614445575,-3.58624771836016e-06,983,2.075823089230251
555,0.00023746840210506708,122.93591047812818,6.2142516183052355e-06,983,2.374684021050671
556,0.0002347361023378353,114.12729124236253,1.542896047605788e-05,982,2.347361023378353
557,0.0002276453383498345,113.22583926754832,-5.1381196191825814e-06,983,2.276453383498345
558,0.0002002304852421333,109.04272634791455,5.16876384923921e-06,983,2.002304852421333
559,0.0002245346490965292,105.21057985757884,9.942668617895068e-06,983,2.245346490965292
600,0.00031965981963616625,182.33367243133264,-1.7346268547586258e-05,983,3.1965981963616628
601,0.00025884364064280777,140.39471007121057,-5.584316752271112e-06,983,2.5884364064280776
602,0.0003012580300484756,128.22787385554426,1.860414014609491e-05,983,3.012580300484756
603,0.00023732114834375612,129.33062054933876,-5.376648318681628e-06,983,2.373211483437561
604,0.00025169383600046714,127.12410986775178,1.0994536961085985e-06,983,2.5169383600046715
605,0.0002613583380452624,132.45676500508648,-1.8120728789217925e-05,983,2.6135833804526243
606,0.00021799998387129137,123.47914547304171,-1.54910437967286e-05,983,2.179999838712914
607,0.00022113923219846578,124.1291963377416,-5.903636330144498e-06,983,2.2113923219846576
608,0.00021412100558686968,116.47914547304171,-1.35961501827992e-06,983,2.141210055868697
609,0.0002174847632959915,115.18921668362157,2.2867726001933658e-06,983,2.174847632959915
610,0.0002462330911738362,129.4821973550356,-1.7854273809031829e-06,983,2.4623309117383623
611,0.00021738791135109695,119.62563580874873,5.592402807155899e-06,983,2.1738791135109694
612,0.00024198434661102918,123.4649033570702,-6.9751708264027e-06,983,2.419843466110292
613,0.0002271989568566094,118.82706002034588,-1.3834760842152319e-05,983,2.271989568566094
614,0.00023810491647147157,118.51780264496439,-2.448743769357096e-06,983,2.3810491647147156
615,0.0002602575356335223,134.06612410986776,2.1094250982249015e-06,983,2.602575356335223
616,0.00023020643114369775,120.56866734486266,3.314427731610044e-06,983,2.3020643114369777
617,0.0002262332305315735,114.45676500508647,-1.3911505946723647e-05,983,2.262332305315735
618,0.0002132409734586788,117.24923702950153,-3.5489031891134076e-06,983,2.132409734586788
619,0.00023404655441514844,110.93184130213632,9.122507481092571e-07,983,2.3404655441514843
620,0.00022463906033097446,124.52492370295015,2.9977770180803794e-06,983,2.2463906033097447
621,0.00024106357936575128,119.26042726347914,4.136194482305992e-06,983,2.4106357936575127
622,0.00023098664525789115,115.32756866734486,6.276993910110353e-06,983,2.3098664525789117
623,0.0003167727747262844,108.83621566632758,1.0813963578466639e-05,983,3.1677277472628442
624,0.00021548544085857858,110.57578840284842,1.6732958754653747e-05,983,2.154854408585786
625,0.0002446721849634635,123.00406917599186,-1.1275295585952888e-07,983,2.4467218496346352
626,0.00032251150187923055,115.79247202441506,2.875546878217981e-06,983,3.2251150187923057
627,0.0002914026670594908,110.26856561546286,-1.4677351144985999e-06,983,2.914026670594908
628,0.0002396340325681714,109.68158697863683,1.4371064824701864e-05,983,2.396340325681714
629,0.0002440432009645515,109.69481180061038,-7.716946856152588e-06,983,2.440432009645515
630,0.0002549508450163064,143.0762970498474,9.609259366608163e-06,983,2.5495084501630636
631,0.0002457117413286335,126.04272634791455,9.139009373549568e-06,983,2.4571174132863347
632,0.00022856238194166704,127.0325534079349,5.219499372706535e-06,983,2.2856238194166703
633,0.0002197371022241053,122.61749745676501,-7.5520552932634345e-06,983,2.197371022241053
634,0.00022238624222950193,123.83926754832146,-5.618299064926593e-07,983,2.2238624222950194
635,0.0002319925490923574,126.95625635808749,-4.404167094754064e-06,983,2.319925490923574
636,0.00024178794071443512,123.8708036622584,-5.068882225720997e-06,983,2.4178794071443512
637,0.0002214082685825245,119.24720244150559,8.98584323828101e-07,983,2.214082685825245
638,0.00023575475069330544,118.14649033570701,-5.115299191910291e-06,983,2.3575475069330545
639,0.00023296706483968434,123.34181078331638,7.440418775872198e-06,983,2.3296706483968435
640,0.00025633079787424956,133.36317395727366,-1.3223493453065042e-05,983,2.5633079787424955
641,0.00023365295959196854,123.96236012207528,6.8230241035678894e-06,983,2.3365295959196852
642,0.0002305060035971117,122.09460834181078,-5.541037804133397e-06,983,2.3050600359711173
643,0.00021551866566810155,115.1709053916582,-2.371533491089437e-06,983,2.1551866566810154
644,0.00023916367765281063,120.06612410986776,-1.2440969847781455e-05,983,2.3916367765281064
645,0.00024097632446816686,138.9145473041709,6.185919872269991e-06,983,2.4097632446816686
646,0.0002228257378219964,127.1709053916582,-5.7376541771969346e-06,983,2.228257378219964
647,0.00023516847196827982,125.96541200406918,-9.487506006245108e-06,983,2.3516847196827984
648,0.00022728569446924646,125.10681586978637,-2.453971458454123e-06,983,2.2728569446924647
649,0.00021667437090018947,116.61546286876907,1.3662520124405982e-05,983,2.166743709001895
650,0.00024137095716516457,129.75788402848423,9.128676168175131e-06,983,2.4137095716516455
651,0.00021864906695031534,122.03763987792472,-7.455544084389558e-06,983,2.1864906695031534
652,0.0002344040569160881,124.97761953204476,2.1042570775992364e-06,983,2.3440405691608808
653,0.00023337671343728934,122.00406917599186,1.2145924617587056e-05,983,2.3337671343728936
654,0.0002490915396931626,123.07121057985758,1.2812318691350467e-05,983,2.490915396931626
655,0.000248149829198312,136.32756866734485,7.079984721090225e-06,983,2.4814982919831197
656,0.00023436730491439096,126.21363173957273,3.7366030093529474e-06,983,2.3436730491439097
657,0.000236275864138167,127.1617497456765,8.21641991880801e-06,983,2.36275864138167
658,0.0002334800785897231,128.83926754832146,1.1284410805154233e-05,983,2.334800785897231
659,0.0002641215695849778,137.4760935910478,1.2065316772209636e-05,983,2.641215695849778
700,0.00038216194669339414,274.62767039674463,2.5575176332379594e-05,983,3.8216194669339414
701,0.0002630369471319737,190.8148524923703,-1.002425804991852e-05,983,2.6303694713197365
702,0.0002594726483856473,177.03153611393694,8.92323418372893e-07,983,2.594726483856473
703,0.00026673265074956756,168.68056968463887,1.0959736304756679e-05,983,2.667326507495676
704,0.00025299564500538683,162.19328585961344,5.449351080382891e-06,983,2.5299564500538683
705,0.0002552909301044808,174.98880976602237,-1.8407779457676753e-05,983,2.5529093010448083
706,0.00026635092663007323,163.93387589013224,-4.9932850421980395e-06,983,2.6635092663007325
707,0.0002385671521267613,155.7293997965412,-3.0720708808180306e-06,983,2.385671521267613
708,0.0002553072696355402,155.4649033570702,-1.9002910709024603e-06,983,2.553072696355402
709,0.00024667183585459204,152.3936927772126,-2.3590203057775047e-06,983,2.4667183585459203
710,0.0002624898223118361,171.27466937945067,-5.845301825671751e-06,983,2.624898223118361
711,0.00024231709431762037,159.88199389623603,9.223834422287559e-06,983,2.4231709431762036
712,0.00025597570700966433,161.15462868769075,1.3772058269958999e-05,983,2.5597570700966434
713,0.00023841861591657057,148.0640895218718,1.3329924838790703e-05,983,2.3841861591657056
714,0.00021928885068288459,144.44252288911494,1.4990271695876398e-05,983,2.192888506828846
715,0.00025322159788321026,164.5025432349949,1.1967330975808735e-05,983,2.532215978832103
716,0.000246056990944543,149.471007121058,-6.394950206691891e-06,983,2.4605699094454296
717,0.0002453725908903474,153.23397761953206,-7.12196481023358e-08,983,2.4537259089034738
718,0.00023242773340737062,151.48016276703967,-4.19096370653183e-06,983,2.324277334073706
719,0.00022319428276252313,145.8179043743642,5.2585425029843395e-06,983,2.231942827625231
720,0.0002550253731068494,168.2828077314344,-6.025018998970857e-06,983,2.550253731068494
721,0.0002558281547704434,163.49542217700915,-5.377723553611545e-06,983,2.5582815477044343
722,0.0002779974331126705,153.81688708036623,-2.163565764692845e-06,983,2.779974331126705
723,0.0002520668572779632,152.86571719226856,-1.6537662333725142e-06,983,2.520668572779632
724,0.00024862461734640633,153.92268565615464,-9.219492929922445e-06,983,2.4862461734640635
725,0.00027086117277077426,167.56561546286878,-9.922625651087178e-06,983,2.7086117277077424
726,0.0002382765188612139,151.05798575788404,1.4089670573369517e-05,983,2.382765188612139
727,0.00022925585041398144,148.64598168870805,9.010023732905359e-06,983,2.2925585041398144
728,0.0002482160719623962,150.24008138351985,9.517426379243799e-06,983,2.482160719623962
729,0.00025228861169014036,148.5971515768057,7.303087913845061e-06,983,2.5228861169014034
730,0.000287849763598956,199.6317395727365,-5.484658205856654e-06,983,2.87849763598956
731,0.00027154478365583383,178.41403865717191,4.7257253191331015e-06,983,2.7154478365583383
732,0.00025268024438854946,165.33672431332656,-1.795506241599826e-06,983,2.5268024438854946
733,0.0002458380635420865,161.46897253306204,-2.7882637712772085e-06,983,2.458380635420865
734,0.00025644205764855884,163.2319430315361,-7.126479481724984e-06,983,2.5644205764855883
735,0.0002478000362006431,173.22787385554426,-2.128188963132773e-06,983,2.478000362006431
736,0.0002462768812928663,164.16581892166838,-1.55871617486091e-05,983,2.462768812928663
737,0.0002646374094296413,164.48016276703967,-8.447596294566611e-06,983,2.646374094296413
738,0.0002471147160689676,162.5412004069176,-1.0701643157633103e-05,983,2.4711471606896764
739,0.0002510501429454512,161.13631739572736,4.6232939584339195e-06,983,2.510501429454512
740,0.0002737228515453217,183.14343845371312,-2.4740753005672603e-05,983,2.7372285154532165
741,0.000268443863552083,165.60834181078332,-9.516111431489183e-06,983,2.6844386355208303
742,0.0002336057237805803,163.57477110885046,-1.5173313808224582e-05,983,2.336057237805803
743,0.00023238747659096667,156.2258392675483,-8.211560767547831e-07,983,2.323874765909667
744,0.0002514453245396109,162.96642929806714,-2.671153620486382e-06,983,2.514453245396109
745,0.0002773935286429871,181.24618514750762,1.3099137449941927e-06,983,2.773935286429871
746,0.0002756057038443749,177.67548321464903,-3.955199638396906e-06,983,2.756057038443749
747,0.0002409356591062575,169.794506612411,4.1653266970548166e-08,983,2.409356591062575
748,0.00024003626413921625,158.80671414038656,-5.441527030019946e-06,983,2.4003626413921624
749,0.0002394930577489003,157.30111902339777,-1.606174484636314e-05,983,2.394930577489003
750,0.000266793119390445,173.94506612410987,-5.8143052723092916e-06,983,2.66793119390445
751,0.0002484534812996381,163.323499491353,-1.2235273919566561e-05,983,2.484534812996381
752,0.00024116340600632613,158.10986775178026,4.48837304847559e-06,983,2.4116340600632613
753,0.0002470087816164987,156.18228105906314,1.0885563242373052e-05,982,2.470087816164987
754,0.0002269737369934805,159.48626653102747,6.430505276154494e-07,983,2.269737369934805
755,0.00026205351009170883,172.3173957273652,-6.896126598469237e-07,983,2.6205351009170883
756,0.0002375829480583062,161.23702950152594,3.2962571606252616e-06,983,2.3758294805830618
757,0.0002891309917280078,168.80671414038656,7.527279869105166e-06,983,2.891309917280078
758,0.00024420345520890504,161.11291963377417,9.144138921513532e-06,983,2.4420345520890505
759,0.00022733605243996344,153.19226856561545,2.8795368566725424e-07,983,2.2733605243996347
800,0.0003213560870455814,310.5849440488301,-1.0031596441392299e-05,983,3.2135608704558143
801,0.0003279131268461665,264.4638860630722,2.5026382445528557e-06,983,3.279131268461665
802,0.00027680778563450885,222.96948118006102,1.1763184598257728e-05,983,2.7680778563450885
803,0.00025521794995477117,209.97761953204477,1.3904204999959346e-05,983,2.552179499547712
804,0.00028103359344832415,209.4465920651068,-3.396362822153275e-06,983,2.8103359344832417
805,0.00028390156449530367,226.77822990844354,-1.0722021868209712e-05,983,2.8390156449530366
806,0.0002589278058691855,218.63682604272634,1.5699419542540215e-05,983,2.589278058691855
807,0.0002754161325372637,220.0,1.7713020311425162e-06,983,2.754161325372637
808,0.00024643637480690247,199.6887080366226,-6.203358664879566e-06,983,2.4643637480690246
809,0.00027559370098535345,214.74669379450663,-8.475825768096481e-06,983,2.7559370098535347
810,0.0002720275023902811,231.3153611393693,-3.6624384144011015e-06,983,2.7202750239028113
811,0.00027431586213816226,218.99593082400813,-1.9759770198572717e-05,983,2.7431586213816224
812,0.00023633864498565156,212.02238046795523,5.940408533862583e-06,983,2.3633864498565154
813,0.00024333009976357727,201.21871820956255,-3.861528470773242e-07,983,2.4333009976357727
814,0.0002552714346529562,207.87792472024415,7.909668661375754e-06,983,2.552714346529562
815,0.00036038448478475026,290.1210579857579,1.8898855709453602e-06,983,3.6038448478475025
816,0.00029302852395452725,249.70091556459818,-8.143915134662426e-06,983,2.9302852395452725
817,0.00027466813062709957,234.99491353001017,-5.06959393622254e-06,983,2.746681306270996
818,0.000260783723262754,226.91963377416073,4.020932610679336e-06,983,2.60783723262754
819,0.00025472560392147774,221.39267548321465,1.4082043593702268e-05,983,2.547256039214777
820,0.0003020660109776594,280.06002034587993,8.382248633375002e-06,983,3.020660109776594
821,0.0002756760738226009,251.42115971515767,-2.5156380544303213e-05,983,2.756760738226009
822,0.0002768775084539715,247.09257375381486,-3.6617264215329117e-06,983,2.768775084539715
823,0.0002659864905146236,234.81281790437436,-4.766411540136439e-06,983,2.659864905146236
824,0.00026705260236621186,232.01119023397763,8.068190483513323e-06,983,2.6705260236621187
825,0.00027508937733597356,243.88097660223804,2.7269415346024325e-06,983,2.750893773359736
826,0.0002905512594457244,227.41403865717191,-1.689010644826474e-06,983,2.905512594457244
827,0.00027241632106845236,215.07731434384536,4.931397299318271e-06,983,2.7241632106845235
828,0.00030892307715587686,221.34791454730416,-2.0278018704993696e-06,983,3.0892307715587686
829,0.0007813145725739083,236.84842319430317,3.4347664111679086e-07,983,7.813145725739083
830,0.0027720862460249877,1188.6378433367242,-5.64905039007659e-05,983,27.720862460249876
831,0.0006976859541854434,776.6201629327902,-1.0851386599366572e-05,982,6.976859541854434
832,0.000823548454857984,687.8697863682604,4.451436180553452e-06,983,8.235484548579839
833,0.0005714185486608542,593.4059003051882,1.1183780245757182e-06,983,5.714185486608542
834,0.0005455521356552397,549.4506612410987,1.6092063723651868e-06,983,5.455521356552397
835,0.000531808746295251,553.5676500508647,-3.101862968654416e-07,983,5.31808746295251
836,0.000533162412222287,549.4089521871821,1.6094750193703147e-05,983,5.33162412222287
837,0.0005347138071812559,488.6439471007121,-1.0873770947902644e-05,983,5.347138071812559
838,0.0004449156917161434,460.98880976602237,5.1278281003728225e-06,983,4.449156917161434
839,0.00040420786234952877,437.8168870803662,-6.315833849581149e-06,983,4.0420786234952875
840,0.00046768070001770656,481.14852492370295,-3.140894653623137e-05,983,4.676807000177066
841,0.0003961709653544241,433.9643947100712,1.6603139228447602e-05,983,3.961709653544241
842,0.0004270143342368237,437.2797558494405,1.0075432992313222e-05,983,4.270143342368237
843,0.0003908545616988984,422.97965412004066,3.6055601626717043e-06,983,3.9085456169889836
844,0.0003658033476653717,399.18921668362157,-1.1725842968437352e-05,983,3.658033476653717
845,0.00041808109449246057,460.18413021363176,-1.4395030825504618e-06,983,4.180810944924605
846,0.000376200608516229,412.66836215666325,-1.7498539476641601e-06,983,3.7620060851622896
847,0.0003464948182213693,386.73957273652087,-1.227033253064758e-05,983,3.4649481822136927
848,0.00037314217654461966,396.3204476093591,-1.1075088826514796e-05,983,3.7314217654461967
849,0.0003616358177338304,383.53509664292983,-9.557679834016463e-07,983,3.6163581773383044
850,0.000377000658828672,424.86368260427264,-4.744244618034101e-06,983,3.77000658828672
851,0.0003560701978039962,384.58392675483213,2.3144888466586818e-05,983,3.5607019780399622
852,0.0003535291300876128,377.84435401831126,7.98928200332025e-06,983,3.5352913008761284
853,0.00032971042681436183,359.7619532044761,-1.0851928620390915e-05,983,3.2971042681436185
854,0.000346534047510912,367.3499491353001,-5.715043927520781e-06,983,3.46534047510912
855,0.000348549784993361,374.0793489318413,1.8955275810845616e-05,983,3.48549784993361
856,0.00033836849771258634,361.3621566632757,-1.4196887149578624e-06,983,3.3836849771258635
857,0.0003461649169596262,355.09766022380467,-2.0065510710470457e-05,983,3.4616491695962623
858,0.0003377822253641316,343.16581892166835,1.865288143591367e-05,983,3.377822253641316
859,0.00030555579244495373,333.265513733469,-1.2102096929602515e-05,983,3.055557924449537
900,0.00043939857754985096,538.3468972533062,-2.4048352235626766e-06,983,4.39398577549851
901,0.0003757081807934681,428.586978636826,-7.12389877732969e-06,983,3.757081807934681
902,0.0004045350481086395,400.93082400813836,1.6986347069143068e-05,983,4.045350481086395
903,0.0003565884656186266,378.4445574771109,5.593587882740528e-07,983,3.565884656186266
904,0.00036134426923621323,375.323499491353,7.250161115877352e-06,983,3.613442692362132
905,0.0003429002078332159,390.38758901322484,-3.901219114175436e-06,983,3.429002078332159
906,0.0003251598720046672,378.2899287894201,-8.310615336078646e-06,983,3.251598720046672
907,0.0003553124359191033,373.85147507629705,-7.5171335788407726e-06,983,3.5531243591910333
908,0.0003367010172206486,362.31943031536116,5.489802179412117e-06,983,3.367010172206486
909,0.00030595068874718275,345.31332655137334,1.195520709480708e-05,983,3.0595068874718274
910,0.0003159604726655087,368.14343845371315,-2.7737963261665513e-05,983,3.1596047266550866
911,0.0003080587566298883,336.37232960325537,6.957158131092698e-06,983,3.080587566298883
912,0.0003197812447091587,354.14852492370295,4.767242744140449e-06,983,3.1978124470915867
913,0.00032249404948238514,351.5625635808749,-5.975840100536541e-06,983,3.2249404948238514
914,0.00029633854333315374,346.8413021363174,2.3193256928460952e-05,983,2.9633854333315375
915,0.000367620942232458,423.79306829765545,1.0591867497589724e-05,981,3.67620942232458
916,0.00029992220434894965,364.9164118246687,1.6634579908274782e-06,981,2.9992220434894965
917,0.0002849337660522933,340.9204892966361,6.532949036805562e-07,981,2.849337660522933
918,0.0002841595895293848,356.24362895005095,5.954532777669752e-06,981,2.8415958952938483
919,0.0002805905254701349,332.1080530071356,4.422239301733278e-06,981,2.805905254701349
920,0.0002921926963491392,373.96534148827726,1.9364184172899233e-06,981,2.921926963491392
921,0.0002992929071871224,352.39041794087666,5.743647201557276e-06,981,2.992929071871224
922,0.00028668715092736895,343.5637104994903,-1.5061983006436852e-05,981,2.8668715092736896
923,0.0002779723375901295,326.7206931702344,1.247835722666216e-05,981,2.7797233759012947
924,0.0002762281060602258,362.5912334352701,-6.503431378920507e-06,981,2.762281060602258
925,0.000495040794235841,692.9918450560652,-7.406387158756728e-05,981,4.95040794235841
926,0.0002695381334370582,411.40672782874617,3.379784981749532e-06,981,2.695381334370582
927,0.0003958207864486369,569.2599388379205,-4.6355363510183576e-05,981,3.958207864486369
928,0.0003604252454094591,724.7278287461774,-2.999023568654352e-06,981,3.6042524540945906
929,0.00034905352185917344,892.256880733945,3.678715237335802e-05,981,3.4905352185917344
930,0.0011433776251844941,5063.216106014271,0.00012815325909677907,981,11.433776251844941
931,0.001137153387119805,3804.07747196738,-2.9059299253435302e-05,981,11.37153387119805
932,0.001069864070345209,3384.1396534148826,-3.1979720373885096e-05,981,10.69864070345209
933,0.0010320706416030042,2980.184505606524,1.9786584676341606e-05,981,10.320706416030042
934,0.000894033115659892,2858.9755351681956,-8.162202838721371e-05,981,8.94033115659892
935,0.0009914191149528538,3248.2782874617737,4.019910322665049e-06,981,9.914191149528538
936,0.0009195837141477147,2761.4505606523953,-1.0175598391362648e-05,981,9.195837141477147
937,0.0008096006300449031,2521.1437308868503,3.7500519013684193e-06,981,8.096006300449032
938,0.0008040989015282459,2366.973496432212,4.583952083940547e-05,981,8.04098901528246
939,0.00080151505320986,2315.046890927625,1.0817310459383518e-05,981,8.0151505320986
940,0.0009415158786822913,2749.489296636086,-4.603497875819301e-05,981,9.415158786822913
941,0.000860127802161344,2296.4485219164117,6.96053357948202e-05,981,8.60127802161344
942,0.0008057749681044827,2211.5555555555557,2.0415273349134455e-06,981,8.057749681044827
943,0.0007839028377462818,2038.559633027523,-5.7360497556307136e-05,981,7.839028377462818
944,0.0007857489253087489,2005.6034658511724,-2.3592041228895668e-05,981,7.857489253087489
945,0.0009587387020683544,2724.5942915392457,5.929763582678397e-05,981,9.587387020683543
946,0.0008022388919060206,2264.6269113149847,-9.661088479274454e-06,981,8.022388919060207
947,0.0007684688416817055,2094.044852191641,2.3410698891365622e-05,981,7.684688416817055
948,0.0007858310231757209,2112.0030581039755,1.0083149265564015e-05,981,7.858310231757208
949,0.0007729489825293532,2004.7726809378184,-6.221868991967321e-05,981,7.729489825293532
950,0.000810984399554969,2346.380224260958,-1.8319159561440987e-05,981,8.10984399554969
951,0.0007517231962357868,2066.1814475025485,3.0679599301517336e-05,981,7.517231962357868
952,0.0007488126366128617,1948.4260958205912,4.854917736126868e-06,981,7.488126366128617
953,0.0007333675311612782,1873.6065239551478,1.2030043421069437e-05,981,7.333675311612782
954,0.0006643442341519407,1847.960244648318,-2.0498735326439796e-05,981,6.643442341519407
955,0.0007422755050709408,1962.7196738022426,4.839545769644053e-05,981,7.422755050709409
956,0.000725741956778611,1793.7522935779816,1.947037099998679e-05,981,7.25741956778611
957,0.0006201207740641262,1727.0,-1.932507223404e-06,981,6.201207740641262
958,0.000635818200014759,1570.0336391437309,1.1955033883452798e-05,981,6.35818200014759
959,0.0005996437661030305,1490.0876656472988,2.3552399191151276e-05,981,5.9964376610303045
1000,0.0012182576517071162,2927.7125382263,-7.347594731403619e-05,981,12.182576517071162
1001,0.0008645547096827623,2353.4495412844035,-4.0870887307692e-05,981,8.645547096827624
1002,0.0008182429028362439,2137.9215086646277,-1.2450871344969632e-05,981,8.182429028362439
1003,0.0006792487020669966,1931.7869520897043,-2.2148695599855275e-05,981,6.792487020669966
1004,0.0007015310981847022,1854.4179408766565,-8.453890572622395e-06,981,7.015310981847022
1005,0.0007473567598631765,2037.1865443425077,6.682518867399617e-06,981,7.473567598631766
1006,0.000722447357601386,1960.0,-2.730297911954807e-05,981,7.224473576013859
1007,0.000748470056101185,1811.7492354740061,-1.2020673883342947e-05,981,7.4847005610118496
1008,0.0006860443594859825,1766.059123343527,-1.4934906684218446e-06,981,6.860443594859825
1009,0.0007362474857498798,1734.2130479102957,-2.8156001896728315e-05,981,7.362474857498798
1010,0.0006982896966537454,1927.112130479103,4.207724357988684e-06,981,6.982896966537454
1011,0.0007450006895134922,1779.0968399592252,-1.4323438723914624e-05,981,7.450006895134922
1012,0.0007253354417901768,1780.3394495412845,2.6847056554299264e-05,981,7.253354417901768
1013,0.0007002370085699176,1653.9031600407748,3.593962968803465e-05,981,7.002370085699176
1014,0.0006455572961977992,1654.9765545361875,2.0164117509243698e-05,981,6.455572961977992
1015,0.0007409390390811189,1960.7329255861366,7.5517588596709e-06,981,7.409390390811189
1016,0.0006871301482942966,1733.3109072375128,2.749266367368007e-06,981,6.871301482942966
1017,0.0006848821901023642,1637.316004077472,3.567820212823432e-05,981,6.848821901023642
1018,0.0006625183775666151,1588.5300713557594,8.261808776110253e-06,981,6.625183775666151
1019,0.000613415941481817,1539.1141692150866,4.7566172638356115e-06,981,6.1341594148181695
1020,0.0006525833173166725,1698.0356778797145,-1.3636688737457953e-05,981,6.525833173166725
1021,0.0006746242824138115,1571.5300713557594,1.0132891674671119e-05,981,6.746242824138115
1022,0.0006823049667669907,1556.2395514780835,3.318746239607108e-05,981,6.823049667669907
1023,0.0006328046586469922,1486.361875637105,-6.54736138256344e-06,981,6.328046586469923
1024,0.0006245493815389902,1515.282364933741,4.688317079608975e-07,981,6.245493815389903
1025,0.0006315665314505571,1634.4311926605506,-1.427713445625694e-05,981,6.315665314505571
1026,0.0006532886587578039,1541.7951070336392,-1.2888722582614994e-06,981,6.532886587578039
1027,0.0006148079203525508,1466.8185524974515,-4.12836820321591e-06,981,6.148079203525508
1028,0.0006403339113710375,1461.2212028542303,-1.2635175359285023e-06,981,6.403339113710375
1029,0.0007025440550652684,1465.4383282364934,-6.61111140352748e-06,981,7.025440550652684
1030,0.0007720393856805866,1987.9551478083588,8.032231157747815e-06,981,7.720393856805866
1031,0.0006800629328657204,1635.3628950050968,1.0844495392880472e-05,981,6.8006293286572035
1032,0.0006361296928187549,1557.059123343527,-2.7076153234106213e-05,981,6.361296928187548
1033,0.0006366309959167692,1482.6065239551478,-1.7955043733681315e-05,981,6.366309959167692
1034,0.000574489706480767,1436.1661569826708,-1.0422414830786856e-05,981,5.744897064807669
1035,0.0005912917815988115,1538.5178389398573,-8.208638624826519e-06,981,5.912917815988115
1036,0.0006578783648127112,1533.163098878695,-3.066756606672772e-05,981,6.578783648127112
1037,0.0006069483634259453,1450.329255861366,1.1804520116841387e-05,981,6.069483634259453
1038,0.0006392627356163164,1430.4128440366972,-9.715003338298223e-06,981,6.392627356163164
1039,0.0005523858016970043,1368.908256880734,-5.9020694967004786e-06,981,5.523858016970043
1040,0.000654979393120017,1571.755351681957,-1.771624296570548e-06,981,6.54979393120017
1041,0.0005730316396234883,1418.7084607543322,-1.2927533827924202e-05,981,5.730316396234882
1042,0.0005864132105833793,1382.0499490316004,-2.1368013975712568e-05,981,5.864132105833793
1043,0.0005415008610396962,1346.6320081549438,1.2761643277831891e-05,981,5.415008610396963
1044,0.000570605914575113,1307.3965341488276,1.1382122195883246e-05,981,5.70605914575113
1045,0.0006263852018945683,1525.776758409786,1.541983416685959e-05,981,6.263852018945682
1046,0.0006241753655447497,1397.1967380224262,2.3050122603342583e-05,981,6.241753655447496
1047,0.0005872950561148044,1350.8654434250764,3.504430340838058e-05,981,5.872950561148044
1048,0.000592125727000101,1344.7125382262998,-5.000531225338883e-06,981,5.92125727000101
1049,0.0005436516607161758,1309.5953109072375,2.0281614139474872e-05,981,5.436516607161758
1050,0.0006206723467313363,1514.466870540265,-8.127357345958088e-05,981,6.206723467313363
1051,0.0005989621045122163,1391.039755351682,-2.417022311588673e-05,981,5.989621045122163
1052,0.0005450601865269623,1366.4831804281346,-4.080884644040645e-05,981,5.450601865269623
1053,0.0005572973243751007,1255.1743119266055,-7.978850433624135e-06,981,5.572973243751007
1054,0.000547910526681943,1253.4760448521915,-1.2177629711984626e-06,981,5.47910526681943
1055,0.0005362666375557627,1372.3710499490317,2.4490616979874445e-05,981,5.362666375557628
1056,0.0005159499616590508,1272.8980632008154,-7.0787146487111835e-06,981,5.159499616590508
1057,0.000526115679288935,1211.9102956167176,-1.2041100497126998e-05,981,5.2611567928893495
1058,0.0005059412251464824,1185.61875637105,-1.165930602298589e-05,981,5.059412251464824
1059,0.0004888379969678667,1179.375127420999,3.280381262951101e-06,981,4.888379969678667
1100,0.0006710527904366846,1675.7798165137615,2.8486747916480655e-05,981,6.710527904366846
1101,0.0006067452944503147,1409.8990825688074,-1.0932941906726951e-05,981,6.067452944503147
1102,0.0005460091458430611,1309.8674821610603,1.7257766436214863e-05,981,5.460091458430611
1103,0.0005619518170948475,1231.4424057084607,-5.626596425762041e-06,981,5.619518170948475
1104,0.000493504602751514,1210.698267074414,3.5803746507028872e-06,981,4.93504602751514
1105,0.0005771836843303131,1293.4291539245667,-7.300401066524349e-07,981,5.771836843303131
1106,0.0005866659529368907,1251.2976554536187,5.1161875555660634e-05,981,5.866659529368907
1107,0.0005593636452813439,1210.875637104995,-1.5833157598285067e-06,981,5.593636452813438
1108,0.0005347698186079661,1155.9826707441387,7.694991911256764e-06,981,5.34769818607966
1109,0.0005476293423807976,1147.8175331294597,7.424011618847646e-06,981,5.476293423807976
1110,0.0005759417257766783,1251.9286442405707,-1.3419439730496737e-05,981,5.759417257766783
1111,0.0005513449179468033,1180.9459734964323,1.562162388297935e-05,981,5.513449179468033
1112,0.0005280349432833317,1167.6004077471966,-7.31307420287599e-07,981,5.280349432833317
1113,0.0005175985972309944,1142.9959225280327,-7.559085126452268e-06,981,5.175985972309944
1114,0.0004734289144027256,1085.4006116207952,4.367859693845811e-05,981,4.734289144027256
1115,0.0005578001229183234,1279.6880733944954,-2.6133524214074396e-05,981,5.578001229183235
1116,0.0005647860322980103,1192.533129459735,2.1983737513435893e-06,981,5.647860322980103
1117,0.0005211139385069464,1134.1070336391438,-1.515315373172714e-06,981,5.2111393850694645
1118,0.00047994357422337315,1095.3639143730886,1.956443212074292e-05,981,4.799435742233731
1119,0.00047450774440044503,1050.572884811417,9.093218663547343e-06,981,4.74507744400445
1120,0.0006145527466213436,1174.0224260958205,1.0383259114178275e-05,981,6.145527466213436
1121,0.000541052966032926,1097.7706422018348,1.3273606508274137e-06,981,5.410529660329261
1122,0.0004977936814631921,1062.2568807339449,-1.7931300985710217e-06,981,4.977936814631922
1123,0.0005125534744279017,1012.6289500509685,4.372195951704427e-06,981,5.125534744279017
1124,0.00045830903630068555,1005.8032619775739,-1.4244910820361867e-06,981,4.583090363006855
1125,0.000490165240921501,1109.249745158002,-1.268268562027803e-05,981,4.901652409215011
1126,0.0005306646380846847,1068.691131498471,3.209161419479999e-06,981,5.306646380846847
1127,0.0004738379390947194,1015.2609582059123,6.333205304738044e-06,981,4.738379390947194
1128,0.0004933506843831779,998.4974515800204,7.92500882315087e-06,981,4.933506843831779
1129,0.0004452238101917062,1037.091743119266,8.256427041365013e-06,981,4.452238101917062
1130,0.000552281496236459,1341.1987767584098,1.180228628791165e-05,981,5.52281496236459
1131,0.0005495420272967892,1184.4281345565748,-2.0959618119058007e-05,981,5.495420272967891
1132,0.0005050108819430978,1109.4169215086647,3.751165341100045e-06,981,5.050108819430978
1133,0.0005029380157190128,1057.0275229357799,8.671794553989731e-06,981,5.029380157190127
1134,0.000440468212743932,1039.1743119266055,1.4909775222575938e-05,981,4.404682127439321
1135,0.0004898318097003428,1131.5208970438327,1.8330791494022916e-05,981,4.898318097003428
1136,0.0005063388713335775,1043.5474006116208,1.2088623205273293e-05,981,5.063388713335775
1137,0.0005019594976157239,1020.6350662589194,-4.773587902967212e-06,981,5.019594976157238
1138,0.0005213245804371427,1010.4576962283385,-1.2184860743712717e-05,981,5.213245804371427
1139,0.0004376490578839109,964.1732925586136,1.1512253236514404e-05,981,4.376490578839109
1140,0.0005095259466042656,1062.3394495412845,3.16975746225432e-06,981,5.0952594660426564
1141,0.0005092470678686023,1015.0356778797146,-1.223977086569201e-05,981,5.092470678686023
1142,0.0004975058446161338,1022.1335372069317,-7.551933994387461e-06,981,4.975058446161339
1143,0.00046875693092885144,995.3588175331295,-2.115239055288213e-05,981,4.687569309288515
1144,0.00048099135335680297,974.3853211009174,5.688464798384808e-06,981,4.80991353356803
1145,0.0004934230761854155,1101.2507645259939,2.0120637997901607e-05,981,4.934230761854155
1146,0.0004884983677590414,1011.2415902140673,-6.829098207983332e-07,981,4.884983677590414
1147,0.00045315291000419045,959.2262996941896,7.859227999211506e-06,981,4.5315291000419045
1148,0.0004405005617098757,947.7645259938838,2.3370179114024968e-05,981,4.405005617098757
1149,0.0004240201944253717,886.8939857288481,-2.4982449990236194e-05,981,4.240201944253717
1150,0.00048726489919567306,1067.8899082568807,1.619839148535982e-05,981,4.872648991956731
1151,0.00047568015776535414,990.9571865443426,-4.592400650634993e-06,981,4.756801577653541
1152,0.0004575185686861314,975.3292558613659,3.3752961226063566e-05,981,4.575185686861314
1153,0.0004443219519012613,920.032619775739,1.2254342753691802e-05,981,4.4432195190126125
1154,0.00041844782078012563,907.638124362895,-4.971064091210712e-06,981,4.184478207801257
1155,0.00043406069721775467,985.5647298674821,1.3656915533449611e-05,981,4.340606972177547
1156,0.0004715424553543628,984.0693170234455,-7.616059622798334e-07,981,4.715424553543628
1157,0.0004427695215688271,930.6156982670744,1.2588710541836186e-05,981,4.427695215688271
1158,0.00044504062121557026,903.5973496432212,8.427923484692048e-06,981,4.450406212155703
1159,0.0003895688420624199,894.3343527013252,1.7643770129378004e-05,981,3.8956884206241993
1200,0.0004934786128030768,1209.5208970438327,-5.179068557594687e-05,981,4.934786128030768
1201,0.0005280140862903315,1047.0479102956167,2.01244450210455e-06,981,5.280140862903314
1202,0.000512327247559977,984.5606523955148,-1.6915970222960197e-05,981,5.12327247559977
1203,0.0004799431635412069,924.460754332314,-1.734053460389566e-05,981,4.799431635412069
1204,0.00041513920982591806,875.4352701325179,-1.74671519399792e-05,981,4.151392098259181
1205,0.0005041485600013363,962.3975535168196,-3.7042227223543e-05,981,5.041485600013362
1206,0.00046678258476841794,910.4576962283385,7.110348152609981e-06,981,4.667825847684179
1207,0.0004512569122545066,879.4128440366973,-2.1805638841623794e-06,981,4.512569122545066
1208,0.0004979720183889548,880.2579001019368,-5.262566944321753e-06,981,4.979720183889548
1209,0.00043396963643232934,854.6697247706422,-2.7732652735058426e-05,981,4.339696364323293
1210,0.0004754860028719073,938.3659531090724,1.8757674652643816e-05,981,4.754860028719073
1211,0.00043144906883276103,873.2945973496433,-1.535797733680438e-05,981,4.31449068832761
1212,0.00044312151758463703,850.8124362895005,3.846417361550812e-06,981,4.43121517584637
1213,0.00043825980562248575,818.3394495412844,1.0657735923426736e-05,981,4.382598056224857
1214,0.00039765638224191697,780.9062181447503,1.044781500936888e-05,981,3.9765638224191697
1215,0.0004738630775042973,914.8878695208971,9.81691849967983e-06,981,4.738630775042973
1216,0.0004596049985085377,854.2680937818552,-4.04156161690084e-06,981,4.596049985085377
1217,0.00043603542580391105,811.8022426095821,6.659680976982451e-06,981,4.36035425803911
1218,0.0004233581024403434,807.4179408766564,-6.991873413389831e-07,981,4.233581024403434
1219,0.00041697773445099857,792.8583078491336,1.8116485651822194e-05,981,4.169777344509986
1220,0.00046924953060066007,881.946992864424,-1.3233327518815581e-05,981,4.692495306006601
1221,0.00046159990673728756,867.5168195718654,-1.6445151360153597e-05,981,4.615999067372876
1222,0.0004389873422188993,827.5025484199796,-8.078767237504973e-06,981,4.389873422188994
1223,0.0004346949781072059,806.1732925586136,-8.798592611723626e-06,981,4.346949781072059
1224,0.0004098184460194232,808.34250764526,3.059243406687682e-05,981,4.098184460194232
1225,0.0004546470123614915,857.3302752293578,-7.533804603102167e-06,981,4.546470123614915
1226,0.00039059081562993426,798.6167176350663,8.265404087774902e-06,981,3.9059081562993425
1227,0.00042932454005082196,775.0937818552497,2.8544954990931993e-06,981,4.293245400508219
1228,0.0004015877268079719,785.3384301732925,8.888945985517656e-07,981,4.015877268079719
1229,0.0003808700398003344,752.0744138634047,2.7463287599896807e-05,981,3.808700398003344
1230,0.0004757962350381877,959.6870540265036,-2.2455351484832177e-05,981,4.757962350381877
1231,0.00046723832889239897,892.3853211009174,5.083971130501494e-06,981,4.67238328892399
1232,0.00041037538157278063,827.4984709480123,1.4867098887663278e-05,981,4.103753815727806
1233,0.0004566034134196563,798.1987767584097,7.221637637690581e-06,981,4.5660341341965625
1234,0.00039848411547580617,771.579001019368,1.3827119511692316e-05,981,3.9848411547580618
1235,0.00043494267553597873,831.2640163098879,-5.080377025716498e-07,981,4.349426755359787
1236,0.000440922873992815,793.9418960244649,-9.4283632712156e-06,981,4.40922873992815
1237,0.0004093168373757905,758.361875637105,-8.809930567870563e-06,981,4.093168373757905
1238,0.00040327717130958024,752.7726809378186,4.324101737655615e-06,981,4.032771713095802
1239,0.0003740293130031337,724.9398572884811,3.4307380169287867e-06,981,3.740293130031337
1240,0.0004312853361953743,791.0,-6.629087148054754e-06,981,4.312853361953743
1241,0.00042020783013145107,750.9877675840978,2.267727319706515e-07,981,4.20207830131451
1242,0.00044591106021791405,762.8807339449542,-9.216920428158336e-06,981,4.45911060217914
1243,0.0004098644081002253,733.4923547400612,3.5222262476502426e-06,981,4.098644081002253
1244,0.00039758329241571997,741.1406727828746,1.1466025950682777e-05,981,3.9758329241571997
1245,0.00046933813900461736,845.3312945973496,-9.334751508439675e-06,981,4.693381390046174
1246,0.0004047368618166739,783.0468909276249,-2.3566591498566186e-05,981,4.047368618166739
1247,0.00040387241841963824,767.7054026503567,-2.4608542845151584e-05,981,4.038724184196383
1248,0.0003865948941268769,754.9215086646279,1.006970732028103e-05,981,3.865948941268769
1249,0.00037990046131810423,723.1080530071356,1.0434996744172744e-05,981,3.7990046131810424
1250,0.0004461231383282917,852.4108053007136,3.950555917819128e-06,981,4.461231383282917
1251,0.00041525295907475377,790.6360856269113,-5.246983578893472e-06,981,4.1525295907475375
1252,0.00041310246396028685,766.9317023445464,2.281537569440974e-05,981,4.1310246396028685
1253,0.0004097070955949007,736.9959225280326,-2.1107832255915608e-05,981,4.097070955949007
1254,0.00037057157012431683,713.1936799184506,1.0592243152284753e-05,981,3.7057157012431685
1255,0.00038165404588641515,795.8511722731906,-7.907906462230735e-06,981,3.8165404588641514
1256,0.0003971355279023943,743.8277268093782,1.05176988758659e-05,981,3.971355279023943
1257,0.00042236531571037723,749.6279306829765,1.0239771064476685e-05,981,4.223653157103772
1258,0.0003792568933061863,730.5749235474007,4.686966736592502e-06,981,3.792568933061863
1259,0.0003552015441494458,752.3363914373089,3.728694619595617e-05,981,3.552015441494458
1300,0.0004899751726967289,1000.4215481171548,-4.916166357315787e-05,956,4.899751726967289
1301,0.0005270038454274741,968.8389121338912,-2.3451467599162315e-05,956,5.270038454274741
1302,0.0005180239535385065,1046.6600418410042,1.0098495116626677e-05,956,5.1802395353850645
1303,0.0004472237848972525,869.723849372385,-1.4384337347010174e-05,956,4.472237848972525
1304,0.0004492593298051872,845.1244769874477,-1.2879293961065435e-06,956,4.492593298051872
1305,0.0004550775098926367,893.4581589958159,-6.612961096866881e-06,956,4.550775098926367
1306,0.000492484492360921,882.755230125523,3.848917542413709e-05,956,4.92484492360921
1307,0.000443080024379416,824.4205020920502,1.343269659273154e-05,956,4.4308002437941605
1308,0.0003829138910596646,783.0502092050209,5.561668946714895e-07,956,3.829138910596646
1309,0.00037345232575145936,756.989539748954,6.505933431739366e-06,956,3.7345232575145935
1310,0.0004550188662896961,840.5407949790795,8.262077814832147e-06,956,4.550188662896961
1311,0.00044385944971545694,807.6213389121339,-6.70519519709969e-06,956,4.438594497154569
1312,0.00039445652587651676,758.5303347280335,4.754757172048238e-05,956,3.944565258765168
1313,0.0004042054567261785,736.5899581589958,-7.235173563710959e-06,956,4.042054567261785
1314,0.0003631059661058645,719.8054393305439,2.797052733037359e-06,956,3.6310596610586447
1315,0.00044483443795750665,856.4552160168598,-3.075563914700605e-05,949,4.448344379575066
1316,0.00043109209340529093,795.3814541622761,-6.4320939413489206e-06,949,4.310920934052909
1317,0.0004097581558078429,770.0674394099052,-2.0843418332404006e-05,949,4.097581558078429
1318,0.0004155586174466407,748.3645943097998,-9.463304622795354e-06,949,4.155586174466407
1319,0.00036981036097482196,732.6859852476291,-6.821699814200933e-06,949,3.6981036097482196
1320,0.0004338400291752936,849.8451001053741,-3.4106391801937544e-06,949,4.338400291752936
1321,0.0004498804463442346,819.3477344573236,-1.0729246675927994e-05,949,4.4988044634423465
1322,0.00040077479572632403,778.3572181243414,2.0653066226308214e-05,949,4.00774795726324
1323,0.0004129072371772519,748.2961011591149,-3.326422847056813e-05,949,4.129072371772519
1324,0.0003682146425820468,730.8451001053741,2.222554122477358e-06,949,3.682146425820468
1325,0.00041387935315133405,796.6164383561644,-2.2611168283189492e-07,949,4.138793531513341
1326,0.0004379459378558193,752.1485774499473,1.1876393923061889e-05,949,4.379459378558193
1327,0.00040195861031066643,750.6280295047418,-4.502493199173469e-06,949,4.019586103106664
1328,0.00045261301227496136,751.1443624868282,2.141062317889329e-05,949,4.526130122749613
1329,0.00039279034953651227,740.813487881981,-6.6183022738862615e-06,949,3.927903495365123
1330,0.0005507698028668985,1026.3940990516332,4.6407501163498455e-05,949,5.507698028668985
1331,0.00044468051738727666,865.2202318229715,-5.133679547611057e-06,949,4.446805173872766
1332,0.00045728426674891535,817.5742887249737,-2.285657308790616e-05,949,4.572842667489153
1333,0.0004103633335807726,768.6533192834563,1.9962597408844375e-05,949,4.103633335807726
1334,0.0004047956134502664,732.626975763962,-3.675884870015299e-06,949,4.047956134502664
1335,0.00041781362797677063,834.4899894625922,-8.830308173353427e-06,949,4.178136279767706
1336,0.00042949387621800015,774.8503688092729,-1.3313029551956933e-05,949,4.294938762180002
1337,0.0004190223323498106,746.8577449947313,5.6222211602922796e-06,949,4.190223323498106
1338,0.00042609708145603984,729.9504741833509,2.068993724450935e-05,949,4.260970814560398
1339,0.0003800336338046745,718.7428872497366,2.6936740788954065e-05,949,3.800336338046745
1340,0.0004368055157430902,834.9199157007376,1.9964251139503403e-05,949,4.368055157430902
1341,0.0004248583798197358,779.8946259220232,-4.9919154261690486e-05,949,4.248583798197358
1342,0.0003707694169886143,746.5342465753424,1.0866760115641566e-05,949,3.707694169886143
1343,0.0003874000735051714,718.795574288725,-1.3417033260511072e-05,949,3.874000735051714
1344,0.0003589961705936453,699.4510010537408,4.186548407138205e-06,949,3.589961705936453
1345,0.0004124148039019784,801.8893572181244,-1.005173819157294e-05,949,4.124148039019784
1346,0.0004379315361390793,782.8292939936775,2.860759634122293e-06,949,4.379315361390793
1347,0.0004073753120959876,745.186512118019,-2.3800283242204894e-06,949,4.073753120959876
1348,0.0004023373082114071,738.0021074815595,2.337062625229802e-06,949,4.0233730821140705
1349,0.0004075999896824262,724.2613277133825,1.7467506281465374e-05,949,4.075999896824262
1350,0.0004162156078682788,823.9610115911486,1.8333478277532893e-05,949,4.162156078682788
1351,0.00039954697093686116,765.0158061116965,-8.338754118480009e-06,949,3.995469709368612
1352,0.00036508507275233244,732.2413066385669,2.152916921270174e-06,949,3.6508507275233244
1353,0.0003743152805642137,702.540569020021,1.1751716909851018e-05,949,3.743152805642137
1354,0.00037033967666367043,697.3551106427818,7.058440973186094e-06,949,3.7033967666367045
1355,0.0004259948717037367,776.0642781875658,-1.5063445899786217e-05,949,4.259948717037367
1356,0.0003930964394169807,737.799789251844,-1.2127370091595168e-05,949,3.9309643941698074
1357,0.0004094763163287959,732.3066385669125,1.764640124314076e-05,949,4.094763163287959
1358,0.0003937805684021083,716.9230769230769,-1.8165200529705329e-06,949,3.937805684021083
1359,0.0003302779620689534,695.5932560590095,3.2246250221640536e-05,949,3.3027796206895337
1400,0.0009805444983368291,1313.031612223393,-3.85464516139521e-05,949,9.805444983368291
1401,0.0006757101780705566,1119.3793466807165,2.956198226751178e-06,949,6.757101780705566
1402,0.0006163728392611598,1048.1812434141202,6.03465035880759e-06,949,6.163728392611598
1403,0.0005872964506344548,956.0484720758693,-1.759764663478556e-05,949,5.872964506344548
1404,0.0005094548179586127,921.9673340358272,-1.5181930794274858e-05,949,5.094548179586128
1405,0.0005496844603344048,993.2739726027397,-1.0249132594150321e-05,949,5.496844603344048
1406,0.0005726222952840493,924.5763962065332,-2.4407758417487837e-05,949,5.7262229528404935
1407,0.0005820713038995932,880.6975763962065,2.9897764157887785e-06,949,5.820713038995932
1408,0.0005163946905741859,846.5711275026343,8.903771019524758e-06,949,5.163946905741859
1409,0.0004723944551485232,818.3645943097998,-1.0301242440455076e-05,949,4.723944551485232
1410,0.000478562098038774,904.4236037934668,-1.336813595992856e-05,949,4.7856209803877405
1411,0.0005229603052759658,854.8577449947313,-3.828676015683106e-05,949,5.229603052759658
1412,0.0004785208421577028,847.4299262381454,1.195506122003259e-05,949,4.785208421577028
1413,0.000478831799455844,792.0758693361433,6.318796599201372e-06,949,4.78831799455844
1414,0.0004554453995072664,786.8904109589041,-6.045701511910156e-06,949,4.554453995072664
1415,0.0005115621094875361,956.0990516332982,9.76622224187264e-06,949,5.115621094875362
1416,0.0004652935280511542,868.3477344573236,-1.3532994047300135e-05,949,4.652935280511542
1417,0.0004370389162638054,790.4236037934668,9.852587361071718e-06,949,4.3703891626380535
1418,0.0004606531440196903,794.4446786090622,2.7405408016626707e-05,949,4.606531440196903
1419,0.00039525411110703134,777.2845100105374,8.530898167115826e-06,949,3.9525411110703135
1420,0.0004732143049162518,868.4541622760801,5.496902964264932e-06,949,4.732143049162518
1421,0.00045063496372482823,821.1253951527924,-8.827025934213541e-06,949,4.506349637248283
1422,0.00044142798341817625,793.2897787144362,-1.2277174349070721e-05,949,4.414279834181762
1423,0.0004915883581678894,783.1169652265543,1.4158778384329572e-05,949,4.9158835816788935
1424,0.000410312468828609,757.504741833509,-2.8418187068823516e-06,949,4.10312468828609
1425,0.000462841131425271,838.1127502634351,-1.3503154591490473e-05,949,4.62841131425271
1426,0.0004507330604766784,799.3719704952582,2.2966160271749255e-05,949,4.507330604766784
1427,0.00046091418958675324,800.59114857745,1.619501907751918e-05,949,4.609141895867532
1428,0.00043944004940076704,801.8619599578503,2.4547164588420327e-05,949,4.39440049400767
1429,0.00037990059059168723,767.0,-2.02203938854295e-05,949,3.7990059059168724
1430,0.000552760173179309,1052.231822971549,1.417359830076797e-05,949,5.52760173179309
1431,0.000557904812434217,932.3256059009484,-1.3860799438218945e-05,949,5.579048124342171
1432,0.0005172030770993102,918.3097997892519,-1.7007610225634493e-05,949,5.172030770993102
1433,0.00047770848327092195,876.1886195995785,-1.0082259999337192e-05,949,4.777084832709219
1434,0.0005651404206314883,847.5458377239199,2.7367702993882356e-05,949,5.651404206314883
1435,0.000587902784271921,950.5584826132771,5.071339374109052e-06,949,5.87902784271921
1436,0.000686710145699967,918.6670179135932,-9.328057422586467e-06,949,6.867101456999669
1437,0.0005371999082360162,871.6965226554267,3.978256761648177e-05,949,5.371999082360162
1438,0.0006487305392323166,841.4488935721812,4.3603294490003695e-05,949,6.487305392323166
1439,0.00046367438618021147,810.4267650158062,1.7368568512304775e-05,949,4.636743861802115
1440,0.0005316970791469318,942.7797681770285,8.278654149552944e-06,949,5.316970791469318
1441,0.0005320278139966054,866.5279241306639,1.3191705767709031e-05,949,5.320278139966054
1442,0.0005097326470931814,883.809272918862,-1.609458799765927e-05,949,5.097326470931814
1443,0.0005348405754201648,870.2476290832456,1.4188630945757451e-05,949,5.348405754201648
1444,0.0004786164159637084,814.9230769230769,1.9918483057913234e-05,949,4.786164159637084
1445,0.000526374462393047,949.3951527924131,1.9654865881132303e-05,949,5.263744623930469
1446,0.0004899801888347759,870.1222339304531,1.545555456184137e-05,949,4.899801888347759
1447,0.000511134367450074,825.7903055848261,-3.356649274555497e-05,949,5.1113436745007395
1448,0.000493124853316049,831.982086406744,1.563563841413437e-05,949,4.931248533160489
1449,0.0004655193411285913,810.0084299262381,8.86861810064245e-06,949,4.6551934112859135
1450,0.000515775787140981,935.7829293993677,-2.7749393047989942e-05,949,5.157757871409809
1451,0.0005523332146105277,851.4625922023182,1.2740651462717886e-05,949,5.523332146105277
1452,0.000452358866861235,840.1201264488935,2.173237061534246e-05,949,4.5235886686123505
1453,0.00047100337293279267,793.4130663856691,7.175020141793452e-06,949,4.710033729327927
1454,0.0004277823686046683,793.0263435194942,1.4176551967887076e-05,949,4.277823686046683
1455,0.0004882701276823681,903.1622760800843,3.517756952507215e-05,949,4.882701276823681
1456,0.00045927468528824875,840.3835616438356,1.7329955915821044e-05,949,4.592746852882487
1457,0.0004207268088348827,809.1380400421497,-2.3178500643060436e-06,949,4.207268088348827
1458,0.00040678632804578066,801.0158061116965,3.7077284622775865e-06,949,4.067863280457806
1459,0.00042003303921673755,832.6006322444679,-3.145380317010967e-06,949,4.200330392167375
1500,0.0006331890669490264,1224.9852476290832,3.167033321752438e-05,949,6.331890669490265
1501,0.0005366581012937955,1026.1443624868282,-2.0762251194250634e-05,949,5.366581012937955
1502,0.0005638046372765599,978.1633298208641,9.109443758694645e-06,949,5.638046372765599
1503,0.0005559772424544051,939.8177028451001,-3.281226143228844e-05,949,5.559772424544051
1504,0.0004864922399226477,923.0516332982087,-3.036596466847512e-06,949,4.864922399226477
1505,0.0005084681854399512,979.3814541622761,3.5844724875162543e-06,949,5.084681854399513
1506,0.0005001191227262589,918.6596417281348,-1.5142554249667539e-05,949,5.001191227262589
1507,0.00044892678365169263,878.6828240252897,-2.22647139872442e-05,949,4.489267836516926
1508,0.0004895865939585678,883.200210748156,1.4116885604396312e-05,949,4.895865939585678
1509,0.0004815216629278107,863.0010537407798,4.755977562981453e-06,949,4.8152166292781065
1510,0.0005592754277360223,975.5626975763962,-1.7368360284663813e-06,949,5.592754277360223
1511,0.0004685971315057066,903.3234984193888,-1.41449275885185e-05,949,4.685971315057066
1512,0.00047358622301281467,901.440463645943,8.3153038736777e-06,949,4.735862230128147
1513,0.00043843298365204756,860.9293993677555,-1.1561419597436118e-05,949,4.384329836520475
1514,0.0004410809571950407,859.5384615384615,1.674644448444151e-05,949,4.410809571950407
1515,0.0005203967628016306,1009.972602739726,2.0534906822639915e-05,949,5.203967628016306
1516,0.0005068037070318418,910.663856691254,1.5433326141074758e-05,949,5.068037070318418
1517,0.0004924484535653004,856.4467860906217,-1.5000067127243932e-05,949,4.924484535653003
1518,0.00044844584736297054,857.2581664910432,2.1427774889108605e-05,949,4.484458473629705
1519,0.000427217549004802,826.95468914647,9.012110131887242e-06,949,4.27217549004802
1520,0.0005533959496954223,974.2160168598525,-1.1129655244107438e-05,949,5.533959496954223
1521,0.0004651371623174609,907.3782929399367,-1.4301826671470028e-05,949,4.651371623174609
1522,0.0004292825662911685,880.6617492096944,-6.6898138383652265e-06,949,4.292825662911685
1523,0.0004583877435180189,855.4488935721812,-1.6038323561845658e-06,949,4.583877435180189
1524,0.0004128010679670973,858.4963119072709,2.1179846624998963e-05,949,4.1280106796709735
1525,0.0004579177684360798,929.2486828240253,-1.0712486346549798e-05,949,4.579177684360798
1526,0.0004607501884712097,867.9947312961011,1.4711797356210621e-05,949,4.607501884712097
1527,0.0004711288690250157,843.7850368809272,-8.342925024045439e-06,949,4.711288690250157
1528,0.00044419566665899286,874.4162276080084,5.6190126812779035e-06,949,4.441956666589928
1529,0.00045188391251637023,866.4246575342465,-4.6359098394791875e-06,949,4.518839125163702
1530,0.0005487950947499948,1198.1180189673341,-2.2020378613297438e-05,949,5.4879509474999475
1531,0.00045293526949627454,1026.995785036881,2.4317519757677206e-05,949,4.529352694962745
1532,0.0005540911239814616,1044.763962065332,1.1261019989545581e-05,949,5.5409112398146165
1533,0.0004918275941806723,987.5321390937829,-2.8374588380203025e-05,949,4.918275941806724
1534,0.0004112263778692498,956.8788198103266,2.9490473651085107e-06,949,4.112263778692498
1535,0.00048468281207249123,1059.0442571127503,-4.32667249465986e-05,949,4.846828120724912
1536,0.00048539474240881687,1005.2370916754478,-3.6734636218242454e-06,949,4.853947424088169
1537,0.00049040104741267,960.8946259220232,-1.8705696088021106e-06,949,4.9040104741267
1538,0.0004706038038033233,946.8598524762908,-7.262029769384861e-06,949,4.706038038033233
1539,0.0004030378061868746,928.6195995785037,-1.4213685420862275e-05,949,4.030378061868746
1540,0.0005058754101390353,1081.9357218124342,3.105209848606181e-05,949,5.0587541013903525
1541,0.0004737323577506273,1001.1369863013699,-4.366858397627067e-06,949,4.737323577506273
1542,0.0004662595192838578,1008.491043203372,-1.2175967423661197e-05,949,4.662595192838578
1543,0.00044802983895610377,999.7249736564805,-1.6910764141070172e-05,949,4.480298389561038
1544,0.00047703630409488433,1004.0284510010538,-2.0709742580887868e-05,949,4.770363040948843
1545,0.0005253110576329152,1150.9567966280295,-2.473402250436592e-07,949,5.253110576329153
1546,0.0005447369209880189,1030.22655426765,-8.88718038454021e-06,949,5.447369209880189
1547,0.0004907961279286959,1000.7344573234984,2.2582681152240047e-06,949,4.907961279286959
1548,0.00048532339030619927,991.3624868282402,-1.1796618360426487e-05,949,4.853233903061993
1549,0.00043809586496512817,979.768177028451,-1.741829060599266e-05,949,4.380958649651282
1550,0.0010126260793152243,2377.149631190727,6.089666493054648e-06,949,10.126260793152243
1551,0.0005450488326416049,1499.7397260273972,-5.4050569907626265e-05,949,5.450488326416049
1552,0.0004924983161602937,1405.1485774499474,2.9788248125390833e-05,949,4.9249831616029365
1553,0.00050066727724613,1364.8187565858798,-8.948688821691426e-06,949,5.0066727724613
1554,0.0007205968892211847,2273.1833508956797,-1.6014572471216232e-06,949,7.205968892211848
1555,0.0007420072488852298,2371.0021074815595,5.345937212436627e-06,949,7.420072488852298
1556,0.0004971903748851172,1676.1243414120127,-2.3027485342401104e-05,949,4.971903748851172
1557,0.0004109278905183041,1775.7270811380401,3.5636278676360934e-05,949,4.109278905183041
1558,0.0004054027622205396,2109.2655426765014,3.3283135286107606e-05,949,4.054027622205396
1559,0.0007507258873762529,7559.704952581665,6.346723647480116e-05,949,7.507258873762529
1600,0.0006895214730320661,3189.687038988409,2.727496157084195e-05,949,6.895214730320661
1601,0.0008965604900511454,1432.145416227608,4.5747433833140616e-05,949,8.965604900511455
1602,0.0005350260242854106,964.6438356164383,-4.694351156367074e-05,949,5.350260242854105
1603,0.0004617563656056503,762.6480505795574,-2.0771031064904346e-05,949,4.617563656056503
1604,0.0003901569796036836,686.6902002107481,1.2256654499697827e-05,949,3.9015697960368363
1605,0.0007011269386678846,802.145416227608,1.936397060545027e-06,949,7.011269386678846
1606,0.00040389612267658655,560.2792413066386,3.300774888301942e-06,949,4.038961226765865
1607,0.0003475035364969392,486.186512118019,-1.1289274497988357e-05,949,3.475035364969392
1608,0.00031308170673159875,436.1612223393045,-9.677199934035137e-06,949,3.1308170673159874
1609,0.0002871952370785385,425.00632244467863,-1.0336457142875744e-06,949,2.8719523707853853
1610,0.0003813697281262267,467.8872497365648,-2.766003802381628e-05,949,3.8136972812622667
1611,0.00023831159906837336,338.86301369863014,7.879431871449625e-06,949,2.383115990683734
1612,0.00024538122014482216,337.9820864067439,-3.684446361831929e-07,949,2.4538122014482218
1613,0.00037069110981201325,397.92202318229715,3.6744798126465436e-05,949,3.7069110981201323
1614,0.0002729545913303349,419.52792413066385,-3.7449310287299794e-05,949,2.7295459133033493
1615,0.0003332369455217861,266.92930444697834,1.3865984034954011e-05,877,3.3323694552178607
1616,0.000282229886849069,215.7012542759407,-8.147055798675859e-06,877,2.82229886849069
1617,0.0003195023839024319,176.53021664766248,-4.433440511339303e-06,877,3.1950238390243193
1618,0.0002684934767958611,169.43899657924743,1.541767558449474e-05,877,2.684934767958611
1619,0.00023463972051200303,149.3352337514253,5.7337639387569005e-06,877,2.3463972051200304
1620,0.0004754281273829614,180.00684150513112,6.928144951518977e-07,877,4.754281273829614
1621,0.00034165105084988127,167.61003420752564,-9.490459584599124e-06,877,3.4165105084988125
1622,0.0002624602619203087,150.63854047890536,1.4034625478832066e-05,877,2.624602619203087
1623,0.0002775969732706712,136.69327251995438,4.344001503118458e-06,877,2.775969732706712
1624,0.00024843795573551206,132.42417331813,-3.123539385498167e-06,877,2.4843795573551204
1625,0.00019898378416625983,128.1231470923603,-7.518805378472868e-06,877,1.9898378416625984
1626,0.00021108898689539446,117.79247434435575,1.658519004336655e-05,877,2.1108898689539446
1627,0.00020218661142874084,117.24515393386545,2.0187825975221923e-06,877,2.0218661142874086
1628,0.00024760111538946124,116.55986316989738,3.517740073519203e-06,877,2.4760111538946123
1629,0.00022329663276755886,117.9623717217788,8.646642633974633e-06,877,2.2329663276755887
1630,0.0005545195155439234,191.52897787144363,7.693927506180868e-06,877,5.545195155439234
1631,0.0002617360863459183,139.59747102212856,-8.793093761751e-06,949,2.617360863459183
1632,0.00021055183905171757,115.13382507903056,-2.8947442002803504e-06,949,2.105518390517176
1633,0.00025251767524612926,105.60695468914648,4.984084674823058e-06,949,2.5251767524612925
1634,0.0002630885061877317,107.49841938883034,5.863037928868971e-06,949,2.6308850618773167
1635,0.0002145236909158466,111.01475237091675,5.635217229651929e-06,949,2.145236909158466
1636,0.0001970863433422705,99.33192834562698,7.520877103600147e-06,949,1.970863433422705
1637,0.00019050275772071975,94.41622760800843,-3.4837721281600898e-06,949,1.9050275772071974
1638,0.00019070805928370795,90.15068493150685,9.158311783563119e-06,949,1.9070805928370795
1639,0.0001969226087842218,94.18756585879873,-5.21157611316536e-07,949,1.969226087842218
1640,0.00017679075361247615,102.77871443624868,-1.3125911435416864e-06,949,1.7679075361247616
1641,0.0001631848535585364,92.12750263435196,3.4532107567529944e-06,949,1.631848535585364
1642,0.0001980418510101262,89.44889357218125,-4.35893960697775e-07,949,1.9804185101012621
1643,0.00015387705774992384,88.54689146469968,3.1402773702662594e-06,949,1.5387705774992384
1644,0.000163447916172382,109.21285563751317,1.8980066078314831e-06,949,1.63447916172382
1645,0.0001892533169194672,147.04425711275027,-7.62448053556171e-06,949,1.8925331691946718
1646,0.00016677385245045769,92.69125395152793,-5.031685030459563e-06,949,1.6677385245045768
1647,0.00018138321058504644,80.90832455216017,-3.996850916336127e-06,949,1.8138321058504643
1648,0.00015571879548022472,79.17070600632245,-1.555206826533302e-06,949,1.5571879548022471
1649,0.00019351036531255788,104.35827186512118,7.993960929394788e-06,949,1.9351036531255787
1650,0.0001674757429457152,104.76290832455216,-5.366124805210983e-07,949,1.674757429457152
1651,0.0001799237847220021,79.69968387776606,8.550503442093345e-06,949,1.799237847220021
1652,0.0001515484273870208,76.5395152792413,8.558430573593444e-06,949,1.5154842738702081
1653,0.00015533014713034064,74.33087460484721,5.684968997882465e-06,949,1.5533014713034063
1654,0.00016719999159018817,91.40463645943098,6.760981754523526e-06,949,1.6719999159018817
1655,0.00015574236492220845,105.69968387776606,-9.233070609678814e-06,949,1.5574236492220845
1656,0.00014426567895742495,73.52897787144363,6.701036862508784e-06,949,1.4426567895742495
1657,0.00015905253234014922,79.21074815595364,7.24801888667817e-06,949,1.5905253234014922
1658,0.0001655667342226344,90.16965226554268,3.605701293085555e-06,949,1.655667342226344
1659,0.00017619379296468718,140.4805057955743,1.86826709971648e-06,949,1.7619379296468718
1800,,348.94162436548226,,0,
1801,0.00031751033653905635,173.30837563451777,-5.449898674380551e-06,788,3.1751033653905636
1802,0.0003444925946844907,125.81345177664974,2.0061031617887254e-06,788,3.444925946844907
1803,0.00024282632344981716,105.43964421855146,-2.5334921243138288e-05,787,2.428263234498172
1804,0.0002769652236054246,96.36802030456853,-1.1094683315723788e-05,788,2.769652236054246
1805,0.00025863169294888626,105.78299492385787,1.2173448488415873e-05,788,2.5863169294888624
1806,0.00021668175992557972,97.3972081218274,-5.456356850134456e-06,788,2.166817599255797
1807,0.00022920990627309397,86.38705583756345,6.220395002940494e-06,788,2.29209906273094
1808,0.00021926773872631117,82.26015228426395,1.3393770980636928e-05,788,2.1926773872631116
1809,0.0002238126661315319,78.11040609137056,-1.2320632380134397e-05,788,2.238126661315319
1810,0.0002352130220998531,92.88071065989848,2.9415185356304113e-05,788,2.352130220998531
1811,0.00016694015110280144,74.20558375634518,-1.4117482278741375e-06,788,1.6694015110280145
1812,0.00019657098059257992,70.00508259212198,9.879601142851382e-07,787,1.9657098059257991
1813,0.00018532416039960465,71.13324873096447,5.708008310089147e-06,788,1.8532416039960464
1814,0.0001876966984466698,68.1256345177665,-4.430929435025834e-06,788,1.876966984466698
1815,0.00020320636969202392,75.18654822335026,1.699011028344862e-05,788,2.0320636969202392
1816,0.00018422425536055023,74.8489847715736,-6.759048004319927e-06,788,1.8422425536055023
1817,0.00017151822282681698,67.08756345177665,-1.1769406762626849e-05,788,1.71518222826817
1818,0.00017735755350656795,66.93781725888324,-8.626607695172822e-06,788,1.7735755350656794
1819,0.0001901076166006904,66.41243654822335,-4.5222581423298825e-07,788,1.901076166006904
1820,0.00017920672216672757,75.63071065989848,2.3655576155985337e-05,788,1.7920672216672757
1821,0.00018402037659398204,67.90228426395939,-1.6684368447674262e-07,788,1.8402037659398203
1822,0.00015991566516215152,61.07994923857868,-3.1167345253354974e-06,788,1.5991566516215152
1823,0.00016571168290340722,60.175349428208385,-3.404864397294407e-06,787,1.657116829034072
1824,0.00017532358684810444,59.06218274111675,-1.1750852555535639e-05,788,1.7532358684810445
1825,0.00016135162333962935,63.392131979695435,2.661279533912904e-07,788,1.6135162333962936
1826,0.00015826715979215368,56.69796954314721,1.6588609567277768e-06,788,1.5826715979215369
1827,0.0001787125797614854,57.937579617834395,1.0462529878366562e-05,785,1.787125797614854
1828,0.00016346500363325337,53.48600508905852,-3.497226706201763e-06,786,1.6346500363325338
1829,0.0001813528889045534,58.141041931385004,4.600402160302329e-06,787,1.8135288890455339
1830,0.00020833754670551791,80.63832487309645,2.710532013071739e-05,788,2.083375467055179
1831,0.00018908972271339006,67.90330788804071,-1.1968388312402054e-05,786,1.8908972271339006
1832,0.00016284648886125407,60.66581956797967,-2.6251798802039063e-07,787,1.6284648886125408
1833,0.00018849203476861755,59.45997458703939,-1.3583737568363776e-06,787,1.8849203476861756
1834,0.00014961943780818717,56.31091370558376,-4.256462573073472e-06,788,1.4961943780818716
1835,0.0001597544085012882,61.16624365482234,-1.4547923839308892e-07,788,1.5975440850128821
1836,0.0001708998806379572,55.087786259541986,4.1903653172521774e-07,786,1.7089988063795718
1837,0.00015771379097155117,54.50888324873097,-6.2977649726495265e-06,788,1.5771379097155116
1838,0.00016401310465066762,54.130710659898476,3.2268365396973524e-07,788,1.6401310465066763
1839,0.00015613059974038052,52.64167725540025,-4.443217989972141e-06,787,1.5613059974038053
1840,0.00014870227660688333,52.33121827411168,6.279865823452312e-06,788,1.4870227660688333
1841,0.00015673030020718273,51.673443456162644,-6.254264932726445e-06,787,1.5673030020718273
1842,0.0001508398538439361,49.94543147208122,1.0878518076762942e-06,788,1.508398538439361
1843,0.00015518673517883185,50.11689961880559,-6.3758452124062905e-06,787,1.5518673517883186
1844,0.0001607419235360051,48.93511450381679,2.6239822978738166e-07,786,1.607419235360051
1845,0.00017010128242161667,58.06988564167725,2.970782817503175e-06,787,1.7010128242161666
1846,0.00014766597092888162,49.99491740787802,-4.905090865590205e-06,787,1.4766597092888163
1847,0.00014815137784446366,48.51207115628971,-1.142263386253724e-06,787,1.4815137784446366
1848,0.00013863566750344723,45.664968152866244,5.542996743170231e-07,785,1.3863566750344722
1849,0.00013062268210945063,45.43638676844784,-1.4527514643499544e-05,786,1.3062268210945063
1850,0.0001607487058225876,52.61675126903553,3.7895021948690417e-07,787,1.607487058225876
1851,0.00014081832010373417,48.68025477707006,-3.1964879916528214e-07,785,1.4081832010373418
1852,0.00014286737186594114,45.90989847715736,-2.406077534339555e-06,788,1.4286737186594114
1853,0.00013877655661596105,46.21119592875318,8.131107856743748e-06,786,1.3877655661596104
1854,0.0001402813349410629,46.522236340533674,5.799072084773665e-06,787,1.402813349410629
1855,0.00014958151490852264,46.477763659466326,-3.1173926537760824e-06,786,1.4958151490852265
1856,0.00014930618398905485,46.61372299872935,5.19634862168325e-06,787,1.4930618398905484
1857,0.00017532220582012028,44.904701397712834,6.678724375820771e-06,787,1.7532220582012028
1858,0.00013843828519806577,47.0089058524173,7.186080295556597e-06,786,1.3843828519806578
1859,0.0001269832130236389,43.82802547770701,2.4895717551012247e-06,785,1.269832130236389
1900,0.00019837780141385153,105.47208121827411,3.4166643274746666e-05,788,1.9837780141385153
1901,0.000189654472227874,75.70431472081218,-2.372289942583428e-05,788,1.89654472227874
1902,0.00018322795954115598,68.81448538754765,4.296240656046966e-06,787,1.8322795954115598
1903,0.0001831177401095566,66.38881829733164,-4.64219437208647e-06,787,1.831177401095566
1904,0.00016418509837938026,64.25888324873097,5.801543867218469e-06,788,1.6418509837938027
1905,0.00017714548892878548,68.09808917197452,5.416511774162382e-06,785,1.7714548892878548
1906,0.00022604817263669461,67.04447268106735,9.412830289364766e-07,787,2.260481726366946
1907,0.00017020764384117958,59.49555273189326,-1.3902929143401341e-05,787,1.702076438411796
1908,0.00017500818032926082,61.42258883248731,-2.588465048922029e-06,788,1.7500818032926082
1909,0.00016430922831103473,60.08248730964467,-4.481436825762593e-06,788,1.6430922831103472
1910,0.0001762577999168506,62.24238578680203,1.8130861753406663e-06,788,1.762577999168506
1911,0.00015080925208767415,57.01016518424397,-5.408877132929875e-06,787,1.5080925208767415
1912,0.00014855437033977896,56.48984771573604,-2.680790450044362e-07,788,1.4855437033977896
1913,0.00016803273897684758,55.32106598984772,-1.5720422690058873e-05,788,1.6803273897684758
1914,0.00016955381520533563,54.35196950444727,6.873993597321881e-06,787,1.6955381520533563
1915,0.00017988812729597103,73.06345177664974,-3.4996312888290347e-06,788,1.7988812729597103
1916,0.00017253633765938124,66.69035532994924,-9.139895656241586e-06,788,1.7253633765938123
1917,0.0001535491245385738,59.815989847715734,1.945743248398624e-06,788,1.535491245385738
1918,0.00015680716255054233,56.98346055979644,-3.822153560831936e-06,786,1.5680716255054232
1919,0.00015566277069737727,58.56797966963151,-1.6434240858657401e-06,787,1.5566277069737726
1920,0.0001664272176551844,60.832274459974585,-3.0460232843466918e-06,787,1.664272176551844
1921,0.00014442822323517304,60.029262086513995,4.740691655911901e-06,786,1.4442822323517304
1922,0.00016407645146238682,58.16370558375635,-3.919303562210902e-06,788,1.6407645146238683
1923,0.00016382897420360047,56.016497461928935,-6.459951161002584e-07,788,1.6382897420360047
1924,0.00015493577899957584,54.94020356234097,4.3413631307857056e-06,786,1.5493577899957585
1925,0.00016280052204247224,55.749682337992375,3.4251203931122554e-06,787,1.6280052204247224
1926,0.00015544600739805965,54.92474489795919,-3.4562465226051746e-06,783,1.5544600739805965
1927,0.00015298079797650021,52.54129606099111,-4.213121621994682e-06,787,1.5298079797650022
1928,0.0001458540048118512,52.51903553299493,4.876917468708414e-06,788,1.458540048118512
1929,0.0001570063188664507,56.42693773824651,-1.1751129724553404e-05,787,1.570063188664507
1930,0.00020374468916436144,82.715374841169,7.815409142449233e-06,787,2.037446891643614
1931,0.00019700423410881878,69.69543147208122,-5.762506300049789e-06,788,1.9700423410881878
1932,0.0001647225405435516,62.16899618805591,6.428771762303239e-06,787,1.647225405435516
1933,0.0001617284612492106,59.08386277001271,8.2625975707105e-06,787,1.617284612492106
1934,0.00014977776010982203,56.20101781170484,-9.578724596563037e-06,786,1.4977776010982204
1935,0.0001639792603813055,59.20812182741117,1.8643012876023512e-06,788,1.6397926038130548
1936,0.00024703053128792037,59.83481575603558,-4.566019628771997e-06,787,2.4703053128792036
1937,0.00016903192244563573,60.06615776081425,-1.8949968034222697e-06,786,1.6903192244563574
1938,0.00015228615845031346,53.7735368956743,-4.754631668507661e-06,786,1.5228615845031346
1939,0.00018488845713069912,57.363405336721726,-9.65314472092963e-06,787,1.8488845713069912
1940,0.0001762491212925362,59.818527918781726,-1.3335450059049073e-07,788,1.762491212925362
1941,0.00016261400522197,56.35532994923858,-6.953893243004559e-07,788,1.6261400522196998
1942,0.00015814433340436863,59.32741116751269,3.376822823466947e-06,788,1.5814433340436862
1943,0.0001402144944832528,53.50825921219822,-2.3938230021384967e-06,787,1.4021449448325278
1944,0.00014018670147419792,51.46827411167513,4.034831625259262e-06,788,1.4018670147419792
1945,0.00019050987359139793,73.69923857868021,8.945429608611145e-06,788,1.9050987359139793
1946,0.0001525457253097298,68.14866581956798,7.430634196780221e-06,787,1.525457253097298
1947,0.00015515888791257926,61.65989847715736,2.512861768895304e-06,788,1.5515888791257926
1948,0.00015610560808754218,62.33672172808132,5.6984714694979684e-06,787,1.5610560808754217
1949,0.00017489961292130709,58.06345177664975,4.2509610634950604e-07,788,1.748996129213071
1950,0.00017076345072426273,66.50253807106598,3.6836879927893144e-07,788,1.7076345072426273
1951,0.00016628160444995743,68.24492385786802,-3.5792414396796152e-06,788,1.6628160444995743
1952,0.00015727335442198236,65.55583756345177,-1.7790679625863245e-06,788,1.5727335442198236
1953,0.0001656514070854044,62.58015267175573,-1.1936087159330567e-05,786,1.656514070854044
1954,0.00015419458599493928,60.870393900889454,-4.891029098845547e-06,787,1.5419458599493927
1955,0.000199758812534845,67.32655654383736,-6.930670295739788e-07,787,1.9975881253484502
1956,0.00014286831578658334,62.87801778907243,7.2645878538328e-06,786,1.4286831578658334
1957,0.00015384113255951476,61.016497461928935,8.412625435895064e-06,788,1.5384113255951477
1958,0.00013868584728361232,64.16751269035532,5.297187153875298e-06,788,1.3868584728361233
1959,0.00020706861751213456,75.91740787801778,6.7692630644246875e-06,787,2.0706861751213457
2000,0.0003158587060608723,167.40050697084916,-1.1552350959964258e-05,788,3.1585870606087227
2001,0.000284142884548768,127.0,-3.1239051029212726e-05,789,2.84142884548768
2002,0.00025005945083796696,106.2256020278834,-1.3031179210330554e-06,789,2.5005945083796695
2003,0.00024833775637019185,100.29024081115335,3.219205949047159e-06,789,2.4833775637019184
2004,0.00024992169133795244,91.86311787072243,-3.314532334399489e-06,789,2.4992169133795246
2005,0.00025674175345363797,99.62103929024082,5.068288414861831e-06,789,2.56741753453638
2006,0.00023878269827723995,98.93029150823827,4.055444011767495e-06,789,2.3878269827723995
2007,0.00023706992638420499,93.34600760456274,-4.566993593146743e-06,789,2.3706992638420497
2008,0.00022431818013021547,90.76932826362484,1.6101756089061332e-05,789,2.2431818013021547
2009,0.00022319027859060212,88.90874524714829,1.7549400691812672e-07,789,2.2319027859060214
2010,0.00023775508329562021,98.0774111675127,-1.4001207298780037e-05,788,2.377550832956202
2011,0.0002089228783440198,90.00253485424588,1.3253558519768107e-05,789,2.089228783440198
2012,0.00023729769407964464,87.70595690747783,-2.7351642836535154e-06,789,2.3729769407964465
2013,0.00018835326413387289,79.88466413181241,-1.8428371122098894e-06,789,1.8835326413387288
2014,0.0002237971479710856,82.56527249683143,8.634296724183146e-06,789,2.237971479710856
2015,0.00029552643702309003,130.04055766793408,1.0553176237920575e-06,789,2.9552643702309003
2016,0.00025861711143988493,103.47528517110266,3.8143591335160097e-06,789,2.5861711143988493
2017,0.00023996536152276295,89.75411913814956,-2.4013011995523387e-06,789,2.3996536152276295
2018,0.00022172246744543435,85.38403041825094,3.0569974034875857e-06,789,2.2172246744543433
2019,0.0001784527709921493,80.2982233502538,2.8083399518429854e-06,788,1.7845277099214931
2020,0.0002014241506897985,87.85424588086185,-3.1153823963324767e-07,789,2.014241506897985
2021,0.0001968084098990311,83.36802030456853,9.693050801751822e-06,788,1.9680840989903108
2022,0.00020795588872100525,79.07097591888467,-8.65831794481215e-07,789,2.0795588872100526
2023,0.00022071321969133705,76.41571609632446,2.1836379185016344e-06,789,2.2071321969133706
2024,0.00018541773181983645,72.87705956907477,-8.340606617327562e-07,789,1.8541773181983645
2025,0.0002007731437894061,78.48984771573605,2.3116653614031046e-05,788,2.0077314378940607
2026,0.0001795843614293316,73.29531051964511,4.852812255543406e-06,789,1.795843614293316
2027,0.00019654892273144193,69.85044359949303,-7.509042777939797e-06,789,1.9654892273144193
2028,0.0001835160304721747,66.91761723700887,9.556362723339242e-06,789,1.8351603047217468
2029,0.00017116514743949852,67.14195183776933,3.6222477514841487e-06,789,1.7116514743949853
2030,0.00022598301757673498,102.1484771573604,1.1913044657932907e-05,788,2.25983017576735
2031,0.0002449878678329529,91.83650190114068,1.8748927217024387e-06,789,2.449878678329529
2032,0.000244865351468804,85.46894803548795,-1.0011291960866648e-05,789,2.4486535146880404
2033,0.0002289011813389806,87.77313054499366,1.6864538246077733e-06,789,2.289011813389806
2034,0.00020559042867627453,80.44613434727503,7.032610417477697e-06,789,2.0559042867627455
2035,0.0002150156221282508,85.21419518377694,-3.873989005627182e-06,789,2.1501562212825083
2036,0.0002056800843959621,81.75031685678074,7.738388784579859e-06,789,2.0568008439596213
2037,0.0002126151239500036,82.93662864385298,3.5370674999812554e-06,789,2.126151239500036
2038,0.0002053317140403413,78.25982256020279,-1.554012701170483e-05,789,2.0533171404034127
2039,0.00020398844601235509,79.03929024081116,-5.549569984011535e-06,789,2.039884460123551
2040,0.0002048585318235218,83.41825095057034,-9.461321705865514e-06,789,2.0485853182352183
2041,0.00019601578011663905,76.28263624841571,-8.228567310832727e-06,789,1.9601578011663905
2042,0.00020032606916746081,79.05196451204056,-1.1134892066972915e-05,789,2.0032606916746083
2043,0.00020192302659923669,74.34854245880862,-1.9231253050925931e-07,789,2.0192302659923667
2044,0.00019729146919002398,71.77820025348542,7.412903424472446e-06,789,1.9729146919002398
2045,0.00023162539444182315,95.30164765525983,-1.1000398125349465e-06,789,2.3162539444182313
2046,0.00021508310506041268,85.3510773130545,5.218447531606032e-06,789,2.150831050604127
2047,0.000203804073195579,79.94416243654823,-2.4338996673859297e-06,788,2.03804073195579
2048,0.00019272136734838833,75.40557667934094,9.987186860149864e-07,789,1.9272136734838834
2049,0.00019161480968029018,74.06210392902408,-3.0221887375973405e-06,789,1.9161480968029019
2050,0.00023408997319250435,86.56653992395437,-8.043095099897434e-07,789,2.3408997319250435
2051,0.00019063510149845022,79.41571609632446,8.873123541187283e-06,789,1.9063510149845022
2052,0.0001820233865960921,73.05196451204056,4.925277901856729e-07,789,1.820233865960921
2053,0.00017167023801798004,69.82509505703422,-3.230293096582946e-06,789,1.7167023801798005
2054,0.00018752023536826955,71.30291508238277,-5.140084078506176e-06,789,1.8752023536826954
2055,0.0002045378005896101,78.25475285171103,1.5911381613002975e-06,789,2.045378005896101
2056,0.00019781745861793392,76.97084917617236,3.175140808371259e-06,789,1.9781745861793392
2057,0.00018832983291578806,75.70722433460077,5.340283253230752e-06,789,1.8832983291578806
2058,0.00018665260194232963,68.191381495564,1.065964052477049e-06,789,1.8665260194232962
2059,0.00015559259110625238,64.1444866920152,5.390842241540619e-06,789,1.5559259110625236
2100,0.0002512970875334934,104.19518377693282,-1.3697228799938601e-05,789,2.512970875334934
2101,0.00022121817117283,87.75158428390368,-6.348103973335138e-06,789,2.2121817117283
2102,0.00019866233224875702,82.09252217997465,2.9481680960279554e-06,789,1.9866233224875702
2103,0.00018567777715863858,71.22940430925222,1.4033829403839695e-06,789,1.8567777715863858
2104,0.00018111066421637144,71.45373891001267,7.285999856731442e-07,789,1.8111066421637145
2105,0.00019791577963388746,77.64385297845374,9.354406106614261e-08,789,1.9791577963388745
2106,0.000211754044886426,77.21419518377694,-1.4932370639602902e-05,789,2.11754044886426
2107,0.0001961794126889244,76.30038022813689,4.257145829294821e-06,789,1.961794126889244
2108,0.00018634261753604624,72.23574144486692,8.890532749797409e-06,789,1.8634261753604624
2109,0.00018436638490709206,74.26996197718631,-7.488803415093933e-06,789,1.8436638490709205
2110,0.00018673816824323446,78.93527918781726,2.7598240171102773e-06,788,1.8673816824323446
2111,0.00018005677790782276,72.25602027883397,-7.37340315143661e-06,789,1.8005677790782277
2112,0.00017614964317017468,71.8491761723701,2.584023476006687e-06,789,1.7614964317017467
2113,0.00019088504850458052,70.36501901140684,-2.8040836263043377e-06,789,1.9088504850458052
2114,0.000163673442997667,67.65779467680608,6.978920292305015e-06,789,1.6367344299766702
2115,0.00028123858490070334,108.90494296577947,7.967548193284395e-06,789,2.8123858490070335
2116,0.00020741837989101354,92.4638783269962,2.8543901880506774e-07,789,2.0741837989101355
2117,0.00019646557746823872,79.35994930291508,2.470918654901074e-06,789,1.9646557746823872
2118,0.00017917123343818203,77.20912547528518,8.415715787633467e-06,789,1.7917123343818202
2119,0.00018759650329368028,72.07477820025349,5.963216817682213e-06,789,1.8759650329368027
2120,0.00019287877499409074,79.16856780735108,-1.712282271382443e-06,789,1.9287877499409074
2121,0.00018508714852446154,76.82636248415716,-1.7448535620499264e-05,789,1.8508714852446153
2122,0.0001929583579989,74.40937896070976,-6.996881777321413e-06,789,1.929583579989
2123,0.0001918862892709549,72.8745247148289,2.4050205468947735e-06,789,1.918862892709549
2124,0.00017788176955098716,72.28390367553865,-6.96996780583902e-06,789,1.7788176955098716
2125,0.00020819741638455953,80.58375634517766,-9.84709205106919e-07,788,2.0819741638455955
2126,0.00021489142404276551,73.78960709759188,-4.649937455446533e-06,789,2.148914240427655
2127,0.00019991060470242022,72.7753807106599,9.38658547996412e-07,788,1.9991060470242021
2128,0.00018531104529019988,67.1751269035533,-7.840392464807203e-07,788,1.8531104529019988
2129,0.00017156081115924062,69.53992395437263,2.8514683680834634e-06,789,1.7156081115924062
2130,0.00026194017148678555,117.70595690747783,-1.8837153756559696e-05,789,2.6194017148678554
2131,0.00020937809559707502,97.77566539923954,2.8971163412381654e-06,789,2.0937809559707503
2132,0.000209589323033095,89.34347275031686,1.7850919925212337e-05,789,2.09589323033095
2133,0.00021128387695417333,85.98223350253807,-8.23915421060775e-06,788,2.1128387695417334
2134,0.00019936238666935985,85.29911280101395,-2.590869439455825e-06,789,1.9936238666935986
2135,0.0001944650615436728,88.44866920152091,-7.31616944653995e-06,789,1.944650615436728
2136,0.00022418005390714753,87.22179974651458,3.1873685803514e-06,789,2.2418005390714755
2137,0.00019629731542765083,85.92775665399239,8.197037310865944e-06,789,1.9629731542765083
2138,0.00022276994032213553,85.13941698352345,9.922527983320048e-06,789,2.2276994032213553
2139,0.00023405866836686897,84.40557667934094,1.3672327854558588e-06,789,2.3405866836686897
2140,0.0002625142058356015,94.72116603295311,-7.347365962002393e-06,789,2.625142058356015
2141,0.0001959520238327867,85.44416243654823,-1.5447844866684865e-06,788,1.9595202383278671
2142,0.00019571186920502986,82.75411913814956,7.947022827641814e-07,789,1.9571186920502985
2143,0.0001986255921654273,81.84790874524715,-7.596210176799648e-06,789,1.986255921654273
2144,0.00018741500539694693,78.2065906210393,2.9614779982037148e-06,789,1.8741500539694693
2145,0.00021122681773968503,92.38022813688212,8.443878380143864e-06,789,2.1122681773968504
2146,0.00018186258796034757,80.2017766497462,4.250024478677463e-06,788,1.8186258796034755
2147,0.00019180692367467257,78.79187817258884,8.018983777487496e-06,788,1.9180692367467256
2148,0.0001978218464238945,79.07984790874525,1.0930741941434396e-05,789,1.978218464238945
2149,0.0001900860751195309,77.01394169835234,-9.33711265392159e-06,789,1.900860751195309
2150,0.00019611961763635945,82.82002534854246,1.3371748579166984e-05,789,1.9611961763635946
2151,0.0001920131695429536,76.65272496831432,-3.034184715909712e-06,789,1.920131695429536
2152,0.00020123534400549308,72.27122940430925,3.5167586663139567e-06,789,2.0123534400549308
2153,0.00018555508883896777,71.4638783269962,3.770953670962124e-07,789,1.8555508883896776
2154,0.0001896172318025131,70.10519645120405,9.700450871494873e-07,789,1.896172318025131
2155,0.00016961802768703164,71.63117870722434,-1.7512852941930556e-06,789,1.6961802768703165
2156,0.00017818169778084528,69.85931558935361,-3.1845484750721184e-06,789,1.7818169778084527
2157,0.00018642111803699878,75.01776649746193,-2.829975514695832e-06,788,1.8642111803699877
2158,0.00019151542457678563,71.42712294043092,3.6606554425018855e-06,789,1.9151542457678563
2159,0.00015429879055475873,66.00126742712294,1.5853632407703494e-07,789,1.5429879055475872
2200,0.00020628057036645422,99.90747782002535,1.4900902978071899e-05,789,2.062805703664542
2201,0.0001924364174356542,80.63498098859316,-3.7493398184478607e-06,789,1.924364174356542
2202,0.00020258038674552507,78.04816223067174,2.82586684448078e-06,789,2.0258038674552505
2203,0.00018514236447850986,73.25602027883397,-6.165469459785183e-06,789,1.8514236447850985
2204,0.00019926932013175218,68.94169835234474,-9.906068441861204e-06,789,1.9926932013175218
2205,0.00016747375606475135,74.61977186311788,-7.975514508691197e-07,789,1.6747375606475134
2206,0.0001824464847237013,73.15736040609137,-9.966441544971202e-06,788,1.8244648472370129
2207,0.00021654925139708857,69.4448669201521,-1.6452015670845828e-06,789,2.165492513970886
2208,0.00019784839116577697,68.93282636248416,-1.0936387052247784e-05,789,1.9784839116577697
2209,0.00018603654432177506,66.70215462610899,-6.839149507407158e-06,789,1.8603654432177505
2210,0.00018202252086330678,75.41444866920152,-4.972239097977092e-07,789,1.8202252086330677
2211,0.0001715245433809862,68.32953105196451,-7.986618313962589e-06,789,1.715245433809862
2212,0.00019779234272288278,71.23954372623574,5.153849680360463e-06,789,1.9779234272288277
2213,0.00018913789393510327,67.55259822560203,-1.1209703384088178e-05,789,1.8913789393510327
2214,0.00017495002710032147,67.9340937896071,3.7618342874543854e-06,789,1.7495002710032146
2215,0.00018228485513146388,69.83269961977186,9.43207142627628e-08,789,1.8228485513146389
2216,0.00017190488757500678,64.8808618504436,2.3709437109454933e-06,789,1.7190488757500677
2217,0.00016227176127003924,60.82256020278834,1.5064617991018302e-05,789,1.6227176127003924
2218,0.00018581030067405882,62.48542458808618,5.603796184380842e-06,789,1.8581030067405881
2219,0.0001713846032235503,63.45685279187817,4.501501174681522e-06,788,1.7138460322355031
2220,0.00017694113579586244,68.2065906210393,-1.217675368230484e-06,789,1.7694113579586244
2221,0.00017137905439279754,65.57360406091371,9.036319575568263e-06,788,1.7137905439279755
2222,0.00019688412958951773,68.08491761723701,6.901560627417265e-07,789,1.9688412958951773
2223,0.0001705625251635265,63.78833967046895,6.203810359925345e-06,789,1.7056252516352648
2224,0.00020004859061020355,61.63451776649746,-9.269000148457519e-06,788,2.0004859061020355
2225,0.00016805107846381523,67.18377693282636,1.155126085524391e-05,789,1.6805107846381524
2226,0.00016170225789713112,61.629911280101396,2.9923458777446957e-07,789,1.617022578971311
2227,0.0001636058187569545,58.10519645120406,-2.1508931242040986e-06,789,1.636058187569545
2228,0.00015921506697103298,58.2192648922687,2.704454177913881e-06,789,1.5921506697103298
2229,0.00015594495892033583,59.480304955527316,1.7210550073891452e-06,787,1.5594495892033584
2230,0.00019897709764431863,76.62484157160964,1.3169391050023404e-05,789,1.9897709764431863
2231,0.00020283951411034844,67.28426395939087,-1.2439318427107879e-05,788,2.028395141103484
2232,0.00017422997213874163,66.50761421319797,-1.8033235173557655e-06,788,1.7422997213874163
2233,0.00018178022482380615,65.20532319391636,-2.6175214795868312e-06,788,1.8178022482380616
2234,0.00016634632943875752,59.536121673003805,-6.873985938765683e-06,789,1.6634632943875751
2235,0.00017723767697304477,65.93916349809886,-4.065094844444654e-07,789,1.7723767697304478
2236,0.00017363915459570696,62.367553865652724,-4.6578329851743704e-06,789,1.7363915459570696
2237,0.0001770961349989409,63.191381495564,5.332894536845371e-06,789,1.7709613499894092
2238,0.0001729771230677897,57.91888466413181,-6.616525159821264e-07,789,1.729771230677897
2239,0.00016247028053672542,57.94169835234474,-7.477337341947921e-07,789,1.6247028053672543
2240,0.00016355013889746644,62.746192893401016,-5.718127011165278e-06,788,1.6355013889746643
2241,0.00021461381934405167,61.1850443599493,-1.0864623683117495e-05,789,2.1461381934405166
2242,0.00017417091977773653,59.556400506970846,-1.939025374089837e-06,789,1.7417091977773653
2243,0.000177432305667247,57.234771573604064,1.1591487651733174e-05,788,1.7743230566724701
2244,0.00017582225812905902,55.72496831432193,-1.804795751326947e-06,789,1.7582225812905903
2245,0.00018410099966752728,68.27376425855513,1.665034100366803e-05,789,1.8410099966752729
2246,0.00016507665571048372,61.627376425855516,4.388667938369458e-06,789,1.650766557104837
2247,0.000155658987294037,57.065989847715734,-5.0629826368093245e-06,788,1.55658987294037
2248,0.00015618170283107052,56.23730964467005,7.062340902542949e-06,788,1.5618170283107053
2249,0.00016644887292524302,56.95685279187817,-7.411336069904876e-06,788,1.6644887292524302
2250,0.000147690161067497,57.740177439797215,1.293738757273817e-05,789,1.47690161067497
2251,0.00016391682734087418,57.14575411913815,-5.697762596106149e-06,789,1.6391682734087418
2252,0.0001632021651098551,56.53172588832487,-6.416753430218166e-06,788,1.632021651098551
2253,0.00014357409272903435,52.90494296577947,-8.856554202828519e-06,789,1.4357409272903434
2254,0.00014984466917034343,54.3041825095057,4.7209186793373864e-06,789,1.4984466917034343
2255,0.0001765788756861233,57.68527918781726,-4.299856619336147e-06,788,1.765788756861233
2256,0.00016109567175234975,56.49555273189326,-1.2174067962594518e-06,787,1.6109567175234976
2257,0.00014955742464887737,53.97842639593909,4.8933550507022105e-06,788,1.4955742464887738
2258,0.0001691150927315853,53.44274809160305,-3.126515851222252e-06,785,1.6911509273158531
2259,0.0001499034801328572,56.69123252858958,7.783671851812096e-06,787,1.499034801328572
2300,0.00022144451425558335,75.43599493029151,3.890695881084625e-05,789,2.2144451425558334
2301,0.00018031218344234328,65.50316856780735,2.7818491543620947e-06,789,1.8031218344234328
2302,0.0001634443735279691,59.02408111533587,-6.702859068921156e-06,789,1.634443735279691
2303,0.0001483334122350572,53.93916349809886,-2.083559326022407e-06,789,1.483334122350572
2304,0.00015667196086440618,52.77636594663278,-5.9403410573805455e-06,787,1.5667196086440618
2305,0.00016566719021239137,56.542458808618505,-3.876257038923067e-06,789,1.6566719021239136
2306,0.0001592833206544086,57.10392902408112,1.993035483752065e-06,789,1.592833206544086
2307,0.0001515778830887433,56.77030456852792,-6.4752526947279505e-06,788,1.515778830887433
2308,0.00016531525232550272,54.52091254752852,-2.87877243679006e-07,789,1.6531525232550273
2309,0.000154168016470434,52.4574332909784,6.0639785616428035e-06,787,1.54168016470434
2310,0.00015360079285778007,56.289707750952985,-8.454375632380526e-06,787,1.5360079285778008
2311,0.00016098405767767178,55.0,5.700817737138577e-06,789,1.6098405767767179
2312,0.0001543884523700321,55.348542458808616,2.6206252582668652e-06,789,1.543884523700321
2313,0.00014602949525195446,50.360864040660736,1.005067938166773e-05,787,1.4602949525195446
2314,0.00014115435034440995,52.97842639593909,-2.2187643057748694e-06,788,1.4115435034440995
2315,0.00015278406740784148,58.51964512040558,2.712073498735527e-06,789,1.5278406740784147
2316,0.00016030659066614003,54.32741116751269,-1.7762173436666172e-06,788,1.6030659066614004
2317,0.00013544221202831068,48.506345177664976,-8.796714967544702e-06,788,1.3544221202831068
2318,0.0001441956698084565,49.55979643765903,-8.291237558800558e-06,786,1.441956698084565
2319,0.00018400552615597732,54.27756653992395,6.415005905364358e-06,789,1.8400552615597732
2320,0.00015407340250400844,56.86675126903553,2.5990753158476633e-06,788,1.5407340250400843
2321,0.00013846777525522278,49.134347275031686,2.6762179623400567e-06,789,1.3846777525522278
2322,0.0001377939806676769,50.456273764258555,9.286873489943225e-07,789,1.377939806676769
2323,0.00016216596741901824,49.759188846641315,9.019954794780965e-06,789,1.6216596741901825
2324,0.0001560023410936044,51.21192893401015,1.2377911218210833e-05,788,1.560023410936044
2325,0.0001401206125451077,52.18250950570342,4.748018763956229e-06,789,1.4012061254510768
2326,0.00014798188726718208,51.66497461928934,-9.1686586605538e-06,788,1.4798188726718209
2327,0.0001554011142279662,47.129277566539926,1.057732871433993e-05,789,1.5540111422796619
2328,0.00012521416597282043,49.28263624841571,1.1749967892981358e-05,789,1.2521416597282042
2329,0.00013649540168045345,46.27791878172589,9.228557378618316e-06,788,1.3649540168045344
2330,0.00017311171406023492,65.1787072243346,1.2467100526923309e-05,789,1.7311171406023491
2331,0.0001711171563056694,57.292249047013975,-6.659259491579001e-06,787,1.711171563056694
2332,0.00016074230082144343,54.494923857868024,9.406551969876194e-06,788,1.6074230082144343
2333,0.00014163380580493556,50.203045685279186,-5.129208437219763e-06,788,1.4163380580493556
2334,0.00014762507889609365,49.28390367553865,-9.35358232757267e-06,788,1.4762507889609364
2335,0.00015174898921322262,50.60456273764259,-1.3448190945216241e-06,789,1.5174898921322262
2336,0.0001589779875191777,55.06091370558376,-2.3164122116578773e-06,788,1.589779875191777
2337,0.000170969012136395,52.763959390862944,-1.2171725603093592e-05,788,1.7096901213639502
2338,0.00013524296284005223,45.98605830164765,1.8950322098373508e-06,789,1.3524296284005222
2339,0.00013593043787656208,48.32953105196451,-4.82988570616229e-06,789,1.359304378765621
2340,0.00016880701707222236,55.01267427122941,-7.767498632088538e-06,789,1.6880701707222237
2341,0.00014488290623106126,50.41444866920152,-3.907975962526758e-06,789,1.4488290623106126
2342,0.00015625977488037976,49.23067173637516,5.015505671127409e-06,789,1.5625977488037976
2343,0.00014730730316217096,46.448669201520914,-6.777363818417361e-06,789,1.4730730316217095
2344,0.00014311908435233023,46.35868187579214,1.3103697928154729e-05,789,1.4311908435233023
2345,0.00015266659410866293,57.52477763659466,7.974792576676212e-06,787,1.5266659410866292
2346,0.00014435313346236681,48.541191381495565,-3.118462459835977e-06,789,1.4435313346236682
2347,0.00014311353328095832,47.867852604828464,-6.215099521739231e-06,787,1.4311353328095833
2348,0.00013841935050455139,46.964467005076145,5.705277258823582e-06,788,1.3841935050455139
2349,0.00012933274669454112,44.14467005076142,-4.372075750933816e-06,788,1.2933274669454111
2350,0.00014370665231208714,47.057106598984774,3.5556782151799936e-06,788,1.4370665231208715
2351,0.00013938239915499187,44.61040609137056,-1.2824681110063274e-06,788,1.3938239915499187
2352,0.00012634455235630687,42.24746192893401,3.4988577728524393e-06,788,1.2634455235630688
2353,0.00013343490919180294,42.19391634980989,1.9249593585019487e-06,789,1.3343490919180294
2354,0.00012659284969372418,44.361216730038024,-2.4757034050428673e-06,789,1.2659284969372417
2355,0.00012870773421480287,45.58958068614994,-4.839598856263839e-06,787,1.2870773421480288
2356,0.00012521412743379557,43.99364675984752,6.599272447584445e-06,787,1.2521412743379556
2357,0.00013563598025243995,42.40937896070976,8.278288023030782e-06,789,1.3563598025243995
2358,0.0001243600319985721,43.49301143583227,-4.03357763961149e-06,787,1.2436003199857208
2359,0.00013965419533462124,42.63694267515923,1.576265257494191e-05,785,1.3965419533462125
